date,feature_set,L,protocol,RV_target,RV_pred
2014-01-07,extended,252,static,0.9929978,0.68041027
2014-01-08,extended,252,static,0.55982196,0.7647684
2014-01-09,extended,252,static,0.7221481,0.70446295
2014-01-10,extended,252,static,0.8308182,0.7113708
2014-01-14,extended,252,static,1.1166403,0.94629
2014-01-15,extended,252,static,0.7597656,0.7290479
2014-01-16,extended,252,static,0.7385079,0.78838724
2014-01-17,extended,252,static,0.9924829,0.6723503
2014-01-20,extended,252,static,0.6351576,0.72907597
2014-01-21,extended,252,static,0.68236524,0.65289736
2014-01-22,extended,252,static,0.90556103,0.73518026
2014-01-23,extended,252,static,0.8677156,0.9109534
2014-01-24,extended,252,static,0.9876176,0.83505946
2014-01-27,extended,252,static,1.0500518,0.9143663
2014-01-28,extended,252,static,0.8367259,0.766945
2014-01-29,extended,252,static,0.7737801,0.83616596
2014-01-30,extended,252,static,1.2759646,1.0409002
2014-01-31,extended,252,static,1.1827918,1.2312956
2014-02-03,extended,252,static,1.1922182,1.0443335
2014-02-04,extended,252,static,1.6071959,1.4595208
2014-02-05,extended,252,static,1.2378954,1.235764
2014-02-06,extended,252,static,0.9547833,0.96432114
2014-02-07,extended,252,static,0.73973215,0.7785572
2014-02-10,extended,252,static,0.70442957,0.7431494
2014-02-12,extended,252,static,0.6793457,0.6148946
2014-02-13,extended,252,static,0.7595481,1.0008171
2014-02-14,extended,252,static,1.5592761,1.2127032
2014-02-17,extended,252,static,1.0413496,0.93472975
2014-02-18,extended,252,static,1.4758527,1.2252045
2014-02-19,extended,252,static,0.79908484,0.77755016
2014-02-20,extended,252,static,1.1217945,1.1266717
2014-02-21,extended,252,static,0.84724355,1.0403243
2014-02-24,extended,252,static,1.188368,0.9989995
2014-02-25,extended,252,static,0.70223475,0.751626
2014-02-26,extended,252,static,0.8268716,0.7458307
2014-02-27,extended,252,static,0.8597349,0.7255511
2014-02-28,extended,252,static,1.0540922,0.8320507
2014-03-03,extended,252,static,1.2059813,0.9353433
2014-03-04,extended,252,static,0.7824622,0.88306355
2014-03-05,extended,252,static,0.69540536,0.6048418
2014-03-06,extended,252,static,0.9321518,0.97083294
2014-03-07,extended,252,static,0.70667803,0.7179065
2014-03-10,extended,252,static,0.83244985,0.71124816
2014-03-11,extended,252,static,0.8417272,0.60582983
2014-03-12,extended,252,static,0.77094215,0.79152465
2014-03-13,extended,252,static,0.83867455,0.6929692
2014-03-14,extended,252,static,1.1113584,1.0581677
2014-03-17,extended,252,static,1.1761091,0.8254389
2014-03-18,extended,252,static,0.88540554,0.78839445
2014-03-19,extended,252,static,1.3912756,1.0810311
2014-03-25,extended,252,static,0.9714549,0.89092374
2014-03-26,extended,252,static,0.96506923,0.7757702
2014-03-27,extended,252,static,1.3056054,1.2125121
2014-03-28,extended,252,static,0.89101136,0.8823357
2014-03-31,extended,252,static,0.69621205,0.6626265
2014-04-01,extended,252,static,0.7554367,0.5947236
2014-04-02,extended,252,static,0.8529638,0.6634209
2014-04-03,extended,252,static,0.7055742,0.7187422
2014-04-04,extended,252,static,0.5401592,0.56338525
2014-04-07,extended,252,static,0.6578506,0.6538195
2014-04-08,extended,252,static,0.9137992,0.6641168
2014-04-09,extended,252,static,1.009909,0.92145526
2014-04-10,extended,252,static,0.8897711,0.97862875
2014-04-11,extended,252,static,1.0655437,0.973192
2014-04-14,extended,252,static,0.8920437,0.77468234
2014-04-15,extended,252,static,0.7417469,0.7105323
2014-04-16,extended,252,static,0.9056222,0.9384406
2014-04-17,extended,252,static,0.95001894,0.65802157
2014-04-18,extended,252,static,0.5880501,0.60744596
2014-04-21,extended,252,static,0.68551946,0.60778666
2014-04-22,extended,252,static,0.6050715,0.8015438
2014-04-23,extended,252,static,0.6681907,0.5106362
2014-04-24,extended,252,static,0.7531964,0.72471154
2014-04-25,extended,252,static,0.8171542,0.7936472
2014-04-28,extended,252,static,0.5202675,0.59736145
2014-04-30,extended,252,static,0.7706513,0.5979072
2014-05-01,extended,252,static,0.84712476,0.62721384
2014-05-02,extended,252,static,0.44685054,0.531538
2014-05-07,extended,252,static,0.68703073,0.89415395
2014-05-08,extended,252,static,0.6638346,0.65153813
2014-05-09,extended,252,static,0.8249565,0.6788584
2014-05-12,extended,252,static,0.64987975,0.58472705
2014-05-13,extended,252,static,0.5705969,0.5103802
2014-05-14,extended,252,static,0.44689208,0.4791953
2014-05-15,extended,252,static,0.64376944,0.52907974
2014-05-16,extended,252,static,0.5206161,0.55988085
2014-05-19,extended,252,static,0.6803092,0.59328777
2014-05-20,extended,252,static,0.55800164,0.5421384
2014-05-21,extended,252,static,0.6375392,0.5511171
2014-05-22,extended,252,static,0.6842453,0.71053535
2014-05-23,extended,252,static,0.44052288,0.51947033
2014-05-26,extended,252,static,0.37913492,0.4106267
2014-05-27,extended,252,static,0.6434642,0.5116999
2014-05-28,extended,252,static,0.6203026,0.51168835
2014-05-29,extended,252,static,0.61157197,0.52838176
2014-05-30,extended,252,static,0.6328049,0.55496246
2014-06-02,extended,252,static,0.6377771,0.6099274
2014-06-03,extended,252,static,0.46424276,0.4294389
2014-06-04,extended,252,static,0.62038946,0.44777477
2014-06-05,extended,252,static,0.42855427,0.5023998
2014-06-06,extended,252,static,0.48644966,0.4512717
2014-06-09,extended,252,static,0.39111125,0.4299311
2014-06-10,extended,252,static,0.62941206,0.67061734
2014-06-11,extended,252,static,0.38836092,0.45860398
2014-06-12,extended,252,static,0.55599385,0.5014783
2014-06-13,extended,252,static,0.6853583,0.81787646
2014-06-16,extended,252,static,0.6171051,0.6936282
2014-06-17,extended,252,static,0.5108878,0.43585587
2014-06-18,extended,252,static,0.5292312,0.51828945
2014-06-19,extended,252,static,0.715569,0.7161179
2014-06-20,extended,252,static,0.6328794,0.5040364
2014-06-23,extended,252,static,0.54107994,0.4817757
2014-06-24,extended,252,static,0.6010311,0.52324224
2014-06-25,extended,252,static,0.4700113,0.4649826
2014-06-26,extended,252,static,0.3968126,0.4517882
2014-06-27,extended,252,static,0.84021884,0.8521803
2014-06-30,extended,252,static,0.57549506,0.5317936
2014-07-01,extended,252,static,0.8379273,0.72409856
2014-07-02,extended,252,static,0.3906125,0.4857861
2014-07-03,extended,252,static,0.42104033,0.4637722
2014-07-04,extended,252,static,0.33971897,0.39317602
2014-07-07,extended,252,static,0.37034258,0.4070751
2014-07-08,extended,252,static,0.61948246,0.50169706
2014-07-09,extended,252,static,0.5096815,0.4742097
2014-07-10,extended,252,static,0.40454504,0.4749078
2014-07-11,extended,252,static,0.53335774,0.4338119
2014-07-14,extended,252,static,0.44155797,0.504436
2014-07-15,extended,252,static,0.4875106,0.3975216
2014-07-16,extended,252,static,0.34048226,0.38597852
2014-07-17,extended,252,static,0.37393007,0.40766418
2014-07-18,extended,252,static,0.5535996,0.44186446
2014-07-22,extended,252,static,0.40292332,0.4141964
2014-07-23,extended,252,static,0.30114886,0.37245098
2014-07-24,extended,252,static,0.52046865,0.46022987
2014-07-25,extended,252,static,0.3752552,0.41389632
2014-07-28,extended,252,static,0.49145386,0.40077114
2014-07-29,extended,252,static,0.36667457,0.35285598
2014-07-30,extended,252,static,0.41785625,0.35521084
2014-07-31,extended,252,static,0.49558058,0.44616097
2014-08-01,extended,252,static,0.4799793,0.44800454
2014-08-04,extended,252,static,0.44888687,0.40672392
2014-08-05,extended,252,static,0.5403825,0.5536686
2014-08-06,extended,252,static,0.6847517,0.5620601
2014-08-07,extended,252,static,0.8375794,0.61775255
2014-08-08,extended,252,static,1.195581,1.1249963
2014-08-11,extended,252,static,0.67873245,0.78327596
2014-08-12,extended,252,static,0.50416714,0.49122083
2014-08-13,extended,252,static,0.59598273,0.49813658
2014-08-14,extended,252,static,0.41829088,0.42814797
2014-08-15,extended,252,static,0.30149516,0.38519946
2014-08-18,extended,252,static,0.42790744,0.3377405
2014-08-19,extended,252,static,0.3051219,0.34507793
2014-08-20,extended,252,static,0.30348796,0.3214908
2014-08-21,extended,252,static,0.38702157,0.34724987
2014-08-22,extended,252,static,0.31535682,0.3969481
2014-08-25,extended,252,static,0.38037792,0.31504428
2014-08-26,extended,252,static,0.31082103,0.35396266
2014-08-27,extended,252,static,0.458984,0.3682897
2014-08-28,extended,252,static,0.38679838,0.3694388
2014-08-29,extended,252,static,0.39064065,0.37266213
2014-09-01,extended,252,static,0.22931044,0.33641255
2014-09-02,extended,252,static,0.5366238,0.50111294
2014-09-03,extended,252,static,0.46095583,0.39829472
2014-09-04,extended,252,static,0.40266037,0.35306615
2014-09-05,extended,252,static,0.47743714,0.45062563
2014-09-08,extended,252,static,0.3796941,0.3517064
2014-09-09,extended,252,static,0.34021303,0.33312082
2014-09-10,extended,252,static,0.39407885,0.39775038
2014-09-11,extended,252,static,0.40020424,0.33531457
2014-09-12,extended,252,static,0.5142043,0.367189
2014-09-16,extended,252,static,0.3597271,0.34358296
2014-09-17,extended,252,static,0.35162345,0.32913715
2014-09-18,extended,252,static,0.36179757,0.35415727
2014-09-19,extended,252,static,0.5172682,0.48305547
2014-09-22,extended,252,static,0.35834184,0.4206458
2014-09-24,extended,252,static,0.5036601,0.36660433
2014-09-25,extended,252,static,0.3381999,0.33828062
2014-09-26,extended,252,static,0.57338595,0.48849887
2014-09-29,extended,252,static,0.4584803,0.36737558
2014-09-30,extended,252,static,0.5464531,0.52756935
2014-10-01,extended,252,static,0.64316356,0.502336
2014-10-02,extended,252,static,0.76328415,0.94646823
2014-10-03,extended,252,static,1.0020511,0.5963957
2014-10-06,extended,252,static,0.55427086,0.6445304
2014-10-07,extended,252,static,0.61257577,0.5790133
2014-10-08,extended,252,static,0.58714724,0.5778328
2014-10-09,extended,252,static,0.91856515,0.8210753
2014-10-10,extended,252,static,0.74708724,0.6808613
2014-10-14,extended,252,static,0.7626068,0.8301869
2014-10-15,extended,252,static,0.99067354,0.6761278
2014-10-16,extended,252,static,0.98506254,0.8063524
2014-10-17,extended,252,static,1.0517386,1.0600172
2014-10-20,extended,252,static,0.9073313,0.9891502
2014-10-21,extended,252,static,1.0882068,1.1416115
2014-10-22,extended,252,static,0.79123354,0.81854564
2014-10-23,extended,252,static,0.7146961,0.7078325
2014-10-24,extended,252,static,0.7260992,0.6587547
2014-10-27,extended,252,static,0.48718125,0.51365054
2014-10-28,extended,252,static,0.46595663,0.5033149
2014-10-29,extended,252,static,0.6780776,0.6394864
2014-10-30,extended,252,static,0.4152505,0.5135182
2014-10-31,extended,252,static,2.19771,1.6629751
2014-11-04,extended,252,static,1.9115504,1.2442515
2014-11-05,extended,252,static,1.0005338,0.9896416
2014-11-06,extended,252,static,1.248813,1.0218928
2014-11-07,extended,252,static,0.5483654,0.69336087
2014-11-10,extended,252,static,0.5790799,0.6061156
2014-11-11,extended,252,static,0.6575284,0.87682056
2014-11-12,extended,252,static,1.0307268,0.8042726
2014-11-13,extended,252,static,0.88764495,0.9079982
2014-11-14,extended,252,static,0.9472582,0.7720409
2014-11-17,extended,252,static,1.0509596,1.3964449
2014-11-18,extended,252,static,0.6759118,0.71330804
2014-11-19,extended,252,static,0.7302673,0.6723465
2014-11-20,extended,252,static,0.56303227,0.598304
2014-11-21,extended,252,static,0.9204502,0.80990523
2014-11-25,extended,252,static,0.50027895,0.55846226
2014-11-26,extended,252,static,0.3856903,0.48296812
2014-11-27,extended,252,static,0.50433457,0.5423054
2014-11-28,extended,252,static,0.5068785,0.54359275
2014-12-01,extended,252,static,0.6539518,0.54288656
2014-12-02,extended,252,static,0.51602525,0.6431417
2014-12-03,extended,252,static,0.6252871,0.5474123
2014-12-04,extended,252,static,0.5004117,0.4780247
2014-12-05,extended,252,static,0.42895722,0.54350126
2014-12-08,extended,252,static,0.69132453,0.5216042
2014-12-09,extended,252,static,0.47860804,0.50019777
2014-12-10,extended,252,static,0.98193306,1.0651504
2014-12-11,extended,252,static,0.926974,0.8695428
2014-12-12,extended,252,static,0.8396664,0.80149174
2014-12-15,extended,252,static,0.9241034,0.9316234
2014-12-16,extended,252,static,0.640895,0.90123177
2014-12-17,extended,252,static,0.8817685,0.7818408
2014-12-18,extended,252,static,0.65928036,0.6274784
2014-12-19,extended,252,static,0.5467008,0.5899225
2014-12-22,extended,252,static,0.54934204,0.49549198
2014-12-24,extended,252,static,0.3262927,0.46092817
2014-12-25,extended,252,static,0.29669535,0.3716077
2014-12-26,extended,252,static,0.31702593,0.36145392
2014-12-29,extended,252,static,0.988299,0.84283197
2014-12-30,extended,252,static,0.67278767,0.8736422
2015-01-05,extended,252,static,1.0581647,0.8715835
2015-01-06,extended,252,static,0.8368668,0.93719214
2015-01-07,extended,252,static,0.79040897,0.6736467
2015-01-08,extended,252,static,0.6772492,0.7414967
2015-01-09,extended,252,static,0.748735,0.74523187
2015-01-13,extended,252,static,0.9260557,0.8014896
2015-01-14,extended,252,static,0.8942583,0.91249967
2015-01-15,extended,252,static,0.918971,0.8401195
2015-01-16,extended,252,static,1.0484915,0.94400805
2015-01-19,extended,252,static,0.7981591,0.6778635
2015-01-20,extended,252,static,0.7273282,0.8674635
2015-01-21,extended,252,static,0.6536433,0.59071994
2015-01-22,extended,252,static,0.6781052,0.54034394
2015-01-23,extended,252,static,0.42885068,0.48375383
2015-01-26,extended,252,static,0.58360314,0.5764008
2015-01-27,extended,252,static,0.5117294,0.48508158
2015-01-28,extended,252,static,0.56040734,0.6653744
2015-01-29,extended,252,static,0.64788276,0.64977396
2015-01-30,extended,252,static,0.60407484,0.52187353
2015-02-02,extended,252,static,0.6687342,0.5728423
2015-02-03,extended,252,static,0.8945028,0.97918975
2015-02-04,extended,252,static,0.7012464,0.69020885
2015-02-05,extended,252,static,0.75102514,0.55127835
2015-02-06,extended,252,static,0.47369716,0.5036531
2015-02-09,extended,252,static,0.5304527,0.4988524
2015-02-10,extended,252,static,0.45380566,0.49120608
2015-02-12,extended,252,static,0.50001955,0.45800853
2015-02-13,extended,252,static,0.5767446,0.42642057
2015-02-16,extended,252,static,0.49525174,0.4191767
2015-02-17,extended,252,static,0.41838494,0.43257377
2015-02-18,extended,252,static,0.31954432,0.4207838
2015-02-19,extended,252,static,0.372081,0.3652161
2015-02-20,extended,252,static,0.36497542,0.33934027
2015-02-23,extended,252,static,0.38877428,0.3747297
2015-02-24,extended,252,static,0.43328205,0.42783287
2015-02-25,extended,252,static,0.4532299,0.36104202
2015-02-26,extended,252,static,0.49888864,0.5292436
2015-02-27,extended,252,static,0.52715445,0.4482544
2015-03-02,extended,252,static,0.4335555,0.46190792
2015-03-03,extended,252,static,0.55336016,0.47925466
2015-03-04,extended,252,static,0.5255971,0.47350925
2015-03-05,extended,252,static,0.4201809,0.43680787
2015-03-06,extended,252,static,0.5053212,0.48913607
2015-03-09,extended,252,static,0.551227,0.50067437
2015-03-10,extended,252,static,0.77416724,0.86232805
2015-03-11,extended,252,static,0.60120213,0.67241323
2015-03-12,extended,252,static,0.7062233,0.6324682
2015-03-13,extended,252,static,0.64537174,0.7830822
2015-03-16,extended,252,static,0.5888771,0.46613157
2015-03-17,extended,252,static,0.31845242,0.4395435
2015-03-18,extended,252,static,0.49470147,0.4639683
2015-03-19,extended,252,static,0.83982056,0.6229218
2015-03-20,extended,252,static,0.40309644,0.5240936
2015-03-23,extended,252,static,0.49912554,0.47173974
2015-03-24,extended,252,static,0.50451314,0.42004737
2015-03-25,extended,252,static,0.60764873,0.5667343
2015-03-26,extended,252,static,0.73930085,0.66160655
2015-03-27,extended,252,static,1.2476948,1.0735285
2015-03-30,extended,252,static,0.79197466,0.7638376
2015-03-31,extended,252,static,0.8709823,0.9635524
2015-04-01,extended,252,static,1.2389112,0.8289594
2015-04-02,extended,252,static,0.8624422,0.9231257
2015-04-03,extended,252,static,0.68748456,0.622447
2015-04-06,extended,252,static,0.7400669,0.60483825
2015-04-07,extended,252,static,0.60862374,0.5540807
2015-04-08,extended,252,static,0.5820112,0.5615733
2015-04-09,extended,252,static,0.43787917,0.5009717
2015-04-10,extended,252,static,0.62531537,0.5025945
2015-04-13,extended,252,static,0.62615526,0.4958836
2015-04-14,extended,252,static,0.4100186,0.45877174
2015-04-15,extended,252,static,0.37868944,0.39428973
2015-04-16,extended,252,static,0.4510071,0.4681421
2015-04-17,extended,252,static,0.7775562,0.5778058
2015-04-20,extended,252,static,0.6633403,0.7261976
2015-04-21,extended,252,static,0.48352942,0.6181293
2015-04-22,extended,252,static,0.51101625,0.49207047
2015-04-23,extended,252,static,0.35762784,0.4728567
2015-04-24,extended,252,static,0.47648883,0.47725838
2015-04-27,extended,252,static,0.63045996,0.47278693
2015-04-28,extended,252,static,0.41817966,0.43282002
2015-04-30,extended,252,static,0.89850855,0.94304
2015-05-01,extended,252,static,0.7258315,0.59214324
2015-05-07,extended,252,static,0.79485816,0.6607877
2015-05-08,extended,252,static,0.48748258,0.5762005
2015-05-11,extended,252,static,0.40586707,0.43328878
2015-05-12,extended,252,static,0.45552722,0.4604947
2015-05-13,extended,252,static,0.6834728,0.67003417
2015-05-14,extended,252,static,0.55556977,0.5515981
2015-05-15,extended,252,static,0.54012537,0.43425697
2015-05-18,extended,252,static,0.39015886,0.46735296
2015-05-19,extended,252,static,0.41756612,0.42697042
2015-05-20,extended,252,static,0.47765216,0.3986536
2015-05-21,extended,252,static,0.5032436,0.45186514
2015-05-22,extended,252,static,0.52883387,0.48040122
2015-05-25,extended,252,static,0.29894543,0.39805675
2015-05-26,extended,252,static,0.38567203,0.3545863
2015-05-27,extended,252,static,0.39377263,0.4181392
2015-05-28,extended,252,static,0.49497613,0.5042924
2015-05-29,extended,252,static,0.59256136,0.4204429
2015-06-01,extended,252,static,0.42241454,0.4850713
2015-06-02,extended,252,static,0.45926872,0.44417807
2015-06-03,extended,252,static,0.43745446,0.43232796
2015-06-04,extended,252,static,0.3522972,0.43736222
2015-06-05,extended,252,static,0.42145154,0.40186676
2015-06-08,extended,252,static,0.53755033,0.4760297
2015-06-09,extended,252,static,0.45220372,0.6471016
2015-06-10,extended,252,static,0.91094947,0.60972
2015-06-11,extended,252,static,0.624376,0.6264879
2015-06-12,extended,252,static,0.5033268,0.46360177
2015-06-15,extended,252,static,0.52865654,0.52230364
2015-06-16,extended,252,static,0.61885947,0.48287848
2015-06-17,extended,252,static,0.5089756,0.5614574
2015-06-18,extended,252,static,0.640445,0.6030334
2015-06-19,extended,252,static,0.53801465,0.47339725
2015-06-22,extended,252,static,0.6066666,0.6309833
2015-06-23,extended,252,static,0.58190143,0.6398513
2015-06-24,extended,252,static,0.49102572,0.41760254
2015-06-25,extended,252,static,0.3753845,0.43691787
2015-06-26,extended,252,static,0.5097278,0.44709954
2015-06-29,extended,252,static,0.972158,0.8069053
2015-06-30,extended,252,static,0.6717302,0.6166058
2015-07-01,extended,252,static,0.4418116,0.5070156
2015-07-02,extended,252,static,0.44445065,0.45932308
2015-07-03,extended,252,static,0.33597615,0.47445682
2015-07-06,extended,252,static,0.77378774,0.78885096
2015-07-07,extended,252,static,0.44051495,0.49156126
2015-07-08,extended,252,static,1.2377485,1.4163477
2015-07-09,extended,252,static,1.5454913,1.4393274
2015-07-10,extended,252,static,1.0695367,0.8881338
2015-07-13,extended,252,static,0.72223955,0.72062546
2015-07-14,extended,252,static,0.59193826,0.5251189
2015-07-15,extended,252,static,0.4642224,0.4920194
2015-07-16,extended,252,static,0.37814215,0.46572977
2015-07-17,extended,252,static,0.26528454,0.3908455
2015-07-21,extended,252,static,0.33021235,0.43937925
2015-07-22,extended,252,static,0.41083354,0.43727204
2015-07-23,extended,252,static,0.2849535,0.38360426
2015-07-24,extended,252,static,0.39053702,0.40768272
2015-07-27,extended,252,static,0.79140973,0.5501528
2015-07-28,extended,252,static,1.1183492,0.81060964
2015-07-29,extended,252,static,0.71525544,0.6495406
2015-07-30,extended,252,static,0.45749187,0.53323156
2015-07-31,extended,252,static,0.36149645,0.48920003
2015-08-03,extended,252,static,0.49720716,0.49038664
2015-08-04,extended,252,static,0.43941158,0.43556508
2015-08-05,extended,252,static,0.55280465,0.56595707
2015-08-06,extended,252,static,0.3892119,0.47492903
2015-08-07,extended,252,static,0.6038485,0.5153105
2015-08-10,extended,252,static,0.42110485,0.545542
2015-08-11,extended,252,static,0.92282,0.77803856
2015-08-12,extended,252,static,1.0630121,0.9997441
2015-08-13,extended,252,static,0.79066426,0.82893574
2015-08-14,extended,252,static,0.57319975,0.53099346
2015-08-17,extended,252,static,0.46934605,0.48974204
2015-08-18,extended,252,static,0.41419494,0.48091358
2015-08-19,extended,252,static,0.7090916,0.7999984
2015-08-20,extended,252,static,0.8051279,0.6690956
2015-08-21,extended,252,static,1.003589,1.0976614
2015-08-24,extended,252,static,1.9622864,2.2024167
2015-08-25,extended,252,static,3.6375158,2.8990686
2015-08-26,extended,252,static,2.1537983,1.9986577
2015-08-27,extended,252,static,1.343263,1.3420581
2015-08-28,extended,252,static,1.1837245,1.0885866
2015-08-31,extended,252,static,1.2183108,1.0057696
2015-09-01,extended,252,static,1.3787259,1.902949
2015-09-02,extended,252,static,2.5988379,1.5462022
2015-09-03,extended,252,static,1.2364727,1.1919546
2015-09-04,extended,252,static,1.9289902,1.833247
2015-09-07,extended,252,static,2.2886379,1.5065991
2015-09-08,extended,252,static,1.4039917,1.7701544
2015-09-09,extended,252,static,2.0893931,2.2506084
2015-09-10,extended,252,static,2.208182,1.6606859
2015-09-11,extended,252,static,1.2127571,1.1429335
2015-09-14,extended,252,static,1.2906139,1.3340677
2015-09-15,extended,252,static,1.5159482,1.108129
2015-09-16,extended,252,static,0.9210177,0.9672664
2015-09-17,extended,252,static,0.8303214,0.8091384
2015-09-18,extended,252,static,1.0018258,0.9574527
2015-09-24,extended,252,static,0.8564891,1.2268628
2015-09-25,extended,252,static,1.4530584,1.0624344
2015-09-28,extended,252,static,1.4043388,1.1569235
2015-09-29,extended,252,static,1.3320951,1.8024628
2015-09-30,extended,252,static,1.0513971,1.083249
2015-10-01,extended,252,static,1.3138632,1.1758615
2015-10-02,extended,252,static,0.9131217,0.9203202
2015-10-05,extended,252,static,0.89331156,0.79250365
2015-10-06,extended,252,static,0.9813219,0.8892306
2015-10-07,extended,252,static,1.1719656,0.9535067
2015-10-08,extended,252,static,0.9694315,0.9341856
2015-10-09,extended,252,static,0.8293682,0.8319651
2015-10-13,extended,252,static,0.6571258,0.68220526
2015-10-14,extended,252,static,1.066236,0.9938576
2015-10-15,extended,252,static,1.1353077,1.0605333
2015-10-16,extended,252,static,0.81121343,0.7075621
2015-10-19,extended,252,static,1.2732085,0.8200308
2015-10-20,extended,252,static,0.41949713,0.6203288
2015-10-21,extended,252,static,0.8440475,0.99126667
2015-10-22,extended,252,static,0.69988835,0.71456987
2015-10-23,extended,252,static,0.69817334,0.6777136
2015-10-26,extended,252,static,0.49373117,0.62507534
2015-10-27,extended,252,static,0.61924964,0.62002134
2015-10-28,extended,252,static,0.63116956,0.5262914
2015-10-29,extended,252,static,0.6804277,0.7462544
2015-10-30,extended,252,static,1.2854456,0.9331894
2015-11-02,extended,252,static,0.776822,0.8694316
2015-11-04,extended,252,static,0.73631155,0.6882683
2015-11-05,extended,252,static,0.56539214,0.6095014
2015-11-06,extended,252,static,0.45689276,0.55705607
2015-11-09,extended,252,static,0.63489103,0.73839974
2015-11-10,extended,252,static,0.6183456,0.6153849
2015-11-11,extended,252,static,0.58249396,0.5407124
2015-11-12,extended,252,static,0.48512185,0.51537085
2015-11-13,extended,252,static,0.6875196,0.630179
2015-11-16,extended,252,static,0.56040066,0.65956575
2015-11-17,extended,252,static,0.4681071,0.52403826
2015-11-18,extended,252,static,0.4827002,0.550347
2015-11-19,extended,252,static,0.74029607,0.56580794
2015-11-20,extended,252,static,0.62474984,0.5701405
2015-11-24,extended,252,static,0.38200238,0.46582836
2015-11-25,extended,252,static,0.45989025,0.42248183
2015-11-26,extended,252,static,0.3689866,0.42748752
2015-11-27,extended,252,static,0.460528,0.5069347
2015-11-30,extended,252,static,0.6064503,0.51633763
2015-12-01,extended,252,static,0.5101132,0.55843544
2015-12-02,extended,252,static,0.3484324,0.44658688
2015-12-03,extended,252,static,0.41625497,0.44784352
2015-12-04,extended,252,static,0.5892067,0.69866234
2015-12-07,extended,252,static,0.44532096,0.52797204
2015-12-08,extended,252,static,0.69298536,0.7525572
2015-12-09,extended,252,static,0.6842573,0.68737006
2015-12-10,extended,252,static,0.6658723,0.56944305
2015-12-11,extended,252,static,0.7242001,0.73571956
2015-12-14,extended,252,static,0.993687,0.9523426
2015-12-15,extended,252,static,0.7940594,1.0267019
2015-12-16,extended,252,static,0.59898436,0.63249177
2015-12-17,extended,252,static,0.79549044,0.59696245
2015-12-18,extended,252,static,3.4821787,1.7161927
2015-12-21,extended,252,static,1.1900942,1.1606354
2015-12-22,extended,252,static,0.5909654,0.6557278
2015-12-24,extended,252,static,0.6499901,0.87319195
2015-12-25,extended,252,static,0.5625556,0.6529999
2015-12-28,extended,252,static,0.58563834,0.64883006
2015-12-29,extended,252,static,0.5353645,0.632363
2015-12-30,extended,252,static,0.42151105,0.497398
2016-01-04,extended,252,static,1.0663047,1.3644378
2016-01-05,extended,252,static,1.1846498,0.7946483
2016-01-06,extended,252,static,1.300674,1.0962706
2016-01-07,extended,252,static,1.2326709,1.316237
2016-01-08,extended,252,static,1.5419734,1.2920017
2016-01-12,extended,252,static,1.2476014,1.4495716
2016-01-13,extended,252,static,0.9683815,1.0378778
2016-01-14,extended,252,static,1.8102406,1.4833356
2016-01-15,extended,252,static,1.3014102,1.4518486
2016-01-18,extended,252,static,1.6967285,1.2218534
2016-01-19,extended,252,static,1.508437,1.0704021
2016-01-20,extended,252,static,1.5436816,2.040856
2016-01-21,extended,252,static,2.3287778,2.004856
2016-01-22,extended,252,static,1.9137981,1.8160702
2016-01-25,extended,252,static,1.435103,1.1613867
2016-01-26,extended,252,static,1.0102757,1.1156589
2016-01-27,extended,252,static,1.4395558,1.073525
2016-01-28,extended,252,static,1.1068257,1.1000375
2016-01-29,extended,252,static,3.8436038,1.8906989
2016-02-01,extended,252,static,0.8997224,1.2681664
2016-02-02,extended,252,static,0.8825297,0.90781444
2016-02-03,extended,252,static,1.4886774,1.555685
2016-02-04,extended,252,static,1.562095,1.1155771
2016-02-05,extended,252,static,1.3179773,1.1761779
2016-02-08,extended,252,static,1.3071802,1.4395107
2016-02-09,extended,252,static,2.0663784,2.3076177
2016-02-10,extended,252,static,1.9661418,2.189061
2016-02-12,extended,252,static,3.2982578,2.3353002
2016-02-15,extended,252,static,2.27796,2.4412746
2016-02-16,extended,252,static,1.8272877,1.6472178
2016-02-17,extended,252,static,2.137631,1.7368658
2016-02-18,extended,252,static,1.5455956,1.1980033
2016-02-19,extended,252,static,1.1936681,1.2188439
2016-02-22,extended,252,static,1.535499,1.2174655
2016-02-23,extended,252,static,1.134764,1.230279
2016-02-24,extended,252,static,1.3322545,1.0554358
2016-02-25,extended,252,static,1.1607089,1.0770369
2016-02-26,extended,252,static,1.20125,1.0176657
2016-02-29,extended,252,static,1.2115248,1.3022567
2016-03-01,extended,252,static,1.381525,1.0037519
2016-03-02,extended,252,static,1.1011862,1.3587568
2016-03-03,extended,252,static,1.1003551,0.9863196
2016-03-04,extended,252,static,0.94597113,0.83792794
2016-03-07,extended,252,static,0.74592596,0.7418877
2016-03-08,extended,252,static,0.9384163,1.0185125
2016-03-09,extended,252,static,1.0458076,0.8682736
2016-03-10,extended,252,static,0.67798346,0.78095675
2016-03-11,extended,252,static,1.2453924,1.0883327
2016-03-14,extended,252,static,0.59654444,0.7657182
2016-03-15,extended,252,static,0.9777961,0.8227128
2016-03-16,extended,252,static,0.81645334,0.70296454
2016-03-17,extended,252,static,1.0355806,1.084723
2016-03-18,extended,252,static,1.0119638,1.0016799
2016-03-22,extended,252,static,1.2734379,0.87777483
2016-03-23,extended,252,static,0.84351224,0.80762285
2016-03-24,extended,252,static,0.88049823,0.7874544
2016-03-25,extended,252,static,0.81009305,0.677153
2016-03-28,extended,252,static,0.91321725,0.7441271
2016-03-29,extended,252,static,0.8510221,0.7418365
2016-03-30,extended,252,static,0.72727734,0.7816239
2016-03-31,extended,252,static,0.95609534,0.8560046
2016-04-01,extended,252,static,1.3785911,1.7477356
2016-04-04,extended,252,static,1.230529,0.9511105
2016-04-05,extended,252,static,1.2038791,1.3571112
2016-04-06,extended,252,static,1.1688818,0.9802339
2016-04-07,extended,252,static,1.2000499,1.0072483
2016-04-08,extended,252,static,1.4362235,1.4294215
2016-04-11,extended,252,static,1.3981162,1.0220616
2016-04-12,extended,252,static,1.1861942,1.0059838
2016-04-13,extended,252,static,0.96622896,1.002553
2016-04-14,extended,252,static,0.92661256,1.0649104
2016-04-15,extended,252,static,1.0565975,0.8679668
2016-04-18,extended,252,static,1.4364414,1.0571256
2016-04-19,extended,252,static,1.4159002,1.1099629
2016-04-20,extended,252,static,0.8986041,0.90026873
2016-04-21,extended,252,static,0.6656411,0.8651244
2016-04-22,extended,252,static,1.4210418,1.0074742
2016-04-25,extended,252,static,1.1113479,0.9592837
2016-04-26,extended,252,static,0.82969475,0.8534796
2016-04-27,extended,252,static,0.7356243,0.71656555
2016-04-28,extended,252,static,4.0372705,2.2488909
2016-05-02,extended,252,static,1.8852739,1.752401
2016-05-06,extended,252,static,0.94588685,1.1953499
2016-05-09,extended,252,static,0.68268716,0.8033338
2016-05-10,extended,252,static,0.9034158,1.134583
2016-05-11,extended,252,static,1.0890074,1.002341
2016-05-12,extended,252,static,0.8878057,0.98710126
2016-05-13,extended,252,static,1.1071229,1.1112748
2016-05-16,extended,252,static,1.2055784,0.8893723
2016-05-17,extended,252,static,0.89199615,0.7346505
2016-05-18,extended,252,static,1.2892364,0.9219667
2016-05-19,extended,252,static,0.8933772,0.9573368
2016-05-20,extended,252,static,0.75895095,0.8400467
2016-05-23,extended,252,static,0.9520477,0.91515565
2016-05-24,extended,252,static,0.7333223,0.7279053
2016-05-25,extended,252,static,0.45368457,0.59324217
2016-05-26,extended,252,static,0.6399602,0.70329356
2016-05-27,extended,252,static,0.47597343,0.5758641
2016-05-30,extended,252,static,0.49137688,0.58265865
2016-05-31,extended,252,static,0.51877546,0.73249304
2016-06-01,extended,252,static,0.68378836,0.726675
2016-06-02,extended,252,static,0.9795602,0.94230413
2016-06-03,extended,252,static,0.8666327,0.724263
2016-06-06,extended,252,static,0.86333805,0.89871234
2016-06-07,extended,252,static,0.6715476,0.6990954
2016-06-08,extended,252,static,0.8457897,0.7890906
2016-06-09,extended,252,static,0.6698671,0.73314875
2016-06-10,extended,252,static,0.68568116,0.6524347
2016-06-13,extended,252,static,0.7422822,1.0260597
2016-06-14,extended,252,static,1.2516831,1.0251822
2016-06-15,extended,252,static,1.0969523,0.91233826
2016-06-16,extended,252,static,1.3885589,1.6205899
2016-06-17,extended,252,static,1.1375909,0.9570433
2016-06-20,extended,252,static,0.94790465,0.846561
2016-06-21,extended,252,static,0.910808,1.1346292
2016-06-22,extended,252,static,0.8798401,0.7865146
2016-06-23,extended,252,static,0.58569103,0.8169031
2016-06-24,extended,252,static,4.8147125,4.3908863
2016-06-27,extended,252,static,1.5696028,1.526202
2016-06-28,extended,252,static,1.5905483,1.4591161
2016-06-29,extended,252,static,1.0330293,1.0996008
2016-06-30,extended,252,static,0.73769915,1.0211196
2016-07-01,extended,252,static,0.8345629,0.80920607
2016-07-04,extended,252,static,0.81727755,0.89384204
2016-07-05,extended,252,static,0.58022016,0.6519415
2016-07-06,extended,252,static,0.934505,0.92785233
2016-07-07,extended,252,static,0.9601815,0.8114178
2016-07-08,extended,252,static,0.8835568,1.0399107
2016-07-11,extended,252,static,1.0997541,1.2688785
2016-07-12,extended,252,static,1.2182275,1.000448
2016-07-13,extended,252,static,1.035591,0.917257
2016-07-15,extended,252,static,1.0242836,0.89057946
2016-07-19,extended,252,static,0.6892655,0.8263327
2016-07-20,extended,252,static,0.7020191,0.6403697
2016-07-21,extended,252,static,0.6503659,0.7163831
2016-07-22,extended,252,static,0.7570445,0.6348323
2016-07-25,extended,252,static,0.7898124,0.66471654
2016-07-26,extended,252,static,0.8631694,0.7984051
2016-07-27,extended,252,static,1.3050355,0.89894646
2016-07-28,extended,252,static,0.78175455,0.7734394
2016-07-29,extended,252,static,2.9795308,1.2228667
2016-08-01,extended,252,static,0.94941795,1.2407016
2016-08-02,extended,252,static,0.7269504,0.7772849
2016-08-03,extended,252,static,1.0554422,0.88699067
2016-08-04,extended,252,static,1.177578,1.074906
2016-08-05,extended,252,static,0.7304077,0.75070333
2016-08-08,extended,252,static,0.60464764,0.7287448
2016-08-09,extended,252,static,0.62051404,0.6171678
2016-08-10,extended,252,static,0.6798567,0.6369307
2016-08-12,extended,252,static,0.4315864,0.58190805
2016-08-15,extended,252,static,0.36528343,0.49522236
2016-08-16,extended,252,static,1.1133907,0.8056883
2016-08-17,extended,252,static,0.64029866,0.6697377
2016-08-18,extended,252,static,0.9901672,0.74038833
2016-08-19,extended,252,static,0.80744755,0.675355
2016-08-22,extended,252,static,0.5145022,0.57198405
2016-08-23,extended,252,static,0.61862314,0.69958544
2016-08-24,extended,252,static,0.5441618,0.55625236
2016-08-25,extended,252,static,0.5232685,0.55179375
2016-08-26,extended,252,static,0.82039857,0.64476657
2016-08-29,extended,252,static,0.5442261,0.6010084
2016-08-30,extended,252,static,0.27583405,0.4915386
2016-08-31,extended,252,static,0.36021188,0.4555984
2016-09-01,extended,252,static,0.41836748,0.47818226
2016-09-02,extended,252,static,0.5421878,0.48062205
2016-09-05,extended,252,static,0.531212,0.50385857
2016-09-06,extended,252,static,0.34169754,0.43964127
2016-09-07,extended,252,static,0.48437196,0.4855265
2016-09-08,extended,252,static,0.52005184,0.5380075
2016-09-09,extended,252,static,0.5697178,0.5149964
2016-09-12,extended,252,static,0.63466805,0.6862506
2016-09-13,extended,252,static,0.60176,0.5587611
2016-09-14,extended,252,static,0.5983334,0.5671662
2016-09-15,extended,252,static,0.6458285,0.6176358
2016-09-16,extended,252,static,0.40978447,0.53918797
2016-09-20,extended,252,static,0.71522,0.5608895
2016-09-21,extended,252,static,1.2611471,0.9864657
2016-09-23,extended,252,static,0.42852885,0.5620847
2016-09-26,extended,252,static,0.56844485,0.589605
2016-09-27,extended,252,static,0.925069,0.9584577
2016-09-28,extended,252,static,0.5688468,0.5956918
2016-09-29,extended,252,static,0.5725529,0.5789054
2016-09-30,extended,252,static,0.5685191,0.5274234
2016-10-03,extended,252,static,0.52732134,0.5113685
2016-10-04,extended,252,static,0.5152956,0.49442595
2016-10-05,extended,252,static,0.43121558,0.48532516
2016-10-06,extended,252,static,0.46947375,0.45468488
2016-10-07,extended,252,static,0.35322985,0.45387137
2016-10-11,extended,252,static,0.5121108,0.47062856
2016-10-12,extended,252,static,0.42569548,0.5073699
2016-10-13,extended,252,static,0.7312415,0.6191373
2016-10-14,extended,252,static,0.68341845,0.550046
2016-10-17,extended,252,static,0.58031684,0.5225185
2016-10-18,extended,252,static,0.39912575,0.50009966
2016-10-19,extended,252,static,0.35592905,0.46101382
2016-10-20,extended,252,static,0.57490534,0.60817283
2016-10-21,extended,252,static,0.53891,0.52638876
2016-10-24,extended,252,static,0.39685786,0.44746965
2016-10-25,extended,252,static,0.38756952,0.40924603
2016-10-26,extended,252,static,0.38427106,0.4637714
2016-10-27,extended,252,static,0.4545228,0.5011705
2016-10-28,extended,252,static,0.28029293,0.3803637
2016-10-31,extended,252,static,0.44426164,0.40894908
2016-11-01,extended,252,static,0.5160277,0.476105
2016-11-02,extended,252,static,0.6027249,0.581004
2016-11-04,extended,252,static,0.7548799,0.6310967
2016-11-07,extended,252,static,0.6690884,0.5052686
2016-11-08,extended,252,static,0.4833706,0.5309972
2016-11-09,extended,252,static,3.8498626,2.9671745
2016-11-10,extended,252,static,2.8114004,2.107315
2016-11-11,extended,252,static,0.96872044,1.1884031
2016-11-14,extended,252,static,0.7010598,0.9204048
2016-11-15,extended,252,static,0.60726297,0.66085994
2016-11-16,extended,252,static,0.43696675,0.7318603
2016-11-17,extended,252,static,0.6785653,0.565935
2016-11-18,extended,252,static,0.4660166,0.5011368
2016-11-21,extended,252,static,0.42615148,0.49704114
2016-11-22,extended,252,static,0.5271358,0.4828356
2016-11-24,extended,252,static,0.38145283,0.4792758
2016-11-25,extended,252,static,0.6947545,0.56319165
2016-11-28,extended,252,static,0.55887747,0.53653586
2016-11-29,extended,252,static,0.41008577,0.46623573
2016-11-30,extended,252,static,0.4469967,0.49532166
2016-12-01,extended,252,static,0.7469646,0.6407598
2016-12-02,extended,252,static,0.57304657,0.57961404
2016-12-05,extended,252,static,0.5556623,0.55876076
2016-12-06,extended,252,static,0.5522758,0.5532918
2016-12-07,extended,252,static,0.46742222,0.4947559
2016-12-08,extended,252,static,0.4401746,0.5176879
2016-12-09,extended,252,static,0.57476395,0.6146431
2016-12-12,extended,252,static,0.72415924,0.6465539
2016-12-13,extended,252,static,0.59733266,0.6062024
2016-12-14,extended,252,static,0.5167465,0.5317497
2016-12-15,extended,252,static,0.81240475,0.6252171
2016-12-16,extended,252,static,0.4595463,0.5132212
2016-12-19,extended,252,static,0.3910137,0.47435778
2016-12-20,extended,252,static,0.3811475,0.505355
2016-12-21,extended,252,static,0.59280187,0.53619343
2016-12-22,extended,252,static,0.53014773,0.49599043
2016-12-26,extended,252,static,0.24589457,0.4196558
2016-12-27,extended,252,static,0.46171603,0.4526962
2016-12-28,extended,252,static,0.3596239,0.44842765
2016-12-29,extended,252,static,0.5747139,0.5819418
2016-12-30,extended,252,static,0.58985686,0.5587381
2017-01-04,extended,252,static,0.5337348,0.70885456
2017-01-05,extended,252,static,0.5212059,0.5305666
2017-01-06,extended,252,static,0.41064432,0.49924132
2017-01-10,extended,252,static,0.7592034,0.59223855
2017-01-11,extended,252,static,0.3978282,0.51308924
2017-01-12,extended,252,static,0.7079029,0.59692657
2017-01-13,extended,252,static,0.5816324,0.54024136
2017-01-16,extended,252,static,0.5695991,0.60228705
2017-01-17,extended,252,static,0.90370893,0.6724736
2017-01-18,extended,252,static,0.7296383,0.7901662
2017-01-19,extended,252,static,0.5663988,0.5484214
2017-01-20,extended,252,static,0.65713334,0.54720604
2017-01-23,extended,252,static,0.6369923,0.597432
2017-01-24,extended,252,static,0.6502918,0.5442251
2017-01-25,extended,252,static,0.5679608,0.5330235
2017-01-26,extended,252,static,0.47741336,0.5224586
2017-01-27,extended,252,static,0.5001635,0.4554052
2017-01-30,extended,252,static,0.42342958,0.5039327
2017-01-31,extended,252,static,0.5440485,0.5208919
2017-02-01,extended,252,static,0.5995547,0.59646577
2017-02-02,extended,252,static,0.68228304,0.74608636
2017-02-03,extended,252,static,0.9933477,0.6711867
2017-02-06,extended,252,static,0.56061107,0.63592726
2017-02-07,extended,252,static,0.44940534,0.5738313
2017-02-08,extended,252,static,0.5361541,0.5290538
2017-02-09,extended,252,static,0.5198954,0.55268586
2017-02-10,extended,252,static,0.45224953,0.551716
2017-02-13,extended,252,static,0.4883528,0.4526493
2017-02-14,extended,252,static,0.6370822,0.62055826
2017-02-15,extended,252,static,0.34015715,0.46864545
2017-02-16,extended,252,static,0.55916286,0.5085988
2017-02-17,extended,252,static,0.5008618,0.5051861
2017-02-20,extended,252,static,0.48720175,0.52583575
2017-02-21,extended,252,static,0.34451714,0.49869487
2017-02-22,extended,252,static,0.39753926,0.45176834
2017-02-23,extended,252,static,0.46620536,0.4692084
2017-02-24,extended,252,static,0.5456718,0.5109115
2017-02-27,extended,252,static,0.76514167,0.5627335
2017-02-28,extended,252,static,0.5095508,0.54713404
2017-03-01,extended,252,static,1.0389154,0.579896
2017-03-02,extended,252,static,0.48378822,0.52420425
2017-03-03,extended,252,static,0.46790692,0.55920154
2017-03-06,extended,252,static,0.38907683,0.46550933
2017-03-07,extended,252,static,0.29343644,0.42713806
2017-03-08,extended,252,static,0.4068936,0.48047164
2017-03-09,extended,252,static,0.40720785,0.44560146
2017-03-10,extended,252,static,0.4123994,0.50343275
2017-03-13,extended,252,static,0.35490254,0.4235564
2017-03-14,extended,252,static,0.19915147,0.37482786
2017-03-15,extended,252,static,0.28464586,0.40691468
2017-03-16,extended,252,static,0.47100025,0.46293345
2017-03-17,extended,252,static,0.34942582,0.42741853
2017-03-21,extended,252,static,0.38814583,0.46507162
2017-03-22,extended,252,static,0.53271693,0.5571575
2017-03-23,extended,252,static,0.5453265,0.5261941
2017-03-24,extended,252,static,0.5885258,0.5758567
2017-03-27,extended,252,static,0.5673146,0.57911146
2017-03-28,extended,252,static,0.3235222,0.47946185
2017-03-29,extended,252,static,0.43409023,0.4253872
2017-03-30,extended,252,static,0.49224374,0.53356934
2017-03-31,extended,252,static,0.6181417,0.7220049
2017-04-03,extended,252,static,0.5546957,0.52972686
2017-04-04,extended,252,static,0.85380816,0.6208476
2017-04-05,extended,252,static,0.63993484,0.5914943
2017-04-06,extended,252,static,0.746251,0.72093177
2017-04-07,extended,252,static,1.2681001,0.7254155
2017-04-10,extended,252,static,0.5491471,0.59261966
2017-04-11,extended,252,static,0.49296948,0.54709965
2017-04-12,extended,252,static,0.603078,0.58238405
2017-04-13,extended,252,static,0.5938685,0.5947168
2017-04-14,extended,252,static,0.85159314,0.7094791
2017-04-17,extended,252,static,0.48604292,0.6040761
2017-04-18,extended,252,static,0.5073957,0.5726711
2017-04-19,extended,252,static,0.5813727,0.5456158
2017-04-20,extended,252,static,0.435002,0.53374636
2017-04-21,extended,252,static,0.3924119,0.48955834
2017-04-24,extended,252,static,0.42685387,0.42350477
2017-04-25,extended,252,static,0.49349895,0.5802951
2017-04-26,extended,252,static,0.41140798,0.47817874
2017-04-27,extended,252,static,0.34631532,0.46109658
2017-04-28,extended,252,static,0.39321804,0.45515662
2017-05-01,extended,252,static,0.37744063,0.49681926
2017-05-02,extended,252,static,0.37212074,0.44824734
2017-05-08,extended,252,static,0.44683367,0.4996168
2017-05-09,extended,252,static,0.3935195,0.42778274
2017-05-10,extended,252,static,0.42751917,0.42353642
2017-05-11,extended,252,static,0.2977209,0.44274974
2017-05-12,extended,252,static,0.3553415,0.45682326
2017-05-15,extended,252,static,0.34672463,0.45707822
2017-05-16,extended,252,static,0.33642802,0.44902447
2017-05-17,extended,252,static,0.37804452,0.446925
2017-05-18,extended,252,static,0.5265839,0.53325236
2017-05-19,extended,252,static,0.44147795,0.4844291
2017-05-22,extended,252,static,0.36917228,0.41677058
2017-05-23,extended,252,static,0.34763867,0.43379536
2017-05-24,extended,252,static,0.32782188,0.41563874
2017-05-25,extended,252,static,0.4040407,0.43634328
2017-05-26,extended,252,static,0.37133324,0.4410436
2017-05-29,extended,252,static,0.3818655,0.40510052
2017-05-30,extended,252,static,0.41505474,0.43059477
2017-05-31,extended,252,static,0.35418144,0.42669776
2017-06-01,extended,252,static,0.47901082,0.48271593
2017-06-02,extended,252,static,0.5777615,0.55912983
2017-06-05,extended,252,static,0.3939054,0.44962603
2017-06-06,extended,252,static,0.5546681,0.5157409
2017-06-07,extended,252,static,0.42374673,0.47212836
2017-06-08,extended,252,static,0.49789742,0.5077628
2017-06-09,extended,252,static,0.6266584,0.50556624
2017-06-12,extended,252,static,0.53057003,0.49813965
2017-06-13,extended,252,static,0.31745735,0.45554316
2017-06-14,extended,252,static,0.4122343,0.46024904
2017-06-15,extended,252,static,0.69441575,0.53160125
2017-06-16,extended,252,static,0.5459339,0.5117425
2017-06-19,extended,252,static,0.37426636,0.4752761
2017-06-20,extended,252,static,0.36895394,0.4002069
2017-06-21,extended,252,static,0.3816809,0.44406483
2017-06-22,extended,252,static,0.41244298,0.43003723
2017-06-23,extended,252,static,0.35292026,0.39245784
2017-06-26,extended,252,static,0.30464795,0.37823126
2017-06-27,extended,252,static,0.2907677,0.36667827
2017-06-28,extended,252,static,0.3737767,0.43132824
2017-06-29,extended,252,static,0.31482515,0.3997169
2017-06-30,extended,252,static,0.3880715,0.44764876
2017-07-03,extended,252,static,0.31636024,0.4048845
2017-07-04,extended,252,static,0.455114,0.5109185
2017-07-05,extended,252,static,0.49905384,0.5231167
2017-07-06,extended,252,static,0.4543602,0.45395437
2017-07-07,extended,252,static,0.53335935,0.45804754
2017-07-10,extended,252,static,0.34752047,0.41900724
2017-07-11,extended,252,static,0.26377168,0.40622678
2017-07-12,extended,252,static,0.3750652,0.38643128
2017-07-13,extended,252,static,0.33310375,0.40164354
2017-07-14,extended,252,static,0.29982182,0.35192144
2017-07-18,extended,252,static,0.45818955,0.41880304
2017-07-19,extended,252,static,0.260456,0.3901808
2017-07-20,extended,252,static,0.32843867,0.38826624
2017-07-21,extended,252,static,0.25747833,0.35417342
2017-07-24,extended,252,static,0.32864457,0.3742814
2017-07-25,extended,252,static,0.30891702,0.36602047
2017-07-26,extended,252,static,0.301037,0.37279937
2017-07-27,extended,252,static,0.4282688,0.44633698
2017-07-28,extended,252,static,0.32698599,0.4304951
2017-07-31,extended,252,static,0.34381336,0.4020699
2017-08-01,extended,252,static,0.37012282,0.36084118
2017-08-02,extended,252,static,0.3556901,0.36525568
2017-08-03,extended,252,static,0.37953642,0.38882387
2017-08-04,extended,252,static,0.2055078,0.3773773
2017-08-07,extended,252,static,0.19880962,0.30728513
2017-08-08,extended,252,static,0.29422396,0.35279357
2017-08-09,extended,252,static,0.72054505,0.61250687
2017-08-10,extended,252,static,0.46307757,0.506758
2017-08-14,extended,252,static,0.47307673,0.4881869
2017-08-15,extended,252,static,0.48761597,0.46826166
2017-08-16,extended,252,static,0.3033596,0.38653794
2017-08-17,extended,252,static,0.32218087,0.36129662
2017-08-18,extended,252,static,0.3928117,0.4611201
2017-08-21,extended,252,static,0.396144,0.4448058
2017-08-22,extended,252,static,0.37095007,0.40042725
2017-08-23,extended,252,static,0.37556997,0.44127393
2017-08-24,extended,252,static,0.33687985,0.40417355
2017-08-25,extended,252,static,0.36104205,0.3944104
2017-08-28,extended,252,static,0.39782664,0.39347717
2017-08-29,extended,252,static,0.34371173,0.39958906
2017-08-30,extended,252,static,0.3561752,0.3797416
2017-08-31,extended,252,static,0.33029798,0.3846699
2017-09-01,extended,252,static,0.3320307,0.39008397
2017-09-04,extended,252,static,0.45324683,0.44651905
2017-09-05,extended,252,static,0.530731,0.5339248
2017-09-06,extended,252,static,0.4808514,0.45317298
2017-09-07,extended,252,static,0.412511,0.45896754
2017-09-08,extended,252,static,0.3551176,0.48055142
2017-09-11,extended,252,static,0.41913727,0.43271846
2017-09-12,extended,252,static,0.28892255,0.35907257
2017-09-13,extended,252,static,0.22818257,0.3166409
2017-09-14,extended,252,static,0.39802828,0.38735542
2017-09-15,extended,252,static,0.43154255,0.44236192
2017-09-19,extended,252,static,0.4198147,0.46308276
2017-09-20,extended,252,static,0.37536982,0.35846573
2017-09-21,extended,252,static,0.43986607,0.4450187
2017-09-22,extended,252,static,0.42568973,0.478838
2017-09-25,extended,252,static,0.33988217,0.3847023
2017-09-26,extended,252,static,0.30980334,0.3680796
2017-09-27,extended,252,static,0.36211556,0.34353438
2017-09-28,extended,252,static,0.44975764,0.37927148
2017-09-29,extended,252,static,0.30817118,0.38540098
2017-10-02,extended,252,static,0.28203008,0.3261096
2017-10-03,extended,252,static,0.3789537,0.42844635
2017-10-04,extended,252,static,0.35210857,0.36176312
2017-10-05,extended,252,static,0.22345026,0.35100162
2017-10-06,extended,252,static,0.20977941,0.32573783
2017-10-10,extended,252,static,0.33375677,0.38223985
2017-10-11,extended,252,static,0.24373098,0.35097086
2017-10-12,extended,252,static,0.30423367,0.31545013
2017-10-13,extended,252,static,0.55928123,0.5222274
2017-10-16,extended,252,static,0.40989426,0.44061303
2017-10-17,extended,252,static,0.4855568,0.43386135
2017-10-18,extended,252,static,0.3365372,0.38085344
2017-10-19,extended,252,static,0.40439326,0.39618772
2017-10-20,extended,252,static,0.3449465,0.4182614
2017-10-23,extended,252,static,0.4389392,0.37249953
2017-10-24,extended,252,static,0.4182622,0.44439742
2017-10-25,extended,252,static,0.6329922,0.55806154
2017-10-26,extended,252,static,0.48329717,0.43427134
2017-10-27,extended,252,static,0.48714587,0.5271728
2017-10-30,extended,252,static,0.4703678,0.44986916
2017-10-31,extended,252,static,0.38853675,0.4827337
2017-11-01,extended,252,static,0.55312204,0.63475513
2017-11-02,extended,252,static,0.5724516,0.4701764
2017-11-06,extended,252,static,0.4866372,0.5280821
2017-11-07,extended,252,static,0.6887922,0.82686216
2017-11-08,extended,252,static,0.46301168,0.52415085
2017-11-09,extended,252,static,1.6643542,1.3783095
2017-11-10,extended,252,static,0.85595256,0.7573887
2017-11-13,extended,252,static,0.6097328,0.6900114
2017-11-14,extended,252,static,0.8294748,0.6184275
2017-11-15,extended,252,static,1.0065265,0.8734424
2017-11-16,extended,252,static,0.78493196,1.0377897
2017-11-17,extended,252,static,1.3172126,0.9537369
2017-11-20,extended,252,static,0.7679081,0.7354822
2017-11-21,extended,252,static,0.57390606,0.56462955
2017-11-22,extended,252,static,0.4886974,0.56882566
2017-11-24,extended,252,static,0.4773725,0.5713127
2017-11-27,extended,252,static,0.5906119,0.60264385
2017-11-28,extended,252,static,0.655017,0.58858484
2017-11-29,extended,252,static,0.48763257,0.46514705
2017-11-30,extended,252,static,0.6091471,0.6252238
2017-12-01,extended,252,static,0.7975608,0.7804828
2017-12-04,extended,252,static,0.4878142,0.59165096
2017-12-05,extended,252,static,0.47832805,0.5026536
2017-12-06,extended,252,static,0.9541304,1.0475929
2017-12-07,extended,252,static,0.6339752,0.7047771
2017-12-08,extended,252,static,0.4935559,0.6362661
2017-12-11,extended,252,static,0.4048252,0.47945198
2017-12-12,extended,252,static,0.38422287,0.48675358
2017-12-13,extended,252,static,0.507835,0.52170664
2017-12-14,extended,252,static,0.4510389,0.47736725
2017-12-15,extended,252,static,0.6832928,0.6854248
2017-12-18,extended,252,static,0.44670153,0.5480698
2017-12-19,extended,252,static,0.421937,0.43121943
2017-12-20,extended,252,static,0.39326558,0.42325586
2017-12-21,extended,252,static,0.42463416,0.46490994
2017-12-22,extended,252,static,0.36153695,0.4230962
2017-12-25,extended,252,static,0.2332794,0.35699904
2017-12-26,extended,252,static,0.22867839,0.3262766
2017-12-27,extended,252,static,0.24827373,0.32633987
2017-12-28,extended,252,static,0.37999076,0.45774955
2017-12-29,extended,252,static,0.3347525,0.38282195
2018-01-04,extended,252,static,0.7297337,0.8633479
2018-01-05,extended,252,static,0.53330004,0.5785161
2018-01-09,extended,252,static,0.43904984,0.47520196
2018-01-10,extended,252,static,0.36580616,0.42825195
2018-01-11,extended,252,static,0.5198747,0.40810692
2018-01-12,extended,252,static,0.4235796,0.46343234
2018-01-15,extended,252,static,0.37978205,0.4073027
2018-01-16,extended,252,static,0.4337761,0.522409
2018-01-17,extended,252,static,0.46935958,0.4367336
2018-01-18,extended,252,static,0.8845772,0.78489304
2018-01-19,extended,252,static,0.24005932,0.5150628
2018-01-22,extended,252,static,0.4376075,0.3510593
2018-01-23,extended,252,static,0.49888933,0.4971899
2018-01-24,extended,252,static,0.38881522,0.46562386
2018-01-25,extended,252,static,0.5492798,0.5161307
2018-01-26,extended,252,static,0.48552188,0.51375073
2018-01-29,extended,252,static,0.50084615,0.47742936
2018-01-30,extended,252,static,0.69382685,0.8589125
2018-01-31,extended,252,static,0.6818748,0.7474944
2018-02-01,extended,252,static,0.5882115,0.6924937
2018-02-02,extended,252,static,0.7002306,0.6792208
2018-02-05,extended,252,static,0.9624349,1.0196736
2018-02-06,extended,252,static,2.6623769,2.74817
2018-02-07,extended,252,static,1.791453,1.6209638
2018-02-08,extended,252,static,1.1625701,1.141175
2018-02-09,extended,252,static,1.76034,1.5468031
2018-02-13,extended,252,static,1.0245187,1.291403
2018-02-14,extended,252,static,1.376436,1.1291173
2018-02-15,extended,252,static,1.0609125,0.96219134
2018-02-16,extended,252,static,1.0465107,0.9736955
2018-02-19,extended,252,static,0.68471855,0.88067997
2018-02-20,extended,252,static,0.7512773,0.73792
2018-02-21,extended,252,static,0.85997933,0.7944345
2018-02-22,extended,252,static,0.82763284,0.71096927
2018-02-23,extended,252,static,0.53828216,0.6732596
2018-02-26,extended,252,static,0.6468198,0.59995174
2018-02-27,extended,252,static,0.5903192,0.5859117
2018-02-28,extended,252,static,0.763949,0.8320176
2018-03-01,extended,252,static,0.7273944,0.8170468
2018-03-02,extended,252,static,1.1421468,0.9727544
2018-03-05,extended,252,static,0.9346277,0.8744535
2018-03-06,extended,252,static,0.6217878,0.7203854
2018-03-07,extended,252,static,0.99159455,0.79887354
2018-03-08,extended,252,static,0.6258847,0.7032225
2018-03-09,extended,252,static,1.2000479,1.0057774
2018-03-12,extended,252,static,0.955062,0.80721796
2018-03-13,extended,252,static,0.6140462,0.723769
2018-03-14,extended,252,static,0.6640495,0.64603156
2018-03-15,extended,252,static,0.7490876,0.6866415
2018-03-16,extended,252,static,0.6029006,0.7002169
2018-03-19,extended,252,static,0.8381118,0.76676375
2018-03-20,extended,252,static,0.5868405,0.6473737
2018-03-22,extended,252,static,0.7125631,0.64714223
2018-03-23,extended,252,static,1.4400233,1.722754
2018-03-26,extended,252,static,1.1828986,1.0646191
2018-03-27,extended,252,static,0.87459755,0.96597594
2018-03-28,extended,252,static,1.234854,0.8538359
2018-03-29,extended,252,static,0.79648703,0.9130788
2018-03-30,extended,252,static,0.751961,0.68769765
2018-04-02,extended,252,static,0.6645634,0.6532193
2018-04-03,extended,252,static,0.7727485,0.78507644
2018-04-04,extended,252,static,0.74343294,0.59820867
2018-04-05,extended,252,static,0.6863859,0.7451382
2018-04-06,extended,252,static,0.8401996,0.5973954
2018-04-09,extended,252,static,0.643848,0.6936798
2018-04-10,extended,252,static,0.884802,0.8435797
2018-04-11,extended,252,static,0.42436504,0.583714
2018-04-12,extended,252,static,0.5920927,0.49982956
2018-04-13,extended,252,static,0.5822347,0.5381878
2018-04-16,extended,252,static,0.5365099,0.46128875
2018-04-17,extended,252,static,0.47068092,0.45938691
2018-04-18,extended,252,static,0.5260351,0.61822367
2018-04-19,extended,252,static,0.46975893,0.52369624
2018-04-20,extended,252,static,0.5371812,0.5119044
2018-04-23,extended,252,static,0.50377494,0.50222886
2018-04-24,extended,252,static,0.44211882,0.49047863
2018-04-25,extended,252,static,0.4739097,0.5100398
2018-04-26,extended,252,static,0.48155338,0.44973227
2018-04-27,extended,252,static,0.5080339,0.45277032
2018-05-01,extended,252,static,0.29642838,0.4234006
2018-05-02,extended,252,static,0.34864056,0.41821098
2018-05-07,extended,252,static,0.4484217,0.44512433
2018-05-08,extended,252,static,0.31898147,0.43769294
2018-05-09,extended,252,static,0.4115622,0.40900925
2018-05-10,extended,252,static,0.33365634,0.38863644
2018-05-11,extended,252,static,0.44257474,0.47387213
2018-05-14,extended,252,static,0.38479322,0.46431804
2018-05-15,extended,252,static,0.3051502,0.38635907
2018-05-16,extended,252,static,0.34685257,0.3709174
2018-05-17,extended,252,static,0.2752885,0.3397721
2018-05-18,extended,252,static,0.34544373,0.34531617
2018-05-21,extended,252,static,0.32600725,0.35774142
2018-05-22,extended,252,static,0.27099055,0.3268999
2018-05-23,extended,252,static,0.7105818,0.56498563
2018-05-24,extended,252,static,0.6187455,0.6576598
2018-05-25,extended,252,static,0.70470554,0.527326
2018-05-28,extended,252,static,0.41661388,0.4894286
2018-05-29,extended,252,static,0.583859,0.53641987
2018-05-30,extended,252,static,0.6950573,0.5747037
2018-05-31,extended,252,static,0.5134792,0.54442847
2018-06-01,extended,252,static,0.6390248,0.5647104
2018-06-04,extended,252,static,0.39114642,0.47566605
2018-06-05,extended,252,static,0.5080658,0.4149357
2018-06-06,extended,252,static,0.38480204,0.45812353
2018-06-07,extended,252,static,0.36689994,0.39766183
2018-06-08,extended,252,static,0.49647194,0.46851757
2018-06-11,extended,252,static,0.44072446,0.46341956
2018-06-12,extended,252,static,0.7177622,0.4842267
2018-06-13,extended,252,static,0.35103443,0.41666538
2018-06-14,extended,252,static,0.43332335,0.45016146
2018-06-15,extended,252,static,0.39284953,0.43856457
2018-06-18,extended,252,static,0.47820505,0.51602423
2018-06-19,extended,252,static,0.583173,0.7955298
2018-06-20,extended,252,static,0.6759943,0.81153977
2018-06-21,extended,252,static,0.6864573,0.6464023
2018-06-22,extended,252,static,0.6141884,0.5256281
2018-06-25,extended,252,static,0.51628745,0.62818056
2018-06-26,extended,252,static,0.7514771,0.6128148
2018-06-27,extended,252,static,0.5138838,0.542058
2018-06-28,extended,252,static,0.7328671,0.63152826
2018-06-29,extended,252,static,0.6111737,0.5899073
2018-07-02,extended,252,static,0.7177536,1.1432717
2018-07-03,extended,252,static,0.9753637,0.83915126
2018-07-04,extended,252,static,0.6834386,0.6282903
2018-07-05,extended,252,static,0.7831941,0.7692686
2018-07-06,extended,252,static,0.8980387,0.68500125
2018-07-09,extended,252,static,0.5908732,0.7223168
2018-07-10,extended,252,static,0.63117605,0.47910127
2018-07-11,extended,252,static,0.8431443,0.72937673
2018-07-12,extended,252,static,0.58706784,0.6446555
2018-07-13,extended,252,static,0.6552626,0.81201434
2018-07-17,extended,252,static,0.58217335,0.624863
2018-07-18,extended,252,static,0.42970356,0.51829547
2018-07-19,extended,252,static,0.47666436,0.4984132
2018-07-20,extended,252,static,0.8711857,0.7319041
2018-07-23,extended,252,static,0.5568627,0.62851304
2018-07-24,extended,252,static,0.50901514,0.4998919
2018-07-25,extended,252,static,0.45103765,0.4470348
2018-07-26,extended,252,static,0.56163347,0.5067789
2018-07-27,extended,252,static,0.38895983,0.4649622
2018-07-30,extended,252,static,0.4640936,0.4333008
2018-07-31,extended,252,static,0.8510501,0.6574823
2018-08-01,extended,252,static,0.34879497,0.53294516
2018-08-02,extended,252,static,0.58208483,0.64529556
2018-08-03,extended,252,static,0.47341737,0.50137275
2018-08-06,extended,252,static,0.47783515,0.456896
2018-08-07,extended,252,static,0.38243112,0.46580938
2018-08-08,extended,252,static,0.55111474,0.47148323
2018-08-09,extended,252,static,0.41884863,0.46481892
2018-08-10,extended,252,static,0.7488699,0.7289837
2018-08-13,extended,252,static,0.68562347,0.78556925
2018-08-14,extended,252,static,0.6557827,0.71615076
2018-08-15,extended,252,static,0.63069713,0.6657503
2018-08-16,extended,252,static,1.0435656,0.81295013
2018-08-17,extended,252,static,0.46941277,0.52905095
2018-08-20,extended,252,static,0.5433439,0.4700114
2018-08-21,extended,252,static,0.450442,0.6060897
2018-08-22,extended,252,static,0.4967377,0.5420887
2018-08-23,extended,252,static,0.39519086,0.4137812
2018-08-24,extended,252,static,0.30395728,0.44025847
2018-08-27,extended,252,static,0.34655192,0.4071323
2018-08-28,extended,252,static,0.43439406,0.4441385
2018-08-29,extended,252,static,0.5130409,0.4255749
2018-08-30,extended,252,static,0.48486024,0.48382
2018-08-31,extended,252,static,0.4886008,0.5047684
2018-09-03,extended,252,static,0.46903628,0.44580072
2018-09-04,extended,252,static,0.5739396,0.45495713
2018-09-05,extended,252,static,0.56312704,0.4670409
2018-09-06,extended,252,static,0.51407224,0.4866483
2018-09-07,extended,252,static,0.5780899,0.5715644
2018-09-10,extended,252,static,0.5472758,0.48622322
2018-09-11,extended,252,static,0.4658087,0.52350926
2018-09-12,extended,252,static,0.52570134,0.49101108
2018-09-13,extended,252,static,0.64364964,0.5169188
2018-09-14,extended,252,static,0.46791348,0.47320282
2018-09-18,extended,252,static,0.6939282,0.77902734
2018-09-19,extended,252,static,0.5370126,0.51180875
2018-09-20,extended,252,static,0.5405445,0.5238628
2018-09-21,extended,252,static,0.6104194,0.526103
2018-09-25,extended,252,static,0.3487025,0.45967662
2018-09-26,extended,252,static,0.4039608,0.47898266
2018-09-27,extended,252,static,0.7073295,0.6292363
2018-09-28,extended,252,static,0.7486138,0.58874255
2018-10-01,extended,252,static,0.52835953,0.5240661
2018-10-02,extended,252,static,0.702109,0.53210247
2018-10-03,extended,252,static,0.69659317,0.59903145
2018-10-04,extended,252,static,0.8494707,0.71902645
2018-10-05,extended,252,static,0.7709392,0.62480664
2018-10-09,extended,252,static,0.67623025,0.6079569
2018-10-10,extended,252,static,0.70864975,0.60922176
2018-10-11,extended,252,static,1.5159513,1.5256255
2018-10-12,extended,252,static,1.3891196,0.9724317
2018-10-15,extended,252,static,0.88253105,0.97328204
2018-10-16,extended,252,static,0.8684406,0.8018888
2018-10-17,extended,252,static,0.65558857,0.6546794
2018-10-18,extended,252,static,0.6317755,0.68425673
2018-10-19,extended,252,static,0.79058313,0.8257593
2018-10-22,extended,252,static,0.82996047,0.83961636
2018-10-23,extended,252,static,0.72797555,1.0902412
2018-10-24,extended,252,static,1.2606153,0.7780244
2018-10-25,extended,252,static,1.5454464,1.548719
2018-10-26,extended,252,static,1.484606,1.2650166
2018-10-29,extended,252,static,1.0702231,1.1086648
2018-10-30,extended,252,static,1.1620659,1.1914644
2018-10-31,extended,252,static,0.8137265,1.0310564
2018-11-01,extended,252,static,0.97657365,0.85144985
2018-11-02,extended,252,static,1.4086028,1.1561986
2018-11-05,extended,252,static,0.9007157,0.88528794
2018-11-06,extended,252,static,0.5100859,0.6530576
2018-11-07,extended,252,static,1.5261915,0.9211947
2018-11-08,extended,252,static,0.512499,0.7616025
2018-11-09,extended,252,static,0.7320143,0.73923016
2018-11-12,extended,252,static,0.6942641,0.7230959
2018-11-13,extended,252,static,1.3598114,1.0872309
2018-11-14,extended,252,static,1.0212226,0.7598164
2018-11-15,extended,252,static,0.8335932,0.7389982
2018-11-16,extended,252,static,0.7385747,0.7218091
2018-11-19,extended,252,static,0.72898686,0.64698446
2018-11-20,extended,252,static,0.6944359,0.6953994
2018-11-21,extended,252,static,0.8096777,0.8324505
2018-11-22,extended,252,static,0.65149546,0.6435926
2018-11-26,extended,252,static,0.72455263,0.6396932
2018-11-27,extended,252,static,0.6399642,0.59338963
2018-11-28,extended,252,static,0.60096586,0.5706616
2018-11-29,extended,252,static,0.5698913,0.57845783
2018-11-30,extended,252,static,0.5698851,0.5061064
2018-12-03,extended,252,static,0.6513042,0.52619797
2018-12-04,extended,252,static,0.70848423,1.1634136
2018-12-05,extended,252,static,0.99570787,0.7966135
2018-12-06,extended,252,static,0.92729753,1.1630112
2018-12-07,extended,252,static,0.84359527,0.744009
2018-12-10,extended,252,static,0.71485215,0.8792189
2018-12-11,extended,252,static,0.88942516,0.71553075
2018-12-12,extended,252,static,0.5442239,0.8193076
2018-12-13,extended,252,static,0.54908,0.5790473
2018-12-14,extended,252,static,0.9772078,1.0104704
2018-12-17,extended,252,static,0.6323742,0.6909932
2018-12-18,extended,252,static,0.984139,0.74672246
2018-12-19,extended,252,static,1.1640143,0.82792413
2018-12-20,extended,252,static,1.2334836,1.5139723
2018-12-21,extended,252,static,1.310066,1.0369103
2018-12-25,extended,252,static,1.9485438,2.1053066
2018-12-26,extended,252,static,1.9721091,1.516129
2018-12-27,extended,252,static,1.7026261,1.4974802
2018-12-28,extended,252,static,0.99343413,0.9432946
2019-01-04,extended,252,static,1.634593,1.349874
2019-01-07,extended,252,static,1.2393373,1.153557
2019-01-08,extended,252,static,0.8599104,0.8768404
2019-01-09,extended,252,static,0.6318901,0.6894193
2019-01-10,extended,252,static,0.6833488,0.7823666
2019-01-11,extended,252,static,0.4249976,0.5767829
2019-01-15,extended,252,static,0.73595697,0.8270799
2019-01-16,extended,252,static,0.76745516,0.74451745
2019-01-17,extended,252,static,0.781128,0.68397075
2019-01-18,extended,252,static,0.5580379,0.7011664
2019-01-21,extended,252,static,0.70976454,0.62776214
2019-01-22,extended,252,static,0.5835168,0.74962
2019-01-23,extended,252,static,0.6793827,0.69711626
2019-01-24,extended,252,static,0.58549607,0.5686275
2019-01-25,extended,252,static,0.72809726,0.68318474
2019-01-28,extended,252,static,0.39257857,0.592206
2019-01-29,extended,252,static,0.654314,0.66198117
2019-01-30,extended,252,static,0.5871064,0.60831666
2019-01-31,extended,252,static,0.5863899,0.5783814
2019-02-01,extended,252,static,0.77070373,0.59998745
2019-02-04,extended,252,static,0.5385923,0.5163435
2019-02-05,extended,252,static,0.41029164,0.53829384
2019-02-06,extended,252,static,0.43415076,0.46607
2019-02-07,extended,252,static,0.5166102,0.55610466
2019-02-08,extended,252,static,0.63407224,0.71286064
2019-02-12,extended,252,static,0.80469704,0.93252146
2019-02-13,extended,252,static,0.6465683,0.6098156
2019-02-14,extended,252,static,0.69244784,0.5077876
2019-02-15,extended,252,static,0.79405016,0.6244356
2019-02-18,extended,252,static,0.48766485,0.5495239
2019-02-19,extended,252,static,0.53814006,0.4758812
2019-02-20,extended,252,static,0.55800116,0.5291065
2019-02-21,extended,252,static,0.6649488,0.5901677
2019-02-22,extended,252,static,0.45760533,0.48216438
2019-02-25,extended,252,static,0.44281283,0.4082234
2019-02-26,extended,252,static,0.4868513,0.5252757
2019-02-27,extended,252,static,0.27050745,0.42890623
2019-02-28,extended,252,static,0.5210132,0.48561266
2019-03-01,extended,252,static,0.5411487,0.48615518
2019-03-04,extended,252,static,0.3874281,0.43396533
2019-03-05,extended,252,static,0.5113566,0.44362712
2019-03-06,extended,252,static,0.3758757,0.48138133
2019-03-07,extended,252,static,0.36797136,0.4018795
2019-03-08,extended,252,static,0.68772143,0.8611689
2019-03-11,extended,252,static,0.6669575,0.597126
2019-03-12,extended,252,static,0.67965114,0.562166
2019-03-13,extended,252,static,0.6431709,0.6845164
2019-03-14,extended,252,static,0.7514415,0.623212
2019-03-15,extended,252,static,0.4442136,0.5364011
2019-03-18,extended,252,static,0.41718483,0.44258645
2019-03-19,extended,252,static,0.5103182,0.4805607
2019-03-20,extended,252,static,0.3640376,0.45786473
2019-03-22,extended,252,static,0.69168925,0.48117644
2019-03-25,extended,252,static,0.80777425,0.9407412
2019-03-26,extended,252,static,0.5410814,0.73079944
2019-03-27,extended,252,static,0.5850415,0.5090999
2019-03-28,extended,252,static,0.89525205,0.6604843
2019-03-29,extended,252,static,0.47916922,0.5594938
2019-04-01,extended,252,static,0.5754616,0.5693033
2019-04-02,extended,252,static,0.60123634,0.61761355
2019-04-03,extended,252,static,0.722694,0.6006904
2019-04-04,extended,252,static,0.45924956,0.532227
2019-04-05,extended,252,static,0.6110471,0.46471712
2019-04-08,extended,252,static,0.48535737,0.5146692
2019-04-09,extended,252,static,0.46029332,0.43785146
2019-04-10,extended,252,static,0.44074193,0.46966377
2019-04-11,extended,252,static,0.38972965,0.41857925
2019-04-12,extended,252,static,0.41197526,0.48025396
2019-04-15,extended,252,static,0.41886684,0.4015605
2019-04-16,extended,252,static,0.45664573,0.4475058
2019-04-17,extended,252,static,0.6198656,0.46924824
2019-04-18,extended,252,static,0.59688574,0.59689933
2019-04-19,extended,252,static,0.30316633,0.43882278
2019-04-22,extended,252,static,0.6234048,0.43469888
2019-04-23,extended,252,static,0.38071892,0.46776426
2019-04-24,extended,252,static,0.56213576,0.5302071
2019-04-25,extended,252,static,0.43120065,0.5001457
2019-04-26,extended,252,static,0.4447973,0.5005447
2019-05-07,extended,252,static,0.6053192,0.7388335
2019-05-08,extended,252,static,0.5159275,0.5441669
2019-05-09,extended,252,static,0.68573725,0.6453542
2019-05-10,extended,252,static,1.3596237,0.8967163
2019-05-13,extended,252,static,0.5313535,0.6802294
2019-05-14,extended,252,static,0.8621692,0.8956065
2019-05-15,extended,252,static,0.5814311,0.65905577
2019-05-16,extended,252,static,0.60817397,0.62814516
2019-05-17,extended,252,static,0.7820061,0.62947965
2019-05-20,extended,252,static,0.74052775,0.54318
2019-05-21,extended,252,static,0.58022857,0.5487318
2019-05-22,extended,252,static,0.3951507,0.50376046
2019-05-23,extended,252,static,0.491179,0.4939764
2019-05-24,extended,252,static,0.47718757,0.5888969
2019-05-27,extended,252,static,0.37875375,0.47053656
2019-05-28,extended,252,static,0.44813806,0.43911922
2019-05-29,extended,252,static,0.63822204,0.550616
2019-05-30,extended,252,static,0.58383834,0.5372286
2019-05-31,extended,252,static,0.6841982,0.7416791
2019-06-03,extended,252,static,0.52742904,0.60111845
2019-06-04,extended,252,static,0.57950807,0.59314454
2019-06-05,extended,252,static,0.49437496,0.54728806
2019-06-06,extended,252,static,0.39556184,0.46889222
2019-06-07,extended,252,static,0.39298657,0.41353008
2019-06-10,extended,252,static,0.4080138,0.40193218
2019-06-11,extended,252,static,0.35760587,0.4694053
2019-06-12,extended,252,static,0.41765854,0.44006237
2019-06-13,extended,252,static,0.6440891,0.48869216
2019-06-14,extended,252,static,0.61559093,0.48972186
2019-06-17,extended,252,static,0.40562356,0.4782682
2019-06-18,extended,252,static,0.46921137,0.5540103
2019-06-19,extended,252,static,0.42336938,0.4634942
2019-06-20,extended,252,static,0.41648388,0.4280829
2019-06-21,extended,252,static,0.7216322,0.63964653
2019-06-24,extended,252,static,0.36197773,0.4825826
2019-06-25,extended,252,static,0.5862561,0.49126425
2019-06-26,extended,252,static,0.4408926,0.46754825
2019-06-27,extended,252,static,0.47992194,0.5249756
2019-06-28,extended,252,static,0.49072328,0.44706672
2019-07-01,extended,252,static,0.45166978,0.48828524
2019-07-02,extended,252,static,0.4195306,0.3960968
2019-07-03,extended,252,static,0.37640965,0.47354972
2019-07-04,extended,252,static,0.21248052,0.40071675
2019-07-05,extended,252,static,0.3623406,0.36377943
2019-07-08,extended,252,static,0.42506605,0.46984172
2019-07-09,extended,252,static,0.45077518,0.4601311
2019-07-10,extended,252,static,0.4159508,0.42023972
2019-07-11,extended,252,static,0.30369458,0.41347903
2019-07-12,extended,252,static,0.46530408,0.39330745
2019-07-17,extended,252,static,0.46936965,0.45901546
2019-07-18,extended,252,static,0.58231777,0.83990043
2019-07-19,extended,252,static,0.487825,0.78852785
2019-07-22,extended,252,static,0.5255823,0.43819106
2019-07-23,extended,252,static,0.55537754,0.5932838
2019-07-24,extended,252,static,0.37221032,0.3988916
2019-07-25,extended,252,static,0.51707315,0.42465043
2019-07-26,extended,252,static,0.45959008,0.45021808
2019-07-29,extended,252,static,0.47967154,0.43774265
2019-07-30,extended,252,static,0.49986103,0.44336778
2019-07-31,extended,252,static,0.46011177,0.45851055
2019-08-01,extended,252,static,0.5667791,0.6535046
2019-08-02,extended,252,static,0.5981884,0.7281686
2019-08-05,extended,252,static,0.8728148,1.019629
2019-08-06,extended,252,static,1.393106,1.1515397
2019-08-07,extended,252,static,0.7813885,0.7453519
2019-08-08,extended,252,static,0.74686027,0.7163463
2019-08-09,extended,252,static,0.49181262,0.5466043
2019-08-13,extended,252,static,0.6699737,0.54165995
2019-08-14,extended,252,static,0.48938635,0.5290551
2019-08-15,extended,252,static,0.71232545,0.7659836
2019-08-16,extended,252,static,0.45247325,0.5854913
2019-08-19,extended,252,static,0.42608678,0.47999892
2019-08-20,extended,252,static,0.37085316,0.42303473
2019-08-21,extended,252,static,0.33166265,0.47962615
2019-08-22,extended,252,static,0.4063824,0.4517371
2019-08-23,extended,252,static,0.37122044,0.45218265
2019-08-26,extended,252,static,0.8774723,0.6453822
2019-08-27,extended,252,static,0.3917015,0.520002
2019-08-28,extended,252,static,0.31036603,0.42890203
2019-08-29,extended,252,static,0.49068415,0.4857345
2019-08-30,extended,252,static,0.37855944,0.46230516
2019-09-02,extended,252,static,0.30660436,0.37731802
2019-09-03,extended,252,static,0.32768998,0.37147585
2019-09-04,extended,252,static,0.39324135,0.4436983
2019-09-05,extended,252,static,0.6591932,0.7479811
2019-09-06,extended,252,static,0.4507893,0.42998093
2019-09-09,extended,252,static,0.5209246,0.44241327
2019-09-10,extended,252,static,0.37950796,0.4185469
2019-09-11,extended,252,static,0.50641793,0.50019586
2019-09-12,extended,252,static,0.45478198,0.42476895
2019-09-13,extended,252,static,0.4794492,0.5016963
2019-09-17,extended,252,static,0.517651,0.4783289
2019-09-18,extended,252,static,0.37057045,0.41154766
2019-09-19,extended,252,static,0.9439046,0.54057777
2019-09-20,extended,252,static,0.4229328,0.5305767
2019-09-25,extended,252,static,0.5500051,0.4480785
2019-09-26,extended,252,static,0.47077304,0.56025106
2019-09-27,extended,252,static,0.64438444,0.5852475
2019-09-30,extended,252,static,0.53690845,0.54524285
2019-10-01,extended,252,static,0.34838927,0.45381775
2019-10-02,extended,252,static,0.32395723,0.39959812
2019-10-03,extended,252,static,0.51655203,0.5651628
2019-10-04,extended,252,static,0.414185,0.46377632
2019-10-07,extended,252,static,0.40341,0.4565533
2019-10-08,extended,252,static,0.43005088,0.4352683
2019-10-09,extended,252,static,0.38805678,0.46816054
2019-10-10,extended,252,static,0.82208025,0.6033176
2019-10-11,extended,252,static,0.5154887,0.54383385
2019-10-15,extended,252,static,0.40126202,0.46777436
2019-10-16,extended,252,static,0.7280756,0.4996886
2019-10-17,extended,252,static,0.3956502,0.46926293
2019-10-18,extended,252,static,0.566893,0.49815026
2019-10-21,extended,252,static,0.25843495,0.42865974
2019-10-23,extended,252,static,0.61452776,0.44865033
2019-10-24,extended,252,static,0.3160634,0.41276246
2019-10-25,extended,252,static,0.26380095,0.3769044
2019-10-28,extended,252,static,0.2490552,0.33200884
2019-10-29,extended,252,static,0.33816895,0.3298399
2019-10-30,extended,252,static,0.38163245,0.4027298
2019-10-31,extended,252,static,0.43444324,0.38515735
2019-11-01,extended,252,static,0.31177333,0.4145119
2019-11-05,extended,252,static,0.5111768,0.4570467
2019-11-06,extended,252,static,0.29941544,0.41223776
2019-11-07,extended,252,static,0.30768433,0.37732154
2019-11-08,extended,252,static,0.56706184,0.5378208
2019-11-11,extended,252,static,0.32009214,0.4645837
2019-11-12,extended,252,static,0.34582698,0.4796906
2019-11-13,extended,252,static,0.4571984,0.45407757
2019-11-14,extended,252,static,0.7509282,0.6274618
2019-11-15,extended,252,static,0.5414993,0.54117024
2019-11-18,extended,252,static,0.4480201,0.44602996
2019-11-19,extended,252,static,0.48664826,0.4525469
2019-11-20,extended,252,static,0.6214107,0.5241002
2019-11-21,extended,252,static,0.9489152,0.79177266
2019-11-22,extended,252,static,0.4684395,0.5804355
2019-11-25,extended,252,static,0.32151935,0.41554052
2019-11-26,extended,252,static,0.5775611,0.5141056
2019-11-27,extended,252,static,0.3695195,0.40455145
2019-11-28,extended,252,static,0.5102321,0.40364844
2019-11-29,extended,252,static,0.45742804,0.5566242
2019-12-02,extended,252,static,0.46741116,0.46209624
2019-12-03,extended,252,static,0.46477246,0.4982543
2019-12-04,extended,252,static,0.595267,0.49775368
2019-12-05,extended,252,static,0.5120945,0.4291397
2019-12-06,extended,252,static,0.26996678,0.4108418
2019-12-09,extended,252,static,0.46566507,0.4338281
2019-12-10,extended,252,static,0.32391986,0.40189958
2019-12-11,extended,252,static,0.26391917,0.35999185
2019-12-12,extended,252,static,0.3174908,0.36827588
2019-12-13,extended,252,static,0.49971414,0.49781892
2019-12-16,extended,252,static,0.37474844,0.39112768
2019-12-17,extended,252,static,0.29989138,0.3567992
2019-12-18,extended,252,static,0.2715722,0.3718427
2019-12-19,extended,252,static,0.3609173,0.3502317
2019-12-20,extended,252,static,0.4916653,0.4197806
2019-12-23,extended,252,static,0.29422385,0.3971417
2019-12-24,extended,252,static,0.20277129,0.33190146
2019-12-25,extended,252,static,0.14368884,0.30153477
2019-12-26,extended,252,static,0.30584246,0.34642464
2019-12-27,extended,252,static,0.2437419,0.36969507
2019-12-30,extended,252,static,0.6504025,0.35785657
2014-01-07,extended,252,expanding,0.9929978251457214,0.7256733775138855
2014-01-08,extended,252,expanding,0.5598219633102417,0.8130782246589661
2014-01-09,extended,252,expanding,0.7221481204032898,0.7422738671302795
2014-01-10,extended,252,expanding,0.8308181762695312,0.7195819020271301
2014-01-14,extended,252,expanding,1.116640329360962,0.9228480458259583
2014-01-15,extended,252,expanding,0.759765625,0.7705749869346619
2014-01-16,extended,252,expanding,0.7385079264640808,0.8509521484375
2014-01-17,extended,252,expanding,0.9924829006195068,0.7192049622535706
2014-01-20,extended,252,expanding,0.635157585144043,0.7720266580581665
2014-01-21,extended,252,expanding,0.6823652386665344,0.7083324193954468
2014-01-22,extended,252,expanding,0.9055610299110413,0.8055749535560608
2014-01-23,extended,252,expanding,0.86771559715271,0.9426062703132629
2014-01-24,extended,252,expanding,0.9876176118850708,0.861600935459137
2014-01-27,extended,252,expanding,1.0500518083572388,0.9334443211555481
2014-01-28,extended,252,expanding,0.8367258906364441,0.8036336302757263
2014-01-29,extended,252,expanding,0.773780107498169,0.8800658583641052
2014-01-30,extended,252,expanding,1.275964617729187,1.0654085874557495
2014-01-31,extended,252,expanding,1.182791829109192,1.2164382934570312
2014-02-03,extended,252,expanding,1.1922181844711304,1.0659090280532837
2014-02-04,extended,252,expanding,1.6071958541870117,1.3869625329971313
2014-02-05,extended,252,expanding,1.2378953695297241,1.286801815032959
2014-02-06,extended,252,expanding,0.9547833204269409,1.0344873666763306
2014-02-07,extended,252,expanding,0.7397321462631226,0.8240354061126709
2014-02-10,extended,252,expanding,0.704429566860199,0.7943236827850342
2014-02-12,extended,252,expanding,0.6793457269668579,0.6349264979362488
2014-02-13,extended,252,expanding,0.7595481276512146,1.0464591979980469
2014-02-14,extended,252,expanding,1.5592761039733887,1.2185580730438232
2014-02-17,extended,252,expanding,1.0413496494293213,1.000545620918274
2014-02-18,extended,252,expanding,1.4758527278900146,1.2436425685882568
2014-02-19,extended,252,expanding,0.7990848422050476,0.8337311148643494
2014-02-20,extended,252,expanding,1.1217944622039795,1.1589546203613281
2014-02-21,extended,252,expanding,0.8472435474395752,1.0761741399765015
2014-02-24,extended,252,expanding,1.1883679628372192,1.021045446395874
2014-02-25,extended,252,expanding,0.7022347450256348,0.8096011877059937
2014-02-26,extended,252,expanding,0.8268715739250183,0.7974115610122681
2014-02-27,extended,252,expanding,0.8597348928451538,0.7758561968803406
2014-02-28,extended,252,expanding,1.0540921688079834,0.8848809599876404
2014-03-03,extended,252,expanding,1.2059812545776367,0.957587480545044
2014-03-04,extended,252,expanding,0.7824621796607971,0.9346281290054321
2014-03-05,extended,252,expanding,0.6954053640365601,0.6007517576217651
2014-03-06,extended,252,expanding,0.9321517944335938,1.076315999031067
2014-03-07,extended,252,expanding,0.706678032875061,0.7860597372055054
2014-03-10,extended,252,expanding,0.8324498534202576,0.7600201964378357
2014-03-11,extended,252,expanding,0.8417271971702576,0.6193491816520691
2014-03-12,extended,252,expanding,0.7709421515464783,0.7634847164154053
2014-03-13,extended,252,expanding,0.8386745452880859,0.6992092728614807
2014-03-14,extended,252,expanding,1.111358404159546,1.0458850860595703
2014-03-17,extended,252,expanding,1.1761090755462646,0.8526379466056824
2014-03-18,extended,252,expanding,0.8854055404663086,0.797760546207428
2014-03-19,extended,252,expanding,1.3912756443023682,1.1667841672897339
2014-03-25,extended,252,expanding,0.971454918384552,0.9511880278587341
2014-03-26,extended,252,expanding,0.9650692343711853,0.8290737867355347
2014-03-27,extended,252,expanding,1.305605411529541,1.2944579124450684
2014-03-28,extended,252,expanding,0.8910113573074341,0.9826346039772034
2014-03-31,extended,252,expanding,0.6962120532989502,0.7146568894386292
2014-04-01,extended,252,expanding,0.7554367184638977,0.6501937508583069
2014-04-02,extended,252,expanding,0.8529638051986694,0.7045424580574036
2014-04-03,extended,252,expanding,0.7055742144584656,0.778403639793396
2014-04-04,extended,252,expanding,0.5401592254638672,0.5885999798774719
2014-04-07,extended,252,expanding,0.6578506231307983,0.6721758842468262
2014-04-08,extended,252,expanding,0.9137992262840271,0.7033776044845581
2014-04-09,extended,252,expanding,1.0099090337753296,0.9752984046936035
2014-04-10,extended,252,expanding,0.8897711038589478,1.0687156915664673
2014-04-11,extended,252,expanding,1.0655436515808105,1.0457113981246948
2014-04-14,extended,252,expanding,0.8920437097549438,0.8380600810050964
2014-04-15,extended,252,expanding,0.7417469024658203,0.7586926221847534
2014-04-16,extended,252,expanding,0.9056221842765808,1.0177057981491089
2014-04-17,extended,252,expanding,0.9500189423561096,0.7282840013504028
2014-04-18,extended,252,expanding,0.588050127029419,0.6513222455978394
2014-04-21,extended,252,expanding,0.6855194568634033,0.6549149751663208
2014-04-22,extended,252,expanding,0.605071485042572,0.8227320909500122
2014-04-23,extended,252,expanding,0.6681907176971436,0.5483940243721008
2014-04-24,extended,252,expanding,0.7531964182853699,0.7755833268165588
2014-04-25,extended,252,expanding,0.8171542286872864,0.8658609390258789
2014-04-28,extended,252,expanding,0.5202674865722656,0.6619011163711548
2014-04-30,extended,252,expanding,0.7706512808799744,0.6498074531555176
2014-05-01,extended,252,expanding,0.8471247553825378,0.6710933446884155
2014-05-02,extended,252,expanding,0.4468505382537842,0.5689845085144043
2014-05-07,extended,252,expanding,0.6870307326316833,0.8994039297103882
2014-05-08,extended,252,expanding,0.6638345718383789,0.6797776222229004
2014-05-09,extended,252,expanding,0.824956476688385,0.7101426124572754
2014-05-12,extended,252,expanding,0.6498797535896301,0.5970848798751831
2014-05-13,extended,252,expanding,0.5705968737602234,0.5154868364334106
2014-05-14,extended,252,expanding,0.4468920826911926,0.4734581708908081
2014-05-15,extended,252,expanding,0.6437694430351257,0.5532192587852478
2014-05-16,extended,252,expanding,0.5206161141395569,0.5601653456687927
2014-05-19,extended,252,expanding,0.6803091764450073,0.6272905468940735
2014-05-20,extended,252,expanding,0.5580016374588013,0.547834038734436
2014-05-21,extended,252,expanding,0.6375392079353333,0.5440918803215027
2014-05-22,extended,252,expanding,0.6842452883720398,0.720785915851593
2014-05-23,extended,252,expanding,0.4405228793621063,0.5275951623916626
2014-05-26,extended,252,expanding,0.3791349232196808,0.41140633821487427
2014-05-27,extended,252,expanding,0.643464207649231,0.5382059812545776
2014-05-28,extended,252,expanding,0.6203026175498962,0.5018259882926941
2014-05-29,extended,252,expanding,0.6115719676017761,0.5332213044166565
2014-05-30,extended,252,expanding,0.6328048706054688,0.5755787491798401
2014-06-02,extended,252,expanding,0.6377770900726318,0.6162962317466736
2014-06-03,extended,252,expanding,0.46424275636672974,0.43531179428100586
2014-06-04,extended,252,expanding,0.620389461517334,0.4422071576118469
2014-06-05,extended,252,expanding,0.4285542666912079,0.4997580647468567
2014-06-06,extended,252,expanding,0.486449658870697,0.4897918403148651
2014-06-09,extended,252,expanding,0.39111125469207764,0.48048466444015503
2014-06-10,extended,252,expanding,0.629412055015564,0.6972169876098633
2014-06-11,extended,252,expanding,0.3883609175682068,0.49068671464920044
2014-06-12,extended,252,expanding,0.5559938549995422,0.5420290231704712
2014-06-13,extended,252,expanding,0.6853582859039307,0.8155593276023865
2014-06-16,extended,252,expanding,0.6171051263809204,0.7232263088226318
2014-06-17,extended,252,expanding,0.5108878016471863,0.4842468500137329
2014-06-18,extended,252,expanding,0.5292311906814575,0.5312374830245972
2014-06-19,extended,252,expanding,0.715569019317627,0.7061747312545776
2014-06-20,extended,252,expanding,0.632879376411438,0.5457299947738647
2014-06-23,extended,252,expanding,0.5410799384117126,0.5098276138305664
2014-06-24,extended,252,expanding,0.6010311245918274,0.575865626335144
2014-06-25,extended,252,expanding,0.47001129388809204,0.4977847635746002
2014-06-26,extended,252,expanding,0.3968125879764557,0.4657618999481201
2014-06-27,extended,252,expanding,0.8402188420295715,0.8054386377334595
2014-06-30,extended,252,expanding,0.5754950642585754,0.5731676816940308
2014-07-01,extended,252,expanding,0.8379272818565369,0.71070396900177
2014-07-02,extended,252,expanding,0.39061251282691956,0.47884565591812134
2014-07-03,extended,252,expanding,0.4210403263568878,0.4892069101333618
2014-07-04,extended,252,expanding,0.3397189676761627,0.4244427978992462
2014-07-07,extended,252,expanding,0.37034258246421814,0.4466250538825989
2014-07-08,extended,252,expanding,0.6194824576377869,0.5226261019706726
2014-07-09,extended,252,expanding,0.5096815228462219,0.49119216203689575
2014-07-10,extended,252,expanding,0.40454503893852234,0.4841018319129944
2014-07-11,extended,252,expanding,0.5333577394485474,0.4883003234863281
2014-07-14,extended,252,expanding,0.44155797362327576,0.5158261656761169
2014-07-15,extended,252,expanding,0.4875105917453766,0.4348631203174591
2014-07-16,extended,252,expanding,0.34048226475715637,0.4188937842845917
2014-07-17,extended,252,expanding,0.37393006682395935,0.4372033178806305
2014-07-18,extended,252,expanding,0.5535995960235596,0.5087955594062805
2014-07-22,extended,252,expanding,0.4029233157634735,0.4460638463497162
2014-07-23,extended,252,expanding,0.3011488616466522,0.4097423851490021
2014-07-24,extended,252,expanding,0.5204686522483826,0.4849866032600403
2014-07-25,extended,252,expanding,0.37525519728660583,0.4446764588356018
2014-07-28,extended,252,expanding,0.4914538562297821,0.4424656927585602
2014-07-29,extended,252,expanding,0.3666745722293854,0.3940190374851227
2014-07-30,extended,252,expanding,0.41785624623298645,0.3931572735309601
2014-07-31,extended,252,expanding,0.4955805838108063,0.46001675724983215
2014-08-01,extended,252,expanding,0.4799793064594269,0.5391838550567627
2014-08-04,extended,252,expanding,0.4488868713378906,0.45580047369003296
2014-08-05,extended,252,expanding,0.5403825044631958,0.6053404808044434
2014-08-06,extended,252,expanding,0.6847516894340515,0.5977681875228882
2014-08-07,extended,252,expanding,0.8375794291496277,0.6226072311401367
2014-08-08,extended,252,expanding,1.1955809593200684,1.0774081945419312
2014-08-11,extended,252,expanding,0.6787324547767639,0.7615280151367188
2014-08-12,extended,252,expanding,0.5041671395301819,0.5003628730773926
2014-08-13,extended,252,expanding,0.5959827303886414,0.49779510498046875
2014-08-14,extended,252,expanding,0.4182908833026886,0.45918670296669006
2014-08-15,extended,252,expanding,0.30149516463279724,0.4322111904621124
2014-08-18,extended,252,expanding,0.42790743708610535,0.3986722528934479
2014-08-19,extended,252,expanding,0.30512189865112305,0.3913255035877228
2014-08-20,extended,252,expanding,0.30348795652389526,0.40592774748802185
2014-08-21,extended,252,expanding,0.38702157139778137,0.4061354100704193
2014-08-22,extended,252,expanding,0.3153568208217621,0.42948439717292786
2014-08-25,extended,252,expanding,0.3803779184818268,0.3840141296386719
2014-08-26,extended,252,expanding,0.3108210265636444,0.4231507480144501
2014-08-27,extended,252,expanding,0.45898398756980896,0.4289543926715851
2014-08-28,extended,252,expanding,0.3867983818054199,0.43378815054893494
2014-08-29,extended,252,expanding,0.39064064621925354,0.4386999309062958
2014-09-01,extended,252,expanding,0.22931043803691864,0.4058883786201477
2014-09-02,extended,252,expanding,0.5366237759590149,0.5525439381599426
2014-09-03,extended,252,expanding,0.46095582842826843,0.4348869323730469
2014-09-04,extended,252,expanding,0.4026603698730469,0.42199045419692993
2014-09-05,extended,252,expanding,0.4774371385574341,0.4676774740219116
2014-09-08,extended,252,expanding,0.3796941041946411,0.40811049938201904
2014-09-09,extended,252,expanding,0.34021303057670593,0.397558331489563
2014-09-10,extended,252,expanding,0.3940788507461548,0.46265798807144165
2014-09-11,extended,252,expanding,0.40020424127578735,0.4052870273590088
2014-09-12,extended,252,expanding,0.5142043232917786,0.4194628596305847
2014-09-16,extended,252,expanding,0.3597271144390106,0.3995206952095032
2014-09-17,extended,252,expanding,0.35162344574928284,0.4199718236923218
2014-09-18,extended,252,expanding,0.361797571182251,0.4301570653915405
2014-09-19,extended,252,expanding,0.517268180847168,0.5170003175735474
2014-09-22,extended,252,expanding,0.35834184288978577,0.4680015444755554
2014-09-24,extended,252,expanding,0.5036600828170776,0.44639599323272705
2014-09-25,extended,252,expanding,0.3381999135017395,0.4099440574645996
2014-09-26,extended,252,expanding,0.5733859539031982,0.5535871982574463
2014-09-29,extended,252,expanding,0.4584802985191345,0.41320544481277466
2014-09-30,extended,252,expanding,0.5464531183242798,0.5618177056312561
2014-10-01,extended,252,expanding,0.6431635618209839,0.49227064847946167
2014-10-02,extended,252,expanding,0.7632841467857361,0.9314284324645996
2014-10-03,extended,252,expanding,1.0020511150360107,0.7366065382957458
2014-10-06,extended,252,expanding,0.55427086353302,0.6856851577758789
2014-10-07,extended,252,expanding,0.6125757694244385,0.6238641738891602
2014-10-08,extended,252,expanding,0.5871472358703613,0.636080265045166
2014-10-09,extended,252,expanding,0.9185651540756226,0.8636727929115295
2014-10-10,extended,252,expanding,0.7470872402191162,0.7154801487922668
2014-10-14,extended,252,expanding,0.7626067996025085,0.8852294087409973
2014-10-15,extended,252,expanding,0.9906735420227051,0.6931002140045166
2014-10-16,extended,252,expanding,0.9850625395774841,0.8254241347312927
2014-10-17,extended,252,expanding,1.0517386198043823,1.138462781906128
2014-10-20,extended,252,expanding,0.9073312878608704,0.9664449691772461
2014-10-21,extended,252,expanding,1.0882067680358887,1.217551589012146
2014-10-22,extended,252,expanding,0.7912335395812988,0.9170106053352356
2014-10-23,extended,252,expanding,0.7146961092948914,0.8055977821350098
2014-10-24,extended,252,expanding,0.7260991930961609,0.7084019184112549
2014-10-27,extended,252,expanding,0.48718124628067017,0.5410993695259094
2014-10-28,extended,252,expanding,0.4659566283226013,0.564105212688446
2014-10-29,extended,252,expanding,0.6780775785446167,0.7218437194824219
2014-10-30,extended,252,expanding,0.4152505099773407,0.5686719417572021
2014-10-31,extended,252,expanding,2.1977100372314453,1.9383881092071533
2014-11-04,extended,252,expanding,1.9115504026412964,1.3455852270126343
2014-11-05,extended,252,expanding,1.0005338191986084,1.0592340230941772
2014-11-06,extended,252,expanding,1.2488130331039429,1.0868574380874634
2014-11-07,extended,252,expanding,0.5483654141426086,0.7583065032958984
2014-11-10,extended,252,expanding,0.5790799260139465,0.6798784732818604
2014-11-11,extended,252,expanding,0.6575284004211426,0.9504513740539551
2014-11-12,extended,252,expanding,1.0307267904281616,0.8332823514938354
2014-11-13,extended,252,expanding,0.8876449465751648,0.996060848236084
2014-11-14,extended,252,expanding,0.9472581744194031,0.7960484027862549
2014-11-17,extended,252,expanding,1.050959587097168,1.4378482103347778
2014-11-18,extended,252,expanding,0.6759117841720581,0.7680084705352783
2014-11-19,extended,252,expanding,0.7302672863006592,0.7361522912979126
2014-11-20,extended,252,expanding,0.5630322694778442,0.6539958715438843
2014-11-21,extended,252,expanding,0.9204502105712891,0.8293321132659912
2014-11-25,extended,252,expanding,0.5002789497375488,0.6358722448348999
2014-11-26,extended,252,expanding,0.385690301656723,0.524246096611023
2014-11-27,extended,252,expanding,0.504334568977356,0.6018692255020142
2014-11-28,extended,252,expanding,0.5068784952163696,0.628827691078186
2014-12-01,extended,252,expanding,0.6539518237113953,0.5395141243934631
2014-12-02,extended,252,expanding,0.5160252451896667,0.6607481241226196
2014-12-03,extended,252,expanding,0.6252871155738831,0.5798258185386658
2014-12-04,extended,252,expanding,0.5004116892814636,0.4989188313484192
2014-12-05,extended,252,expanding,0.4289572238922119,0.6331088542938232
2014-12-08,extended,252,expanding,0.6913245320320129,0.5160053372383118
2014-12-09,extended,252,expanding,0.47860804200172424,0.5014309287071228
2014-12-10,extended,252,expanding,0.981933057308197,0.9958105683326721
2014-12-11,extended,252,expanding,0.9269739985466003,0.9456974267959595
2014-12-12,extended,252,expanding,0.8396664261817932,0.8430794477462769
2014-12-15,extended,252,expanding,0.9241033792495728,0.9016062021255493
2014-12-16,extended,252,expanding,0.6408950090408325,0.8402984142303467
2014-12-17,extended,252,expanding,0.881768524646759,0.8945369124412537
2014-12-18,extended,252,expanding,0.6592803597450256,0.6796136498451233
2014-12-19,extended,252,expanding,0.5467007756233215,0.624183177947998
2014-12-22,extended,252,expanding,0.5493420362472534,0.5233652591705322
2014-12-24,extended,252,expanding,0.3262926936149597,0.485709547996521
2014-12-25,extended,252,expanding,0.296695351600647,0.4168403744697571
2014-12-26,extended,252,expanding,0.31702592968940735,0.4392530918121338
2014-12-29,extended,252,expanding,0.9882990121841431,0.8635258078575134
2014-12-30,extended,252,expanding,0.6727876663208008,0.8349020481109619
2015-01-05,extended,252,expanding,1.0581647157669067,0.941455066204071
2015-01-06,extended,252,expanding,0.8368667960166931,0.9215889573097229
2015-01-07,extended,252,expanding,0.7904089689254761,0.6956160664558411
2015-01-08,extended,252,expanding,0.6772491931915283,0.7754901051521301
2015-01-09,extended,252,expanding,0.7487350106239319,0.7957473397254944
2015-01-13,extended,252,expanding,0.9260557293891907,0.8314217925071716
2015-01-14,extended,252,expanding,0.8942583203315735,0.9281639456748962
2015-01-15,extended,252,expanding,0.9189710021018982,0.8968744874000549
2015-01-16,extended,252,expanding,1.0484914779663086,1.0112266540527344
2015-01-19,extended,252,expanding,0.798159122467041,0.7399677634239197
2015-01-20,extended,252,expanding,0.7273281812667847,0.9580986499786377
2015-01-21,extended,252,expanding,0.6536433100700378,0.6579136252403259
2015-01-22,extended,252,expanding,0.6781051754951477,0.6048743724822998
2015-01-23,extended,252,expanding,0.4288506805896759,0.5309581160545349
2015-01-26,extended,252,expanding,0.5836031436920166,0.6365410089492798
2015-01-27,extended,252,expanding,0.5117294192314148,0.5156627893447876
2015-01-28,extended,252,expanding,0.5604073405265808,0.7117188572883606
2015-01-29,extended,252,expanding,0.6478827595710754,0.655192494392395
2015-01-30,extended,252,expanding,0.6040748357772827,0.5325279235839844
2015-02-02,extended,252,expanding,0.6687341928482056,0.6130865812301636
2015-02-03,extended,252,expanding,0.8945028185844421,1.020627737045288
2015-02-04,extended,252,expanding,0.7012463808059692,0.7927150726318359
2015-02-05,extended,252,expanding,0.7510251402854919,0.6048262119293213
2015-02-06,extended,252,expanding,0.47369715571403503,0.5235464572906494
2015-02-09,extended,252,expanding,0.5304527282714844,0.5294390916824341
2015-02-10,extended,252,expanding,0.4538056552410126,0.5278255939483643
2015-02-12,extended,252,expanding,0.5000195503234863,0.4859549105167389
2015-02-13,extended,252,expanding,0.5767446160316467,0.4568082094192505
2015-02-16,extended,252,expanding,0.49525174498558044,0.45709773898124695
2015-02-17,extended,252,expanding,0.41838493943214417,0.4503343403339386
2015-02-18,extended,252,expanding,0.31954431533813477,0.462417870759964
2015-02-19,extended,252,expanding,0.3720810115337372,0.4075852036476135
2015-02-20,extended,252,expanding,0.3649754226207733,0.39982330799102783
2015-02-23,extended,252,expanding,0.3887742757797241,0.42506998777389526
2015-02-24,extended,252,expanding,0.4332820475101471,0.4821404814720154
2015-02-25,extended,252,expanding,0.4532299041748047,0.3965756595134735
2015-02-26,extended,252,expanding,0.49888864159584045,0.5692782402038574
2015-02-27,extended,252,expanding,0.5271544456481934,0.4849288761615753
2015-03-02,extended,252,expanding,0.4335555136203766,0.4979519248008728
2015-03-03,extended,252,expanding,0.5533601641654968,0.48648524284362793
2015-03-04,extended,252,expanding,0.525597095489502,0.48736101388931274
2015-03-05,extended,252,expanding,0.42018088698387146,0.4506940245628357
2015-03-06,extended,252,expanding,0.505321204662323,0.4808768630027771
2015-03-09,extended,252,expanding,0.5512269735336304,0.5188267230987549
2015-03-10,extended,252,expanding,0.7741672396659851,0.8304198980331421
2015-03-11,extended,252,expanding,0.601202130317688,0.680070698261261
2015-03-12,extended,252,expanding,0.7062233090400696,0.6254555583000183
2015-03-13,extended,252,expanding,0.6453717350959778,0.7829810380935669
2015-03-16,extended,252,expanding,0.5888770818710327,0.4696168303489685
2015-03-17,extended,252,expanding,0.3184524178504944,0.4531274437904358
2015-03-18,extended,252,expanding,0.49470147490501404,0.486162006855011
2015-03-19,extended,252,expanding,0.8398205637931824,0.6395354866981506
2015-03-20,extended,252,expanding,0.40309643745422363,0.5355029702186584
2015-03-23,extended,252,expanding,0.49912554025650024,0.4784334897994995
2015-03-24,extended,252,expanding,0.504513144493103,0.43513649702072144
2015-03-25,extended,252,expanding,0.6076487302780151,0.5591427683830261
2015-03-26,extended,252,expanding,0.7393008470535278,0.6566349267959595
2015-03-27,extended,252,expanding,1.2476948499679565,1.0451183319091797
2015-03-30,extended,252,expanding,0.791974663734436,0.7886223793029785
2015-03-31,extended,252,expanding,0.87098228931427,0.9548185467720032
2015-04-01,extended,252,expanding,1.2389111518859863,0.844425618648529
2015-04-02,extended,252,expanding,0.8624421954154968,0.9159499406814575
2015-04-03,extended,252,expanding,0.6874845623970032,0.6662194728851318
2015-04-06,extended,252,expanding,0.7400668859481812,0.6450568437576294
2015-04-07,extended,252,expanding,0.608623743057251,0.6021699905395508
2015-04-08,extended,252,expanding,0.5820112228393555,0.6162918210029602
2015-04-09,extended,252,expanding,0.43787917494773865,0.5413035154342651
2015-04-10,extended,252,expanding,0.6253153681755066,0.552343487739563
2015-04-13,extended,252,expanding,0.6261552572250366,0.5308544635772705
2015-04-14,extended,252,expanding,0.41001859307289124,0.4805322587490082
2015-04-15,extended,252,expanding,0.3786894381046295,0.45527300238609314
2015-04-16,extended,252,expanding,0.45100709795951843,0.5186207890510559
2015-04-17,extended,252,expanding,0.7775561809539795,0.6027169823646545
2015-04-20,extended,252,expanding,0.6633402705192566,0.7225213050842285
2015-04-21,extended,252,expanding,0.4835294187068939,0.633172869682312
2015-04-22,extended,252,expanding,0.5110162496566772,0.5189152359962463
2015-04-23,extended,252,expanding,0.35762783885002136,0.5119819045066833
2015-04-24,extended,252,expanding,0.4764888286590576,0.5185996294021606
2015-04-27,extended,252,expanding,0.6304599642753601,0.5054639577865601
2015-04-28,extended,252,expanding,0.4181796610355377,0.4351242184638977
2015-04-30,extended,252,expanding,0.8985085487365723,0.9381466507911682
2015-05-01,extended,252,expanding,0.7258315086364746,0.5813118815422058
2015-05-07,extended,252,expanding,0.7948581576347351,0.6697378158569336
2015-05-08,extended,252,expanding,0.48748257756233215,0.562886118888855
2015-05-11,extended,252,expanding,0.4058670699596405,0.43049439787864685
2015-05-12,extended,252,expanding,0.4555272161960602,0.46457281708717346
2015-05-13,extended,252,expanding,0.6834728121757507,0.676658570766449
2015-05-14,extended,252,expanding,0.5555697679519653,0.5446867346763611
2015-05-15,extended,252,expanding,0.5401253700256348,0.43882590532302856
2015-05-18,extended,252,expanding,0.39015886187553406,0.44722265005111694
2015-05-19,extended,252,expanding,0.41756612062454224,0.4324648976325989
2015-05-20,extended,252,expanding,0.4776521623134613,0.42198657989501953
2015-05-21,extended,252,expanding,0.503243625164032,0.44958922266960144
2015-05-22,extended,252,expanding,0.5288338661193848,0.46229779720306396
2015-05-25,extended,252,expanding,0.29894542694091797,0.39548057317733765
2015-05-26,extended,252,expanding,0.38567203283309937,0.39303433895111084
2015-05-27,extended,252,expanding,0.3937726318836212,0.4449528753757477
2015-05-28,extended,252,expanding,0.49497613310813904,0.4838465452194214
2015-05-29,extended,252,expanding,0.5925613641738892,0.4239749312400818
2015-06-01,extended,252,expanding,0.42241454124450684,0.5425857305526733
2015-06-02,extended,252,expanding,0.459268718957901,0.4411810040473938
2015-06-03,extended,252,expanding,0.4374544620513916,0.46101289987564087
2015-06-04,extended,252,expanding,0.35229718685150146,0.4649657607078552
2015-06-05,extended,252,expanding,0.42145153880119324,0.4962184429168701
2015-06-08,extended,252,expanding,0.5375503301620483,0.478018581867218
2015-06-09,extended,252,expanding,0.4522037208080292,0.6802485585212708
2015-06-10,extended,252,expanding,0.9109494686126709,0.582905650138855
2015-06-11,extended,252,expanding,0.6243759989738464,0.6180174350738525
2015-06-12,extended,252,expanding,0.5033267736434937,0.4635729193687439
2015-06-15,extended,252,expanding,0.528656542301178,0.5444302558898926
2015-06-16,extended,252,expanding,0.6188594698905945,0.4949348568916321
2015-06-17,extended,252,expanding,0.508975625038147,0.5557159185409546
2015-06-18,extended,252,expanding,0.6404449939727783,0.6170760989189148
2015-06-19,extended,252,expanding,0.5380146503448486,0.4665096402168274
2015-06-22,extended,252,expanding,0.606666624546051,0.6656001806259155
2015-06-23,extended,252,expanding,0.5819014310836792,0.6881154179573059
2015-06-24,extended,252,expanding,0.4910257160663605,0.44072622060775757
2015-06-25,extended,252,expanding,0.37538450956344604,0.474334180355072
2015-06-26,extended,252,expanding,0.5097277760505676,0.471990168094635
2015-06-29,extended,252,expanding,0.9721580147743225,0.7706946730613708
2015-06-30,extended,252,expanding,0.6717302203178406,0.6080320477485657
2015-07-01,extended,252,expanding,0.44181159138679504,0.5309857130050659
2015-07-02,extended,252,expanding,0.44445064663887024,0.483112633228302
2015-07-03,extended,252,expanding,0.33597615361213684,0.502012312412262
2015-07-06,extended,252,expanding,0.7737877368927002,0.8237623572349548
2015-07-07,extended,252,expanding,0.4405149519443512,0.47348716855049133
2015-07-08,extended,252,expanding,1.2377485036849976,1.3806242942810059
2015-07-09,extended,252,expanding,1.545491337776184,1.449764609336853
2015-07-10,extended,252,expanding,1.0695366859436035,0.9377042651176453
2015-07-13,extended,252,expanding,0.7222395539283752,0.7419606447219849
2015-07-14,extended,252,expanding,0.5919382572174072,0.5475205183029175
2015-07-15,extended,252,expanding,0.46422240138053894,0.5361348986625671
2015-07-16,extended,252,expanding,0.3781421482563019,0.5097262859344482
2015-07-17,extended,252,expanding,0.26528453826904297,0.42330044507980347
2015-07-21,extended,252,expanding,0.3302123546600342,0.45699968934059143
2015-07-22,extended,252,expanding,0.41083353757858276,0.46774792671203613
2015-07-23,extended,252,expanding,0.2849535048007965,0.4136291742324829
2015-07-24,extended,252,expanding,0.3905370235443115,0.45256924629211426
2015-07-27,extended,252,expanding,0.7914097309112549,0.5829010009765625
2015-07-28,extended,252,expanding,1.1183491945266724,0.7637783885002136
2015-07-29,extended,252,expanding,0.7152554392814636,0.625358521938324
2015-07-30,extended,252,expanding,0.4574918746948242,0.5251147150993347
2015-07-31,extended,252,expanding,0.3614964485168457,0.49308058619499207
2015-08-03,extended,252,expanding,0.4972071647644043,0.5014074444770813
2015-08-04,extended,252,expanding,0.43941158056259155,0.43972116708755493
2015-08-05,extended,252,expanding,0.5528046488761902,0.5713448524475098
2015-08-06,extended,252,expanding,0.38921189308166504,0.477276086807251
2015-08-07,extended,252,expanding,0.6038485169410706,0.512773334980011
2015-08-10,extended,252,expanding,0.4211048483848572,0.5237139463424683
2015-08-11,extended,252,expanding,0.922819972038269,0.7314429879188538
2015-08-12,extended,252,expanding,1.0630121231079102,0.9268732070922852
2015-08-13,extended,252,expanding,0.7906642556190491,0.7757325768470764
2015-08-14,extended,252,expanding,0.5731997489929199,0.531265139579773
2015-08-17,extended,252,expanding,0.4693460464477539,0.48983973264694214
2015-08-18,extended,252,expanding,0.4141949415206909,0.470397412776947
2015-08-19,extended,252,expanding,0.7090916037559509,0.7527500987052917
2015-08-20,extended,252,expanding,0.8051279187202454,0.6363109350204468
2015-08-21,extended,252,expanding,1.0035890340805054,1.0910556316375732
2015-08-24,extended,252,expanding,1.962286353111267,2.179429769515991
2015-08-25,extended,252,expanding,3.6375157833099365,2.7590737342834473
2015-08-26,extended,252,expanding,2.1537983417510986,1.9950053691864014
2015-08-27,extended,252,expanding,1.343263030052185,1.3873342275619507
2015-08-28,extended,252,expanding,1.1837245225906372,1.1172629594802856
2015-08-31,extended,252,expanding,1.218310832977295,1.0085417032241821
2015-09-01,extended,252,expanding,1.3787258863449097,1.7026913166046143
2015-09-02,extended,252,expanding,2.5988378524780273,1.5429550409317017
2015-09-03,extended,252,expanding,1.236472725868225,1.2127426862716675
2015-09-04,extended,252,expanding,1.9289902448654175,1.77886962890625
2015-09-07,extended,252,expanding,2.28863787651062,1.5080193281173706
2015-09-08,extended,252,expanding,1.40399169921875,1.6756411790847778
2015-09-09,extended,252,expanding,2.089393138885498,2.1404080390930176
2015-09-10,extended,252,expanding,2.2081820964813232,1.5564688444137573
2015-09-11,extended,252,expanding,1.2127571105957031,1.1554163694381714
2015-09-14,extended,252,expanding,1.2906138896942139,1.2710374593734741
2015-09-15,extended,252,expanding,1.5159481763839722,1.1068123579025269
2015-09-16,extended,252,expanding,0.9210177063941956,1.0306010246276855
2015-09-17,extended,252,expanding,0.8303213715553284,0.8483610153198242
2015-09-18,extended,252,expanding,1.0018258094787598,1.017421007156372
2015-09-24,extended,252,expanding,0.8564891219139099,1.1953428983688354
2015-09-25,extended,252,expanding,1.4530583620071411,1.055038332939148
2015-09-28,extended,252,expanding,1.4043388366699219,1.1903859376907349
2015-09-29,extended,252,expanding,1.3320951461791992,1.6326156854629517
2015-09-30,extended,252,expanding,1.0513970851898193,1.1311367750167847
2015-10-01,extended,252,expanding,1.3138631582260132,1.2112239599227905
2015-10-02,extended,252,expanding,0.9131217002868652,0.9454383850097656
2015-10-05,extended,252,expanding,0.8933115601539612,0.819707989692688
2015-10-06,extended,252,expanding,0.9813218712806702,0.9512867331504822
2015-10-07,extended,252,expanding,1.1719655990600586,1.0166059732437134
2015-10-08,extended,252,expanding,0.9694315195083618,0.9650251269340515
2015-10-09,extended,252,expanding,0.8293681740760803,0.8548251986503601
2015-10-13,extended,252,expanding,0.6571257710456848,0.7067870497703552
2015-10-14,extended,252,expanding,1.0662360191345215,0.9931126236915588
2015-10-15,extended,252,expanding,1.1353076696395874,1.0620113611221313
2015-10-16,extended,252,expanding,0.8112134337425232,0.7427858114242554
2015-10-19,extended,252,expanding,1.273208498954773,0.8330509662628174
2015-10-20,extended,252,expanding,0.41949713230133057,0.6342046856880188
2015-10-21,extended,252,expanding,0.844047486782074,1.0130559206008911
2015-10-22,extended,252,expanding,0.6998883485794067,0.7212089896202087
2015-10-23,extended,252,expanding,0.6981733441352844,0.6642475128173828
2015-10-26,extended,252,expanding,0.49373117089271545,0.7129887342453003
2015-10-27,extended,252,expanding,0.6192496418952942,0.6286585330963135
2015-10-28,extended,252,expanding,0.6311695575714111,0.508843719959259
2015-10-29,extended,252,expanding,0.6804276704788208,0.7946840524673462
2015-10-30,extended,252,expanding,1.2854455709457397,0.9657148718833923
2015-11-02,extended,252,expanding,0.7768219709396362,0.8954182863235474
2015-11-04,extended,252,expanding,0.7363115549087524,0.7271100282669067
2015-11-05,extended,252,expanding,0.5653921365737915,0.6257205009460449
2015-11-06,extended,252,expanding,0.4568927586078644,0.5647456645965576
2015-11-09,extended,252,expanding,0.6348910331726074,0.8005884289741516
2015-11-10,extended,252,expanding,0.6183456182479858,0.6593795418739319
2015-11-11,extended,252,expanding,0.5824939608573914,0.5935114622116089
2015-11-12,extended,252,expanding,0.48512184619903564,0.5699061155319214
2015-11-13,extended,252,expanding,0.6875196099281311,0.637598991394043
2015-11-16,extended,252,expanding,0.560400664806366,0.6492233276367188
2015-11-17,extended,252,expanding,0.46810710430145264,0.542406439781189
2015-11-18,extended,252,expanding,0.4827001988887787,0.5690336227416992
2015-11-19,extended,252,expanding,0.7402960658073425,0.6100891828536987
2015-11-20,extended,252,expanding,0.6247498393058777,0.5919124484062195
2015-11-24,extended,252,expanding,0.3820023834705353,0.46796900033950806
2015-11-25,extended,252,expanding,0.4598902463912964,0.44238895177841187
2015-11-26,extended,252,expanding,0.3689866065979004,0.443955659866333
2015-11-27,extended,252,expanding,0.4605279862880707,0.5273670554161072
2015-11-30,extended,252,expanding,0.6064503192901611,0.5315070152282715
2015-12-01,extended,252,expanding,0.5101131796836853,0.5855178833007812
2015-12-02,extended,252,expanding,0.34843239188194275,0.46150267124176025
2015-12-03,extended,252,expanding,0.4162549674510956,0.47665828466415405
2015-12-04,extended,252,expanding,0.5892066955566406,0.7289943099021912
2015-12-07,extended,252,expanding,0.4453209638595581,0.5648196339607239
2015-12-08,extended,252,expanding,0.6929853558540344,0.7914296388626099
2015-12-09,extended,252,expanding,0.6842573285102844,0.7698861360549927
2015-12-10,extended,252,expanding,0.6658722758293152,0.6180382966995239
2015-12-11,extended,252,expanding,0.7242001295089722,0.8100910186767578
2015-12-14,extended,252,expanding,0.9936869740486145,1.0102219581604004
2015-12-15,extended,252,expanding,0.7940593957901001,1.0281622409820557
2015-12-16,extended,252,expanding,0.5989843606948853,0.6674957871437073
2015-12-17,extended,252,expanding,0.7954904437065125,0.6296416521072388
2015-12-18,extended,252,expanding,3.4821786880493164,1.703626275062561
2015-12-21,extended,252,expanding,1.190094232559204,1.200698971748352
2015-12-22,extended,252,expanding,0.5909653902053833,0.7074880003929138
2015-12-24,extended,252,expanding,0.6499900817871094,0.9449308514595032
2015-12-25,extended,252,expanding,0.5625556111335754,0.7351755499839783
2015-12-28,extended,252,expanding,0.5856383442878723,0.6956662535667419
2015-12-29,extended,252,expanding,0.5353645086288452,0.6645092368125916
2015-12-30,extended,252,expanding,0.42151105403900146,0.5353193283081055
2016-01-04,extended,252,expanding,1.0663046836853027,1.3593246936798096
2016-01-05,extended,252,expanding,1.1846498250961304,0.8261604905128479
2016-01-06,extended,252,expanding,1.3006739616394043,1.1541208028793335
2016-01-07,extended,252,expanding,1.2326709032058716,1.3771781921386719
2016-01-08,extended,252,expanding,1.541973352432251,1.3748751878738403
2016-01-12,extended,252,expanding,1.2476013898849487,1.467783808708191
2016-01-13,extended,252,expanding,0.9683815240859985,1.098502278327942
2016-01-14,extended,252,expanding,1.810240626335144,1.5372039079666138
2016-01-15,extended,252,expanding,1.30141019821167,1.5137957334518433
2016-01-18,extended,252,expanding,1.6967284679412842,1.3091938495635986
2016-01-19,extended,252,expanding,1.5084370374679565,1.1056053638458252
2016-01-20,extended,252,expanding,1.5436816215515137,2.016509771347046
2016-01-21,extended,252,expanding,2.32877779006958,2.0619730949401855
2016-01-22,extended,252,expanding,1.9137980937957764,1.8451671600341797
2016-01-25,extended,252,expanding,1.4351030588150024,1.2146838903427124
2016-01-26,extended,252,expanding,1.0102757215499878,1.0996757745742798
2016-01-27,extended,252,expanding,1.4395557641983032,1.1096726655960083
2016-01-28,extended,252,expanding,1.1068257093429565,1.128721833229065
2016-01-29,extended,252,expanding,3.8436038494110107,2.0181541442871094
2016-02-01,extended,252,expanding,0.8997223973274231,1.2537049055099487
2016-02-02,extended,252,expanding,0.8825296759605408,0.8902735114097595
2016-02-03,extended,252,expanding,1.4886773824691772,1.5227464437484741
2016-02-04,extended,252,expanding,1.562095046043396,1.1362895965576172
2016-02-05,extended,252,expanding,1.3179773092269897,1.1599096059799194
2016-02-08,extended,252,expanding,1.3071801662445068,1.420688509941101
2016-02-09,extended,252,expanding,2.066378355026245,2.103480577468872
2016-02-10,extended,252,expanding,1.9661418199539185,2.248307228088379
2016-02-12,extended,252,expanding,3.298257827758789,2.190060615539551
2016-02-15,extended,252,expanding,2.2779600620269775,2.4245352745056152
2016-02-16,extended,252,expanding,1.8272876739501953,1.6429420709609985
2016-02-17,extended,252,expanding,2.1376309394836426,1.6808605194091797
2016-02-18,extended,252,expanding,1.545595645904541,1.2214527130126953
2016-02-19,extended,252,expanding,1.1936681270599365,1.2083053588867188
2016-02-22,extended,252,expanding,1.5354989767074585,1.21116042137146
2016-02-23,extended,252,expanding,1.1347639560699463,1.1927911043167114
2016-02-24,extended,252,expanding,1.3322545289993286,1.098666787147522
2016-02-25,extended,252,expanding,1.1607089042663574,1.093578577041626
2016-02-26,extended,252,expanding,1.2012499570846558,1.0775272846221924
2016-02-29,extended,252,expanding,1.2115248441696167,1.2999671697616577
2016-03-01,extended,252,expanding,1.3815250396728516,1.0429710149765015
2016-03-02,extended,252,expanding,1.1011861562728882,1.3387316465377808
2016-03-03,extended,252,expanding,1.1003551483154297,1.0054712295532227
2016-03-04,extended,252,expanding,0.9459711313247681,0.8601549863815308
2016-03-07,extended,252,expanding,0.7459259629249573,0.7555433511734009
2016-03-08,extended,252,expanding,0.9384163022041321,1.0300333499908447
2016-03-09,extended,252,expanding,1.0458076000213623,0.8692359328269958
2016-03-10,extended,252,expanding,0.6779834628105164,0.7814157605171204
2016-03-11,extended,252,expanding,1.2453924417495728,1.0909210443496704
2016-03-14,extended,252,expanding,0.5965444445610046,0.7785056829452515
2016-03-15,extended,252,expanding,0.9777960777282715,0.8117353916168213
2016-03-16,extended,252,expanding,0.8164533376693726,0.7097357511520386
2016-03-17,extended,252,expanding,1.0355806350708008,1.0910077095031738
2016-03-18,extended,252,expanding,1.0119638442993164,1.0095875263214111
2016-03-22,extended,252,expanding,1.2734378576278687,0.8572223782539368
2016-03-23,extended,252,expanding,0.843512237071991,0.8054952025413513
2016-03-24,extended,252,expanding,0.8804982304573059,0.8346260786056519
2016-03-25,extended,252,expanding,0.8100930452346802,0.7069228291511536
2016-03-28,extended,252,expanding,0.9132172465324402,0.7730116844177246
2016-03-29,extended,252,expanding,0.8510221242904663,0.7666714191436768
2016-03-30,extended,252,expanding,0.7272773385047913,0.8163837194442749
2016-03-31,extended,252,expanding,0.9560953378677368,0.9019254446029663
2016-04-01,extended,252,expanding,1.3785910606384277,1.6337716579437256
2016-04-04,extended,252,expanding,1.2305289506912231,1.0027331113815308
2016-04-05,extended,252,expanding,1.2038791179656982,1.3611952066421509
2016-04-06,extended,252,expanding,1.1688817739486694,1.0491416454315186
2016-04-07,extended,252,expanding,1.200049877166748,1.1077433824539185
2016-04-08,extended,252,expanding,1.4362235069274902,1.4258801937103271
2016-04-11,extended,252,expanding,1.3981162309646606,1.0624507665634155
2016-04-12,extended,252,expanding,1.1861941814422607,1.0423145294189453
2016-04-13,extended,252,expanding,0.9662289619445801,1.0797654390335083
2016-04-14,extended,252,expanding,0.9266125559806824,1.122865080833435
2016-04-15,extended,252,expanding,1.0565974712371826,0.9230215549468994
2016-04-18,extended,252,expanding,1.436441421508789,0.9642024040222168
2016-04-19,extended,252,expanding,1.4159002304077148,1.1494758129119873
2016-04-20,extended,252,expanding,0.8986040949821472,0.9461185932159424
2016-04-21,extended,252,expanding,0.6656411290168762,0.8616331219673157
2016-04-22,extended,252,expanding,1.4210418462753296,1.039072871208191
2016-04-25,extended,252,expanding,1.1113479137420654,0.9555332064628601
2016-04-26,extended,252,expanding,0.8296947479248047,0.8575221300125122
2016-04-27,extended,252,expanding,0.7356243133544922,0.7194977402687073
2016-04-28,extended,252,expanding,4.037270545959473,2.2079241275787354
2016-05-02,extended,252,expanding,1.8852739334106445,1.7235386371612549
2016-05-06,extended,252,expanding,0.9458868503570557,1.2020248174667358
2016-05-09,extended,252,expanding,0.6826871633529663,0.8098383545875549
2016-05-10,extended,252,expanding,0.9034157991409302,1.156477451324463
2016-05-11,extended,252,expanding,1.0890073776245117,0.9996872544288635
2016-05-12,extended,252,expanding,0.887805700302124,0.9985529780387878
2016-05-13,extended,252,expanding,1.1071228981018066,1.1096346378326416
2016-05-16,extended,252,expanding,1.2055784463882446,0.9016802906990051
2016-05-17,extended,252,expanding,0.8919961452484131,0.7465811371803284
2016-05-18,extended,252,expanding,1.2892364263534546,0.9257720112800598
2016-05-19,extended,252,expanding,0.8933771848678589,0.9712127447128296
2016-05-20,extended,252,expanding,0.75895094871521,0.8644307255744934
2016-05-23,extended,252,expanding,0.9520477056503296,0.9156532883644104
2016-05-24,extended,252,expanding,0.7333223223686218,0.7204498648643494
2016-05-25,extended,252,expanding,0.45368456840515137,0.6134511828422546
2016-05-26,extended,252,expanding,0.6399602293968201,0.7245295643806458
2016-05-27,extended,252,expanding,0.4759734272956848,0.6391868591308594
2016-05-30,extended,252,expanding,0.4913768768310547,0.6195943355560303
2016-05-31,extended,252,expanding,0.518775463104248,0.7643074989318848
2016-06-01,extended,252,expanding,0.6837883591651917,0.7845165133476257
2016-06-02,extended,252,expanding,0.9795601963996887,0.9732008576393127
2016-06-03,extended,252,expanding,0.8666326999664307,0.7733062505722046
2016-06-06,extended,252,expanding,0.863338053226471,0.9353594183921814
2016-06-07,extended,252,expanding,0.6715475916862488,0.7427292466163635
2016-06-08,extended,252,expanding,0.8457896709442139,0.8055448532104492
2016-06-09,extended,252,expanding,0.6698670983314514,0.7710307240486145
2016-06-10,extended,252,expanding,0.685681164264679,0.6680973172187805
2016-06-13,extended,252,expanding,0.7422822117805481,1.0852690935134888
2016-06-14,extended,252,expanding,1.2516831159591675,1.0116112232208252
2016-06-15,extended,252,expanding,1.0969523191452026,0.9347838163375854
2016-06-16,extended,252,expanding,1.3885588645935059,1.609197735786438
2016-06-17,extended,252,expanding,1.1375908851623535,0.9707853198051453
2016-06-20,extended,252,expanding,0.947904646396637,0.867401659488678
2016-06-21,extended,252,expanding,0.9108080267906189,1.1073622703552246
2016-06-22,extended,252,expanding,0.879840075969696,0.8183849453926086
2016-06-23,extended,252,expanding,0.5856910347938538,0.8438106179237366
2016-06-24,extended,252,expanding,4.8147125244140625,4.767461776733398
2016-06-27,extended,252,expanding,1.5696028470993042,1.613110065460205
2016-06-28,extended,252,expanding,1.5905482769012451,1.5971996784210205
2016-06-29,extended,252,expanding,1.033029317855835,1.1902825832366943
2016-06-30,extended,252,expanding,0.7376991510391235,1.0459132194519043
2016-07-01,extended,252,expanding,0.8345628976821899,0.8484036326408386
2016-07-04,extended,252,expanding,0.8172775506973267,0.9729147553443909
2016-07-05,extended,252,expanding,0.5802201628684998,0.7115091681480408
2016-07-06,extended,252,expanding,0.9345049858093262,0.9951524138450623
2016-07-07,extended,252,expanding,0.960181474685669,0.8394364714622498
2016-07-08,extended,252,expanding,0.8835567831993103,1.142357349395752
2016-07-11,extended,252,expanding,1.0997540950775146,1.435291051864624
2016-07-12,extended,252,expanding,1.218227505683899,1.1315200328826904
2016-07-13,extended,252,expanding,1.0355910062789917,0.9604652523994446
2016-07-15,extended,252,expanding,1.0242836475372314,0.9120877385139465
2016-07-19,extended,252,expanding,0.6892654895782471,0.819823682308197
2016-07-20,extended,252,expanding,0.7020190954208374,0.6467674970626831
2016-07-21,extended,252,expanding,0.6503658890724182,0.7472999691963196
2016-07-22,extended,252,expanding,0.7570444941520691,0.6462507247924805
2016-07-25,extended,252,expanding,0.7898123860359192,0.6599295139312744
2016-07-26,extended,252,expanding,0.8631693720817566,0.7657309770584106
2016-07-27,extended,252,expanding,1.3050354719161987,0.8919432163238525
2016-07-28,extended,252,expanding,0.7817545533180237,0.7525411248207092
2016-07-29,extended,252,expanding,2.9795308113098145,1.1677402257919312
2016-08-01,extended,252,expanding,0.9494179487228394,1.1277331113815308
2016-08-02,extended,252,expanding,0.7269504070281982,0.730614185333252
2016-08-03,extended,252,expanding,1.055442214012146,0.855443000793457
2016-08-04,extended,252,expanding,1.1775779724121094,1.0340626239776611
2016-08-05,extended,252,expanding,0.73040771484375,0.7327113151550293
2016-08-08,extended,252,expanding,0.6046476364135742,0.7272286415100098
2016-08-09,extended,252,expanding,0.6205140352249146,0.6261327266693115
2016-08-10,extended,252,expanding,0.6798567175865173,0.6490073204040527
2016-08-12,extended,252,expanding,0.4315864145755768,0.6222184896469116
2016-08-15,extended,252,expanding,0.36528342962265015,0.539803147315979
2016-08-16,extended,252,expanding,1.1133906841278076,0.7879128456115723
2016-08-17,extended,252,expanding,0.6402986645698547,0.6552085876464844
2016-08-18,extended,252,expanding,0.9901672005653381,0.7228313684463501
2016-08-19,extended,252,expanding,0.8074475526809692,0.6651064157485962
2016-08-22,extended,252,expanding,0.514502227306366,0.5978118181228638
2016-08-23,extended,252,expanding,0.6186231374740601,0.7327538132667542
2016-08-24,extended,252,expanding,0.5441617965698242,0.577755868434906
2016-08-25,extended,252,expanding,0.5232685208320618,0.5861747860908508
2016-08-26,extended,252,expanding,0.8203985691070557,0.6597640514373779
2016-08-29,extended,252,expanding,0.5442261099815369,0.6383914947509766
2016-08-30,extended,252,expanding,0.2758340537548065,0.5184420347213745
2016-08-31,extended,252,expanding,0.36021187901496887,0.5129082202911377
2016-09-01,extended,252,expanding,0.418367475271225,0.5256606340408325
2016-09-02,extended,252,expanding,0.5421878099441528,0.527740478515625
2016-09-05,extended,252,expanding,0.5312119722366333,0.5305474400520325
2016-09-06,extended,252,expanding,0.3416975438594818,0.4938555359840393
2016-09-07,extended,252,expanding,0.48437196016311646,0.5001506805419922
2016-09-08,extended,252,expanding,0.5200518369674683,0.571667492389679
2016-09-09,extended,252,expanding,0.5697178244590759,0.5528678297996521
2016-09-12,extended,252,expanding,0.6346680521965027,0.7453051805496216
2016-09-13,extended,252,expanding,0.6017600297927856,0.5788643956184387
2016-09-14,extended,252,expanding,0.5983334183692932,0.6074608564376831
2016-09-15,extended,252,expanding,0.6458284854888916,0.6427533626556396
2016-09-16,extended,252,expanding,0.4097844660282135,0.56368088722229
2016-09-20,extended,252,expanding,0.7152199745178223,0.5858500003814697
2016-09-21,extended,252,expanding,1.261147141456604,0.986343264579773
2016-09-23,extended,252,expanding,0.4285288453102112,0.5624813437461853
2016-09-26,extended,252,expanding,0.5684448480606079,0.6244770884513855
2016-09-27,extended,252,expanding,0.9250689744949341,0.9603250622749329
2016-09-28,extended,252,expanding,0.5688468217849731,0.6109439134597778
2016-09-29,extended,252,expanding,0.5725529193878174,0.5962181687355042
2016-09-30,extended,252,expanding,0.568519115447998,0.5637069344520569
2016-10-03,extended,252,expanding,0.5273213386535645,0.5212751626968384
2016-10-04,extended,252,expanding,0.5152956247329712,0.5143395662307739
2016-10-05,extended,252,expanding,0.4312155842781067,0.49834415316581726
2016-10-06,extended,252,expanding,0.4694737493991852,0.4878842234611511
2016-10-07,extended,252,expanding,0.3532298505306244,0.5201913118362427
2016-10-11,extended,252,expanding,0.5121108293533325,0.4977826774120331
2016-10-12,extended,252,expanding,0.4256954789161682,0.5405967831611633
2016-10-13,extended,252,expanding,0.7312415242195129,0.631019115447998
2016-10-14,extended,252,expanding,0.6834184527397156,0.5531325936317444
2016-10-17,extended,252,expanding,0.5803168416023254,0.5392156839370728
2016-10-18,extended,252,expanding,0.39912575483322144,0.5097203850746155
2016-10-19,extended,252,expanding,0.35592904686927795,0.47867247462272644
2016-10-20,extended,252,expanding,0.5749053359031677,0.6216671466827393
2016-10-21,extended,252,expanding,0.5389099717140198,0.5441482067108154
2016-10-24,extended,252,expanding,0.3968578577041626,0.4577067792415619
2016-10-25,extended,252,expanding,0.38756951689720154,0.4286286234855652
2016-10-26,extended,252,expanding,0.3842710554599762,0.46814122796058655
2016-10-27,extended,252,expanding,0.4545227885246277,0.5693020820617676
2016-10-28,extended,252,expanding,0.28029292821884155,0.4212785065174103
2016-10-31,extended,252,expanding,0.4442616403102875,0.4535190761089325
2016-11-01,extended,252,expanding,0.5160276889801025,0.4985233247280121
2016-11-02,extended,252,expanding,0.6027249097824097,0.6254602074623108
2016-11-04,extended,252,expanding,0.754879891872406,0.676965594291687
2016-11-07,extended,252,expanding,0.6690884232521057,0.5714261531829834
2016-11-08,extended,252,expanding,0.4833706021308899,0.5512293577194214
2016-11-09,extended,252,expanding,3.849862575531006,2.4856858253479004
2016-11-10,extended,252,expanding,2.8114004135131836,2.165745735168457
2016-11-11,extended,252,expanding,0.9687204360961914,1.167505145072937
2016-11-14,extended,252,expanding,0.7010598182678223,1.0220844745635986
2016-11-15,extended,252,expanding,0.6072629690170288,0.704188346862793
2016-11-16,extended,252,expanding,0.43696674704551697,0.6967900991439819
2016-11-17,extended,252,expanding,0.6785653233528137,0.5780805349349976
2016-11-18,extended,252,expanding,0.46601659059524536,0.5040699243545532
2016-11-21,extended,252,expanding,0.42615148425102234,0.47354578971862793
2016-11-22,extended,252,expanding,0.5271357893943787,0.4567476511001587
2016-11-24,extended,252,expanding,0.3814528286457062,0.521945059299469
2016-11-25,extended,252,expanding,0.6947544813156128,0.5298060774803162
2016-11-28,extended,252,expanding,0.5588774681091309,0.5013142228126526
2016-11-29,extended,252,expanding,0.4100857675075531,0.4170445203781128
2016-11-30,extended,252,expanding,0.44699668884277344,0.5337483286857605
2016-12-01,extended,252,expanding,0.7469645738601685,0.6321924924850464
2016-12-02,extended,252,expanding,0.5730465650558472,0.5584193468093872
2016-12-05,extended,252,expanding,0.5556622743606567,0.5379149913787842
2016-12-06,extended,252,expanding,0.5522757768630981,0.5116947889328003
2016-12-07,extended,252,expanding,0.467422217130661,0.4376348853111267
2016-12-08,extended,252,expanding,0.4401746094226837,0.478074312210083
2016-12-09,extended,252,expanding,0.5747639536857605,0.641029953956604
2016-12-12,extended,252,expanding,0.7241592407226562,0.6187180280685425
2016-12-13,extended,252,expanding,0.5973326563835144,0.5816514492034912
2016-12-14,extended,252,expanding,0.5167465209960938,0.5259462594985962
2016-12-15,extended,252,expanding,0.8124047517776489,0.6299144625663757
2016-12-16,extended,252,expanding,0.45954629778862,0.4582763612270355
2016-12-19,extended,252,expanding,0.3910137116909027,0.46031075716018677
2016-12-20,extended,252,expanding,0.38114750385284424,0.49911096692085266
2016-12-21,extended,252,expanding,0.5928018689155579,0.5503069162368774
2016-12-22,extended,252,expanding,0.5301477313041687,0.4773121774196625
2016-12-26,extended,252,expanding,0.24589456617832184,0.4264518916606903
2016-12-27,extended,252,expanding,0.46171602606773376,0.45461878180503845
2016-12-28,extended,252,expanding,0.35962390899658203,0.44185128808021545
2016-12-29,extended,252,expanding,0.5747138857841492,0.586585283279419
2016-12-30,extended,252,expanding,0.5898568630218506,0.5486647486686707
2017-01-04,extended,252,expanding,0.5337347984313965,0.683978796005249
2017-01-05,extended,252,expanding,0.5212059020996094,0.5124666690826416
2017-01-06,extended,252,expanding,0.4106443226337433,0.495673805475235
2017-01-10,extended,252,expanding,0.7592033743858337,0.5984345078468323
2017-01-11,extended,252,expanding,0.39782819151878357,0.47352713346481323
2017-01-12,extended,252,expanding,0.7079029083251953,0.5951419472694397
2017-01-13,extended,252,expanding,0.5816323757171631,0.5051469802856445
2017-01-16,extended,252,expanding,0.5695990920066833,0.6005945801734924
2017-01-17,extended,252,expanding,0.9037089347839355,0.6857742667198181
2017-01-18,extended,252,expanding,0.7296382784843445,0.7946256995201111
2017-01-19,extended,252,expanding,0.5663987994194031,0.5198453664779663
2017-01-20,extended,252,expanding,0.6571333408355713,0.5228546857833862
2017-01-23,extended,252,expanding,0.6369922757148743,0.6103308200836182
2017-01-24,extended,252,expanding,0.6502918004989624,0.5297490358352661
2017-01-25,extended,252,expanding,0.567960798740387,0.5262054204940796
2017-01-26,extended,252,expanding,0.4774133563041687,0.4932129681110382
2017-01-27,extended,252,expanding,0.5001634955406189,0.4077114760875702
2017-01-30,extended,252,expanding,0.42342957854270935,0.4962311089038849
2017-01-31,extended,252,expanding,0.5440484881401062,0.5302939414978027
2017-02-01,extended,252,expanding,0.599554717540741,0.5872012972831726
2017-02-02,extended,252,expanding,0.6822830438613892,0.7378718852996826
2017-02-03,extended,252,expanding,0.993347704410553,0.6598671674728394
2017-02-06,extended,252,expanding,0.5606110692024231,0.621191143989563
2017-02-07,extended,252,expanding,0.44940534234046936,0.5639961957931519
2017-02-08,extended,252,expanding,0.5361540913581848,0.5129084587097168
2017-02-09,extended,252,expanding,0.5198953747749329,0.5128706693649292
2017-02-10,extended,252,expanding,0.45224952697753906,0.528152346611023
2017-02-13,extended,252,expanding,0.48835280537605286,0.41217127442359924
2017-02-14,extended,252,expanding,0.6370822191238403,0.5977787971496582
2017-02-15,extended,252,expanding,0.340157151222229,0.42500612139701843
2017-02-16,extended,252,expanding,0.5591628551483154,0.4951482117176056
2017-02-17,extended,252,expanding,0.5008618235588074,0.4401053190231323
2017-02-20,extended,252,expanding,0.4872017502784729,0.47445064783096313
2017-02-21,extended,252,expanding,0.34451714158058167,0.44120675325393677
2017-02-22,extended,252,expanding,0.39753925800323486,0.39353305101394653
2017-02-23,extended,252,expanding,0.466205358505249,0.4136364459991455
2017-02-24,extended,252,expanding,0.545671820640564,0.4488581418991089
2017-02-27,extended,252,expanding,0.7651416659355164,0.5062890648841858
2017-02-28,extended,252,expanding,0.5095508098602295,0.48685401678085327
2017-03-01,extended,252,expanding,1.0389153957366943,0.5422847867012024
2017-03-02,extended,252,expanding,0.48378822207450867,0.4514540433883667
2017-03-03,extended,252,expanding,0.4679069221019745,0.5182101726531982
2017-03-06,extended,252,expanding,0.389076828956604,0.39449232816696167
2017-03-07,extended,252,expanding,0.2934364378452301,0.3774735927581787
2017-03-08,extended,252,expanding,0.40689361095428467,0.4387592673301697
2017-03-09,extended,252,expanding,0.4072078466415405,0.3895648717880249
2017-03-10,extended,252,expanding,0.41239941120147705,0.4479963779449463
2017-03-13,extended,252,expanding,0.3549025356769562,0.37529200315475464
2017-03-14,extended,252,expanding,0.19915147125720978,0.3347902297973633
2017-03-15,extended,252,expanding,0.28464585542678833,0.3866593837738037
2017-03-16,extended,252,expanding,0.4710002541542053,0.4002179503440857
2017-03-17,extended,252,expanding,0.3494258224964142,0.3976997137069702
2017-03-21,extended,252,expanding,0.3881458342075348,0.4770507216453552
2017-03-22,extended,252,expanding,0.5327169299125671,0.5433009266853333
2017-03-23,extended,252,expanding,0.5453264713287354,0.5148800015449524
2017-03-24,extended,252,expanding,0.5885257720947266,0.6002441644668579
2017-03-27,extended,252,expanding,0.567314624786377,0.5761521458625793
2017-03-28,extended,252,expanding,0.3235222101211548,0.4541594982147217
2017-03-29,extended,252,expanding,0.4340902268886566,0.39116352796554565
2017-03-30,extended,252,expanding,0.4922437369823456,0.5390451550483704
2017-03-31,extended,252,expanding,0.6181417107582092,0.7344047427177429
2017-04-03,extended,252,expanding,0.554695725440979,0.5284172296524048
2017-04-04,extended,252,expanding,0.8538081645965576,0.672561526298523
2017-04-05,extended,252,expanding,0.6399348378181458,0.6024160385131836
2017-04-06,extended,252,expanding,0.7462509870529175,0.7518828511238098
2017-04-07,extended,252,expanding,1.2681001424789429,0.7628412246704102
2017-04-10,extended,252,expanding,0.5491471290588379,0.5851355195045471
2017-04-11,extended,252,expanding,0.49296948313713074,0.5559665560722351
2017-04-12,extended,252,expanding,0.6030780076980591,0.6055479049682617
2017-04-13,extended,252,expanding,0.5938684940338135,0.6011999845504761
2017-04-14,extended,252,expanding,0.8515931367874146,0.7373321056365967
2017-04-17,extended,252,expanding,0.48604291677474976,0.6745243668556213
2017-04-18,extended,252,expanding,0.5073956847190857,0.6515588760375977
2017-04-19,extended,252,expanding,0.5813726782798767,0.6098771095275879
2017-04-20,extended,252,expanding,0.43500199913978577,0.6036163568496704
2017-04-21,extended,252,expanding,0.39241188764572144,0.5720062851905823
2017-04-24,extended,252,expanding,0.42685386538505554,0.5667684674263
2017-04-25,extended,252,expanding,0.49349895119667053,0.6545395255088806
2017-04-26,extended,252,expanding,0.4114079773426056,0.5706936717033386
2017-04-27,extended,252,expanding,0.34631532430648804,0.5557644963264465
2017-04-28,extended,252,expanding,0.3932180404663086,0.561326801776886
2017-05-01,extended,252,expanding,0.3774406313896179,0.5478716492652893
2017-05-02,extended,252,expanding,0.37212073802948,0.50700443983078
2017-05-08,extended,252,expanding,0.44683367013931274,0.6065855026245117
2017-05-09,extended,252,expanding,0.39351949095726013,0.5609800815582275
2017-05-10,extended,252,expanding,0.42751917243003845,0.5205678343772888
2017-05-11,extended,252,expanding,0.29772090911865234,0.5195524096488953
2017-05-12,extended,252,expanding,0.35534149408340454,0.5349237322807312
2017-05-15,extended,252,expanding,0.34672462940216064,0.5608118176460266
2017-05-16,extended,252,expanding,0.3364280164241791,0.5373519659042358
2017-05-17,extended,252,expanding,0.3780445158481598,0.5435306429862976
2017-05-18,extended,252,expanding,0.5265839099884033,0.48392176628112793
2017-05-19,extended,252,expanding,0.4414779543876648,0.4173259735107422
2017-05-22,extended,252,expanding,0.36917227506637573,0.3558098077774048
2017-05-23,extended,252,expanding,0.34763866662979126,0.37069571018218994
2017-05-24,extended,252,expanding,0.32782188057899475,0.3581106662750244
2017-05-25,extended,252,expanding,0.40404069423675537,0.3814839720726013
2017-05-26,extended,252,expanding,0.3713332414627075,0.3959513306617737
2017-05-29,extended,252,expanding,0.3818655014038086,0.3444381356239319
2017-05-30,extended,252,expanding,0.4150547385215759,0.37621092796325684
2017-05-31,extended,252,expanding,0.3541814386844635,0.3683547377586365
2017-06-01,extended,252,expanding,0.47901082038879395,0.44976115226745605
2017-06-02,extended,252,expanding,0.5777614712715149,0.5908351540565491
2017-06-05,extended,252,expanding,0.3939054012298584,0.3775622844696045
2017-06-06,extended,252,expanding,0.554668128490448,0.5290921330451965
2017-06-07,extended,252,expanding,0.4237467348575592,0.41059261560440063
2017-06-08,extended,252,expanding,0.4978974163532257,0.47046834230422974
2017-06-09,extended,252,expanding,0.6266583800315857,0.45202362537384033
2017-06-12,extended,252,expanding,0.5305700302124023,0.4465291500091553
2017-06-13,extended,252,expanding,0.3174573481082916,0.38099753856658936
2017-06-14,extended,252,expanding,0.4122343063354492,0.4434599280357361
2017-06-15,extended,252,expanding,0.6944157481193542,0.5829495787620544
2017-06-16,extended,252,expanding,0.5459339022636414,0.4627813994884491
2017-06-19,extended,252,expanding,0.3742663562297821,0.4326986074447632
2017-06-20,extended,252,expanding,0.3689539432525635,0.36921390891075134
2017-06-21,extended,252,expanding,0.3816809058189392,0.41430288553237915
2017-06-22,extended,252,expanding,0.41244298219680786,0.3937772214412689
2017-06-23,extended,252,expanding,0.352920264005661,0.3542644679546356
2017-06-26,extended,252,expanding,0.30464795231819153,0.35600709915161133
2017-06-27,extended,252,expanding,0.29076769948005676,0.3461408019065857
2017-06-28,extended,252,expanding,0.37377670407295227,0.4011354446411133
2017-06-29,extended,252,expanding,0.3148251473903656,0.3586321473121643
2017-06-30,extended,252,expanding,0.3880715072154999,0.40675294399261475
2017-07-03,extended,252,expanding,0.3163602352142334,0.3874931037425995
2017-07-04,extended,252,expanding,0.4551140069961548,0.48880255222320557
2017-07-05,extended,252,expanding,0.49905383586883545,0.486806720495224
2017-07-06,extended,252,expanding,0.4543601870536804,0.4381987452507019
2017-07-07,extended,252,expanding,0.5333593487739563,0.45963820815086365
2017-07-10,extended,252,expanding,0.34752047061920166,0.4064505398273468
2017-07-11,extended,252,expanding,0.2637716829776764,0.3828490674495697
2017-07-12,extended,252,expanding,0.3750652074813843,0.3695341944694519
2017-07-13,extended,252,expanding,0.333103746175766,0.4106634557247162
2017-07-14,extended,252,expanding,0.2998218238353729,0.35947102308273315
2017-07-18,extended,252,expanding,0.45818954706192017,0.42625489830970764
2017-07-19,extended,252,expanding,0.26045599579811096,0.38844528794288635
2017-07-20,extended,252,expanding,0.3284386694431305,0.3957612216472626
2017-07-21,extended,252,expanding,0.2574783265590668,0.3759083151817322
2017-07-24,extended,252,expanding,0.3286445736885071,0.4024345278739929
2017-07-25,extended,252,expanding,0.30891701579093933,0.39727357029914856
2017-07-26,extended,252,expanding,0.3010370135307312,0.3826812505722046
2017-07-27,extended,252,expanding,0.42826879024505615,0.4431818127632141
2017-07-28,extended,252,expanding,0.3269859850406647,0.4410151243209839
2017-07-31,extended,252,expanding,0.34381335973739624,0.399237722158432
2017-08-01,extended,252,expanding,0.3701228201389313,0.37615475058555603
2017-08-02,extended,252,expanding,0.3556900918483734,0.36807987093925476
2017-08-03,extended,252,expanding,0.3795364201068878,0.3985883891582489
2017-08-04,extended,252,expanding,0.2055077999830246,0.37914684414863586
2017-08-07,extended,252,expanding,0.19880962371826172,0.3221597969532013
2017-08-08,extended,252,expanding,0.29422396421432495,0.37290501594543457
2017-08-09,extended,252,expanding,0.7205450534820557,0.6194197535514832
2017-08-10,extended,252,expanding,0.463077574968338,0.49498507380485535
2017-08-14,extended,252,expanding,0.473076730966568,0.44765087962150574
2017-08-15,extended,252,expanding,0.4876159727573395,0.44395172595977783
2017-08-16,extended,252,expanding,0.30335959792137146,0.3557019829750061
2017-08-17,extended,252,expanding,0.3221808671951294,0.3514302968978882
2017-08-18,extended,252,expanding,0.39281168580055237,0.4685960114002228
2017-08-21,extended,252,expanding,0.39614400267601013,0.42500439286231995
2017-08-22,extended,252,expanding,0.3709500730037689,0.3676230311393738
2017-08-23,extended,252,expanding,0.3755699694156647,0.4320966601371765
2017-08-24,extended,252,expanding,0.3368798494338989,0.38483333587646484
2017-08-25,extended,252,expanding,0.3610420525074005,0.3636881113052368
2017-08-28,extended,252,expanding,0.3978266417980194,0.3592197597026825
2017-08-29,extended,252,expanding,0.3437117338180542,0.3702349364757538
2017-08-30,extended,252,expanding,0.3561752140522003,0.35951530933380127
2017-08-31,extended,252,expanding,0.33029797673225403,0.3542500138282776
2017-09-01,extended,252,expanding,0.332030713558197,0.3622695505619049
2017-09-04,extended,252,expanding,0.4532468318939209,0.42029306292533875
2017-09-05,extended,252,expanding,0.5307310223579407,0.5046123266220093
2017-09-06,extended,252,expanding,0.480851411819458,0.42312368750572205
2017-09-07,extended,252,expanding,0.4125109910964966,0.441712886095047
2017-09-08,extended,252,expanding,0.3551175892353058,0.4536076486110687
2017-09-11,extended,252,expanding,0.41913726925849915,0.42625999450683594
2017-09-12,extended,252,expanding,0.2889225482940674,0.3316532075405121
2017-09-13,extended,252,expanding,0.2281825691461563,0.2940160632133484
2017-09-14,extended,252,expanding,0.39802828431129456,0.3769652545452118
2017-09-15,extended,252,expanding,0.4315425455570221,0.3889959454536438
2017-09-19,extended,252,expanding,0.41981470584869385,0.42706507444381714
2017-09-20,extended,252,expanding,0.3753698170185089,0.32132095098495483
2017-09-21,extended,252,expanding,0.4398660659790039,0.4098656177520752
2017-09-22,extended,252,expanding,0.4256897270679474,0.440302312374115
2017-09-25,extended,252,expanding,0.33988216519355774,0.3457704186439514
2017-09-26,extended,252,expanding,0.3098033368587494,0.3337429165840149
2017-09-27,extended,252,expanding,0.3621155619621277,0.32386529445648193
2017-09-28,extended,252,expanding,0.4497576355934143,0.3456041216850281
2017-09-29,extended,252,expanding,0.30817118287086487,0.34109023213386536
2017-10-02,extended,252,expanding,0.2820300757884979,0.283227801322937
2017-10-03,extended,252,expanding,0.3789536952972412,0.3884430527687073
2017-10-04,extended,252,expanding,0.35210856795310974,0.33291131258010864
2017-10-05,extended,252,expanding,0.22345025837421417,0.31416937708854675
2017-10-06,extended,252,expanding,0.20977941155433655,0.2776755690574646
2017-10-10,extended,252,expanding,0.33375677466392517,0.3465529680252075
2017-10-11,extended,252,expanding,0.24373097717761993,0.2963089048862457
2017-10-12,extended,252,expanding,0.3042336702346802,0.2484614998102188
2017-10-13,extended,252,expanding,0.5592812299728394,0.5042375922203064
2017-10-16,extended,252,expanding,0.40989425778388977,0.3812546133995056
2017-10-17,extended,252,expanding,0.48555681109428406,0.3665909171104431
2017-10-18,extended,252,expanding,0.3365372121334076,0.3282312750816345
2017-10-19,extended,252,expanding,0.4043932557106018,0.33557939529418945
2017-10-20,extended,252,expanding,0.3449465036392212,0.3719829320907593
2017-10-23,extended,252,expanding,0.4389392137527466,0.29538625478744507
2017-10-24,extended,252,expanding,0.41826221346855164,0.38022100925445557
2017-10-25,extended,252,expanding,0.6329922080039978,0.5171499848365784
2017-10-26,extended,252,expanding,0.4832971692085266,0.37222743034362793
2017-10-27,extended,252,expanding,0.48714587092399597,0.47603368759155273
2017-10-30,extended,252,expanding,0.47036778926849365,0.39018797874450684
2017-10-31,extended,252,expanding,0.3885367512702942,0.42192620038986206
2017-11-01,extended,252,expanding,0.5531220436096191,0.6106029748916626
2017-11-02,extended,252,expanding,0.5724515914916992,0.4131614565849304
2017-11-06,extended,252,expanding,0.4866372048854828,0.4807882308959961
2017-11-07,extended,252,expanding,0.6887922286987305,0.7840020060539246
2017-11-08,extended,252,expanding,0.4630116820335388,0.45267724990844727
2017-11-09,extended,252,expanding,1.6643542051315308,1.3387010097503662
2017-11-10,extended,252,expanding,0.8559525609016418,0.706279456615448
2017-11-13,extended,252,expanding,0.6097328066825867,0.647463321685791
2017-11-14,extended,252,expanding,0.8294748067855835,0.5979706645011902
2017-11-15,extended,252,expanding,1.0065264701843262,0.8274602293968201
2017-11-16,extended,252,expanding,0.7849319577217102,0.9683181643486023
2017-11-17,extended,252,expanding,1.3172125816345215,0.9001021981239319
2017-11-20,extended,252,expanding,0.7679080963134766,0.6798934936523438
2017-11-21,extended,252,expanding,0.5739060640335083,0.5086209177970886
2017-11-22,extended,252,expanding,0.4886974096298218,0.5034047365188599
2017-11-24,extended,252,expanding,0.47737249732017517,0.5294917225837708
2017-11-27,extended,252,expanding,0.5906118750572205,0.5541470050811768
2017-11-28,extended,252,expanding,0.6550170183181763,0.5173069834709167
2017-11-29,extended,252,expanding,0.4876325726509094,0.40753060579299927
2017-11-30,extended,252,expanding,0.6091470718383789,0.568050742149353
2017-12-01,extended,252,expanding,0.7975608110427856,0.6911415457725525
2017-12-04,extended,252,expanding,0.48781418800354004,0.5438257455825806
2017-12-05,extended,252,expanding,0.47832804918289185,0.4610377550125122
2017-12-06,extended,252,expanding,0.9541304111480713,0.9348143935203552
2017-12-07,extended,252,expanding,0.6339752078056335,0.6529639363288879
2017-12-08,extended,252,expanding,0.4935559034347534,0.5749158263206482
2017-12-11,extended,252,expanding,0.40482521057128906,0.4395853579044342
2017-12-12,extended,252,expanding,0.3842228651046753,0.4415132701396942
2017-12-13,extended,252,expanding,0.5078349709510803,0.48495998978614807
2017-12-14,extended,252,expanding,0.4510388970375061,0.43459758162498474
2017-12-15,extended,252,expanding,0.683292806148529,0.6272987723350525
2017-12-18,extended,252,expanding,0.4467015266418457,0.481946736574173
2017-12-19,extended,252,expanding,0.4219369888305664,0.38809022307395935
2017-12-20,extended,252,expanding,0.39326557517051697,0.3894239664077759
2017-12-21,extended,252,expanding,0.4246341586112976,0.4271566569805145
2017-12-22,extended,252,expanding,0.3615369498729706,0.3949127495288849
2017-12-25,extended,252,expanding,0.23327940702438354,0.34316420555114746
2017-12-26,extended,252,expanding,0.2286783903837204,0.32288557291030884
2017-12-27,extended,252,expanding,0.24827373027801514,0.32726073265075684
2017-12-28,extended,252,expanding,0.37999075651168823,0.4350965917110443
2017-12-29,extended,252,expanding,0.33475250005722046,0.3712320625782013
2018-01-04,extended,252,expanding,0.7297337055206299,0.8597679138183594
2018-01-05,extended,252,expanding,0.5333000421524048,0.5399264097213745
2018-01-09,extended,252,expanding,0.4390498399734497,0.4402104318141937
2018-01-10,extended,252,expanding,0.3658061623573303,0.43398454785346985
2018-01-11,extended,252,expanding,0.5198746919631958,0.3959646224975586
2018-01-12,extended,252,expanding,0.423579603433609,0.4284621775150299
2018-01-15,extended,252,expanding,0.3797820508480072,0.3969525098800659
2018-01-16,extended,252,expanding,0.4337761104106903,0.4723070561885834
2018-01-17,extended,252,expanding,0.4693595767021179,0.421322762966156
2018-01-18,extended,252,expanding,0.884577214717865,0.7295299768447876
2018-01-19,extended,252,expanding,0.24005931615829468,0.4540233612060547
2018-01-22,extended,252,expanding,0.4376074969768524,0.36197564005851746
2018-01-23,extended,252,expanding,0.49888932704925537,0.4149629473686218
2018-01-24,extended,252,expanding,0.3888152241706848,0.4270351827144623
2018-01-25,extended,252,expanding,0.5492798089981079,0.49231842160224915
2018-01-26,extended,252,expanding,0.4855218827724457,0.4737434983253479
2018-01-29,extended,252,expanding,0.5008461475372314,0.4673614501953125
2018-01-30,extended,252,expanding,0.6938268542289734,0.8070529103279114
2018-01-31,extended,252,expanding,0.6818748116493225,0.7197202444076538
2018-02-01,extended,252,expanding,0.5882114768028259,0.643565833568573
2018-02-02,extended,252,expanding,0.700230598449707,0.6309661269187927
2018-02-05,extended,252,expanding,0.9624348878860474,0.9698677659034729
2018-02-06,extended,252,expanding,2.662376880645752,2.451979637145996
2018-02-07,extended,252,expanding,1.7914530038833618,1.5818074941635132
2018-02-08,extended,252,expanding,1.1625701189041138,1.0719674825668335
2018-02-09,extended,252,expanding,1.7603399753570557,1.5256577730178833
2018-02-13,extended,252,expanding,1.0245187282562256,1.2105833292007446
2018-02-14,extended,252,expanding,1.3764359951019287,1.071597933769226
2018-02-15,extended,252,expanding,1.0609124898910522,0.8994318842887878
2018-02-16,extended,252,expanding,1.0465106964111328,0.9436314702033997
2018-02-19,extended,252,expanding,0.6847185492515564,0.826227605342865
2018-02-20,extended,252,expanding,0.7512773275375366,0.764440655708313
2018-02-21,extended,252,expanding,0.8599793314933777,0.7850257158279419
2018-02-22,extended,252,expanding,0.8276328444480896,0.7063421607017517
2018-02-23,extended,252,expanding,0.5382821559906006,0.6631389856338501
2018-02-26,extended,252,expanding,0.6468197703361511,0.577268123626709
2018-02-27,extended,252,expanding,0.5903192162513733,0.5694588422775269
2018-02-28,extended,252,expanding,0.7639489769935608,0.7988998889923096
2018-03-01,extended,252,expanding,0.7273944020271301,0.7879562973976135
2018-03-02,extended,252,expanding,1.1421468257904053,0.9277520775794983
2018-03-05,extended,252,expanding,0.9346277117729187,0.8727038502693176
2018-03-06,extended,252,expanding,0.6217877864837646,0.6946209073066711
2018-03-07,extended,252,expanding,0.9915945529937744,0.7670720219612122
2018-03-08,extended,252,expanding,0.6258847117424011,0.6739548444747925
2018-03-09,extended,252,expanding,1.2000478506088257,1.052714467048645
2018-03-12,extended,252,expanding,0.9550619721412659,0.7658623456954956
2018-03-13,extended,252,expanding,0.6140462160110474,0.6699243187904358
2018-03-14,extended,252,expanding,0.664049506187439,0.6239928007125854
2018-03-15,extended,252,expanding,0.7490875720977783,0.6456443071365356
2018-03-16,extended,252,expanding,0.6029006242752075,0.6776297092437744
2018-03-19,extended,252,expanding,0.8381118178367615,0.7317370176315308
2018-03-20,extended,252,expanding,0.5868405103683472,0.631855309009552
2018-03-22,extended,252,expanding,0.7125630974769592,0.6402590274810791
2018-03-23,extended,252,expanding,1.4400233030319214,1.595059871673584
2018-03-26,extended,252,expanding,1.1828986406326294,1.1166043281555176
2018-03-27,extended,252,expanding,0.8745975494384766,0.9565091133117676
2018-03-28,extended,252,expanding,1.234853982925415,0.8742278814315796
2018-03-29,extended,252,expanding,0.796487033367157,0.8738874197006226
2018-03-30,extended,252,expanding,0.7519609928131104,0.6443917751312256
2018-04-02,extended,252,expanding,0.6645634174346924,0.6225104331970215
2018-04-03,extended,252,expanding,0.7727484703063965,0.736723780632019
2018-04-04,extended,252,expanding,0.7434329390525818,0.5729376077651978
2018-04-05,extended,252,expanding,0.6863859295845032,0.664371132850647
2018-04-06,extended,252,expanding,0.8401995897293091,0.6017494201660156
2018-04-09,extended,252,expanding,0.6438480019569397,0.7027469873428345
2018-04-10,extended,252,expanding,0.884801983833313,0.8523603677749634
2018-04-11,extended,252,expanding,0.4243650436401367,0.568854570388794
2018-04-12,extended,252,expanding,0.5920926928520203,0.4840168058872223
2018-04-13,extended,252,expanding,0.5822346806526184,0.5175629258155823
2018-04-16,extended,252,expanding,0.5365098714828491,0.43361762166023254
2018-04-17,extended,252,expanding,0.47068092226982117,0.4299938380718231
2018-04-18,extended,252,expanding,0.5260350704193115,0.5960954427719116
2018-04-19,extended,252,expanding,0.46975892782211304,0.4913068413734436
2018-04-20,extended,252,expanding,0.5371811985969543,0.49962154030799866
2018-04-23,extended,252,expanding,0.5037749409675598,0.5296472907066345
2018-04-24,extended,252,expanding,0.4421188235282898,0.45043250918388367
2018-04-25,extended,252,expanding,0.4739097058773041,0.4904976785182953
2018-04-26,extended,252,expanding,0.4815533757209778,0.40973609685897827
2018-04-27,extended,252,expanding,0.5080338716506958,0.4092225730419159
2018-05-01,extended,252,expanding,0.296428382396698,0.40948590636253357
2018-05-02,extended,252,expanding,0.3486405611038208,0.39022722840309143
2018-05-07,extended,252,expanding,0.4484216868877411,0.41595733165740967
2018-05-08,extended,252,expanding,0.31898146867752075,0.39212357997894287
2018-05-09,extended,252,expanding,0.4115622043609619,0.42476436495780945
2018-05-10,extended,252,expanding,0.33365634083747864,0.34100478887557983
2018-05-11,extended,252,expanding,0.44257473945617676,0.4369503855705261
2018-05-14,extended,252,expanding,0.384793221950531,0.4431796073913574
2018-05-15,extended,252,expanding,0.30515021085739136,0.34122559428215027
2018-05-16,extended,252,expanding,0.346852570772171,0.3473624587059021
2018-05-17,extended,252,expanding,0.27528849244117737,0.340972363948822
2018-05-18,extended,252,expanding,0.3454437255859375,0.32525914907455444
2018-05-21,extended,252,expanding,0.32600724697113037,0.3332163095474243
2018-05-22,extended,252,expanding,0.2709905505180359,0.3104288578033447
2018-05-23,extended,252,expanding,0.7105817794799805,0.5493007302284241
2018-05-24,extended,252,expanding,0.6187455058097839,0.6347997188568115
2018-05-25,extended,252,expanding,0.704705536365509,0.5092384815216064
2018-05-28,extended,252,expanding,0.4166138768196106,0.44815897941589355
2018-05-29,extended,252,expanding,0.5838590264320374,0.49591493606567383
2018-05-30,extended,252,expanding,0.6950572729110718,0.5607199668884277
2018-05-31,extended,252,expanding,0.5134791731834412,0.4992660880088806
2018-06-01,extended,252,expanding,0.6390247941017151,0.5990739464759827
2018-06-04,extended,252,expanding,0.3911464214324951,0.45853590965270996
2018-06-05,extended,252,expanding,0.5080658197402954,0.37511181831359863
2018-06-06,extended,252,expanding,0.38480204343795776,0.4635542035102844
2018-06-07,extended,252,expanding,0.36689993739128113,0.3830888867378235
2018-06-08,extended,252,expanding,0.49647194147109985,0.45512068271636963
2018-06-11,extended,252,expanding,0.4407244622707367,0.4749716818332672
2018-06-12,extended,252,expanding,0.7177621722221375,0.45065566897392273
2018-06-13,extended,252,expanding,0.3510344326496124,0.407277911901474
2018-06-14,extended,252,expanding,0.43332335352897644,0.47362422943115234
2018-06-15,extended,252,expanding,0.39284953474998474,0.40115055441856384
2018-06-18,extended,252,expanding,0.4782050549983978,0.512364387512207
2018-06-19,extended,252,expanding,0.5831729769706726,0.6941972970962524
2018-06-20,extended,252,expanding,0.6759942770004272,0.8185725212097168
2018-06-21,extended,252,expanding,0.6864572763442993,0.6349902153015137
2018-06-22,extended,252,expanding,0.6141883730888367,0.552573561668396
2018-06-25,extended,252,expanding,0.5162874460220337,0.5862091779708862
2018-06-26,extended,252,expanding,0.7514771223068237,0.6426820158958435
2018-06-27,extended,252,expanding,0.5138838291168213,0.5516284704208374
2018-06-28,extended,252,expanding,0.7328671216964722,0.6758089065551758
2018-06-29,extended,252,expanding,0.611173689365387,0.600753664970398
2018-07-02,extended,252,expanding,0.7177535891532898,1.0721055269241333
2018-07-03,extended,252,expanding,0.9753636717796326,0.8452627658843994
2018-07-04,extended,252,expanding,0.6834385991096497,0.657832145690918
2018-07-05,extended,252,expanding,0.7831941246986389,0.7779171466827393
2018-07-06,extended,252,expanding,0.8980386853218079,0.6582316160202026
2018-07-09,extended,252,expanding,0.5908731818199158,0.6927175521850586
2018-07-10,extended,252,expanding,0.6311760544776917,0.4451236128807068
2018-07-11,extended,252,expanding,0.8431442975997925,0.7655256986618042
2018-07-12,extended,252,expanding,0.5870678424835205,0.6350916624069214
2018-07-13,extended,252,expanding,0.6552625894546509,0.8066564798355103
2018-07-17,extended,252,expanding,0.5821733474731445,0.5887726545333862
2018-07-18,extended,252,expanding,0.42970356345176697,0.48565468192100525
2018-07-19,extended,252,expanding,0.47666436433792114,0.4600614905357361
2018-07-20,extended,252,expanding,0.8711857199668884,0.707548975944519
2018-07-23,extended,252,expanding,0.5568627119064331,0.5747809410095215
2018-07-24,extended,252,expanding,0.5090151429176331,0.4576735198497772
2018-07-25,extended,252,expanding,0.4510376453399658,0.4117963910102844
2018-07-26,extended,252,expanding,0.5616334676742554,0.46225735545158386
2018-07-27,extended,252,expanding,0.3889598250389099,0.4311310648918152
2018-07-30,extended,252,expanding,0.4640935957431793,0.4084168076515198
2018-07-31,extended,252,expanding,0.851050078868866,0.6228237152099609
2018-08-01,extended,252,expanding,0.34879496693611145,0.4833900034427643
2018-08-02,extended,252,expanding,0.5820848345756531,0.6100610494613647
2018-08-03,extended,252,expanding,0.47341737151145935,0.43923917412757874
2018-08-06,extended,252,expanding,0.47783514857292175,0.4128021001815796
2018-08-07,extended,252,expanding,0.38243111968040466,0.4156044125556946
2018-08-08,extended,252,expanding,0.5511147379875183,0.4388304054737091
2018-08-09,extended,252,expanding,0.4188486337661743,0.432537317276001
2018-08-10,extended,252,expanding,0.7488698959350586,0.6773302555084229
2018-08-13,extended,252,expanding,0.6856234669685364,0.7009167671203613
2018-08-14,extended,252,expanding,0.6557826995849609,0.6548418402671814
2018-08-15,extended,252,expanding,0.6306971311569214,0.6494348049163818
2018-08-16,extended,252,expanding,1.0435656309127808,0.7682762742042542
2018-08-17,extended,252,expanding,0.46941277384757996,0.533112645149231
2018-08-20,extended,252,expanding,0.5433439016342163,0.4466530978679657
2018-08-21,extended,252,expanding,0.45044198632240295,0.5758729577064514
2018-08-22,extended,252,expanding,0.49673768877983093,0.5151426792144775
2018-08-23,extended,252,expanding,0.39519086480140686,0.3755444288253784
2018-08-24,extended,252,expanding,0.3039572834968567,0.39582565426826477
2018-08-27,extended,252,expanding,0.34655192494392395,0.37047621607780457
2018-08-28,extended,252,expanding,0.43439406156539917,0.39326685667037964
2018-08-29,extended,252,expanding,0.5130409002304077,0.3764488101005554
2018-08-30,extended,252,expanding,0.48486024141311646,0.4529782831668854
2018-08-31,extended,252,expanding,0.48860079050064087,0.47967982292175293
2018-09-03,extended,252,expanding,0.4690362811088562,0.42806774377822876
2018-09-04,extended,252,expanding,0.5739396214485168,0.42162445187568665
2018-09-05,extended,252,expanding,0.5631270408630371,0.43937948346138
2018-09-06,extended,252,expanding,0.5140722393989563,0.45095422863960266
2018-09-07,extended,252,expanding,0.5780898928642273,0.5420250296592712
2018-09-10,extended,252,expanding,0.5472757816314697,0.4702044725418091
2018-09-11,extended,252,expanding,0.4658086895942688,0.4956151843070984
2018-09-12,extended,252,expanding,0.5257013440132141,0.47453343868255615
2018-09-13,extended,252,expanding,0.6436496376991272,0.47850358486175537
2018-09-14,extended,252,expanding,0.4679134786128998,0.4569297432899475
2018-09-18,extended,252,expanding,0.6939281821250916,0.778647243976593
2018-09-19,extended,252,expanding,0.5370125770568848,0.4862324595451355
2018-09-20,extended,252,expanding,0.5405445098876953,0.48786598443984985
2018-09-21,extended,252,expanding,0.6104193925857544,0.5058100819587708
2018-09-25,extended,252,expanding,0.34870249032974243,0.4488650858402252
2018-09-26,extended,252,expanding,0.40396079421043396,0.44470927119255066
2018-09-27,extended,252,expanding,0.707329511642456,0.6167269945144653
2018-09-28,extended,252,expanding,0.7486137747764587,0.6064553260803223
2018-10-01,extended,252,expanding,0.5283595323562622,0.5048904418945312
2018-10-02,extended,252,expanding,0.7021089792251587,0.5087797045707703
2018-10-03,extended,252,expanding,0.696593165397644,0.6172211170196533
2018-10-04,extended,252,expanding,0.8494706749916077,0.6976082921028137
2018-10-05,extended,252,expanding,0.7709391713142395,0.6114576458930969
2018-10-09,extended,252,expanding,0.676230251789093,0.5753468871116638
2018-10-10,extended,252,expanding,0.708649754524231,0.5707783699035645
2018-10-11,extended,252,expanding,1.5159512758255005,1.4487634897232056
2018-10-12,extended,252,expanding,1.3891196250915527,0.9885050654411316
2018-10-15,extended,252,expanding,0.8825310468673706,0.9442667365074158
2018-10-16,extended,252,expanding,0.8684406280517578,0.7358776926994324
2018-10-17,extended,252,expanding,0.6555885672569275,0.6295334100723267
2018-10-18,extended,252,expanding,0.6317754983901978,0.6732345223426819
2018-10-19,extended,252,expanding,0.7905831336975098,0.8487618565559387
2018-10-22,extended,252,expanding,0.8299604654312134,0.8579601645469666
2018-10-23,extended,252,expanding,0.7279755473136902,0.9772396683692932
2018-10-24,extended,252,expanding,1.260615348815918,0.7405925393104553
2018-10-25,extended,252,expanding,1.5454463958740234,1.5040817260742188
2018-10-26,extended,252,expanding,1.4846060276031494,1.3149809837341309
2018-10-29,extended,252,expanding,1.070223093032837,1.1324496269226074
2018-10-30,extended,252,expanding,1.162065863609314,1.2201950550079346
2018-10-31,extended,252,expanding,0.8137264847755432,1.0494431257247925
2018-11-01,extended,252,expanding,0.976573646068573,0.9131677746772766
2018-11-02,extended,252,expanding,1.4086028337478638,1.2165424823760986
2018-11-05,extended,252,expanding,0.900715708732605,0.907708466053009
2018-11-06,extended,252,expanding,0.5100858807563782,0.6390073895454407
2018-11-07,extended,252,expanding,1.5261914730072021,0.9593904614448547
2018-11-08,extended,252,expanding,0.5124989748001099,0.7693036198616028
2018-11-09,extended,252,expanding,0.7320142984390259,0.7681928873062134
2018-11-12,extended,252,expanding,0.6942641139030457,0.7276487946510315
2018-11-13,extended,252,expanding,1.3598114252090454,1.0696275234222412
2018-11-14,extended,252,expanding,1.0212225914001465,0.7810052037239075
2018-11-15,extended,252,expanding,0.8335931897163391,0.7609768509864807
2018-11-16,extended,252,expanding,0.7385746836662292,0.7434322237968445
2018-11-19,extended,252,expanding,0.7289868593215942,0.6425767540931702
2018-11-20,extended,252,expanding,0.6944358944892883,0.6886166930198669
2018-11-21,extended,252,expanding,0.8096777200698853,0.8723123669624329
2018-11-22,extended,252,expanding,0.6514954566955566,0.6520963907241821
2018-11-26,extended,252,expanding,0.7245526313781738,0.6104524731636047
2018-11-27,extended,252,expanding,0.63996422290802,0.5699576139450073
2018-11-28,extended,252,expanding,0.6009658575057983,0.5563081502914429
2018-11-29,extended,252,expanding,0.5698912739753723,0.5561725497245789
2018-11-30,extended,252,expanding,0.5698850750923157,0.46623456478118896
2018-12-03,extended,252,expanding,0.6513041853904724,0.5249073505401611
2018-12-04,extended,252,expanding,0.7084842324256897,1.0784176588058472
2018-12-05,extended,252,expanding,0.9957078695297241,0.8415201306343079
2018-12-06,extended,252,expanding,0.9272975325584412,1.125943660736084
2018-12-07,extended,252,expanding,0.8435952663421631,0.7752096056938171
2018-12-10,extended,252,expanding,0.7148521542549133,0.8471135497093201
2018-12-11,extended,252,expanding,0.8894251585006714,0.6988100409507751
2018-12-12,extended,252,expanding,0.5442239046096802,0.7763500809669495
2018-12-13,extended,252,expanding,0.5490800142288208,0.6045257449150085
2018-12-14,extended,252,expanding,0.9772077798843384,0.9292295575141907
2018-12-17,extended,252,expanding,0.6323742270469666,0.6761109232902527
2018-12-18,extended,252,expanding,0.9841390252113342,0.69402676820755
2018-12-19,extended,252,expanding,1.1640143394470215,0.8395864367485046
2018-12-20,extended,252,expanding,1.2334835529327393,1.4165642261505127
2018-12-21,extended,252,expanding,1.3100659847259521,1.0619622468948364
2018-12-25,extended,252,expanding,1.9485437870025635,1.798353672027588
2018-12-26,extended,252,expanding,1.972109079360962,1.7690154314041138
2018-12-27,extended,252,expanding,1.70262610912323,1.4757359027862549
2018-12-28,extended,252,expanding,0.9934341311454773,0.9697098135948181
2019-01-04,extended,252,expanding,1.6345930099487305,1.4397181272506714
2019-01-07,extended,252,expanding,1.2393373250961304,1.091614007949829
2019-01-08,extended,252,expanding,0.8599104285240173,0.8650014400482178
2019-01-09,extended,252,expanding,0.6318901181221008,0.7334362864494324
2019-01-10,extended,252,expanding,0.6833487749099731,0.7940781712532043
2019-01-11,extended,252,expanding,0.42499759793281555,0.5402107834815979
2019-01-15,extended,252,expanding,0.7359569668769836,0.9830539226531982
2019-01-16,extended,252,expanding,0.7674551606178284,0.7760822176933289
2019-01-17,extended,252,expanding,0.7811279892921448,0.7160513997077942
2019-01-18,extended,252,expanding,0.5580378770828247,0.7302910685539246
2019-01-21,extended,252,expanding,0.7097645401954651,0.6173299551010132
2019-01-22,extended,252,expanding,0.5835167765617371,0.7597702741622925
2019-01-23,extended,252,expanding,0.6793826818466187,0.7238231301307678
2019-01-24,extended,252,expanding,0.5854960680007935,0.5608341097831726
2019-01-25,extended,252,expanding,0.7280972599983215,0.7142518758773804
2019-01-28,extended,252,expanding,0.3925785720348358,0.5461142659187317
2019-01-29,extended,252,expanding,0.6543139815330505,0.697239100933075
2019-01-30,extended,252,expanding,0.5871064066886902,0.6160251498222351
2019-01-31,extended,252,expanding,0.5863898992538452,0.5540173053741455
2019-02-01,extended,252,expanding,0.7707037329673767,0.5681112408638
2019-02-04,extended,252,expanding,0.5385922789573669,0.46065980195999146
2019-02-05,extended,252,expanding,0.4102916419506073,0.48613452911376953
2019-02-06,extended,252,expanding,0.434150755405426,0.40530526638031006
2019-02-07,extended,252,expanding,0.5166102051734924,0.520785391330719
2019-02-08,extended,252,expanding,0.6340722441673279,0.6992195844650269
2019-02-12,extended,252,expanding,0.8046970367431641,0.9022473096847534
2019-02-13,extended,252,expanding,0.6465682983398438,0.5806843638420105
2019-02-14,extended,252,expanding,0.69244784116745,0.4810533821582794
2019-02-15,extended,252,expanding,0.7940501570701599,0.643757700920105
2019-02-18,extended,252,expanding,0.4876648485660553,0.5017292499542236
2019-02-19,extended,252,expanding,0.538140058517456,0.45666733384132385
2019-02-20,extended,252,expanding,0.5580011606216431,0.49055910110473633
2019-02-21,extended,252,expanding,0.6649488210678101,0.5916640758514404
2019-02-22,extended,252,expanding,0.4576053321361542,0.4543396234512329
2019-02-25,extended,252,expanding,0.44281283020973206,0.3650793433189392
2019-02-26,extended,252,expanding,0.486851304769516,0.5010831356048584
2019-02-27,extended,252,expanding,0.27050745487213135,0.3786238729953766
2019-02-28,extended,252,expanding,0.5210132002830505,0.43796306848526
2019-03-01,extended,252,expanding,0.5411487221717834,0.43843334913253784
2019-03-04,extended,252,expanding,0.3874281048774719,0.4027605652809143
2019-03-05,extended,252,expanding,0.5113565921783447,0.4051949381828308
2019-03-06,extended,252,expanding,0.37587571144104004,0.4265369772911072
2019-03-07,extended,252,expanding,0.36797136068344116,0.37527287006378174
2019-03-08,extended,252,expanding,0.6877214312553406,0.8493566513061523
2019-03-11,extended,252,expanding,0.6669574975967407,0.5761770606040955
2019-03-12,extended,252,expanding,0.679651141166687,0.5416228175163269
2019-03-13,extended,252,expanding,0.6431708931922913,0.6960670948028564
2019-03-14,extended,252,expanding,0.751441478729248,0.6194466948509216
2019-03-15,extended,252,expanding,0.4442135989665985,0.5031285881996155
2019-03-18,extended,252,expanding,0.41718482971191406,0.4113149642944336
2019-03-19,extended,252,expanding,0.5103182196617126,0.44078993797302246
2019-03-20,extended,252,expanding,0.3640376031398773,0.41749536991119385
2019-03-22,extended,252,expanding,0.6916892528533936,0.42191725969314575
2019-03-25,extended,252,expanding,0.8077742457389832,0.857418417930603
2019-03-26,extended,252,expanding,0.541081428527832,0.6740847826004028
2019-03-27,extended,252,expanding,0.5850415229797363,0.4459248185157776
2019-03-28,extended,252,expanding,0.8952520489692688,0.6155716180801392
2019-03-29,extended,252,expanding,0.47916921973228455,0.5493168830871582
2019-04-01,extended,252,expanding,0.5754616260528564,0.5436288118362427
2019-04-02,extended,252,expanding,0.6012363433837891,0.6019144058227539
2019-04-03,extended,252,expanding,0.7226939797401428,0.5615689158439636
2019-04-04,extended,252,expanding,0.4592495560646057,0.49042201042175293
2019-04-05,extended,252,expanding,0.611047089099884,0.4376431703567505
2019-04-08,extended,252,expanding,0.4853573739528656,0.5025443434715271
2019-04-09,extended,252,expanding,0.46029332280158997,0.414289653301239
2019-04-10,extended,252,expanding,0.4407419264316559,0.44825512170791626
2019-04-11,extended,252,expanding,0.38972964882850647,0.3681820034980774
2019-04-12,extended,252,expanding,0.41197526454925537,0.46542882919311523
2019-04-15,extended,252,expanding,0.4188668429851532,0.36515718698501587
2019-04-16,extended,252,expanding,0.4566457271575928,0.4082309603691101
2019-04-17,extended,252,expanding,0.6198655962944031,0.4179573059082031
2019-04-18,extended,252,expanding,0.5968857407569885,0.5899585485458374
2019-04-19,extended,252,expanding,0.30316632986068726,0.40125733613967896
2019-04-22,extended,252,expanding,0.6234048008918762,0.4459376931190491
2019-04-23,extended,252,expanding,0.3807189166545868,0.44375741481781006
2019-04-24,extended,252,expanding,0.5621357560157776,0.509061872959137
2019-04-25,extended,252,expanding,0.43120065331459045,0.46646541357040405
2019-04-26,extended,252,expanding,0.4447973072528839,0.4619140625
2019-05-07,extended,252,expanding,0.6053192019462585,0.6336888074874878
2019-05-08,extended,252,expanding,0.5159274935722351,0.5691551566123962
2019-05-09,extended,252,expanding,0.6857372522354126,0.6716853976249695
2019-05-10,extended,252,expanding,1.359623670578003,1.0036808252334595
2019-05-13,extended,252,expanding,0.5313534736633301,0.7044626474380493
2019-05-14,extended,252,expanding,0.8621692061424255,0.9360190033912659
2019-05-15,extended,252,expanding,0.5814310908317566,0.6432212591171265
2019-05-16,extended,252,expanding,0.6081739664077759,0.6330991983413696
2019-05-17,extended,252,expanding,0.7820060849189758,0.6249443888664246
2019-05-20,extended,252,expanding,0.7405277490615845,0.5272974967956543
2019-05-21,extended,252,expanding,0.5802285671234131,0.5218250155448914
2019-05-22,extended,252,expanding,0.39515069127082825,0.462191641330719
2019-05-23,extended,252,expanding,0.4911789894104004,0.4792194962501526
2019-05-24,extended,252,expanding,0.4771875739097595,0.5794168710708618
2019-05-27,extended,252,expanding,0.37875375151634216,0.4579697251319885
2019-05-28,extended,252,expanding,0.4481380581855774,0.4156126379966736
2019-05-29,extended,252,expanding,0.6382220387458801,0.5605416297912598
2019-05-30,extended,252,expanding,0.5838383436203003,0.5073878765106201
2019-05-31,extended,252,expanding,0.6841982007026672,0.7083412408828735
2019-06-03,extended,252,expanding,0.5274290442466736,0.6074170470237732
2019-06-04,extended,252,expanding,0.5795080661773682,0.5790884494781494
2019-06-05,extended,252,expanding,0.49437496066093445,0.5162422060966492
2019-06-06,extended,252,expanding,0.3955618441104889,0.46053338050842285
2019-06-07,extended,252,expanding,0.39298656582832336,0.4178508222103119
2019-06-10,extended,252,expanding,0.40801379084587097,0.39603158831596375
2019-06-11,extended,252,expanding,0.35760587453842163,0.4458661377429962
2019-06-12,extended,252,expanding,0.4176585376262665,0.4141652584075928
2019-06-13,extended,252,expanding,0.6440891027450562,0.4757528305053711
2019-06-14,extended,252,expanding,0.6155909299850464,0.4884500503540039
2019-06-17,extended,252,expanding,0.40562355518341064,0.46191301941871643
2019-06-18,extended,252,expanding,0.4692113697528839,0.561106264591217
2019-06-19,extended,252,expanding,0.4233693778514862,0.42435896396636963
2019-06-20,extended,252,expanding,0.41648387908935547,0.44987422227859497
2019-06-21,extended,252,expanding,0.721632182598114,0.6298249363899231
2019-06-24,extended,252,expanding,0.3619777262210846,0.4841468334197998
2019-06-25,extended,252,expanding,0.5862560868263245,0.4729870557785034
2019-06-26,extended,252,expanding,0.44089260697364807,0.4848569631576538
2019-06-27,extended,252,expanding,0.47992193698883057,0.5121471881866455
2019-06-28,extended,252,expanding,0.49072328209877014,0.4354815185070038
2019-07-01,extended,252,expanding,0.4516697824001312,0.480790913105011
2019-07-02,extended,252,expanding,0.41953060030937195,0.37294793128967285
2019-07-03,extended,252,expanding,0.376409649848938,0.4419112503528595
2019-07-04,extended,252,expanding,0.21248051524162292,0.38385578989982605
2019-07-05,extended,252,expanding,0.3623405992984772,0.3721916079521179
2019-07-08,extended,252,expanding,0.4250660538673401,0.4728715121746063
2019-07-09,extended,252,expanding,0.4507751762866974,0.48951783776283264
2019-07-10,extended,252,expanding,0.41595080494880676,0.4266919195652008
2019-07-11,extended,252,expanding,0.30369457602500916,0.40122324228286743
2019-07-12,extended,252,expanding,0.46530407667160034,0.41500943899154663
2019-07-17,extended,252,expanding,0.46936964988708496,0.4540242850780487
2019-07-18,extended,252,expanding,0.5823177695274353,0.810407280921936
2019-07-19,extended,252,expanding,0.4878250062465668,0.7686854600906372
2019-07-22,extended,252,expanding,0.5255823135375977,0.4490320384502411
2019-07-23,extended,252,expanding,0.5553775429725647,0.5891613960266113
2019-07-24,extended,252,expanding,0.3722103238105774,0.3908107280731201
2019-07-25,extended,252,expanding,0.5170731544494629,0.3963693678379059
2019-07-26,extended,252,expanding,0.4595900774002075,0.4530525803565979
2019-07-29,extended,252,expanding,0.47967153787612915,0.43399617075920105
2019-07-30,extended,252,expanding,0.4998610317707062,0.45975011587142944
2019-07-31,extended,252,expanding,0.4601117670536041,0.4531208872795105
2019-08-01,extended,252,expanding,0.5667790770530701,0.6857908368110657
2019-08-02,extended,252,expanding,0.5981884002685547,0.7651572227478027
2019-08-05,extended,252,expanding,0.8728147745132446,1.031295895576477
2019-08-06,extended,252,expanding,1.3931059837341309,1.2868719100952148
2019-08-07,extended,252,expanding,0.781388521194458,0.788069486618042
2019-08-08,extended,252,expanding,0.7468602657318115,0.7788838148117065
2019-08-09,extended,252,expanding,0.4918126165866852,0.6039590835571289
2019-08-13,extended,252,expanding,0.6699736714363098,0.5953270196914673
2019-08-14,extended,252,expanding,0.48938634991645813,0.5384193658828735
2019-08-15,extended,252,expanding,0.7123254537582397,0.8492274284362793
2019-08-16,extended,252,expanding,0.4524732530117035,0.6157240271568298
2019-08-19,extended,252,expanding,0.42608678340911865,0.4925912320613861
2019-08-20,extended,252,expanding,0.37085315585136414,0.44284605979919434
2019-08-21,extended,252,expanding,0.331662654876709,0.4835590422153473
2019-08-22,extended,252,expanding,0.40638241171836853,0.46151360869407654
2019-08-23,extended,252,expanding,0.3712204396724701,0.48524436354637146
2019-08-26,extended,252,expanding,0.8774722814559937,0.674863338470459
2019-08-27,extended,252,expanding,0.39170148968696594,0.542778730392456
2019-08-28,extended,252,expanding,0.31036603450775146,0.4121634364128113
2019-08-29,extended,252,expanding,0.4906841516494751,0.4816364347934723
2019-08-30,extended,252,expanding,0.3785594403743744,0.47527381777763367
2019-09-02,extended,252,expanding,0.3066043555736542,0.40032708644866943
2019-09-03,extended,252,expanding,0.3276899755001068,0.38170772790908813
2019-09-04,extended,252,expanding,0.39324134588241577,0.46724921464920044
2019-09-05,extended,252,expanding,0.659193217754364,0.8274252414703369
2019-09-06,extended,252,expanding,0.45078930258750916,0.4224735200405121
2019-09-09,extended,252,expanding,0.5209246277809143,0.45452073216438293
2019-09-10,extended,252,expanding,0.37950795888900757,0.44266390800476074
2019-09-11,extended,252,expanding,0.5064179301261902,0.4901767075061798
2019-09-12,extended,252,expanding,0.45478197932243347,0.4273786246776581
2019-09-13,extended,252,expanding,0.47944921255111694,0.5449479818344116
2019-09-17,extended,252,expanding,0.5176510214805603,0.5179884433746338
2019-09-18,extended,252,expanding,0.37057045102119446,0.42886874079704285
2019-09-19,extended,252,expanding,0.9439045786857605,0.6230718493461609
2019-09-20,extended,252,expanding,0.42293280363082886,0.5801442265510559
2019-09-25,extended,252,expanding,0.5500050783157349,0.4547807276248932
2019-09-26,extended,252,expanding,0.47077304124832153,0.5760884881019592
2019-09-27,extended,252,expanding,0.6443844437599182,0.6239889860153198
2019-09-30,extended,252,expanding,0.5369084477424622,0.5668764114379883
2019-10-01,extended,252,expanding,0.34838926792144775,0.4720345437526703
2019-10-02,extended,252,expanding,0.323957234621048,0.4308517277240753
2019-10-03,extended,252,expanding,0.5165520310401917,0.5388042330741882
2019-10-04,extended,252,expanding,0.4141849875450134,0.4466722011566162
2019-10-07,extended,252,expanding,0.4034099876880646,0.42550259828567505
2019-10-08,extended,252,expanding,0.43005087971687317,0.41020095348358154
2019-10-09,extended,252,expanding,0.38805678486824036,0.43044114112854004
2019-10-10,extended,252,expanding,0.8220802545547485,0.632861316204071
2019-10-11,extended,252,expanding,0.5154886841773987,0.514836311340332
2019-10-15,extended,252,expanding,0.4012620151042938,0.4336458444595337
2019-10-16,extended,252,expanding,0.7280756235122681,0.44370776414871216
2019-10-17,extended,252,expanding,0.3956502079963684,0.4370167851448059
2019-10-18,extended,252,expanding,0.5668929815292358,0.4616174101829529
2019-10-21,extended,252,expanding,0.2584349513053894,0.3936866819858551
2019-10-23,extended,252,expanding,0.6145277619361877,0.4217495918273926
2019-10-24,extended,252,expanding,0.31606340408325195,0.3879198431968689
2019-10-25,extended,252,expanding,0.2638009488582611,0.36019444465637207
2019-10-28,extended,252,expanding,0.24905520677566528,0.33237627148628235
2019-10-29,extended,252,expanding,0.3381689488887787,0.3255383372306824
2019-10-30,extended,252,expanding,0.3816324472427368,0.3820478916168213
2019-10-31,extended,252,expanding,0.43444323539733887,0.35127317905426025
2019-11-01,extended,252,expanding,0.3117733299732208,0.3947718143463135
2019-11-05,extended,252,expanding,0.5111768245697021,0.4399970769882202
2019-11-06,extended,252,expanding,0.2994154393672943,0.41018325090408325
2019-11-07,extended,252,expanding,0.3076843321323395,0.37023037672042847
2019-11-08,extended,252,expanding,0.5670618414878845,0.553677499294281
2019-11-11,extended,252,expanding,0.3200921416282654,0.44516146183013916
2019-11-12,extended,252,expanding,0.34582698345184326,0.4538160562515259
2019-11-13,extended,252,expanding,0.4571984112262726,0.4543277621269226
2019-11-14,extended,252,expanding,0.7509282231330872,0.6220802664756775
2019-11-15,extended,252,expanding,0.5414993166923523,0.5415186285972595
2019-11-18,extended,252,expanding,0.4480201005935669,0.42098987102508545
2019-11-19,extended,252,expanding,0.4866482615470886,0.4337897300720215
2019-11-20,extended,252,expanding,0.6214107275009155,0.5112206935882568
2019-11-21,extended,252,expanding,0.9489151835441589,0.7918084263801575
2019-11-22,extended,252,expanding,0.4684394896030426,0.5674706101417542
2019-11-25,extended,252,expanding,0.3215193450450897,0.3914547562599182
2019-11-26,extended,252,expanding,0.57756108045578,0.49425697326660156
2019-11-27,extended,252,expanding,0.36951950192451477,0.3849096894264221
2019-11-28,extended,252,expanding,0.5102320909500122,0.3881092667579651
2019-11-29,extended,252,expanding,0.4574280381202698,0.5231578350067139
2019-12-02,extended,252,expanding,0.4674111604690552,0.4451562762260437
2019-12-03,extended,252,expanding,0.46477246284484863,0.46922439336776733
2019-12-04,extended,252,expanding,0.5952669978141785,0.48914027214050293
2019-12-05,extended,252,expanding,0.5120944976806641,0.3986249566078186
2019-12-06,extended,252,expanding,0.2699667811393738,0.37452805042266846
2019-12-09,extended,252,expanding,0.4656650722026825,0.40064698457717896
2019-12-10,extended,252,expanding,0.3239198625087738,0.36888355016708374
2019-12-11,extended,252,expanding,0.2639191746711731,0.34534895420074463
2019-12-12,extended,252,expanding,0.3174907863140106,0.38986003398895264
2019-12-13,extended,252,expanding,0.4997141361236572,0.47796833515167236
2019-12-16,extended,252,expanding,0.37474843859672546,0.3483656644821167
2019-12-17,extended,252,expanding,0.2998913824558258,0.3247729539871216
2019-12-18,extended,252,expanding,0.27157220244407654,0.3646566569805145
2019-12-19,extended,252,expanding,0.3609172999858856,0.3377743363380432
2019-12-20,extended,252,expanding,0.4916653037071228,0.38754403591156006
2019-12-23,extended,252,expanding,0.2942238450050354,0.37141257524490356
2019-12-24,extended,252,expanding,0.20277129113674164,0.3105357587337494
2019-12-25,extended,252,expanding,0.1436888426542282,0.2995075583457947
2019-12-26,extended,252,expanding,0.30584245920181274,0.31669706106185913
2019-12-27,extended,252,expanding,0.24374189972877502,0.3469390273094177
2019-12-30,extended,252,expanding,0.6504024863243103,0.3361150324344635
