date,feature_set,L,protocol,RV_target,RV_pred
2013-12-19,extended,22,static,0.48027983,0.5732845
2013-12-20,extended,22,static,0.56459975,0.44105315
2013-12-23,extended,22,static,0.4692802,0.41445935
2013-12-24,extended,22,static,0.37592426,0.4369005
2013-12-26,extended,22,static,0.34329724,0.47177085
2013-12-27,extended,22,static,0.40542945,0.46673205
2013-12-30,extended,22,static,0.39755836,0.40109769
2014-01-02,extended,22,static,0.745619,0.7700691
2014-01-03,extended,22,static,0.83173496,0.71237
2014-01-06,extended,22,static,0.66945153,0.59462345
2014-01-07,extended,22,static,0.66912365,0.5729583
2014-01-08,extended,22,static,0.6145574,0.5747174
2014-01-09,extended,22,static,0.72558045,0.5942024
2014-01-10,extended,22,static,0.8143008,0.6715485
2014-01-13,extended,22,static,0.50973,0.49649101
2014-01-14,extended,22,static,0.6865121,0.58429503
2014-01-15,extended,22,static,0.45595104,0.4393117
2014-01-16,extended,22,static,0.6030574,0.42958567
2014-01-17,extended,22,static,0.5502644,0.59915096
2014-01-20,extended,22,static,0.55134165,0.5507721
2014-01-21,extended,22,static,0.40762115,0.48020554
2014-01-22,extended,22,static,0.40055934,0.41945422
2014-01-23,extended,22,static,0.55819607,0.6136348
2014-01-24,extended,22,static,0.6551958,0.5786186
2014-01-27,extended,22,static,0.6563229,0.6139661
2014-01-28,extended,22,static,0.5331622,0.5582672
2014-01-29,extended,22,static,0.48386818,0.47503507
2014-02-03,extended,22,static,0.48515627,0.50107384
2014-02-04,extended,22,static,0.6177616,0.5180274
2014-02-05,extended,22,static,0.4867734,0.5153543
2014-02-06,extended,22,static,0.5684755,0.5090519
2014-02-07,extended,22,static,0.4129472,0.45139277
2014-02-10,extended,22,static,0.47753435,0.4225645
2014-02-11,extended,22,static,0.43266043,0.438632
2014-02-12,extended,22,static,0.41571212,0.3984238
2014-02-13,extended,22,static,0.5321779,0.5177709
2014-02-14,extended,22,static,0.43489394,0.47713017
2014-02-17,extended,22,static,0.44116375,0.4226864
2014-02-18,extended,22,static,0.4554524,0.46992818
2014-02-19,extended,22,static,0.51835936,0.4023667
2014-02-20,extended,22,static,0.57120365,0.51790327
2014-02-21,extended,22,static,0.2922706,0.4118929
2014-02-24,extended,22,static,0.4961578,0.5146398
2014-02-25,extended,22,static,0.38584572,0.4548063
2014-02-26,extended,22,static,0.38891312,0.45815116
2014-02-27,extended,22,static,0.36891544,0.48561
2014-02-28,extended,22,static,0.5748443,0.40057155
2014-03-03,extended,22,static,0.49052024,0.48414075
2014-03-04,extended,22,static,0.3731192,0.42781448
2014-03-05,extended,22,static,0.29578462,0.35242718
2014-03-06,extended,22,static,0.36687255,0.3897225
2014-03-07,extended,22,static,0.35954282,0.4264916
2014-03-10,extended,22,static,0.39663768,0.43065482
2014-03-11,extended,22,static,0.36216235,0.39895523
2014-03-12,extended,22,static,0.52406615,0.59038675
2014-03-13,extended,22,static,0.7643156,0.5086148
2014-03-14,extended,22,static,0.49179876,0.57370293
2014-03-17,extended,22,static,0.440258,0.42449147
2014-03-18,extended,22,static,0.4034605,0.4140189
2014-03-19,extended,22,static,0.37717324,0.40837514
2014-03-20,extended,22,static,0.49770895,0.5167764
2014-03-21,extended,22,static,0.30561572,0.39911473
2014-03-24,extended,22,static,0.55959314,0.4174487
2014-03-25,extended,22,static,0.47395012,0.4305309
2014-03-26,extended,22,static,0.3636279,0.39606938
2014-03-27,extended,22,static,0.3300193,0.4496755
2014-03-28,extended,22,static,0.44567809,0.4409665
2014-03-31,extended,22,static,0.5329057,0.4477439
2014-04-01,extended,22,static,0.45367453,0.4237023
2014-04-02,extended,22,static,0.238201,0.37254113
2014-04-03,extended,22,static,0.3425025,0.43847948
2014-04-04,extended,22,static,0.38496485,0.41665226
2014-04-07,extended,22,static,0.5002975,0.41598684
2014-04-08,extended,22,static,0.4536314,0.45586735
2014-04-09,extended,22,static,0.37307066,0.37860566
2014-04-10,extended,22,static,0.50099003,0.400474
2014-04-11,extended,22,static,0.40514937,0.44582176
2014-04-14,extended,22,static,0.46094933,0.4102459
2014-04-15,extended,22,static,0.39984715,0.43247074
2014-04-16,extended,22,static,0.34781387,0.3915574
2014-04-17,extended,22,static,0.34906006,0.4170574
2014-04-18,extended,22,static,0.33066025,0.37917474
2014-04-21,extended,22,static,0.32748717,0.4071198
2014-04-22,extended,22,static,0.39831004,0.3826661
2014-04-23,extended,22,static,0.381451,0.41081572
2014-04-24,extended,22,static,0.36006987,0.44609973
2014-04-25,extended,22,static,0.37953928,0.55786467
2014-04-28,extended,22,static,0.46890783,0.3853093
2014-04-29,extended,22,static,0.4484777,0.47059292
2014-04-30,extended,22,static,0.3416393,0.500503
2014-05-02,extended,22,static,0.34048426,0.45803797
2014-05-07,extended,22,static,0.48494962,0.5325061
2014-05-08,extended,22,static,0.4457768,0.45863563
2014-05-09,extended,22,static,0.39555353,0.42134967
2014-05-12,extended,22,static,0.3764048,0.4538821
2014-05-13,extended,22,static,0.3723531,0.39680913
2014-05-14,extended,22,static,0.4369127,0.43506843
2014-05-15,extended,22,static,0.35734537,0.4246186
2014-05-16,extended,22,static,0.48168162,0.46679074
2014-05-19,extended,22,static,0.5512502,0.40652105
2014-05-20,extended,22,static,0.3573945,0.39901954
2014-05-21,extended,22,static,0.42510924,0.43834084
2014-05-22,extended,22,static,0.4092602,0.41612366
2014-05-23,extended,22,static,0.2651022,0.36067727
2014-05-26,extended,22,static,0.399295,0.4001257
2014-05-27,extended,22,static,0.6404549,0.5170473
2014-05-28,extended,22,static,0.4267683,0.43957254
2014-05-29,extended,22,static,0.27189663,0.46513182
2014-05-30,extended,22,static,0.6504426,0.52367836
2014-06-02,extended,22,static,0.39264828,0.42139977
2014-06-03,extended,22,static,0.60500765,0.42663848
2014-06-05,extended,22,static,0.43817604,0.571825
2014-06-09,extended,22,static,0.4332506,0.50767004
2014-06-10,extended,22,static,0.49776107,0.42337132
2014-06-11,extended,22,static,0.40366834,0.4152596
2014-06-12,extended,22,static,0.37406954,0.4604913
2014-06-13,extended,22,static,0.50387836,0.5327187
2014-06-16,extended,22,static,0.31889334,0.42342174
2014-06-17,extended,22,static,0.31693837,0.38904077
2014-06-18,extended,22,static,0.38902605,0.4736889
2014-06-19,extended,22,static,0.33651564,0.4644317
2014-06-20,extended,22,static,0.46845403,0.56169486
2014-06-23,extended,22,static,0.4674691,0.41943747
2014-06-24,extended,22,static,0.384609,0.48538104
2014-06-25,extended,22,static,0.36639097,0.44991064
2014-06-26,extended,22,static,0.62370855,0.44468066
2014-06-27,extended,22,static,0.45669696,0.48869222
2014-06-30,extended,22,static,0.421138,0.37022984
2014-07-01,extended,22,static,0.32784396,0.42604995
2014-07-02,extended,22,static,0.4311952,0.40299037
2014-07-03,extended,22,static,0.31473687,0.41828537
2014-07-04,extended,22,static,0.37441212,0.4282542
2014-07-07,extended,22,static,0.38168913,0.4187445
2014-07-08,extended,22,static,0.47110578,0.40572736
2014-07-09,extended,22,static,0.33105847,0.42102838
2014-07-10,extended,22,static,0.29468086,0.4144225
2014-07-11,extended,22,static,0.29963273,0.4134171
2014-07-14,extended,22,static,0.39193794,0.36209756
2014-07-15,extended,22,static,0.4075967,0.35744685
2014-07-16,extended,22,static,0.3580271,0.40616482
2014-07-17,extended,22,static,0.28855145,0.40607414
2014-07-18,extended,22,static,0.30281526,0.42149657
2014-07-21,extended,22,static,0.3475782,0.37009084
2014-07-22,extended,22,static,0.3701284,0.36510366
2014-07-23,extended,22,static,0.33715287,0.37797776
2014-07-24,extended,22,static,0.3925678,0.42310688
2014-07-25,extended,22,static,0.39154992,0.41390616
2014-07-28,extended,22,static,0.39611506,0.42096812
2014-07-29,extended,22,static,0.4402754,0.3867066
2014-07-30,extended,22,static,0.5263765,0.5748197
2014-07-31,extended,22,static,0.68732923,0.53942174
2014-08-01,extended,22,static,0.5611398,0.5347363
2014-08-04,extended,22,static,0.5234078,0.46552807
2014-08-05,extended,22,static,0.5006744,0.45407358
2014-08-06,extended,22,static,0.42100957,0.47688589
2014-08-07,extended,22,static,0.42803073,0.5213083
2014-08-08,extended,22,static,0.54905045,0.59753525
2014-08-11,extended,22,static,0.40855855,0.39799473
2014-08-12,extended,22,static,0.45808536,0.43954495
2014-08-13,extended,22,static,0.37273914,0.48152152
2014-08-14,extended,22,static,0.41851518,0.4752766
2014-08-18,extended,22,static,0.5593621,0.47456777
2014-08-19,extended,22,static,0.3205721,0.36412787
2014-08-20,extended,22,static,0.4542845,0.47626057
2014-08-21,extended,22,static,0.5047452,0.60256124
2014-08-22,extended,22,static,0.42705104,0.45902774
2014-08-25,extended,22,static,0.5974487,0.47292167
2014-08-26,extended,22,static,0.35681435,0.42363948
2014-08-27,extended,22,static,0.45551103,0.42004612
2014-08-28,extended,22,static,0.32768294,0.5054786
2014-08-29,extended,22,static,0.5166976,0.44885805
2014-09-01,extended,22,static,0.42619717,0.43381715
2014-09-02,extended,22,static,0.39515647,0.4855561
2014-09-03,extended,22,static,0.5543262,0.4861744
2014-09-04,extended,22,static,0.4892236,0.5166612
2014-09-05,extended,22,static,0.40816993,0.5010624
2014-09-11,extended,22,static,0.7266974,0.51152503
2014-09-12,extended,22,static,0.4590848,0.48621786
2014-09-15,extended,22,static,0.43585527,0.46346232
2014-09-16,extended,22,static,0.29281414,0.41468132
2014-09-17,extended,22,static,0.37738502,0.35896593
2014-09-18,extended,22,static,0.3807929,0.49875033
2014-09-19,extended,22,static,0.3251082,0.39251357
2014-09-22,extended,22,static,0.43448827,0.46935076
2014-09-23,extended,22,static,0.5151247,0.42390016
2014-09-24,extended,22,static,0.48339394,0.4677772
2014-09-25,extended,22,static,0.41328657,0.46724892
2014-09-26,extended,22,static,0.41926065,0.4586929
2014-09-29,extended,22,static,0.49092257,0.41094223
2014-09-30,extended,22,static,0.4185666,0.53366625
2014-10-01,extended,22,static,0.31939605,0.56816363
2014-10-02,extended,22,static,0.6898203,0.5581048
2014-10-06,extended,22,static,0.5242728,0.5350254
2014-10-07,extended,22,static,0.48625708,0.5195612
2014-10-08,extended,22,static,0.5505924,0.49500835
2014-10-10,extended,22,static,0.53692883,0.5428914
2014-10-13,extended,22,static,0.736411,0.50860435
2014-10-14,extended,22,static,0.596226,0.5329001
2014-10-15,extended,22,static,0.6676354,0.5677473
2014-10-16,extended,22,static,0.6282262,0.61754286
2014-10-17,extended,22,static,0.6876258,0.6783424
2014-10-20,extended,22,static,0.37683234,0.4377074
2014-10-21,extended,22,static,0.53052425,0.44159484
2014-10-22,extended,22,static,0.439299,0.37447527
2014-10-23,extended,22,static,0.76390135,0.51786184
2014-10-24,extended,22,static,0.67026865,0.6208831
2014-10-27,extended,22,static,0.3780209,0.42504543
2014-10-28,extended,22,static,0.38197294,0.43115574
2014-10-29,extended,22,static,0.59493434,0.5118625
2014-10-30,extended,22,static,0.6260377,0.48020902
2014-10-31,extended,22,static,0.62573487,0.4816634
2014-11-03,extended,22,static,0.515155,0.45750186
2014-11-04,extended,22,static,0.585234,0.59465384
2014-11-05,extended,22,static,0.526671,0.4681962
2014-11-06,extended,22,static,0.64335394,0.4779974
2014-11-07,extended,22,static,0.49799624,0.4998622
2014-11-10,extended,22,static,0.44324467,0.40234473
2014-11-11,extended,22,static,0.41973338,0.37635905
2014-11-12,extended,22,static,0.39307055,0.39343667
2014-11-13,extended,22,static,0.43068418,0.5012438
2014-11-14,extended,22,static,0.66949475,0.48116142
2014-11-17,extended,22,static,0.6341669,0.41399717
2014-11-18,extended,22,static,0.5666394,0.4202482
2014-11-19,extended,22,static,0.5010618,0.43178216
2014-11-20,extended,22,static,0.51566744,0.42210627
2014-11-21,extended,22,static,0.3318023,0.42707366
2014-11-24,extended,22,static,0.3079933,0.35317183
2014-11-25,extended,22,static,0.47510704,0.34331056
2014-11-26,extended,22,static,0.41046423,0.40957507
2014-11-27,extended,22,static,0.42532575,0.4274252
2014-11-28,extended,22,static,0.43114895,0.38529992
2014-12-01,extended,22,static,0.42047596,0.4182415
2014-12-02,extended,22,static,0.41847506,0.42946494
2014-12-03,extended,22,static,0.43730697,0.38838252
2014-12-04,extended,22,static,0.34017053,0.44718167
2014-12-05,extended,22,static,0.29264355,0.37111303
2014-12-08,extended,22,static,0.30122593,0.42439702
2014-12-09,extended,22,static,0.31311747,0.3960351
2014-12-10,extended,22,static,0.47854897,0.5010444
2014-12-11,extended,22,static,0.6749274,0.6101076
2014-12-12,extended,22,static,0.5025717,0.483737
2014-12-15,extended,22,static,0.47724685,0.56868714
2014-12-16,extended,22,static,0.4911253,0.5500077
2014-12-17,extended,22,static,0.5890781,0.49994704
2014-12-18,extended,22,static,0.74484754,0.7090421
2014-12-19,extended,22,static,0.6986612,0.44998235
2014-12-22,extended,22,static,0.50286496,0.44827795
2014-12-23,extended,22,static,0.31127355,0.42350376
2014-12-24,extended,22,static,0.39547744,0.43125647
2014-12-26,extended,22,static,0.38823494,0.4443512
2014-12-29,extended,22,static,0.4127921,0.44338143
2014-12-30,extended,22,static,0.48542786,0.60299265
2015-01-02,extended,22,static,0.46897152,0.51874286
2015-01-05,extended,22,static,0.71077925,0.55800235
2015-01-06,extended,22,static,0.58421755,0.585251
2015-01-07,extended,22,static,0.40920374,0.49825168
2015-01-08,extended,22,static,0.39667127,0.43741155
2015-01-09,extended,22,static,0.37639695,0.40337834
2015-01-12,extended,22,static,0.39231175,0.42799464
2015-01-13,extended,22,static,0.50338966,0.42140967
2015-01-14,extended,22,static,0.45990178,0.44733873
2015-01-15,extended,22,static,0.48670793,0.47678214
2015-01-16,extended,22,static,0.5324012,0.5648081
2015-01-19,extended,22,static,0.37361118,0.4144749
2015-01-20,extended,22,static,0.4801419,0.40780407
2015-01-21,extended,22,static,0.46535662,0.39812756
2015-01-22,extended,22,static,0.4227397,0.5147002
2015-01-23,extended,22,static,0.43462372,0.38852978
2015-01-26,extended,22,static,0.41431355,0.4375579
2015-01-27,extended,22,static,0.3717231,0.413976
2015-01-28,extended,22,static,0.38393363,0.4733352
2015-01-29,extended,22,static,0.4646711,0.45560235
2015-01-30,extended,22,static,0.5166637,0.44922656
2015-02-02,extended,22,static,0.43396014,0.42726314
2015-02-03,extended,22,static,0.54287523,0.4051209
2015-02-04,extended,22,static,0.44758877,0.36338404
2015-02-05,extended,22,static,0.39394376,0.462515
2015-02-06,extended,22,static,0.47000152,0.3730147
2015-02-09,extended,22,static,0.39241865,0.39266318
2015-02-10,extended,22,static,0.4345792,0.49311864
2015-02-11,extended,22,static,0.37759364,0.35885212
2015-02-12,extended,22,static,0.43717173,0.48567522
2015-02-13,extended,22,static,0.36823046,0.37116182
2015-02-16,extended,22,static,0.33519894,0.35892996
2015-02-17,extended,22,static,0.31718782,0.38162327
2015-02-23,extended,22,static,0.24621129,0.37665892
2015-02-24,extended,22,static,0.30792415,0.35473436
2015-02-25,extended,22,static,0.3182324,0.3605958
2015-02-26,extended,22,static,0.38990286,0.41983387
2015-02-27,extended,22,static,0.47086844,0.39099833
2015-03-02,extended,22,static,0.39558092,0.38913926
2015-03-03,extended,22,static,0.33467677,0.3659771
2015-03-04,extended,22,static,0.35309902,0.362835
2015-03-05,extended,22,static,0.36552134,0.3943867
2015-03-06,extended,22,static,0.28833833,0.40277627
2015-03-09,extended,22,static,0.35330012,0.4085917
2015-03-10,extended,22,static,0.52937216,0.4721572
2015-03-11,extended,22,static,0.48851034,0.44639295
2015-03-12,extended,22,static,0.7905255,0.53800595
2015-03-13,extended,22,static,0.35611054,0.40875804
2015-03-16,extended,22,static,0.32779276,0.38034987
2015-03-17,extended,22,static,0.5014861,0.4772579
2015-03-18,extended,22,static,0.44014743,0.4083484
2015-03-19,extended,22,static,0.49780563,0.47954693
2015-03-20,extended,22,static,0.4250708,0.4434907
2015-03-23,extended,22,static,0.51843107,0.41214556
2015-03-24,extended,22,static,0.3522225,0.41318423
2015-03-25,extended,22,static,0.30849868,0.37753427
2015-03-26,extended,22,static,0.42036015,0.4774133
2015-03-27,extended,22,static,0.48113868,0.41862702
2015-03-30,extended,22,static,0.42340615,0.40169948
2015-03-31,extended,22,static,0.3945001,0.37369138
2015-04-01,extended,22,static,0.42614794,0.43501636
2015-04-02,extended,22,static,0.4117238,0.42805845
2015-04-03,extended,22,static,0.34641802,0.39805675
2015-04-06,extended,22,static,0.48865163,0.41191778
2015-04-07,extended,22,static,0.46775958,0.42248166
2015-04-08,extended,22,static,0.2970583,0.42506105
2015-04-09,extended,22,static,0.37125695,0.42256582
2015-04-10,extended,22,static,0.43423086,0.49674788
2015-04-13,extended,22,static,0.34378946,0.39822924
2015-04-14,extended,22,static,0.5208348,0.4353896
2015-04-15,extended,22,static,0.413188,0.44481778
2015-04-16,extended,22,static,0.45509562,0.48501164
2015-04-17,extended,22,static,0.38721758,0.45738065
2015-04-20,extended,22,static,0.49090785,0.48565462
2015-04-21,extended,22,static,0.42544895,0.42039782
2015-04-22,extended,22,static,0.9061538,0.6532692
2015-04-23,extended,22,static,0.78710514,0.6861243
2015-04-24,extended,22,static,0.7086444,0.7020076
2015-04-27,extended,22,static,0.4825939,0.5354247
2015-04-28,extended,22,static,0.42580023,0.52951103
2015-04-29,extended,22,static,0.5785798,0.6520121
2015-04-30,extended,22,static,0.49580005,0.5436912
2015-05-04,extended,22,static,0.4582878,0.4408518
2015-05-06,extended,22,static,0.46169978,0.59829766
2015-05-07,extended,22,static,0.581258,0.69359744
2015-05-08,extended,22,static,0.57891643,0.49500698
2015-05-11,extended,22,static,0.48070416,0.4228043
2015-05-12,extended,22,static,0.4349594,0.4682353
2015-05-13,extended,22,static,0.5513823,0.45445567
2015-05-14,extended,22,static,0.36771038,0.45170948
2015-05-15,extended,22,static,0.5494416,0.5377258
2015-05-18,extended,22,static,0.5521967,0.44474137
2015-05-19,extended,22,static,0.5842618,0.46944082
2015-05-20,extended,22,static,0.397592,0.4475643
2015-05-21,extended,22,static,0.46203166,0.5229711
2015-05-22,extended,22,static,0.43587726,0.47320265
2015-05-26,extended,22,static,0.69523454,0.46981072
2015-05-27,extended,22,static,0.66407424,0.6384702
2015-05-28,extended,22,static,0.58385545,0.4696722
2015-05-29,extended,22,static,0.47500667,0.5335618
2015-06-01,extended,22,static,0.7755205,0.5779016
2015-06-02,extended,22,static,0.6786005,0.6620115
2015-06-03,extended,22,static,0.68659085,0.6484982
2015-06-04,extended,22,static,0.6508273,0.57560897
2015-06-05,extended,22,static,0.69513357,0.5544887
2015-06-08,extended,22,static,0.6300256,0.5059586
2015-06-09,extended,22,static,0.5512057,0.50808084
2015-06-10,extended,22,static,0.55687886,0.62243354
2015-06-11,extended,22,static,0.52646726,0.44081628
2015-06-12,extended,22,static,0.59666693,0.6310775
2015-06-15,extended,22,static,0.6091835,0.51598454
2015-06-16,extended,22,static,0.86266726,0.7498324
2015-06-17,extended,22,static,0.5755643,0.50427616
2015-06-18,extended,22,static,0.5761382,0.5264163
2015-06-19,extended,22,static,0.55882305,0.43481275
2015-06-22,extended,22,static,0.5072078,0.48928535
2015-06-23,extended,22,static,0.40189433,0.4198227
2015-06-24,extended,22,static,0.49130565,0.3833924
2015-06-25,extended,22,static,0.42484134,0.45743155
2015-06-26,extended,22,static,0.42865404,0.45339715
2015-06-29,extended,22,static,0.54642594,0.4448418
2015-06-30,extended,22,static,0.79986274,0.5517398
2015-07-01,extended,22,static,0.5309773,0.57397723
2015-07-02,extended,22,static,0.42298937,0.41907
2015-07-03,extended,22,static,0.49392998,0.47466105
2015-07-06,extended,22,static,0.70410967,0.6493273
2015-07-07,extended,22,static,1.2697808,0.78018534
2015-07-08,extended,22,static,0.9289754,0.84887385
2015-07-09,extended,22,static,0.91673833,0.9219688
2015-07-10,extended,22,static,0.61174023,0.63070214
2015-07-13,extended,22,static,0.611966,0.59926546
2015-07-14,extended,22,static,0.62655807,0.527224
2015-07-15,extended,22,static,0.5505885,0.5175847
2015-07-16,extended,22,static,0.38838267,0.53386325
2015-07-17,extended,22,static,0.8732395,0.63401246
2015-07-20,extended,22,static,0.43888596,0.5252682
2015-07-21,extended,22,static,0.55127376,0.50535524
2015-07-22,extended,22,static,0.62025476,0.53072387
2015-07-23,extended,22,static,0.49155486,0.55477154
2015-07-24,extended,22,static,0.5470408,0.60728246
2015-07-27,extended,22,static,0.7153333,0.55658245
2015-07-28,extended,22,static,0.8191336,0.78121585
2015-07-29,extended,22,static,0.5667343,0.5598953
2015-07-30,extended,22,static,0.71114796,0.6665857
2015-07-31,extended,22,static,0.7327988,0.64876235
2015-08-03,extended,22,static,0.4797667,0.6269543
2015-08-04,extended,22,static,0.50947493,0.5393263
2015-08-05,extended,22,static,0.45489973,0.49490556
2015-08-06,extended,22,static,0.48685527,0.63076967
2015-08-07,extended,22,static,0.43246758,0.49261978
2015-08-10,extended,22,static,0.56543386,0.4597342
2015-08-11,extended,22,static,0.6210647,0.67449784
2015-08-12,extended,22,static,1.0305247,0.8356613
2015-08-13,extended,22,static,0.80435836,0.73486596
2015-08-17,extended,22,static,0.5732548,0.6153773
2015-08-18,extended,22,static,0.75889903,0.62921345
2015-08-19,extended,22,static,1.0924137,0.9669009
2015-08-20,extended,22,static,0.7815961,0.7758614
2015-08-21,extended,22,static,0.9134856,0.86019695
2015-08-24,extended,22,static,1.8107414,1.5276649
2015-08-25,extended,22,static,1.8910074,1.6865969
2015-08-26,extended,22,static,1.0096093,1.2723687
2015-08-27,extended,22,static,1.0561913,0.715971
2015-08-28,extended,22,static,0.56707877,0.57828796
2015-08-31,extended,22,static,0.59578997,0.61079353
2015-09-01,extended,22,static,0.6166712,0.7951992
2015-09-02,extended,22,static,0.7860436,0.9345374
2015-09-03,extended,22,static,0.6534895,0.6324858
2015-09-04,extended,22,static,0.7472652,1.0174956
2015-09-07,extended,22,static,0.8502557,0.84686506
2015-09-08,extended,22,static,0.6740726,0.86771506
2015-09-09,extended,22,static,0.57209575,0.59894264
2015-09-10,extended,22,static,0.74454945,0.87160486
2015-09-11,extended,22,static,0.50379705,0.5793619
2015-09-14,extended,22,static,0.6348398,0.692809
2015-09-15,extended,22,static,0.4543648,0.53342974
2015-09-16,extended,22,static,0.5155807,0.5848192
2015-09-17,extended,22,static,0.68464905,0.5282643
2015-09-18,extended,22,static,0.79493463,0.6917299
2015-09-21,extended,22,static,0.679192,0.6543251
2015-09-22,extended,22,static,0.50560457,0.561409
2015-09-23,extended,22,static,0.6404673,0.6593454
2015-09-24,extended,22,static,0.37382257,0.5604627
2015-09-25,extended,22,static,0.5172438,0.5592883
2015-09-30,extended,22,static,0.64004534,0.790213
2015-10-01,extended,22,static,0.6149624,0.5860888
2015-10-02,extended,22,static,0.5572659,0.4902869
2015-10-05,extended,22,static,0.52579486,0.47382835
2015-10-06,extended,22,static,0.46812874,0.41010922
2015-10-07,extended,22,static,0.39444777,0.41483134
2015-10-08,extended,22,static,0.75575185,0.4762699
2015-10-12,extended,22,static,0.5085366,0.4795191
2015-10-13,extended,22,static,0.5864969,0.4419562
2015-10-14,extended,22,static,0.42263693,0.45495784
2015-10-15,extended,22,static,0.5670978,0.5646771
2015-10-16,extended,22,static,0.41148767,0.41942948
2015-10-19,extended,22,static,0.59965014,0.41721687
2015-10-20,extended,22,static,0.34834018,0.42662925
2015-10-21,extended,22,static,0.55760455,0.46246606
2015-10-22,extended,22,static,0.4936597,0.52578306
2015-10-23,extended,22,static,0.5528827,0.44251874
2015-10-26,extended,22,static,0.4321443,0.38836938
2015-10-27,extended,22,static,0.45086458,0.37491938
2015-10-28,extended,22,static,0.42119962,0.41767225
2015-10-29,extended,22,static,0.6226361,0.6117792
2015-10-30,extended,22,static,0.57504505,0.44203442
2015-11-02,extended,22,static,0.4598057,0.36095518
2015-11-03,extended,22,static,0.48481444,0.35735762
2015-11-04,extended,22,static,0.43381485,0.41976374
2015-11-05,extended,22,static,0.41666242,0.3954711
2015-11-06,extended,22,static,0.45264474,0.46539623
2015-11-09,extended,22,static,0.535969,0.45479912
2015-11-10,extended,22,static,0.5498236,0.5458411
2015-11-11,extended,22,static,0.49404413,0.534186
2015-11-12,extended,22,static,0.29256648,0.4540681
2015-11-13,extended,22,static,0.5260353,0.45681152
2015-11-16,extended,22,static,0.37849212,0.5249962
2015-11-17,extended,22,static,0.48022184,0.40907702
2015-11-18,extended,22,static,0.4339948,0.44169718
2015-11-19,extended,22,static,0.36737475,0.40729636
2015-11-20,extended,22,static,0.3950192,0.382625
2015-11-23,extended,22,static,0.39232647,0.40174818
2015-11-24,extended,22,static,0.43989903,0.4225526
2015-11-25,extended,22,static,0.38424456,0.40800497
2015-11-26,extended,22,static,0.45002028,0.4360977
2015-11-27,extended,22,static,0.37650165,0.42538488
2015-11-30,extended,22,static,0.7767586,0.58526313
2015-12-01,extended,22,static,0.50479424,0.4955359
2015-12-02,extended,22,static,0.5016396,0.43317688
2015-12-03,extended,22,static,0.49697414,0.5254092
2015-12-04,extended,22,static,0.4475061,0.5105791
2015-12-07,extended,22,static,0.59594285,0.49793142
2015-12-08,extended,22,static,0.5530384,0.5857898
2015-12-09,extended,22,static,0.4472472,0.49612656
2015-12-10,extended,22,static,0.5514376,0.5012727
2015-12-11,extended,22,static,0.5657859,0.51637805
2015-12-14,extended,22,static,0.6382663,0.4619822
2015-12-15,extended,22,static,0.44237307,0.4407227
2015-12-16,extended,22,static,0.5684499,0.45942682
2015-12-17,extended,22,static,0.66542965,0.46338743
2015-12-18,extended,22,static,0.47428003,0.5779018
2015-12-21,extended,22,static,0.7907233,0.48651335
2015-12-22,extended,22,static,0.4273976,0.5043841
2015-12-23,extended,22,static,0.5328471,0.4290639
2015-12-24,extended,22,static,0.5478259,0.4815051
2015-12-28,extended,22,static,0.5731691,0.5658979
2015-12-29,extended,22,static,0.71268773,0.55642486
2015-12-30,extended,22,static,0.61946654,0.50111294
2016-01-04,extended,22,static,0.59715265,0.6953262
2016-01-05,extended,22,static,0.83417565,0.6331136
2016-01-06,extended,22,static,0.82796127,0.6624151
2016-01-07,extended,22,static,0.8403119,0.7135829
2016-01-08,extended,22,static,0.78636414,0.7774352
2016-01-11,extended,22,static,0.5864095,0.5705266
2016-01-12,extended,22,static,0.6484348,0.67342335
2016-01-13,extended,22,static,0.48391593,0.47950965
2016-01-14,extended,22,static,0.66714925,0.5445427
2016-01-15,extended,22,static,0.76769465,0.8704368
2016-01-18,extended,22,static,0.8122839,0.74249697
2016-01-19,extended,22,static,0.80901164,0.64976543
2016-01-20,extended,22,static,1.0479549,1.1245401
2016-01-21,extended,22,static,1.2050147,0.8524017
2016-01-22,extended,22,static,0.76164746,0.6132783
2016-01-25,extended,22,static,0.58615047,0.56861573
2016-01-26,extended,22,static,0.75074667,0.63978684
2016-01-27,extended,22,static,0.7746183,0.5255967
2016-01-28,extended,22,static,0.6446767,0.7500818
2016-01-29,extended,22,static,0.76355225,0.6518035
2016-02-01,extended,22,static,0.6537827,0.47253582
2016-02-02,extended,22,static,0.5287193,0.5233214
2016-02-03,extended,22,static,0.5112443,0.5023121
2016-02-04,extended,22,static,0.50863564,0.5376091
2016-02-05,extended,22,static,0.44628632,0.46513152
2016-02-11,extended,22,static,0.5768444,0.71816564
2016-02-12,extended,22,static,1.0966846,0.87587845
2016-02-15,extended,22,static,0.6655523,0.5316508
2016-02-16,extended,22,static,0.526367,0.6227248
2016-02-17,extended,22,static,0.6321167,0.48840943
2016-02-18,extended,22,static,0.5344269,0.4667272
2016-02-19,extended,22,static,0.6108594,0.4929083
2016-02-22,extended,22,static,0.6567795,0.50214887
2016-02-23,extended,22,static,0.45002753,0.5286415
2016-02-24,extended,22,static,0.4910758,0.45562994
2016-02-25,extended,22,static,0.5941934,0.51856565
2016-02-26,extended,22,static,0.49938223,0.41554388
2016-02-29,extended,22,static,0.5406877,0.4276223
2016-03-02,extended,22,static,0.2869389,0.39246193
2016-03-03,extended,22,static,0.4515115,0.40969864
2016-03-04,extended,22,static,0.34754515,0.35820338
2016-03-07,extended,22,static,0.3861093,0.3423016
2016-03-08,extended,22,static,0.51090753,0.48874912
2016-03-09,extended,22,static,0.46843365,0.41830248
2016-03-10,extended,22,static,0.59606266,0.48174992
2016-03-11,extended,22,static,0.38524356,0.38557237
2016-03-14,extended,22,static,0.47268915,0.41162223
2016-03-15,extended,22,static,0.58447754,0.37647855
2016-03-16,extended,22,static,0.3607646,0.3969972
2016-03-17,extended,22,static,0.5493733,0.4136057
2016-03-18,extended,22,static,0.5147018,0.38482577
2016-03-21,extended,22,static,0.6299734,0.45630884
2016-03-22,extended,22,static,0.4075866,0.40550503
2016-03-23,extended,22,static,0.4620221,0.38032484
2016-03-24,extended,22,static,0.44202203,0.43403682
2016-03-25,extended,22,static,0.4707092,0.4350776
2016-03-28,extended,22,static,0.5012863,0.40986338
2016-03-29,extended,22,static,0.4685851,0.40143263
2016-03-30,extended,22,static,0.36516067,0.35352913
2016-03-31,extended,22,static,0.48443702,0.48375928
2016-04-01,extended,22,static,0.5656842,0.540269
2016-04-04,extended,22,static,0.45881668,0.3758744
2016-04-05,extended,22,static,0.48541948,0.47046274
2016-04-06,extended,22,static,0.46591207,0.46638325
2016-04-07,extended,22,static,0.41833934,0.4465404
2016-04-08,extended,22,static,0.44521573,0.48270354
2016-04-11,extended,22,static,0.5284186,0.4213568
2016-04-12,extended,22,static,0.41330346,0.39723438
2016-04-14,extended,22,static,0.371029,0.37625006
2016-04-15,extended,22,static,0.49299118,0.39803842
2016-04-18,extended,22,static,0.4383455,0.42538384
2016-04-19,extended,22,static,0.37412906,0.36981443
2016-04-20,extended,22,static,0.45820224,0.41120023
2016-04-21,extended,22,static,0.50731313,0.42430878
2016-04-22,extended,22,static,0.3723159,0.3700893
2016-04-25,extended,22,static,0.45905885,0.37503088
2016-04-26,extended,22,static,0.41764012,0.40137932
2016-04-27,extended,22,static,0.3585694,0.37241453
2016-04-28,extended,22,static,0.55917907,0.54794693
2016-04-29,extended,22,static,0.41373196,0.49722707
2016-05-02,extended,22,static,0.39539397,0.46823114
2016-05-03,extended,22,static,0.3977465,0.36052436
2016-05-04,extended,22,static,0.485355,0.43609756
2016-05-09,extended,22,static,0.40324748,0.48808348
2016-05-10,extended,22,static,0.41188267,0.43309435
2016-05-11,extended,22,static,0.47250456,0.43007708
2016-05-12,extended,22,static,0.41253337,0.42583403
2016-05-13,extended,22,static,0.41266063,0.48834556
2016-05-16,extended,22,static,0.3613524,0.40396124
2016-05-17,extended,22,static,0.43525106,0.39583993
2016-05-18,extended,22,static,0.54737806,0.4786291
2016-05-19,extended,22,static,0.42637876,0.50811774
2016-05-20,extended,22,static,0.51215374,0.47217414
2016-05-23,extended,22,static,0.49667555,0.4401337
2016-05-24,extended,22,static,0.45251277,0.4744433
2016-05-25,extended,22,static,0.4282868,0.36984643
2016-05-26,extended,22,static,0.33992866,0.4064089
2016-05-27,extended,22,static,0.44040382,0.39322308
2016-05-30,extended,22,static,0.5152261,0.43034956
2016-05-31,extended,22,static,0.5352246,0.5005568
2016-06-01,extended,22,static,0.3943315,0.40006828
2016-06-02,extended,22,static,0.4378691,0.39957726
2016-06-03,extended,22,static,0.42122635,0.40676916
2016-06-07,extended,22,static,0.34377694,0.39468986
2016-06-08,extended,22,static,0.37671083,0.42021734
2016-06-09,extended,22,static,0.55977756,0.5159597
2016-06-10,extended,22,static,0.43520233,0.41144454
2016-06-13,extended,22,static,0.53730124,0.49995077
2016-06-14,extended,22,static,0.57337254,0.48327413
2016-06-15,extended,22,static,0.57499605,0.49830788
2016-06-16,extended,22,static,0.5300097,0.7017562
2016-06-17,extended,22,static,0.6058187,0.532037
2016-06-20,extended,22,static,0.46426633,0.4009257
2016-06-21,extended,22,static,0.35876232,0.35834697
2016-06-22,extended,22,static,0.5767985,0.40843073
2016-06-23,extended,22,static,0.4020298,0.4465982
2016-06-24,extended,22,static,2.7883227,1.5499742
2016-06-27,extended,22,static,1.034141,1.0663671
2016-06-28,extended,22,static,0.7380943,0.8545049
2016-06-29,extended,22,static,0.5193605,0.65099585
2016-06-30,extended,22,static,0.5643468,0.5305404
2016-07-01,extended,22,static,0.45222056,0.55423033
2016-07-04,extended,22,static,0.38543123,0.44183415
2016-07-05,extended,22,static,0.3997217,0.4673133
2016-07-06,extended,22,static,0.5960612,0.74087656
2016-07-07,extended,22,static,0.5472271,0.506227
2016-07-08,extended,22,static,0.5943859,0.61166215
2016-07-11,extended,22,static,0.37387204,0.42382145
2016-07-12,extended,22,static,0.44112608,0.4147594
2016-07-13,extended,22,static,0.40022996,0.4601864
2016-07-15,extended,22,static,0.5734889,0.4038412
2016-07-18,extended,22,static,0.45555323,0.41064435
2016-07-19,extended,22,static,0.5123692,0.44610852
2016-07-20,extended,22,static,0.38823307,0.44566017
2016-07-21,extended,22,static,0.33381626,0.4550491
2016-07-22,extended,22,static,0.44745797,0.41640183
2016-07-25,extended,22,static,0.44980383,0.437331
2016-07-26,extended,22,static,0.44893873,0.47528306
2016-07-27,extended,22,static,0.3710515,0.40517724
2016-07-28,extended,22,static,0.5451066,0.402159
2016-07-29,extended,22,static,0.5288648,0.44044492
2016-08-01,extended,22,static,0.2945054,0.36988464
2016-08-02,extended,22,static,0.3788467,0.38752884
2016-08-03,extended,22,static,0.5524868,0.46978247
2016-08-04,extended,22,static,0.41807786,0.44260335
2016-08-05,extended,22,static,0.3396602,0.41294822
2016-08-08,extended,22,static,0.49255827,0.3491186
2016-08-09,extended,22,static,0.3806397,0.38356307
2016-08-10,extended,22,static,0.4080596,0.38976043
2016-08-11,extended,22,static,0.38086724,0.43566188
2016-08-12,extended,22,static,0.5442558,0.42683402
2016-08-16,extended,22,static,0.41092864,0.44517052
2016-08-17,extended,22,static,0.5161453,0.43218455
2016-08-18,extended,22,static,0.37462407,0.45684534
2016-08-19,extended,22,static,0.45526814,0.40194017
2016-08-22,extended,22,static,0.48903936,0.44348544
2016-08-23,extended,22,static,0.3208912,0.39624938
2016-08-24,extended,22,static,0.40495902,0.3972563
2016-08-25,extended,22,static,0.428678,0.43812442
2016-08-26,extended,22,static,0.41396236,0.43983656
2016-08-29,extended,22,static,0.4333405,0.3903876
2016-08-30,extended,22,static,0.4136325,0.3831838
2016-08-31,extended,22,static,0.39951742,0.42274803
2016-09-01,extended,22,static,0.48899823,0.48151496
2016-09-02,extended,22,static,0.409667,0.40223974
2016-09-05,extended,22,static,0.33930066,0.35510483
2016-09-06,extended,22,static,0.35865888,0.37685096
2016-09-07,extended,22,static,0.33522075,0.3856231
2016-09-08,extended,22,static,0.4865326,0.4357385
2016-09-09,extended,22,static,0.4879684,0.4901287
2016-09-12,extended,22,static,0.7066116,0.54842937
2016-09-13,extended,22,static,0.49597505,0.45135754
2016-09-19,extended,22,static,0.47205582,0.4814297
2016-09-20,extended,22,static,0.41855133,0.43294084
2016-09-21,extended,22,static,0.3921784,0.41550726
2016-09-22,extended,22,static,0.34853488,0.36197948
2016-09-23,extended,22,static,0.40524554,0.37186334
2016-09-26,extended,22,static,0.383498,0.44916716
2016-09-27,extended,22,static,0.63465077,0.5451038
2016-09-28,extended,22,static,0.35726416,0.39601204
2016-09-29,extended,22,static,0.29729545,0.35059518
2016-09-30,extended,22,static,0.46877646,0.41677934
2016-10-04,extended,22,static,0.3784458,0.33799922
2016-10-05,extended,22,static,0.36899102,0.45829093
2016-10-06,extended,22,static,0.38234252,0.42377013
2016-10-07,extended,22,static,0.31698453,0.43984157
2016-10-10,extended,22,static,0.6045508,0.4572348
2016-10-11,extended,22,static,0.5978912,0.56491476
2016-10-12,extended,22,static,0.55751145,0.45772573
2016-10-13,extended,22,static,0.44808808,0.5881661
2016-10-14,extended,22,static,0.47312167,0.44019437
2016-10-17,extended,22,static,0.68644565,0.5333684
2016-10-18,extended,22,static,0.418896,0.44826996
2016-10-19,extended,22,static,0.45984432,0.42669094
2016-10-20,extended,22,static,0.35656762,0.4366783
2016-10-21,extended,22,static,0.47723594,0.39897966
2016-10-24,extended,22,static,0.37482077,0.39620844
2016-10-25,extended,22,static,0.4140349,0.40278056
2016-10-26,extended,22,static,0.5388524,0.57658935
2016-10-27,extended,22,static,0.43967706,0.4382609
2016-10-28,extended,22,static,0.3825934,0.4387755
2016-10-31,extended,22,static,0.44077244,0.44158766
2016-11-01,extended,22,static,0.56304723,0.5015345
2016-11-02,extended,22,static,0.48225862,0.55652905
2016-11-03,extended,22,static,0.6624814,0.5022175
2016-11-04,extended,22,static,0.5025194,0.46965605
2016-11-07,extended,22,static,0.52930874,0.3963063
2016-11-08,extended,22,static,0.44146258,0.41557917
2016-11-09,extended,22,static,2.031196,1.3041677
2016-11-10,extended,22,static,0.46837845,0.60033846
2016-11-11,extended,22,static,0.48504636,0.54684246
2016-11-14,extended,22,static,0.4617539,0.53336096
2016-11-15,extended,22,static,0.48922154,0.47861034
2016-11-16,extended,22,static,0.3855118,0.40402693
2016-11-17,extended,22,static,0.54448164,0.45998296
2016-11-18,extended,22,static,0.4159238,0.4700867
2016-11-21,extended,22,static,0.42698252,0.44838122
2016-11-22,extended,22,static,0.36072382,0.38550523
2016-11-23,extended,22,static,0.38413358,0.42587382
2016-11-24,extended,22,static,0.5426249,0.525324
2016-11-25,extended,22,static,0.52109605,0.42150432
2016-11-28,extended,22,static,0.6419536,0.44182536
2016-11-29,extended,22,static,0.4388843,0.43526167
2016-11-30,extended,22,static,0.47073472,0.40604705
2016-12-01,extended,22,static,0.43158138,0.42464828
2016-12-02,extended,22,static,0.45268583,0.46853894
2016-12-05,extended,22,static,0.51245755,0.43474954
2016-12-06,extended,22,static,0.46353978,0.4272706
2016-12-07,extended,22,static,0.2964239,0.3976042
2016-12-08,extended,22,static,0.375222,0.43241486
2016-12-09,extended,22,static,0.3604839,0.34687108
2016-12-12,extended,22,static,0.34406453,0.37657362
2016-12-13,extended,22,static,0.31548974,0.38893926
2016-12-14,extended,22,static,0.37817597,0.3870037
2016-12-15,extended,22,static,0.41790086,0.50433314
2016-12-16,extended,22,static,0.4112296,0.40114793
2016-12-19,extended,22,static,0.3391854,0.37964708
2016-12-20,extended,22,static,0.29216132,0.35716107
2016-12-21,extended,22,static,0.3347647,0.4094188
2016-12-22,extended,22,static,0.32726452,0.3949467
2016-12-23,extended,22,static,0.35389754,0.36465433
2016-12-26,extended,22,static,0.32329482,0.34622198
2016-12-27,extended,22,static,0.27221918,0.34465563
2016-12-28,extended,22,static,0.34114155,0.36990124
2016-12-29,extended,22,static,0.40297145,0.4193899
2017-01-02,extended,22,static,0.53621113,0.41416875
2017-01-03,extended,22,static,0.38115823,0.43135083
2017-01-04,extended,22,static,0.35621893,0.327083
2017-01-05,extended,22,static,0.41227186,0.35663277
2017-01-06,extended,22,static,0.2692462,0.35892045
2017-01-09,extended,22,static,0.33090684,0.35002688
2017-01-10,extended,22,static,0.3025251,0.38509592
2017-01-11,extended,22,static,0.48505434,0.5135844
2017-01-12,extended,22,static,0.39794284,0.41985977
2017-01-13,extended,22,static,0.3050763,0.3655638
2017-01-16,extended,22,static,0.55418384,0.4377464
2017-01-17,extended,22,static,0.43422714,0.3997009
2017-01-18,extended,22,static,0.5064729,0.4595035
2017-01-19,extended,22,static,0.5864657,0.56669307
2017-01-20,extended,22,static,0.39905807,0.44957697
2017-01-23,extended,22,static,0.63107663,0.41340545
2017-01-24,extended,22,static,0.41072622,0.43620056
2017-01-25,extended,22,static,0.43899965,0.3993466
2017-01-26,extended,22,static,0.51218843,0.44355714
2017-01-31,extended,22,static,0.34641507,0.40659958
2017-02-01,extended,22,static,0.29706377,0.37677267
2017-02-02,extended,22,static,0.47971916,0.54254293
2017-02-03,extended,22,static,0.48435944,0.46237296
2017-02-06,extended,22,static,0.49512172,0.40187922
2017-02-07,extended,22,static,0.44516364,0.37732536
2017-02-08,extended,22,static,0.5552887,0.49785006
2017-02-09,extended,22,static,0.46376044,0.4581837
2017-02-10,extended,22,static,0.40003085,0.39054602
2017-02-13,extended,22,static,0.4178162,0.3631881
2017-02-14,extended,22,static,0.37659693,0.4106159
2017-02-15,extended,22,static,0.44485363,0.41280693
2017-02-16,extended,22,static,0.44746262,0.4381181
2017-02-17,extended,22,static,0.4090683,0.40502375
2017-02-20,extended,22,static,0.40149304,0.37352332
2017-02-21,extended,22,static,0.48444274,0.48271954
2017-02-22,extended,22,static,0.29227963,0.36468747
2017-02-23,extended,22,static,0.28353712,0.37884647
2017-02-24,extended,22,static,0.5001797,0.44900227
2017-02-27,extended,22,static,0.44817,0.40182415
2017-02-28,extended,22,static,0.28582513,0.3799945
2017-03-02,extended,22,static,0.40378046,0.43116254
2017-03-03,extended,22,static,0.47616363,0.50340813
2017-03-06,extended,22,static,0.4527407,0.4340078
2017-03-07,extended,22,static,0.45490617,0.4263391
2017-03-08,extended,22,static,0.46957126,0.40188637
2017-03-09,extended,22,static,0.36786202,0.41237363
2017-03-10,extended,22,static,0.8348908,0.48138806
2017-03-13,extended,22,static,0.33446267,0.4442432
2017-03-14,extended,22,static,0.32904154,0.3665433
2017-03-15,extended,22,static,0.39969143,0.37846726
2017-03-16,extended,22,static,0.36488044,0.39959952
2017-03-17,extended,22,static,0.35387918,0.42993212
2017-03-20,extended,22,static,0.2944158,0.36060193
2017-03-21,extended,22,static,0.45589474,0.41186848
2017-03-22,extended,22,static,0.44596022,0.40187317
2017-03-23,extended,22,static,0.45875955,0.39458784
2017-03-24,extended,22,static,0.4053544,0.4479949
2017-03-27,extended,22,static,0.46149203,0.40596122
2017-03-28,extended,22,static,0.30706987,0.37997037
2017-03-29,extended,22,static,0.35797924,0.3480271
2017-03-30,extended,22,static,0.4055572,0.44901085
2017-03-31,extended,22,static,0.4213343,0.3801739
2017-04-03,extended,22,static,0.31691495,0.38879052
2017-04-04,extended,22,static,0.32676655,0.36729246
2017-04-05,extended,22,static,0.40551054,0.4464239
2017-04-06,extended,22,static,0.4142728,0.42449057
2017-04-07,extended,22,static,0.39663696,0.42574793
2017-04-10,extended,22,static,0.49851382,0.49200517
2017-04-11,extended,22,static,0.41371098,0.50840825
2017-04-12,extended,22,static,0.31084672,0.40404147
2017-04-13,extended,22,static,0.37633115,0.49042106
2017-04-14,extended,22,static,0.3521896,0.44491345
2017-04-17,extended,22,static,0.45371473,0.3896907
2017-04-18,extended,22,static,0.38381398,0.3808593
2017-04-19,extended,22,static,0.47931102,0.42570007
2017-04-20,extended,22,static,0.39942238,0.4716102
2017-04-21,extended,22,static,0.3337946,0.38059697
2017-04-24,extended,22,static,0.32348567,0.3777197
2017-04-25,extended,22,static,0.3326416,0.37662178
2017-04-26,extended,22,static,0.36705443,0.35221967
2017-04-27,extended,22,static,0.38127685,0.4161004
2017-04-28,extended,22,static,0.45892343,0.4375891
2017-05-02,extended,22,static,0.46510407,0.42277968
2017-05-04,extended,22,static,0.46709982,0.4420874
2017-05-08,extended,22,static,0.5023997,0.698145
2017-05-10,extended,22,static,1.3575698,0.83686715
2017-05-11,extended,22,static,0.59658635,0.70537245
2017-05-12,extended,22,static,0.56561357,0.5289911
2017-05-15,extended,22,static,0.6342638,0.5005432
2017-05-16,extended,22,static,0.4776984,0.60838723
2017-05-17,extended,22,static,0.43275765,0.47378778
2017-05-18,extended,22,static,0.5550052,0.5494988
2017-05-19,extended,22,static,0.4121522,0.45446253
2017-05-22,extended,22,static,0.41639403,0.39370525
2017-05-23,extended,22,static,0.5663683,0.4863401
2017-05-24,extended,22,static,0.36416286,0.4273085
2017-05-25,extended,22,static,0.48595387,0.5272202
2017-05-26,extended,22,static,0.6024409,0.5349469
2017-05-29,extended,22,static,0.58480686,0.5864557
2017-05-30,extended,22,static,0.6690707,0.59096384
2017-05-31,extended,22,static,0.524535,0.5223224
2017-06-01,extended,22,static,0.5477483,0.52331644
2017-06-02,extended,22,static,0.39423275,0.48401147
2017-06-05,extended,22,static,0.4407,0.4356882
2017-06-07,extended,22,static,0.45335045,0.45228496
2017-06-08,extended,22,static,0.4619889,0.51536703
2017-06-09,extended,22,static,0.48759967,0.46279365
2017-06-12,extended,22,static,0.4898459,0.4948126
2017-06-13,extended,22,static,0.5139743,0.43834692
2017-06-14,extended,22,static,0.4065176,0.4889693
2017-06-15,extended,22,static,0.49458447,0.56090283
2017-06-16,extended,22,static,0.39952758,0.44728345
2017-06-19,extended,22,static,0.47669643,0.4713469
2017-06-20,extended,22,static,0.47008553,0.42199734
2017-06-21,extended,22,static,0.52882403,0.4466036
2017-06-22,extended,22,static,0.48889878,0.46637413
2017-06-23,extended,22,static,0.4326211,0.42524177
2017-06-26,extended,22,static,0.45162526,0.39422008
2017-06-27,extended,22,static,0.31756493,0.41001624
2017-06-28,extended,22,static,0.2789895,0.39162636
2017-06-29,extended,22,static,0.37794366,0.3540281
2017-06-30,extended,22,static,0.31901178,0.39214164
2017-07-03,extended,22,static,0.2887885,0.385799
2017-07-04,extended,22,static,0.4441377,0.44783497
2017-07-05,extended,22,static,0.34599558,0.42036563
2017-07-06,extended,22,static,0.30942437,0.41021028
2017-07-07,extended,22,static,0.36535043,0.4227456
2017-07-10,extended,22,static,0.38317055,0.3579707
2017-07-11,extended,22,static,0.33334345,0.36515832
2017-07-12,extended,22,static,0.3145693,0.36969498
2017-07-13,extended,22,static,0.32320786,0.39271852
2017-07-14,extended,22,static,0.35490644,0.37296447
2017-07-17,extended,22,static,0.34857568,0.35172832
2017-07-18,extended,22,static,0.30876806,0.35089216
2017-07-19,extended,22,static,0.34112093,0.36790878
2017-07-20,extended,22,static,0.33308032,0.40676802
2017-07-21,extended,22,static,0.27601123,0.41104355
2017-07-24,extended,22,static,0.28912455,0.35204113
2017-07-25,extended,22,static,0.3574759,0.38759646
2017-07-26,extended,22,static,0.47764468,0.4019146
2017-07-27,extended,22,static,0.3645926,0.42205817
2017-07-28,extended,22,static,0.554706,0.5898259
2017-07-31,extended,22,static,0.44980392,0.45287564
2017-08-01,extended,22,static,0.5999973,0.5612403
2017-08-02,extended,22,static,0.33362812,0.39221326
2017-08-03,extended,22,static,0.85689783,0.6968186
2017-08-04,extended,22,static,0.6797277,0.5061091
2017-08-07,extended,22,static,0.47577247,0.44930956
2017-08-08,extended,22,static,0.7355776,0.5341674
2017-08-09,extended,22,static,0.5036802,0.5617706
2017-08-10,extended,22,static,0.78194296,0.66250384
2017-08-11,extended,22,static,0.7780952,0.69660306
2017-08-14,extended,22,static,0.50498015,0.52559173
2017-08-16,extended,22,static,0.40589043,0.41186756
2017-08-17,extended,22,static,0.4383999,0.47523928
2017-08-18,extended,22,static,0.42694488,0.52290654
2017-08-21,extended,22,static,0.32942408,0.4369394
2017-08-22,extended,22,static,0.4816819,0.37226748
2017-08-23,extended,22,static,0.3237646,0.41589993
2017-08-24,extended,22,static,0.37980905,0.42213732
2017-08-25,extended,22,static,0.53273207,0.41631168
2017-08-28,extended,22,static,0.48396522,0.4552899
2017-08-29,extended,22,static,0.55525976,0.5531818
2017-08-30,extended,22,static,0.3059023,0.3990326
2017-08-31,extended,22,static,0.42101514,0.454737
2017-09-01,extended,22,static,0.43719873,0.46388927
2017-09-04,extended,22,static,0.80571175,0.54022324
2017-09-05,extended,22,static,0.48322672,0.54142976
2017-09-06,extended,22,static,0.38746855,0.45340252
2017-09-07,extended,22,static,0.41732684,0.45893717
2017-09-08,extended,22,static,0.33410913,0.43290234
2017-09-11,extended,22,static,0.4273295,0.39215615
2017-09-12,extended,22,static,0.38387138,0.35000592
2017-09-13,extended,22,static,0.532784,0.37234244
2017-09-14,extended,22,static,0.5249362,0.45180908
2017-09-15,extended,22,static,0.46454814,0.47454667
2017-09-18,extended,22,static,0.43466046,0.45097524
2017-09-19,extended,22,static,0.38876596,0.38458794
2017-09-20,extended,22,static,0.4890798,0.44413874
2017-09-21,extended,22,static,0.46683878,0.44202513
2017-09-22,extended,22,static,0.5842754,0.5375721
2017-09-25,extended,22,static,0.37923086,0.48933578
2017-09-26,extended,22,static,0.52595836,0.4521203
2017-09-27,extended,22,static,0.42178652,0.43045425
2017-09-28,extended,22,static,0.47142658,0.4664665
2017-09-29,extended,22,static,0.44898203,0.44376796
2017-10-10,extended,22,static,0.37124217,0.40811148
2017-10-11,extended,22,static,0.4241728,0.41640866
2017-10-12,extended,22,static,0.46717745,0.4509284
2017-10-13,extended,22,static,0.44696584,0.44148463
2017-10-16,extended,22,static,0.41054747,0.43330118
2017-10-17,extended,22,static,0.33732888,0.37241635
2017-10-18,extended,22,static,0.46548337,0.42249882
2017-10-19,extended,22,static,0.42848444,0.5165676
2017-10-20,extended,22,static,0.36247987,0.40742457
2017-10-23,extended,22,static,0.40933284,0.38202438
2017-10-24,extended,22,static,0.3371137,0.38252825
2017-10-25,extended,22,static,0.5181344,0.4196648
2017-10-26,extended,22,static,0.37531456,0.4546542
2017-10-27,extended,22,static,0.34875175,0.44395304
2017-10-30,extended,22,static,0.3732904,0.37779534
2017-10-31,extended,22,static,0.42233425,0.48052102
2017-11-01,extended,22,static,0.44627354,0.4340291
2017-11-02,extended,22,static,0.37131804,0.46360695
2017-11-03,extended,22,static,0.4803873,0.45609647
2017-11-06,extended,22,static,0.54080886,0.5154104
2017-11-07,extended,22,static,0.5429577,0.43947917
2017-11-08,extended,22,static,0.55050635,0.5016756
2017-11-09,extended,22,static,0.57365763,0.54447067
2017-11-10,extended,22,static,0.43465102,0.4727698
2017-11-13,extended,22,static,0.49514338,0.5001832
2017-11-14,extended,22,static,0.4631327,0.4174838
2017-11-15,extended,22,static,0.52593166,0.45466328
2017-11-16,extended,22,static,0.46143925,0.5202719
2017-11-17,extended,22,static,0.6370275,0.4796117
2017-11-20,extended,22,static,0.42193073,0.4723178
2017-11-21,extended,22,static,0.4664672,0.41079277
2017-11-22,extended,22,static,0.49178496,0.41773713
2017-11-23,extended,22,static,0.33769703,0.4421413
2017-11-24,extended,22,static,0.30684665,0.4054443
2017-11-27,extended,22,static,0.63174343,0.56904113
2017-11-28,extended,22,static,0.51561844,0.4704804
2017-11-29,extended,22,static,0.5209071,0.4063895
2017-11-30,extended,22,static,0.6702991,0.64709365
2017-12-01,extended,22,static,0.5584041,0.50557566
2017-12-04,extended,22,static,0.5248996,0.5070548
2017-12-05,extended,22,static,0.52887315,0.5193944
2017-12-06,extended,22,static,0.5514562,0.6118424
2017-12-07,extended,22,static,0.6752934,0.60533345
2017-12-08,extended,22,static,0.45889714,0.46945
2017-12-11,extended,22,static,0.47102973,0.4213032
2017-12-12,extended,22,static,0.4695583,0.49535593
2017-12-13,extended,22,static,0.502327,0.47402105
2017-12-14,extended,22,static,0.61404777,0.69442487
2017-12-15,extended,22,static,0.5297589,0.47211307
2017-12-18,extended,22,static,0.47358662,0.3951555
2017-12-19,extended,22,static,0.6413977,0.4945072
2017-12-20,extended,22,static,0.3649534,0.46486402
2017-12-21,extended,22,static,0.7004087,0.66237396
2017-12-22,extended,22,static,0.5317793,0.51868427
2017-12-26,extended,22,static,0.5612138,0.58932483
2017-12-27,extended,22,static,0.5643131,0.5354033
2017-12-28,extended,22,static,0.5650448,0.54016507
2018-01-02,extended,22,static,0.50195986,0.4235075
2018-01-03,extended,22,static,0.55601066,0.37456685
2018-01-04,extended,22,static,0.60766953,0.62843615
2018-01-05,extended,22,static,0.32537127,0.45912457
2018-01-08,extended,22,static,0.6691721,0.41054302
2018-01-09,extended,22,static,0.589738,0.5135233
2018-01-10,extended,22,static,0.609798,0.49609604
2018-01-11,extended,22,static,0.5916006,0.4934452
2018-01-12,extended,22,static,0.61880475,0.45049214
2018-01-15,extended,22,static,0.48673365,0.4395025
2018-01-16,extended,22,static,0.45485097,0.47705966
2018-01-17,extended,22,static,0.5304574,0.4178176
2018-01-18,extended,22,static,0.50200415,0.44522262
2018-01-19,extended,22,static,0.42358023,0.41759187
2018-01-22,extended,22,static,0.66856754,0.4943518
2018-01-23,extended,22,static,0.5769514,0.44301867
2018-01-24,extended,22,static,0.4336639,0.42594743
2018-01-25,extended,22,static,0.4474603,0.5152916
2018-01-26,extended,22,static,0.41339415,0.45852035
2018-01-29,extended,22,static,0.46647355,0.39551485
2018-01-30,extended,22,static,0.54076123,0.5643206
2018-01-31,extended,22,static,0.7986268,0.7119324
2018-02-01,extended,22,static,0.5135922,0.5295299
2018-02-02,extended,22,static,0.6944563,0.6606689
2018-02-06,extended,22,static,1.3759223,0.852422
2018-02-07,extended,22,static,1.1224344,1.4154866
2018-02-08,extended,22,static,1.4082813,0.93472964
2018-02-09,extended,22,static,0.924383,0.9249994
2018-02-12,extended,22,static,0.73894906,0.76764005
2018-02-13,extended,22,static,0.7352547,0.7922266
2018-02-14,extended,22,static,0.6576986,0.5704646
2018-02-19,extended,22,static,0.744649,0.55063605
2018-02-20,extended,22,static,0.60137486,0.60436445
2018-02-21,extended,22,static,0.8948334,0.61661327
2018-02-22,extended,22,static,0.7651857,0.65325
2018-02-23,extended,22,static,0.5396386,0.5887104
2018-02-26,extended,22,static,0.44420412,0.48231828
2018-02-27,extended,22,static,0.5382551,0.4952857
2018-02-28,extended,22,static,0.6677766,0.6745999
2018-03-02,extended,22,static,0.7076289,0.6600863
2018-03-05,extended,22,static,0.8297359,0.7347239
2018-03-06,extended,22,static,0.5992369,0.5192454
2018-03-07,extended,22,static,0.8678764,0.686236
2018-03-08,extended,22,static,0.57723534,0.5981469
2018-03-09,extended,22,static,0.9048038,0.69458807
2018-03-12,extended,22,static,0.60006213,0.48648742
2018-03-13,extended,22,static,0.5792436,0.4962089
2018-03-14,extended,22,static,0.52837044,0.48217183
2018-03-15,extended,22,static,0.5437149,0.5645478
2018-03-16,extended,22,static,0.6200851,0.53882265
2018-03-19,extended,22,static,0.62999684,0.5422468
2018-03-20,extended,22,static,0.5908735,0.56403816
2018-03-21,extended,22,static,0.44412887,0.44201156
2018-03-22,extended,22,static,0.68458426,0.5172471
2018-03-23,extended,22,static,0.7553705,0.7214841
2018-03-26,extended,22,static,0.76247865,0.7208668
2018-03-27,extended,22,static,0.53506243,0.42159277
2018-03-28,extended,22,static,0.673325,0.5295283
2018-03-29,extended,22,static,0.5691548,0.60498124
2018-03-30,extended,22,static,0.511162,0.41172087
2018-04-02,extended,22,static,0.6385989,0.52548194
2018-04-03,extended,22,static,0.64242345,0.53012776
2018-04-04,extended,22,static,0.61185294,0.6332897
2018-04-05,extended,22,static,0.56049514,0.49070656
2018-04-06,extended,22,static,0.5418958,0.4640053
2018-04-09,extended,22,static,0.603467,0.47400045
2018-04-10,extended,22,static,0.74254316,0.5937234
2018-04-11,extended,22,static,0.52584124,0.44593495
2018-04-12,extended,22,static,0.46946838,0.46149263
2018-04-13,extended,22,static,0.48597175,0.42485937
2018-04-16,extended,22,static,0.41321504,0.44287926
2018-04-17,extended,22,static,0.4030222,0.43402255
2018-04-18,extended,22,static,0.47746107,0.38476178
2018-04-19,extended,22,static,0.3500298,0.39398494
2018-04-20,extended,22,static,0.38361907,0.37862512
2018-04-23,extended,22,static,0.59864664,0.38689208
2018-04-24,extended,22,static,0.5900663,0.48453295
2018-04-25,extended,22,static,0.5728207,0.45161378
2018-04-26,extended,22,static,0.4661938,0.51201844
2018-04-27,extended,22,static,0.58571786,0.44349563
2018-04-30,extended,22,static,0.29974332,0.3931241
2018-05-02,extended,22,static,0.5317291,0.37937945
2018-05-03,extended,22,static,0.38037953,0.4891534
2018-05-04,extended,22,static,0.8299641,0.5089023
2018-05-08,extended,22,static,0.63835526,0.60617304
2018-05-09,extended,22,static,0.7415112,0.52770513
2018-05-10,extended,22,static,0.524455,0.4401495
2018-05-11,extended,22,static,0.5472272,0.40923905
2018-05-14,extended,22,static,0.40309787,0.4038437
2018-05-15,extended,22,static,0.4819849,0.4643091
2018-05-16,extended,22,static,0.5249877,0.46177563
2018-05-17,extended,22,static,0.504751,0.52188885
2018-05-18,extended,22,static,0.37123322,0.40493596
2018-05-21,extended,22,static,0.5899091,0.46533632
2018-05-23,extended,22,static,0.4946166,0.40827605
2018-05-24,extended,22,static,0.50533944,0.4764343
2018-05-25,extended,22,static,0.61002725,0.48033476
2018-05-28,extended,22,static,0.4808087,0.42863443
2018-05-29,extended,22,static,0.5040798,0.47211105
2018-05-30,extended,22,static,0.8468387,0.7110733
2018-05-31,extended,22,static,0.58737284,0.46232584
2018-06-01,extended,22,static,0.5391277,0.5568108
2018-06-04,extended,22,static,0.47376427,0.38676184
2018-06-05,extended,22,static,0.64105666,0.44679183
2018-06-07,extended,22,static,0.44492972,0.43274128
2018-06-08,extended,22,static,0.5250526,0.46981162
2018-06-11,extended,22,static,0.329443,0.44858348
2018-06-12,extended,22,static,0.5726167,0.4166392
2018-06-14,extended,22,static,0.5893106,0.62370706
2018-06-15,extended,22,static,0.43506518,0.595971
2018-06-18,extended,22,static,0.5933432,0.708243
2018-06-19,extended,22,static,0.7605105,0.81122786
2018-06-20,extended,22,static,0.9390088,0.6579741
2018-06-21,extended,22,static,0.675875,0.7522644
2018-06-22,extended,22,static,0.81111634,0.7123039
2018-06-25,extended,22,static,0.6731689,0.6079289
2018-06-26,extended,22,static,0.8809193,0.69687223
2018-06-27,extended,22,static,0.58874965,0.57562673
2018-06-28,extended,22,static,0.7575209,0.6434611
2018-06-29,extended,22,static,0.8233925,0.70184743
2018-07-02,extended,22,static,0.732432,0.94218516
2018-07-03,extended,22,static,0.9579573,0.83883095
2018-07-04,extended,22,static,0.7959366,0.6882008
2018-07-05,extended,22,static,0.82799333,0.80279
2018-07-06,extended,22,static,0.842396,0.74392426
2018-07-09,extended,22,static,0.6719653,0.6257374
2018-07-10,extended,22,static,0.48954758,0.4739535
2018-07-11,extended,22,static,0.635452,0.5992355
2018-07-12,extended,22,static,0.541959,0.59233004
2018-07-13,extended,22,static,0.66376597,0.49130547
2018-07-16,extended,22,static,0.47625157,0.50587684
2018-07-17,extended,22,static,0.6909655,0.51497287
2018-07-18,extended,22,static,0.5686658,0.68122506
2018-07-19,extended,22,static,0.63734394,0.55936337
2018-07-20,extended,22,static,0.77456194,0.5807455
2018-07-23,extended,22,static,0.71465874,0.607888
2018-07-24,extended,22,static,0.5560328,0.5234297
2018-07-25,extended,22,static,0.5566565,0.56901777
2018-07-26,extended,22,static,0.53365874,0.48188844
2018-07-27,extended,22,static,0.4896239,0.45666832
2018-07-30,extended,22,static,0.60400695,0.4738537
2018-07-31,extended,22,static,0.4818809,0.45129073
2018-08-01,extended,22,static,0.49417087,0.42531613
2018-08-02,extended,22,static,0.55862355,0.66276824
2018-08-03,extended,22,static,0.44794852,0.44289905
2018-08-06,extended,22,static,0.55782104,0.47116488
2018-08-07,extended,22,static,0.5077453,0.46827084
2018-08-08,extended,22,static,0.38903806,0.4179471
2018-08-09,extended,22,static,0.5795095,0.4301172
2018-08-10,extended,22,static,0.64872575,0.4930474
2018-08-13,extended,22,static,0.6422989,0.61960334
2018-08-14,extended,22,static,0.49295643,0.485817
2018-08-16,extended,22,static,0.7887324,0.5564382
2018-08-17,extended,22,static,0.3888017,0.46577343
2018-08-20,extended,22,static,0.5653866,0.48404682
2018-08-21,extended,22,static,0.5020699,0.52488554
2018-08-22,extended,22,static,0.4246906,0.43114078
2018-08-23,extended,22,static,0.45294395,0.45653185
2018-08-24,extended,22,static,0.55311584,0.5171561
2018-08-27,extended,22,static,0.39814794,0.42493385
2018-08-28,extended,22,static,0.46395722,0.38954908
2018-08-29,extended,22,static,0.38262826,0.40130097
2018-08-30,extended,22,static,0.4776508,0.43686813
2018-08-31,extended,22,static,0.4617814,0.52440333
2018-09-03,extended,22,static,0.428776,0.44597548
2018-09-04,extended,22,static,0.39786705,0.40946394
2018-09-05,extended,22,static,0.44467092,0.5231931
2018-09-06,extended,22,static,0.5141736,0.4484161
2018-09-07,extended,22,static,0.70040905,0.5232537
2018-09-10,extended,22,static,0.37834287,0.4296603
2018-09-11,extended,22,static,0.53783274,0.4827868
2018-09-12,extended,22,static,0.4302788,0.4552122
2018-09-13,extended,22,static,0.42830923,0.41834772
2018-09-14,extended,22,static,0.4561431,0.37622827
2018-09-17,extended,22,static,0.35485968,0.43794042
2018-09-18,extended,22,static,0.4616422,0.4572283
2018-09-19,extended,22,static,0.44473305,0.41049138
2018-09-20,extended,22,static,0.5008912,0.46919486
2018-09-21,extended,22,static,0.4410776,0.3792352
2018-09-27,extended,22,static,0.47088003,0.48018783
2018-09-28,extended,22,static,0.48419026,0.45253974
2018-10-01,extended,22,static,0.4943643,0.4265256
2018-10-02,extended,22,static,0.48979652,0.5409101
2018-10-04,extended,22,static,0.7401666,0.70042217
2018-10-05,extended,22,static,0.8065761,0.653604
2018-10-08,extended,22,static,0.55835587,0.5724075
2018-10-10,extended,22,static,0.83971167,0.68243885
2018-10-11,extended,22,static,1.0540719,1.0902245
2018-10-12,extended,22,static,0.9823882,0.954807
2018-10-15,extended,22,static,0.7597328,0.69905365
2018-10-16,extended,22,static,0.6612869,0.7299752
2018-10-17,extended,22,static,0.6689484,0.5846784
2018-10-18,extended,22,static,0.6124943,0.640808
2018-10-19,extended,22,static,0.90396863,0.7783115
2018-10-22,extended,22,static,0.65464485,0.6672143
2018-10-23,extended,22,static,0.79869413,0.9565357
2018-10-24,extended,22,static,1.0101825,0.7881035
2018-10-25,extended,22,static,1.2034954,0.87446976
2018-10-26,extended,22,static,1.4175036,1.2695987
2018-10-29,extended,22,static,1.2363508,1.3509216
2018-10-30,extended,22,static,1.4563276,1.146914
2018-10-31,extended,22,static,1.0390601,0.8505321
2018-11-01,extended,22,static,0.94414973,0.99057525
2018-11-02,extended,22,static,0.7913712,0.8796133
2018-11-05,extended,22,static,0.9511913,0.7629706
2018-11-06,extended,22,static,0.90530014,0.7235258
2018-11-07,extended,22,static,1.0367223,0.8804433
2018-11-08,extended,22,static,0.5996522,0.73338604
2018-11-09,extended,22,static,0.7839538,0.6271012
2018-11-12,extended,22,static,0.6026729,0.73450655
2018-11-13,extended,22,static,0.97934544,0.8775995
2018-11-14,extended,22,static,0.74976957,0.60512304
2018-11-15,extended,22,static,0.95467246,0.7527321
2018-11-16,extended,22,static,0.8288098,0.61766934
2018-11-19,extended,22,static,0.8961883,0.65962976
2018-11-20,extended,22,static,0.67195773,0.62906516
2018-11-21,extended,22,static,0.58556443,0.78098756
2018-11-22,extended,22,static,0.48702475,0.601099
2018-11-23,extended,22,static,0.7685168,0.7201698
2018-11-27,extended,22,static,0.5834283,0.5695684
2018-11-28,extended,22,static,0.45220104,0.52627265
2018-11-29,extended,22,static,0.60476553,0.627542
2018-11-30,extended,22,static,0.5886905,0.683202
2018-12-03,extended,22,static,0.68153924,0.54012644
2018-12-04,extended,22,static,0.5445994,0.54881
2018-12-05,extended,22,static,0.56843424,0.5720666
2018-12-06,extended,22,static,0.6095563,0.7158048
2018-12-07,extended,22,static,0.5924383,0.57616895
2018-12-10,extended,22,static,0.6433859,0.577789
2018-12-11,extended,22,static,0.6609957,0.5623332
2018-12-12,extended,22,static,0.6956875,0.61474884
2018-12-13,extended,22,static,0.72408855,0.5351408
2018-12-14,extended,22,static,0.7188342,0.7721265
2018-12-17,extended,22,static,0.53072983,0.5779526
2018-12-18,extended,22,static,0.6521278,0.5769754
2018-12-19,extended,22,static,0.47295922,0.54319817
2018-12-20,extended,22,static,0.8710768,0.6206467
2018-12-21,extended,22,static,0.6061809,0.5882395
2018-12-24,extended,22,static,0.78516436,0.5640979
2018-12-26,extended,22,static,0.879256,0.63473
2018-12-27,extended,22,static,0.78099734,0.5405462
2018-12-28,extended,22,static,0.60280275,0.55755454
2019-01-02,extended,22,static,0.9284962,0.9365518
2019-01-03,extended,22,static,0.76937395,0.7579195
2019-01-04,extended,22,static,0.9603191,0.7331251
2019-01-07,extended,22,static,0.596431,0.49311692
2019-01-08,extended,22,static,0.5111342,0.53853154
2019-01-09,extended,22,static,0.61086947,0.62533677
2019-01-10,extended,22,static,0.5482217,0.53052866
2019-01-11,extended,22,static,0.5898902,0.48511755
2019-01-14,extended,22,static,0.42138827,0.46420544
2019-01-15,extended,22,static,0.6759469,0.5740442
2019-01-16,extended,22,static,0.56711286,0.46941325
2019-01-17,extended,22,static,0.66810846,0.5323042
2019-01-18,extended,22,static,0.44543266,0.46640027
2019-01-21,extended,22,static,0.62634444,0.48976678
2019-01-22,extended,22,static,0.60353917,0.59911305
2019-01-23,extended,22,static,0.51928467,0.560182
2019-01-24,extended,22,static,0.6640924,0.500137
2019-01-25,extended,22,static,0.5400761,0.62454844
2019-01-28,extended,22,static,0.64575857,0.5665519
2019-01-29,extended,22,static,0.5906731,0.54344046
2019-01-30,extended,22,static,0.65107256,0.6531861
2019-01-31,extended,22,static,0.7285996,0.6120843
2019-02-01,extended,22,static,0.5539258,0.55300236
2019-02-07,extended,22,static,0.6790316,0.62958354
2019-02-08,extended,22,static,0.5708925,0.59121853
2019-02-11,extended,22,static,0.4614692,0.46407104
2019-02-12,extended,22,static,0.57275265,0.47714406
2019-02-13,extended,22,static,0.44701397,0.4037177
2019-02-14,extended,22,static,0.48624977,0.67003584
2019-02-15,extended,22,static,0.67290115,0.5742965
2019-02-18,extended,22,static,0.48367992,0.44548973
2019-02-19,extended,22,static,0.6155199,0.47506583
2019-02-20,extended,22,static,0.52544653,0.5254751
2019-02-21,extended,22,static,0.5323978,0.55790675
2019-02-22,extended,22,static,0.5406673,0.5078621
2019-02-25,extended,22,static,0.47330192,0.4766165
2019-02-26,extended,22,static,0.4936881,0.45761466
2019-02-27,extended,22,static,0.5037446,0.43309474
2019-02-28,extended,22,static,0.92397344,0.6759103
2019-03-04,extended,22,static,0.64611864,0.6459341
2019-03-05,extended,22,static,0.59529656,0.5202326
2019-03-06,extended,22,static,0.51380426,0.5032327
2019-03-07,extended,22,static,0.5759724,0.61375296
2019-03-08,extended,22,static,0.536695,0.6175909
2019-03-11,extended,22,static,0.51650745,0.5730586
2019-03-12,extended,22,static,0.5089075,0.38205665
2019-03-13,extended,22,static,0.55918586,0.50098836
2019-03-14,extended,22,static,0.69509447,0.47456968
2019-03-15,extended,22,static,0.6786419,0.6073946
2019-03-18,extended,22,static,0.4490796,0.4471618
2019-03-19,extended,22,static,0.44854522,0.4379568
2019-03-20,extended,22,static,0.67536366,0.5432787
2019-03-21,extended,22,static,0.66217667,0.61019665
2019-03-22,extended,22,static,0.5033251,0.4607252
2019-03-25,extended,22,static,0.43661532,0.50801194
2019-03-26,extended,22,static,0.49395978,0.42671153
2019-03-27,extended,22,static,0.6899357,0.48280078
2019-03-28,extended,22,static,0.6706694,0.56678736
2019-03-29,extended,22,static,0.5518298,0.52005684
2019-04-01,extended,22,static,0.45664388,0.43107432
2019-04-02,extended,22,static,0.36144215,0.35360366
2019-04-03,extended,22,static,0.51566744,0.5500582
2019-04-04,extended,22,static,0.5919871,0.49374503
2019-04-05,extended,22,static,0.51925457,0.44816414
2019-04-08,extended,22,static,0.5123613,0.45602465
2019-04-09,extended,22,static,0.4496857,0.4771002
2019-04-10,extended,22,static,0.48014227,0.4761923
2019-04-11,extended,22,static,0.5340376,0.45745283
2019-04-12,extended,22,static,0.44028127,0.49916175
2019-04-15,extended,22,static,0.40747067,0.39856738
2019-04-16,extended,22,static,0.3219919,0.39343074
2019-04-17,extended,22,static,0.43842065,0.4060083
2019-04-18,extended,22,static,0.5309156,0.65087694
2019-04-19,extended,22,static,0.4144328,0.42786798
2019-04-22,extended,22,static,0.5566578,0.49357128
2019-04-23,extended,22,static,0.40701708,0.4554395
2019-04-24,extended,22,static,0.61955744,0.637709
2019-04-25,extended,22,static,0.55485576,0.5034141
2019-04-26,extended,22,static,0.72152674,0.5630829
2019-04-29,extended,22,static,0.52491474,0.567037
2019-04-30,extended,22,static,0.68583477,0.5901295
2019-05-02,extended,22,static,0.59866214,0.63693315
2019-05-03,extended,22,static,0.4779373,0.52640605
2019-05-07,extended,22,static,0.58303875,0.47210795
2019-05-08,extended,22,static,0.62740874,0.6230817
2019-05-09,extended,22,static,0.7362842,1.07041
2019-05-10,extended,22,static,1.313459,0.79547083
2019-05-13,extended,22,static,0.6890862,0.7970741
2019-05-14,extended,22,static,0.85694784,0.9509932
2019-05-15,extended,22,static,0.6930094,0.7207762
2019-05-16,extended,22,static,0.7359276,0.82696605
2019-05-17,extended,22,static,0.65519613,0.76433533
2019-05-20,extended,22,static,0.77253944,0.68493426
2019-05-21,extended,22,static,0.6395138,0.65885925
2019-05-22,extended,22,static,0.7309624,0.60930336
2019-05-23,extended,22,static,0.7258369,0.638858
2019-05-24,extended,22,static,0.7309144,0.6484394
2019-05-27,extended,22,static,0.6795934,0.591588
2019-05-28,extended,22,static,0.711294,0.57066274
2019-05-29,extended,22,static,0.7383555,0.7376547
2019-05-30,extended,22,static,0.714489,0.6096803
2019-05-31,extended,22,static,0.8417236,0.66966856
2019-06-03,extended,22,static,0.66955924,0.79044324
2019-06-04,extended,22,static,0.62424713,0.49499953
2019-06-05,extended,22,static,0.51530224,0.4963734
2019-06-07,extended,22,static,0.6764708,0.5300925
2019-06-10,extended,22,static,0.48184523,0.4897507
2019-06-11,extended,22,static,0.4704116,0.5010613
2019-06-12,extended,22,static,0.5863049,0.48406523
2019-06-13,extended,22,static,0.7455525,0.64445937
2019-06-14,extended,22,static,0.8651253,0.541564
2019-06-17,extended,22,static,0.4247762,0.54421794
2019-06-18,extended,22,static,0.5229543,0.46788347
2019-06-19,extended,22,static,0.4357139,0.3651441
2019-06-20,extended,22,static,0.43176708,0.42729896
2019-06-21,extended,22,static,0.37728238,0.4113388
2019-06-24,extended,22,static,0.4593244,0.405652
2019-06-25,extended,22,static,0.51512194,0.4924935
2019-06-26,extended,22,static,0.40397477,0.42982638
2019-06-27,extended,22,static,0.6148308,0.51568115
2019-06-28,extended,22,static,0.54358685,0.45717555
2019-07-01,extended,22,static,0.59253216,0.5074214
2019-07-02,extended,22,static,0.5319617,0.47932443
2019-07-03,extended,22,static,0.6809259,0.69108987
2019-07-04,extended,22,static,0.53083926,0.5484718
2019-07-05,extended,22,static,0.59597343,0.53530693
2019-07-08,extended,22,static,0.7311243,0.6816373
2019-07-09,extended,22,static,0.63317543,0.6477524
2019-07-10,extended,22,static,0.53223544,0.51721287
2019-07-11,extended,22,static,0.6092576,0.5456687
2019-07-12,extended,22,static,0.49427682,0.52691114
2019-07-15,extended,22,static,0.5757437,0.50810844
2019-07-16,extended,22,static,0.6845,0.5229471
2019-07-17,extended,22,static,0.5347872,0.5311564
2019-07-18,extended,22,static,0.60851675,0.50926644
2019-07-19,extended,22,static,0.5437367,0.49327767
2019-07-22,extended,22,static,0.511214,0.4387257
2019-07-23,extended,22,static,0.49994358,0.45744163
2019-07-24,extended,22,static,0.5793747,0.55337757
2019-07-25,extended,22,static,0.7161237,0.6360672
2019-07-26,extended,22,static,0.57829916,0.5738833
2019-07-29,extended,22,static,0.8799096,0.7492772
2019-07-30,extended,22,static,0.47641116,0.57464385
2019-07-31,extended,22,static,0.9222174,0.7036818
2019-08-01,extended,22,static,0.68841547,0.73263407
2019-08-02,extended,22,static,0.84896463,0.69994295
2019-08-05,extended,22,static,1.0211527,0.9171943
2019-08-06,extended,22,static,1.484804,1.2739105
2019-08-07,extended,22,static,1.0996208,1.0351658
2019-08-08,extended,22,static,0.92815804,0.8610644
2019-08-09,extended,22,static,0.5159914,0.58501446
2019-08-12,extended,22,static,0.56668067,0.582342
2019-08-13,extended,22,static,0.6010147,0.5782921
2019-08-14,extended,22,static,0.53666717,0.47867274
2019-08-16,extended,22,static,0.506742,0.5546531
2019-08-19,extended,22,static,0.4380862,0.4321949
2019-08-20,extended,22,static,0.5513106,0.51602924
2019-08-21,extended,22,static,0.49984393,0.5366392
2019-08-22,extended,22,static,0.6450491,0.5266033
2019-08-23,extended,22,static,0.5643259,0.53650916
2019-08-26,extended,22,static,0.59313625,0.53244454
2019-08-27,extended,22,static,0.5408019,0.53312683
2019-08-28,extended,22,static,0.506738,0.52722156
2019-08-29,extended,22,static,0.77088475,0.55296105
2019-08-30,extended,22,static,0.48729998,0.49439478
2019-09-02,extended,22,static,0.42060363,0.49373147
2019-09-03,extended,22,static,0.46074706,0.5260495
2019-09-04,extended,22,static,0.64084554,0.5716004
2019-09-05,extended,22,static,0.5175228,0.55484504
2019-09-06,extended,22,static,0.44188112,0.41233757
2019-09-10,extended,22,static,0.4645472,0.4133427
2019-09-11,extended,22,static,0.5891835,0.429716
2019-09-16,extended,22,static,0.55733615,0.44080874
2019-09-17,extended,22,static,0.38927358,0.44107196
2019-09-18,extended,22,static,0.5622158,0.47836512
2019-09-19,extended,22,static,0.61585087,0.5445525
2019-09-20,extended,22,static,0.4513401,0.5040795
2019-09-23,extended,22,static,0.40426698,0.4332195
2019-09-24,extended,22,static,0.5260157,0.46061313
2019-09-25,extended,22,static,0.69618875,0.55172694
2019-09-26,extended,22,static,0.51503557,0.6230978
2019-09-27,extended,22,static,0.48853964,0.5886823
2019-09-30,extended,22,static,0.5457362,0.5899786
2019-10-01,extended,22,static,0.5716477,0.49316233
2019-10-02,extended,22,static,0.49776527,0.58846515
2019-10-04,extended,22,static,0.88379955,0.53393877
2019-10-07,extended,22,static,0.60894364,0.52045894
2019-10-08,extended,22,static,0.5952094,0.5416496
2019-10-10,extended,22,static,1.0106066,0.659265
2019-10-11,extended,22,static,0.46052435,0.5687303
2019-10-14,extended,22,static,0.58545357,0.38229245
2019-10-15,extended,22,static,0.6064588,0.4432514
2019-10-16,extended,22,static,0.59798956,0.44469637
2019-10-17,extended,22,static,0.55910295,0.5180574
2019-10-18,extended,22,static,0.7058667,0.63955796
2019-10-21,extended,22,static,0.5290702,0.46459725
2019-10-22,extended,22,static,0.6156244,0.46448222
2019-10-23,extended,22,static,0.5095138,0.48306656
2019-10-24,extended,22,static,0.65481824,0.556319
2019-10-25,extended,22,static,0.510718,0.48331386
2019-10-28,extended,22,static,0.5885731,0.45838594
2019-10-29,extended,22,static,0.4937578,0.47124478
2019-10-30,extended,22,static,0.6974592,0.48839012
2019-10-31,extended,22,static,0.45347598,0.5530384
2019-11-01,extended,22,static,0.6286192,0.46306664
2019-11-04,extended,22,static,0.5168918,0.43655157
2019-11-05,extended,22,static,0.4885944,0.4447663
2019-11-06,extended,22,static,0.68208325,0.49086422
2019-11-07,extended,22,static,0.6206656,0.5197203
2019-11-08,extended,22,static,0.71452206,0.5751838
2019-11-11,extended,22,static,0.5903803,0.527942
2019-11-12,extended,22,static,0.6194489,0.49078262
2019-11-13,extended,22,static,0.5121189,0.48325014
2019-11-14,extended,22,static,0.8766804,0.49260896
2019-11-15,extended,22,static,0.7431917,0.6406445
2019-11-18,extended,22,static,0.45491695,0.49158108
2019-11-19,extended,22,static,0.7765365,0.50046444
2019-11-20,extended,22,static,0.63094217,0.5490556
2019-11-21,extended,22,static,0.8004125,0.7079265
2019-11-22,extended,22,static,0.6115706,0.55132055
2019-11-25,extended,22,static,0.67888767,0.4854051
2019-11-26,extended,22,static,0.6483119,0.52581155
2019-11-27,extended,22,static,0.7303999,0.5074973
2019-11-28,extended,22,static,0.5263722,0.50187564
2019-11-29,extended,22,static,0.72310865,0.76190346
2019-12-02,extended,22,static,0.46694157,0.5385289
2019-12-03,extended,22,static,0.5842627,0.5430292
2019-12-04,extended,22,static,0.61338687,0.5717064
2019-12-05,extended,22,static,0.56392145,0.7194919
2019-12-06,extended,22,static,0.5755424,0.4936336
2019-12-09,extended,22,static,0.601427,0.43311912
2019-12-10,extended,22,static,0.5532216,0.5296862
2019-12-11,extended,22,static,0.5910824,0.49378544
2019-12-12,extended,22,static,0.5365521,0.50225616
2019-12-13,extended,22,static,0.50488144,0.40279374
2019-12-16,extended,22,static,0.45997214,0.39795232
2019-12-17,extended,22,static,0.6691943,0.5065082
2019-12-18,extended,22,static,0.74346703,0.51803935
2019-12-19,extended,22,static,0.49151647,0.5493728
2019-12-20,extended,22,static,0.58628047,0.4474469
2019-12-23,extended,22,static,0.47409418,0.47565693
2019-12-24,extended,22,static,0.51791275,0.5002907
2019-12-26,extended,22,static,0.4991962,0.47489697
2019-12-27,extended,22,static,0.75134546,0.70591867
2019-12-30,extended,22,static,0.5212078,0.47388518
2013-12-19,extended,22,expanding,0.4802798330783844,0.5990844368934631
2013-12-20,extended,22,expanding,0.5645997524261475,0.5195093154907227
2013-12-23,extended,22,expanding,0.4692802131175995,0.5065361857414246
2013-12-24,extended,22,expanding,0.3759242594242096,0.49911773204803467
2013-12-26,extended,22,expanding,0.34329724311828613,0.5283771753311157
2013-12-27,extended,22,expanding,0.4054294526576996,0.49699366092681885
2013-12-30,extended,22,expanding,0.3975583612918854,0.48472100496292114
2014-01-02,extended,22,expanding,0.745618999004364,0.8128893971443176
2014-01-03,extended,22,expanding,0.8317349553108215,0.7321698665618896
2014-01-06,extended,22,expanding,0.6694515347480774,0.62758469581604
2014-01-07,extended,22,expanding,0.669123649597168,0.6105232834815979
2014-01-08,extended,22,expanding,0.6145573854446411,0.612703263759613
2014-01-09,extended,22,expanding,0.7255804538726807,0.6291003227233887
2014-01-10,extended,22,expanding,0.8143007755279541,0.678417980670929
2014-01-13,extended,22,expanding,0.5097299814224243,0.5413820743560791
2014-01-14,extended,22,expanding,0.6865121126174927,0.6048056483268738
2014-01-15,extended,22,expanding,0.4559510350227356,0.49726229906082153
2014-01-16,extended,22,expanding,0.6030573844909668,0.5217229127883911
2014-01-17,extended,22,expanding,0.5502644181251526,0.6502106189727783
2014-01-20,extended,22,expanding,0.5513416528701782,0.5752811431884766
2014-01-21,extended,22,expanding,0.4076211452484131,0.5391419529914856
2014-01-22,extended,22,expanding,0.40055933594703674,0.4977995753288269
2014-01-23,extended,22,expanding,0.5581960678100586,0.6665913462638855
2014-01-24,extended,22,expanding,0.6551957726478577,0.6551594734191895
2014-01-27,extended,22,expanding,0.6563228964805603,0.7731949687004089
2014-01-28,extended,22,expanding,0.5331621766090393,0.6479542255401611
2014-01-29,extended,22,expanding,0.48386818170547485,0.5502948760986328
2014-02-03,extended,22,expanding,0.48515626788139343,0.579181969165802
2014-02-04,extended,22,expanding,0.6177616119384766,0.72468501329422
2014-02-05,extended,22,expanding,0.48677340149879456,0.621010959148407
2014-02-06,extended,22,expanding,0.5684754848480225,0.5678912997245789
2014-02-07,extended,22,expanding,0.4129472076892853,0.51651930809021
2014-02-10,extended,22,expanding,0.47753435373306274,0.48696136474609375
2014-02-11,extended,22,expanding,0.43266043066978455,0.49015456438064575
2014-02-12,extended,22,expanding,0.4157121181488037,0.4787570834159851
2014-02-13,extended,22,expanding,0.5321779251098633,0.5597432851791382
2014-02-14,extended,22,expanding,0.434893935918808,0.528239369392395
2014-02-17,extended,22,expanding,0.4411637485027313,0.4988158047199249
2014-02-18,extended,22,expanding,0.45545241236686707,0.5156813859939575
2014-02-19,extended,22,expanding,0.518359363079071,0.5031332969665527
2014-02-20,extended,22,expanding,0.5712036490440369,0.592740535736084
2014-02-21,extended,22,expanding,0.29227060079574585,0.5133548974990845
2014-02-24,extended,22,expanding,0.49615779519081116,0.5522080063819885
2014-02-25,extended,22,expanding,0.38584572076797485,0.5186293125152588
2014-02-26,extended,22,expanding,0.3889131247997284,0.538142204284668
2014-02-27,extended,22,expanding,0.3689154386520386,0.5600919127464294
2014-02-28,extended,22,expanding,0.5748443007469177,0.48632198572158813
2014-03-03,extended,22,expanding,0.4905202388763428,0.5307978391647339
2014-03-04,extended,22,expanding,0.37311920523643494,0.5444602966308594
2014-03-05,extended,22,expanding,0.2957846224308014,0.4469107389450073
2014-03-06,extended,22,expanding,0.36687254905700684,0.4711487293243408
2014-03-07,extended,22,expanding,0.3595428168773651,0.4929817318916321
2014-03-10,extended,22,expanding,0.3966376781463623,0.534921407699585
2014-03-11,extended,22,expanding,0.36216235160827637,0.47314196825027466
2014-03-12,extended,22,expanding,0.524066150188446,0.6621193885803223
2014-03-13,extended,22,expanding,0.7643156051635742,0.5609762668609619
2014-03-14,extended,22,expanding,0.4917987585067749,0.6223169565200806
2014-03-17,extended,22,expanding,0.4402579963207245,0.5373574495315552
2014-03-18,extended,22,expanding,0.4034605026245117,0.5043331980705261
2014-03-19,extended,22,expanding,0.3771732449531555,0.5207338333129883
2014-03-20,extended,22,expanding,0.4977089464664459,0.5904837846755981
2014-03-21,extended,22,expanding,0.30561572313308716,0.4673145115375519
2014-03-24,extended,22,expanding,0.559593141078949,0.46954110264778137
2014-03-25,extended,22,expanding,0.4739501178264618,0.5014069080352783
2014-03-26,extended,22,expanding,0.36362791061401367,0.45385587215423584
2014-03-27,extended,22,expanding,0.3300192952156067,0.4915614426136017
2014-03-28,extended,22,expanding,0.44567808508872986,0.47614479064941406
2014-03-31,extended,22,expanding,0.5329056978225708,0.4653718173503876
2014-04-01,extended,22,expanding,0.4536745250225067,0.46170127391815186
2014-04-02,extended,22,expanding,0.23820100724697113,0.45001083612442017
2014-04-03,extended,22,expanding,0.34250250458717346,0.49063098430633545
2014-04-04,extended,22,expanding,0.38496485352516174,0.4851419925689697
2014-04-07,extended,22,expanding,0.500297486782074,0.49194321036338806
2014-04-08,extended,22,expanding,0.4536314010620117,0.512980580329895
2014-04-09,extended,22,expanding,0.3730706572532654,0.4763666093349457
2014-04-10,extended,22,expanding,0.5009900331497192,0.4329674243927002
2014-04-11,extended,22,expanding,0.4051493704319,0.4897266924381256
2014-04-14,extended,22,expanding,0.4609493315219879,0.48594897985458374
2014-04-15,extended,22,expanding,0.399847149848938,0.48812153935432434
2014-04-16,extended,22,expanding,0.3478138744831085,0.46503308415412903
2014-04-17,extended,22,expanding,0.34906005859375,0.4728125035762787
2014-04-18,extended,22,expanding,0.33066025376319885,0.4464436173439026
2014-04-21,extended,22,expanding,0.32748717069625854,0.47575607895851135
2014-04-22,extended,22,expanding,0.3983100354671478,0.4573345482349396
2014-04-23,extended,22,expanding,0.3814510107040405,0.4861946403980255
2014-04-24,extended,22,expanding,0.3600698709487915,0.48929598927497864
2014-04-25,extended,22,expanding,0.37953928112983704,0.6160252094268799
2014-04-28,extended,22,expanding,0.46890783309936523,0.5058329701423645
2014-04-29,extended,22,expanding,0.44847768545150757,0.534424901008606
2014-04-30,extended,22,expanding,0.34163931012153625,0.5581408143043518
2014-05-02,extended,22,expanding,0.34048426151275635,0.5282389521598816
2014-05-07,extended,22,expanding,0.48494961857795715,0.6018750071525574
2014-05-08,extended,22,expanding,0.4457767903804779,0.4981769025325775
2014-05-09,extended,22,expanding,0.3955535292625427,0.48841044306755066
2014-05-12,extended,22,expanding,0.3764047920703888,0.5004221200942993
2014-05-13,extended,22,expanding,0.37235310673713684,0.44540369510650635
2014-05-14,extended,22,expanding,0.4369126856327057,0.4902741611003876
2014-05-15,extended,22,expanding,0.3573453724384308,0.5092107057571411
2014-05-16,extended,22,expanding,0.48168161511421204,0.5195997953414917
2014-05-19,extended,22,expanding,0.5512502193450928,0.46859297156333923
2014-05-20,extended,22,expanding,0.3573944866657257,0.4850134551525116
2014-05-21,extended,22,expanding,0.42510923743247986,0.5277020931243896
2014-05-22,extended,22,expanding,0.40926021337509155,0.4828249216079712
2014-05-23,extended,22,expanding,0.26510220766067505,0.4665083885192871
2014-05-26,extended,22,expanding,0.39929500222206116,0.4930621385574341
2014-05-27,extended,22,expanding,0.640454888343811,0.6203826069831848
2014-05-28,extended,22,expanding,0.42676830291748047,0.5036991238594055
2014-05-29,extended,22,expanding,0.271896630525589,0.5376258492469788
2014-05-30,extended,22,expanding,0.6504426002502441,0.6000202298164368
2014-06-02,extended,22,expanding,0.39264827966690063,0.5018483400344849
2014-06-03,extended,22,expanding,0.6050076484680176,0.5013020038604736
2014-06-05,extended,22,expanding,0.4381760358810425,0.6294065117835999
2014-06-09,extended,22,expanding,0.4332506060600281,0.567956805229187
2014-06-10,extended,22,expanding,0.497761070728302,0.5068386793136597
2014-06-11,extended,22,expanding,0.4036683440208435,0.5156518816947937
2014-06-12,extended,22,expanding,0.37406954169273376,0.5326930284500122
2014-06-13,extended,22,expanding,0.5038783550262451,0.6155118346214294
2014-06-16,extended,22,expanding,0.31889334321022034,0.5063697099685669
2014-06-17,extended,22,expanding,0.3169383704662323,0.5138629674911499
2014-06-18,extended,22,expanding,0.38902604579925537,0.5827437043190002
2014-06-19,extended,22,expanding,0.3365156352519989,0.5145397782325745
2014-06-20,extended,22,expanding,0.4684540331363678,0.6114532947540283
2014-06-23,extended,22,expanding,0.46746909618377686,0.504234254360199
2014-06-24,extended,22,expanding,0.38460901379585266,0.5190574526786804
2014-06-25,extended,22,expanding,0.36639097332954407,0.5455763936042786
2014-06-26,extended,22,expanding,0.6237085461616516,0.48354482650756836
2014-06-27,extended,22,expanding,0.4566969573497772,0.5113008618354797
2014-06-30,extended,22,expanding,0.4211379885673523,0.45850953459739685
2014-07-01,extended,22,expanding,0.32784396409988403,0.49169838428497314
2014-07-02,extended,22,expanding,0.4311951994895935,0.4689582288265228
2014-07-03,extended,22,expanding,0.31473687291145325,0.48233360052108765
2014-07-04,extended,22,expanding,0.3744121193885803,0.4724113941192627
2014-07-07,extended,22,expanding,0.3816891312599182,0.49610552191734314
2014-07-08,extended,22,expanding,0.47110578417778015,0.4813225269317627
2014-07-09,extended,22,expanding,0.33105847239494324,0.5248767137527466
2014-07-10,extended,22,expanding,0.2946808636188507,0.48253804445266724
2014-07-11,extended,22,expanding,0.299632728099823,0.5381073355674744
2014-07-14,extended,22,expanding,0.3919379413127899,0.4687957763671875
2014-07-15,extended,22,expanding,0.4075967073440552,0.44286659359931946
2014-07-16,extended,22,expanding,0.3580271005630493,0.4774712026119232
2014-07-17,extended,22,expanding,0.2885514497756958,0.428200900554657
2014-07-18,extended,22,expanding,0.3028152585029602,0.4371598958969116
2014-07-21,extended,22,expanding,0.3475781977176666,0.3896946907043457
2014-07-22,extended,22,expanding,0.3701283931732178,0.39636677503585815
2014-07-23,extended,22,expanding,0.3371528685092926,0.3862192630767822
2014-07-24,extended,22,expanding,0.39256781339645386,0.41159671545028687
2014-07-25,extended,22,expanding,0.3915499150753021,0.4237018823623657
2014-07-28,extended,22,expanding,0.3961150646209717,0.44428831338882446
2014-07-29,extended,22,expanding,0.4402754008769989,0.4060174822807312
2014-07-30,extended,22,expanding,0.526376485824585,0.529064953327179
2014-07-31,extended,22,expanding,0.6873292326927185,0.5003471970558167
2014-08-01,extended,22,expanding,0.5611398220062256,0.5526202321052551
2014-08-04,extended,22,expanding,0.5234078168869019,0.49977320432662964
2014-08-05,extended,22,expanding,0.5006744265556335,0.46939176321029663
2014-08-06,extended,22,expanding,0.4210095703601837,0.509928286075592
2014-08-07,extended,22,expanding,0.42803072929382324,0.5250357985496521
2014-08-08,extended,22,expanding,0.5490504503250122,0.614840567111969
2014-08-11,extended,22,expanding,0.40855854749679565,0.44845980405807495
2014-08-12,extended,22,expanding,0.4580853581428528,0.4754849672317505
2014-08-13,extended,22,expanding,0.37273913621902466,0.4951077103614807
2014-08-14,extended,22,expanding,0.4185151755809784,0.43106386065483093
2014-08-18,extended,22,expanding,0.5593621134757996,0.44478467106819153
2014-08-19,extended,22,expanding,0.3205721080303192,0.41663429141044617
2014-08-20,extended,22,expanding,0.4542844891548157,0.4309873878955841
2014-08-21,extended,22,expanding,0.5047451853752136,0.5309539437294006
2014-08-22,extended,22,expanding,0.42705103754997253,0.4424888789653778
2014-08-25,extended,22,expanding,0.5974487066268921,0.47349050641059875
2014-08-26,extended,22,expanding,0.35681435465812683,0.427028626203537
2014-08-27,extended,22,expanding,0.45551103353500366,0.4566640555858612
2014-08-28,extended,22,expanding,0.3276829421520233,0.4320128858089447
2014-08-29,extended,22,expanding,0.5166975855827332,0.47164908051490784
2014-09-01,extended,22,expanding,0.4261971712112427,0.4424344003200531
2014-09-02,extended,22,expanding,0.39515647292137146,0.4998377859592438
2014-09-03,extended,22,expanding,0.5543261766433716,0.4738368093967438
2014-09-04,extended,22,expanding,0.4892235994338989,0.4589063227176666
2014-09-05,extended,22,expanding,0.4081699252128601,0.48055750131607056
2014-09-11,extended,22,expanding,0.7266973853111267,0.4886734187602997
2014-09-12,extended,22,expanding,0.45908480882644653,0.4457809031009674
2014-09-15,extended,22,expanding,0.43585526943206787,0.48045119643211365
2014-09-16,extended,22,expanding,0.29281413555145264,0.43028727173805237
2014-09-17,extended,22,expanding,0.3773850202560425,0.38716599345207214
2014-09-18,extended,22,expanding,0.38079288601875305,0.49517711997032166
2014-09-19,extended,22,expanding,0.32510820031166077,0.4327445924282074
2014-09-22,extended,22,expanding,0.4344882667064667,0.4941242039203644
2014-09-23,extended,22,expanding,0.5151246786117554,0.47647586464881897
2014-09-24,extended,22,expanding,0.48339393734931946,0.505476176738739
2014-09-25,extended,22,expanding,0.41328656673431396,0.4744861423969269
2014-09-26,extended,22,expanding,0.4192606508731842,0.4803309142589569
2014-09-29,extended,22,expanding,0.49092257022857666,0.45178163051605225
2014-09-30,extended,22,expanding,0.41856661438941956,0.5569917559623718
2014-10-01,extended,22,expanding,0.319396048784256,0.6569124460220337
2014-10-02,extended,22,expanding,0.6898202896118164,0.6114770174026489
2014-10-06,extended,22,expanding,0.5242727994918823,0.581900954246521
2014-10-07,extended,22,expanding,0.48625707626342773,0.5641955733299255
2014-10-08,extended,22,expanding,0.5505924224853516,0.5297319293022156
2014-10-10,extended,22,expanding,0.5369288325309753,0.6079092621803284
2014-10-13,extended,22,expanding,0.7364109754562378,0.5910429358482361
2014-10-14,extended,22,expanding,0.5962259769439697,0.5502868294715881
2014-10-15,extended,22,expanding,0.6676353812217712,0.6275208592414856
2014-10-16,extended,22,expanding,0.6282262206077576,0.6609421372413635
2014-10-17,extended,22,expanding,0.6876258254051208,0.7498155236244202
2014-10-20,extended,22,expanding,0.37683233618736267,0.48861634731292725
2014-10-21,extended,22,expanding,0.5305242538452148,0.5111854076385498
2014-10-22,extended,22,expanding,0.43929898738861084,0.4167397618293762
2014-10-23,extended,22,expanding,0.7639013528823853,0.5360797643661499
2014-10-24,extended,22,expanding,0.6702686548233032,0.6693719029426575
2014-10-27,extended,22,expanding,0.37802091240882874,0.5051843523979187
2014-10-28,extended,22,expanding,0.38197293877601624,0.4978792369365692
2014-10-29,extended,22,expanding,0.594934344291687,0.5320615172386169
2014-10-30,extended,22,expanding,0.6260377168655396,0.5243077874183655
2014-10-31,extended,22,expanding,0.6257348656654358,0.5408410429954529
2014-11-03,extended,22,expanding,0.515155017375946,0.5273351669311523
2014-11-04,extended,22,expanding,0.5852339863777161,0.7384157776832581
2014-11-05,extended,22,expanding,0.5266709923744202,0.5653948187828064
2014-11-06,extended,22,expanding,0.6433539390563965,0.5454550385475159
2014-11-07,extended,22,expanding,0.4979962408542633,0.5887600779533386
2014-11-10,extended,22,expanding,0.44324466586112976,0.4997185468673706
2014-11-11,extended,22,expanding,0.4197333753108978,0.4559240937232971
2014-11-12,extended,22,expanding,0.3930705487728119,0.49021273851394653
2014-11-13,extended,22,expanding,0.4306841790676117,0.5487228631973267
2014-11-14,extended,22,expanding,0.6694947481155396,0.5108222365379333
2014-11-17,extended,22,expanding,0.6341668963432312,0.48259681463241577
2014-11-18,extended,22,expanding,0.5666394233703613,0.42853906750679016
2014-11-19,extended,22,expanding,0.5010617971420288,0.4734286665916443
2014-11-20,extended,22,expanding,0.5156674385070801,0.46056345105171204
2014-11-21,extended,22,expanding,0.3318023085594177,0.45325472950935364
2014-11-24,extended,22,expanding,0.3079932928085327,0.4188360273838043
2014-11-25,extended,22,expanding,0.4751070439815521,0.39974328875541687
2014-11-26,extended,22,expanding,0.41046422719955444,0.43960946798324585
2014-11-27,extended,22,expanding,0.42532575130462646,0.42433488368988037
2014-11-28,extended,22,expanding,0.4311489462852478,0.4212176501750946
2014-12-01,extended,22,expanding,0.42047595977783203,0.4772934913635254
2014-12-02,extended,22,expanding,0.41847506165504456,0.463101863861084
2014-12-03,extended,22,expanding,0.4373069703578949,0.4153507351875305
2014-12-04,extended,22,expanding,0.3401705324649811,0.4321509003639221
2014-12-05,extended,22,expanding,0.29264354705810547,0.4155418276786804
2014-12-08,extended,22,expanding,0.3012259304523468,0.42442137002944946
2014-12-09,extended,22,expanding,0.31311747431755066,0.4201069176197052
2014-12-10,extended,22,expanding,0.47854897379875183,0.5259270071983337
2014-12-11,extended,22,expanding,0.6749274134635925,0.5889670252799988
2014-12-12,extended,22,expanding,0.502571702003479,0.5336808562278748
2014-12-15,extended,22,expanding,0.47724685072898865,0.5878172516822815
2014-12-16,extended,22,expanding,0.49112528562545776,0.5744843482971191
2014-12-17,extended,22,expanding,0.5890781283378601,0.5303078889846802
2014-12-18,extended,22,expanding,0.7448475360870361,0.7227447032928467
2014-12-19,extended,22,expanding,0.698661208152771,0.4759445786476135
2014-12-22,extended,22,expanding,0.5028649568557739,0.44404858350753784
2014-12-23,extended,22,expanding,0.3112735450267792,0.45661795139312744
2014-12-24,extended,22,expanding,0.39547744393348694,0.4400564730167389
2014-12-26,extended,22,expanding,0.388234943151474,0.47629377245903015
2014-12-29,extended,22,expanding,0.4127920866012573,0.5013793706893921
2014-12-30,extended,22,expanding,0.4854278564453125,0.6068969964981079
2015-01-02,extended,22,expanding,0.46897152066230774,0.5197994709014893
2015-01-05,extended,22,expanding,0.7107792496681213,0.5443721413612366
2015-01-06,extended,22,expanding,0.5842175483703613,0.6258348226547241
2015-01-07,extended,22,expanding,0.40920373797416687,0.5242099761962891
2015-01-08,extended,22,expanding,0.39667126536369324,0.4849916100502014
2015-01-09,extended,22,expanding,0.37639695405960083,0.4452241063117981
2015-01-12,extended,22,expanding,0.3923117518424988,0.4376271367073059
2015-01-13,extended,22,expanding,0.5033896565437317,0.45233044028282166
2015-01-14,extended,22,expanding,0.4599017798900604,0.4531184434890747
2015-01-15,extended,22,expanding,0.4867079257965088,0.4790445566177368
2015-01-16,extended,22,expanding,0.5324012041091919,0.5722034573554993
2015-01-19,extended,22,expanding,0.373611181974411,0.4145548939704895
2015-01-20,extended,22,expanding,0.48014190793037415,0.42896610498428345
2015-01-21,extended,22,expanding,0.46535661816596985,0.4092865586280823
2015-01-22,extended,22,expanding,0.422739714384079,0.5015167593955994
2015-01-23,extended,22,expanding,0.43462371826171875,0.3869076073169708
2015-01-26,extended,22,expanding,0.41431355476379395,0.4400302767753601
2015-01-27,extended,22,expanding,0.37172308564186096,0.41923224925994873
2015-01-28,extended,22,expanding,0.3839336335659027,0.44704926013946533
2015-01-29,extended,22,expanding,0.4646711051464081,0.44063377380371094
2015-01-30,extended,22,expanding,0.516663670539856,0.4573114514350891
2015-02-02,extended,22,expanding,0.4339601397514343,0.4350879490375519
2015-02-03,extended,22,expanding,0.5428752303123474,0.4107099175453186
2015-02-04,extended,22,expanding,0.4475887715816498,0.3602430820465088
2015-02-05,extended,22,expanding,0.39394375681877136,0.462649941444397
2015-02-06,extended,22,expanding,0.4700015187263489,0.3867771029472351
2015-02-09,extended,22,expanding,0.39241865277290344,0.4182503819465637
2015-02-10,extended,22,expanding,0.43457919359207153,0.4834895133972168
2015-02-11,extended,22,expanding,0.37759363651275635,0.38763952255249023
2015-02-12,extended,22,expanding,0.43717172741889954,0.5124850273132324
2015-02-13,extended,22,expanding,0.3682304620742798,0.4219382405281067
2015-02-16,extended,22,expanding,0.33519893884658813,0.4047774374485016
2015-02-17,extended,22,expanding,0.3171878159046173,0.4109905958175659
2015-02-23,extended,22,expanding,0.24621129035949707,0.39540791511535645
2015-02-24,extended,22,expanding,0.30792415142059326,0.39326849579811096
2015-02-25,extended,22,expanding,0.31823238730430603,0.4070288836956024
2015-02-26,extended,22,expanding,0.38990285992622375,0.4524737596511841
2015-02-27,extended,22,expanding,0.47086843848228455,0.42822331190109253
2015-03-02,extended,22,expanding,0.395580917596817,0.42153921723365784
2015-03-03,extended,22,expanding,0.3346767723560333,0.4000281095504761
2015-03-04,extended,22,expanding,0.3530990183353424,0.40707138180732727
2015-03-05,extended,22,expanding,0.3655213415622711,0.43413224816322327
2015-03-06,extended,22,expanding,0.2883383333683014,0.4289384186267853
2015-03-09,extended,22,expanding,0.3533001244068146,0.4348624348640442
2015-03-10,extended,22,expanding,0.5293721556663513,0.4766782224178314
2015-03-11,extended,22,expanding,0.4885103404521942,0.4492456018924713
2015-03-12,extended,22,expanding,0.790525496006012,0.5488897562026978
2015-03-13,extended,22,expanding,0.356110543012619,0.4324387013912201
2015-03-16,extended,22,expanding,0.327792763710022,0.42397651076316833
2015-03-17,extended,22,expanding,0.5014861226081848,0.506120502948761
2015-03-18,extended,22,expanding,0.44014742970466614,0.4455849826335907
2015-03-19,extended,22,expanding,0.4978056252002716,0.46102359890937805
2015-03-20,extended,22,expanding,0.42507079243659973,0.48071345686912537
2015-03-23,extended,22,expanding,0.5184310674667358,0.43265751004219055
2015-03-24,extended,22,expanding,0.3522225022315979,0.43391862511634827
2015-03-25,extended,22,expanding,0.30849868059158325,0.4277922809123993
2015-03-26,extended,22,expanding,0.42036014795303345,0.4897499978542328
2015-03-27,extended,22,expanding,0.481138676404953,0.4635143578052521
2015-03-30,extended,22,expanding,0.4234061539173126,0.4294365346431732
2015-03-31,extended,22,expanding,0.39450010657310486,0.4158478081226349
2015-04-01,extended,22,expanding,0.4261479377746582,0.48847830295562744
2015-04-02,extended,22,expanding,0.411723792552948,0.4668557941913605
2015-04-03,extended,22,expanding,0.34641802310943604,0.43225720524787903
2015-04-06,extended,22,expanding,0.4886516332626343,0.4514180123806
2015-04-07,extended,22,expanding,0.4677595794200897,0.43879541754722595
2015-04-08,extended,22,expanding,0.2970583140850067,0.4605773985385895
2015-04-09,extended,22,expanding,0.371256947517395,0.44776836037635803
2015-04-10,extended,22,expanding,0.43423086404800415,0.49591320753097534
2015-04-13,extended,22,expanding,0.3437894582748413,0.46291643381118774
2015-04-14,extended,22,expanding,0.5208348035812378,0.4778960943222046
2015-04-15,extended,22,expanding,0.41318801045417786,0.4989432096481323
2015-04-16,extended,22,expanding,0.4550956189632416,0.5132479667663574
2015-04-17,extended,22,expanding,0.38721758127212524,0.4847102761268616
2015-04-20,extended,22,expanding,0.49090784788131714,0.4930678606033325
2015-04-21,extended,22,expanding,0.4254489541053772,0.4532584547996521
2015-04-22,extended,22,expanding,0.9061537981033325,0.6503891944885254
2015-04-23,extended,22,expanding,0.787105143070221,0.6585586071014404
2015-04-24,extended,22,expanding,0.7086443901062012,0.7531931400299072
2015-04-27,extended,22,expanding,0.4825938940048218,0.5365307927131653
2015-04-28,extended,22,expanding,0.42580023407936096,0.5528445839881897
2015-04-29,extended,22,expanding,0.5785797834396362,0.6617811918258667
2015-04-30,extended,22,expanding,0.49580004811286926,0.5733828544616699
2015-05-04,extended,22,expanding,0.4582878053188324,0.4753941297531128
2015-05-06,extended,22,expanding,0.46169978380203247,0.6419464349746704
2015-05-07,extended,22,expanding,0.5812579989433289,0.7202194929122925
2015-05-08,extended,22,expanding,0.5789164304733276,0.5216542482376099
2015-05-11,extended,22,expanding,0.4807041585445404,0.44722557067871094
2015-05-12,extended,22,expanding,0.43495941162109375,0.5061789751052856
2015-05-13,extended,22,expanding,0.551382303237915,0.48005467653274536
2015-05-14,extended,22,expanding,0.3677103817462921,0.47690993547439575
2015-05-15,extended,22,expanding,0.5494415760040283,0.5645230412483215
2015-05-18,extended,22,expanding,0.5521966814994812,0.47405409812927246
2015-05-19,extended,22,expanding,0.5842617750167847,0.4869306683540344
2015-05-20,extended,22,expanding,0.3975920081138611,0.48013579845428467
2015-05-21,extended,22,expanding,0.46203166246414185,0.5285853147506714
2015-05-22,extended,22,expanding,0.43587726354599,0.4874861240386963
2015-05-26,extended,22,expanding,0.6952345371246338,0.47960513830184937
2015-05-27,extended,22,expanding,0.6640742421150208,0.6720550656318665
2015-05-28,extended,22,expanding,0.5838554501533508,0.4999987483024597
2015-05-29,extended,22,expanding,0.47500666975975037,0.5680522322654724
2015-06-01,extended,22,expanding,0.7755205035209656,0.6106298565864563
2015-06-02,extended,22,expanding,0.6786004900932312,0.7139151096343994
2015-06-03,extended,22,expanding,0.686590850353241,0.7000877857208252
2015-06-04,extended,22,expanding,0.6508272886276245,0.6100358366966248
2015-06-05,extended,22,expanding,0.6951335668563843,0.5801206827163696
2015-06-08,extended,22,expanding,0.6300256252288818,0.5166186690330505
2015-06-09,extended,22,expanding,0.5512056946754456,0.527492105960846
2015-06-10,extended,22,expanding,0.5568788647651672,0.6411020159721375
2015-06-11,extended,22,expanding,0.5264672636985779,0.4499284327030182
2015-06-12,extended,22,expanding,0.5966669321060181,0.6488482356071472
2015-06-15,extended,22,expanding,0.6091834902763367,0.509333610534668
2015-06-16,extended,22,expanding,0.8626672625541687,0.7685656547546387
2015-06-17,extended,22,expanding,0.5755643248558044,0.4920748472213745
2015-06-18,extended,22,expanding,0.5761381983757019,0.5099380016326904
2015-06-19,extended,22,expanding,0.5588230490684509,0.4471898078918457
2015-06-22,extended,22,expanding,0.5072078108787537,0.4730377495288849
2015-06-23,extended,22,expanding,0.40189433097839355,0.41825219988822937
2015-06-24,extended,22,expanding,0.4913056492805481,0.41504234075546265
2015-06-25,extended,22,expanding,0.42484134435653687,0.4701232314109802
2015-06-26,extended,22,expanding,0.4286540448665619,0.44960495829582214
2015-06-29,extended,22,expanding,0.5464259386062622,0.4640311598777771
2015-06-30,extended,22,expanding,0.7998627424240112,0.5589492321014404
2015-07-01,extended,22,expanding,0.5309773087501526,0.5715188980102539
2015-07-02,extended,22,expanding,0.4229893684387207,0.434622585773468
2015-07-03,extended,22,expanding,0.49392998218536377,0.48380178213119507
2015-07-06,extended,22,expanding,0.7041096687316895,0.6688464879989624
2015-07-07,extended,22,expanding,1.2697807550430298,0.8048995733261108
2015-07-08,extended,22,expanding,0.9289754033088684,0.8675714731216431
2015-07-09,extended,22,expanding,0.9167383313179016,0.9595438241958618
2015-07-10,extended,22,expanding,0.611740231513977,0.6246570348739624
2015-07-13,extended,22,expanding,0.6119660139083862,0.6490118503570557
2015-07-14,extended,22,expanding,0.6265580654144287,0.5514450669288635
2015-07-15,extended,22,expanding,0.5505884885787964,0.5425671339035034
2015-07-16,extended,22,expanding,0.3883826732635498,0.5391825437545776
2015-07-17,extended,22,expanding,0.8732395172119141,0.6696134805679321
2015-07-20,extended,22,expanding,0.43888595700263977,0.5334843397140503
2015-07-21,extended,22,expanding,0.551273763179779,0.510992169380188
2015-07-22,extended,22,expanding,0.6202547550201416,0.5521425008773804
2015-07-23,extended,22,expanding,0.491554856300354,0.5662417411804199
2015-07-24,extended,22,expanding,0.5470408201217651,0.6165125370025635
2015-07-27,extended,22,expanding,0.7153332829475403,0.5619181394577026
2015-07-28,extended,22,expanding,0.8191335797309875,0.7954889535903931
2015-07-29,extended,22,expanding,0.5667343139648438,0.589624285697937
2015-07-30,extended,22,expanding,0.7111479640007019,0.6893545389175415
2015-07-31,extended,22,expanding,0.7327988147735596,0.6537958383560181
2015-08-03,extended,22,expanding,0.47976669669151306,0.6622685194015503
2015-08-04,extended,22,expanding,0.5094749331474304,0.5522615909576416
2015-08-05,extended,22,expanding,0.45489972829818726,0.5092912912368774
2015-08-06,extended,22,expanding,0.48685526847839355,0.6683131456375122
2015-08-07,extended,22,expanding,0.43246757984161377,0.5191558003425598
2015-08-10,extended,22,expanding,0.5654338598251343,0.48804688453674316
2015-08-11,extended,22,expanding,0.6210647225379944,0.7180621027946472
2015-08-12,extended,22,expanding,1.030524730682373,0.897983193397522
2015-08-13,extended,22,expanding,0.8043583631515503,0.7408540844917297
2015-08-17,extended,22,expanding,0.5732548236846924,0.6432272791862488
2015-08-18,extended,22,expanding,0.7588990330696106,0.6743969917297363
2015-08-19,extended,22,expanding,1.0924136638641357,0.968485951423645
2015-08-20,extended,22,expanding,0.7815961241722107,0.8269513845443726
2015-08-21,extended,22,expanding,0.913485586643219,0.873268723487854
2015-08-24,extended,22,expanding,1.8107414245605469,1.4703119993209839
2015-08-25,extended,22,expanding,1.891007423400879,1.388614535331726
2015-08-26,extended,22,expanding,1.009609341621399,1.2470402717590332
2015-08-27,extended,22,expanding,1.056191325187683,0.7321532964706421
2015-08-28,extended,22,expanding,0.5670787692070007,0.5619346499443054
2015-08-31,extended,22,expanding,0.5957899689674377,0.6281089782714844
2015-09-01,extended,22,expanding,0.6166712045669556,0.7779767513275146
2015-09-02,extended,22,expanding,0.7860435843467712,0.9225326180458069
2015-09-03,extended,22,expanding,0.6534894704818726,0.6714996695518494
2015-09-04,extended,22,expanding,0.7472652196884155,1.0509414672851562
2015-09-07,extended,22,expanding,0.8502557277679443,0.8703910112380981
2015-09-08,extended,22,expanding,0.6740726232528687,0.8864061832427979
2015-09-09,extended,22,expanding,0.5720957517623901,0.5978357195854187
2015-09-10,extended,22,expanding,0.7445494532585144,0.8621397018432617
2015-09-11,extended,22,expanding,0.5037970542907715,0.6515491008758545
2015-09-14,extended,22,expanding,0.6348397731781006,0.7256678342819214
2015-09-15,extended,22,expanding,0.4543648064136505,0.5722231268882751
2015-09-16,extended,22,expanding,0.5155807137489319,0.6120615601539612
2015-09-17,extended,22,expanding,0.6846490502357483,0.5795742273330688
2015-09-18,extended,22,expanding,0.7949346303939819,0.7209184169769287
2015-09-21,extended,22,expanding,0.6791920065879822,0.7094634771347046
2015-09-22,extended,22,expanding,0.5056045651435852,0.6025233268737793
2015-09-23,extended,22,expanding,0.6404672861099243,0.7096656560897827
2015-09-24,extended,22,expanding,0.37382256984710693,0.6139006018638611
2015-09-25,extended,22,expanding,0.5172438025474548,0.6044115424156189
2015-09-30,extended,22,expanding,0.6400453448295593,0.8572416305541992
2015-10-01,extended,22,expanding,0.6149623990058899,0.6003119349479675
2015-10-02,extended,22,expanding,0.5572658777236938,0.5317071080207825
2015-10-05,extended,22,expanding,0.5257948637008667,0.500977098941803
2015-10-06,extended,22,expanding,0.4681287407875061,0.4796455502510071
2015-10-07,extended,22,expanding,0.39444777369499207,0.47378963232040405
2015-10-08,extended,22,expanding,0.7557518482208252,0.5272708535194397
2015-10-12,extended,22,expanding,0.5085365772247314,0.5382158756256104
2015-10-13,extended,22,expanding,0.586496889591217,0.5041450262069702
2015-10-14,extended,22,expanding,0.4226369261741638,0.5321887135505676
2015-10-15,extended,22,expanding,0.5670977830886841,0.6373120546340942
2015-10-16,extended,22,expanding,0.4114876687526703,0.495212197303772
2015-10-19,extended,22,expanding,0.5996501445770264,0.4581215977668762
2015-10-20,extended,22,expanding,0.3483401834964752,0.481026828289032
2015-10-21,extended,22,expanding,0.5576045513153076,0.498210608959198
2015-10-22,extended,22,expanding,0.49365970492362976,0.5826938152313232
2015-10-23,extended,22,expanding,0.5528826713562012,0.4840627908706665
2015-10-26,extended,22,expanding,0.43214431405067444,0.4525683522224426
2015-10-27,extended,22,expanding,0.4508645832538605,0.40384936332702637
2015-10-28,extended,22,expanding,0.42119961977005005,0.48297011852264404
2015-10-29,extended,22,expanding,0.622636079788208,0.6592608094215393
2015-10-30,extended,22,expanding,0.5750450491905212,0.47124987840652466
2015-11-02,extended,22,expanding,0.4598056972026825,0.39930641651153564
2015-11-03,extended,22,expanding,0.48481443524360657,0.37620437145233154
2015-11-04,extended,22,expanding,0.4338148534297943,0.4461108148097992
2015-11-05,extended,22,expanding,0.41666242480278015,0.41757676005363464
2015-11-06,extended,22,expanding,0.4526447355747223,0.468884140253067
2015-11-09,extended,22,expanding,0.5359690189361572,0.46900641918182373
2015-11-10,extended,22,expanding,0.5498235821723938,0.5790141224861145
2015-11-11,extended,22,expanding,0.49404412508010864,0.55882728099823
2015-11-12,extended,22,expanding,0.2925664782524109,0.4868672490119934
2015-11-13,extended,22,expanding,0.5260353088378906,0.4985726475715637
2015-11-16,extended,22,expanding,0.3784921169281006,0.5930171012878418
2015-11-17,extended,22,expanding,0.48022183775901794,0.4126327633857727
2015-11-18,extended,22,expanding,0.4339947998523712,0.46009963750839233
2015-11-19,extended,22,expanding,0.3673747479915619,0.4178962707519531
2015-11-20,extended,22,expanding,0.39501920342445374,0.40705668926239014
2015-11-23,extended,22,expanding,0.3923264741897583,0.42806339263916016
2015-11-24,extended,22,expanding,0.4398990273475647,0.43848931789398193
2015-11-25,extended,22,expanding,0.38424456119537354,0.415611207485199
2015-11-26,extended,22,expanding,0.45002028346061707,0.45120060443878174
2015-11-27,extended,22,expanding,0.3765016496181488,0.43032997846603394
2015-11-30,extended,22,expanding,0.77675861120224,0.5832626223564148
2015-12-01,extended,22,expanding,0.5047942399978638,0.5021705031394958
2015-12-02,extended,22,expanding,0.5016396045684814,0.436456561088562
2015-12-03,extended,22,expanding,0.4969741404056549,0.573172926902771
2015-12-04,extended,22,expanding,0.4475060999393463,0.5593966245651245
2015-12-07,extended,22,expanding,0.5959428548812866,0.5135374069213867
2015-12-08,extended,22,expanding,0.5530384182929993,0.672434389591217
2015-12-09,extended,22,expanding,0.4472472071647644,0.5862830877304077
2015-12-10,extended,22,expanding,0.5514376163482666,0.5594162344932556
2015-12-11,extended,22,expanding,0.5657858848571777,0.5281184315681458
2015-12-14,extended,22,expanding,0.6382663249969482,0.5160387754440308
2015-12-15,extended,22,expanding,0.4423730671405792,0.47307294607162476
2015-12-16,extended,22,expanding,0.5684499144554138,0.4603208899497986
2015-12-17,extended,22,expanding,0.6654296517372131,0.4751267731189728
2015-12-18,extended,22,expanding,0.4742800295352936,0.6043614149093628
2015-12-21,extended,22,expanding,0.7907233238220215,0.5339988470077515
2015-12-22,extended,22,expanding,0.42739760875701904,0.5304027199745178
2015-12-23,extended,22,expanding,0.5328471064567566,0.4943976402282715
2015-12-24,extended,22,expanding,0.5478258728981018,0.5107994079589844
2015-12-28,extended,22,expanding,0.5731691122055054,0.6166834235191345
2015-12-29,extended,22,expanding,0.7126877307891846,0.6063973307609558
2015-12-30,extended,22,expanding,0.6194665431976318,0.5324535965919495
2016-01-04,extended,22,expanding,0.5971526503562927,0.7064058780670166
2016-01-05,extended,22,expanding,0.8341756463050842,0.6388185620307922
2016-01-06,extended,22,expanding,0.827961266040802,0.6702746152877808
2016-01-07,extended,22,expanding,0.8403118848800659,0.7527230978012085
2016-01-08,extended,22,expanding,0.7863641381263733,0.8257197141647339
2016-01-11,extended,22,expanding,0.5864095091819763,0.5716286301612854
2016-01-12,extended,22,expanding,0.6484348177909851,0.657909631729126
2016-01-13,extended,22,expanding,0.48391592502593994,0.49864229559898376
2016-01-14,extended,22,expanding,0.6671492457389832,0.5563193559646606
2016-01-15,extended,22,expanding,0.7676946520805359,0.8332937955856323
2016-01-18,extended,22,expanding,0.8122838735580444,0.7532520294189453
2016-01-19,extended,22,expanding,0.8090116381645203,0.634142279624939
2016-01-20,extended,22,expanding,1.0479549169540405,1.1136621236801147
2016-01-21,extended,22,expanding,1.205014705657959,0.8824068307876587
2016-01-22,extended,22,expanding,0.7616474628448486,0.5997473001480103
2016-01-25,extended,22,expanding,0.5861504673957825,0.5881719589233398
2016-01-26,extended,22,expanding,0.7507466673851013,0.6620981693267822
2016-01-27,extended,22,expanding,0.7746183276176453,0.5414878129959106
2016-01-28,extended,22,expanding,0.644676685333252,0.7843717336654663
2016-01-29,extended,22,expanding,0.7635522484779358,0.6379706859588623
2016-02-01,extended,22,expanding,0.6537827253341675,0.5009303689002991
2016-02-02,extended,22,expanding,0.5287193059921265,0.5638505220413208
2016-02-03,extended,22,expanding,0.5112442970275879,0.5380628108978271
2016-02-04,extended,22,expanding,0.5086356401443481,0.5408970713615417
2016-02-05,extended,22,expanding,0.44628632068634033,0.5206093192100525
2016-02-11,extended,22,expanding,0.5768443942070007,0.8504334688186646
2016-02-12,extended,22,expanding,1.0966845750808716,0.8469656705856323
2016-02-15,extended,22,expanding,0.6655523180961609,0.5739341974258423
2016-02-16,extended,22,expanding,0.5263670086860657,0.6421018242835999
2016-02-17,extended,22,expanding,0.6321166753768921,0.5263722538948059
2016-02-18,extended,22,expanding,0.5344269275665283,0.5032687187194824
2016-02-19,extended,22,expanding,0.6108593940734863,0.5562399625778198
2016-02-22,extended,22,expanding,0.6567795276641846,0.5361149907112122
2016-02-23,extended,22,expanding,0.4500275254249573,0.5474069714546204
2016-02-24,extended,22,expanding,0.4910758137702942,0.49416643381118774
2016-02-25,extended,22,expanding,0.5941933989524841,0.5523338913917542
2016-02-26,extended,22,expanding,0.49938222765922546,0.47947701811790466
2016-02-29,extended,22,expanding,0.5406876802444458,0.484369158744812
2016-03-02,extended,22,expanding,0.2869389057159424,0.45301124453544617
2016-03-03,extended,22,expanding,0.4515115022659302,0.47232767939567566
2016-03-04,extended,22,expanding,0.34754514694213867,0.44228965044021606
2016-03-07,extended,22,expanding,0.38610929250717163,0.4180107116699219
2016-03-08,extended,22,expanding,0.5109075307846069,0.5501886606216431
2016-03-09,extended,22,expanding,0.4684336483478546,0.504900336265564
2016-03-10,extended,22,expanding,0.5960626602172852,0.5315694212913513
2016-03-11,extended,22,expanding,0.38524356484413147,0.46657276153564453
2016-03-14,extended,22,expanding,0.472689151763916,0.4778129458427429
2016-03-15,extended,22,expanding,0.5844775438308716,0.42926084995269775
2016-03-16,extended,22,expanding,0.36076459288597107,0.43776851892471313
2016-03-17,extended,22,expanding,0.5493733286857605,0.42627978324890137
2016-03-18,extended,22,expanding,0.514701783657074,0.4239577651023865
2016-03-21,extended,22,expanding,0.6299734115600586,0.4921645224094391
2016-03-22,extended,22,expanding,0.40758660435676575,0.4241477847099304
2016-03-23,extended,22,expanding,0.4620220959186554,0.42553988099098206
2016-03-24,extended,22,expanding,0.44202202558517456,0.4466249346733093
2016-03-25,extended,22,expanding,0.4707092046737671,0.4520801305770874
2016-03-28,extended,22,expanding,0.5012863278388977,0.4271501302719116
2016-03-29,extended,22,expanding,0.4685851037502289,0.42007818818092346
2016-03-30,extended,22,expanding,0.36516067385673523,0.38308095932006836
2016-03-31,extended,22,expanding,0.4844370186328888,0.5009225010871887
2016-04-01,extended,22,expanding,0.5656841993331909,0.5234934687614441
2016-04-04,extended,22,expanding,0.45881667733192444,0.3974342942237854
2016-04-05,extended,22,expanding,0.48541948199272156,0.4796786308288574
2016-04-06,extended,22,expanding,0.4659120738506317,0.5171462893486023
2016-04-07,extended,22,expanding,0.418339341878891,0.4519498944282532
2016-04-08,extended,22,expanding,0.44521573185920715,0.49477583169937134
2016-04-11,extended,22,expanding,0.5284186005592346,0.44745802879333496
2016-04-12,extended,22,expanding,0.4133034646511078,0.4124740958213806
2016-04-14,extended,22,expanding,0.37102898955345154,0.38241857290267944
2016-04-15,extended,22,expanding,0.492991179227829,0.42577850818634033
2016-04-18,extended,22,expanding,0.4383454918861389,0.41499197483062744
2016-04-19,extended,22,expanding,0.374129056930542,0.3783438205718994
2016-04-20,extended,22,expanding,0.4582022428512573,0.43232595920562744
2016-04-21,extended,22,expanding,0.5073131322860718,0.4302757978439331
2016-04-22,extended,22,expanding,0.372315913438797,0.41013556718826294
2016-04-25,extended,22,expanding,0.45905885100364685,0.3921356797218323
2016-04-26,extended,22,expanding,0.4176401197910309,0.40927231311798096
2016-04-27,extended,22,expanding,0.3585694134235382,0.38504159450531006
2016-04-28,extended,22,expanding,0.5591790676116943,0.5208227634429932
2016-04-29,extended,22,expanding,0.41373196244239807,0.5062158107757568
2016-05-02,extended,22,expanding,0.395393967628479,0.5278959274291992
2016-05-03,extended,22,expanding,0.3977465033531189,0.45582717657089233
2016-05-04,extended,22,expanding,0.4853549897670746,0.491845965385437
2016-05-09,extended,22,expanding,0.4032474756240845,0.517920732498169
2016-05-10,extended,22,expanding,0.4118826687335968,0.43977415561676025
2016-05-11,extended,22,expanding,0.47250455617904663,0.4594716727733612
2016-05-12,extended,22,expanding,0.41253337264060974,0.45221227407455444
2016-05-13,extended,22,expanding,0.4126606285572052,0.5060010552406311
2016-05-16,extended,22,expanding,0.36135241389274597,0.4491921067237854
2016-05-17,extended,22,expanding,0.43525105714797974,0.42594391107559204
2016-05-18,extended,22,expanding,0.5473780632019043,0.4943469762802124
2016-05-19,extended,22,expanding,0.4263787567615509,0.5239816904067993
2016-05-20,extended,22,expanding,0.5121537446975708,0.487283319234848
2016-05-23,extended,22,expanding,0.4966755509376526,0.4600011706352234
2016-05-24,extended,22,expanding,0.4525127708911896,0.4895051121711731
2016-05-25,extended,22,expanding,0.4282867908477783,0.3807891011238098
2016-05-26,extended,22,expanding,0.33992865681648254,0.42345452308654785
2016-05-27,extended,22,expanding,0.4404038190841675,0.40687716007232666
2016-05-30,extended,22,expanding,0.5152261257171631,0.4386410415172577
2016-05-31,extended,22,expanding,0.5352246165275574,0.47987091541290283
2016-06-01,extended,22,expanding,0.39433151483535767,0.40158286690711975
2016-06-02,extended,22,expanding,0.4378691017627716,0.39382559061050415
2016-06-03,extended,22,expanding,0.4212263524532318,0.3962647318840027
2016-06-07,extended,22,expanding,0.3437769412994385,0.4076565206050873
2016-06-08,extended,22,expanding,0.37671083211898804,0.4563140273094177
2016-06-09,extended,22,expanding,0.559777557849884,0.49347206950187683
2016-06-10,extended,22,expanding,0.43520233035087585,0.41380029916763306
2016-06-13,extended,22,expanding,0.537301242351532,0.5531502366065979
2016-06-14,extended,22,expanding,0.5733725428581238,0.5023893713951111
2016-06-15,extended,22,expanding,0.5749960541725159,0.5217069387435913
2016-06-16,extended,22,expanding,0.5300096869468689,0.7224555611610413
2016-06-17,extended,22,expanding,0.6058186888694763,0.5624121427536011
2016-06-20,extended,22,expanding,0.4642663300037384,0.41636666655540466
2016-06-21,extended,22,expanding,0.35876232385635376,0.39434418082237244
2016-06-22,extended,22,expanding,0.5767984986305237,0.4214811325073242
2016-06-23,extended,22,expanding,0.402029812335968,0.4550665020942688
2016-06-24,extended,22,expanding,2.788322687149048,1.64255952835083
2016-06-27,extended,22,expanding,1.034140944480896,1.1238563060760498
2016-06-28,extended,22,expanding,0.7380942702293396,0.8704333305358887
2016-06-29,extended,22,expanding,0.5193604826927185,0.6863487958908081
2016-06-30,extended,22,expanding,0.5643467903137207,0.5624930262565613
2016-07-01,extended,22,expanding,0.4522205591201782,0.5929773449897766
2016-07-04,extended,22,expanding,0.3854312300682068,0.5153330564498901
2016-07-05,extended,22,expanding,0.3997217118740082,0.5395920872688293
2016-07-06,extended,22,expanding,0.5960612297058105,0.7552884221076965
2016-07-07,extended,22,expanding,0.5472270846366882,0.5927557945251465
2016-07-08,extended,22,expanding,0.5943859219551086,0.6449321508407593
2016-07-11,extended,22,expanding,0.3738720417022705,0.49365025758743286
2016-07-12,extended,22,expanding,0.4411260783672333,0.4637870192527771
2016-07-13,extended,22,expanding,0.40022996068000793,0.5202404856681824
2016-07-15,extended,22,expanding,0.5734888911247253,0.48343750834465027
2016-07-18,extended,22,expanding,0.45555323362350464,0.4827622175216675
2016-07-19,extended,22,expanding,0.5123692154884338,0.5252054929733276
2016-07-20,extended,22,expanding,0.3882330656051636,0.4913731813430786
2016-07-21,extended,22,expanding,0.333816260099411,0.529615581035614
2016-07-22,extended,22,expanding,0.4474579691886902,0.4886474311351776
2016-07-25,extended,22,expanding,0.44980382919311523,0.522078275680542
2016-07-26,extended,22,expanding,0.4489387273788452,0.5338039994239807
2016-07-27,extended,22,expanding,0.37105149030685425,0.4746551811695099
2016-07-28,extended,22,expanding,0.5451065897941589,0.4652693271636963
2016-07-29,extended,22,expanding,0.5288648009300232,0.47891148924827576
2016-08-01,extended,22,expanding,0.29450538754463196,0.41875961422920227
2016-08-02,extended,22,expanding,0.3788467049598694,0.43516117334365845
2016-08-03,extended,22,expanding,0.552486777305603,0.4989837110042572
2016-08-04,extended,22,expanding,0.41807785630226135,0.4879229962825775
2016-08-05,extended,22,expanding,0.3396601974964142,0.4383237063884735
2016-08-08,extended,22,expanding,0.4925582706928253,0.38315171003341675
2016-08-09,extended,22,expanding,0.3806397020816803,0.42493680119514465
2016-08-10,extended,22,expanding,0.40805959701538086,0.4109783172607422
2016-08-11,extended,22,expanding,0.38086724281311035,0.4372732937335968
2016-08-12,extended,22,expanding,0.544255793094635,0.4262332022190094
2016-08-16,extended,22,expanding,0.4109286367893219,0.4508489668369293
2016-08-17,extended,22,expanding,0.5161452889442444,0.4423742890357971
2016-08-18,extended,22,expanding,0.3746240735054016,0.4567556381225586
2016-08-19,extended,22,expanding,0.45526814460754395,0.4130631387233734
2016-08-22,extended,22,expanding,0.4890393614768982,0.4716881811618805
2016-08-23,extended,22,expanding,0.32089120149612427,0.4213293790817261
2016-08-24,extended,22,expanding,0.4049590229988098,0.42507416009902954
2016-08-25,extended,22,expanding,0.4286780059337616,0.4620210826396942
2016-08-26,extended,22,expanding,0.41396236419677734,0.46364763379096985
2016-08-29,extended,22,expanding,0.43334048986434937,0.4302918016910553
2016-08-30,extended,22,expanding,0.41363251209259033,0.4183838367462158
2016-08-31,extended,22,expanding,0.3995174169540405,0.4506150484085083
2016-09-01,extended,22,expanding,0.4889982342720032,0.4769911766052246
2016-09-02,extended,22,expanding,0.4096669852733612,0.4257177412509918
2016-09-05,extended,22,expanding,0.33930066227912903,0.3624531030654907
2016-09-06,extended,22,expanding,0.35865887999534607,0.3741723597049713
2016-09-07,extended,22,expanding,0.3352207541465759,0.3928309679031372
2016-09-08,extended,22,expanding,0.486532598733902,0.42244020104408264
2016-09-09,extended,22,expanding,0.487968385219574,0.4916738271713257
2016-09-12,extended,22,expanding,0.7066115736961365,0.6524675488471985
2016-09-13,extended,22,expanding,0.4959750473499298,0.49199628829956055
2016-09-19,extended,22,expanding,0.4720558226108551,0.5030835866928101
2016-09-20,extended,22,expanding,0.41855132579803467,0.4614878296852112
2016-09-21,extended,22,expanding,0.39217838644981384,0.4314889907836914
2016-09-22,extended,22,expanding,0.34853488206863403,0.37189364433288574
2016-09-23,extended,22,expanding,0.4052455425262451,0.38398125767707825
2016-09-26,extended,22,expanding,0.38349801301956177,0.46934324502944946
2016-09-27,extended,22,expanding,0.6346507668495178,0.5721818208694458
2016-09-28,extended,22,expanding,0.3572641611099243,0.41545405983924866
2016-09-29,extended,22,expanding,0.2972954511642456,0.37220489978790283
2016-09-30,extended,22,expanding,0.4687764644622803,0.4548732042312622
2016-10-04,extended,22,expanding,0.3784458041191101,0.4158947765827179
2016-10-05,extended,22,expanding,0.36899101734161377,0.478949636220932
2016-10-06,extended,22,expanding,0.38234251737594604,0.459869921207428
2016-10-07,extended,22,expanding,0.31698453426361084,0.44683510065078735
2016-10-10,extended,22,expanding,0.6045507788658142,0.4681060314178467
2016-10-11,extended,22,expanding,0.5978912115097046,0.6108095645904541
2016-10-12,extended,22,expanding,0.5575114488601685,0.5067383646965027
2016-10-13,extended,22,expanding,0.4480880796909332,0.6167746186256409
2016-10-14,extended,22,expanding,0.47312167286872864,0.48652446269989014
2016-10-17,extended,22,expanding,0.6864456534385681,0.5519354939460754
2016-10-18,extended,22,expanding,0.41889598965644836,0.4545353651046753
2016-10-19,extended,22,expanding,0.45984432101249695,0.4328579604625702
2016-10-20,extended,22,expanding,0.3565676212310791,0.4307951331138611
2016-10-21,extended,22,expanding,0.47723594307899475,0.41244810819625854
2016-10-24,extended,22,expanding,0.3748207688331604,0.421843945980072
2016-10-25,extended,22,expanding,0.414034903049469,0.4112476110458374
2016-10-26,extended,22,expanding,0.5388523936271667,0.5734034180641174
2016-10-27,extended,22,expanding,0.43967705965042114,0.4384816884994507
2016-10-28,extended,22,expanding,0.38259339332580566,0.44639065861701965
2016-10-31,extended,22,expanding,0.4407724440097809,0.48581814765930176
2016-11-01,extended,22,expanding,0.5630472302436829,0.5032135248184204
2016-11-02,extended,22,expanding,0.4822586178779602,0.5492835640907288
2016-11-03,extended,22,expanding,0.662481427192688,0.5058448910713196
2016-11-04,extended,22,expanding,0.502519428730011,0.4809657633304596
2016-11-07,extended,22,expanding,0.5293087363243103,0.4291488826274872
2016-11-08,extended,22,expanding,0.44146257638931274,0.3881601095199585
2016-11-09,extended,22,expanding,2.031196117401123,1.5191290378570557
2016-11-10,extended,22,expanding,0.4683784544467926,0.587745726108551
2016-11-11,extended,22,expanding,0.4850463569164276,0.5911970138549805
2016-11-14,extended,22,expanding,0.4617539048194885,0.5615781545639038
2016-11-15,extended,22,expanding,0.4892215430736542,0.5344189405441284
2016-11-16,extended,22,expanding,0.3855117857456207,0.42853522300720215
2016-11-17,extended,22,expanding,0.544481635093689,0.4897841513156891
2016-11-18,extended,22,expanding,0.4159238040447235,0.5040359497070312
2016-11-21,extended,22,expanding,0.4269825220108032,0.5023632049560547
2016-11-22,extended,22,expanding,0.3607238233089447,0.4124263823032379
2016-11-23,extended,22,expanding,0.38413357734680176,0.4481191039085388
2016-11-24,extended,22,expanding,0.5426248908042908,0.5345522165298462
2016-11-25,extended,22,expanding,0.5210960507392883,0.47620460391044617
2016-11-28,extended,22,expanding,0.6419535875320435,0.45606061816215515
2016-11-29,extended,22,expanding,0.43888428807258606,0.470613032579422
2016-11-30,extended,22,expanding,0.47073471546173096,0.4638570249080658
2016-12-01,extended,22,expanding,0.43158137798309326,0.47464630007743835
2016-12-02,extended,22,expanding,0.4526858329772949,0.5186720490455627
2016-12-05,extended,22,expanding,0.512457549571991,0.4769408702850342
2016-12-06,extended,22,expanding,0.4635397791862488,0.4674624502658844
2016-12-07,extended,22,expanding,0.29642391204833984,0.48211169242858887
2016-12-08,extended,22,expanding,0.37522199749946594,0.4734107553958893
2016-12-09,extended,22,expanding,0.36048391461372375,0.4033668339252472
2016-12-12,extended,22,expanding,0.34406453371047974,0.45163050293922424
2016-12-13,extended,22,expanding,0.3154897391796112,0.45002713799476624
2016-12-14,extended,22,expanding,0.3781759738922119,0.4640394449234009
2016-12-15,extended,22,expanding,0.41790086030960083,0.5226815342903137
2016-12-16,extended,22,expanding,0.41122961044311523,0.4564467966556549
2016-12-19,extended,22,expanding,0.3391853868961334,0.4496496319770813
2016-12-20,extended,22,expanding,0.29216131567955017,0.4364674389362335
2016-12-21,extended,22,expanding,0.334764689207077,0.4639299809932709
2016-12-22,extended,22,expanding,0.3272645175457001,0.45230937004089355
2016-12-23,extended,22,expanding,0.3538975417613983,0.47573018074035645
2016-12-26,extended,22,expanding,0.32329481840133667,0.4654444456100464
2016-12-27,extended,22,expanding,0.272219181060791,0.4553529918193817
2016-12-28,extended,22,expanding,0.34114155173301697,0.499137818813324
2016-12-29,extended,22,expanding,0.40297144651412964,0.513092577457428
2017-01-02,extended,22,expanding,0.5362111330032349,0.4740329682826996
2017-01-03,extended,22,expanding,0.3811582326889038,0.497288316488266
2017-01-04,extended,22,expanding,0.35621893405914307,0.4109495282173157
2017-01-05,extended,22,expanding,0.4122718572616577,0.42017680406570435
2017-01-06,extended,22,expanding,0.2692461907863617,0.43580082058906555
2017-01-09,extended,22,expanding,0.33090683817863464,0.43372485041618347
2017-01-10,extended,22,expanding,0.3025251030921936,0.4746663570404053
2017-01-11,extended,22,expanding,0.4850543439388275,0.537878155708313
2017-01-12,extended,22,expanding,0.39794284105300903,0.45120787620544434
2017-01-13,extended,22,expanding,0.3050763010978699,0.4423934817314148
2017-01-16,extended,22,expanding,0.554183840751648,0.4799601435661316
2017-01-17,extended,22,expanding,0.4342271387577057,0.4538380205631256
2017-01-18,extended,22,expanding,0.5064728856086731,0.5188441872596741
2017-01-19,extended,22,expanding,0.5864657163619995,0.5767489671707153
2017-01-20,extended,22,expanding,0.399058073759079,0.5219513773918152
2017-01-23,extended,22,expanding,0.6310766339302063,0.42461830377578735
2017-01-24,extended,22,expanding,0.4107262194156647,0.4651218056678772
2017-01-25,extended,22,expanding,0.43899965286254883,0.4096897840499878
2017-01-26,extended,22,expanding,0.5121884346008301,0.4466164708137512
2017-01-31,extended,22,expanding,0.34641507267951965,0.40943482518196106
2017-02-01,extended,22,expanding,0.29706376791000366,0.381050705909729
2017-02-02,extended,22,expanding,0.4797191619873047,0.5194098353385925
2017-02-03,extended,22,expanding,0.4843594431877136,0.4646605849266052
2017-02-06,extended,22,expanding,0.49512171745300293,0.42682400345802307
2017-02-07,extended,22,expanding,0.44516363739967346,0.38798221945762634
2017-02-08,extended,22,expanding,0.5552886724472046,0.48351794481277466
2017-02-09,extended,22,expanding,0.4637604355812073,0.4453219771385193
2017-02-10,extended,22,expanding,0.40003085136413574,0.3964560031890869
2017-02-13,extended,22,expanding,0.4178161919116974,0.38765645027160645
2017-02-14,extended,22,expanding,0.37659692764282227,0.414085328578949
2017-02-15,extended,22,expanding,0.44485363364219666,0.4286317229270935
2017-02-16,extended,22,expanding,0.44746261835098267,0.4209819436073303
2017-02-17,extended,22,expanding,0.4090682864189148,0.3985770642757416
2017-02-20,extended,22,expanding,0.40149304270744324,0.38222551345825195
2017-02-21,extended,22,expanding,0.48444274067878723,0.4837009310722351
2017-02-22,extended,22,expanding,0.2922796308994293,0.37311726808547974
2017-02-23,extended,22,expanding,0.2835371196269989,0.3791767358779907
2017-02-24,extended,22,expanding,0.5001797080039978,0.4428873658180237
2017-02-27,extended,22,expanding,0.448170006275177,0.4075848460197449
2017-02-28,extended,22,expanding,0.28582513332366943,0.3881456255912781
2017-03-02,extended,22,expanding,0.403780460357666,0.39805078506469727
2017-03-03,extended,22,expanding,0.4761636257171631,0.4691017270088196
2017-03-06,extended,22,expanding,0.45274069905281067,0.4342138469219208
2017-03-07,extended,22,expanding,0.454906165599823,0.42064571380615234
2017-03-08,extended,22,expanding,0.4695712625980377,0.3841855227947235
2017-03-09,extended,22,expanding,0.3678620159626007,0.3933180272579193
2017-03-10,extended,22,expanding,0.8348907828330994,0.4574756622314453
2017-03-13,extended,22,expanding,0.3344626724720001,0.4628181457519531
2017-03-14,extended,22,expanding,0.3290415406227112,0.3822932839393616
2017-03-15,extended,22,expanding,0.3996914327144623,0.3903094530105591
2017-03-16,extended,22,expanding,0.36488044261932373,0.3963596224784851
2017-03-17,extended,22,expanding,0.3538791835308075,0.4335736036300659
2017-03-20,extended,22,expanding,0.29441580176353455,0.38013726472854614
2017-03-21,extended,22,expanding,0.45589473843574524,0.4225656986236572
2017-03-22,extended,22,expanding,0.44596022367477417,0.4109785556793213
2017-03-23,extended,22,expanding,0.4587595462799072,0.3986029028892517
2017-03-24,extended,22,expanding,0.40535441040992737,0.44277381896972656
2017-03-27,extended,22,expanding,0.46149203181266785,0.4287663698196411
2017-03-28,extended,22,expanding,0.30706986784935,0.3976686894893646
2017-03-29,extended,22,expanding,0.3579792380332947,0.37679436802864075
2017-03-30,extended,22,expanding,0.40555718541145325,0.4294678568840027
2017-03-31,extended,22,expanding,0.42133429646492004,0.39446142315864563
2017-04-03,extended,22,expanding,0.31691494584083557,0.4313289523124695
2017-04-04,extended,22,expanding,0.3267665505409241,0.3832489550113678
2017-04-05,extended,22,expanding,0.4055105447769165,0.44320768117904663
2017-04-06,extended,22,expanding,0.4142727851867676,0.4200674891471863
2017-04-07,extended,22,expanding,0.396636962890625,0.4288438558578491
2017-04-10,extended,22,expanding,0.4985138177871704,0.4897317886352539
2017-04-11,extended,22,expanding,0.41371098160743713,0.5020158290863037
2017-04-12,extended,22,expanding,0.3108467161655426,0.41711360216140747
2017-04-13,extended,22,expanding,0.3763311505317688,0.46940338611602783
2017-04-14,extended,22,expanding,0.3521896004676819,0.44046086072921753
2017-04-17,extended,22,expanding,0.4537147283554077,0.4172687530517578
2017-04-18,extended,22,expanding,0.3838139772415161,0.40317273139953613
2017-04-19,extended,22,expanding,0.4793110191822052,0.43398571014404297
2017-04-20,extended,22,expanding,0.39942237734794617,0.43699222803115845
2017-04-21,extended,22,expanding,0.33379459381103516,0.3886762857437134
2017-04-24,extended,22,expanding,0.32348567247390747,0.3890873193740845
2017-04-25,extended,22,expanding,0.3326416015625,0.4034920334815979
2017-04-26,extended,22,expanding,0.36705443263053894,0.37863653898239136
2017-04-27,extended,22,expanding,0.38127684593200684,0.40240994095802307
2017-04-28,extended,22,expanding,0.45892342925071716,0.42177093029022217
2017-05-02,extended,22,expanding,0.4651040732860565,0.42454993724823
2017-05-04,extended,22,expanding,0.4670998156070709,0.42940741777420044
2017-05-08,extended,22,expanding,0.5023996829986572,0.6756414175033569
2017-05-10,extended,22,expanding,1.3575698137283325,0.8984631896018982
2017-05-11,extended,22,expanding,0.5965863466262817,0.6934719085693359
2017-05-12,extended,22,expanding,0.5656135678291321,0.5311136245727539
2017-05-15,extended,22,expanding,0.634263813495636,0.5261642932891846
2017-05-16,extended,22,expanding,0.4776983857154846,0.6289110779762268
2017-05-17,extended,22,expanding,0.4327576458454132,0.5029040575027466
2017-05-18,extended,22,expanding,0.5550051927566528,0.5671358108520508
2017-05-19,extended,22,expanding,0.4121522009372711,0.47372889518737793
2017-05-22,extended,22,expanding,0.41639402508735657,0.4228914976119995
2017-05-23,extended,22,expanding,0.5663682818412781,0.49378281831741333
2017-05-24,extended,22,expanding,0.3641628623008728,0.4823512136936188
2017-05-25,extended,22,expanding,0.4859538674354553,0.5159631967544556
2017-05-26,extended,22,expanding,0.6024408936500549,0.507420003414154
2017-05-29,extended,22,expanding,0.5848068594932556,0.6208328008651733
2017-05-30,extended,22,expanding,0.6690707206726074,0.6044909954071045
2017-05-31,extended,22,expanding,0.5245350003242493,0.5338730812072754
2017-06-01,extended,22,expanding,0.547748327255249,0.532651424407959
2017-06-02,extended,22,expanding,0.39423274993896484,0.4643334746360779
2017-06-05,extended,22,expanding,0.4406999945640564,0.45112165808677673
2017-06-07,extended,22,expanding,0.4533504545688629,0.4838857352733612
2017-06-08,extended,22,expanding,0.4619888961315155,0.5015734434127808
2017-06-09,extended,22,expanding,0.4875996708869934,0.4821069538593292
2017-06-12,extended,22,expanding,0.4898459017276764,0.5109572410583496
2017-06-13,extended,22,expanding,0.5139743089675903,0.46138638257980347
2017-06-14,extended,22,expanding,0.4065175950527191,0.4943104684352875
2017-06-15,extended,22,expanding,0.49458447098731995,0.5477098226547241
2017-06-16,extended,22,expanding,0.39952757954597473,0.4727228581905365
2017-06-19,extended,22,expanding,0.4766964316368103,0.4790312349796295
2017-06-20,extended,22,expanding,0.4700855314731598,0.43392273783683777
2017-06-21,extended,22,expanding,0.5288240313529968,0.48310813307762146
2017-06-22,extended,22,expanding,0.48889878392219543,0.46953317523002625
2017-06-23,extended,22,expanding,0.4326210916042328,0.43416839838027954
2017-06-26,extended,22,expanding,0.451625257730484,0.41605913639068604
2017-06-27,extended,22,expanding,0.3175649344921112,0.41213780641555786
2017-06-28,extended,22,expanding,0.2789894938468933,0.410688579082489
2017-06-29,extended,22,expanding,0.37794366478919983,0.3697177767753601
2017-06-30,extended,22,expanding,0.31901177763938904,0.39589792490005493
2017-07-03,extended,22,expanding,0.28878849744796753,0.4101417660713196
2017-07-04,extended,22,expanding,0.44413769245147705,0.4468090236186981
2017-07-05,extended,22,expanding,0.34599557518959045,0.42846226692199707
2017-07-06,extended,22,expanding,0.30942437052726746,0.4164001941680908
2017-07-07,extended,22,expanding,0.3653504252433777,0.44622695446014404
2017-07-10,extended,22,expanding,0.38317054510116577,0.39029183983802795
2017-07-11,extended,22,expanding,0.3333434462547302,0.3813113868236542
2017-07-12,extended,22,expanding,0.31456929445266724,0.3906536400318146
2017-07-13,extended,22,expanding,0.3232078552246094,0.3927226960659027
2017-07-14,extended,22,expanding,0.35490643978118896,0.37961551547050476
2017-07-17,extended,22,expanding,0.3485756814479828,0.36775586009025574
2017-07-18,extended,22,expanding,0.30876806378364563,0.36544936895370483
2017-07-19,extended,22,expanding,0.3411209285259247,0.375712126493454
2017-07-20,extended,22,expanding,0.33308032155036926,0.39517560601234436
2017-07-21,extended,22,expanding,0.27601122856140137,0.40231260657310486
2017-07-24,extended,22,expanding,0.2891245484352112,0.37712720036506653
2017-07-25,extended,22,expanding,0.3574759066104889,0.3999183773994446
2017-07-26,extended,22,expanding,0.477644681930542,0.4074385166168213
2017-07-27,extended,22,expanding,0.36459261178970337,0.3987717032432556
2017-07-28,extended,22,expanding,0.5547059774398804,0.5208246111869812
2017-07-31,extended,22,expanding,0.4498039186000824,0.46825504302978516
2017-08-01,extended,22,expanding,0.5999972820281982,0.5643224120140076
2017-08-02,extended,22,expanding,0.3336281180381775,0.4231520891189575
2017-08-03,extended,22,expanding,0.8568978309631348,0.726184606552124
2017-08-04,extended,22,expanding,0.6797276735305786,0.5105099081993103
2017-08-07,extended,22,expanding,0.4757724702358246,0.477582722902298
2017-08-08,extended,22,expanding,0.7355775833129883,0.5576435923576355
2017-08-09,extended,22,expanding,0.5036802291870117,0.5448455810546875
2017-08-10,extended,22,expanding,0.7819429636001587,0.6626363396644592
2017-08-11,extended,22,expanding,0.7780951857566833,0.6329103708267212
2017-08-14,extended,22,expanding,0.5049801468849182,0.5179913640022278
2017-08-16,extended,22,expanding,0.40589043498039246,0.43818166851997375
2017-08-17,extended,22,expanding,0.43839991092681885,0.47515588998794556
2017-08-18,extended,22,expanding,0.42694488167762756,0.553080677986145
2017-08-21,extended,22,expanding,0.32942408323287964,0.45374640822410583
2017-08-22,extended,22,expanding,0.4816819131374359,0.4000627398490906
2017-08-23,extended,22,expanding,0.3237645924091339,0.44109025597572327
2017-08-24,extended,22,expanding,0.37980905175209045,0.4339698851108551
2017-08-25,extended,22,expanding,0.5327320694923401,0.4375044107437134
2017-08-28,extended,22,expanding,0.4839652180671692,0.4791392385959625
2017-08-29,extended,22,expanding,0.5552597641944885,0.5874186754226685
2017-08-30,extended,22,expanding,0.30590230226516724,0.4413968324661255
2017-08-31,extended,22,expanding,0.4210151433944702,0.49539467692375183
2017-09-01,extended,22,expanding,0.4371987283229828,0.502456784248352
2017-09-04,extended,22,expanding,0.8057117462158203,0.5742456912994385
2017-09-05,extended,22,expanding,0.4832267165184021,0.5900709629058838
2017-09-06,extended,22,expanding,0.387468546628952,0.5037974119186401
2017-09-07,extended,22,expanding,0.41732683777809143,0.4847008287906647
2017-09-08,extended,22,expanding,0.3341091275215149,0.4542382061481476
2017-09-11,extended,22,expanding,0.42732951045036316,0.4441947937011719
2017-09-12,extended,22,expanding,0.3838713765144348,0.3866208493709564
2017-09-13,extended,22,expanding,0.5327839851379395,0.4084617495536804
2017-09-14,extended,22,expanding,0.5249361991882324,0.45671239495277405
2017-09-15,extended,22,expanding,0.46454814076423645,0.46819835901260376
2017-09-18,extended,22,expanding,0.4346604645252228,0.4964052438735962
2017-09-19,extended,22,expanding,0.38876596093177795,0.42900460958480835
2017-09-20,extended,22,expanding,0.4890798032283783,0.46801674365997314
2017-09-21,extended,22,expanding,0.4668387770652771,0.4480855464935303
2017-09-22,extended,22,expanding,0.5842754244804382,0.5518668293952942
2017-09-25,extended,22,expanding,0.3792308568954468,0.5166683793067932
2017-09-26,extended,22,expanding,0.5259583592414856,0.49162042140960693
2017-09-27,extended,22,expanding,0.42178651690483093,0.4685544967651367
2017-09-28,extended,22,expanding,0.4714265763759613,0.4715162515640259
2017-09-29,extended,22,expanding,0.44898203015327454,0.46581798791885376
2017-10-10,extended,22,expanding,0.3712421655654907,0.46246498823165894
2017-10-11,extended,22,expanding,0.4241727888584137,0.4647971987724304
2017-10-12,extended,22,expanding,0.46717745065689087,0.4583801031112671
2017-10-13,extended,22,expanding,0.4469658434391022,0.45744502544403076
2017-10-16,extended,22,expanding,0.4105474650859833,0.4799996018409729
2017-10-17,extended,22,expanding,0.33732888102531433,0.42570963501930237
2017-10-18,extended,22,expanding,0.4654833674430847,0.4421175718307495
2017-10-19,extended,22,expanding,0.4284844398498535,0.49937528371810913
2017-10-20,extended,22,expanding,0.3624798655509949,0.43548792600631714
2017-10-23,extended,22,expanding,0.40933284163475037,0.41194671392440796
2017-10-24,extended,22,expanding,0.33711370825767517,0.41007936000823975
2017-10-25,extended,22,expanding,0.5181344151496887,0.4230974316596985
2017-10-26,extended,22,expanding,0.3753145635128021,0.4560090899467468
2017-10-27,extended,22,expanding,0.3487517535686493,0.44382190704345703
2017-10-30,extended,22,expanding,0.37329038977622986,0.39533019065856934
2017-10-31,extended,22,expanding,0.4223342537879944,0.45942723751068115
2017-11-01,extended,22,expanding,0.446273535490036,0.44449013471603394
2017-11-02,extended,22,expanding,0.3713180422782898,0.4526154398918152
2017-11-03,extended,22,expanding,0.48038730025291443,0.4395279288291931
2017-11-06,extended,22,expanding,0.5408088564872742,0.5007026791572571
2017-11-07,extended,22,expanding,0.5429577231407166,0.421996533870697
2017-11-08,extended,22,expanding,0.5505063533782959,0.4816089868545532
2017-11-09,extended,22,expanding,0.5736576318740845,0.507697343826294
2017-11-10,extended,22,expanding,0.4346510171890259,0.47091299295425415
2017-11-13,extended,22,expanding,0.4951433837413788,0.4990119934082031
2017-11-14,extended,22,expanding,0.46313270926475525,0.43508803844451904
2017-11-15,extended,22,expanding,0.5259316563606262,0.4668671488761902
2017-11-16,extended,22,expanding,0.46143925189971924,0.4943391680717468
2017-11-17,extended,22,expanding,0.6370275020599365,0.47141480445861816
2017-11-20,extended,22,expanding,0.421930730342865,0.4468945562839508
2017-11-21,extended,22,expanding,0.4664672017097473,0.40433838963508606
2017-11-22,extended,22,expanding,0.4917849600315094,0.40117400884628296
2017-11-23,extended,22,expanding,0.33769702911376953,0.41541165113449097
2017-11-24,extended,22,expanding,0.30684664845466614,0.3925356864929199
2017-11-27,extended,22,expanding,0.6317434310913086,0.5385301113128662
2017-11-28,extended,22,expanding,0.5156184434890747,0.44868355989456177
2017-11-29,extended,22,expanding,0.5209071040153503,0.40895527601242065
2017-11-30,extended,22,expanding,0.6702991127967834,0.584602952003479
2017-12-01,extended,22,expanding,0.5584040880203247,0.49320104718208313
2017-12-04,extended,22,expanding,0.5248996019363403,0.48805946111679077
2017-12-05,extended,22,expanding,0.5288731455802917,0.49162784218788147
2017-12-06,extended,22,expanding,0.5514562129974365,0.5798760652542114
2017-12-07,extended,22,expanding,0.6752933859825134,0.5844843983650208
2017-12-08,extended,22,expanding,0.4588971436023712,0.45406246185302734
2017-12-11,extended,22,expanding,0.47102972865104675,0.4275435507297516
2017-12-12,extended,22,expanding,0.4695582985877991,0.4638309180736542
2017-12-13,extended,22,expanding,0.502327024936676,0.4552983045578003
2017-12-14,extended,22,expanding,0.6140477657318115,0.6990638971328735
2017-12-15,extended,22,expanding,0.529758870601654,0.4610110819339752
2017-12-18,extended,22,expanding,0.4735866189002991,0.415357768535614
2017-12-19,extended,22,expanding,0.6413977146148682,0.4811800718307495
2017-12-20,extended,22,expanding,0.3649533987045288,0.45770350098609924
2017-12-21,extended,22,expanding,0.7004086971282959,0.6798004508018494
2017-12-22,extended,22,expanding,0.5317792892456055,0.5228629112243652
2017-12-26,extended,22,expanding,0.5612137913703918,0.6216678619384766
2017-12-27,extended,22,expanding,0.5643131136894226,0.5401744842529297
2017-12-28,extended,22,expanding,0.5650448203086853,0.4954708218574524
2018-01-02,extended,22,expanding,0.5019598603248596,0.4282059073448181
2018-01-03,extended,22,expanding,0.5560106635093689,0.37866026163101196
2018-01-04,extended,22,expanding,0.6076695322990417,0.6025375723838806
2018-01-05,extended,22,expanding,0.32537126541137695,0.44996386766433716
2018-01-08,extended,22,expanding,0.6691721081733704,0.40704983472824097
2018-01-09,extended,22,expanding,0.5897380113601685,0.5016230940818787
2018-01-10,extended,22,expanding,0.609798014163971,0.45888397097587585
2018-01-11,extended,22,expanding,0.5916005969047546,0.48614129424095154
2018-01-12,extended,22,expanding,0.6188047528266907,0.45216578245162964
2018-01-15,extended,22,expanding,0.48673364520072937,0.4336822032928467
2018-01-16,extended,22,expanding,0.454850971698761,0.44296109676361084
2018-01-17,extended,22,expanding,0.5304573774337769,0.4325542151927948
2018-01-18,extended,22,expanding,0.5020041465759277,0.43294811248779297
2018-01-19,extended,22,expanding,0.42358022928237915,0.40747755765914917
2018-01-22,extended,22,expanding,0.6685675382614136,0.5021287798881531
2018-01-23,extended,22,expanding,0.5769513845443726,0.45496249198913574
2018-01-24,extended,22,expanding,0.43366390466690063,0.4309741258621216
2018-01-25,extended,22,expanding,0.4474602937698364,0.4706540107727051
2018-01-26,extended,22,expanding,0.41339415311813354,0.4534069895744324
2018-01-29,extended,22,expanding,0.4664735496044159,0.40294966101646423
2018-01-30,extended,22,expanding,0.5407612323760986,0.48349326848983765
2018-01-31,extended,22,expanding,0.7986267805099487,0.6919947266578674
2018-02-01,extended,22,expanding,0.5135921835899353,0.48986876010894775
2018-02-02,extended,22,expanding,0.6944562792778015,0.6486082673072815
2018-02-06,extended,22,expanding,1.3759223222732544,0.7938839793205261
2018-02-07,extended,22,expanding,1.122434377670288,1.4001561403274536
2018-02-08,extended,22,expanding,1.4082813262939453,0.9444324374198914
2018-02-09,extended,22,expanding,0.9243829846382141,0.9091951847076416
2018-02-12,extended,22,expanding,0.7389490604400635,0.773219645023346
2018-02-13,extended,22,expanding,0.73525470495224,0.8154314160346985
2018-02-14,extended,22,expanding,0.6576985716819763,0.5433381199836731
2018-02-19,extended,22,expanding,0.7446489930152893,0.5509144067764282
2018-02-20,extended,22,expanding,0.6013748645782471,0.599219024181366
2018-02-21,extended,22,expanding,0.8948333859443665,0.6051454544067383
2018-02-22,extended,22,expanding,0.7651857137680054,0.6331888437271118
2018-02-23,extended,22,expanding,0.5396385788917542,0.5631399154663086
2018-02-26,extended,22,expanding,0.4442041218280792,0.4753645658493042
2018-02-27,extended,22,expanding,0.5382550954818726,0.49223947525024414
2018-02-28,extended,22,expanding,0.6677765846252441,0.6369539499282837
2018-03-02,extended,22,expanding,0.7076289057731628,0.6732065081596375
2018-03-05,extended,22,expanding,0.8297358751296997,0.7419440150260925
2018-03-06,extended,22,expanding,0.5992369055747986,0.5217514038085938
2018-03-07,extended,22,expanding,0.867876410484314,0.6328784823417664
2018-03-08,extended,22,expanding,0.5772353410720825,0.593739926815033
2018-03-09,extended,22,expanding,0.9048038125038147,0.6725669503211975
2018-03-12,extended,22,expanding,0.6000621318817139,0.5104276537895203
2018-03-13,extended,22,expanding,0.5792436003684998,0.5014294385910034
2018-03-14,extended,22,expanding,0.5283704400062561,0.4999639391899109
2018-03-15,extended,22,expanding,0.5437148809432983,0.5705070495605469
2018-03-16,extended,22,expanding,0.6200851202011108,0.5341048836708069
2018-03-19,extended,22,expanding,0.6299968361854553,0.5384003520011902
2018-03-20,extended,22,expanding,0.5908734798431396,0.5629727244377136
2018-03-21,extended,22,expanding,0.4441288709640503,0.4645649194717407
2018-03-22,extended,22,expanding,0.6845842599868774,0.5094775557518005
2018-03-23,extended,22,expanding,0.7553704977035522,0.766387403011322
2018-03-26,extended,22,expanding,0.7624786496162415,0.7647159695625305
2018-03-27,extended,22,expanding,0.5350624322891235,0.4591439962387085
2018-03-28,extended,22,expanding,0.6733250021934509,0.5874302387237549
2018-03-29,extended,22,expanding,0.5691547989845276,0.654718816280365
2018-03-30,extended,22,expanding,0.5111619830131531,0.413330078125
2018-04-02,extended,22,expanding,0.6385989189147949,0.5102858543395996
2018-04-03,extended,22,expanding,0.6424234509468079,0.530956506729126
2018-04-04,extended,22,expanding,0.6118529438972473,0.6567804217338562
2018-04-05,extended,22,expanding,0.560495138168335,0.5052123665809631
2018-04-06,extended,22,expanding,0.5418958067893982,0.4828445315361023
2018-04-09,extended,22,expanding,0.6034669876098633,0.5013677477836609
2018-04-10,extended,22,expanding,0.7425431609153748,0.58303302526474
2018-04-11,extended,22,expanding,0.525841236114502,0.43652212619781494
2018-04-12,extended,22,expanding,0.4694683849811554,0.4968905448913574
2018-04-13,extended,22,expanding,0.48597174882888794,0.42779046297073364
2018-04-16,extended,22,expanding,0.4132150411605835,0.4535292387008667
2018-04-17,extended,22,expanding,0.4030221998691559,0.4448736310005188
2018-04-18,extended,22,expanding,0.4774610698223114,0.38110214471817017
2018-04-19,extended,22,expanding,0.3500297963619232,0.3894166350364685
2018-04-20,extended,22,expanding,0.3836190700531006,0.3921714723110199
2018-04-23,extended,22,expanding,0.5986466407775879,0.4058520495891571
2018-04-24,extended,22,expanding,0.5900663137435913,0.49596452713012695
2018-04-25,extended,22,expanding,0.5728207230567932,0.4705299735069275
2018-04-26,extended,22,expanding,0.4661937952041626,0.5016335248947144
2018-04-27,extended,22,expanding,0.5857178568840027,0.42709892988204956
2018-04-30,extended,22,expanding,0.29974332451820374,0.4047545790672302
2018-05-02,extended,22,expanding,0.5317291021347046,0.4009842872619629
2018-05-03,extended,22,expanding,0.3803795278072357,0.48212918639183044
2018-05-04,extended,22,expanding,0.8299641013145447,0.5082627534866333
2018-05-08,extended,22,expanding,0.6383552551269531,0.6544156074523926
2018-05-09,extended,22,expanding,0.7415112257003784,0.5415599942207336
2018-05-10,extended,22,expanding,0.5244550108909607,0.44078344106674194
2018-05-11,extended,22,expanding,0.5472272038459778,0.4009668231010437
2018-05-14,extended,22,expanding,0.40309786796569824,0.41545093059539795
2018-05-15,extended,22,expanding,0.4819849133491516,0.466615229845047
2018-05-16,extended,22,expanding,0.5249876976013184,0.4650481939315796
2018-05-17,extended,22,expanding,0.5047510266304016,0.5150135159492493
2018-05-18,extended,22,expanding,0.3712332248687744,0.42954012751579285
2018-05-21,extended,22,expanding,0.5899090766906738,0.4696093201637268
2018-05-23,extended,22,expanding,0.4946165978908539,0.40995359420776367
2018-05-24,extended,22,expanding,0.5053394436836243,0.4442760646343231
2018-05-25,extended,22,expanding,0.6100272536277771,0.48028552532196045
2018-05-28,extended,22,expanding,0.48080870509147644,0.4334164559841156
2018-05-29,extended,22,expanding,0.5040798187255859,0.4562317430973053
2018-05-30,extended,22,expanding,0.8468387126922607,0.7649756073951721
2018-05-31,extended,22,expanding,0.5873728394508362,0.45684799551963806
2018-06-01,extended,22,expanding,0.5391277074813843,0.5403596758842468
2018-06-04,extended,22,expanding,0.4737642705440521,0.4068632423877716
2018-06-05,extended,22,expanding,0.6410566568374634,0.4521162509918213
2018-06-07,extended,22,expanding,0.44492971897125244,0.43121638894081116
2018-06-08,extended,22,expanding,0.5250526070594788,0.46893438696861267
2018-06-11,extended,22,expanding,0.3294430077075958,0.4464920163154602
2018-06-12,extended,22,expanding,0.572616696357727,0.4253891110420227
2018-06-14,extended,22,expanding,0.5893105864524841,0.5907931327819824
2018-06-15,extended,22,expanding,0.4350651800632477,0.629405677318573
2018-06-18,extended,22,expanding,0.593343198299408,0.7541082501411438
2018-06-19,extended,22,expanding,0.7605105042457581,0.8449491262435913
2018-06-20,extended,22,expanding,0.9390087723731995,0.6542165279388428
2018-06-21,extended,22,expanding,0.6758750081062317,0.7707393169403076
2018-06-22,extended,22,expanding,0.8111163377761841,0.7233282327651978
2018-06-25,extended,22,expanding,0.6731688976287842,0.6238180994987488
2018-06-26,extended,22,expanding,0.8809192776679993,0.7153189182281494
2018-06-27,extended,22,expanding,0.5887496471405029,0.5804901719093323
2018-06-28,extended,22,expanding,0.7575209140777588,0.6432942748069763
2018-06-29,extended,22,expanding,0.8233925104141235,0.7193533778190613
2018-07-02,extended,22,expanding,0.7324320077896118,0.9115651249885559
2018-07-03,extended,22,expanding,0.9579573273658752,0.8400704860687256
2018-07-04,extended,22,expanding,0.7959365844726562,0.6814479231834412
2018-07-05,extended,22,expanding,0.8279933333396912,0.7939437627792358
2018-07-06,extended,22,expanding,0.8423960208892822,0.779660701751709
2018-07-09,extended,22,expanding,0.6719653010368347,0.6181784868240356
2018-07-10,extended,22,expanding,0.48954758048057556,0.4715912938117981
2018-07-11,extended,22,expanding,0.6354519724845886,0.5694974660873413
2018-07-12,extended,22,expanding,0.5419589877128601,0.5672387480735779
2018-07-13,extended,22,expanding,0.6637659668922424,0.47366994619369507
2018-07-16,extended,22,expanding,0.4762515723705292,0.5204609036445618
2018-07-17,extended,22,expanding,0.690965473651886,0.49756330251693726
2018-07-18,extended,22,expanding,0.5686658024787903,0.676424503326416
2018-07-19,extended,22,expanding,0.6373439431190491,0.5593817234039307
2018-07-20,extended,22,expanding,0.7745619416236877,0.5593135356903076
2018-07-23,extended,22,expanding,0.7146587371826172,0.6066501140594482
2018-07-24,extended,22,expanding,0.5560327768325806,0.5256468057632446
2018-07-25,extended,22,expanding,0.5566564798355103,0.5569984912872314
2018-07-26,extended,22,expanding,0.5336587429046631,0.4889591634273529
2018-07-27,extended,22,expanding,0.48962390422821045,0.47367027401924133
2018-07-30,extended,22,expanding,0.6040069460868835,0.4702751636505127
2018-07-31,extended,22,expanding,0.48188090324401855,0.4716600179672241
2018-08-01,extended,22,expanding,0.4941708743572235,0.43008503317832947
2018-08-02,extended,22,expanding,0.5586235523223877,0.6714521646499634
2018-08-03,extended,22,expanding,0.44794851541519165,0.46370771527290344
2018-08-06,extended,22,expanding,0.5578210353851318,0.4644213020801544
2018-08-07,extended,22,expanding,0.5077453255653381,0.47345462441444397
2018-08-08,extended,22,expanding,0.3890380561351776,0.4351225793361664
2018-08-09,extended,22,expanding,0.5795094966888428,0.4344489276409149
2018-08-10,extended,22,expanding,0.6487257480621338,0.4901288151741028
2018-08-13,extended,22,expanding,0.6422988772392273,0.6211401224136353
2018-08-14,extended,22,expanding,0.4929564297199249,0.5054688453674316
2018-08-16,extended,22,expanding,0.7887324094772339,0.5862717032432556
2018-08-17,extended,22,expanding,0.3888016939163208,0.4816351532936096
2018-08-20,extended,22,expanding,0.5653865933418274,0.4981394410133362
2018-08-21,extended,22,expanding,0.502069890499115,0.5302130579948425
2018-08-22,extended,22,expanding,0.4246906042098999,0.4404931664466858
2018-08-23,extended,22,expanding,0.45294395089149475,0.4557039737701416
2018-08-24,extended,22,expanding,0.5531158447265625,0.5060272216796875
2018-08-27,extended,22,expanding,0.39814794063568115,0.4411447048187256
2018-08-28,extended,22,expanding,0.4639572203159332,0.40431106090545654
2018-08-29,extended,22,expanding,0.38262826204299927,0.4026913642883301
2018-08-30,extended,22,expanding,0.47765079140663147,0.4331609904766083
2018-08-31,extended,22,expanding,0.46178141236305237,0.5080358386039734
2018-09-03,extended,22,expanding,0.42877599596977234,0.46345841884613037
2018-09-04,extended,22,expanding,0.3978670537471771,0.414434552192688
2018-09-05,extended,22,expanding,0.4446709156036377,0.5087930560112
2018-09-06,extended,22,expanding,0.5141736268997192,0.452942430973053
2018-09-07,extended,22,expanding,0.7004090547561646,0.5346960425376892
2018-09-10,extended,22,expanding,0.378342866897583,0.45735621452331543
2018-09-11,extended,22,expanding,0.5378327369689941,0.491372287273407
2018-09-12,extended,22,expanding,0.43027880787849426,0.4658029079437256
2018-09-13,extended,22,expanding,0.42830923199653625,0.39726346731185913
2018-09-14,extended,22,expanding,0.4561431109905243,0.39573752880096436
2018-09-17,extended,22,expanding,0.35485967993736267,0.46254962682724
2018-09-18,extended,22,expanding,0.46164220571517944,0.4765210747718811
2018-09-19,extended,22,expanding,0.44473305344581604,0.4132000803947449
2018-09-20,extended,22,expanding,0.5008912086486816,0.4650856852531433
2018-09-21,extended,22,expanding,0.4410775899887085,0.397284597158432
2018-09-27,extended,22,expanding,0.47088003158569336,0.4783100485801697
2018-09-28,extended,22,expanding,0.4841902554035187,0.4605090618133545
2018-10-01,extended,22,expanding,0.49436429142951965,0.4508633613586426
2018-10-02,extended,22,expanding,0.48979651927948,0.5132531523704529
2018-10-04,extended,22,expanding,0.7401666045188904,0.7003222703933716
2018-10-05,extended,22,expanding,0.8065760731697083,0.6555396318435669
2018-10-08,extended,22,expanding,0.5583558678627014,0.6027868390083313
2018-10-10,extended,22,expanding,0.8397116661071777,0.6747136116027832
2018-10-11,extended,22,expanding,1.0540719032287598,1.1941399574279785
2018-10-12,extended,22,expanding,0.9823881983757019,0.9877665042877197
2018-10-15,extended,22,expanding,0.7597327828407288,0.7480930089950562
2018-10-16,extended,22,expanding,0.6612868905067444,0.7763923406600952
2018-10-17,extended,22,expanding,0.6689484119415283,0.5934658050537109
2018-10-18,extended,22,expanding,0.6124942898750305,0.6537201404571533
2018-10-19,extended,22,expanding,0.9039686322212219,0.7853143215179443
2018-10-22,extended,22,expanding,0.6546448469161987,0.6994113922119141
2018-10-23,extended,22,expanding,0.7986941337585449,1.0286985635757446
2018-10-24,extended,22,expanding,1.010182499885559,0.8447816371917725
2018-10-25,extended,22,expanding,1.2034953832626343,0.9458338618278503
2018-10-26,extended,22,expanding,1.4175035953521729,1.3642114400863647
2018-10-29,extended,22,expanding,1.2363507747650146,1.49240243434906
2018-10-30,extended,22,expanding,1.4563275575637817,1.2204773426055908
2018-10-31,extended,22,expanding,1.039060115814209,0.8897585868835449
2018-11-01,extended,22,expanding,0.9441497325897217,1.056045413017273
2018-11-02,extended,22,expanding,0.79137122631073,0.9515424370765686
2018-11-05,extended,22,expanding,0.9511913061141968,0.8404598236083984
2018-11-06,extended,22,expanding,0.9053001403808594,0.8000873327255249
2018-11-07,extended,22,expanding,1.0367223024368286,0.9588343501091003
2018-11-08,extended,22,expanding,0.5996521711349487,0.8125412464141846
2018-11-09,extended,22,expanding,0.7839537858963013,0.6697947978973389
2018-11-12,extended,22,expanding,0.6026728749275208,0.7449036836624146
2018-11-13,extended,22,expanding,0.979345440864563,0.9701526761054993
2018-11-14,extended,22,expanding,0.7497695684432983,0.6777710914611816
2018-11-15,extended,22,expanding,0.9546724557876587,0.7060421109199524
2018-11-16,extended,22,expanding,0.8288097977638245,0.604856550693512
2018-11-19,extended,22,expanding,0.8961883187294006,0.6143248081207275
2018-11-20,extended,22,expanding,0.6719577312469482,0.6503077149391174
2018-11-21,extended,22,expanding,0.5855644345283508,0.7322353720664978
2018-11-22,extended,22,expanding,0.4870247542858124,0.6363472938537598
2018-11-23,extended,22,expanding,0.7685167789459229,0.7207149863243103
2018-11-27,extended,22,expanding,0.5834283232688904,0.5323864817619324
2018-11-28,extended,22,expanding,0.4522010385990143,0.4989684820175171
2018-11-29,extended,22,expanding,0.6047655344009399,0.5627834796905518
2018-11-30,extended,22,expanding,0.5886905193328857,0.6660918593406677
2018-12-03,extended,22,expanding,0.6815392374992371,0.5255762934684753
2018-12-04,extended,22,expanding,0.5445994138717651,0.586479902267456
2018-12-05,extended,22,expanding,0.5684342384338379,0.5799776315689087
2018-12-06,extended,22,expanding,0.6095563173294067,0.730370044708252
2018-12-07,extended,22,expanding,0.592438280582428,0.5770902037620544
2018-12-10,extended,22,expanding,0.6433858871459961,0.6435800790786743
2018-12-11,extended,22,expanding,0.6609957218170166,0.5852310657501221
2018-12-12,extended,22,expanding,0.695687472820282,0.5798298120498657
2018-12-13,extended,22,expanding,0.7240885496139526,0.5227391123771667
2018-12-14,extended,22,expanding,0.7188342213630676,0.7289366722106934
2018-12-17,extended,22,expanding,0.5307298302650452,0.5497735738754272
2018-12-18,extended,22,expanding,0.6521278023719788,0.576333224773407
2018-12-19,extended,22,expanding,0.4729592204093933,0.5320587158203125
2018-12-20,extended,22,expanding,0.8710768222808838,0.662024974822998
2018-12-21,extended,22,expanding,0.6061809062957764,0.608076810836792
2018-12-24,extended,22,expanding,0.7851643562316895,0.5922112464904785
2018-12-26,extended,22,expanding,0.879256010055542,0.6470320820808411
2018-12-27,extended,22,expanding,0.7809973359107971,0.5802839994430542
2018-12-28,extended,22,expanding,0.6028027534484863,0.5450925827026367
2019-01-02,extended,22,expanding,0.9284961819648743,0.8764700293540955
2019-01-03,extended,22,expanding,0.7693739533424377,0.769420325756073
2019-01-04,extended,22,expanding,0.9603191018104553,0.7278868556022644
2019-01-07,extended,22,expanding,0.5964310169219971,0.4980829358100891
2019-01-08,extended,22,expanding,0.5111342072486877,0.5634668469429016
2019-01-09,extended,22,expanding,0.6108694672584534,0.5429477095603943
2019-01-10,extended,22,expanding,0.5482217073440552,0.5144803524017334
2019-01-11,extended,22,expanding,0.58989018201828,0.5094680786132812
2019-01-14,extended,22,expanding,0.42138826847076416,0.47073352336883545
2019-01-15,extended,22,expanding,0.6759468913078308,0.5305160880088806
2019-01-16,extended,22,expanding,0.5671128630638123,0.4978214204311371
2019-01-17,extended,22,expanding,0.6681084632873535,0.5476150512695312
2019-01-18,extended,22,expanding,0.4454326629638672,0.5126076936721802
2019-01-21,extended,22,expanding,0.6263444423675537,0.5298877954483032
2019-01-22,extended,22,expanding,0.6035391688346863,0.575867772102356
2019-01-23,extended,22,expanding,0.5192846655845642,0.5658600330352783
2019-01-24,extended,22,expanding,0.6640924215316772,0.5434788465499878
2019-01-25,extended,22,expanding,0.5400760769844055,0.6459232568740845
2019-01-28,extended,22,expanding,0.6457585692405701,0.5705313682556152
2019-01-29,extended,22,expanding,0.5906730890274048,0.5776598453521729
2019-01-30,extended,22,expanding,0.6510725617408752,0.6514260768890381
2019-01-31,extended,22,expanding,0.7285996079444885,0.6254472732543945
2019-02-01,extended,22,expanding,0.5539258122444153,0.5626537799835205
2019-02-07,extended,22,expanding,0.6790316104888916,0.5906909108161926
2019-02-08,extended,22,expanding,0.5708925127983093,0.5935320854187012
2019-02-11,extended,22,expanding,0.46146920323371887,0.5104473829269409
2019-02-12,extended,22,expanding,0.5727526545524597,0.4943014085292816
2019-02-13,extended,22,expanding,0.4470139741897583,0.43831756711006165
2019-02-14,extended,22,expanding,0.48624977469444275,0.7191240787506104
2019-02-15,extended,22,expanding,0.6729011535644531,0.5682625770568848
2019-02-18,extended,22,expanding,0.4836799204349518,0.46451860666275024
2019-02-19,extended,22,expanding,0.6155198812484741,0.49300599098205566
2019-02-20,extended,22,expanding,0.5254465341567993,0.5078645348548889
2019-02-21,extended,22,expanding,0.5323978066444397,0.545232892036438
2019-02-22,extended,22,expanding,0.5406672954559326,0.5133646130561829
2019-02-25,extended,22,expanding,0.4733019173145294,0.49548906087875366
2019-02-26,extended,22,expanding,0.49368810653686523,0.4770127534866333
2019-02-27,extended,22,expanding,0.5037446022033691,0.45684850215911865
2019-02-28,extended,22,expanding,0.9239734411239624,0.6794543862342834
2019-03-04,extended,22,expanding,0.6461186408996582,0.6806948781013489
2019-03-05,extended,22,expanding,0.5952965617179871,0.49783027172088623
2019-03-06,extended,22,expanding,0.5138042569160461,0.5006846785545349
2019-03-07,extended,22,expanding,0.5759723782539368,0.5926213264465332
2019-03-08,extended,22,expanding,0.5366950035095215,0.6107710003852844
2019-03-11,extended,22,expanding,0.5165074467658997,0.5485164523124695
2019-03-12,extended,22,expanding,0.5089074969291687,0.39511823654174805
2019-03-13,extended,22,expanding,0.5591858625411987,0.48133009672164917
2019-03-14,extended,22,expanding,0.6950944662094116,0.45505255460739136
2019-03-15,extended,22,expanding,0.6786419153213501,0.5537797808647156
2019-03-18,extended,22,expanding,0.44907960295677185,0.4333888292312622
2019-03-19,extended,22,expanding,0.4485452175140381,0.4296976625919342
2019-03-20,extended,22,expanding,0.6753636598587036,0.5062984228134155
2019-03-21,extended,22,expanding,0.6621766686439514,0.5592137575149536
2019-03-22,extended,22,expanding,0.5033251047134399,0.4317830801010132
2019-03-25,extended,22,expanding,0.43661531805992126,0.5863770246505737
2019-03-26,extended,22,expanding,0.49395978450775146,0.4949483573436737
2019-03-27,extended,22,expanding,0.6899356842041016,0.5204446315765381
2019-03-28,extended,22,expanding,0.6706693768501282,0.6177409887313843
2019-03-29,extended,22,expanding,0.5518298149108887,0.5466659069061279
2019-04-01,extended,22,expanding,0.45664387941360474,0.4436775743961334
2019-04-02,extended,22,expanding,0.3614421486854553,0.4056694209575653
2019-04-03,extended,22,expanding,0.5156674385070801,0.5337542295455933
2019-04-04,extended,22,expanding,0.5919870734214783,0.4915787875652313
2019-04-05,extended,22,expanding,0.5192545652389526,0.48068246245384216
2019-04-08,extended,22,expanding,0.5123612880706787,0.4753004014492035
2019-04-09,extended,22,expanding,0.4496856927871704,0.4800310432910919
2019-04-10,extended,22,expanding,0.4801422655582428,0.4809758961200714
2019-04-11,extended,22,expanding,0.5340375900268555,0.479638010263443
2019-04-12,extended,22,expanding,0.4402812719345093,0.49987003207206726
2019-04-15,extended,22,expanding,0.4074706733226776,0.4508579969406128
2019-04-16,extended,22,expanding,0.321991890668869,0.46904611587524414
2019-04-17,extended,22,expanding,0.4384206533432007,0.47653359174728394
2019-04-18,extended,22,expanding,0.5309156179428101,0.7001538872718811
2019-04-19,extended,22,expanding,0.4144327938556671,0.5215005874633789
2019-04-22,extended,22,expanding,0.5566577911376953,0.5572683215141296
2019-04-23,extended,22,expanding,0.4070170819759369,0.5244006514549255
2019-04-24,extended,22,expanding,0.6195574402809143,0.7241494655609131
2019-04-25,extended,22,expanding,0.5548557639122009,0.5726855993270874
2019-04-26,extended,22,expanding,0.7215267419815063,0.6082484126091003
2019-04-29,extended,22,expanding,0.5249147415161133,0.6669062376022339
2019-04-30,extended,22,expanding,0.6858347654342651,0.6839209794998169
2019-05-02,extended,22,expanding,0.5986621379852295,0.5986865758895874
2019-05-03,extended,22,expanding,0.4779373109340668,0.5766062140464783
2019-05-07,extended,22,expanding,0.5830387473106384,0.5481359362602234
2019-05-08,extended,22,expanding,0.6274087429046631,0.7360983490943909
2019-05-09,extended,22,expanding,0.7362841963768005,1.0669822692871094
2019-05-10,extended,22,expanding,1.313459038734436,0.8999301791191101
2019-05-13,extended,22,expanding,0.6890861988067627,0.8847354650497437
2019-05-14,extended,22,expanding,0.8569478392601013,0.9668139219284058
2019-05-15,extended,22,expanding,0.6930093765258789,0.7657880783081055
2019-05-16,extended,22,expanding,0.7359275817871094,0.8650231957435608
2019-05-17,extended,22,expanding,0.6551961302757263,0.8444302678108215
2019-05-20,extended,22,expanding,0.7725394368171692,0.7276508212089539
2019-05-21,extended,22,expanding,0.6395137906074524,0.7059863209724426
2019-05-22,extended,22,expanding,0.7309623956680298,0.6512911319732666
2019-05-23,extended,22,expanding,0.7258368730545044,0.7058897614479065
2019-05-24,extended,22,expanding,0.7309144139289856,0.71304851770401
2019-05-27,extended,22,expanding,0.6795933842658997,0.6412509083747864
2019-05-28,extended,22,expanding,0.7112939953804016,0.6099454164505005
2019-05-29,extended,22,expanding,0.7383555173873901,0.8028947710990906
2019-05-30,extended,22,expanding,0.7144889831542969,0.6423785090446472
2019-05-31,extended,22,expanding,0.841723620891571,0.6720950603485107
2019-06-03,extended,22,expanding,0.6695592403411865,0.8198233842849731
2019-06-04,extended,22,expanding,0.624247133731842,0.5647929906845093
2019-06-05,extended,22,expanding,0.5153022408485413,0.5247861742973328
2019-06-07,extended,22,expanding,0.6764708161354065,0.5582576990127563
2019-06-10,extended,22,expanding,0.4818452298641205,0.54654860496521
2019-06-11,extended,22,expanding,0.47041159868240356,0.511394739151001
2019-06-12,extended,22,expanding,0.5863049030303955,0.5274195671081543
2019-06-13,extended,22,expanding,0.7455524802207947,0.6457474827766418
2019-06-14,extended,22,expanding,0.865125298500061,0.5576943755149841
2019-06-17,extended,22,expanding,0.42477619647979736,0.573184072971344
2019-06-18,extended,22,expanding,0.5229542851448059,0.4830092489719391
2019-06-19,extended,22,expanding,0.43571388721466064,0.40328288078308105
2019-06-20,extended,22,expanding,0.431767076253891,0.44164395332336426
2019-06-21,extended,22,expanding,0.37728238105773926,0.42912065982818604
2019-06-24,extended,22,expanding,0.4593243896961212,0.44779396057128906
2019-06-25,extended,22,expanding,0.5151219367980957,0.5173448920249939
2019-06-26,extended,22,expanding,0.4039747714996338,0.4793744683265686
2019-06-27,extended,22,expanding,0.6148307919502258,0.5193106532096863
2019-06-28,extended,22,expanding,0.5435868501663208,0.48094597458839417
2019-07-01,extended,22,expanding,0.5925321578979492,0.5247194766998291
2019-07-02,extended,22,expanding,0.5319616794586182,0.5209899544715881
2019-07-03,extended,22,expanding,0.6809259057044983,0.7187105417251587
2019-07-04,extended,22,expanding,0.5308392643928528,0.5888535380363464
2019-07-05,extended,22,expanding,0.5959734320640564,0.59846031665802
2019-07-08,extended,22,expanding,0.7311242818832397,0.7474215030670166
2019-07-09,extended,22,expanding,0.6331754326820374,0.7836313843727112
2019-07-10,extended,22,expanding,0.5322354435920715,0.598336398601532
2019-07-11,extended,22,expanding,0.6092575788497925,0.5969411134719849
2019-07-12,extended,22,expanding,0.49427682161331177,0.61931312084198
2019-07-15,extended,22,expanding,0.5757436752319336,0.5967084169387817
2019-07-16,extended,22,expanding,0.684499979019165,0.5781186819076538
2019-07-17,extended,22,expanding,0.5347871780395508,0.6348216533660889
2019-07-18,extended,22,expanding,0.6085167527198792,0.6264203786849976
2019-07-19,extended,22,expanding,0.5437366962432861,0.5751280784606934
2019-07-22,extended,22,expanding,0.511214017868042,0.5712013244628906
2019-07-23,extended,22,expanding,0.4999435842037201,0.5504454970359802
2019-07-24,extended,22,expanding,0.5793746709823608,0.6489372253417969
2019-07-25,extended,22,expanding,0.7161237001419067,0.730774998664856
2019-07-26,extended,22,expanding,0.5782991647720337,0.6749159097671509
2019-07-29,extended,22,expanding,0.8799095749855042,0.8399207592010498
2019-07-30,extended,22,expanding,0.4764111638069153,0.6891679763793945
2019-07-31,extended,22,expanding,0.9222174286842346,0.8433371782302856
2019-08-01,extended,22,expanding,0.6884154677391052,0.8443554639816284
2019-08-02,extended,22,expanding,0.8489646315574646,0.768042802810669
2019-08-05,extended,22,expanding,1.0211527347564697,0.9244822263717651
2019-08-06,extended,22,expanding,1.4848040342330933,1.2272348403930664
2019-08-07,extended,22,expanding,1.0996208190917969,0.9773682355880737
2019-08-08,extended,22,expanding,0.9281580448150635,0.9132541418075562
2019-08-09,extended,22,expanding,0.5159913897514343,0.639808177947998
2019-08-12,extended,22,expanding,0.5666806697845459,0.6443166136741638
2019-08-13,extended,22,expanding,0.6010146737098694,0.6797261238098145
2019-08-14,extended,22,expanding,0.5366671681404114,0.5179497599601746
2019-08-16,extended,22,expanding,0.506742000579834,0.6277350783348083
2019-08-19,extended,22,expanding,0.43808621168136597,0.4985814094543457
2019-08-20,extended,22,expanding,0.5513105988502502,0.5611031651496887
2019-08-21,extended,22,expanding,0.49984392523765564,0.567073404788971
2019-08-22,extended,22,expanding,0.6450490951538086,0.6002326607704163
2019-08-23,extended,22,expanding,0.5643259286880493,0.5856223702430725
2019-08-26,extended,22,expanding,0.5931362509727478,0.6258775591850281
2019-08-27,extended,22,expanding,0.5408018827438354,0.5662990212440491
2019-08-28,extended,22,expanding,0.506738007068634,0.5710339546203613
2019-08-29,extended,22,expanding,0.7708847522735596,0.6216301321983337
2019-08-30,extended,22,expanding,0.48729997873306274,0.536200761795044
2019-09-02,extended,22,expanding,0.4206036329269409,0.5442441701889038
2019-09-03,extended,22,expanding,0.4607470631599426,0.5886762738227844
2019-09-04,extended,22,expanding,0.640845537185669,0.5999941825866699
2019-09-05,extended,22,expanding,0.5175228118896484,0.6102579832077026
2019-09-06,extended,22,expanding,0.44188112020492554,0.47466322779655457
2019-09-10,extended,22,expanding,0.46454718708992004,0.51997309923172
2019-09-11,extended,22,expanding,0.589183509349823,0.5229788422584534
2019-09-16,extended,22,expanding,0.557336151599884,0.5110170245170593
2019-09-17,extended,22,expanding,0.38927358388900757,0.5252819657325745
2019-09-18,extended,22,expanding,0.5622158050537109,0.5461558699607849
2019-09-19,extended,22,expanding,0.6158508658409119,0.5907368659973145
2019-09-20,extended,22,expanding,0.45134010910987854,0.5533998012542725
2019-09-23,extended,22,expanding,0.40426698327064514,0.5090844035148621
2019-09-24,extended,22,expanding,0.5260156989097595,0.5359235405921936
2019-09-25,extended,22,expanding,0.696188747882843,0.6265144348144531
2019-09-26,extended,22,expanding,0.5150355696678162,0.6681519746780396
2019-09-27,extended,22,expanding,0.4885396361351013,0.6803770661354065
2019-09-30,extended,22,expanding,0.5457361936569214,0.667010486125946
2019-10-01,extended,22,expanding,0.5716477036476135,0.5464013814926147
2019-10-02,extended,22,expanding,0.49776527285575867,0.6578140258789062
2019-10-04,extended,22,expanding,0.8837995529174805,0.6441822052001953
2019-10-07,extended,22,expanding,0.6089436411857605,0.6356986165046692
2019-10-08,extended,22,expanding,0.5952094197273254,0.6156831979751587
2019-10-10,extended,22,expanding,1.0106066465377808,0.7419970035552979
2019-10-11,extended,22,expanding,0.4605243504047394,0.6234171390533447
2019-10-14,extended,22,expanding,0.5854535698890686,0.47204166650772095
2019-10-15,extended,22,expanding,0.6064587831497192,0.5336283445358276
2019-10-16,extended,22,expanding,0.597989559173584,0.49371495842933655
2019-10-17,extended,22,expanding,0.5591029524803162,0.5563563108444214
2019-10-18,extended,22,expanding,0.7058666944503784,0.6766844987869263
2019-10-21,extended,22,expanding,0.5290701985359192,0.5107563138008118
2019-10-22,extended,22,expanding,0.6156244277954102,0.4984779953956604
2019-10-23,extended,22,expanding,0.509513795375824,0.5332010388374329
2019-10-24,extended,22,expanding,0.6548182368278503,0.5739831328392029
2019-10-25,extended,22,expanding,0.5107179880142212,0.4985116720199585
2019-10-28,extended,22,expanding,0.5885730981826782,0.5020437240600586
2019-10-29,extended,22,expanding,0.49375781416893005,0.5203377604484558
2019-10-30,extended,22,expanding,0.6974592208862305,0.5174329876899719
2019-10-31,extended,22,expanding,0.4534759819507599,0.5705133080482483
2019-11-01,extended,22,expanding,0.6286191940307617,0.48921260237693787
2019-11-04,extended,22,expanding,0.5168917775154114,0.4583636224269867
2019-11-05,extended,22,expanding,0.4885944128036499,0.4869474768638611
2019-11-06,extended,22,expanding,0.682083249092102,0.5087898969650269
2019-11-07,extended,22,expanding,0.6206656098365784,0.5150889158248901
2019-11-08,extended,22,expanding,0.7145220637321472,0.5672190189361572
2019-11-11,extended,22,expanding,0.5903803110122681,0.50166255235672
2019-11-12,extended,22,expanding,0.6194489002227783,0.4775562286376953
2019-11-13,extended,22,expanding,0.5121188759803772,0.47732460498809814
2019-11-14,extended,22,expanding,0.8766803741455078,0.47687721252441406
2019-11-15,extended,22,expanding,0.7431917190551758,0.6294534802436829
2019-11-18,extended,22,expanding,0.45491695404052734,0.4724539518356323
2019-11-19,extended,22,expanding,0.7765365242958069,0.47565412521362305
2019-11-20,extended,22,expanding,0.630942165851593,0.5419132113456726
2019-11-21,extended,22,expanding,0.8004124760627747,0.7619321942329407
2019-11-22,extended,22,expanding,0.6115705966949463,0.5629212260246277
2019-11-25,extended,22,expanding,0.678887665271759,0.5004368424415588
2019-11-26,extended,22,expanding,0.6483119130134583,0.555243968963623
2019-11-27,extended,22,expanding,0.7303999066352844,0.5127924680709839
2019-11-28,extended,22,expanding,0.5263721942901611,0.4896596670150757
2019-11-29,extended,22,expanding,0.7231086492538452,0.7443315386772156
2019-12-02,extended,22,expanding,0.46694156527519226,0.5468323230743408
2019-12-03,extended,22,expanding,0.5842627286911011,0.5569716095924377
2019-12-04,extended,22,expanding,0.613386869430542,0.6012372374534607
2019-12-05,extended,22,expanding,0.5639214515686035,0.741389811038971
2019-12-06,extended,22,expanding,0.5755423903465271,0.4944617748260498
2019-12-09,extended,22,expanding,0.6014270186424255,0.46287643909454346
2019-12-10,extended,22,expanding,0.553221583366394,0.5434433817863464
2019-12-11,extended,22,expanding,0.5910823941230774,0.49797323346138
2019-12-12,extended,22,expanding,0.5365520715713501,0.49918869137763977
2019-12-13,extended,22,expanding,0.5048814415931702,0.45557424426078796
2019-12-16,extended,22,expanding,0.4599721431732178,0.4665093719959259
2019-12-17,extended,22,expanding,0.6691942811012268,0.5382834672927856
2019-12-18,extended,22,expanding,0.7434670329093933,0.5531923770904541
2019-12-19,extended,22,expanding,0.49151647090911865,0.5868434906005859
2019-12-20,extended,22,expanding,0.5862804651260376,0.509186863899231
2019-12-23,extended,22,expanding,0.4740941822528839,0.5051606297492981
2019-12-24,extended,22,expanding,0.517912745475769,0.5553863048553467
2019-12-26,extended,22,expanding,0.49919620156288147,0.5298135280609131
2019-12-27,extended,22,expanding,0.7513454556465149,0.7750458717346191
2019-12-30,extended,22,expanding,0.5212078094482422,0.5440719127655029
