date,feature_set,L,protocol,RV_target,RV_pred
2014-01-08,extended,60,static,0.5049092,0.44007248
2014-01-09,extended,60,static,0.44792023,0.4991883
2014-01-10,extended,60,static,0.41781142,0.44336993
2014-01-13,extended,60,static,0.47251758,0.6432003
2014-01-14,extended,60,static,0.49484262,0.47268093
2014-01-15,extended,60,static,0.389796,0.43509954
2014-01-16,extended,60,static,0.3719646,0.36972
2014-01-17,extended,60,static,0.36259443,0.43638426
2014-01-21,extended,60,static,0.6656816,0.5325152
2014-01-22,extended,60,static,0.31373873,0.4126367
2014-01-23,extended,60,static,0.71243316,0.6793454
2014-01-24,extended,60,static,0.9068204,0.8196244
2014-01-27,extended,60,static,0.81133616,0.91872066
2014-01-28,extended,60,static,0.5316145,0.6889836
2014-01-29,extended,60,static,1.0421811,0.7270698
2014-01-30,extended,60,static,0.78014624,0.7092166
2014-01-31,extended,60,static,1.1046423,0.7516273
2014-02-03,extended,60,static,0.9668377,1.0086116
2014-02-04,extended,60,static,0.819945,0.68036413
2014-02-05,extended,60,static,0.9269459,1.0008609
2014-02-06,extended,60,static,0.5575153,0.7043601
2014-02-07,extended,60,static,0.65374666,0.69689304
2014-02-10,extended,60,static,0.31248182,0.4507838
2014-02-11,extended,60,static,0.41629142,0.59387386
2014-02-12,extended,60,static,0.45831323,0.457995
2014-02-13,extended,60,static,0.49265444,0.5609972
2014-02-14,extended,60,static,0.38318944,0.5341771
2014-02-18,extended,60,static,0.3537131,0.36540616
2014-02-19,extended,60,static,0.54439,0.53637934
2014-02-20,extended,60,static,0.51263076,0.51948684
2014-02-21,extended,60,static,0.41156575,0.45243162
2014-02-24,extended,60,static,0.58284545,0.69738173
2014-02-25,extended,60,static,0.56813157,0.58433574
2014-02-26,extended,60,static,0.5470898,0.43825042
2014-02-27,extended,60,static,0.52451116,0.44333714
2014-02-28,extended,60,static,0.6110896,0.5898496
2014-03-03,extended,60,static,0.9133794,0.68442243
2014-03-04,extended,60,static,0.96754813,0.6573936
2014-03-05,extended,60,static,0.41537228,0.41080555
2014-03-06,extended,60,static,0.40407717,0.3877626
2014-03-07,extended,60,static,0.55469537,0.4173314
2014-03-10,extended,60,static,0.4751483,0.41499442
2014-03-11,extended,60,static,0.5007032,0.5985823
2014-03-12,extended,60,static,0.6769494,0.5008846
2014-03-13,extended,60,static,0.7307913,0.81349814
2014-03-14,extended,60,static,0.6815504,0.5317325
2014-03-17,extended,60,static,0.74760824,0.631195
2014-03-18,extended,60,static,0.48231757,0.48560846
2014-03-19,extended,60,static,0.7574357,0.76870203
2014-03-20,extended,60,static,0.5430734,0.59307045
2014-03-21,extended,60,static,0.7111093,0.6522924
2014-03-24,extended,60,static,0.6954413,0.7301762
2014-03-25,extended,60,static,0.7636264,0.5325294
2014-03-26,extended,60,static,0.64480937,0.6798661
2014-03-27,extended,60,static,0.79874605,0.5360042
2014-03-28,extended,60,static,0.6167684,0.5779287
2014-03-31,extended,60,static,0.70626074,0.4948244
2014-04-01,extended,60,static,0.47637957,0.45064986
2014-04-02,extended,60,static,0.37295157,0.4046154
2014-04-03,extended,60,static,0.38243917,0.417516
2014-04-04,extended,60,static,0.77531964,0.7970824
2014-04-07,extended,60,static,0.73298806,0.6404005
2014-04-08,extended,60,static,0.6260387,0.6726079
2014-04-09,extended,60,static,0.5471668,0.58863616
2014-04-10,extended,60,static,0.8312494,0.8930254
2014-04-11,extended,60,static,1.0073607,0.69416803
2014-04-14,extended,60,static,0.8529536,0.63671654
2014-04-15,extended,60,static,0.91792023,0.7995119
2014-04-16,extended,60,static,0.68598306,0.5871468
2014-04-17,extended,60,static,0.47364476,0.5060116
2014-04-21,extended,60,static,0.341622,0.3925962
2014-04-22,extended,60,static,0.32808822,0.42360187
2014-04-23,extended,60,static,0.36450958,0.38647586
2014-04-24,extended,60,static,0.58910805,0.43630385
2014-04-25,extended,60,static,0.58639413,0.54646826
2014-04-28,extended,60,static,0.82358533,0.72362715
2014-04-29,extended,60,static,0.5001894,0.42043298
2014-04-30,extended,60,static,0.4978034,0.4595979
2014-05-01,extended,60,static,0.4511681,0.43848664
2014-05-02,extended,60,static,0.56266874,0.46375358
2014-05-05,extended,60,static,0.7295594,0.57538074
2014-05-06,extended,60,static,0.5130741,0.54017985
2014-05-07,extended,60,static,0.89697677,0.5432637
2014-05-08,extended,60,static,0.51938224,0.6934127
2014-05-09,extended,60,static,0.5581554,0.51427215
2014-05-12,extended,60,static,0.4801866,0.5107972
2014-05-13,extended,60,static,0.31696823,0.35399413
2014-05-14,extended,60,static,0.38752997,0.43790823
2014-05-15,extended,60,static,0.6911194,0.6063136
2014-05-16,extended,60,static,0.46763945,0.4692685
2014-05-19,extended,60,static,0.34235182,0.4497611
2014-05-20,extended,60,static,0.5234825,0.53797925
2014-05-21,extended,60,static,0.49420696,0.48008013
2014-05-22,extended,60,static,0.30170885,0.4435882
2014-05-23,extended,60,static,0.20592427,0.32366288
2014-05-27,extended,60,static,0.4249707,0.37773168
2014-05-28,extended,60,static,0.29313588,0.42535466
2014-05-29,extended,60,static,0.36290592,0.3728916
2014-05-30,extended,60,static,0.2896272,0.34280288
2014-06-02,extended,60,static,0.39007816,0.38540983
2014-06-03,extended,60,static,0.30763808,0.33351147
2014-06-04,extended,60,static,0.29414263,0.390118
2014-06-05,extended,60,static,0.39007378,0.46274775
2014-06-06,extended,60,static,0.2689657,0.34084517
2014-06-09,extended,60,static,0.27719072,0.33366668
2014-06-10,extended,60,static,0.29700223,0.35574833
2014-06-11,extended,60,static,0.41138506,0.36919588
2014-06-12,extended,60,static,0.4183047,0.5102126
2014-06-13,extended,60,static,0.4343027,0.39068076
2014-06-16,extended,60,static,0.4416144,0.4057758
2014-06-17,extended,60,static,0.37112328,0.40959698
2014-06-18,extended,60,static,0.41930568,0.4489931
2014-06-19,extended,60,static,0.29128066,0.47487146
2014-06-20,extended,60,static,0.23344195,0.30529183
2014-06-23,extended,60,static,0.2667552,0.3321221
2014-06-24,extended,60,static,0.43172422,0.4904673
2014-06-25,extended,60,static,0.37854803,0.41123113
2014-06-26,extended,60,static,0.4962847,0.46683675
2014-06-27,extended,60,static,0.35436866,0.3792223
2014-06-30,extended,60,static,0.27126727,0.3849854
2014-07-01,extended,60,static,0.3689269,0.41767633
2014-07-02,extended,60,static,0.26151705,0.3560214
2014-07-03,extended,60,static,0.31731522,0.3923167
2014-07-07,extended,60,static,0.36314473,0.3723364
2014-07-08,extended,60,static,0.5589419,0.49787223
2014-07-09,extended,60,static,0.45819184,0.4408847
2014-07-10,extended,60,static,0.76111996,0.58795655
2014-07-11,extended,60,static,0.35084838,0.459893
2014-07-14,extended,60,static,0.41344327,0.38719416
2014-07-15,extended,60,static,0.53884596,0.57632184
2014-07-16,extended,60,static,0.44707805,0.38943595
2014-07-17,extended,60,static,0.6419261,0.6981004
2014-07-18,extended,60,static,0.3977976,0.50820327
2014-07-21,extended,60,static,0.40885425,0.45823705
2014-07-22,extended,60,static,0.37651148,0.42179483
2014-07-23,extended,60,static,0.25255132,0.38934767
2014-07-24,extended,60,static,0.27580193,0.35275343
2014-07-25,extended,60,static,0.43292835,0.42113137
2014-07-28,extended,60,static,0.42229313,0.4278533
2014-07-29,extended,60,static,0.4585719,0.5534751
2014-07-30,extended,60,static,0.60613376,0.55965996
2014-07-31,extended,60,static,0.8659616,0.79710776
2014-08-01,extended,60,static,0.8324301,0.78720576
2014-08-04,extended,60,static,0.47940516,0.67680496
2014-08-05,extended,60,static,0.8867472,0.7472075
2014-08-06,extended,60,static,0.6750628,0.74152994
2014-08-07,extended,60,static,0.71337867,0.8113015
2014-08-08,extended,60,static,0.51588583,0.6302942
2014-08-11,extended,60,static,0.41875538,0.5467535
2014-08-12,extended,60,static,0.4677828,0.4882189
2014-08-13,extended,60,static,0.45824566,0.48259956
2014-08-14,extended,60,static,0.2659346,0.43907398
2014-08-15,extended,60,static,0.7498508,0.69768226
2014-08-18,extended,60,static,0.46496975,0.47590482
2014-08-19,extended,60,static,0.25456896,0.48183197
2014-08-20,extended,60,static,0.3016211,0.3998624
2014-08-21,extended,60,static,0.28956974,0.37176389
2014-08-22,extended,60,static,0.42676148,0.3878035
2014-08-25,extended,60,static,0.3532538,0.38136572
2014-08-26,extended,60,static,0.2375984,0.35780707
2014-08-27,extended,60,static,0.24147634,0.37062228
2014-08-28,extended,60,static,0.40291795,0.3921325
2014-08-29,extended,60,static,0.25389576,0.35825104
2014-09-02,extended,60,static,0.3633189,0.44971788
2014-09-03,extended,60,static,0.37144133,0.4563462
2014-09-04,extended,60,static,0.40892476,0.70938873
2014-09-05,extended,60,static,0.45733145,0.45891112
2014-09-08,extended,60,static,0.38709864,0.48071718
2014-09-09,extended,60,static,0.5338571,0.511354
2014-09-10,extended,60,static,0.5201886,0.48129898
2014-09-11,extended,60,static,0.43031847,0.4517185
2014-09-12,extended,60,static,0.47453365,0.53390914
2014-09-15,extended,60,static,0.41908863,0.41976804
2014-09-16,extended,60,static,0.4405773,0.6017592
2014-09-17,extended,60,static,0.7170944,0.53090614
2014-09-18,extended,60,static,0.37039587,0.41078708
2014-09-19,extended,60,static,0.45736086,0.45127994
2014-09-22,extended,60,static,0.44572678,0.50110054
2014-09-23,extended,60,static,0.49305046,0.5237439
2014-09-24,extended,60,static,0.40974364,0.5665791
2014-09-25,extended,60,static,0.7036589,0.7283387
2014-09-26,extended,60,static,0.59855974,0.6085489
2014-09-29,extended,60,static,0.9425361,0.59936893
2014-09-30,extended,60,static,0.60421616,0.728027
2014-10-01,extended,60,static,0.77547735,0.7857576
2014-10-02,extended,60,static,0.74889135,0.9366469
2014-10-03,extended,60,static,0.8084318,0.930135
2014-10-06,extended,60,static,0.65416896,0.82602125
2014-10-07,extended,60,static,0.85882276,0.7346389
2014-10-08,extended,60,static,0.89283293,0.99477565
2014-10-09,extended,60,static,1.0456964,0.9173645
2014-10-10,extended,60,static,1.1059687,0.92770153
2014-10-13,extended,60,static,1.1766608,1.0641434
2014-10-14,extended,60,static,1.2357146,1.1342424
2014-10-15,extended,60,static,2.3037503,1.7081848
2014-10-16,extended,60,static,1.6580957,1.5249171
2014-10-17,extended,60,static,1.249785,1.0141838
2014-10-20,extended,60,static,0.7233674,0.82162225
2014-10-21,extended,60,static,0.7497316,0.76562065
2014-10-22,extended,60,static,0.7443962,0.89671314
2014-10-23,extended,60,static,1.0316818,0.7581717
2014-10-24,extended,60,static,0.5909021,0.6700627
2014-10-27,extended,60,static,0.6280629,0.5237339
2014-10-28,extended,60,static,0.51385987,0.56718427
2014-10-29,extended,60,static,0.71735823,0.6828092
2014-10-30,extended,60,static,0.56094754,0.66454154
2014-10-31,extended,60,static,0.7405169,0.621558
2014-11-03,extended,60,static,0.45962167,0.49667954
2014-11-04,extended,60,static,0.523288,0.5004337
2014-11-05,extended,60,static,0.5897601,0.42578322
2014-11-06,extended,60,static,0.39968556,0.5415324
2014-11-07,extended,60,static,0.44907498,0.42897505
2014-11-10,extended,60,static,0.28444538,0.3761223
2014-11-11,extended,60,static,0.25874946,0.34037393
2014-11-12,extended,60,static,0.40562358,0.36502442
2014-11-13,extended,60,static,0.50771856,0.4889686
2014-11-14,extended,60,static,0.32405505,0.39718616
2014-11-17,extended,60,static,0.35571715,0.37025613
2014-11-18,extended,60,static,0.29249278,0.4677865
2014-11-19,extended,60,static,0.5172247,0.3827166
2014-11-20,extended,60,static,0.3773044,0.40600592
2014-11-21,extended,60,static,0.6609857,0.41724598
2014-11-24,extended,60,static,0.30394414,0.3468464
2014-11-25,extended,60,static,0.3310994,0.36842632
2014-11-26,extended,60,static,0.18774037,0.37525034
2014-11-28,extended,60,static,0.30118117,0.7406689
2014-12-01,extended,60,static,0.6036726,0.62281126
2014-12-02,extended,60,static,0.38313457,0.58249617
2014-12-03,extended,60,static,0.26875728,0.4119981
2014-12-04,extended,60,static,0.42954367,0.46426928
2014-12-05,extended,60,static,0.3647365,0.43234545
2014-12-08,extended,60,static,0.5491243,0.5747784
2014-12-09,extended,60,static,1.0170497,0.7804281
2014-12-10,extended,60,static,0.8344766,0.8018322
2014-12-11,extended,60,static,0.8538369,0.8427017
2014-12-12,extended,60,static,0.91419786,0.80747837
2014-12-15,extended,60,static,1.2775683,1.0582701
2014-12-16,extended,60,static,1.2446512,1.140698
2014-12-17,extended,60,static,1.2861887,1.1114156
2014-12-18,extended,60,static,1.0341269,0.928209
2014-12-19,extended,60,static,0.58917046,0.62648416
2014-12-22,extended,60,static,0.3526901,0.4810632
2014-12-23,extended,60,static,0.33187222,0.43339097
2014-12-24,extended,60,static,0.21517335,0.43192333
2014-12-26,extended,60,static,0.25206396,0.37674555
2014-12-29,extended,60,static,0.23829924,0.3810554
2014-12-30,extended,60,static,0.30083942,0.4771545
2014-12-31,extended,60,static,0.48846406,0.6450239
2015-01-02,extended,60,static,0.91617084,0.8032145
2015-01-05,extended,60,static,0.8366753,0.88723505
2015-01-06,extended,60,static,1.0535302,0.99578726
2015-01-07,extended,60,static,0.9043862,0.7491077
2015-01-08,extended,60,static,0.8460688,0.72810507
2015-01-09,extended,60,static,0.7907401,0.7086969
2015-01-12,extended,60,static,0.8196387,0.8139415
2015-01-13,extended,60,static,1.4794874,1.1346043
2015-01-14,extended,60,static,1.2126912,0.84363693
2015-01-15,extended,60,static,1.016453,1.0305544
2015-01-16,extended,60,static,0.8022344,0.7533981
2015-01-20,extended,60,static,0.91485006,0.97032595
2015-01-21,extended,60,static,1.0006932,0.7399744
2015-01-22,extended,60,static,0.7813236,1.1221529
2015-01-23,extended,60,static,0.4990968,0.64617157
2015-01-26,extended,60,static,0.54825115,0.5471573
2015-01-27,extended,60,static,1.0129068,0.7135109
2015-01-28,extended,60,static,0.96351683,0.9871604
2015-01-29,extended,60,static,0.93598616,0.905649
2015-01-30,extended,60,static,0.989836,0.90270984
2015-02-02,extended,60,static,1.0854664,0.923549
2015-02-03,extended,60,static,0.9412546,0.7408067
2015-02-04,extended,60,static,0.81579125,0.9664501
2015-02-05,extended,60,static,0.5828607,0.6405321
2015-02-06,extended,60,static,0.6425417,0.81727254
2015-02-09,extended,60,static,0.57979757,0.5402162
2015-02-10,extended,60,static,0.6225983,0.73725003
2015-02-11,extended,60,static,0.5280768,0.5737364
2015-02-12,extended,60,static,0.5131012,0.6252987
2015-02-13,extended,60,static,0.32308325,0.3689342
2015-02-17,extended,60,static,0.38781017,0.39155158
2015-02-18,extended,60,static,0.43776956,0.4292395
2015-02-19,extended,60,static,0.44936877,0.44406027
2015-02-20,extended,60,static,0.45460823,0.585326
2015-02-23,extended,60,static,0.33605385,0.42345506
2015-02-24,extended,60,static,0.3187812,0.40130168
2015-02-25,extended,60,static,0.3179744,0.4297952
2015-02-26,extended,60,static,0.443733,0.6762023
2015-02-27,extended,60,static,0.3470306,0.37876666
2015-03-02,extended,60,static,0.26675868,0.42256904
2015-03-03,extended,60,static,0.50070864,0.46129102
2015-03-04,extended,60,static,0.66777754,0.5614597
2015-03-05,extended,60,static,0.35700428,0.4901204
2015-03-06,extended,60,static,0.738573,0.8762741
2015-03-09,extended,60,static,0.38811982,0.47853053
2015-03-10,extended,60,static,0.84003955,1.0173118
2015-03-11,extended,60,static,0.5907079,0.6993896
2015-03-12,extended,60,static,0.65231806,0.66280955
2015-03-13,extended,60,static,0.7049248,0.99811757
2015-03-16,extended,60,static,0.523879,0.610834
2015-03-17,extended,60,static,0.5899909,0.5130553
2015-03-18,extended,60,static,1.051441,0.9417034
2015-03-19,extended,60,static,0.55307525,0.67959994
2015-03-20,extended,60,static,0.6660987,0.73048997
2015-03-23,extended,60,static,0.37360874,0.5104022
2015-03-24,extended,60,static,0.45093563,0.523773
2015-03-25,extended,60,static,0.68654585,0.7931122
2015-03-26,extended,60,static,0.87354445,0.6759657
2015-03-27,extended,60,static,0.586514,0.617687
2015-03-30,extended,60,static,0.6811203,0.75979257
2015-03-31,extended,60,static,0.6466434,0.6305901
2015-04-01,extended,60,static,0.7361588,0.6857311
2015-04-02,extended,60,static,0.509403,0.5656977
2015-04-06,extended,60,static,0.53391993,0.85884947
2015-04-07,extended,60,static,0.44269016,0.59239894
2015-04-08,extended,60,static,0.7183293,0.5985652
2015-04-09,extended,60,static,0.5976939,0.69252867
2015-04-10,extended,60,static,0.28354013,0.42216372
2015-04-13,extended,60,static,0.35153908,0.4346701
2015-04-14,extended,60,static,0.5259082,0.46252966
2015-04-15,extended,60,static,0.4481189,0.45740026
2015-04-16,extended,60,static,0.40820983,0.43453985
2015-04-17,extended,60,static,0.7608492,0.6868304
2015-04-20,extended,60,static,0.6108341,0.55444163
2015-04-21,extended,60,static,0.4529463,0.5611055
2015-04-22,extended,60,static,0.45889667,0.50843644
2015-04-23,extended,60,static,0.49382022,0.596606
2015-04-24,extended,60,static,0.32737023,0.3695115
2015-04-27,extended,60,static,0.4819811,0.58616024
2015-04-28,extended,60,static,0.64436746,0.5884861
2015-04-29,extended,60,static,0.66213375,0.5437683
2015-04-30,extended,60,static,0.70375067,0.65761137
2015-05-01,extended,60,static,0.67268664,0.74117726
2015-05-04,extended,60,static,0.3758163,0.45009392
2015-05-05,extended,60,static,0.57068294,0.68169236
2015-05-06,extended,60,static,0.9269206,0.84995383
2015-05-07,extended,60,static,0.5604826,0.71909475
2015-05-08,extended,60,static,0.8699831,0.59467286
2015-05-11,extended,60,static,0.40910646,0.52204156
2015-05-12,extended,60,static,0.8183264,0.6520912
2015-05-13,extended,60,static,0.6684315,0.5906782
2015-05-14,extended,60,static,0.54870486,0.54664135
2015-05-15,extended,60,static,0.3386743,0.40446866
2015-05-18,extended,60,static,0.21934754,0.6303583
2015-05-19,extended,60,static,0.312422,0.6224699
2015-05-20,extended,60,static,0.41882202,0.44182086
2015-05-21,extended,60,static,0.27984673,0.40337372
2015-05-22,extended,60,static,0.33094797,0.53241134
2015-05-26,extended,60,static,0.5155842,0.88997597
2015-05-27,extended,60,static,0.40255514,0.54774815
2015-05-28,extended,60,static,0.43901244,0.48610163
2015-05-29,extended,60,static,0.5354624,0.53209007
2015-06-01,extended,60,static,0.6326298,0.58289397
2015-06-02,extended,60,static,0.554281,0.7022565
2015-06-03,extended,60,static,0.4349303,0.5274341
2015-06-04,extended,60,static,0.6734353,0.6709604
2015-06-05,extended,60,static,0.58581686,0.63557523
2015-06-08,extended,60,static,0.3806488,0.56367534
2015-06-09,extended,60,static,0.4707942,0.5279938
2015-06-10,extended,60,static,0.62387747,0.6612586
2015-06-11,extended,60,static,0.4449045,0.50256294
2015-06-12,extended,60,static,0.51568985,0.529915
2015-06-15,extended,60,static,0.9224205,0.55921876
2015-06-16,extended,60,static,0.5270959,0.5274608
2015-06-17,extended,60,static,0.64155054,0.6161226
2015-06-18,extended,60,static,0.5652603,0.67112356
2015-06-19,extended,60,static,0.33432904,0.50381005
2015-06-22,extended,60,static,0.69146746,0.5288695
2015-06-23,extended,60,static,0.32394806,0.5669888
2015-06-24,extended,60,static,0.3779145,0.49858373
2015-06-25,extended,60,static,0.4098502,0.51777154
2015-06-26,extended,60,static,0.48074952,0.47866237
2015-06-29,extended,60,static,0.86944956,0.84612817
2015-06-30,extended,60,static,0.89946085,0.8361861
2015-07-01,extended,60,static,0.77284944,0.82687724
2015-07-02,extended,60,static,0.46320805,0.55712026
2015-07-06,extended,60,static,0.9262874,0.94524264
2015-07-07,extended,60,static,0.9469452,1.112244
2015-07-08,extended,60,static,0.9316667,0.8028965
2015-07-09,extended,60,static,1.31166,0.868512
2015-07-10,extended,60,static,1.1231538,0.70202774
2015-07-13,extended,60,static,0.6816275,0.72738034
2015-07-14,extended,60,static,0.24286471,0.48952395
2015-07-15,extended,60,static,0.36789137,0.6365111
2015-07-16,extended,60,static,0.39547485,0.57436264
2015-07-17,extended,60,static,0.24239369,0.401147
2015-07-20,extended,60,static,0.29224402,0.4056582
2015-07-21,extended,60,static,0.32579386,0.44619483
2015-07-22,extended,60,static,0.43480176,0.50947475
2015-07-23,extended,60,static,0.39982617,0.5960612
2015-07-24,extended,60,static,0.4459609,0.69590896
2015-07-27,extended,60,static,0.77579254,0.59364045
2015-07-28,extended,60,static,0.53736436,0.64746785
2015-07-29,extended,60,static,0.4497853,0.4899146
2015-07-30,extended,60,static,0.4582181,0.58763
2015-07-31,extended,60,static,0.38392138,0.46349972
2015-08-03,extended,60,static,0.5662893,0.65177727
2015-08-04,extended,60,static,0.48225,0.5037767
2015-08-05,extended,60,static,0.64484704,0.5192427
2015-08-06,extended,60,static,0.54122525,0.6916379
2015-08-07,extended,60,static,0.5760798,0.54583186
2015-08-10,extended,60,static,0.67565984,0.5968524
2015-08-11,extended,60,static,0.82229316,0.71544087
2015-08-12,extended,60,static,1.070735,1.0329585
2015-08-13,extended,60,static,0.642519,0.63819575
2015-08-14,extended,60,static,0.40680528,0.4670639
2015-08-17,extended,60,static,0.5880442,0.7178328
2015-08-18,extended,60,static,0.36820683,0.4763325
2015-08-19,extended,60,static,0.94964635,0.717108
2015-08-20,extended,60,static,1.073471,0.95359665
2015-08-21,extended,60,static,1.5211383,1.397872
2015-08-24,extended,60,static,6.1070924,2.2037628
2015-08-25,extended,60,static,2.710724,3.0588067
2015-08-26,extended,60,static,2.842429,2.025956
2015-08-27,extended,60,static,1.8965197,1.344384
2015-08-28,extended,60,static,0.95563376,1.0076276
2015-08-31,extended,60,static,1.0897337,0.9285785
2015-09-01,extended,60,static,2.2449772,1.4266255
2015-09-02,extended,60,static,1.4546596,1.1589189
2015-09-03,extended,60,static,0.9929621,1.1751838
2015-09-04,extended,60,static,1.4397098,1.1793272
2015-09-08,extended,60,static,1.4680749,1.0270123
2015-09-09,extended,60,static,1.1140401,1.341006
2015-09-10,extended,60,static,0.8762383,0.97222435
2015-09-11,extended,60,static,0.805247,0.80725694
2015-09-14,extended,60,static,0.5960224,0.7373555
2015-09-15,extended,60,static,0.55692273,0.8016603
2015-09-16,extended,60,static,0.5929057,0.7530303
2015-09-17,extended,60,static,1.2792863,0.9253011
2015-09-18,extended,60,static,1.3619255,1.2228127
2015-09-21,extended,60,static,0.87075895,0.8817929
2015-09-22,extended,60,static,1.3077606,1.0412377
2015-09-23,extended,60,static,0.75728124,0.88179374
2015-09-24,extended,60,static,1.0441006,1.0206966
2015-09-25,extended,60,static,1.0345594,0.96881735
2015-09-28,extended,60,static,1.1553208,1.2504085
2015-09-29,extended,60,static,1.18178,0.9907758
2015-09-30,extended,60,static,1.4956278,0.9781156
2015-10-01,extended,60,static,1.1410326,0.9591765
2015-10-02,extended,60,static,1.6934986,1.3313924
2015-10-05,extended,60,static,0.8905875,0.8768183
2015-10-06,extended,60,static,0.68290496,0.7899468
2015-10-07,extended,60,static,0.9471502,0.6983994
2015-10-08,extended,60,static,0.7110604,0.79416865
2015-10-09,extended,60,static,0.5342766,0.57619596
2015-10-12,extended,60,static,0.3761203,0.5090169
2015-10-13,extended,60,static,0.6150279,0.6235445
2015-10-14,extended,60,static,0.68519324,0.7270439
2015-10-15,extended,60,static,0.53689116,0.7555559
2015-10-16,extended,60,static,0.5126047,0.47592008
2015-10-19,extended,60,static,0.5282853,0.587845
2015-10-20,extended,60,static,0.5042325,0.47017545
2015-10-21,extended,60,static,0.7471799,0.6586525
2015-10-22,extended,60,static,0.76614285,0.97100616
2015-10-23,extended,60,static,0.8509056,0.7732404
2015-10-26,extended,60,static,0.38222855,0.49690783
2015-10-27,extended,60,static,0.5862307,0.43718863
2015-10-28,extended,60,static,0.9409857,0.6278833
2015-10-29,extended,60,static,0.48140043,0.5142692
2015-10-30,extended,60,static,0.53426623,0.4785233
2015-11-02,extended,60,static,0.42046618,0.56335855
2015-11-03,extended,60,static,0.4835808,0.48091114
2015-11-04,extended,60,static,0.6143828,0.7511354
2015-11-05,extended,60,static,0.58392555,0.5794464
2015-11-06,extended,60,static,0.60344267,0.70720416
2015-11-09,extended,60,static,0.7614884,0.6785583
2015-11-10,extended,60,static,0.54997474,0.5103888
2015-11-11,extended,60,static,0.47312543,0.5521928
2015-11-12,extended,60,static,0.87336564,0.7358045
2015-11-13,extended,60,static,0.66714317,0.8092626
2015-11-16,extended,60,static,0.7153626,0.7696749
2015-11-17,extended,60,static,0.7524334,0.7369593
2015-11-18,extended,60,static,0.7099786,0.72139746
2015-11-19,extended,60,static,0.46447188,0.5211804
2015-11-20,extended,60,static,0.56915754,0.47863913
2015-11-23,extended,60,static,0.4336826,0.45879805
2015-11-24,extended,60,static,0.65352553,0.6027021
2015-11-25,extended,60,static,0.3200732,0.4096033
2015-11-27,extended,60,static,0.24842541,0.4610461
2015-11-30,extended,60,static,0.44243598,0.44814205
2015-12-01,extended,60,static,0.622296,0.51021117
2015-12-02,extended,60,static,0.5199116,0.7072463
2015-12-03,extended,60,static,0.84296006,0.9874359
2015-12-04,extended,60,static,0.84517264,0.95221263
2015-12-07,extended,60,static,0.8103945,0.77438927
2015-12-08,extended,60,static,1.2818913,0.65291053
2015-12-09,extended,60,static,1.0488707,1.0738671
2015-12-10,extended,60,static,0.78105724,0.81073594
2015-12-11,extended,60,static,1.1605777,0.90133566
2015-12-14,extended,60,static,1.2393916,0.85177195
2015-12-15,extended,60,static,1.0609846,0.80913126
2015-12-16,extended,60,static,0.98319596,0.8382838
2015-12-17,extended,60,static,0.905133,1.0600939
2015-12-18,extended,60,static,0.9753758,0.82507867
2015-12-21,extended,60,static,0.8869058,0.62077945
2015-12-22,extended,60,static,0.6400416,0.64901066
2015-12-23,extended,60,static,0.58407897,0.59746593
2015-12-24,extended,60,static,0.28011903,0.45690954
2015-12-28,extended,60,static,0.54484385,0.48148185
2015-12-29,extended,60,static,0.63486797,0.5411168
2015-12-30,extended,60,static,0.43678027,0.57936984
2015-12-31,extended,60,static,0.6944715,0.57911026
2016-01-04,extended,60,static,1.8643945,0.9684713
2016-01-05,extended,60,static,0.7911798,0.95049137
2016-01-06,extended,60,static,1.4094489,0.95691675
2016-01-07,extended,60,static,1.9777172,1.1630093
2016-01-08,extended,60,static,1.3276974,1.4153477
2016-01-11,extended,60,static,1.2732048,1.3045912
2016-01-12,extended,60,static,1.3360038,1.0815462
2016-01-13,extended,60,static,1.433177,1.345787
2016-01-14,extended,60,static,1.2763345,1.2857592
2016-01-15,extended,60,static,2.2561908,1.4272566
2016-01-19,extended,60,static,1.4140404,1.3243936
2016-01-20,extended,60,static,2.090297,1.8054676
2016-01-21,extended,60,static,1.7240387,1.6038606
2016-01-22,extended,60,static,1.3502128,0.99494886
2016-01-25,extended,60,static,0.843228,1.091859
2016-01-26,extended,60,static,1.1329075,0.8821305
2016-01-27,extended,60,static,1.41837,1.2199293
2016-01-28,extended,60,static,1.6049604,0.9891917
2016-01-29,extended,60,static,0.8625195,1.216851
2016-02-01,extended,60,static,1.1087198,0.9463442
2016-02-02,extended,60,static,1.0957472,1.0751493
2016-02-03,extended,60,static,1.661211,1.4086629
2016-02-04,extended,60,static,1.3568352,1.1196392
2016-02-05,extended,60,static,1.1918375,1.2873915
2016-02-08,extended,60,static,1.7131495,1.3437772
2016-02-09,extended,60,static,1.7238925,1.2253381
2016-02-10,extended,60,static,1.2846241,1.2439891
2016-02-11,extended,60,static,1.7465639,1.4479305
2016-02-12,extended,60,static,0.98478186,1.0418515
2016-02-16,extended,60,static,0.9619315,1.0530536
2016-02-17,extended,60,static,0.8570308,0.8196766
2016-02-18,extended,60,static,0.65922886,0.7642867
2016-02-19,extended,60,static,0.83701426,0.6730663
2016-02-22,extended,60,static,0.82086724,0.70410126
2016-02-23,extended,60,static,0.7050926,0.7955661
2016-02-24,extended,60,static,1.3654946,1.0153859
2016-02-25,extended,60,static,0.8240745,0.8300263
2016-02-26,extended,60,static,0.74436164,0.79185575
2016-02-29,extended,60,static,0.6923913,0.8664504
2016-03-01,extended,60,static,0.80320925,0.82077444
2016-03-02,extended,60,static,0.65265656,0.6845657
2016-03-03,extended,60,static,0.5303793,0.6267031
2016-03-04,extended,60,static,0.6377308,0.64235306
2016-03-07,extended,60,static,0.70921284,0.51508623
2016-03-08,extended,60,static,0.8456988,0.76213616
2016-03-09,extended,60,static,0.75573766,0.5350833
2016-03-10,extended,60,static,1.0528972,0.9195229
2016-03-11,extended,60,static,0.78028536,0.67786306
2016-03-14,extended,60,static,0.44185165,0.57931644
2016-03-15,extended,60,static,0.5727604,0.47497874
2016-03-16,extended,60,static,0.8591803,0.65275747
2016-03-17,extended,60,static,0.48305994,0.8037234
2016-03-18,extended,60,static,0.5102293,0.48437542
2016-03-21,extended,60,static,0.41795918,0.41757715
2016-03-22,extended,60,static,0.5167195,0.47686756
2016-03-23,extended,60,static,0.46824253,0.6166729
2016-03-24,extended,60,static,0.59875774,0.5166995
2016-03-28,extended,60,static,0.39678156,0.4469571
2016-03-29,extended,60,static,0.5566663,0.65791255
2016-03-30,extended,60,static,0.5525967,0.45471716
2016-03-31,extended,60,static,0.3733204,0.4662282
2016-04-01,extended,60,static,0.7174331,0.7555023
2016-04-04,extended,60,static,0.42420197,0.52812797
2016-04-05,extended,60,static,0.796145,0.6126957
2016-04-06,extended,60,static,0.55406326,0.66181403
2016-04-07,extended,60,static,0.77300537,0.7139541
2016-04-08,extended,60,static,0.68102026,0.63545555
2016-04-11,extended,60,static,0.61432165,0.72423065
2016-04-12,extended,60,static,0.613963,0.6178742
2016-04-13,extended,60,static,0.58030504,0.6543326
2016-04-14,extended,60,static,0.40409818,0.44777358
2016-04-15,extended,60,static,0.24712655,0.42525905
2016-04-18,extended,60,static,0.45766473,0.49374443
2016-04-19,extended,60,static,0.4471403,0.44764292
2016-04-20,extended,60,static,0.39241913,0.43855155
2016-04-21,extended,60,static,0.48860756,0.4594221
2016-04-22,extended,60,static,0.47178745,0.4417917
2016-04-25,extended,60,static,0.46633098,0.46802962
2016-04-26,extended,60,static,0.41461045,0.4631551
2016-04-27,extended,60,static,0.55345905,0.52932453
2016-04-28,extended,60,static,0.60426,0.6199538
2016-04-29,extended,60,static,0.7228696,0.64560664
2016-05-02,extended,60,static,0.48098463,0.57679117
2016-05-03,extended,60,static,0.72048634,0.7712992
2016-05-04,extended,60,static,0.5959994,0.5854593
2016-05-05,extended,60,static,0.5839337,0.613093
2016-05-06,extended,60,static,0.6555533,0.5801054
2016-05-09,extended,60,static,0.46808782,0.5256635
2016-05-10,extended,60,static,0.4542472,0.5393016
2016-05-11,extended,60,static,0.47307026,0.57691807
2016-05-12,extended,60,static,0.6881145,0.5992261
2016-05-13,extended,60,static,0.57983834,0.69224805
2016-05-16,extended,60,static,0.44797093,0.6251482
2016-05-17,extended,60,static,0.5969028,0.6187553
2016-05-18,extended,60,static,0.9573208,0.8310554
2016-05-19,extended,60,static,0.8042437,0.6819635
2016-05-20,extended,60,static,0.5121746,0.5557211
2016-05-23,extended,60,static,0.3349516,0.44857448
2016-05-24,extended,60,static,0.52813166,0.6207309
2016-05-25,extended,60,static,0.4735313,0.47784418
2016-05-26,extended,60,static,0.34174767,0.38082784
2016-05-27,extended,60,static,0.2984107,0.40102288
2016-05-31,extended,60,static,0.4157239,0.4736665
2016-06-01,extended,60,static,0.5437379,0.46093434
2016-06-02,extended,60,static,0.42439845,0.46428335
2016-06-03,extended,60,static,0.5940881,0.6070735
2016-06-06,extended,60,static,0.39402854,0.40392742
2016-06-07,extended,60,static,0.25987092,0.37708503
2016-06-08,extended,60,static,0.3198907,0.3998784
2016-06-09,extended,60,static,0.4458799,0.4641161
2016-06-10,extended,60,static,0.619208,0.71770537
2016-06-13,extended,60,static,0.52330697,0.54151666
2016-06-14,extended,60,static,0.62336653,0.69502217
2016-06-15,extended,60,static,0.4930331,0.59189767
2016-06-16,extended,60,static,0.74221116,0.9537237
2016-06-17,extended,60,static,0.5440672,0.5697505
2016-06-20,extended,60,static,0.86803305,0.6514458
2016-06-21,extended,60,static,0.48561,0.47362632
2016-06-22,extended,60,static,0.5078913,0.5265698
2016-06-23,extended,60,static,0.5845242,0.50580466
2016-06-24,extended,60,static,2.5068276,1.7678409
2016-06-27,extended,60,static,1.1343153,1.6535643
2016-06-28,extended,60,static,0.91423756,0.7612012
2016-06-29,extended,60,static,0.7956054,0.8322616
2016-06-30,extended,60,static,0.58641934,0.83600914
2016-07-01,extended,60,static,0.38909927,0.5675063
2016-07-05,extended,60,static,0.5271096,0.71710575
2016-07-06,extended,60,static,0.6909399,0.69516385
2016-07-07,extended,60,static,0.54316026,0.8435222
2016-07-08,extended,60,static,0.39168543,0.5421511
2016-07-11,extended,60,static,0.43085355,0.41416085
2016-07-12,extended,60,static,0.55996907,0.4285782
2016-07-13,extended,60,static,0.3626339,0.46098077
2016-07-14,extended,60,static,0.52163625,0.41199517
2016-07-15,extended,60,static,0.33394295,0.4457037
2016-07-18,extended,60,static,0.25285515,0.37506658
2016-07-19,extended,60,static,0.26363385,0.4314689
2016-07-20,extended,60,static,0.22623706,0.39189708
2016-07-21,extended,60,static,0.33703706,0.46090174
2016-07-22,extended,60,static,0.26453957,0.44554693
2016-07-25,extended,60,static,0.32745013,0.40257588
2016-07-26,extended,60,static,0.4504608,0.42703694
2016-07-27,extended,60,static,0.47929594,0.47594327
2016-07-28,extended,60,static,0.48954245,0.41570354
2016-07-29,extended,60,static,0.40074202,0.5142675
2016-08-01,extended,60,static,0.47042617,0.44890797
2016-08-02,extended,60,static,0.49872777,0.6378202
2016-08-03,extended,60,static,0.34358326,0.41526395
2016-08-04,extended,60,static,0.33532026,0.43938214
2016-08-05,extended,60,static,0.31091905,0.39043868
2016-08-08,extended,60,static,0.23712878,0.34761256
2016-08-09,extended,60,static,0.22695161,0.41645008
2016-08-10,extended,60,static,0.32503176,0.4387253
2016-08-11,extended,60,static,0.34140062,0.37650716
2016-08-12,extended,60,static,0.22944413,0.34315884
2016-08-15,extended,60,static,0.19754723,0.35870844
2016-08-16,extended,60,static,0.33974996,0.44048476
2016-08-17,extended,60,static,0.40539417,0.41947925
2016-08-18,extended,60,static,0.24817523,0.40163863
2016-08-19,extended,60,static,0.37554857,0.37406218
2016-08-22,extended,60,static,0.475301,0.4254555
2016-08-23,extended,60,static,0.2574483,0.36747444
2016-08-24,extended,60,static,0.3273195,0.5475244
2016-08-25,extended,60,static,0.39211443,0.4265297
2016-08-26,extended,60,static,0.61306006,0.7642446
2016-08-29,extended,60,static,0.29325503,0.4544592
2016-08-30,extended,60,static,0.37492514,0.49002868
2016-08-31,extended,60,static,0.35626492,0.5100419
2016-09-01,extended,60,static,0.49375284,0.5113283
2016-09-02,extended,60,static,0.38300157,0.3893159
2016-09-06,extended,60,static,0.32380646,0.5157818
2016-09-07,extended,60,static,0.26698565,0.38729638
2016-09-08,extended,60,static,0.295236,0.3720864
2016-09-09,extended,60,static,0.6640978,0.89668375
2016-09-12,extended,60,static,0.75248015,0.82090783
2016-09-13,extended,60,static,0.9697019,0.8588752
2016-09-14,extended,60,static,0.6843146,0.7145345
2016-09-15,extended,60,static,0.61033237,0.67432946
2016-09-16,extended,60,static,0.6537879,0.6563148
2016-09-19,extended,60,static,0.49307507,0.6065972
2016-09-20,extended,60,static,0.44174668,0.4464025
2016-09-21,extended,60,static,0.5785162,0.6054403
2016-09-22,extended,60,static,0.48172566,0.44581586
2016-09-23,extended,60,static,0.34199423,0.50572485
2016-09-26,extended,60,static,0.45899975,0.47585064
2016-09-27,extended,60,static,0.49639294,0.6264294
2016-09-28,extended,60,static,0.4797414,0.5344991
2016-09-29,extended,60,static,0.6804351,0.649361
2016-09-30,extended,60,static,0.5552424,0.502483
2016-10-03,extended,60,static,0.4135641,0.44371277
2016-10-04,extended,60,static,0.6580941,0.71157956
2016-10-05,extended,60,static,0.35043132,0.44722086
2016-10-06,extended,60,static,0.42119184,0.5502288
2016-10-07,extended,60,static,0.52360094,0.62014014
2016-10-10,extended,60,static,0.33505663,0.39722168
2016-10-11,extended,60,static,0.58502275,0.8036614
2016-10-12,extended,60,static,0.42785078,0.5681082
2016-10-13,extended,60,static,0.6159226,0.65934455
2016-10-14,extended,60,static,0.51454896,0.5906714
2016-10-17,extended,60,static,0.388395,0.5029532
2016-10-18,extended,60,static,0.40812224,0.43200397
2016-10-19,extended,60,static,0.27237856,0.4759062
2016-10-20,extended,60,static,0.5416315,0.57499886
2016-10-21,extended,60,static,0.45071933,0.4567786
2016-10-24,extended,60,static,0.3396598,0.40737516
2016-10-25,extended,60,static,0.3230628,0.4515518
2016-10-26,extended,60,static,0.47874448,0.52189064
2016-10-27,extended,60,static,0.47765315,0.5185899
2016-10-28,extended,60,static,0.7668376,0.6294041
2016-10-31,extended,60,static,0.37488475,0.5616187
2016-11-01,extended,60,static,0.59481734,0.9779511
2016-11-02,extended,60,static,0.6631988,0.7058883
2016-11-03,extended,60,static,0.42727923,0.7201958
2016-11-04,extended,60,static,0.5628198,0.5953215
2016-11-07,extended,60,static,0.7627505,0.66746426
2016-11-08,extended,60,static,0.5622712,0.64583737
2016-11-09,extended,60,static,1.1031107,0.9256533
2016-11-10,extended,60,static,1.0612718,1.1039025
2016-11-11,extended,60,static,0.5606707,0.5997581
2016-11-14,extended,60,static,0.5229862,0.6825064
2016-11-15,extended,60,static,0.333586,0.44950283
2016-11-16,extended,60,static,0.38126916,0.43298417
2016-11-17,extended,60,static,0.26126075,0.4562691
2016-11-18,extended,60,static,0.30810797,0.38724032
2016-11-21,extended,60,static,0.30425668,0.37047595
2016-11-22,extended,60,static,0.29165444,0.37366766
2016-11-23,extended,60,static,0.27391726,0.44578838
2016-11-25,extended,60,static,0.14117526,0.35867274
2016-11-28,extended,60,static,0.31178403,0.36461145
2016-11-29,extended,60,static,0.30249256,0.43066633
2016-11-30,extended,60,static,0.52931297,0.4520098
2016-12-01,extended,60,static,0.46159232,0.46746498
2016-12-02,extended,60,static,0.38240808,0.4495362
2016-12-05,extended,60,static,0.2903845,0.37384343
2016-12-06,extended,60,static,0.29767793,0.46617705
2016-12-07,extended,60,static,0.47630528,0.6371887
2016-12-08,extended,60,static,0.4019448,0.5232388
2016-12-09,extended,60,static,0.28978437,0.40964472
2016-12-12,extended,60,static,0.3811413,0.4843694
2016-12-13,extended,60,static,0.3899644,0.42715347
2016-12-14,extended,60,static,0.88478786,0.71468824
2016-12-15,extended,60,static,0.5356318,0.7020714
2016-12-16,extended,60,static,0.4584412,0.47862297
2016-12-19,extended,60,static,0.3088212,0.3913675
2016-12-20,extended,60,static,0.28557837,0.3792681
2016-12-21,extended,60,static,0.19543968,0.37552947
2016-12-22,extended,60,static,0.25347435,0.38672066
2016-12-23,extended,60,static,0.16153865,0.33321127
2016-12-27,extended,60,static,0.23642814,0.3465023
2016-12-28,extended,60,static,0.35201058,0.536578
2016-12-29,extended,60,static,0.34002835,0.505499
2016-12-30,extended,60,static,0.46942192,0.532852
2017-01-03,extended,60,static,0.594145,0.56712735
2017-01-04,extended,60,static,0.36411572,0.439466
2017-01-05,extended,60,static,0.3432904,0.46195722
2017-01-06,extended,60,static,0.38690642,0.5182495
2017-01-09,extended,60,static,0.28396055,0.4036765
2017-01-10,extended,60,static,0.35444435,0.42215765
2017-01-11,extended,60,static,0.5368475,0.49064183
2017-01-12,extended,60,static,0.48731384,0.4742654
2017-01-13,extended,60,static,0.2908495,0.3567838
2017-01-17,extended,60,static,0.3088895,0.44332075
2017-01-18,extended,60,static,0.3339955,0.48816442
2017-01-19,extended,60,static,0.3924441,0.48599052
2017-01-20,extended,60,static,0.45413977,0.46170574
2017-01-23,extended,60,static,0.42793557,0.4766106
2017-01-24,extended,60,static,0.2782493,0.4422812
2017-01-25,extended,60,static,0.2939314,0.38325965
2017-01-26,extended,60,static,0.29524434,0.33293438
2017-01-27,extended,60,static,0.25688803,0.33229363
2017-01-30,extended,60,static,0.4480785,0.5161751
2017-01-31,extended,60,static,0.41373762,0.44870645
2017-02-01,extended,60,static,0.45366064,0.5031473
2017-02-02,extended,60,static,0.40195224,0.45875043
2017-02-03,extended,60,static,0.283664,0.42189103
2017-02-06,extended,60,static,0.2499499,0.370166
2017-02-07,extended,60,static,0.27561516,0.44437742
2017-02-08,extended,60,static,0.34895328,0.4132291
2017-02-09,extended,60,static,0.2515974,0.43093383
2017-02-10,extended,60,static,0.21658345,0.36806726
2017-02-13,extended,60,static,0.22174998,0.35853934
2017-02-14,extended,60,static,0.32851064,0.42770642
2017-02-15,extended,60,static,0.30146214,0.45893902
2017-02-16,extended,60,static,0.47114024,0.4803443
2017-02-17,extended,60,static,0.28547823,0.43083227
2017-02-21,extended,60,static,0.33395022,0.4500261
2017-02-22,extended,60,static,0.26277435,0.37775993
2017-02-23,extended,60,static,0.32674277,0.45945477
2017-02-24,extended,60,static,0.38533372,0.4187764
2017-02-27,extended,60,static,0.28920838,0.37612712
2017-02-28,extended,60,static,0.28566772,0.38537562
2017-03-01,extended,60,static,0.37724862,0.5590374
2017-03-02,extended,60,static,0.38693762,0.54984397
2017-03-03,extended,60,static,0.31391922,0.34283954
2017-03-06,extended,60,static,0.30584425,0.38942868
2017-03-07,extended,60,static,0.3097548,0.39360046
2017-03-08,extended,60,static,0.33642218,0.612219
2017-03-09,extended,60,static,0.34908712,0.48110253
2017-03-10,extended,60,static,0.37227577,0.4273206
2017-03-13,extended,60,static,0.23370558,0.3332919
2017-03-14,extended,60,static,0.37985167,0.4273256
2017-03-15,extended,60,static,0.42964405,0.484492
2017-03-16,extended,60,static,0.32268214,0.50437534
2017-03-17,extended,60,static,0.2527071,0.35321927
2017-03-20,extended,60,static,0.3469682,0.36678773
2017-03-21,extended,60,static,0.6479568,0.7054999
2017-03-22,extended,60,static,0.53609574,0.5463954
2017-03-23,extended,60,static,0.51073444,0.58235997
2017-03-24,extended,60,static,0.5062917,0.60357994
2017-03-27,extended,60,static,0.47878888,0.6845575
2017-03-28,extended,60,static,0.46616235,0.66275847
2017-03-29,extended,60,static,0.32322234,0.41753572
2017-03-30,extended,60,static,0.29983088,0.4339401
2017-03-31,extended,60,static,0.3427317,0.3634733
2017-04-03,extended,60,static,0.4936425,0.5896874
2017-04-04,extended,60,static,0.36195233,0.41454154
2017-04-05,extended,60,static,0.62132335,0.6855701
2017-04-06,extended,60,static,0.5119221,0.5214264
2017-04-07,extended,60,static,0.44955167,0.50548166
2017-04-10,extended,60,static,0.48251557,0.46507198
2017-04-11,extended,60,static,0.56331843,0.6668789
2017-04-12,extended,60,static,0.47795957,0.5287144
2017-04-13,extended,60,static,0.48874614,0.60975426
2017-04-17,extended,60,static,0.3559204,0.50669163
2017-04-18,extended,60,static,0.42907587,0.54633
2017-04-19,extended,60,static,0.36144882,0.7160242
2017-04-20,extended,60,static,0.35535744,0.51826525
2017-04-21,extended,60,static,0.3804392,0.43810743
2017-04-24,extended,60,static,0.29089904,0.36086738
2017-04-25,extended,60,static,0.26883623,0.37506527
2017-04-26,extended,60,static,0.47160688,0.38749713
2017-04-27,extended,60,static,0.32806417,0.4074095
2017-04-28,extended,60,static,0.29768357,0.38241255
2017-05-01,extended,60,static,0.2744441,0.36319888
2017-05-02,extended,60,static,0.24161285,0.39563978
2017-05-03,extended,60,static,0.28668654,0.42111415
2017-05-04,extended,60,static,0.3698002,0.45969474
2017-05-05,extended,60,static,0.2362615,0.32805505
2017-05-08,extended,60,static,0.26360968,0.33536774
2017-05-09,extended,60,static,0.25503057,0.48190415
2017-05-10,extended,60,static,0.219145,0.36303324
2017-05-11,extended,60,static,0.34043387,0.42646205
2017-05-12,extended,60,static,0.23398432,0.3343845
2017-05-15,extended,60,static,0.23430474,0.39471072
2017-05-16,extended,60,static,0.27544153,0.45001727
2017-05-17,extended,60,static,0.5703037,0.749419
2017-05-18,extended,60,static,0.65830266,0.6063587
2017-05-19,extended,60,static,0.36662465,0.5148731
2017-05-22,extended,60,static,0.2527961,0.3894778
2017-05-23,extended,60,static,0.2305911,0.38316315
2017-05-24,extended,60,static,0.22190331,0.38892728
2017-05-25,extended,60,static,0.29225,0.4941702
2017-05-26,extended,60,static,0.19085313,0.29782587
2017-05-30,extended,60,static,0.20878863,0.34910488
2017-05-31,extended,60,static,0.3800636,0.45931232
2017-06-01,extended,60,static,0.2832896,0.44565684
2017-06-02,extended,60,static,0.2677756,0.3790753
2017-06-05,extended,60,static,0.21972047,0.31253803
2017-06-06,extended,60,static,0.29198188,0.36182773
2017-06-07,extended,60,static,0.29310003,0.5206977
2017-06-08,extended,60,static,0.36013472,0.42847103
2017-06-09,extended,60,static,0.59977084,0.7249264
2017-06-12,extended,60,static,0.44649956,0.39137188
2017-06-13,extended,60,static,0.28318912,0.40495718
2017-06-14,extended,60,static,0.45206565,0.5477484
2017-06-15,extended,60,static,0.40803006,0.5673474
2017-06-16,extended,60,static,0.33470094,0.4134252
2017-06-19,extended,60,static,0.24239998,0.40644723
2017-06-20,extended,60,static,0.31976083,0.50145316
2017-06-21,extended,60,static,0.35946548,0.46708518
2017-06-22,extended,60,static,0.26895404,0.40913433
2017-06-23,extended,60,static,0.28734648,0.369927
2017-06-26,extended,60,static,0.37642246,0.3952667
2017-06-27,extended,60,static,0.44197375,0.5787897
2017-06-28,extended,60,static,0.40407717,0.44289833
2017-06-29,extended,60,static,0.69131154,0.7224328
2017-06-30,extended,60,static,0.4383874,0.4273774
2017-07-03,extended,60,static,0.34075877,0.47290772
2017-07-05,extended,60,static,0.34755653,0.55676544
2017-07-06,extended,60,static,0.4471804,0.52709883
2017-07-07,extended,60,static,0.30363896,0.50250274
2017-07-10,extended,60,static,0.2508412,0.38781777
2017-07-11,extended,60,static,0.45187214,0.46478182
2017-07-12,extended,60,static,0.31362855,0.43298
2017-07-13,extended,60,static,0.21801908,0.3821143
2017-07-14,extended,60,static,0.21768583,0.4147306
2017-07-17,extended,60,static,0.17704883,0.32031414
2017-07-18,extended,60,static,0.29776207,0.35914236
2017-07-19,extended,60,static,0.1982659,0.37467667
2017-07-20,extended,60,static,0.28558522,0.37103197
2017-07-21,extended,60,static,0.21564952,0.38079256
2017-07-24,extended,60,static,0.18798159,0.33853516
2017-07-25,extended,60,static,0.1984781,0.3409732
2017-07-26,extended,60,static,0.24174331,0.3997436
2017-07-27,extended,60,static,0.51248944,0.5419328
2017-07-28,extended,60,static,0.27705154,0.44302183
2017-07-31,extended,60,static,0.27641624,0.44870555
2017-08-01,extended,60,static,0.26178157,0.45306242
2017-08-02,extended,60,static,0.36391228,0.4347269
2017-08-03,extended,60,static,0.26692617,0.42713195
2017-08-04,extended,60,static,0.27783048,0.48154372
2017-08-07,extended,60,static,0.13963027,0.31823683
2017-08-08,extended,60,static,0.32645315,0.50238717
2017-08-09,extended,60,static,0.42734796,0.4487878
2017-08-10,extended,60,static,0.55393314,0.7127526
2017-08-11,extended,60,static,0.40293288,0.4582405
2017-08-14,extended,60,static,0.31971547,0.5734007
2017-08-15,extended,60,static,0.27562705,0.46183825
2017-08-16,extended,60,static,0.30988008,0.4642099
2017-08-17,extended,60,static,0.5666922,0.6446722
2017-08-18,extended,60,static,0.53968716,0.5798882
2017-08-21,extended,60,static,0.38028803,0.5121228
2017-08-22,extended,60,static,0.3325575,0.5645798
2017-08-23,extended,60,static,0.3348245,0.5108403
2017-08-24,extended,60,static,0.40814018,0.511063
2017-08-25,extended,60,static,0.35221168,0.47566342
2017-08-28,extended,60,static,0.27280107,0.41975713
2017-08-29,extended,60,static,0.30234662,0.5692288
2017-08-30,extended,60,static,0.2819058,0.60878533
2017-08-31,extended,60,static,0.2877491,0.3894496
2017-09-01,extended,60,static,0.26101714,0.35997635
2017-09-05,extended,60,static,0.58727425,0.667866
2017-09-06,extended,60,static,0.26823452,0.45687735
2017-09-07,extended,60,static,0.34883288,0.47775906
2017-09-08,extended,60,static,0.2621461,0.4326936
2017-09-11,extended,60,static,0.27913767,0.47909606
2017-09-12,extended,60,static,0.21457931,0.3541314
2017-09-13,extended,60,static,0.18590152,0.4171787
2017-09-14,extended,60,static,0.20491175,0.36777103
2017-09-15,extended,60,static,0.1887011,0.32017228
2017-09-18,extended,60,static,0.22692591,0.33088312
2017-09-19,extended,60,static,0.20944732,0.32918656
2017-09-20,extended,60,static,0.31940493,0.4455815
2017-09-21,extended,60,static,0.27827996,0.39529532
2017-09-22,extended,60,static,0.18659909,0.35282546
2017-09-25,extended,60,static,0.3676814,0.42487437
2017-09-26,extended,60,static,0.2561093,0.4729585
2017-09-27,extended,60,static,0.33169076,0.48724538
2017-09-28,extended,60,static,0.22696464,0.39317882
2017-09-29,extended,60,static,0.22128515,0.3547929
2017-10-02,extended,60,static,0.23387623,0.42475814
2017-10-03,extended,60,static,0.20675358,0.34809548
2017-10-04,extended,60,static,0.22618231,0.37244105
2017-10-05,extended,60,static,0.20030746,0.40412062
2017-10-06,extended,60,static,0.21610864,0.35840273
2017-10-09,extended,60,static,0.19429979,0.3727457
2017-10-10,extended,60,static,0.26796594,0.38236457
2017-10-11,extended,60,static,0.18613364,0.34288317
2017-10-12,extended,60,static,0.19867781,0.3883795
2017-10-13,extended,60,static,0.18884645,0.33490166
2017-10-16,extended,60,static,0.19695538,0.32273906
2017-10-17,extended,60,static,0.15306546,0.37059584
2017-10-18,extended,60,static,0.17568943,0.3835836
2017-10-19,extended,60,static,0.2339386,0.41666585
2017-10-20,extended,60,static,0.20694198,0.37814158
2017-10-23,extended,60,static,0.22272433,0.39058912
2017-10-24,extended,60,static,0.25207168,0.35472676
2017-10-25,extended,60,static,0.46961364,0.5416262
2017-10-26,extended,60,static,0.35269573,0.52720714
2017-10-27,extended,60,static,0.35850155,0.4372248
2017-10-30,extended,60,static,0.31922522,0.35892662
2017-10-31,extended,60,static,0.19606315,0.36539245
2017-11-01,extended,60,static,0.31454226,0.41630626
2017-11-02,extended,60,static,0.40128538,0.38902837
2017-11-03,extended,60,static,0.21144944,0.36803955
2017-11-06,extended,60,static,0.17564416,0.31423426
2017-11-07,extended,60,static,0.28854704,0.4047386
2017-11-08,extended,60,static,0.23774716,0.37758923
2017-11-09,extended,60,static,0.526065,0.4985487
2017-11-10,extended,60,static,0.26222998,0.37291932
2017-11-13,extended,60,static,0.21883929,0.3939978
2017-11-14,extended,60,static,0.43903223,0.46480966
2017-11-15,extended,60,static,0.47249782,0.5190747
2017-11-16,extended,60,static,0.2837501,0.46458364
2017-11-17,extended,60,static,0.23335797,0.35542643
2017-11-20,extended,60,static,0.21441275,0.40797248
2017-11-21,extended,60,static,0.21939652,0.39228475
2017-11-22,extended,60,static,0.16789111,0.42296362
2017-11-24,extended,60,static,0.11036572,0.3365682
2017-11-27,extended,60,static,0.2159171,0.32769305
2017-11-28,extended,60,static,0.3324013,0.4831379
2017-11-29,extended,60,static,0.40184885,0.40103245
2017-11-30,extended,60,static,0.5227156,0.47959942
2017-12-01,extended,60,static,0.9422593,0.8770906
2017-12-04,extended,60,static,0.47601593,0.59613186
2017-12-05,extended,60,static,0.40449536,0.54435843
2017-12-06,extended,60,static,0.36108318,0.5421739
2017-12-07,extended,60,static,0.29853413,0.51963496
2017-12-08,extended,60,static,0.2675435,0.3250304
2017-12-11,extended,60,static,0.25072107,0.30338058
2017-12-12,extended,60,static,0.25566772,0.38619483
2017-12-13,extended,60,static,0.34856224,0.3785082
2017-12-14,extended,60,static,0.34134772,0.4453264
2017-12-15,extended,60,static,0.35419786,0.43929517
2017-12-18,extended,60,static,0.29062662,0.31013733
2017-12-19,extended,60,static,0.29153484,0.4000367
2017-12-20,extended,60,static,0.36737746,0.4649474
2017-12-21,extended,60,static,0.2833372,0.38061106
2017-12-22,extended,60,static,0.20979938,0.33930752
2017-12-26,extended,60,static,0.17409478,0.36520433
2017-12-27,extended,60,static,0.16462064,0.35225108
2017-12-28,extended,60,static,0.12651087,0.3204007
2017-12-29,extended,60,static,0.25891256,0.43179494
2018-01-02,extended,60,static,0.25719547,0.37176538
2018-01-03,extended,60,static,0.23913333,0.40325916
2018-01-04,extended,60,static,0.27034327,0.39406824
2018-01-05,extended,60,static,0.28086627,0.38732922
2018-01-08,extended,60,static,0.24695022,0.3603706
2018-01-09,extended,60,static,0.32538438,0.32157257
2018-01-10,extended,60,static,0.34158424,0.43264318
2018-01-11,extended,60,static,0.2641452,0.3685036
2018-01-12,extended,60,static,0.32101947,0.397164
2018-01-16,extended,60,static,0.5631255,0.74512315
2018-01-17,extended,60,static,0.41801283,0.49285257
2018-01-18,extended,60,static,0.4627396,0.40828294
2018-01-19,extended,60,static,0.35955313,0.39039117
2018-01-22,extended,60,static,0.35159302,0.45115656
2018-01-23,extended,60,static,0.32428712,0.3656658
2018-01-24,extended,60,static,0.6133342,0.63620555
2018-01-25,extended,60,static,0.5513341,0.47941804
2018-01-26,extended,60,static,0.3016971,0.45884937
2018-01-29,extended,60,static,0.47275123,0.47163475
2018-01-30,extended,60,static,0.5910142,0.5544968
2018-01-31,extended,60,static,0.57198584,0.68405664
2018-02-01,extended,60,static,0.578092,0.6695098
2018-02-02,extended,60,static,0.83759016,0.89514035
2018-02-05,extended,60,static,2.1334946,1.5473307
2018-02-06,extended,60,static,2.57917,1.91917
2018-02-07,extended,60,static,1.4043378,1.6014194
2018-02-08,extended,60,static,1.9079525,1.6416155
2018-02-09,extended,60,static,2.5284789,1.9990808
2018-02-12,extended,60,static,1.2879539,1.2087436
2018-02-13,extended,60,static,0.8434238,0.8992149
2018-02-14,extended,60,static,0.99494874,1.0947964
2018-02-15,extended,60,static,0.85762036,0.88919556
2018-02-16,extended,60,static,0.8491882,0.7960496
2018-02-20,extended,60,static,0.760702,0.775291
2018-02-21,extended,60,static,0.87965596,0.9576433
2018-02-22,extended,60,static,0.98245054,0.8053085
2018-02-23,extended,60,static,0.6561958,0.70478785
2018-02-26,extended,60,static,0.55855775,0.5786464
2018-02-27,extended,60,static,0.8954676,0.86279917
2018-02-28,extended,60,static,0.8766346,0.93654704
2018-03-01,extended,60,static,1.5348746,1.1546054
2018-03-02,extended,60,static,1.0910013,1.0632766
2018-03-05,extended,60,static,0.7670684,0.9497242
2018-03-06,extended,60,static,0.67816013,0.6575082
2018-03-07,extended,60,static,0.68535495,0.7053561
2018-03-08,extended,60,static,0.65897363,0.6694232
2018-03-09,extended,60,static,0.37841392,0.6240229
2018-03-12,extended,60,static,0.53291535,0.40566194
2018-03-13,extended,60,static,0.7008095,0.6974341
2018-03-14,extended,60,static,0.8121773,0.6349749
2018-03-15,extended,60,static,0.5429507,0.64819986
2018-03-16,extended,60,static,0.43193814,0.4469849
2018-03-19,extended,60,static,0.79543597,0.8429924
2018-03-20,extended,60,static,0.57961816,0.5656535
2018-03-21,extended,60,static,0.7872107,0.7207958
2018-03-22,extended,60,static,1.0711269,0.98093086
2018-03-23,extended,60,static,1.2426462,1.3517085
2018-03-26,extended,60,static,1.1403674,1.1950042
2018-03-27,extended,60,static,1.3287451,1.2313675
2018-03-28,extended,60,static,1.6397233,1.1324422
2018-03-29,extended,60,static,0.98090833,0.96730435
2018-04-02,extended,60,static,1.3223577,1.2856958
2018-04-03,extended,60,static,1.3373339,0.87797904
2018-04-04,extended,60,static,1.1438495,1.289636
2018-04-05,extended,60,static,0.9285607,0.7123339
2018-04-06,extended,60,static,1.1584303,1.1199428
2018-04-09,extended,60,static,0.8719894,0.9742823
2018-04-10,extended,60,static,1.0520451,0.7511233
2018-04-11,extended,60,static,0.86806107,0.7704471
2018-04-12,extended,60,static,0.7068662,0.68715304
2018-04-13,extended,60,static,0.78899884,0.77343345
2018-04-16,extended,60,static,0.56407565,0.5626117
2018-04-17,extended,60,static,0.4062032,0.5471275
2018-04-18,extended,60,static,0.47526693,0.4729008
2018-04-19,extended,60,static,0.6005024,0.5823391
2018-04-20,extended,60,static,0.7222591,0.6816907
2018-04-23,extended,60,static,0.6041502,0.62617993
2018-04-24,extended,60,static,1.1863954,1.0154935
2018-04-25,extended,60,static,1.0028121,0.80463725
2018-04-26,extended,60,static,0.6151542,0.7475983
2018-04-27,extended,60,static,0.5787579,0.56024665
2018-04-30,extended,60,static,0.6815625,0.71415055
2018-05-01,extended,60,static,0.68900275,0.7492378
2018-05-02,extended,60,static,0.69195116,0.7147701
2018-05-03,extended,60,static,1.0050013,0.9190096
2018-05-04,extended,60,static,0.66810656,0.9418292
2018-05-07,extended,60,static,0.52447784,0.48663616
2018-05-08,extended,60,static,0.67264074,0.56785387
2018-05-09,extended,60,static,0.54460335,0.5990075
2018-05-10,extended,60,static,0.44842497,0.5415723
2018-05-11,extended,60,static,0.4540644,0.43262422
2018-05-14,extended,60,static,0.43788758,0.40822828
2018-05-15,extended,60,static,0.62762845,0.5168813
2018-05-16,extended,60,static,0.40248987,0.48949718
2018-05-17,extended,60,static,0.44504035,0.5080114
2018-05-18,extended,60,static,0.46123347,0.4371671
2018-05-21,extended,60,static,0.5162334,0.4385214
2018-05-22,extended,60,static,0.37705407,0.47944134
2018-05-23,extended,60,static,0.5340638,0.52160084
2018-05-24,extended,60,static,0.5723244,0.5700504
2018-05-25,extended,60,static,0.4024551,0.5523486
2018-05-29,extended,60,static,0.7598915,0.737347
2018-05-30,extended,60,static,0.46071026,0.62940866
2018-05-31,extended,60,static,0.63269466,0.5884888
2018-06-01,extended,60,static,0.44826815,0.47963798
2018-06-04,extended,60,static,0.3107288,0.4216761
2018-06-05,extended,60,static,0.40157136,0.43941134
2018-06-06,extended,60,static,0.38857004,0.48720223
2018-06-07,extended,60,static,0.54338586,0.48029107
2018-06-08,extended,60,static,0.3615654,0.41554773
2018-06-11,extended,60,static,0.2741956,0.41816002
2018-06-12,extended,60,static,0.29102886,0.39382666
2018-06-13,extended,60,static,0.41145262,0.47269875
2018-06-14,extended,60,static,0.33484274,0.5827683
2018-06-15,extended,60,static,0.50510544,0.5408355
2018-06-18,extended,60,static,0.45607635,0.5206389
2018-06-19,extended,60,static,0.4644146,0.57056284
2018-06-20,extended,60,static,0.2830361,0.48226017
2018-06-21,extended,60,static,0.5510257,0.5358485
2018-06-22,extended,60,static,0.3907091,0.4645089
2018-06-25,extended,60,static,0.90794116,0.73158944
2018-06-26,extended,60,static,0.53841484,0.51742136
2018-06-27,extended,60,static,0.86154354,0.84030235
2018-06-28,extended,60,static,0.7607878,0.7145626
2018-06-29,extended,60,static,0.49756324,0.7223908
2018-07-02,extended,60,static,0.62224627,0.72507584
2018-07-03,extended,60,static,0.37678552,0.77507466
2018-07-05,extended,60,static,0.5331748,0.5462461
2018-07-06,extended,60,static,0.47719353,0.62788886
2018-07-09,extended,60,static,0.33211043,0.4527679
2018-07-10,extended,60,static,0.3378377,0.41111797
2018-07-11,extended,60,static,0.44071195,0.6677735
2018-07-12,extended,60,static,0.4066296,0.4751588
2018-07-13,extended,60,static,0.30671635,0.4092058
2018-07-16,extended,60,static,0.30701137,0.38495404
2018-07-17,extended,60,static,0.3502095,0.54279226
2018-07-18,extended,60,static,0.24477342,0.42556375
2018-07-19,extended,60,static,0.3923393,0.41736853
2018-07-20,extended,60,static,0.30862412,0.4260561
2018-07-24,extended,60,static,0.45985803,0.4351036
2018-07-25,extended,60,static,0.46678847,0.53484595
2018-07-26,extended,60,static,0.34546074,0.4404658
2018-07-27,extended,60,static,0.5538758,0.65043193
2018-07-30,extended,60,static,0.510169,0.5300543
2018-07-31,extended,60,static,0.43861365,0.48363292
2018-08-01,extended,60,static,0.3444201,0.5798866
2018-08-02,extended,60,static,0.37689298,0.62820613
2018-08-03,extended,60,static,0.30071822,0.42078263
2018-08-06,extended,60,static,0.2628695,0.39817604
2018-08-07,extended,60,static,0.2995877,0.37733674
2018-08-08,extended,60,static,0.27616307,0.41047326
2018-08-09,extended,60,static,0.27439108,0.41637552
2018-08-10,extended,60,static,0.47827658,0.51969135
2018-08-13,extended,60,static,0.5069188,0.57592624
2018-08-14,extended,60,static,0.4217271,0.53459895
2018-08-15,extended,60,static,0.6703356,0.60537034
2018-08-16,extended,60,static,0.40460682,0.5113499
2018-08-17,extended,60,static,0.41838735,0.52220243
2018-08-20,extended,60,static,0.28990716,0.42431873
2018-08-21,extended,60,static,0.29925922,0.44383508
2018-08-22,extended,60,static,0.3138016,0.45955932
2018-08-23,extended,60,static,0.35846165,0.46363032
2018-08-24,extended,60,static,0.29628715,0.48059034
2018-08-27,extended,60,static,0.29306993,0.42242062
2018-08-28,extended,60,static,0.3056651,0.40285075
2018-08-29,extended,60,static,0.25944954,0.4375183
2018-08-30,extended,60,static,0.44833794,0.4484654
2018-08-31,extended,60,static,0.38591444,0.41291165
2018-09-04,extended,60,static,0.48069385,0.4300387
2018-09-05,extended,60,static,0.59206116,0.5342568
2018-09-06,extended,60,static,0.5906903,0.6190839
2018-09-07,extended,60,static,0.6175907,0.536266
2018-09-10,extended,60,static,0.320564,0.43191326
2018-09-11,extended,60,static,0.38368094,0.5940757
2018-09-12,extended,60,static,0.49884433,0.50926745
2018-09-13,extended,60,static,0.35673806,0.43024784
2018-09-14,extended,60,static,0.35717893,0.41170943
2018-09-17,extended,60,static,0.29021525,0.42878538
2018-09-18,extended,60,static,0.37742603,0.4312991
2018-09-19,extended,60,static,0.32610697,0.4070272
2018-09-20,extended,60,static,0.28829974,0.386463
2018-09-21,extended,60,static,0.26033905,0.37328553
2018-09-24,extended,60,static,0.33471453,0.33581576
2018-09-25,extended,60,static,0.28322122,0.3701753
2018-09-26,extended,60,static,0.48724553,0.58198524
2018-09-27,extended,60,static,0.3121516,0.5520139
2018-09-28,extended,60,static,0.34141544,0.4145916
2018-10-01,extended,60,static,0.35244173,0.384228
2018-10-02,extended,60,static,0.39735577,0.39529258
2018-10-03,extended,60,static,0.40135336,0.45975643
2018-10-04,extended,60,static,0.664307,0.6439144
2018-10-05,extended,60,static,0.6507703,0.8083785
2018-10-08,extended,60,static,0.66267294,0.62020516
2018-10-09,extended,60,static,0.6490384,0.6132949
2018-10-10,extended,60,static,1.2177911,1.1613748
2018-10-11,extended,60,static,1.9543244,1.4461956
2018-10-12,extended,60,static,1.407621,1.3045702
2018-10-15,extended,60,static,0.8860246,0.8730859
2018-10-16,extended,60,static,0.67992,0.9212788
2018-10-17,extended,60,static,1.0294368,0.9756469
2018-10-18,extended,60,static,1.1210793,0.9344533
2018-10-19,extended,60,static,0.93846554,0.94726956
2018-10-22,extended,60,static,0.94134355,0.78138566
2018-10-23,extended,60,static,1.1342305,1.2727374
2018-10-24,extended,60,static,1.3328379,1.5829207
2018-10-25,extended,60,static,1.0052441,1.0694759
2018-10-26,extended,60,static,1.7948383,1.3715986
2018-10-29,extended,60,static,1.7380347,1.9933538
2018-10-30,extended,60,static,1.5392501,1.1420119
2018-10-31,extended,60,static,0.90927184,0.8267781
2018-11-01,extended,60,static,0.832247,0.8844083
2018-11-02,extended,60,static,1.2750683,1.1896646
2018-11-05,extended,60,static,0.5938045,0.6737965
2018-11-06,extended,60,static,0.60826856,0.6490366
2018-11-07,extended,60,static,0.63887936,0.7055806
2018-11-08,extended,60,static,0.66809964,0.771899
2018-11-09,extended,60,static,0.7428415,0.6703503
2018-11-12,extended,60,static,0.9620618,0.9723034
2018-11-13,extended,60,static,1.2956188,0.9237976
2018-11-14,extended,60,static,1.1310673,1.2154458
2018-11-15,extended,60,static,1.3653269,1.3232027
2018-11-16,extended,60,static,0.90452963,0.8708761
2018-11-19,extended,60,static,1.0724597,0.9206039
2018-11-20,extended,60,static,1.3623072,1.192842
2018-11-21,extended,60,static,0.610116,0.8734009
2018-11-23,extended,60,static,0.509249,0.9171381
2018-11-26,extended,60,static,0.73741895,0.65885276
2018-11-27,extended,60,static,0.7982913,0.6690208
2018-11-28,extended,60,static,0.9434499,0.8213393
2018-11-29,extended,60,static,0.67562723,0.71798927
2018-11-30,extended,60,static,0.5261072,0.70360106
2018-12-03,extended,60,static,0.8151037,0.6879819
2018-12-04,extended,60,static,1.17999,1.0677509
2018-12-06,extended,60,static,1.5504341,1.5239846
2018-12-07,extended,60,static,1.5898981,1.4081402
2018-12-10,extended,60,static,1.7373624,1.6733637
2018-12-11,extended,60,static,1.2821363,1.3156468
2018-12-12,extended,60,static,0.9634396,1.0644552
2018-12-13,extended,60,static,1.0447652,0.97769284
2018-12-14,extended,60,static,1.0472836,1.0409492
2018-12-17,extended,60,static,1.2297033,1.4707416
2018-12-18,extended,60,static,1.2986133,1.3272759
2018-12-19,extended,60,static,2.5571506,1.8564289
2018-12-20,extended,60,static,2.004698,1.8175526
2018-12-21,extended,60,static,1.8774447,2.1522431
2018-12-24,extended,60,static,1.503497,1.7727208
2018-12-26,extended,60,static,2.044049,1.8475158
2018-12-27,extended,60,static,2.1549852,1.8657914
2018-12-28,extended,60,static,1.4510945,1.4457427
2018-12-31,extended,60,static,1.1217207,1.0033375
2019-01-02,extended,60,static,1.2916089,1.3129449
2019-01-03,extended,60,static,1.6084507,1.3781086
2019-01-04,extended,60,static,1.2826867,1.1846305
2019-01-07,extended,60,static,0.8961574,1.059075
2019-01-08,extended,60,static,1.0259848,0.81083655
2019-01-09,extended,60,static,0.88327736,0.8768551
2019-01-10,extended,60,static,0.8057568,0.9017407
2019-01-11,extended,60,static,0.5889307,0.64893913
2019-01-14,extended,60,static,0.63999677,0.5749354
2019-01-15,extended,60,static,0.730756,0.7189517
2019-01-16,extended,60,static,0.5263264,0.603942
2019-01-17,extended,60,static,0.7677084,0.75166154
2019-01-18,extended,60,static,0.6335943,0.618701
2019-01-22,extended,60,static,0.93704396,0.90344864
2019-01-23,extended,60,static,0.81198853,0.85221636
2019-01-24,extended,60,static,0.57189655,0.6317487
2019-01-25,extended,60,static,0.4743837,0.5258428
2019-01-28,extended,60,static,0.7882829,0.6719546
2019-01-29,extended,60,static,0.60521954,0.60896975
2019-01-30,extended,60,static,0.8665881,0.7512681
2019-01-31,extended,60,static,0.6442116,0.6750104
2019-02-01,extended,60,static,0.6480257,0.54763746
2019-02-04,extended,60,static,0.50074315,0.58491945
2019-02-05,extended,60,static,0.42103773,0.5047378
2019-02-06,extended,60,static,0.45855734,0.48895764
2019-02-07,extended,60,static,0.8123491,0.73983
2019-02-08,extended,60,static,0.5737097,0.63407505
2019-02-11,extended,60,static,0.5052937,0.6059462
2019-02-12,extended,60,static,0.4535485,0.55376565
2019-02-13,extended,60,static,0.44447577,0.48533
2019-02-14,extended,60,static,0.66549194,0.6009317
2019-02-15,extended,60,static,0.4551266,0.44290066
2019-02-19,extended,60,static,0.34569603,0.5736523
2019-02-20,extended,60,static,0.50145215,0.49653786
2019-02-21,extended,60,static,0.47668287,0.48703873
2019-02-22,extended,60,static,0.38043973,0.46508282
2019-02-25,extended,60,static,0.39038387,0.48346937
2019-02-26,extended,60,static,0.5142023,0.4786085
2019-02-27,extended,60,static,0.47998968,0.53937924
2019-02-28,extended,60,static,0.3938471,0.47823024
2019-03-01,extended,60,static,0.4912823,0.58030915
2019-03-04,extended,60,static,0.7707261,0.85345876
2019-03-05,extended,60,static,0.49229854,0.4917853
2019-03-06,extended,60,static,0.5115445,0.5876985
2019-03-07,extended,60,static,0.6930191,0.728771
2019-03-08,extended,60,static,0.7230079,0.6241568
2019-03-11,extended,60,static,0.43548155,0.7196558
2019-03-12,extended,60,static,0.46117103,0.46616864
2019-03-13,extended,60,static,0.42001438,0.5116668
2019-03-14,extended,60,static,0.36421308,0.4763574
2019-03-15,extended,60,static,0.42215744,0.46644956
2019-03-18,extended,60,static,0.4234672,0.40459192
2019-03-19,extended,60,static,0.70058376,0.5559433
2019-03-20,extended,60,static,0.7935641,0.6404207
2019-03-21,extended,60,static,0.5187143,0.85007536
2019-03-22,extended,60,static,0.93281454,0.762146
2019-03-25,extended,60,static,0.8673984,0.61658823
2019-03-26,extended,60,static,0.6736325,0.7069799
2019-03-27,extended,60,static,0.7458824,0.7606313
2019-03-28,extended,60,static,0.5232804,0.67498255
2019-03-29,extended,60,static,0.48601383,0.51523644
2019-04-01,extended,60,static,0.44750884,0.47476482
2019-04-02,extended,60,static,0.36200863,0.46756077
2019-04-03,extended,60,static,0.41066626,0.49902046
2019-04-04,extended,60,static,0.44446576,0.4435308
2019-04-05,extended,60,static,0.3059298,0.4275264
2019-04-08,extended,60,static,0.31612223,0.44508934
2019-04-09,extended,60,static,0.4739427,0.4725452
2019-04-10,extended,60,static,0.31667304,0.4593472
2019-04-11,extended,60,static,0.35377553,0.44375032
2019-04-12,extended,60,static,0.34376565,0.4261052
2019-04-15,extended,60,static,0.26486588,0.43375486
2019-04-16,extended,60,static,0.32444918,0.40895528
2019-04-17,extended,60,static,0.41599676,0.54535323
2019-04-18,extended,60,static,0.3621874,0.4787197
2019-04-22,extended,60,static,0.25911576,0.43844563
2019-04-23,extended,60,static,0.3684595,0.52928144
2019-04-24,extended,60,static,0.32863712,0.5153983
2019-04-25,extended,60,static,0.53873265,0.48616475
2019-04-26,extended,60,static,0.39334804,0.49023998
2019-04-29,extended,60,static,0.23422383,0.37800607
2019-04-30,extended,60,static,0.4191312,0.5149504
2019-05-01,extended,60,static,0.5829195,0.59276474
2019-05-02,extended,60,static,0.66348076,0.68892384
2019-05-03,extended,60,static,0.35492235,0.49186176
2019-05-06,extended,60,static,0.519212,0.80277765
2019-05-07,extended,60,static,1.015972,0.7425757
2019-05-08,extended,60,static,0.6873363,0.6539566
2019-05-09,extended,60,static,1.0024401,0.9106752
2019-05-10,extended,60,static,1.0317684,1.21782
2019-05-13,extended,60,static,0.9969347,0.879564
2019-05-14,extended,60,static,0.72523475,0.73704726
2019-05-15,extended,60,static,0.7129424,0.8899132
2019-05-16,extended,60,static,0.54267865,0.70659465
2019-05-17,extended,60,static,0.7289981,0.7531368
2019-05-20,extended,60,static,0.6784614,0.5611927
2019-05-21,extended,60,static,0.415755,0.4799145
2019-05-22,extended,60,static,0.44107497,0.55305135
2019-05-23,extended,60,static,0.77697974,0.756199
2019-05-24,extended,60,static,0.52783793,0.5771209
2019-05-28,extended,60,static,0.538577,0.79795617
2019-05-29,extended,60,static,0.84174484,0.69878
2019-05-30,extended,60,static,0.5976587,0.72023946
2019-05-31,extended,60,static,0.67879814,0.7769053
2019-06-03,extended,60,static,0.96599436,1.0177941
2019-06-04,extended,60,static,0.65408516,0.7281228
2019-06-05,extended,60,static,0.6356116,0.7402767
2019-06-06,extended,60,static,0.60261893,0.67050636
2019-06-07,extended,60,static,0.585112,0.6894301
2019-06-10,extended,60,static,0.54306006,0.5491108
2019-06-11,extended,60,static,0.5907643,0.69573414
2019-06-12,extended,60,static,0.42591473,0.6049139
2019-06-13,extended,60,static,0.51799214,0.466942
2019-06-14,extended,60,static,0.43729764,0.5373859
2019-06-17,extended,60,static,0.27199733,0.43917137
2019-06-18,extended,60,static,0.6067126,0.5346362
2019-06-19,extended,60,static,0.5666375,0.5431594
2019-06-20,extended,60,static,0.52097017,0.6551715
2019-06-21,extended,60,static,0.41476467,0.4978003
2019-06-25,extended,60,static,0.53605384,0.5851634
2019-06-26,extended,60,static,0.45854813,0.5410746
2019-06-27,extended,60,static,0.36200416,0.44937116
2019-06-28,extended,60,static,0.31533444,0.44389135
2019-07-01,extended,60,static,0.49275002,0.5669644
2019-07-02,extended,60,static,0.48454106,0.5269636
2019-07-03,extended,60,static,0.21672672,0.46268058
2019-07-05,extended,60,static,0.46708447,0.57428247
2019-07-08,extended,60,static,0.37689027,0.44396257
2019-07-09,extended,60,static,0.27294225,0.5148334
2019-07-10,extended,60,static,0.4559697,0.53861135
2019-07-11,extended,60,static,0.3169631,0.45229983
2019-07-12,extended,60,static,0.22721192,0.40687138
2019-07-15,extended,60,static,0.27931854,0.44398004
2019-07-16,extended,60,static,0.33484223,0.57221675
2019-07-17,extended,60,static,0.38507593,0.5508065
2019-07-18,extended,60,static,0.39525008,0.59616834
2019-07-19,extended,60,static,0.50121135,0.6391909
2019-07-22,extended,60,static,0.4025482,0.43707556
2019-07-23,extended,60,static,0.37862617,0.4958977
2019-07-24,extended,60,static,0.2958664,0.54474646
2019-07-25,extended,60,static,0.48138186,0.4885053
2019-07-26,extended,60,static,0.24684747,0.5122193
2019-07-29,extended,60,static,0.27916336,0.44160694
2019-07-30,extended,60,static,0.41136706,0.5348146
2019-07-31,extended,60,static,0.8570504,0.82205296
2019-08-01,extended,60,static,1.413018,1.2352206
2019-08-02,extended,60,static,0.8658583,0.87963235
2019-08-05,extended,60,static,1.2163235,1.3005136
2019-08-06,extended,60,static,1.0095519,1.0182173
2019-08-07,extended,60,static,1.3404863,1.5012258
2019-08-08,extended,60,static,0.6005271,0.7858525
2019-08-09,extended,60,static,0.8878992,0.84206694
2019-08-12,extended,60,static,0.72299427,0.7752963
2019-08-13,extended,60,static,1.4477358,0.98968077
2019-08-14,extended,60,static,1.1394889,1.13241
2019-08-15,extended,60,static,0.97321457,0.93092155
2019-08-16,extended,60,static,0.68545794,0.7423701
2019-08-19,extended,60,static,0.47247893,0.5348456
2019-08-20,extended,60,static,0.5818361,0.67315197
2019-08-21,extended,60,static,0.36497563,0.49877077
2019-08-22,extended,60,static,0.7187853,0.7045123
2019-08-23,extended,60,static,1.5231749,1.2114908
2019-08-26,extended,60,static,0.7526459,0.7550875
2019-08-27,extended,60,static,0.7449224,1.0598478
2019-08-28,extended,60,static,0.6243859,0.76881886
2019-08-29,extended,60,static,0.65441364,0.6469048
2019-08-30,extended,60,static,0.56218755,0.78935367
2019-09-03,extended,60,static,0.78602874,0.60256475
2019-09-04,extended,60,static,0.3558061,0.5353922
2019-09-05,extended,60,static,0.46335065,0.50815564
2019-09-06,extended,60,static,0.39113587,0.38460773
2019-09-09,extended,60,static,0.36566535,0.4493305
2019-09-10,extended,60,static,0.62653464,0.4955718
2019-09-11,extended,60,static,0.38890582,0.599199
2019-09-12,extended,60,static,0.5744845,0.46459997
2019-09-13,extended,60,static,0.38585904,0.43365037
2019-09-16,extended,60,static,0.37983516,0.4165336
2019-09-17,extended,60,static,0.31243888,0.5331859
2019-09-18,extended,60,static,0.59479177,0.62692493
2019-09-19,extended,60,static,0.4269109,0.5732249
2019-09-20,extended,60,static,0.76599157,0.6715817
2019-09-23,extended,60,static,0.37500808,0.5215276
2019-09-24,extended,60,static,0.96183157,0.90704584
2019-09-25,extended,60,static,0.49840924,0.83248997
2019-09-26,extended,60,static,0.62600714,0.67815834
2019-09-27,extended,60,static,0.8431996,0.8363111
2019-09-30,extended,60,static,0.39300886,0.59325445
2019-10-01,extended,60,static,0.82772815,0.8755869
2019-10-02,extended,60,static,0.8557239,0.97389495
2019-10-03,extended,60,static,1.1748741,0.98508537
2019-10-04,extended,60,static,0.49482566,0.7374092
2019-10-07,extended,60,static,0.6225671,0.6571955
2019-10-08,extended,60,static,0.84250855,0.75582147
2019-10-09,extended,60,static,0.6158033,0.64188576
2019-10-10,extended,60,static,0.7101426,0.6964902
2019-10-11,extended,60,static,0.700886,0.6107542
2019-10-14,extended,60,static,0.396464,0.514448
2019-10-15,extended,60,static,0.40729916,0.568078
2019-10-16,extended,60,static,0.33448914,0.5221388
2019-10-17,extended,60,static,0.42123458,0.48582762
2019-10-18,extended,60,static,0.49201992,0.5504017
2019-10-21,extended,60,static,0.28220996,0.48102576
2019-10-22,extended,60,static,0.3873415,0.49190772
2019-10-23,extended,60,static,0.3241593,0.46798384
2019-10-24,extended,60,static,0.39532715,0.486744
2019-10-25,extended,60,static,0.3670015,0.5172346
2019-10-28,extended,60,static,0.34164682,0.40908906
2019-10-29,extended,60,static,0.3534293,0.4287178
2019-10-30,extended,60,static,0.4209127,0.49269444
2019-10-31,extended,60,static,0.58050346,0.60125214
2019-11-01,extended,60,static,0.33467627,0.40419137
2019-11-04,extended,60,static,0.30109015,0.387809
2019-11-05,extended,60,static,0.3071445,0.41605246
2019-11-06,extended,60,static,0.36966428,0.4475519
2019-11-07,extended,60,static,0.45629695,0.45679468
2019-11-08,extended,60,static,0.3335788,0.4496674
2019-11-11,extended,60,static,0.20900644,0.46287882
2019-11-12,extended,60,static,0.33374357,0.42670357
2019-11-13,extended,60,static,0.39428484,0.46499908
2019-11-14,extended,60,static,0.31895727,0.44720262
2019-11-15,extended,60,static,0.25014853,0.37410647
2019-11-19,extended,60,static,0.34028348,0.490658
2019-11-20,extended,60,static,0.530192,0.51045495
2019-11-21,extended,60,static,0.43375245,0.4350466
2019-11-22,extended,60,static,0.30828884,0.4593261
2019-11-25,extended,60,static,0.28988016,0.44356662
2019-11-26,extended,60,static,0.24163394,0.41403586
2019-11-27,extended,60,static,0.17377497,0.43082517
2019-11-29,extended,60,static,0.20161061,0.5033222
2019-12-02,extended,60,static,0.6143428,0.550449
2019-12-03,extended,60,static,0.6685485,0.555891
2019-12-04,extended,60,static,0.3678156,0.55055237
2019-12-05,extended,60,static,0.4083799,0.52271885
2019-12-06,extended,60,static,0.31428805,0.43964493
2019-12-09,extended,60,static,0.2446123,0.47057593
2019-12-10,extended,60,static,0.45085213,0.43880868
2019-12-11,extended,60,static,0.28965053,0.46403635
2019-12-12,extended,60,static,0.90730995,0.5307415
2019-12-13,extended,60,static,0.67179954,0.57948226
2019-12-17,extended,60,static,0.23530492,0.34354073
2019-12-18,extended,60,static,0.27269506,0.39438084
2019-12-19,extended,60,static,0.27776897,0.43142283
2019-12-20,extended,60,static,0.21704257,0.40550935
2019-12-23,extended,60,static,0.14169253,0.40769726
2019-12-24,extended,60,static,0.14038545,0.40585846
2019-12-26,extended,60,static,0.20108193,0.36949837
2019-12-27,extended,60,static,0.283703,0.4365313
2019-12-30,extended,60,static,0.4683421,0.4533646
2019-12-31,extended,60,static,0.31708115,0.46524984
2014-01-08,extended,60,expanding,0.5049092173576355,0.3911626935005188
2014-01-09,extended,60,expanding,0.4479202330112457,0.42398279905319214
2014-01-10,extended,60,expanding,0.41781142354011536,0.36138880252838135
2014-01-13,extended,60,expanding,0.47251757979393005,0.5637680292129517
2014-01-14,extended,60,expanding,0.49484261870384216,0.39403098821640015
2014-01-15,extended,60,expanding,0.3897959887981415,0.42767298221588135
2014-01-16,extended,60,expanding,0.37196460366249084,0.3152346611022949
2014-01-17,extended,60,expanding,0.3625944256782532,0.3757002055644989
2014-01-21,extended,60,expanding,0.6656816005706787,0.38544929027557373
2014-01-22,extended,60,expanding,0.31373873353004456,0.29944515228271484
2014-01-23,extended,60,expanding,0.7124331593513489,0.6161454916000366
2014-01-24,extended,60,expanding,0.9068204164505005,0.8517798781394958
2014-01-27,extended,60,expanding,0.8113361597061157,0.8743458390235901
2014-01-28,extended,60,expanding,0.5316144824028015,0.6655761003494263
2014-01-29,extended,60,expanding,1.042181134223938,0.715721845626831
2014-01-30,extended,60,expanding,0.7801462411880493,0.8658271431922913
2014-01-31,extended,60,expanding,1.1046422719955444,0.796039342880249
2014-02-03,extended,60,expanding,0.9668377041816711,1.0556585788726807
2014-02-04,extended,60,expanding,0.8199449777603149,0.7065446972846985
2014-02-05,extended,60,expanding,0.9269459247589111,0.9864295721054077
2014-02-06,extended,60,expanding,0.5575153231620789,0.7471156716346741
2014-02-07,extended,60,expanding,0.6537466645240784,0.6891482472419739
2014-02-10,extended,60,expanding,0.3124818205833435,0.4288056492805481
2014-02-11,extended,60,expanding,0.41629141569137573,0.6040294766426086
2014-02-12,extended,60,expanding,0.4583132266998291,0.42684686183929443
2014-02-13,extended,60,expanding,0.4926544427871704,0.5400967597961426
2014-02-14,extended,60,expanding,0.38318943977355957,0.4930263161659241
2014-02-18,extended,60,expanding,0.35371309518814087,0.3502810001373291
2014-02-19,extended,60,expanding,0.5443900227546692,0.5343794226646423
2014-02-20,extended,60,expanding,0.5126307606697083,0.5427621603012085
2014-02-21,extended,60,expanding,0.41156575083732605,0.4625650644302368
2014-02-24,extended,60,expanding,0.5828454494476318,0.6487904191017151
2014-02-25,extended,60,expanding,0.5681315660476685,0.5189960598945618
2014-02-26,extended,60,expanding,0.5470898151397705,0.47910094261169434
2014-02-27,extended,60,expanding,0.5245111584663391,0.46843206882476807
2014-02-28,extended,60,expanding,0.6110895872116089,0.5522906184196472
2014-03-03,extended,60,expanding,0.9133793711662292,0.6766626834869385
2014-03-04,extended,60,expanding,0.967548131942749,0.6861366033554077
2014-03-05,extended,60,expanding,0.4153722822666168,0.44261234998703003
2014-03-06,extended,60,expanding,0.4040771722793579,0.3936918377876282
2014-03-07,extended,60,expanding,0.5546953678131104,0.4981157183647156
2014-03-10,extended,60,expanding,0.4751482903957367,0.46769773960113525
2014-03-11,extended,60,expanding,0.5007032155990601,0.5846341848373413
2014-03-12,extended,60,expanding,0.6769493818283081,0.5093804001808167
2014-03-13,extended,60,expanding,0.7307912707328796,0.8353138566017151
2014-03-14,extended,60,expanding,0.6815503835678101,0.5566236972808838
2014-03-17,extended,60,expanding,0.7476082444190979,0.6679653525352478
2014-03-18,extended,60,expanding,0.48231756687164307,0.5140466094017029
2014-03-19,extended,60,expanding,0.75743567943573,0.7752713561058044
2014-03-20,extended,60,expanding,0.5430734157562256,0.635131299495697
2014-03-21,extended,60,expanding,0.7111092805862427,0.6476042866706848
2014-03-24,extended,60,expanding,0.6954413056373596,0.7314264178276062
2014-03-25,extended,60,expanding,0.7636263966560364,0.5489130020141602
2014-03-26,extended,60,expanding,0.644809365272522,0.6886064410209656
2014-03-27,extended,60,expanding,0.7987460494041443,0.558910608291626
2014-03-28,extended,60,expanding,0.6167684197425842,0.6213585138320923
2014-03-31,extended,60,expanding,0.7062607407569885,0.5496739149093628
2014-04-01,extended,60,expanding,0.4763795733451843,0.47793370485305786
2014-04-02,extended,60,expanding,0.37295156717300415,0.42913520336151123
2014-04-03,extended,60,expanding,0.38243916630744934,0.4578861594200134
2014-04-04,extended,60,expanding,0.7753196358680725,0.7703468799591064
2014-04-07,extended,60,expanding,0.7329880595207214,0.6619486808776855
2014-04-08,extended,60,expanding,0.626038670539856,0.619095504283905
2014-04-09,extended,60,expanding,0.5471668243408203,0.5982587337493896
2014-04-10,extended,60,expanding,0.8312494158744812,1.0150294303894043
2014-04-11,extended,60,expanding,1.0073606967926025,0.7394499778747559
2014-04-14,extended,60,expanding,0.8529536128044128,0.6798627376556396
2014-04-15,extended,60,expanding,0.9179202318191528,0.8005787134170532
2014-04-16,extended,60,expanding,0.6859830617904663,0.6156765222549438
2014-04-17,extended,60,expanding,0.47364476323127747,0.5253393650054932
2014-04-21,extended,60,expanding,0.341621994972229,0.4071265161037445
2014-04-22,extended,60,expanding,0.3280882239341736,0.40467891097068787
2014-04-23,extended,60,expanding,0.36450958251953125,0.3661425709724426
2014-04-24,extended,60,expanding,0.5891080498695374,0.4189923405647278
2014-04-25,extended,60,expanding,0.5863941311836243,0.5204881429672241
2014-04-28,extended,60,expanding,0.8235853314399719,0.660089910030365
2014-04-29,extended,60,expanding,0.5001894235610962,0.3931901752948761
2014-04-30,extended,60,expanding,0.49780339002609253,0.4317665100097656
2014-05-01,extended,60,expanding,0.45116809010505676,0.41981643438339233
2014-05-02,extended,60,expanding,0.5626687407493591,0.43773290514945984
2014-05-05,extended,60,expanding,0.7295594215393066,0.5257623791694641
2014-05-06,extended,60,expanding,0.5130741000175476,0.5060631036758423
2014-05-07,extended,60,expanding,0.8969767689704895,0.5686211585998535
2014-05-08,extended,60,expanding,0.5193822383880615,0.7628874182701111
2014-05-09,extended,60,expanding,0.5581554174423218,0.502804696559906
2014-05-12,extended,60,expanding,0.4801866114139557,0.49259451031684875
2014-05-13,extended,60,expanding,0.31696823239326477,0.3608531057834625
2014-05-14,extended,60,expanding,0.38752996921539307,0.4544235169887543
2014-05-15,extended,60,expanding,0.691119372844696,0.5752726197242737
2014-05-16,extended,60,expanding,0.4676394462585449,0.44299933314323425
2014-05-19,extended,60,expanding,0.3423518240451813,0.4296671450138092
2014-05-20,extended,60,expanding,0.5234825015068054,0.5192933082580566
2014-05-21,extended,60,expanding,0.494206964969635,0.4544503390789032
2014-05-22,extended,60,expanding,0.301708847284317,0.42455846071243286
2014-05-23,extended,60,expanding,0.20592427253723145,0.32829874753952026
2014-05-27,extended,60,expanding,0.42497068643569946,0.3799581229686737
2014-05-28,extended,60,expanding,0.2931358814239502,0.3903166353702545
2014-05-29,extended,60,expanding,0.36290591955184937,0.3560290038585663
2014-05-30,extended,60,expanding,0.28962719440460205,0.35606396198272705
2014-06-02,extended,60,expanding,0.3900781571865082,0.36725518107414246
2014-06-03,extended,60,expanding,0.3076380789279938,0.33037132024765015
2014-06-04,extended,60,expanding,0.29414263367652893,0.38134637475013733
2014-06-05,extended,60,expanding,0.3900737762451172,0.48038166761398315
2014-06-06,extended,60,expanding,0.2689656913280487,0.3095780611038208
2014-06-09,extended,60,expanding,0.2771907150745392,0.3247230350971222
2014-06-10,extended,60,expanding,0.29700222611427307,0.3300074636936188
2014-06-11,extended,60,expanding,0.41138505935668945,0.36072424054145813
2014-06-12,extended,60,expanding,0.4183047115802765,0.494581401348114
2014-06-13,extended,60,expanding,0.4343026876449585,0.3637872338294983
2014-06-16,extended,60,expanding,0.44161438941955566,0.37904393672943115
2014-06-17,extended,60,expanding,0.3711232841014862,0.39820122718811035
2014-06-18,extended,60,expanding,0.419305682182312,0.4411655068397522
2014-06-19,extended,60,expanding,0.2912806570529938,0.49352923035621643
2014-06-20,extended,60,expanding,0.23344194889068604,0.2948983609676361
2014-06-23,extended,60,expanding,0.26675519347190857,0.29477155208587646
2014-06-24,extended,60,expanding,0.4317242205142975,0.4566655158996582
2014-06-25,extended,60,expanding,0.3785480260848999,0.3826601803302765
2014-06-26,extended,60,expanding,0.49628469347953796,0.46572378277778625
2014-06-27,extended,60,expanding,0.354368656873703,0.35210728645324707
2014-06-30,extended,60,expanding,0.27126726508140564,0.32394319772720337
2014-07-01,extended,60,expanding,0.36892691254615784,0.4016128182411194
2014-07-02,extended,60,expanding,0.2615170478820801,0.3326404094696045
2014-07-03,extended,60,expanding,0.3173152208328247,0.35690170526504517
2014-07-07,extended,60,expanding,0.36314472556114197,0.3631671667098999
2014-07-08,extended,60,expanding,0.5589419007301331,0.4485005736351013
2014-07-09,extended,60,expanding,0.458191841840744,0.3972649574279785
2014-07-10,extended,60,expanding,0.7611199617385864,0.5046535134315491
2014-07-11,extended,60,expanding,0.35084837675094604,0.47333794832229614
2014-07-14,extended,60,expanding,0.41344326734542847,0.355507493019104
2014-07-15,extended,60,expanding,0.538845956325531,0.468644380569458
2014-07-16,extended,60,expanding,0.44707804918289185,0.3345874845981598
2014-07-17,extended,60,expanding,0.641926109790802,0.629808247089386
2014-07-18,extended,60,expanding,0.3977976143360138,0.48118531703948975
2014-07-21,extended,60,expanding,0.40885424613952637,0.4012277126312256
2014-07-22,extended,60,expanding,0.37651148438453674,0.3876599669456482
2014-07-23,extended,60,expanding,0.2525513172149658,0.33059531450271606
2014-07-24,extended,60,expanding,0.2758019268512726,0.32901692390441895
2014-07-25,extended,60,expanding,0.4329283535480499,0.3709498643875122
2014-07-28,extended,60,expanding,0.42229312658309937,0.36300045251846313
2014-07-29,extended,60,expanding,0.4585719108581543,0.48456740379333496
2014-07-30,extended,60,expanding,0.606133759021759,0.5002861618995667
2014-07-31,extended,60,expanding,0.8659616112709045,0.8771353363990784
2014-08-01,extended,60,expanding,0.8324301242828369,0.7865880727767944
2014-08-04,extended,60,expanding,0.47940516471862793,0.633747398853302
2014-08-05,extended,60,expanding,0.8867471814155579,0.7509982585906982
2014-08-06,extended,60,expanding,0.6750627756118774,0.7256382703781128
2014-08-07,extended,60,expanding,0.7133786678314209,0.8105868101119995
2014-08-08,extended,60,expanding,0.5158858299255371,0.6669503450393677
2014-08-11,extended,60,expanding,0.4187553822994232,0.4927077889442444
2014-08-12,extended,60,expanding,0.46778279542922974,0.42859774827957153
2014-08-13,extended,60,expanding,0.4582456648349762,0.4492485523223877
2014-08-14,extended,60,expanding,0.2659345865249634,0.3885868787765503
2014-08-15,extended,60,expanding,0.7498508095741272,0.5763424634933472
2014-08-18,extended,60,expanding,0.4649697542190552,0.4437609910964966
2014-08-19,extended,60,expanding,0.2545689642429352,0.4459270238876343
2014-08-20,extended,60,expanding,0.30162110924720764,0.38929349184036255
2014-08-21,extended,60,expanding,0.2895697355270386,0.35927748680114746
2014-08-22,extended,60,expanding,0.4267614781856537,0.356071412563324
2014-08-25,extended,60,expanding,0.3532538115978241,0.3493618965148926
2014-08-26,extended,60,expanding,0.23759840428829193,0.35261043906211853
2014-08-27,extended,60,expanding,0.24147634208202362,0.2977892756462097
2014-08-28,extended,60,expanding,0.4029179513454437,0.30640989542007446
2014-08-29,extended,60,expanding,0.25389575958251953,0.29404014348983765
2014-09-02,extended,60,expanding,0.36331889033317566,0.4273606538772583
2014-09-03,extended,60,expanding,0.3714413344860077,0.3881637454032898
2014-09-04,extended,60,expanding,0.40892475843429565,0.6070953011512756
2014-09-05,extended,60,expanding,0.45733144879341125,0.38773268461227417
2014-09-08,extended,60,expanding,0.38709864020347595,0.409930944442749
2014-09-09,extended,60,expanding,0.5338571071624756,0.43109434843063354
2014-09-10,extended,60,expanding,0.5201886296272278,0.4308820962905884
2014-09-11,extended,60,expanding,0.4303184747695923,0.37128162384033203
2014-09-12,extended,60,expanding,0.47453364729881287,0.4634610414505005
2014-09-15,extended,60,expanding,0.4190886318683624,0.3206480145454407
2014-09-16,extended,60,expanding,0.44057729840278625,0.4942721128463745
2014-09-17,extended,60,expanding,0.7170944213867188,0.4467672109603882
2014-09-18,extended,60,expanding,0.37039586901664734,0.4037216901779175
2014-09-19,extended,60,expanding,0.4573608636856079,0.3991324305534363
2014-09-22,extended,60,expanding,0.44572678208351135,0.4640418291091919
2014-09-23,extended,60,expanding,0.4930504560470581,0.4514341354370117
2014-09-24,extended,60,expanding,0.40974363684654236,0.4811980128288269
2014-09-25,extended,60,expanding,0.7036588788032532,0.7082155346870422
2014-09-26,extended,60,expanding,0.5985597372055054,0.5840104222297668
2014-09-29,extended,60,expanding,0.9425361156463623,0.5477622151374817
2014-09-30,extended,60,expanding,0.6042161583900452,0.7374830842018127
2014-10-01,extended,60,expanding,0.7754773497581482,0.771801769733429
2014-10-02,extended,60,expanding,0.7488913536071777,0.9617541432380676
2014-10-03,extended,60,expanding,0.8084318041801453,0.9799260497093201
2014-10-06,extended,60,expanding,0.654168963432312,0.8523569107055664
2014-10-07,extended,60,expanding,0.858822762966156,0.7036404013633728
2014-10-08,extended,60,expanding,0.8928329348564148,1.0821073055267334
2014-10-09,extended,60,expanding,1.0456963777542114,0.950222909450531
2014-10-10,extended,60,expanding,1.105968713760376,0.9326285719871521
2014-10-13,extended,60,expanding,1.1766607761383057,1.066697359085083
2014-10-14,extended,60,expanding,1.2357145547866821,1.2280627489089966
2014-10-15,extended,60,expanding,2.3037502765655518,2.011871576309204
2014-10-16,extended,60,expanding,1.6580957174301147,1.704646348953247
2014-10-17,extended,60,expanding,1.2497849464416504,1.151328206062317
2014-10-20,extended,60,expanding,0.7233673930168152,0.8490418195724487
2014-10-21,extended,60,expanding,0.7497316002845764,0.8259267210960388
2014-10-22,extended,60,expanding,0.7443962097167969,0.9019706845283508
2014-10-23,extended,60,expanding,1.031681776046753,0.797812283039093
2014-10-24,extended,60,expanding,0.5909020900726318,0.6791718006134033
2014-10-27,extended,60,expanding,0.628062903881073,0.4949451684951782
2014-10-28,extended,60,expanding,0.5138598680496216,0.5339639186859131
2014-10-29,extended,60,expanding,0.7173582315444946,0.6456208825111389
2014-10-30,extended,60,expanding,0.5609475374221802,0.7043692469596863
2014-10-31,extended,60,expanding,0.7405169010162354,0.5748826265335083
2014-11-03,extended,60,expanding,0.4596216678619385,0.4750809371471405
2014-11-04,extended,60,expanding,0.5232880115509033,0.5304439067840576
2014-11-05,extended,60,expanding,0.5897601246833801,0.42940351366996765
2014-11-06,extended,60,expanding,0.3996855616569519,0.4761136770248413
2014-11-07,extended,60,expanding,0.44907498359680176,0.48692965507507324
2014-11-10,extended,60,expanding,0.2844453752040863,0.3666410446166992
2014-11-11,extended,60,expanding,0.25874945521354675,0.320947527885437
2014-11-12,extended,60,expanding,0.40562358498573303,0.354445219039917
2014-11-13,extended,60,expanding,0.507718563079834,0.5293976068496704
2014-11-14,extended,60,expanding,0.3240550458431244,0.43816789984703064
2014-11-17,extended,60,expanding,0.35571715235710144,0.3143351674079895
2014-11-18,extended,60,expanding,0.2924927771091461,0.5351213216781616
2014-11-19,extended,60,expanding,0.5172247290611267,0.39008817076683044
2014-11-20,extended,60,expanding,0.37730440497398376,0.3962002694606781
2014-11-21,extended,60,expanding,0.6609857082366943,0.4326319694519043
2014-11-24,extended,60,expanding,0.3039441406726837,0.3502849340438843
2014-11-25,extended,60,expanding,0.33109939098358154,0.3611525893211365
2014-11-26,extended,60,expanding,0.18774037063121796,0.3675500750541687
2014-11-28,extended,60,expanding,0.3011811673641205,0.77712482213974
2014-12-01,extended,60,expanding,0.6036726236343384,0.5898525714874268
2014-12-02,extended,60,expanding,0.3831345736980438,0.6217066645622253
2014-12-03,extended,60,expanding,0.26875728368759155,0.3967120051383972
2014-12-04,extended,60,expanding,0.429543673992157,0.41733404994010925
2014-12-05,extended,60,expanding,0.36473649740219116,0.45151883363723755
2014-12-08,extended,60,expanding,0.5491243004798889,0.5777472257614136
2014-12-09,extended,60,expanding,1.0170496702194214,0.7384771704673767
2014-12-10,extended,60,expanding,0.8344765901565552,0.9013509154319763
2014-12-11,extended,60,expanding,0.8538368940353394,0.8964609503746033
2014-12-12,extended,60,expanding,0.9141978621482849,0.8948112726211548
2014-12-15,extended,60,expanding,1.2775683403015137,1.1499297618865967
2014-12-16,extended,60,expanding,1.244651198387146,1.300729513168335
2014-12-17,extended,60,expanding,1.2861887216567993,1.179213047027588
2014-12-18,extended,60,expanding,1.034126877784729,1.0459697246551514
2014-12-19,extended,60,expanding,0.5891704559326172,0.7159155607223511
2014-12-22,extended,60,expanding,0.35269010066986084,0.5268742442131042
2014-12-23,extended,60,expanding,0.33187222480773926,0.43078047037124634
2014-12-24,extended,60,expanding,0.21517334878444672,0.45510149002075195
2014-12-26,extended,60,expanding,0.25206395983695984,0.3827747106552124
2014-12-29,extended,60,expanding,0.23829923570156097,0.33472001552581787
2014-12-30,extended,60,expanding,0.3008394241333008,0.45096439123153687
2014-12-31,extended,60,expanding,0.4884640574455261,0.6847515106201172
2015-01-02,extended,60,expanding,0.9161708354949951,0.7156535983085632
2015-01-05,extended,60,expanding,0.8366752862930298,1.0371191501617432
2015-01-06,extended,60,expanding,1.053530216217041,1.036163330078125
2015-01-07,extended,60,expanding,0.9043862223625183,0.7838303446769714
2015-01-08,extended,60,expanding,0.846068799495697,0.8306889533996582
2015-01-09,extended,60,expanding,0.7907400727272034,0.7976524233818054
2015-01-12,extended,60,expanding,0.819638729095459,0.890841543674469
2015-01-13,extended,60,expanding,1.479487419128418,1.2401211261749268
2015-01-14,extended,60,expanding,1.2126911878585815,0.9786791205406189
2015-01-15,extended,60,expanding,1.0164530277252197,1.153780221939087
2015-01-16,extended,60,expanding,0.802234411239624,0.9084914326667786
2015-01-20,extended,60,expanding,0.9148500561714172,1.0400465726852417
2015-01-21,extended,60,expanding,1.0006932020187378,0.7690830230712891
2015-01-22,extended,60,expanding,0.7813236117362976,1.0954598188400269
2015-01-23,extended,60,expanding,0.4990968108177185,0.5497040152549744
2015-01-26,extended,60,expanding,0.5482511520385742,0.5052258968353271
2015-01-27,extended,60,expanding,1.012906789779663,0.7836487293243408
2015-01-28,extended,60,expanding,0.9635168313980103,1.007784366607666
2015-01-29,extended,60,expanding,0.9359861612319946,0.9465866088867188
2015-01-30,extended,60,expanding,0.9898359775543213,0.9741340279579163
2015-02-02,extended,60,expanding,1.0854663848876953,0.9640840291976929
2015-02-03,extended,60,expanding,0.9412546157836914,0.7328928709030151
2015-02-04,extended,60,expanding,0.8157912492752075,0.9269727468490601
2015-02-05,extended,60,expanding,0.5828607082366943,0.6599076986312866
2015-02-06,extended,60,expanding,0.6425417065620422,0.7289143204689026
2015-02-09,extended,60,expanding,0.5797975659370422,0.491577684879303
2015-02-10,extended,60,expanding,0.6225982904434204,0.670708954334259
2015-02-11,extended,60,expanding,0.5280768275260925,0.50505530834198
2015-02-12,extended,60,expanding,0.5131012201309204,0.6252323389053345
2015-02-13,extended,60,expanding,0.3230832517147064,0.36509597301483154
2015-02-17,extended,60,expanding,0.3878101706504822,0.35487860441207886
2015-02-18,extended,60,expanding,0.4377695620059967,0.3621719479560852
2015-02-19,extended,60,expanding,0.44936877489089966,0.3988475501537323
2015-02-20,extended,60,expanding,0.4546082317829132,0.5806273221969604
2015-02-23,extended,60,expanding,0.33605384826660156,0.36297446489334106
2015-02-24,extended,60,expanding,0.31878119707107544,0.3803378939628601
2015-02-25,extended,60,expanding,0.31797438859939575,0.4459981322288513
2015-02-26,extended,60,expanding,0.44373300671577454,0.588026762008667
2015-02-27,extended,60,expanding,0.3470306098461151,0.38455837965011597
2015-03-02,extended,60,expanding,0.26675868034362793,0.37043020129203796
2015-03-03,extended,60,expanding,0.5007086396217346,0.4542185366153717
2015-03-04,extended,60,expanding,0.6677775382995605,0.5197421908378601
2015-03-05,extended,60,expanding,0.3570042848587036,0.42811673879623413
2015-03-06,extended,60,expanding,0.7385730147361755,0.823676347732544
2015-03-09,extended,60,expanding,0.38811981678009033,0.46267473697662354
2015-03-10,extended,60,expanding,0.8400395512580872,0.9247022867202759
2015-03-11,extended,60,expanding,0.5907078981399536,0.560374915599823
2015-03-12,extended,60,expanding,0.6523180603981018,0.6957390308380127
2015-03-13,extended,60,expanding,0.7049248218536377,0.9178894758224487
2015-03-16,extended,60,expanding,0.5238789916038513,0.644797682762146
2015-03-17,extended,60,expanding,0.5899909138679504,0.47632837295532227
2015-03-18,extended,60,expanding,1.051440954208374,1.0229754447937012
2015-03-19,extended,60,expanding,0.5530752539634705,0.5768417119979858
2015-03-20,extended,60,expanding,0.6660987138748169,0.7333048582077026
2015-03-23,extended,60,expanding,0.3736087381839752,0.49595150351524353
2015-03-24,extended,60,expanding,0.45093563199043274,0.4643637537956238
2015-03-25,extended,60,expanding,0.6865458488464355,0.760869026184082
2015-03-26,extended,60,expanding,0.873544454574585,0.6453897953033447
2015-03-27,extended,60,expanding,0.5865139961242676,0.5799682140350342
2015-03-30,extended,60,expanding,0.6811202764511108,0.6989568471908569
2015-03-31,extended,60,expanding,0.6466434001922607,0.5632402896881104
2015-04-01,extended,60,expanding,0.7361587882041931,0.6681859493255615
2015-04-02,extended,60,expanding,0.5094029903411865,0.5540034770965576
2015-04-06,extended,60,expanding,0.5339199304580688,0.8964003324508667
2015-04-07,extended,60,expanding,0.4426901638507843,0.5092193484306335
2015-04-08,extended,60,expanding,0.7183293104171753,0.5550539493560791
2015-04-09,extended,60,expanding,0.597693920135498,0.648827075958252
2015-04-10,extended,60,expanding,0.28354012966156006,0.3918808102607727
2015-04-13,extended,60,expanding,0.35153907537460327,0.4110853374004364
2015-04-14,extended,60,expanding,0.5259081721305847,0.46296679973602295
2015-04-15,extended,60,expanding,0.4481188952922821,0.43568921089172363
2015-04-16,extended,60,expanding,0.40820983052253723,0.44605258107185364
2015-04-17,extended,60,expanding,0.7608491778373718,0.6731032133102417
2015-04-20,extended,60,expanding,0.6108341217041016,0.5189439058303833
2015-04-21,extended,60,expanding,0.4529463052749634,0.5076623558998108
2015-04-22,extended,60,expanding,0.458896666765213,0.5134642124176025
2015-04-23,extended,60,expanding,0.4938202202320099,0.6233161091804504
2015-04-24,extended,60,expanding,0.32737022638320923,0.33247101306915283
2015-04-27,extended,60,expanding,0.481981098651886,0.5399153828620911
2015-04-28,extended,60,expanding,0.6443674564361572,0.568848192691803
2015-04-29,extended,60,expanding,0.6621337532997131,0.5505322217941284
2015-04-30,extended,60,expanding,0.7037506699562073,0.6540966033935547
2015-05-01,extended,60,expanding,0.6726866364479065,0.6588028073310852
2015-05-04,extended,60,expanding,0.375816285610199,0.3969547748565674
2015-05-05,extended,60,expanding,0.570682942867279,0.6751599311828613
2015-05-06,extended,60,expanding,0.9269205927848816,0.9045017957687378
2015-05-07,extended,60,expanding,0.5604826211929321,0.6137950420379639
2015-05-08,extended,60,expanding,0.8699830770492554,0.6070104837417603
2015-05-11,extended,60,expanding,0.40910646319389343,0.49536311626434326
2015-05-12,extended,60,expanding,0.8183264136314392,0.6521552801132202
2015-05-13,extended,60,expanding,0.6684315204620361,0.5691485404968262
2015-05-14,extended,60,expanding,0.5487048625946045,0.5186007618904114
2015-05-15,extended,60,expanding,0.33867430686950684,0.3354880213737488
2015-05-18,extended,60,expanding,0.2193475365638733,0.4590108394622803
2015-05-19,extended,60,expanding,0.3124220073223114,0.4777349829673767
2015-05-20,extended,60,expanding,0.4188220202922821,0.38113003969192505
2015-05-21,extended,60,expanding,0.279846727848053,0.33880189061164856
2015-05-22,extended,60,expanding,0.33094796538352966,0.37839043140411377
2015-05-26,extended,60,expanding,0.5155841708183289,0.7385863065719604
2015-05-27,extended,60,expanding,0.4025551378726959,0.47779107093811035
2015-05-28,extended,60,expanding,0.43901243805885315,0.40582942962646484
2015-05-29,extended,60,expanding,0.5354623794555664,0.47651559114456177
2015-06-01,extended,60,expanding,0.6326298117637634,0.43414849042892456
2015-06-02,extended,60,expanding,0.5542809963226318,0.5530175566673279
2015-06-03,extended,60,expanding,0.43493029475212097,0.4367678165435791
2015-06-04,extended,60,expanding,0.6734352707862854,0.542843759059906
2015-06-05,extended,60,expanding,0.5858168601989746,0.4743892550468445
2015-06-08,extended,60,expanding,0.38064879179000854,0.4952837824821472
2015-06-09,extended,60,expanding,0.4707942008972168,0.44383418560028076
2015-06-10,extended,60,expanding,0.6238774657249451,0.639012336730957
2015-06-11,extended,60,expanding,0.44490450620651245,0.37529826164245605
2015-06-12,extended,60,expanding,0.5156898498535156,0.4155229926109314
2015-06-15,extended,60,expanding,0.9224205017089844,0.49742817878723145
2015-06-16,extended,60,expanding,0.5270959138870239,0.45570987462997437
2015-06-17,extended,60,expanding,0.6415505409240723,0.545775830745697
2015-06-18,extended,60,expanding,0.5652602910995483,0.6609084606170654
2015-06-19,extended,60,expanding,0.3343290388584137,0.4437576234340668
2015-06-22,extended,60,expanding,0.6914674639701843,0.4319993257522583
2015-06-23,extended,60,expanding,0.32394805550575256,0.39107266068458557
2015-06-24,extended,60,expanding,0.3779144883155823,0.443835973739624
2015-06-25,extended,60,expanding,0.40985020995140076,0.5062899589538574
2015-06-26,extended,60,expanding,0.4807495176792145,0.42186346650123596
2015-06-29,extended,60,expanding,0.8694495558738708,0.8541346788406372
2015-06-30,extended,60,expanding,0.8994608521461487,0.681896448135376
2015-07-01,extended,60,expanding,0.772849440574646,0.6946288347244263
2015-07-02,extended,60,expanding,0.46320804953575134,0.5261192917823792
2015-07-06,extended,60,expanding,0.9262874126434326,0.8472123146057129
2015-07-07,extended,60,expanding,0.9469451904296875,1.1217775344848633
2015-07-08,extended,60,expanding,0.9316666722297668,0.7559385299682617
2015-07-09,extended,60,expanding,1.3116600513458252,0.8219341039657593
2015-07-10,extended,60,expanding,1.123153805732727,0.7063015103340149
2015-07-13,extended,60,expanding,0.6816275119781494,0.60500568151474
2015-07-14,extended,60,expanding,0.2428647130727768,0.48465776443481445
2015-07-15,extended,60,expanding,0.3678913712501526,0.6126847863197327
2015-07-16,extended,60,expanding,0.3954748511314392,0.4807634949684143
2015-07-17,extended,60,expanding,0.24239368736743927,0.33081749081611633
2015-07-20,extended,60,expanding,0.292244017124176,0.3338739275932312
2015-07-21,extended,60,expanding,0.3257938623428345,0.411441445350647
2015-07-22,extended,60,expanding,0.43480175733566284,0.4516841173171997
2015-07-23,extended,60,expanding,0.39982616901397705,0.5797819495201111
2015-07-24,extended,60,expanding,0.4459609091281891,0.657424807548523
2015-07-27,extended,60,expanding,0.7757925391197205,0.5847431421279907
2015-07-28,extended,60,expanding,0.5373643636703491,0.5989933609962463
2015-07-29,extended,60,expanding,0.4497852921485901,0.4570513367652893
2015-07-30,extended,60,expanding,0.4582180976867676,0.5161303281784058
2015-07-31,extended,60,expanding,0.38392138481140137,0.45437854528427124
2015-08-03,extended,60,expanding,0.5662893056869507,0.6117000579833984
2015-08-04,extended,60,expanding,0.48225000500679016,0.43883460760116577
2015-08-05,extended,60,expanding,0.64484703540802,0.48279595375061035
2015-08-06,extended,60,expanding,0.541225254535675,0.6686971187591553
2015-08-07,extended,60,expanding,0.576079785823822,0.5037394762039185
2015-08-10,extended,60,expanding,0.6756598353385925,0.5635108947753906
2015-08-11,extended,60,expanding,0.8222931623458862,0.7102274894714355
2015-08-12,extended,60,expanding,1.070734977722168,1.00823175907135
2015-08-13,extended,60,expanding,0.6425189971923828,0.5794409513473511
2015-08-14,extended,60,expanding,0.40680527687072754,0.4358507990837097
2015-08-17,extended,60,expanding,0.5880442261695862,0.6687808036804199
2015-08-18,extended,60,expanding,0.36820682883262634,0.426679790019989
2015-08-19,extended,60,expanding,0.9496463537216187,0.6910648345947266
2015-08-20,extended,60,expanding,1.073470950126648,1.1011968851089478
2015-08-21,extended,60,expanding,1.521138310432434,1.5368540287017822
2015-08-24,extended,60,expanding,6.107092380523682,2.219966411590576
2015-08-25,extended,60,expanding,2.710724115371704,3.1211092472076416
2015-08-26,extended,60,expanding,2.8424289226531982,2.2668023109436035
2015-08-27,extended,60,expanding,1.896519660949707,1.566686749458313
2015-08-28,extended,60,expanding,0.9556337594985962,1.0538676977157593
2015-08-31,extended,60,expanding,1.0897337198257446,0.968782901763916
2015-09-01,extended,60,expanding,2.2449772357940674,1.5646123886108398
2015-09-02,extended,60,expanding,1.4546595811843872,1.2778544425964355
2015-09-03,extended,60,expanding,0.992962121963501,1.2247756719589233
2015-09-04,extended,60,expanding,1.4397097826004028,1.251027226448059
2015-09-08,extended,60,expanding,1.468074917793274,1.1633914709091187
2015-09-09,extended,60,expanding,1.1140401363372803,1.521691083908081
2015-09-10,extended,60,expanding,0.8762382864952087,1.1468555927276611
2015-09-11,extended,60,expanding,0.8052470088005066,0.8665844798088074
2015-09-14,extended,60,expanding,0.5960224270820618,0.7293267250061035
2015-09-15,extended,60,expanding,0.5569227337837219,0.8377404808998108
2015-09-16,extended,60,expanding,0.5929057002067566,0.7992127537727356
2015-09-17,extended,60,expanding,1.27928626537323,1.065204381942749
2015-09-18,extended,60,expanding,1.361925482749939,1.3682235479354858
2015-09-21,extended,60,expanding,0.8707589507102966,0.8482206463813782
2015-09-22,extended,60,expanding,1.3077605962753296,1.0524266958236694
2015-09-23,extended,60,expanding,0.7572812438011169,0.9202844500541687
2015-09-24,extended,60,expanding,1.0441006422042847,1.1283433437347412
2015-09-25,extended,60,expanding,1.0345593690872192,1.1011769771575928
2015-09-28,extended,60,expanding,1.1553207635879517,1.41199791431427
2015-09-29,extended,60,expanding,1.1817799806594849,1.0976407527923584
2015-09-30,extended,60,expanding,1.495627760887146,1.018412709236145
2015-10-01,extended,60,expanding,1.1410325765609741,1.090206503868103
2015-10-02,extended,60,expanding,1.6934986114501953,1.607155680656433
2015-10-05,extended,60,expanding,0.8905875086784363,0.9775174856185913
2015-10-06,extended,60,expanding,0.6829049587249756,0.8612335324287415
2015-10-07,extended,60,expanding,0.9471501708030701,0.7455995678901672
2015-10-08,extended,60,expanding,0.7110604047775269,0.8441799879074097
2015-10-09,extended,60,expanding,0.5342766046524048,0.5939043164253235
2015-10-12,extended,60,expanding,0.37612029910087585,0.5585798025131226
2015-10-13,extended,60,expanding,0.615027904510498,0.6240500211715698
2015-10-14,extended,60,expanding,0.6851932406425476,0.7252997756004333
2015-10-15,extended,60,expanding,0.5368911623954773,0.7607500553131104
2015-10-16,extended,60,expanding,0.5126047134399414,0.4758700728416443
2015-10-19,extended,60,expanding,0.5282853245735168,0.551397442817688
2015-10-20,extended,60,expanding,0.5042325258255005,0.4777950644493103
2015-10-21,extended,60,expanding,0.7471799254417419,0.6540011763572693
2015-10-22,extended,60,expanding,0.7661428451538086,0.9186562299728394
2015-10-23,extended,60,expanding,0.8509055972099304,0.7378530502319336
2015-10-26,extended,60,expanding,0.3822285532951355,0.49258357286453247
2015-10-27,extended,60,expanding,0.5862306952476501,0.471005916595459
2015-10-28,extended,60,expanding,0.9409856796264648,0.7013044357299805
2015-10-29,extended,60,expanding,0.48140043020248413,0.5303583145141602
2015-10-30,extended,60,expanding,0.5342662334442139,0.5044155120849609
2015-11-02,extended,60,expanding,0.42046618461608887,0.5991244912147522
2015-11-03,extended,60,expanding,0.4835807979106903,0.5190356969833374
2015-11-04,extended,60,expanding,0.614382803440094,0.8153524994850159
2015-11-05,extended,60,expanding,0.5839255452156067,0.6615263819694519
2015-11-06,extended,60,expanding,0.6034426689147949,0.8014835715293884
2015-11-09,extended,60,expanding,0.7614883780479431,0.7384468913078308
2015-11-10,extended,60,expanding,0.5499747395515442,0.579671323299408
2015-11-11,extended,60,expanding,0.4731254279613495,0.5843751430511475
2015-11-12,extended,60,expanding,0.8733656406402588,0.7932130694389343
2015-11-13,extended,60,expanding,0.6671431660652161,0.8653061985969543
2015-11-16,extended,60,expanding,0.7153626084327698,0.7682980298995972
2015-11-17,extended,60,expanding,0.7524334192276001,0.7577381730079651
2015-11-18,extended,60,expanding,0.7099785804748535,0.7532320618629456
2015-11-19,extended,60,expanding,0.46447187662124634,0.49620598554611206
2015-11-20,extended,60,expanding,0.5691575407981873,0.4822734594345093
2015-11-23,extended,60,expanding,0.4336825907230377,0.4566323161125183
2015-11-24,extended,60,expanding,0.6535255312919617,0.6278950572013855
2015-11-25,extended,60,expanding,0.3200731873512268,0.3794634938240051
2015-11-27,extended,60,expanding,0.2484254091978073,0.44481247663497925
2015-11-30,extended,60,expanding,0.44243597984313965,0.4508543014526367
2015-12-01,extended,60,expanding,0.6222959756851196,0.49190181493759155
2015-12-02,extended,60,expanding,0.5199115872383118,0.7530115842819214
2015-12-03,extended,60,expanding,0.8429600596427917,1.0381617546081543
2015-12-04,extended,60,expanding,0.845172643661499,0.9421608448028564
2015-12-07,extended,60,expanding,0.8103945255279541,0.7825998067855835
2015-12-08,extended,60,expanding,1.2818913459777832,0.7087262868881226
2015-12-09,extended,60,expanding,1.0488706827163696,1.259533166885376
2015-12-10,extended,60,expanding,0.7810572385787964,0.8042302131652832
2015-12-11,extended,60,expanding,1.160577654838562,0.8956135511398315
2015-12-14,extended,60,expanding,1.239391565322876,0.9527125358581543
2015-12-15,extended,60,expanding,1.0609846115112305,0.8551203012466431
2015-12-16,extended,60,expanding,0.983195960521698,0.9411307573318481
2015-12-17,extended,60,expanding,0.9051330089569092,1.058107852935791
2015-12-18,extended,60,expanding,0.975375771522522,0.9278650283813477
2015-12-21,extended,60,expanding,0.8869057893753052,0.6447809934616089
2015-12-22,extended,60,expanding,0.6400415897369385,0.7371876239776611
2015-12-23,extended,60,expanding,0.5840789675712585,0.6522212624549866
2015-12-24,extended,60,expanding,0.28011903166770935,0.4722276031970978
2015-12-28,extended,60,expanding,0.544843852519989,0.4658990502357483
2015-12-29,extended,60,expanding,0.6348679661750793,0.5740622282028198
2015-12-30,extended,60,expanding,0.43678027391433716,0.5411370992660522
2015-12-31,extended,60,expanding,0.6944714784622192,0.5673340559005737
2016-01-04,extended,60,expanding,1.8643945455551147,0.9847509860992432
2016-01-05,extended,60,expanding,0.7911797761917114,0.97454833984375
2016-01-06,extended,60,expanding,1.4094488620758057,1.0323271751403809
2016-01-07,extended,60,expanding,1.9777171611785889,1.2938708066940308
2016-01-08,extended,60,expanding,1.3276973962783813,1.520195722579956
2016-01-11,extended,60,expanding,1.2732048034667969,1.4303604364395142
2016-01-12,extended,60,expanding,1.3360037803649902,1.1892070770263672
2016-01-13,extended,60,expanding,1.4331769943237305,1.4569755792617798
2016-01-14,extended,60,expanding,1.276334524154663,1.5987322330474854
2016-01-15,extended,60,expanding,2.256190776824951,1.5519078969955444
2016-01-19,extended,60,expanding,1.414040446281433,1.5050917863845825
2016-01-20,extended,60,expanding,2.090296983718872,2.162320137023926
2016-01-21,extended,60,expanding,1.7240387201309204,1.7935434579849243
2016-01-22,extended,60,expanding,1.350212812423706,1.0780905485153198
2016-01-25,extended,60,expanding,0.8432279825210571,1.2327872514724731
2016-01-26,extended,60,expanding,1.132907509803772,1.0199612379074097
2016-01-27,extended,60,expanding,1.418370008468628,1.345497488975525
2016-01-28,extended,60,expanding,1.6049604415893555,1.1357638835906982
2016-01-29,extended,60,expanding,0.8625195026397705,1.299634337425232
2016-02-01,extended,60,expanding,1.108719825744629,1.1297091245651245
2016-02-02,extended,60,expanding,1.0957472324371338,1.1946698427200317
2016-02-03,extended,60,expanding,1.6612110137939453,1.6895860433578491
2016-02-04,extended,60,expanding,1.3568352460861206,1.2030788660049438
2016-02-05,extended,60,expanding,1.1918375492095947,1.2605282068252563
2016-02-08,extended,60,expanding,1.7131495475769043,1.5139707326889038
2016-02-09,extended,60,expanding,1.7238924503326416,1.4498096704483032
2016-02-10,extended,60,expanding,1.2846240997314453,1.4326497316360474
2016-02-11,extended,60,expanding,1.7465639114379883,1.5870537757873535
2016-02-12,extended,60,expanding,0.9847818613052368,1.1316640377044678
2016-02-16,extended,60,expanding,0.9619315266609192,1.1679673194885254
2016-02-17,extended,60,expanding,0.8570308089256287,0.9059624671936035
2016-02-18,extended,60,expanding,0.6592288613319397,0.7637811303138733
2016-02-19,extended,60,expanding,0.8370142579078674,0.7234888672828674
2016-02-22,extended,60,expanding,0.8208672404289246,0.7026793360710144
2016-02-23,extended,60,expanding,0.7050926089286804,0.8431105017662048
2016-02-24,extended,60,expanding,1.3654946088790894,1.1491672992706299
2016-02-25,extended,60,expanding,0.8240745067596436,0.8931364417076111
2016-02-26,extended,60,expanding,0.7443616390228271,0.8293266892433167
2016-02-29,extended,60,expanding,0.6923912763595581,0.9180529117584229
2016-03-01,extended,60,expanding,0.8032092452049255,0.9327154159545898
2016-03-02,extended,60,expanding,0.6526565551757812,0.7387515306472778
2016-03-03,extended,60,expanding,0.5303792953491211,0.6271710395812988
2016-03-04,extended,60,expanding,0.6377307772636414,0.7102145552635193
2016-03-07,extended,60,expanding,0.7092128396034241,0.5305788516998291
2016-03-08,extended,60,expanding,0.8456987738609314,0.7553150653839111
2016-03-09,extended,60,expanding,0.7557376623153687,0.5351145267486572
2016-03-10,extended,60,expanding,1.0528972148895264,1.06764817237854
2016-03-11,extended,60,expanding,0.7802853584289551,0.7613990306854248
2016-03-14,extended,60,expanding,0.4418516457080841,0.5414576530456543
2016-03-15,extended,60,expanding,0.5727604031562805,0.45546895265579224
2016-03-16,extended,60,expanding,0.8591802716255188,0.71246337890625
2016-03-17,extended,60,expanding,0.48305994272232056,0.8104022741317749
2016-03-18,extended,60,expanding,0.5102292895317078,0.4508020281791687
2016-03-21,extended,60,expanding,0.41795918345451355,0.432018518447876
2016-03-22,extended,60,expanding,0.5167195200920105,0.4802230894565582
2016-03-23,extended,60,expanding,0.4682425260543823,0.5929971933364868
2016-03-24,extended,60,expanding,0.5987577438354492,0.47531411051750183
2016-03-28,extended,60,expanding,0.3967815637588501,0.4260052442550659
2016-03-29,extended,60,expanding,0.5566663146018982,0.7185831069946289
2016-03-30,extended,60,expanding,0.5525966882705688,0.45490700006484985
2016-03-31,extended,60,expanding,0.37332040071487427,0.4450468420982361
2016-04-01,extended,60,expanding,0.7174330949783325,0.7795438170433044
2016-04-04,extended,60,expanding,0.42420196533203125,0.5615831017494202
2016-04-05,extended,60,expanding,0.7961450219154358,0.6194556951522827
2016-04-06,extended,60,expanding,0.5540632605552673,0.6812791228294373
2016-04-07,extended,60,expanding,0.7730053663253784,0.7419241070747375
2016-04-08,extended,60,expanding,0.6810202598571777,0.6138264536857605
2016-04-11,extended,60,expanding,0.6143216490745544,0.6573919653892517
2016-04-12,extended,60,expanding,0.6139630079269409,0.648988664150238
2016-04-13,extended,60,expanding,0.5803050398826599,0.6717802286148071
2016-04-14,extended,60,expanding,0.40409818291664124,0.4639086127281189
2016-04-15,extended,60,expanding,0.24712654948234558,0.38589930534362793
2016-04-18,extended,60,expanding,0.45766472816467285,0.5053980350494385
2016-04-19,extended,60,expanding,0.44714030623435974,0.47483474016189575
2016-04-20,extended,60,expanding,0.39241912961006165,0.45141327381134033
2016-04-21,extended,60,expanding,0.4886075556278229,0.4556528329849243
2016-04-22,extended,60,expanding,0.4717874526977539,0.43101179599761963
2016-04-25,extended,60,expanding,0.46633097529411316,0.4262293577194214
2016-04-26,extended,60,expanding,0.41461044549942017,0.3963886499404907
2016-04-27,extended,60,expanding,0.5534590482711792,0.47651487588882446
2016-04-28,extended,60,expanding,0.6042600274085999,0.6662685871124268
2016-04-29,extended,60,expanding,0.7228695750236511,0.725762128829956
2016-05-02,extended,60,expanding,0.480984628200531,0.5378011465072632
2016-05-03,extended,60,expanding,0.7204863429069519,0.7480369806289673
2016-05-04,extended,60,expanding,0.5959994196891785,0.5390877723693848
2016-05-05,extended,60,expanding,0.5839337110519409,0.5625491142272949
2016-05-06,extended,60,expanding,0.6555532813072205,0.5659710764884949
2016-05-09,extended,60,expanding,0.4680878221988678,0.43843594193458557
2016-05-10,extended,60,expanding,0.45424720644950867,0.5260019302368164
2016-05-11,extended,60,expanding,0.47307026386260986,0.6258247494697571
2016-05-12,extended,60,expanding,0.6881145238876343,0.6163160800933838
2016-05-13,extended,60,expanding,0.5798383355140686,0.6841905117034912
2016-05-16,extended,60,expanding,0.4479709267616272,0.6202082633972168
2016-05-17,extended,60,expanding,0.5969027876853943,0.6458351612091064
2016-05-18,extended,60,expanding,0.9573208093643188,0.8138775825500488
2016-05-19,extended,60,expanding,0.8042436838150024,0.6822081804275513
2016-05-20,extended,60,expanding,0.5121746063232422,0.5078707933425903
2016-05-23,extended,60,expanding,0.33495160937309265,0.40011897683143616
2016-05-24,extended,60,expanding,0.5281316637992859,0.6014763116836548
2016-05-25,extended,60,expanding,0.4735313057899475,0.43027815222740173
2016-05-26,extended,60,expanding,0.3417476713657379,0.3157957196235657
2016-05-27,extended,60,expanding,0.29841071367263794,0.33314067125320435
2016-05-31,extended,60,expanding,0.41572389006614685,0.3982866108417511
2016-06-01,extended,60,expanding,0.5437378883361816,0.380164235830307
2016-06-02,extended,60,expanding,0.4243984520435333,0.40576881170272827
2016-06-03,extended,60,expanding,0.594088077545166,0.647733747959137
2016-06-06,extended,60,expanding,0.39402854442596436,0.34871965646743774
2016-06-07,extended,60,expanding,0.2598709166049957,0.31622442603111267
2016-06-08,extended,60,expanding,0.31989070773124695,0.3504014015197754
2016-06-09,extended,60,expanding,0.44587990641593933,0.38603493571281433
2016-06-10,extended,60,expanding,0.6192079782485962,0.64773029088974
2016-06-13,extended,60,expanding,0.5233069658279419,0.5218396782875061
2016-06-14,extended,60,expanding,0.6233665347099304,0.6220284104347229
2016-06-15,extended,60,expanding,0.49303311109542847,0.5201019644737244
2016-06-16,extended,60,expanding,0.7422111630439758,0.9074330925941467
2016-06-17,extended,60,expanding,0.5440672039985657,0.5792241096496582
2016-06-20,extended,60,expanding,0.8680330514907837,0.6702467203140259
2016-06-21,extended,60,expanding,0.4856100082397461,0.402365505695343
2016-06-22,extended,60,expanding,0.5078912973403931,0.442879319190979
2016-06-23,extended,60,expanding,0.5845242142677307,0.4569958448410034
2016-06-24,extended,60,expanding,2.5068275928497314,1.671269178390503
2016-06-27,extended,60,expanding,1.1343152523040771,1.677818775177002
2016-06-28,extended,60,expanding,0.9142375588417053,0.8828893303871155
2016-06-29,extended,60,expanding,0.7956054210662842,0.909393310546875
2016-06-30,extended,60,expanding,0.5864193439483643,0.9118149280548096
2016-07-01,extended,60,expanding,0.38909927010536194,0.5732182860374451
2016-07-05,extended,60,expanding,0.5271096229553223,0.6962375640869141
2016-07-06,extended,60,expanding,0.6909399032592773,0.7253281474113464
2016-07-07,extended,60,expanding,0.5431602597236633,0.8442872762680054
2016-07-08,extended,60,expanding,0.391685426235199,0.5792249441146851
2016-07-11,extended,60,expanding,0.43085354566574097,0.4279809892177582
2016-07-12,extended,60,expanding,0.5599690675735474,0.4319722354412079
2016-07-13,extended,60,expanding,0.36263391375541687,0.49875929951667786
2016-07-14,extended,60,expanding,0.5216362476348877,0.4071710705757141
2016-07-15,extended,60,expanding,0.3339429497718811,0.4533482491970062
2016-07-18,extended,60,expanding,0.2528551518917084,0.3915494382381439
2016-07-19,extended,60,expanding,0.2636338472366333,0.4252493381500244
2016-07-20,extended,60,expanding,0.22623705863952637,0.40682515501976013
2016-07-21,extended,60,expanding,0.337037056684494,0.4794444739818573
2016-07-22,extended,60,expanding,0.26453956961631775,0.4458182752132416
2016-07-25,extended,60,expanding,0.32745012640953064,0.3634378910064697
2016-07-26,extended,60,expanding,0.4504607915878296,0.3836222290992737
2016-07-27,extended,60,expanding,0.479295939207077,0.454073429107666
2016-07-28,extended,60,expanding,0.4895424544811249,0.3944053649902344
2016-07-29,extended,60,expanding,0.4007420241832733,0.47881054878234863
2016-08-01,extended,60,expanding,0.47042617201805115,0.4260898232460022
2016-08-02,extended,60,expanding,0.4987277686595917,0.6277816295623779
2016-08-03,extended,60,expanding,0.34358325600624084,0.3832172155380249
2016-08-04,extended,60,expanding,0.33532026410102844,0.3975696861743927
2016-08-05,extended,60,expanding,0.31091904640197754,0.35716888308525085
2016-08-08,extended,60,expanding,0.23712877929210663,0.28700515627861023
2016-08-09,extended,60,expanding,0.22695161402225494,0.34037744998931885
2016-08-10,extended,60,expanding,0.32503175735473633,0.3792039155960083
2016-08-11,extended,60,expanding,0.3414006233215332,0.32666683197021484
2016-08-12,extended,60,expanding,0.22944413125514984,0.2937251329421997
2016-08-15,extended,60,expanding,0.19754722714424133,0.2809235453605652
2016-08-16,extended,60,expanding,0.3397499620914459,0.38665664196014404
2016-08-17,extended,60,expanding,0.40539416670799255,0.3774104416370392
2016-08-18,extended,60,expanding,0.2481752336025238,0.3441958725452423
2016-08-19,extended,60,expanding,0.3755485713481903,0.3292979598045349
2016-08-22,extended,60,expanding,0.47530099749565125,0.3400532603263855
2016-08-23,extended,60,expanding,0.2574482858181,0.307239830493927
2016-08-24,extended,60,expanding,0.32731950283050537,0.5091933012008667
2016-08-25,extended,60,expanding,0.39211443066596985,0.37673717737197876
2016-08-26,extended,60,expanding,0.6130600571632385,0.6720161437988281
2016-08-29,extended,60,expanding,0.2932550311088562,0.38837704062461853
2016-08-30,extended,60,expanding,0.3749251365661621,0.39838528633117676
2016-08-31,extended,60,expanding,0.3562649190425873,0.4566200375556946
2016-09-01,extended,60,expanding,0.4937528371810913,0.49495774507522583
2016-09-02,extended,60,expanding,0.38300156593322754,0.3458157181739807
2016-09-06,extended,60,expanding,0.3238064646720886,0.4734201431274414
2016-09-07,extended,60,expanding,0.2669856548309326,0.3408581018447876
2016-09-08,extended,60,expanding,0.2952359914779663,0.30411195755004883
2016-09-09,extended,60,expanding,0.664097785949707,0.9142687916755676
2016-09-12,extended,60,expanding,0.752480149269104,0.912474513053894
2016-09-13,extended,60,expanding,0.969701886177063,0.8103570342063904
2016-09-14,extended,60,expanding,0.6843146085739136,0.725395143032074
2016-09-15,extended,60,expanding,0.6103323698043823,0.7374311089515686
2016-09-16,extended,60,expanding,0.6537879109382629,0.5771984457969666
2016-09-19,extended,60,expanding,0.49307507276535034,0.602140486240387
2016-09-20,extended,60,expanding,0.44174668192863464,0.4209391474723816
2016-09-21,extended,60,expanding,0.5785161852836609,0.5987256765365601
2016-09-22,extended,60,expanding,0.48172566294670105,0.4138897657394409
2016-09-23,extended,60,expanding,0.3419942259788513,0.470947265625
2016-09-26,extended,60,expanding,0.45899975299835205,0.4588189721107483
2016-09-27,extended,60,expanding,0.4963929355144501,0.6140376329421997
2016-09-28,extended,60,expanding,0.4797413945198059,0.5634288191795349
2016-09-29,extended,60,expanding,0.6804351210594177,0.6327601075172424
2016-09-30,extended,60,expanding,0.5552424192428589,0.49225860834121704
2016-10-03,extended,60,expanding,0.4135640859603882,0.394855797290802
2016-10-04,extended,60,expanding,0.6580941081047058,0.666735827922821
2016-10-05,extended,60,expanding,0.35043132305145264,0.4331763982772827
2016-10-06,extended,60,expanding,0.42119184136390686,0.45959460735321045
2016-10-07,extended,60,expanding,0.5236009359359741,0.5962994694709778
2016-10-10,extended,60,expanding,0.3350566327571869,0.35893410444259644
2016-10-11,extended,60,expanding,0.5850227475166321,0.7981052994728088
2016-10-12,extended,60,expanding,0.42785078287124634,0.5044116973876953
2016-10-13,extended,60,expanding,0.6159225702285767,0.6317556500434875
2016-10-14,extended,60,expanding,0.5145489573478699,0.5387202501296997
2016-10-17,extended,60,expanding,0.3883950114250183,0.46678435802459717
2016-10-18,extended,60,expanding,0.4081222414970398,0.40479400753974915
2016-10-19,extended,60,expanding,0.2723785638809204,0.42670315504074097
2016-10-20,extended,60,expanding,0.5416315197944641,0.5041394829750061
2016-10-21,extended,60,expanding,0.45071932673454285,0.42111024260520935
2016-10-24,extended,60,expanding,0.33965981006622314,0.37714213132858276
2016-10-25,extended,60,expanding,0.32306280732154846,0.42632627487182617
2016-10-26,extended,60,expanding,0.4787444770336151,0.46567654609680176
2016-10-27,extended,60,expanding,0.4776531457901001,0.49131643772125244
2016-10-28,extended,60,expanding,0.7668375968933105,0.5721448659896851
2016-10-31,extended,60,expanding,0.3748847544193268,0.533770740032196
2016-11-01,extended,60,expanding,0.5948173403739929,0.8498463034629822
2016-11-02,extended,60,expanding,0.6631988286972046,0.6662700176239014
2016-11-03,extended,60,expanding,0.4272792339324951,0.6869784593582153
2016-11-04,extended,60,expanding,0.56281977891922,0.5695924758911133
2016-11-07,extended,60,expanding,0.762750506401062,0.6489861011505127
2016-11-08,extended,60,expanding,0.5622711777687073,0.5965996980667114
2016-11-09,extended,60,expanding,1.103110671043396,0.9529898762702942
2016-11-10,extended,60,expanding,1.0612717866897583,0.9994197487831116
2016-11-11,extended,60,expanding,0.5606706738471985,0.5595270395278931
2016-11-14,extended,60,expanding,0.5229861736297607,0.5855662226676941
2016-11-15,extended,60,expanding,0.3335860073566437,0.4707503914833069
2016-11-16,extended,60,expanding,0.3812691569328308,0.3767920136451721
2016-11-17,extended,60,expanding,0.2612607479095459,0.3856615424156189
2016-11-18,extended,60,expanding,0.30810797214508057,0.3085063695907593
2016-11-21,extended,60,expanding,0.3042566776275635,0.36385196447372437
2016-11-22,extended,60,expanding,0.29165443778038025,0.3275906443595886
2016-11-23,extended,60,expanding,0.2739172577857971,0.3607456684112549
2016-11-25,extended,60,expanding,0.1411752551794052,0.2902241349220276
2016-11-28,extended,60,expanding,0.311784029006958,0.3154858946800232
2016-11-29,extended,60,expanding,0.30249255895614624,0.4270198941230774
2016-11-30,extended,60,expanding,0.5293129682540894,0.49681979417800903
2016-12-01,extended,60,expanding,0.46159231662750244,0.4292844533920288
2016-12-02,extended,60,expanding,0.382408082485199,0.3366020917892456
2016-12-05,extended,60,expanding,0.2903845012187958,0.2870810031890869
2016-12-06,extended,60,expanding,0.2976779341697693,0.37005358934402466
2016-12-07,extended,60,expanding,0.4763052761554718,0.5851523280143738
2016-12-08,extended,60,expanding,0.4019447863101959,0.3965420722961426
2016-12-09,extended,60,expanding,0.28978437185287476,0.28708043694496155
2016-12-12,extended,60,expanding,0.3811413049697876,0.3524335026741028
2016-12-13,extended,60,expanding,0.38996440172195435,0.34198468923568726
2016-12-14,extended,60,expanding,0.8847878575325012,0.6794541478157043
2016-12-15,extended,60,expanding,0.5356317758560181,0.6288125514984131
2016-12-16,extended,60,expanding,0.45844119787216187,0.40203964710235596
2016-12-19,extended,60,expanding,0.3088212013244629,0.35031968355178833
2016-12-20,extended,60,expanding,0.2855783700942993,0.3336242437362671
2016-12-21,extended,60,expanding,0.1954396814107895,0.3186638653278351
2016-12-22,extended,60,expanding,0.2534743547439575,0.31598609685897827
2016-12-23,extended,60,expanding,0.16153864562511444,0.28327226638793945
2016-12-27,extended,60,expanding,0.2364281415939331,0.3043842315673828
2016-12-28,extended,60,expanding,0.352010577917099,0.4705977439880371
2016-12-29,extended,60,expanding,0.3400283455848694,0.41511663794517517
2016-12-30,extended,60,expanding,0.469421923160553,0.45509642362594604
2017-01-03,extended,60,expanding,0.5941449999809265,0.5415353178977966
2017-01-04,extended,60,expanding,0.36411571502685547,0.3884134590625763
2017-01-05,extended,60,expanding,0.34329038858413696,0.4013793468475342
2017-01-06,extended,60,expanding,0.3869064152240753,0.4290095567703247
2017-01-09,extended,60,expanding,0.2839605510234833,0.34042906761169434
2017-01-10,extended,60,expanding,0.35444435477256775,0.35378360748291016
2017-01-11,extended,60,expanding,0.5368474721908569,0.4163130521774292
2017-01-12,extended,60,expanding,0.487313836812973,0.42125606536865234
2017-01-13,extended,60,expanding,0.290849506855011,0.3145228922367096
2017-01-17,extended,60,expanding,0.3088895082473755,0.37465089559555054
2017-01-18,extended,60,expanding,0.3339954912662506,0.41928157210350037
2017-01-19,extended,60,expanding,0.39244410395622253,0.4088606536388397
2017-01-20,extended,60,expanding,0.454139769077301,0.3787986934185028
2017-01-23,extended,60,expanding,0.42793557047843933,0.3949245512485504
2017-01-24,extended,60,expanding,0.2782492935657501,0.38033363223075867
2017-01-25,extended,60,expanding,0.29393139481544495,0.3174029290676117
2017-01-26,extended,60,expanding,0.29524433612823486,0.311515212059021
2017-01-27,extended,60,expanding,0.2568880319595337,0.2986278831958771
2017-01-30,extended,60,expanding,0.4480785131454468,0.41133245825767517
2017-01-31,extended,60,expanding,0.41373762488365173,0.3549521267414093
2017-02-01,extended,60,expanding,0.45366063714027405,0.43582943081855774
2017-02-02,extended,60,expanding,0.40195223689079285,0.4126446545124054
2017-02-03,extended,60,expanding,0.2836639881134033,0.3571406602859497
2017-02-06,extended,60,expanding,0.24994990229606628,0.3472171723842621
2017-02-07,extended,60,expanding,0.2756151556968689,0.3737685978412628
2017-02-08,extended,60,expanding,0.3489532768726349,0.350124329328537
2017-02-09,extended,60,expanding,0.25159740447998047,0.3816584646701813
2017-02-10,extended,60,expanding,0.21658344566822052,0.32375773787498474
2017-02-13,extended,60,expanding,0.22174997627735138,0.3623175621032715
2017-02-14,extended,60,expanding,0.3285106420516968,0.36483442783355713
2017-02-15,extended,60,expanding,0.3014621436595917,0.39032095670700073
2017-02-16,extended,60,expanding,0.4711402356624603,0.37490254640579224
2017-02-17,extended,60,expanding,0.28547823429107666,0.3697216212749481
2017-02-21,extended,60,expanding,0.3339502215385437,0.33878225088119507
2017-02-22,extended,60,expanding,0.26277434825897217,0.346375435590744
2017-02-23,extended,60,expanding,0.3267427682876587,0.383744478225708
2017-02-24,extended,60,expanding,0.38533371686935425,0.38093090057373047
2017-02-27,extended,60,expanding,0.28920838236808777,0.34790754318237305
2017-02-28,extended,60,expanding,0.2856677174568176,0.34924107789993286
2017-03-01,extended,60,expanding,0.377248615026474,0.45358526706695557
2017-03-02,extended,60,expanding,0.38693761825561523,0.4945101737976074
2017-03-03,extended,60,expanding,0.31391921639442444,0.3198198676109314
2017-03-06,extended,60,expanding,0.305844247341156,0.34734979271888733
2017-03-07,extended,60,expanding,0.30975478887557983,0.3359385132789612
2017-03-08,extended,60,expanding,0.3364221751689911,0.5541276931762695
2017-03-09,extended,60,expanding,0.349087119102478,0.40985769033432007
2017-03-10,extended,60,expanding,0.37227576971054077,0.3785891532897949
2017-03-13,extended,60,expanding,0.2337055802345276,0.32120180130004883
2017-03-14,extended,60,expanding,0.37985166907310486,0.3282090425491333
2017-03-15,extended,60,expanding,0.42964404821395874,0.48881807923316956
2017-03-16,extended,60,expanding,0.32268214225769043,0.3798327147960663
2017-03-17,extended,60,expanding,0.2527070939540863,0.2942255139350891
2017-03-20,extended,60,expanding,0.3469682037830353,0.3048657178878784
2017-03-21,extended,60,expanding,0.6479567885398865,0.6548309326171875
2017-03-22,extended,60,expanding,0.5360957384109497,0.4728549122810364
2017-03-23,extended,60,expanding,0.5107344388961792,0.515484094619751
2017-03-24,extended,60,expanding,0.5062916874885559,0.5313428640365601
2017-03-27,extended,60,expanding,0.4787888824939728,0.5617575645446777
2017-03-28,extended,60,expanding,0.4661623537540436,0.48599773645401
2017-03-29,extended,60,expanding,0.3232223391532898,0.33118924498558044
2017-03-30,extended,60,expanding,0.2998308837413788,0.3247339427471161
2017-03-31,extended,60,expanding,0.3427317142486572,0.27034735679626465
2017-04-03,extended,60,expanding,0.49364250898361206,0.4705466032028198
2017-04-04,extended,60,expanding,0.3619523346424103,0.34665927290916443
2017-04-05,extended,60,expanding,0.6213233470916748,0.5573567748069763
2017-04-06,extended,60,expanding,0.5119221210479736,0.44757962226867676
2017-04-07,extended,60,expanding,0.44955167174339294,0.4165573716163635
2017-04-10,extended,60,expanding,0.4825155735015869,0.3842642903327942
2017-04-11,extended,60,expanding,0.5633184313774109,0.5214441418647766
2017-04-12,extended,60,expanding,0.4779595732688904,0.45719394087791443
2017-04-13,extended,60,expanding,0.48874613642692566,0.5682789087295532
2017-04-17,extended,60,expanding,0.3559204041957855,0.40802282094955444
2017-04-18,extended,60,expanding,0.42907586693763733,0.4290035367012024
2017-04-19,extended,60,expanding,0.36144882440567017,0.6305432915687561
2017-04-20,extended,60,expanding,0.35535743832588196,0.40429335832595825
2017-04-21,extended,60,expanding,0.3804391920566559,0.3630807399749756
2017-04-24,extended,60,expanding,0.29089903831481934,0.2702370882034302
2017-04-25,extended,60,expanding,0.26883623003959656,0.284397155046463
2017-04-26,extended,60,expanding,0.47160688042640686,0.31525394320487976
2017-04-27,extended,60,expanding,0.3280641734600067,0.3460773229598999
2017-04-28,extended,60,expanding,0.29768356680870056,0.30516567826271057
2017-05-01,extended,60,expanding,0.2744441032409668,0.2813957929611206
2017-05-02,extended,60,expanding,0.24161285161972046,0.3112650513648987
2017-05-03,extended,60,expanding,0.2866865396499634,0.34644538164138794
2017-05-04,extended,60,expanding,0.3698002099990845,0.37578728795051575
2017-05-05,extended,60,expanding,0.2362615019083023,0.2714851200580597
2017-05-08,extended,60,expanding,0.2636096775531769,0.265079140663147
2017-05-09,extended,60,expanding,0.2550305724143982,0.4226517677307129
2017-05-10,extended,60,expanding,0.2191449999809265,0.25656649470329285
2017-05-11,extended,60,expanding,0.34043386578559875,0.3344874978065491
2017-05-12,extended,60,expanding,0.2339843213558197,0.2542140483856201
2017-05-15,extended,60,expanding,0.234304741024971,0.25203368067741394
2017-05-16,extended,60,expanding,0.2754415273666382,0.31184929609298706
2017-05-17,extended,60,expanding,0.5703036785125732,0.7422254085540771
2017-05-18,extended,60,expanding,0.6583026647567749,0.4793816804885864
2017-05-19,extended,60,expanding,0.366624653339386,0.4633297920227051
2017-05-22,extended,60,expanding,0.25279611349105835,0.28769779205322266
2017-05-23,extended,60,expanding,0.23059110343456268,0.27953773736953735
2017-05-24,extended,60,expanding,0.22190330922603607,0.2549169957637787
2017-05-25,extended,60,expanding,0.29225000739097595,0.346668541431427
2017-05-26,extended,60,expanding,0.19085313379764557,0.20269173383712769
2017-05-30,extended,60,expanding,0.20878863334655762,0.24905046820640564
2017-05-31,extended,60,expanding,0.38006359338760376,0.3410692512989044
2017-06-01,extended,60,expanding,0.2832896113395691,0.31919461488723755
2017-06-02,extended,60,expanding,0.26777559518814087,0.2805095911026001
2017-06-05,extended,60,expanding,0.21972046792507172,0.21414026618003845
2017-06-06,extended,60,expanding,0.29198187589645386,0.2629178762435913
2017-06-07,extended,60,expanding,0.2931000292301178,0.41677242517471313
2017-06-08,extended,60,expanding,0.36013472080230713,0.30263131856918335
2017-06-09,extended,60,expanding,0.5997708439826965,0.5777757167816162
2017-06-12,extended,60,expanding,0.4464995563030243,0.3144470453262329
2017-06-13,extended,60,expanding,0.2831891179084778,0.288697212934494
2017-06-14,extended,60,expanding,0.452065646648407,0.4423196017742157
2017-06-15,extended,60,expanding,0.40803006291389465,0.4266771972179413
2017-06-16,extended,60,expanding,0.33470094203948975,0.3075973093509674
2017-06-19,extended,60,expanding,0.24239997565746307,0.2782571315765381
2017-06-20,extended,60,expanding,0.31976082921028137,0.3896590769290924
2017-06-21,extended,60,expanding,0.35946547985076904,0.3580450117588043
2017-06-22,extended,60,expanding,0.2689540386199951,0.30238601565361023
2017-06-23,extended,60,expanding,0.2873464822769165,0.2792392373085022
2017-06-26,extended,60,expanding,0.3764224648475647,0.304006427526474
2017-06-27,extended,60,expanding,0.4419737458229065,0.5388281345367432
2017-06-28,extended,60,expanding,0.4040771722793579,0.3565409779548645
2017-06-29,extended,60,expanding,0.6913115382194519,0.6185899376869202
2017-06-30,extended,60,expanding,0.438387393951416,0.3328745365142822
2017-07-03,extended,60,expanding,0.3407587707042694,0.3436049222946167
2017-07-05,extended,60,expanding,0.34755653142929077,0.44796618819236755
2017-07-06,extended,60,expanding,0.4471803903579712,0.4665232002735138
2017-07-07,extended,60,expanding,0.3036389648914337,0.3799283802509308
2017-07-10,extended,60,expanding,0.2508412003517151,0.2953183650970459
2017-07-11,extended,60,expanding,0.4518721401691437,0.4040246903896332
2017-07-12,extended,60,expanding,0.31362855434417725,0.34356775879859924
2017-07-13,extended,60,expanding,0.21801908314228058,0.29279953241348267
2017-07-14,extended,60,expanding,0.21768583357334137,0.3480679392814636
2017-07-17,extended,60,expanding,0.17704883217811584,0.2199799120426178
2017-07-18,extended,60,expanding,0.29776206612586975,0.2899123430252075
2017-07-19,extended,60,expanding,0.1982658952474594,0.29313719272613525
2017-07-20,extended,60,expanding,0.2855852246284485,0.2664354741573334
2017-07-21,extended,60,expanding,0.21564951539039612,0.25744467973709106
2017-07-24,extended,60,expanding,0.18798159062862396,0.24607586860656738
2017-07-25,extended,60,expanding,0.198478102684021,0.26478826999664307
2017-07-26,extended,60,expanding,0.2417433112859726,0.30381807684898376
2017-07-27,extended,60,expanding,0.5124894380569458,0.4729761779308319
2017-07-28,extended,60,expanding,0.27705153822898865,0.31955665349960327
2017-07-31,extended,60,expanding,0.27641624212265015,0.2841801643371582
2017-08-01,extended,60,expanding,0.26178157329559326,0.31171882152557373
2017-08-02,extended,60,expanding,0.36391228437423706,0.358640193939209
2017-08-03,extended,60,expanding,0.2669261693954468,0.3202468156814575
2017-08-04,extended,60,expanding,0.27783048152923584,0.31141358613967896
2017-08-07,extended,60,expanding,0.1396302729845047,0.21887525916099548
2017-08-08,extended,60,expanding,0.32645314931869507,0.40185117721557617
2017-08-09,extended,60,expanding,0.42734795808792114,0.3556387722492218
2017-08-10,extended,60,expanding,0.5539331436157227,0.6727803349494934
2017-08-11,extended,60,expanding,0.40293288230895996,0.35222992300987244
2017-08-14,extended,60,expanding,0.3197154700756073,0.37614309787750244
2017-08-15,extended,60,expanding,0.2756270468235016,0.33971863985061646
2017-08-16,extended,60,expanding,0.3098800778388977,0.34394025802612305
2017-08-17,extended,60,expanding,0.5666921734809875,0.591607928276062
2017-08-18,extended,60,expanding,0.5396871566772461,0.4744254946708679
2017-08-21,extended,60,expanding,0.3802880346775055,0.4036864638328552
2017-08-22,extended,60,expanding,0.3325574994087219,0.43211567401885986
2017-08-23,extended,60,expanding,0.33482450246810913,0.39533546566963196
2017-08-24,extended,60,expanding,0.4081401824951172,0.3826964795589447
2017-08-25,extended,60,expanding,0.35221168398857117,0.330366849899292
2017-08-28,extended,60,expanding,0.27280107140541077,0.2978717088699341
2017-08-29,extended,60,expanding,0.3023466169834137,0.4428473114967346
2017-08-30,extended,60,expanding,0.28190580010414124,0.41903987526893616
2017-08-31,extended,60,expanding,0.28774911165237427,0.3074052333831787
2017-09-01,extended,60,expanding,0.2610171437263489,0.23642560839653015
2017-09-05,extended,60,expanding,0.5872742533683777,0.5217043161392212
2017-09-06,extended,60,expanding,0.268234521150589,0.3520295023918152
2017-09-07,extended,60,expanding,0.3488328754901886,0.34033578634262085
2017-09-08,extended,60,expanding,0.26214608550071716,0.31342995166778564
2017-09-11,extended,60,expanding,0.27913767099380493,0.332800954580307
2017-09-12,extended,60,expanding,0.21457931399345398,0.2380814254283905
2017-09-13,extended,60,expanding,0.18590152263641357,0.2732083201408386
2017-09-14,extended,60,expanding,0.2049117535352707,0.2613971531391144
2017-09-15,extended,60,expanding,0.1887010931968689,0.1981372833251953
2017-09-18,extended,60,expanding,0.22692590951919556,0.22367392480373383
2017-09-19,extended,60,expanding,0.20944732427597046,0.22295090556144714
2017-09-20,extended,60,expanding,0.3194049298763275,0.3218280076980591
2017-09-21,extended,60,expanding,0.27827996015548706,0.29196053743362427
2017-09-22,extended,60,expanding,0.18659909069538116,0.2465612292289734
2017-09-25,extended,60,expanding,0.3676814138889313,0.3310573101043701
2017-09-26,extended,60,expanding,0.2561092972755432,0.3436585068702698
2017-09-27,extended,60,expanding,0.3316907584667206,0.35995233058929443
2017-09-28,extended,60,expanding,0.22696463763713837,0.2777825593948364
2017-09-29,extended,60,expanding,0.2212851494550705,0.2486753612756729
2017-10-02,extended,60,expanding,0.23387622833251953,0.298111230134964
2017-10-03,extended,60,expanding,0.20675358176231384,0.23299303650856018
2017-10-04,extended,60,expanding,0.22618231177330017,0.25858914852142334
2017-10-05,extended,60,expanding,0.2003074586391449,0.2894270718097687
2017-10-06,extended,60,expanding,0.21610863506793976,0.22955410182476044
2017-10-09,extended,60,expanding,0.19429978728294373,0.2548355460166931
2017-10-10,extended,60,expanding,0.2679659426212311,0.3078900873661041
2017-10-11,extended,60,expanding,0.18613363802433014,0.24962544441223145
2017-10-12,extended,60,expanding,0.19867780804634094,0.2858065962791443
2017-10-13,extended,60,expanding,0.18884645402431488,0.23287878930568695
2017-10-16,extended,60,expanding,0.1969553828239441,0.22435519099235535
2017-10-17,extended,60,expanding,0.15306545794010162,0.2504783272743225
2017-10-18,extended,60,expanding,0.1756894290447235,0.2430199384689331
2017-10-19,extended,60,expanding,0.23393860459327698,0.3121761977672577
2017-10-20,extended,60,expanding,0.20694197714328766,0.24827805161476135
2017-10-23,extended,60,expanding,0.2227243334054947,0.299101859331131
2017-10-24,extended,60,expanding,0.25207167863845825,0.24666395783424377
2017-10-25,extended,60,expanding,0.469613641500473,0.4424994885921478
2017-10-26,extended,60,expanding,0.3526957333087921,0.37706613540649414
2017-10-27,extended,60,expanding,0.3585015535354614,0.3320842683315277
2017-10-30,extended,60,expanding,0.3192252218723297,0.30699947476387024
2017-10-31,extended,60,expanding,0.19606314599514008,0.2698057293891907
2017-11-01,extended,60,expanding,0.3145422637462616,0.3121112585067749
2017-11-02,extended,60,expanding,0.4012853801250458,0.3172580599784851
2017-11-03,extended,60,expanding,0.21144944429397583,0.2948002219200134
2017-11-06,extended,60,expanding,0.1756441593170166,0.2629712224006653
2017-11-07,extended,60,expanding,0.2885470390319824,0.2961231768131256
2017-11-08,extended,60,expanding,0.2377471625804901,0.30099719762802124
2017-11-09,extended,60,expanding,0.5260649919509888,0.40866631269454956
2017-11-10,extended,60,expanding,0.2622299790382385,0.29471084475517273
2017-11-13,extended,60,expanding,0.21883928775787354,0.3205643892288208
2017-11-14,extended,60,expanding,0.4390322268009186,0.3769456148147583
2017-11-15,extended,60,expanding,0.472497820854187,0.4292932152748108
2017-11-16,extended,60,expanding,0.28375008702278137,0.3901660442352295
2017-11-17,extended,60,expanding,0.2333579659461975,0.29530036449432373
2017-11-20,extended,60,expanding,0.21441274881362915,0.2865259051322937
2017-11-21,extended,60,expanding,0.21939651668071747,0.29232466220855713
2017-11-22,extended,60,expanding,0.16789111495018005,0.29988589882850647
2017-11-24,extended,60,expanding,0.11036571860313416,0.22271251678466797
2017-11-27,extended,60,expanding,0.21591709554195404,0.2486894279718399
2017-11-28,extended,60,expanding,0.332401305437088,0.3746354877948761
2017-11-29,extended,60,expanding,0.40184885263442993,0.3308033347129822
2017-11-30,extended,60,expanding,0.5227156281471252,0.3806438148021698
2017-12-01,extended,60,expanding,0.9422593116760254,0.717745304107666
2017-12-04,extended,60,expanding,0.47601592540740967,0.4797739088535309
2017-12-05,extended,60,expanding,0.40449535846710205,0.4384472966194153
2017-12-06,extended,60,expanding,0.36108317971229553,0.4015272855758667
2017-12-07,extended,60,expanding,0.2985341250896454,0.4277380108833313
2017-12-08,extended,60,expanding,0.2675434947013855,0.27356353402137756
2017-12-11,extended,60,expanding,0.2507210671901703,0.25792059302330017
2017-12-12,extended,60,expanding,0.25566771626472473,0.2850978374481201
2017-12-13,extended,60,expanding,0.34856224060058594,0.2933294475078583
2017-12-14,extended,60,expanding,0.34134772419929504,0.3550582528114319
2017-12-15,extended,60,expanding,0.3541978597640991,0.35099372267723083
2017-12-18,extended,60,expanding,0.2906266152858734,0.2669621706008911
2017-12-19,extended,60,expanding,0.2915348410606384,0.30755504965782166
2017-12-20,extended,60,expanding,0.36737746000289917,0.3355337977409363
2017-12-21,extended,60,expanding,0.28333720564842224,0.281013548374176
2017-12-22,extended,60,expanding,0.2097993791103363,0.2812196910381317
2017-12-26,extended,60,expanding,0.1740947812795639,0.28271347284317017
2017-12-27,extended,60,expanding,0.16462063789367676,0.2826399505138397
2017-12-28,extended,60,expanding,0.1265108734369278,0.2699523866176605
2017-12-29,extended,60,expanding,0.2589125633239746,0.3917433023452759
2018-01-02,extended,60,expanding,0.25719547271728516,0.2954791188240051
2018-01-03,extended,60,expanding,0.2391333281993866,0.3183574378490448
2018-01-04,extended,60,expanding,0.27034327387809753,0.274076908826828
2018-01-05,extended,60,expanding,0.28086626529693604,0.318793922662735
2018-01-08,extended,60,expanding,0.24695022404193878,0.2671489119529724
2018-01-09,extended,60,expanding,0.32538437843322754,0.2687544822692871
2018-01-10,extended,60,expanding,0.3415842354297638,0.33253517746925354
2018-01-11,extended,60,expanding,0.2641451954841614,0.3106306493282318
2018-01-12,extended,60,expanding,0.3210194706916809,0.35964056849479675
2018-01-16,extended,60,expanding,0.563125491142273,0.6572864651679993
2018-01-17,extended,60,expanding,0.4180128276348114,0.4333418309688568
2018-01-18,extended,60,expanding,0.46273958683013916,0.3322076201438904
2018-01-19,extended,60,expanding,0.35955312848091125,0.31976592540740967
2018-01-22,extended,60,expanding,0.351593017578125,0.3947584927082062
2018-01-23,extended,60,expanding,0.3242871165275574,0.30627673864364624
2018-01-24,extended,60,expanding,0.6133341789245605,0.5629429817199707
2018-01-25,extended,60,expanding,0.5513340830802917,0.4071095287799835
2018-01-26,extended,60,expanding,0.30169710516929626,0.4168875217437744
2018-01-29,extended,60,expanding,0.4727512300014496,0.4025365710258484
2018-01-30,extended,60,expanding,0.5910142064094543,0.46891725063323975
2018-01-31,extended,60,expanding,0.5719858407974243,0.5619392991065979
2018-02-01,extended,60,expanding,0.5780919790267944,0.5268291234970093
2018-02-02,extended,60,expanding,0.8375901579856873,0.957954466342926
2018-02-05,extended,60,expanding,2.1334946155548096,1.7780959606170654
2018-02-06,extended,60,expanding,2.579169988632202,2.390367269515991
2018-02-07,extended,60,expanding,1.404337763786316,1.7397148609161377
2018-02-08,extended,60,expanding,1.9079525470733643,2.037309408187866
2018-02-09,extended,60,expanding,2.5284788608551025,2.6210389137268066
2018-02-12,extended,60,expanding,1.2879538536071777,1.3065646886825562
2018-02-13,extended,60,expanding,0.8434237837791443,0.9821755886077881
2018-02-14,extended,60,expanding,0.9949487447738647,1.2337186336517334
2018-02-15,extended,60,expanding,0.857620358467102,0.9172062277793884
2018-02-16,extended,60,expanding,0.8491882085800171,0.8241854310035706
2018-02-20,extended,60,expanding,0.7607020139694214,0.7962815165519714
2018-02-21,extended,60,expanding,0.8796559572219849,1.0383529663085938
2018-02-22,extended,60,expanding,0.982450544834137,0.8340756297111511
2018-02-23,extended,60,expanding,0.6561958193778992,0.7647191882133484
2018-02-26,extended,60,expanding,0.5585577487945557,0.6129271388053894
2018-02-27,extended,60,expanding,0.8954675793647766,0.9444189071655273
2018-02-28,extended,60,expanding,0.8766345977783203,1.0435233116149902
2018-03-01,extended,60,expanding,1.5348745584487915,1.2980598211288452
2018-03-02,extended,60,expanding,1.091001272201538,1.2269847393035889
2018-03-05,extended,60,expanding,0.7670683860778809,1.0926399230957031
2018-03-06,extended,60,expanding,0.6781601309776306,0.6989124417304993
2018-03-07,extended,60,expanding,0.6853549480438232,0.7968924045562744
2018-03-08,extended,60,expanding,0.6589736342430115,0.6812121272087097
2018-03-09,extended,60,expanding,0.3784139156341553,0.6989589929580688
2018-03-12,extended,60,expanding,0.5329153537750244,0.4427414536476135
2018-03-13,extended,60,expanding,0.7008094787597656,0.8209538459777832
2018-03-14,extended,60,expanding,0.812177300453186,0.7141258716583252
2018-03-15,extended,60,expanding,0.5429506897926331,0.6619126796722412
2018-03-16,extended,60,expanding,0.43193814158439636,0.4565941095352173
2018-03-19,extended,60,expanding,0.7954359650611877,0.881553053855896
2018-03-20,extended,60,expanding,0.5796181559562683,0.5657874345779419
2018-03-21,extended,60,expanding,0.7872107028961182,0.7344895601272583
2018-03-22,extended,60,expanding,1.071126937866211,1.1878842115402222
2018-03-23,extended,60,expanding,1.2426462173461914,1.5444352626800537
2018-03-26,extended,60,expanding,1.1403673887252808,1.3138130903244019
2018-03-27,extended,60,expanding,1.3287451267242432,1.362752079963684
2018-03-28,extended,60,expanding,1.639723300933838,1.302611231803894
2018-03-29,extended,60,expanding,0.9809083342552185,1.143542766571045
2018-04-02,extended,60,expanding,1.3223576545715332,1.4809237718582153
2018-04-03,extended,60,expanding,1.3373339176177979,1.0072641372680664
2018-04-04,extended,60,expanding,1.143849492073059,1.5293983221054077
2018-04-05,extended,60,expanding,0.9285606741905212,0.7711871862411499
2018-04-06,extended,60,expanding,1.1584303379058838,1.2479569911956787
2018-04-09,extended,60,expanding,0.8719894289970398,1.0555765628814697
2018-04-10,extended,60,expanding,1.0520451068878174,0.7295510768890381
2018-04-11,extended,60,expanding,0.8680610656738281,0.7974954843521118
2018-04-12,extended,60,expanding,0.7068662047386169,0.7022426128387451
2018-04-13,extended,60,expanding,0.7889988422393799,0.8825095891952515
2018-04-16,extended,60,expanding,0.5640756487846375,0.5384475588798523
2018-04-17,extended,60,expanding,0.4062032103538513,0.5265029072761536
2018-04-18,extended,60,expanding,0.4752669334411621,0.41416341066360474
2018-04-19,extended,60,expanding,0.6005023717880249,0.5807982683181763
2018-04-20,extended,60,expanding,0.7222591042518616,0.760359525680542
2018-04-23,extended,60,expanding,0.6041501760482788,0.6805051565170288
2018-04-24,extended,60,expanding,1.1863954067230225,1.1342904567718506
2018-04-25,extended,60,expanding,1.002812147140503,0.8587304949760437
2018-04-26,extended,60,expanding,0.6151542067527771,0.7732047438621521
2018-04-27,extended,60,expanding,0.5787578821182251,0.5746675729751587
2018-04-30,extended,60,expanding,0.6815624833106995,0.7709517478942871
2018-05-01,extended,60,expanding,0.6890027523040771,0.7703568339347839
2018-05-02,extended,60,expanding,0.6919511556625366,0.7061040997505188
2018-05-03,extended,60,expanding,1.0050013065338135,1.0030696392059326
2018-05-04,extended,60,expanding,0.6681065559387207,1.0577998161315918
2018-05-07,extended,60,expanding,0.5244778394699097,0.47309982776641846
2018-05-08,extended,60,expanding,0.6726407408714294,0.5924116969108582
2018-05-09,extended,60,expanding,0.5446033477783203,0.5625942945480347
2018-05-10,extended,60,expanding,0.44842496514320374,0.5157826542854309
2018-05-11,extended,60,expanding,0.45406439900398254,0.38846534490585327
2018-05-14,extended,60,expanding,0.437887579202652,0.3980862498283386
2018-05-15,extended,60,expanding,0.6276284456253052,0.4405295252799988
2018-05-16,extended,60,expanding,0.40248987078666687,0.4326241612434387
2018-05-17,extended,60,expanding,0.44504034519195557,0.4695669412612915
2018-05-18,extended,60,expanding,0.4612334668636322,0.4015427231788635
2018-05-21,extended,60,expanding,0.5162333846092224,0.37179499864578247
2018-05-22,extended,60,expanding,0.3770540654659271,0.4543135464191437
2018-05-23,extended,60,expanding,0.5340638160705566,0.47915470600128174
2018-05-24,extended,60,expanding,0.5723243951797485,0.510175347328186
2018-05-25,extended,60,expanding,0.40245509147644043,0.4741132855415344
2018-05-29,extended,60,expanding,0.7598915100097656,0.6781451106071472
2018-05-30,extended,60,expanding,0.4607102572917938,0.5738085508346558
2018-05-31,extended,60,expanding,0.632694661617279,0.593131959438324
2018-06-01,extended,60,expanding,0.4482681453227997,0.42886078357696533
2018-06-04,extended,60,expanding,0.3107287883758545,0.3636464774608612
2018-06-05,extended,60,expanding,0.4015713632106781,0.3538548946380615
2018-06-06,extended,60,expanding,0.38857004046440125,0.4299302101135254
2018-06-07,extended,60,expanding,0.5433858633041382,0.39925897121429443
2018-06-08,extended,60,expanding,0.36156541109085083,0.33725476264953613
2018-06-11,extended,60,expanding,0.2741956114768982,0.3631834387779236
2018-06-12,extended,60,expanding,0.29102885723114014,0.33946651220321655
2018-06-13,extended,60,expanding,0.41145262122154236,0.42404478788375854
2018-06-14,extended,60,expanding,0.3348427414894104,0.4486353099346161
2018-06-15,extended,60,expanding,0.5051054358482361,0.46840161085128784
2018-06-18,extended,60,expanding,0.45607635378837585,0.4062836170196533
2018-06-19,extended,60,expanding,0.4644145965576172,0.5168812274932861
2018-06-20,extended,60,expanding,0.28303611278533936,0.41004303097724915
2018-06-21,extended,60,expanding,0.5510256886482239,0.4917008876800537
2018-06-22,extended,60,expanding,0.3907091021537781,0.37188827991485596
2018-06-25,extended,60,expanding,0.9079411625862122,0.7261508107185364
2018-06-26,extended,60,expanding,0.5384148359298706,0.46375221014022827
2018-06-27,extended,60,expanding,0.8615435361862183,0.8409738540649414
2018-06-28,extended,60,expanding,0.7607877850532532,0.6501043438911438
2018-06-29,extended,60,expanding,0.4975632429122925,0.5674160718917847
2018-07-02,extended,60,expanding,0.622246265411377,0.5163282752037048
2018-07-03,extended,60,expanding,0.3767855167388916,0.652417004108429
2018-07-05,extended,60,expanding,0.5331748127937317,0.4236859083175659
2018-07-06,extended,60,expanding,0.47719353437423706,0.4926133155822754
2018-07-09,extended,60,expanding,0.3321104347705841,0.30382993817329407
2018-07-10,extended,60,expanding,0.33783769607543945,0.2866707444190979
2018-07-11,extended,60,expanding,0.44071194529533386,0.5525331497192383
2018-07-12,extended,60,expanding,0.4066295921802521,0.34122854471206665
2018-07-13,extended,60,expanding,0.30671635270118713,0.28445565700531006
2018-07-16,extended,60,expanding,0.30701136589050293,0.3212225139141083
2018-07-17,extended,60,expanding,0.350209504365921,0.3867674469947815
2018-07-18,extended,60,expanding,0.24477341771125793,0.3019799292087555
2018-07-19,extended,60,expanding,0.392339289188385,0.3195769488811493
2018-07-20,extended,60,expanding,0.30862411856651306,0.3209306597709656
2018-07-24,extended,60,expanding,0.4598580300807953,0.32039833068847656
2018-07-25,extended,60,expanding,0.46678847074508667,0.44787371158599854
2018-07-26,extended,60,expanding,0.3454607427120209,0.31772443652153015
2018-07-27,extended,60,expanding,0.5538758039474487,0.48672327399253845
2018-07-30,extended,60,expanding,0.5101690292358398,0.41190841794013977
2018-07-31,extended,60,expanding,0.4386136531829834,0.35264357924461365
2018-08-01,extended,60,expanding,0.34442010521888733,0.4519423842430115
2018-08-02,extended,60,expanding,0.37689298391342163,0.481340616941452
2018-08-03,extended,60,expanding,0.30071821808815,0.3375203311443329
2018-08-06,extended,60,expanding,0.2628695070743561,0.29986345767974854
2018-08-07,extended,60,expanding,0.2995876967906952,0.27711886167526245
2018-08-08,extended,60,expanding,0.2761630713939667,0.32316890358924866
2018-08-09,extended,60,expanding,0.2743910849094391,0.32519882917404175
2018-08-10,extended,60,expanding,0.4782765805721283,0.4065856337547302
2018-08-13,extended,60,expanding,0.5069187879562378,0.4564349949359894
2018-08-14,extended,60,expanding,0.42172709107398987,0.4408738911151886
2018-08-15,extended,60,expanding,0.670335590839386,0.5497598648071289
2018-08-16,extended,60,expanding,0.40460681915283203,0.3930148482322693
2018-08-17,extended,60,expanding,0.41838735342025757,0.3543578088283539
2018-08-20,extended,60,expanding,0.28990715742111206,0.29651448130607605
2018-08-21,extended,60,expanding,0.299259215593338,0.3136034607887268
2018-08-22,extended,60,expanding,0.3138015866279602,0.30922645330429077
2018-08-23,extended,60,expanding,0.3584616482257843,0.35215720534324646
2018-08-24,extended,60,expanding,0.2962871491909027,0.31940504908561707
2018-08-27,extended,60,expanding,0.2930699288845062,0.28531521558761597
2018-08-28,extended,60,expanding,0.30566510558128357,0.2975553572177887
2018-08-29,extended,60,expanding,0.2594495415687561,0.3158438801765442
2018-08-30,extended,60,expanding,0.44833794236183167,0.3299042582511902
2018-08-31,extended,60,expanding,0.3859144449234009,0.32442060112953186
2018-09-04,extended,60,expanding,0.48069384694099426,0.32917943596839905
2018-09-05,extended,60,expanding,0.5920611619949341,0.3938990533351898
2018-09-06,extended,60,expanding,0.5906903147697449,0.4739527404308319
2018-09-07,extended,60,expanding,0.6175907254219055,0.40295422077178955
2018-09-10,extended,60,expanding,0.32056400179862976,0.3350449204444885
2018-09-11,extended,60,expanding,0.38368093967437744,0.3993612825870514
2018-09-12,extended,60,expanding,0.49884432554244995,0.3425423502922058
2018-09-13,extended,60,expanding,0.35673806071281433,0.3217126429080963
2018-09-14,extended,60,expanding,0.3571789264678955,0.29614150524139404
2018-09-17,extended,60,expanding,0.29021525382995605,0.4315175712108612
2018-09-18,extended,60,expanding,0.37742602825164795,0.3465172350406647
2018-09-19,extended,60,expanding,0.3261069655418396,0.30029597878456116
2018-09-20,extended,60,expanding,0.2882997393608093,0.3298147916793823
2018-09-21,extended,60,expanding,0.26033905148506165,0.29835447669029236
2018-09-24,extended,60,expanding,0.33471453189849854,0.26741522550582886
2018-09-25,extended,60,expanding,0.28322121500968933,0.3018777370452881
2018-09-26,extended,60,expanding,0.4872455298900604,0.5326099991798401
2018-09-27,extended,60,expanding,0.31215161085128784,0.4773569405078888
2018-09-28,extended,60,expanding,0.3414154350757599,0.34461507201194763
2018-10-01,extended,60,expanding,0.3524417281150818,0.32648879289627075
2018-10-02,extended,60,expanding,0.3973557651042938,0.35796844959259033
2018-10-03,extended,60,expanding,0.4013533592224121,0.3983362317085266
2018-10-04,extended,60,expanding,0.6643069982528687,0.6793521642684937
2018-10-05,extended,60,expanding,0.6507703065872192,0.7667665481567383
2018-10-08,extended,60,expanding,0.6626729369163513,0.572062611579895
2018-10-09,extended,60,expanding,0.6490383744239807,0.513903021812439
2018-10-10,extended,60,expanding,1.2177910804748535,1.3500423431396484
2018-10-11,extended,60,expanding,1.9543243646621704,1.7862812280654907
2018-10-12,extended,60,expanding,1.4076210260391235,1.4085956811904907
2018-10-15,extended,60,expanding,0.8860245943069458,0.9596136808395386
2018-10-16,extended,60,expanding,0.6799200177192688,1.0449788570404053
2018-10-17,extended,60,expanding,1.0294368267059326,1.012869954109192
2018-10-18,extended,60,expanding,1.1210793256759644,1.0662132501602173
2018-10-19,extended,60,expanding,0.9384655356407166,1.0080132484436035
2018-10-22,extended,60,expanding,0.9413435459136963,0.8055142164230347
2018-10-23,extended,60,expanding,1.1342304944992065,1.522535800933838
2018-10-24,extended,60,expanding,1.3328379392623901,1.8700499534606934
2018-10-25,extended,60,expanding,1.0052441358566284,1.3117772340774536
2018-10-26,extended,60,expanding,1.794838309288025,1.5046944618225098
2018-10-29,extended,60,expanding,1.738034725189209,2.435641050338745
2018-10-30,extended,60,expanding,1.539250135421753,1.3408406972885132
2018-10-31,extended,60,expanding,0.9092718362808228,0.9258782863616943
2018-11-01,extended,60,expanding,0.8322470188140869,0.9961119890213013
2018-11-02,extended,60,expanding,1.2750682830810547,1.33883535861969
2018-11-05,extended,60,expanding,0.5938044786453247,0.7223855257034302
2018-11-06,extended,60,expanding,0.6082685589790344,0.6346558332443237
2018-11-07,extended,60,expanding,0.6388793587684631,0.7630249261856079
2018-11-08,extended,60,expanding,0.6680996417999268,0.717105507850647
2018-11-09,extended,60,expanding,0.7428414821624756,0.7104108333587646
2018-11-12,extended,60,expanding,0.9620618224143982,0.9671865701675415
2018-11-13,extended,60,expanding,1.2956187725067139,0.9052352905273438
2018-11-14,extended,60,expanding,1.1310672760009766,1.3184638023376465
2018-11-15,extended,60,expanding,1.3653268814086914,1.2660212516784668
2018-11-16,extended,60,expanding,0.9045296311378479,0.8863797783851624
2018-11-19,extended,60,expanding,1.0724596977233887,0.9913696050643921
2018-11-20,extended,60,expanding,1.3623071908950806,1.1361054182052612
2018-11-21,extended,60,expanding,0.6101160049438477,0.869511604309082
2018-11-23,extended,60,expanding,0.5092489719390869,0.9339231252670288
2018-11-26,extended,60,expanding,0.7374189496040344,0.6255065202713013
2018-11-27,extended,60,expanding,0.7982913255691528,0.6455910205841064
2018-11-28,extended,60,expanding,0.9434499144554138,0.9619786739349365
2018-11-29,extended,60,expanding,0.6756272315979004,0.6379378437995911
2018-11-30,extended,60,expanding,0.5261071920394897,0.5873591899871826
2018-12-03,extended,60,expanding,0.8151037096977234,0.5342316031455994
2018-12-04,extended,60,expanding,1.1799900531768799,1.1944856643676758
2018-12-06,extended,60,expanding,1.5504341125488281,1.518241047859192
2018-12-07,extended,60,expanding,1.5898981094360352,1.5463557243347168
2018-12-10,extended,60,expanding,1.7373623847961426,1.587040901184082
2018-12-11,extended,60,expanding,1.28213632106781,1.3620730638504028
2018-12-12,extended,60,expanding,0.9634395837783813,1.0752785205841064
2018-12-13,extended,60,expanding,1.0447652339935303,0.9998849034309387
2018-12-14,extended,60,expanding,1.04728364944458,1.2337226867675781
2018-12-17,extended,60,expanding,1.2297033071517944,1.6415104866027832
2018-12-18,extended,60,expanding,1.2986133098602295,1.5324585437774658
2018-12-19,extended,60,expanding,2.5571506023406982,1.8383538722991943
2018-12-20,extended,60,expanding,2.0046980381011963,1.9926013946533203
2018-12-21,extended,60,expanding,1.8774447441101074,2.4500679969787598
2018-12-24,extended,60,expanding,1.5034970045089722,2.0037729740142822
2018-12-26,extended,60,expanding,2.044049024581909,2.1779978275299072
2018-12-27,extended,60,expanding,2.154985189437866,2.4420619010925293
2018-12-28,extended,60,expanding,1.4510945081710815,1.5369515419006348
2018-12-31,extended,60,expanding,1.1217206716537476,1.0052695274353027
2019-01-02,extended,60,expanding,1.2916089296340942,1.5417888164520264
2019-01-03,extended,60,expanding,1.6084506511688232,1.4317700862884521
2019-01-04,extended,60,expanding,1.282686710357666,1.3140413761138916
2019-01-07,extended,60,expanding,0.8961573839187622,1.0717861652374268
2019-01-08,extended,60,expanding,1.025984764099121,0.8204362392425537
2019-01-09,extended,60,expanding,0.8832773566246033,0.8347327709197998
2019-01-10,extended,60,expanding,0.8057568073272705,0.9918942451477051
2019-01-11,extended,60,expanding,0.5889307260513306,0.666309654712677
2019-01-14,extended,60,expanding,0.6399967670440674,0.668499767780304
2019-01-15,extended,60,expanding,0.7307559847831726,0.6423818469047546
2019-01-16,extended,60,expanding,0.5263264179229736,0.5836018919944763
2019-01-17,extended,60,expanding,0.767708420753479,0.6899620294570923
2019-01-18,extended,60,expanding,0.633594274520874,0.5882355570793152
2019-01-22,extended,60,expanding,0.9370439648628235,0.8777734637260437
2019-01-23,extended,60,expanding,0.8119885325431824,0.7917340397834778
2019-01-24,extended,60,expanding,0.5718965530395508,0.6225703358650208
2019-01-25,extended,60,expanding,0.47438371181488037,0.5580056309700012
2019-01-28,extended,60,expanding,0.7882828712463379,0.6833744645118713
2019-01-29,extended,60,expanding,0.6052195429801941,0.569411039352417
2019-01-30,extended,60,expanding,0.8665881156921387,0.6731417179107666
2019-01-31,extended,60,expanding,0.6442115902900696,0.5980871915817261
2019-02-01,extended,60,expanding,0.6480256915092468,0.5171875357627869
2019-02-04,extended,60,expanding,0.5007431507110596,0.5649881958961487
2019-02-05,extended,60,expanding,0.4210377335548401,0.5124438405036926
2019-02-06,extended,60,expanding,0.4585573375225067,0.5119319558143616
2019-02-07,extended,60,expanding,0.8123490810394287,0.7080355286598206
2019-02-08,extended,60,expanding,0.5737097263336182,0.5890570878982544
2019-02-11,extended,60,expanding,0.5052937269210815,0.5620774030685425
2019-02-12,extended,60,expanding,0.45354849100112915,0.5201234221458435
2019-02-13,extended,60,expanding,0.44447576999664307,0.4685690701007843
2019-02-14,extended,60,expanding,0.6654919385910034,0.5505057573318481
2019-02-15,extended,60,expanding,0.4551266133785248,0.4222894608974457
2019-02-19,extended,60,expanding,0.34569603204727173,0.5004374980926514
2019-02-20,extended,60,expanding,0.5014521479606628,0.42936500906944275
2019-02-21,extended,60,expanding,0.4766828715801239,0.46472665667533875
2019-02-22,extended,60,expanding,0.38043972849845886,0.4174717962741852
2019-02-25,extended,60,expanding,0.39038386940956116,0.4639737606048584
2019-02-26,extended,60,expanding,0.5142022967338562,0.42811349034309387
2019-02-27,extended,60,expanding,0.4799896776676178,0.48245444893836975
2019-02-28,extended,60,expanding,0.39384710788726807,0.43574994802474976
2019-03-01,extended,60,expanding,0.49128231406211853,0.48632532358169556
2019-03-04,extended,60,expanding,0.7707260847091675,0.7330442667007446
2019-03-05,extended,60,expanding,0.49229854345321655,0.4300517737865448
2019-03-06,extended,60,expanding,0.5115445256233215,0.5526221394538879
2019-03-07,extended,60,expanding,0.6930190920829773,0.654390811920166
2019-03-08,extended,60,expanding,0.7230079174041748,0.5559244155883789
2019-03-11,extended,60,expanding,0.43548154830932617,0.6496994495391846
2019-03-12,extended,60,expanding,0.46117103099823,0.39033806324005127
2019-03-13,extended,60,expanding,0.4200143814086914,0.4328470826148987
2019-03-14,extended,60,expanding,0.36421307921409607,0.3933175504207611
2019-03-15,extended,60,expanding,0.4221574366092682,0.36603808403015137
2019-03-18,extended,60,expanding,0.4234671890735626,0.3345136046409607
2019-03-19,extended,60,expanding,0.7005837559700012,0.4619411826133728
2019-03-20,extended,60,expanding,0.7935640811920166,0.5312210917472839
2019-03-21,extended,60,expanding,0.5187143087387085,0.6753572821617126
2019-03-22,extended,60,expanding,0.9328145384788513,0.824912965297699
2019-03-25,extended,60,expanding,0.8673983812332153,0.5036777853965759
2019-03-26,extended,60,expanding,0.6736325025558472,0.6093042492866516
2019-03-27,extended,60,expanding,0.7458823919296265,0.6916577219963074
2019-03-28,extended,60,expanding,0.5232803821563721,0.5194551944732666
2019-03-29,extended,60,expanding,0.48601382970809937,0.42422232031822205
2019-04-01,extended,60,expanding,0.447508841753006,0.3658018708229065
2019-04-02,extended,60,expanding,0.36200863122940063,0.33710968494415283
2019-04-03,extended,60,expanding,0.41066625714302063,0.37642887234687805
2019-04-04,extended,60,expanding,0.4444657564163208,0.343003511428833
2019-04-05,extended,60,expanding,0.3059298098087311,0.31604090332984924
2019-04-08,extended,60,expanding,0.31612223386764526,0.3320949673652649
2019-04-09,extended,60,expanding,0.47394269704818726,0.4206561744213104
2019-04-10,extended,60,expanding,0.31667304039001465,0.38155850768089294
2019-04-11,extended,60,expanding,0.3537755310535431,0.3762047588825226
2019-04-12,extended,60,expanding,0.34376564621925354,0.34210285544395447
2019-04-15,extended,60,expanding,0.2648658752441406,0.3544647693634033
2019-04-16,extended,60,expanding,0.32444918155670166,0.3597880005836487
2019-04-17,extended,60,expanding,0.4159967601299286,0.45248013734817505
2019-04-18,extended,60,expanding,0.36218738555908203,0.42196860909461975
2019-04-22,extended,60,expanding,0.2591157555580139,0.36655887961387634
2019-04-23,extended,60,expanding,0.3684594929218292,0.44118162989616394
2019-04-24,extended,60,expanding,0.32863712310791016,0.41749489307403564
2019-04-25,extended,60,expanding,0.538732647895813,0.42384234070777893
2019-04-26,extended,60,expanding,0.3933480381965637,0.42445120215415955
2019-04-29,extended,60,expanding,0.23422382771968842,0.3203090727329254
2019-04-30,extended,60,expanding,0.41913118958473206,0.3848191499710083
2019-05-01,extended,60,expanding,0.5829194784164429,0.5376137495040894
2019-05-02,extended,60,expanding,0.6634807586669922,0.5545250773429871
2019-05-03,extended,60,expanding,0.354922354221344,0.40271806716918945
2019-05-06,extended,60,expanding,0.519212007522583,0.6242191195487976
2019-05-07,extended,60,expanding,1.0159720182418823,0.8152298331260681
2019-05-08,extended,60,expanding,0.6873363256454468,0.567925751209259
2019-05-09,extended,60,expanding,1.002440094947815,0.7672552466392517
2019-05-10,extended,60,expanding,1.0317684412002563,1.0948461294174194
2019-05-13,extended,60,expanding,0.996934711933136,1.0869349241256714
2019-05-14,extended,60,expanding,0.7252347469329834,0.7330254912376404
2019-05-15,extended,60,expanding,0.7129424214363098,0.8270035982131958
2019-05-16,extended,60,expanding,0.5426786541938782,0.6677200198173523
2019-05-17,extended,60,expanding,0.7289981245994568,0.6481900811195374
2019-05-20,extended,60,expanding,0.6784613728523254,0.4740314781665802
2019-05-21,extended,60,expanding,0.4157550036907196,0.3848908841609955
2019-05-22,extended,60,expanding,0.4410749673843384,0.4545711874961853
2019-05-23,extended,60,expanding,0.7769797444343567,0.7808889746665955
2019-05-24,extended,60,expanding,0.5278379321098328,0.48500144481658936
2019-05-28,extended,60,expanding,0.5385770201683044,0.7755604386329651
2019-05-29,extended,60,expanding,0.8417448401451111,0.7097844481468201
2019-05-30,extended,60,expanding,0.5976586937904358,0.7000982761383057
2019-05-31,extended,60,expanding,0.6787981390953064,0.8704847693443298
2019-06-03,extended,60,expanding,0.9659943580627441,0.9128483533859253
2019-06-04,extended,60,expanding,0.6540851593017578,0.7614399790763855
2019-06-05,extended,60,expanding,0.6356115937232971,0.6807615160942078
2019-06-06,extended,60,expanding,0.602618932723999,0.5215553045272827
2019-06-07,extended,60,expanding,0.5851119756698608,0.5205837488174438
2019-06-10,extended,60,expanding,0.5430600643157959,0.38778284192085266
2019-06-11,extended,60,expanding,0.5907642841339111,0.5048394203186035
2019-06-12,extended,60,expanding,0.4259147346019745,0.4367172420024872
2019-06-13,extended,60,expanding,0.5179921388626099,0.3348216712474823
2019-06-14,extended,60,expanding,0.43729764223098755,0.37710052728652954
2019-06-17,extended,60,expanding,0.271997332572937,0.3345225751399994
2019-06-18,extended,60,expanding,0.6067125797271729,0.3867643177509308
2019-06-19,extended,60,expanding,0.5666375160217285,0.38216814398765564
2019-06-20,extended,60,expanding,0.5209701657295227,0.4655366837978363
2019-06-21,extended,60,expanding,0.4147646725177765,0.34150955080986023
2019-06-25,extended,60,expanding,0.5360538363456726,0.5610905885696411
2019-06-26,extended,60,expanding,0.4585481286048889,0.41963765025138855
2019-06-27,extended,60,expanding,0.3620041608810425,0.3674716353416443
2019-06-28,extended,60,expanding,0.3153344392776489,0.3554407060146332
2019-07-01,extended,60,expanding,0.49275001883506775,0.44388917088508606
2019-07-02,extended,60,expanding,0.48454105854034424,0.45806148648262024
2019-07-03,extended,60,expanding,0.21672672033309937,0.3899249732494354
2019-07-05,extended,60,expanding,0.46708446741104126,0.40836837887763977
2019-07-08,extended,60,expanding,0.37689027190208435,0.3845406770706177
2019-07-09,extended,60,expanding,0.2729422450065613,0.4392339587211609
2019-07-10,extended,60,expanding,0.4559696912765503,0.4225233197212219
2019-07-11,extended,60,expanding,0.3169631063938141,0.3937153220176697
2019-07-12,extended,60,expanding,0.22721192240715027,0.3245586156845093
2019-07-15,extended,60,expanding,0.27931854128837585,0.32827940583229065
2019-07-16,extended,60,expanding,0.3348422348499298,0.43889737129211426
2019-07-17,extended,60,expanding,0.3850759267807007,0.48814278841018677
2019-07-18,extended,60,expanding,0.3952500820159912,0.4856261610984802
2019-07-19,extended,60,expanding,0.5012113451957703,0.6360140442848206
2019-07-22,extended,60,expanding,0.4025481939315796,0.40329158306121826
2019-07-23,extended,60,expanding,0.37862616777420044,0.4332500696182251
2019-07-24,extended,60,expanding,0.2958664000034332,0.44869768619537354
2019-07-25,extended,60,expanding,0.4813818633556366,0.44296956062316895
2019-07-26,extended,60,expanding,0.246847465634346,0.3996368646621704
2019-07-29,extended,60,expanding,0.2791633605957031,0.3207974433898926
2019-07-30,extended,60,expanding,0.4113670587539673,0.409240186214447
2019-07-31,extended,60,expanding,0.8570504188537598,0.8152404427528381
2019-08-01,extended,60,expanding,1.413017988204956,1.2595899105072021
2019-08-02,extended,60,expanding,0.8658583164215088,0.7921422123908997
2019-08-05,extended,60,expanding,1.2163234949111938,1.4261115789413452
2019-08-06,extended,60,expanding,1.0095518827438354,0.9732788801193237
2019-08-07,extended,60,expanding,1.3404862880706787,1.7589802742004395
2019-08-08,extended,60,expanding,0.6005271077156067,0.7769901156425476
2019-08-09,extended,60,expanding,0.8878992199897766,0.7380800247192383
2019-08-12,extended,60,expanding,0.7229942679405212,0.7307621240615845
2019-08-13,extended,60,expanding,1.4477357864379883,1.0299854278564453
2019-08-14,extended,60,expanding,1.139488935470581,1.1453157663345337
2019-08-15,extended,60,expanding,0.9732145667076111,0.7972392439842224
2019-08-16,extended,60,expanding,0.6854579448699951,0.6612600684165955
2019-08-19,extended,60,expanding,0.4724789261817932,0.4097047448158264
2019-08-20,extended,60,expanding,0.5818361043930054,0.5859143733978271
2019-08-21,extended,60,expanding,0.36497563123703003,0.3503592014312744
2019-08-22,extended,60,expanding,0.718785285949707,0.5915634632110596
2019-08-23,extended,60,expanding,1.5231748819351196,1.3222655057907104
2019-08-26,extended,60,expanding,0.7526459097862244,0.6189395189285278
2019-08-27,extended,60,expanding,0.744922399520874,0.9857137203216553
2019-08-28,extended,60,expanding,0.6243858933448792,0.7063766121864319
2019-08-29,extended,60,expanding,0.654413640499115,0.5647913813591003
2019-08-30,extended,60,expanding,0.5621875524520874,0.6311066746711731
2019-09-03,extended,60,expanding,0.7860287427902222,0.5567008852958679
2019-09-04,extended,60,expanding,0.3558061122894287,0.4550457000732422
2019-09-05,extended,60,expanding,0.46335065364837646,0.4340450167655945
2019-09-06,extended,60,expanding,0.3911358714103699,0.30897852778434753
2019-09-09,extended,60,expanding,0.36566534638404846,0.3572198748588562
2019-09-10,extended,60,expanding,0.626534640789032,0.39948761463165283
2019-09-11,extended,60,expanding,0.3889058232307434,0.5155159831047058
2019-09-12,extended,60,expanding,0.5744845271110535,0.38021421432495117
2019-09-13,extended,60,expanding,0.38585904240608215,0.3463224470615387
2019-09-16,extended,60,expanding,0.3798351585865021,0.3483847975730896
2019-09-17,extended,60,expanding,0.31243887543678284,0.38961321115493774
2019-09-18,extended,60,expanding,0.5947917699813843,0.5254253149032593
2019-09-19,extended,60,expanding,0.4269109070301056,0.4194963574409485
2019-09-20,extended,60,expanding,0.7659915685653687,0.5793745517730713
2019-09-23,extended,60,expanding,0.37500807642936707,0.41337281465530396
2019-09-24,extended,60,expanding,0.9618315696716309,0.8563408851623535
2019-09-25,extended,60,expanding,0.498409241437912,0.7197213768959045
2019-09-26,extended,60,expanding,0.6260071396827698,0.5243107080459595
2019-09-27,extended,60,expanding,0.843199610710144,0.7798958420753479
2019-09-30,extended,60,expanding,0.39300885796546936,0.46251755952835083
2019-10-01,extended,60,expanding,0.8277281522750854,0.8186801075935364
2019-10-02,extended,60,expanding,0.8557239174842834,0.9076591730117798
2019-10-03,extended,60,expanding,1.1748740673065186,1.0200260877609253
2019-10-04,extended,60,expanding,0.49482566118240356,0.6682679653167725
2019-10-07,extended,60,expanding,0.6225671172142029,0.5912686586380005
2019-10-08,extended,60,expanding,0.8425085544586182,0.6855265498161316
2019-10-09,extended,60,expanding,0.6158033013343811,0.5374311804771423
2019-10-10,extended,60,expanding,0.7101426124572754,0.5927372574806213
2019-10-11,extended,60,expanding,0.7008860111236572,0.5684811472892761
2019-10-14,extended,60,expanding,0.3964639902114868,0.4395466446876526
2019-10-15,extended,60,expanding,0.4072991609573364,0.4955752491950989
2019-10-16,extended,60,expanding,0.3344891369342804,0.38289564847946167
2019-10-17,extended,60,expanding,0.4212345778942108,0.3910781741142273
2019-10-18,extended,60,expanding,0.492019921541214,0.4539077877998352
2019-10-21,extended,60,expanding,0.28220996260643005,0.3469184637069702
2019-10-22,extended,60,expanding,0.3873414993286133,0.4199782907962799
2019-10-23,extended,60,expanding,0.32415929436683655,0.36769622564315796
2019-10-24,extended,60,expanding,0.3953271508216858,0.3957672715187073
2019-10-25,extended,60,expanding,0.3670015037059784,0.4486848711967468
2019-10-28,extended,60,expanding,0.34164682030677795,0.3237456679344177
2019-10-29,extended,60,expanding,0.35342928767204285,0.356167733669281
2019-10-30,extended,60,expanding,0.4209127128124237,0.43149104714393616
2019-10-31,extended,60,expanding,0.5805034637451172,0.46278852224349976
2019-11-01,extended,60,expanding,0.33467626571655273,0.3723689615726471
2019-11-04,extended,60,expanding,0.30109015107154846,0.29344993829727173
2019-11-05,extended,60,expanding,0.30714449286460876,0.31444621086120605
2019-11-06,extended,60,expanding,0.3696642816066742,0.3400908410549164
2019-11-07,extended,60,expanding,0.4562969505786896,0.35274744033813477
2019-11-08,extended,60,expanding,0.33357879519462585,0.3682548701763153
2019-11-11,extended,60,expanding,0.2090064436197281,0.3169022798538208
2019-11-12,extended,60,expanding,0.3337435722351074,0.3429315984249115
2019-11-13,extended,60,expanding,0.39428484439849854,0.3739625811576843
2019-11-14,extended,60,expanding,0.31895726919174194,0.35936984419822693
2019-11-15,extended,60,expanding,0.2501485347747803,0.30603259801864624
2019-11-19,extended,60,expanding,0.34028348326683044,0.3295382261276245
2019-11-20,extended,60,expanding,0.5301920175552368,0.4402458667755127
2019-11-21,extended,60,expanding,0.4337524473667145,0.347353994846344
2019-11-22,extended,60,expanding,0.3082888424396515,0.35344842076301575
2019-11-25,extended,60,expanding,0.2898801565170288,0.3198933005332947
2019-11-26,extended,60,expanding,0.24163393676280975,0.29230356216430664
2019-11-27,extended,60,expanding,0.17377497255802155,0.3118215501308441
2019-11-29,extended,60,expanding,0.20161060988903046,0.3550053536891937
2019-12-02,extended,60,expanding,0.6143428087234497,0.4986586272716522
2019-12-03,extended,60,expanding,0.6685485243797302,0.5035345554351807
2019-12-04,extended,60,expanding,0.36781561374664307,0.42642340064048767
2019-12-05,extended,60,expanding,0.4083799123764038,0.42309942841529846
2019-12-06,extended,60,expanding,0.31428804993629456,0.3221825659275055
2019-12-09,extended,60,expanding,0.24461230635643005,0.31869402527809143
2019-12-10,extended,60,expanding,0.4508521258831024,0.3138611316680908
2019-12-11,extended,60,expanding,0.2896505296230316,0.3326050639152527
2019-12-12,extended,60,expanding,0.9073099493980408,0.41695114970207214
2019-12-13,extended,60,expanding,0.6717995405197144,0.3947029411792755
2019-12-17,extended,60,expanding,0.23530492186546326,0.2694057524204254
2019-12-18,extended,60,expanding,0.27269506454467773,0.30529505014419556
2019-12-19,extended,60,expanding,0.27776896953582764,0.31468039751052856
2019-12-20,extended,60,expanding,0.21704256534576416,0.29858633875846863
2019-12-23,extended,60,expanding,0.14169253408908844,0.2740694582462311
2019-12-24,extended,60,expanding,0.1403854489326477,0.2785255014896393
2019-12-26,extended,60,expanding,0.20108193159103394,0.29238560795783997
2019-12-27,extended,60,expanding,0.2837029993534088,0.2820051312446594
2019-12-30,extended,60,expanding,0.4683420956134796,0.35615140199661255
2019-12-31,extended,60,expanding,0.31708115339279175,0.3409605622291565
