epoch,train_loss,valid_loss,valid_mse,valid_qlike,lr,regime,country,L,protocol
1,0.5882334748697579,0.06103890844791266,0.0531301167480677,0.06103890844791266,0.001,normal,US,22,static
2,0.22748427094790388,0.04964102515127655,0.04429859419172932,0.04964102515127655,0.001,normal,US,22,static
3,0.12360749529200968,0.05151102181396186,0.0445450311710712,0.05151102181396186,0.001,normal,US,22,static
4,0.10728583838167886,0.05601988173449714,0.04829818983617507,0.05601988173449714,0.001,normal,US,22,static
5,0.1274799607437493,0.052407174082172374,0.04646264612232979,0.052407174082172374,0.001,normal,US,22,static
6,0.14280994062345603,0.04797211968079769,0.041003073274853676,0.04797211968079769,0.001,normal,US,22,static
7,0.11280532127918726,0.04982041852266747,0.04224134270440449,0.04982041852266747,0.001,normal,US,22,static
8,0.10070024461072467,0.04092943202232242,0.035861054634152664,0.04092943202232242,0.001,normal,US,22,static
9,0.10380775216250998,0.039369236792692684,0.03879925760665077,0.039369236792692684,0.001,normal,US,22,static
10,0.084890008868498,0.03437521146528521,0.032375426631671166,0.03437521146528521,0.001,normal,US,22,static
11,0.08571288178082617,0.04259029213314032,0.037368728643055016,0.04259029213314032,0.001,normal,US,22,static
12,0.0738508034999489,0.03906595696640973,0.034773136595845695,0.03906595696640973,0.001,normal,US,22,static
13,0.07122575924585535,0.036493478660079265,0.03298210683223523,0.036493478660079265,0.001,normal,US,22,static
14,0.0832936267083217,0.041148427103950135,0.03767372854422086,0.041148427103950135,0.001,normal,US,22,static
15,0.06787503603311135,0.03200148866454653,0.03056642581734497,0.03200148866454653,0.001,normal,US,22,static
16,0.07822973355751552,0.03681991506441812,0.03456661849477781,0.03681991506441812,0.001,normal,US,22,static
17,0.07250398484507511,0.02963887600586323,0.029623356331213425,0.02963887600586323,0.001,normal,US,22,static
18,0.06726475181520408,0.038932418181584716,0.03586437896247438,0.038932418181584716,0.001,normal,US,22,static
19,0.0658229096858375,0.03125233211803451,0.030553278907132244,0.03125233211803451,0.001,normal,US,22,static
20,0.07412801042314882,0.03983364548263298,0.03539542254546414,0.03983364548263298,0.001,normal,US,22,static
21,0.0772488804188724,0.04172758031987135,0.03782465411975921,0.04172758031987135,0.001,normal,US,22,static
22,0.12005141839430325,0.03268572688796499,0.03337819895269018,0.03268572688796499,0.001,normal,US,22,static
23,0.1380830955701386,0.03659741831857239,0.035173751141419525,0.03659741831857239,0.001,normal,US,22,static
24,0.06908660299436883,0.03627075297868769,0.03296756513210625,0.03627075297868769,0.0005,normal,US,22,static
25,0.06358904450910392,0.03190290509478634,0.0303364730119823,0.03190290509478634,0.0005,normal,US,22,static
26,0.06333742098431759,0.03077709058292401,0.02988708565534339,0.03077709058292401,0.0005,normal,US,22,static
27,0.06103272202630093,0.031131073111058578,0.030275554304184178,0.031131073111058578,0.0005,normal,US,22,static
1,0.4970635206445292,0.05415846602452635,0.04933528086030672,0.05415846602452635,0.001,normal,US,60,static
2,0.3255394809801938,0.04439695698312076,0.04037176379602653,0.04439695698312076,0.001,normal,US,60,static
3,0.13932140316308217,0.05521820490672838,0.047057330461123245,0.05521820490672838,0.001,normal,US,60,static
4,0.1321342481638608,0.04488956380284206,0.04333554264599745,0.04488956380284206,0.001,normal,US,60,static
5,0.11900427825353833,0.053119045357983036,0.04196583732167487,0.053119045357983036,0.001,normal,US,60,static
6,0.2115566655611119,0.04567235818573327,0.041051589997978546,0.04567235818573327,0.001,normal,US,60,static
7,0.11198842558108736,0.040389824130221276,0.03689206911346658,0.040389824130221276,0.001,normal,US,60,static
8,0.09929055426163988,0.03510651125278119,0.03402946115261599,0.03510651125278119,0.001,normal,US,60,static
9,0.09693806052330296,0.03272556670036123,0.03118939101769637,0.03272556670036123,0.001,normal,US,60,static
10,0.08000267828485552,0.0341096854353098,0.03139645382835578,0.0341096854353098,0.001,normal,US,60,static
11,0.08363348957797333,0.042947018746955785,0.03801414003161338,0.042947018746955785,0.001,normal,US,60,static
12,0.08107049527169906,0.04257545878427265,0.037558390180996284,0.04257545878427265,0.001,normal,US,60,static
13,0.09715581800772073,0.03847894638502197,0.038585415249874466,0.03847894638502197,0.001,normal,US,60,static
14,0.09841588507092575,0.030347057558142345,0.030241648972093353,0.030347057558142345,0.001,normal,US,60,static
15,0.14046469553565882,0.032746548510944405,0.03190490676333075,0.032746548510944405,0.001,normal,US,60,static
16,0.08928133208295723,0.034024567864925,0.03346693304113366,0.034024567864925,0.001,normal,US,60,static
17,0.08170754647279414,0.02974463527359762,0.0296463335867927,0.02974463527359762,0.001,normal,US,60,static
18,0.08297285674636265,0.029977275751883966,0.029462784451428845,0.029977275751883966,0.001,normal,US,60,static
19,0.07003278317636633,0.0349238804092647,0.03213694599630098,0.0349238804092647,0.001,normal,US,60,static
20,0.07386563255939425,0.030891652054386442,0.030543267119513905,0.030891652054386442,0.001,normal,US,60,static
21,0.0708968088851577,0.028474445387524076,0.029049527073065518,0.028474445387524076,0.001,normal,US,60,static
22,0.0716141810869461,0.029316633541935807,0.029374863459128635,0.029316633541935807,0.001,normal,US,60,static
23,0.07302797467199613,0.031581657028682576,0.03147557958327381,0.031581657028682576,0.001,normal,US,60,static
24,0.07328593280272169,0.032516391537304,0.032599095494409085,0.032516391537304,0.001,normal,US,60,static
25,0.0805626320606464,0.029074934430175715,0.029763515004262386,0.029074934430175715,0.001,normal,US,60,static
26,0.07867271410574703,0.030313157496784458,0.030181227178264984,0.030313157496784458,0.001,normal,US,60,static
27,0.06700463506341837,0.033297570391620825,0.03151798063498947,0.033297570391620825,0.001,normal,US,60,static
28,0.07246979070350074,0.03559103974953515,0.03551949617331442,0.03559103974953515,0.0005,normal,US,60,static
29,0.05865755335154127,0.02984874819045277,0.029676963140812553,0.02984874819045277,0.0005,normal,US,60,static
30,0.06054713460035288,0.03135813675635616,0.0313585308884738,0.03135813675635616,0.0005,normal,US,60,static
31,0.057175722869136664,0.028051627672313027,0.02887324850800127,0.028051627672313027,0.0005,normal,US,60,static
32,0.059277096692519855,0.028225504993206,0.028828007412021576,0.028225504993206,0.0005,normal,US,60,static
33,0.055827620897723765,0.027973857691724602,0.02877543735954719,0.027973857691724602,0.0005,normal,US,60,static
34,0.05815163217013395,0.030517429081466877,0.029995768209514412,0.030517429081466877,0.0005,normal,US,60,static
35,0.05781102486609842,0.028090851260880158,0.029044902283448006,0.028090851260880158,0.0005,normal,US,60,static
36,0.056629716738258125,0.029245431011397927,0.029722319533054535,0.029245431011397927,0.0005,normal,US,60,static
37,0.06351146628564651,0.031482984308271324,0.03144417014782843,0.031482984308271324,0.0005,normal,US,60,static
38,0.057920793352410925,0.03251481640993115,0.03108690123960906,0.03251481640993115,0.0005,normal,US,60,static
39,0.06106050450927054,0.03130308841957,0.030640319777512737,0.03130308841957,0.0005,normal,US,60,static
40,0.054000974863798214,0.028658748901621203,0.029748554606535454,0.028658748901621203,0.00025,normal,US,60,static
41,0.050244382417879,0.028504384854235978,0.029583925782544575,0.028504384854235978,0.00025,normal,US,60,static
42,0.05279062975872228,0.028050559107871253,0.029222359505331093,0.028050559107871253,0.00025,normal,US,60,static
43,0.05391746451501523,0.028251873732537312,0.029394689030768608,0.028251873732537312,0.00025,normal,US,60,static
1,0.6874747891122279,0.0537692911470771,0.05142920325867272,0.0537692911470771,0.001,normal,US,252,static
2,0.27508242917187437,0.04779738741630861,0.044911135415079094,0.04779738741630861,0.001,normal,US,252,static
3,0.14529182043039768,0.05031318888336694,0.044448686726833046,0.05031318888336694,0.001,normal,US,252,static
4,0.1275217691453461,0.049954094560791036,0.04597396243054405,0.049954094560791036,0.001,normal,US,252,static
5,0.19592824949313764,0.057523855453778645,0.04637295524534501,0.057523855453778645,0.001,normal,US,252,static
6,0.15008731041797915,0.05144845350614461,0.04914875482411488,0.05144845350614461,0.001,normal,US,252,static
7,0.11535108545048252,0.047331185875070174,0.04554545555425727,0.047331185875070174,0.001,normal,US,252,static
8,0.11902212193055015,0.039816526547567815,0.03720265690958783,0.039816526547567815,0.001,normal,US,252,static
9,0.10692411425435817,0.04305994016582092,0.03957498971770403,0.04305994016582092,0.001,normal,US,252,static
10,0.09858271147863457,0.049638223481029704,0.05428917819391126,0.049638223481029704,0.001,normal,US,252,static
11,0.13135773325437855,0.03964342207908878,0.037687050752901276,0.03964342207908878,0.001,normal,US,252,static
12,0.09216006590699329,0.039466388729731246,0.03589989818455909,0.039466388729731246,0.001,normal,US,252,static
13,0.08612455769756783,0.03994350085144222,0.04183953274188659,0.03994350085144222,0.001,normal,US,252,static
14,0.09402503193799762,0.048991935329381425,0.04248954405779895,0.048991935329381425,0.001,normal,US,252,static
15,0.09661308406190268,0.0415500809825966,0.03832921798050168,0.0415500809825966,0.001,normal,US,252,static
16,0.09652191816298178,0.03368194428722997,0.033700609502378895,0.03368194428722997,0.001,normal,US,252,static
17,0.08314338467226759,0.03732722763757338,0.03644849558401367,0.03732722763757338,0.001,normal,US,252,static
18,0.07372830083020132,0.03422920495033915,0.03287059087085394,0.03422920495033915,0.001,normal,US,252,static
19,0.09030884494496894,0.03186091415391077,0.03162993532292574,0.03186091415391077,0.001,normal,US,252,static
20,0.08988456186336809,0.035347743521779065,0.03317025965705455,0.035347743521779065,0.001,normal,US,252,static
21,0.08915651385839149,0.03171340880262464,0.03203237720437554,0.03171340880262464,0.001,normal,US,252,static
22,0.09593452213666938,0.03930135953367617,0.03475723387636686,0.03930135953367617,0.001,normal,US,252,static
23,0.0717909321248946,0.03371453190765853,0.03505919783527083,0.03371453190765853,0.001,normal,US,252,static
24,0.07885621658876588,0.029578930736976074,0.030488544331473324,0.029578930736976074,0.001,normal,US,252,static
25,0.07750482826126404,0.034385859786800005,0.032223893859581985,0.034385859786800005,0.001,normal,US,252,static
26,0.07177244416526367,0.03606274209032199,0.03717323075685459,0.03606274209032199,0.001,normal,US,252,static
27,0.07632789111800876,0.036815391794317566,0.034042917825134376,0.036815391794317566,0.001,normal,US,252,static
28,0.08472418178354414,0.030626033021801623,0.03149440379540911,0.030626033021801623,0.001,normal,US,252,static
29,0.07119147009200903,0.029245408245753744,0.029455352983190845,0.029245408245753744,0.001,normal,US,252,static
30,0.08373907716424418,0.039647764209435235,0.03478349245377916,0.039647764209435235,0.001,normal,US,252,static
31,0.07237114681184008,0.031719593489942154,0.03261032261381389,0.031719593489942154,0.001,normal,US,252,static
32,0.07437274451986506,0.030348644484860025,0.031004073370704537,0.030348644484860025,0.001,normal,US,252,static
33,0.07187474830842026,0.03272793375926858,0.03199091949040004,0.03272793375926858,0.001,normal,US,252,static
34,0.06883937711900776,0.030111200275917613,0.03053912150824494,0.030111200275917613,0.001,normal,US,252,static
35,0.08541179679986191,0.038023809316371775,0.0348364984388408,0.038023809316371775,0.001,normal,US,252,static
36,0.06169140610621553,0.03145880702054247,0.031149052528907425,0.03145880702054247,0.0005,normal,US,252,static
37,0.0574383163563457,0.03218784671951231,0.031540924565417496,0.03218784671951231,0.0005,normal,US,252,static
38,0.06145700366559896,0.030499973418129114,0.030688737165698185,0.030499973418129114,0.0005,normal,US,252,static
39,0.05738694553342943,0.02870318792488748,0.029089372380537243,0.02870318792488748,0.0005,normal,US,252,static
40,0.05357411409124967,0.0291586919866214,0.029701086836075596,0.0291586919866214,0.0005,normal,US,252,static
41,0.06160002578553242,0.031461257793717744,0.031582443419063515,0.031461257793717744,0.0005,normal,US,252,static
42,0.0566169705033215,0.029610512721140413,0.030103507105688095,0.029610512721140413,0.0005,normal,US,252,static
43,0.057583340827316996,0.030983110540521826,0.0313888714232817,0.030983110540521826,0.0005,normal,US,252,static
44,0.057518371699036196,0.02958561036683922,0.030453976663381687,0.02958561036683922,0.0005,normal,US,252,static
45,0.05758604474423002,0.0322391076439261,0.032090619574540215,0.0322391076439261,0.0005,normal,US,252,static
46,0.05902180369740133,0.028810669763365198,0.02960883345631625,0.028810669763365198,0.00025,normal,US,252,static
47,0.06170746011312346,0.029293808965803227,0.03013761523050871,0.029293808965803227,0.00025,normal,US,252,static
48,0.060434709084487934,0.029872231234110033,0.030537278435594242,0.029872231234110033,0.00025,normal,US,252,static
49,0.05405404443260254,0.031109138951333465,0.03173621529676462,0.031109138951333465,0.00025,normal,US,252,static
1,0.47150622564695205,0.025094005646042437,0.020831991048132787,0.025094005646042437,0.001,normal,KR,22,static
2,0.14733065838964174,0.026764355649468004,0.021003507398313186,0.026764355649468004,0.001,normal,KR,22,static
3,0.13577537090454683,0.020086787014479884,0.015520311128653463,0.020086787014479884,0.001,normal,KR,22,static
4,0.1689142944073489,0.02527852172869363,0.020099203132825795,0.02527852172869363,0.001,normal,KR,22,static
5,0.14292813967025808,0.020293560741492904,0.015941079415869516,0.020293560741492904,0.001,normal,KR,22,static
6,0.11119480976910881,0.023317485840851367,0.017697639244257428,0.023317485840851367,0.001,normal,KR,22,static
7,0.10674253027192689,0.024422836180741612,0.018563692778593203,0.024422836180741612,0.001,normal,KR,22,static
8,0.09691604113421458,0.0282116058621379,0.021680144409908623,0.0282116058621379,0.001,normal,KR,22,static
9,0.1032847760013411,0.023906447581526408,0.01865192563807378,0.023906447581526408,0.001,normal,KR,22,static
10,0.12299706374751937,0.025490610525338644,0.01981584275843667,0.025490610525338644,0.0005,normal,KR,22,static
11,0.14503779487328697,0.020191694638201092,0.015407257896588474,0.020191694638201092,0.0005,normal,KR,22,static
12,0.10484704928505204,0.02204015454449467,0.016966205670452508,0.02204015454449467,0.0005,normal,KR,22,static
13,0.10317860540279715,0.01999297950918985,0.015349334334863013,0.01999297950918985,0.0005,normal,KR,22,static
14,0.10893630849393542,0.02260571106992735,0.017486501164490083,0.02260571106992735,0.0005,normal,KR,22,static
15,0.11314290876120053,0.0255148547737907,0.020075949000530554,0.0255148547737907,0.0005,normal,KR,22,static
16,0.1243997507913496,0.029867071197578393,0.02404628697110981,0.029867071197578393,0.0005,normal,KR,22,static
17,0.08427890327835394,0.028755599225097468,0.02316231759967374,0.028755599225097468,0.0005,normal,KR,22,static
18,0.08434963198094528,0.031034532724294715,0.025568923882407245,0.031034532724294715,0.0005,normal,KR,22,static
19,0.10630556874112557,0.018593228366378195,0.014627145130004062,0.018593228366378195,0.0005,normal,KR,22,static
20,0.08334752059336349,0.020590803304254564,0.016488735319771727,0.020590803304254564,0.0005,normal,KR,22,static
21,0.08572800031821327,0.017202464745105554,0.013572761216429903,0.017202464745105554,0.0005,normal,KR,22,static
22,0.07393696444300007,0.01504667171450089,0.01195318577811122,0.01504667171450089,0.0005,normal,KR,22,static
23,0.07703382640637721,0.016194857000967976,0.01308907164627167,0.016194857000967976,0.0005,normal,KR,22,static
24,0.0739639108482701,0.015036588922255765,0.012257854896979253,0.015036588922255765,0.0005,normal,KR,22,static
25,0.08473977384616914,0.014085122928533733,0.011034845267651512,0.014085122928533733,0.0005,normal,KR,22,static
26,0.07650567147016199,0.01556318838589791,0.011644961854412418,0.01556318838589791,0.0005,normal,KR,22,static
27,0.08577570862707963,0.01608247560288146,0.01187788361500277,0.01608247560288146,0.0005,normal,KR,22,static
28,0.07259345898276369,0.024585148196113637,0.016450785497417214,0.024585148196113637,0.0005,normal,KR,22,static
29,0.0727102108680307,0.022639164252333397,0.016446946288046778,0.022639164252333397,0.0005,normal,KR,22,static
30,0.07788190457881784,0.015600260686573659,0.012380993657852293,0.015600260686573659,0.0005,normal,KR,22,static
31,0.07115863268076862,0.017088515594711893,0.01361061363923745,0.017088515594711893,0.0005,normal,KR,22,static
32,0.0981279148627296,0.014861367464274034,0.011717141483772973,0.014861367464274034,0.00025,normal,KR,22,static
33,0.07775708873758465,0.013793758983128046,0.010922790016429346,0.013793758983128046,0.00025,normal,KR,22,static
34,0.06581343078259781,0.014623343523588614,0.011481560278134267,0.014623343523588614,0.00025,normal,KR,22,static
35,0.05746118397920312,0.01458284581757396,0.011499950708058036,0.01458284581757396,0.00025,normal,KR,22,static
36,0.05980766434726913,0.01427126448931204,0.011201358056764622,0.01427126448931204,0.00025,normal,KR,22,static
37,0.061177093646769085,0.013165435702710422,0.010349462839362562,0.013165435702710422,0.00025,normal,KR,22,static
38,0.053581413430764245,0.012916160627031648,0.010189371290387677,0.012916160627031648,0.00025,normal,KR,22,static
39,0.055293419386554264,0.012789902128996231,0.010128092127623127,0.012789902128996231,0.00025,normal,KR,22,static
40,0.05766538493807773,0.012928650620718662,0.010273037890552497,0.012928650620718662,0.00025,normal,KR,22,static
41,0.0586856621003719,0.013236115161524223,0.010571981085555964,0.013236115161524223,0.00025,normal,KR,22,static
42,0.062032684303225005,0.013340784990292454,0.010591974443771312,0.013340784990292454,0.00025,normal,KR,22,static
43,0.053247695182758854,0.013302914688732343,0.010661867027338899,0.013302914688732343,0.00025,normal,KR,22,static
44,0.0592212459308095,0.01326935432913336,0.010613680282821421,0.01326935432913336,0.00025,normal,KR,22,static
45,0.061108790887190866,0.013370112558319294,0.010679326478208675,0.013370112558319294,0.00025,normal,KR,22,static
46,0.05534450225033987,0.014540478259203049,0.011465270629488543,0.014540478259203049,0.000125,normal,KR,22,static
47,0.051833092550790834,0.014562408629848788,0.01149645504984455,0.014562408629848788,0.000125,normal,KR,22,static
48,0.05272361241028167,0.013218875347263601,0.010525621870746378,0.013218875347263601,0.000125,normal,KR,22,static
49,0.051161346609078735,0.013119417190688909,0.010466320898200645,0.013119417190688909,0.000125,normal,KR,22,static
1,0.4431386269207173,0.029107898722971537,0.024660311425562766,0.029107898722971537,0.001,normal,KR,60,static
2,0.14403011214043707,0.021092126582646826,0.016381872634662956,0.021092126582646826,0.001,normal,KR,60,static
3,0.12405802858149106,0.022180500214483142,0.01664113830469671,0.022180500214483142,0.001,normal,KR,60,static
4,0.16836211314607966,0.03842000703499384,0.027220445440807303,0.03842000703499384,0.001,normal,KR,60,static
5,0.20456433859849482,0.030240446124204276,0.022958504463561246,0.030240446124204276,0.001,normal,KR,60,static
6,0.09204276753625094,0.023663329678445994,0.017464214676349867,0.023663329678445994,0.001,normal,KR,60,static
7,0.10075999527507128,0.030904617487354992,0.023480306119948138,0.030904617487354992,0.001,normal,KR,60,static
8,0.10876980437901998,0.027060685397781246,0.020693356049109678,0.027060685397781246,0.001,normal,KR,60,static
9,0.13581591898128365,0.03632266077811499,0.028750837459915975,0.03632266077811499,0.0005,normal,KR,60,static
10,0.141652424818797,0.028773667833699817,0.021735070319082894,0.028773667833699817,0.0005,normal,KR,60,static
11,0.15633116506969155,0.02914858786832023,0.02207450472490221,0.02914858786832023,0.0005,normal,KR,60,static
12,0.1423750429421653,0.033348187625550196,0.02605762207483659,0.033348187625550196,0.0005,normal,KR,60,static
1,0.3604530493732629,0.030712039243991192,0.02306344949441855,0.030712039243991192,0.001,normal,KR,252,static
2,0.12734770477594476,0.021089851247308476,0.01652554520329491,0.021089851247308476,0.001,normal,KR,252,static
3,0.09951154017563775,0.034772235692039154,0.027638967469578883,0.034772235692039154,0.001,normal,KR,252,static
4,0.09290026159347722,0.0413786531765841,0.03418354177084126,0.0413786531765841,0.001,normal,KR,252,static
5,0.1094607871440338,0.06022175323466863,0.05606585484547693,0.06022175323466863,0.001,normal,KR,252,static
6,0.10896101924214702,0.0798369946952695,0.082700286854486,0.0798369946952695,0.001,normal,KR,252,static
7,0.17575125376010056,0.10103451782464457,0.11414737975011106,0.10103451782464457,0.001,normal,KR,252,static
8,0.3789518093159973,0.14533541231050107,0.19505854024261723,0.14533541231050107,0.001,normal,KR,252,static
9,0.21366477217823324,0.13900179485418135,0.18435766535704254,0.13900179485418135,0.0005,normal,KR,252,static
10,0.20342655156042036,0.07372414583604689,0.0741039659889018,0.07372414583604689,0.0005,normal,KR,252,static
11,0.10971722878851232,0.06413076493597714,0.06100542965482493,0.06413076493597714,0.0005,normal,KR,252,static
12,0.0986902534762057,0.05235838111164309,0.04710737231080649,0.05235838111164309,0.0005,normal,KR,252,static
1,0.31799515732580214,0.054534109304723216,0.09258065252048284,0.054534109304723216,0.001,normal,JP,22,static
2,0.11139119285481766,0.026408830734729175,0.046454883025966676,0.026408830734729175,0.001,normal,JP,22,static
3,0.07561135423046753,0.021023015959852603,0.045294468144052906,0.021023015959852603,0.001,normal,JP,22,static
4,0.05841225796379796,0.024159798924130588,0.050328072876884386,0.024159798924130588,0.001,normal,JP,22,static
5,0.052479040231024995,0.019111671999900243,0.052323684096336365,0.019111671999900243,0.001,normal,JP,22,static
6,0.04952055075004583,0.021114645852427623,0.0472232460870072,0.021114645852427623,0.001,normal,JP,22,static
7,0.05263427195292616,0.022738750797817547,0.051587965083025725,0.022738750797817547,0.001,normal,JP,22,static
8,0.05028734110875665,0.025093240752740952,0.06189308362270174,0.025093240752740952,0.001,normal,JP,22,static
9,0.054111072133457686,0.09285210122431731,0.10693449080593673,0.09285210122431731,0.001,normal,JP,22,static
10,0.05112562696834543,0.02403016163160944,0.060148183346880595,0.02403016163160944,0.001,normal,JP,22,static
11,0.05358382599600452,0.027358111349267335,0.07185106691319933,0.027358111349267335,0.001,normal,JP,22,static
12,0.057126177790690576,0.02423543400908735,0.05303406688245202,0.02423543400908735,0.0005,normal,JP,22,static
13,0.04651592083953585,0.021837307376199593,0.0498168494567456,0.021837307376199593,0.0005,normal,JP,22,static
14,0.04186987973066193,0.020740194499048095,0.054831889431606905,0.020740194499048095,0.0005,normal,JP,22,static
15,0.04184312380518948,0.022630925008183905,0.05978244583797358,0.022630925008183905,0.0005,normal,JP,22,static
1,0.3844304666762621,0.07456556203342952,0.11206087023623076,0.07456556203342952,0.001,normal,JP,60,static
2,0.1446481366077779,0.023513412002905933,0.04509782794154125,0.023513412002905933,0.001,normal,JP,60,static
3,0.07033182593508505,0.021794760554788243,0.04153666020133476,0.021794760554788243,0.001,normal,JP,60,static
4,0.06379773730648236,0.018942623490869167,0.04109814614510005,0.018942623490869167,0.001,normal,JP,60,static
5,0.06008397347070801,0.02048283391901902,0.04756244837574148,0.02048283391901902,0.001,normal,JP,60,static
6,0.05614701772344784,0.017731493928811244,0.039429757351938044,0.017731493928811244,0.001,normal,JP,60,static
7,0.05443658188615047,0.019406924250467597,0.05370380239267098,0.019406924250467597,0.001,normal,JP,60,static
8,0.08405479267239571,0.07809982401454575,0.1212664425433406,0.07809982401454575,0.001,normal,JP,60,static
9,0.09466963479111731,0.05190086279533584,0.09992169124274118,0.05190086279533584,0.001,normal,JP,60,static
10,0.0674821115295652,0.023225084557101375,0.04359821963165453,0.023225084557101375,0.001,normal,JP,60,static
11,0.06763607478687461,0.016678079633698762,0.0377448491887887,0.016678079633698762,0.001,normal,JP,60,static
12,0.05914141852670992,0.020836559923246525,0.0587694260634874,0.020836559923246525,0.001,normal,JP,60,static
13,0.052109975307445294,0.02905256930644428,0.06390529928299096,0.02905256930644428,0.001,normal,JP,60,static
14,0.04694767109000347,0.018777083854509238,0.0473083178041435,0.018777083854509238,0.001,normal,JP,60,static
15,0.04713789543897753,0.019433702147027884,0.0547360837127757,0.019433702147027884,0.001,normal,JP,60,static
16,0.04594154971402506,0.01859536774631922,0.04475128600140091,0.01859536774631922,0.001,normal,JP,60,static
17,0.045146000894232534,0.018143319731665022,0.04773590733346186,0.018143319731665022,0.001,normal,JP,60,static
18,0.043863063376449365,0.017594457165075045,0.046831438250025274,0.017594457165075045,0.0005,normal,JP,60,static
19,0.042624057246975496,0.019456685837744063,0.05143745883786485,0.019456685837744063,0.0005,normal,JP,60,static
20,0.04162936532266543,0.021276068835269907,0.05164613808516549,0.021276068835269907,0.0005,normal,JP,60,static
21,0.03854261346318772,0.022196223397100742,0.048102933008540495,0.022196223397100742,0.0005,normal,JP,60,static
1,0.3892847675931418,0.09544481852665489,0.15639753537139428,0.09544481852665489,0.001,normal,JP,252,static
2,0.11745328522003129,0.05228220458133537,0.10493046223272678,0.05228220458133537,0.001,normal,JP,252,static
3,0.10416650810923281,0.049433165414168756,0.09159798645659496,0.049433165414168756,0.001,normal,JP,252,static
4,0.09256301253606365,0.039926917090511674,0.07758767519764571,0.039926917090511674,0.001,normal,JP,252,static
5,0.06812452950326338,0.020859427024187093,0.04194809224169988,0.020859427024187093,0.001,normal,JP,252,static
6,0.08146230206793889,0.040205953213884996,0.06680951985391045,0.040205953213884996,0.001,normal,JP,252,static
7,0.09095385564868183,0.04046971863239019,0.09589988131996108,0.04046971863239019,0.001,normal,JP,252,static
8,0.09362964562261393,0.02804744371515846,0.06371022110827539,0.02804744371515846,0.001,normal,JP,252,static
9,0.05358975056525084,0.017512977943499514,0.0417108448063917,0.017512977943499514,0.001,normal,JP,252,static
10,0.058227488658534436,0.02531570151380432,0.06820296048213113,0.02531570151380432,0.001,normal,JP,252,static
11,0.05217490053181382,0.024049232803707816,0.05798393097302692,0.024049232803707816,0.001,normal,JP,252,static
12,0.05691564813526375,0.01837927366066464,0.04787291383544202,0.01837927366066464,0.001,normal,JP,252,static
13,0.047741972799117474,0.01615941809659375,0.04105438788229155,0.01615941809659375,0.001,normal,JP,252,static
14,0.0502462684095266,0.017095565691635832,0.041348662642151236,0.017095565691635832,0.001,normal,JP,252,static
15,0.04401313815704826,0.01955103422941499,0.04386698784917473,0.01955103422941499,0.001,normal,JP,252,static
16,0.04927724079873266,0.019888936330372683,0.05338953020661949,0.019888936330372683,0.001,normal,JP,252,static
17,0.049756217736672055,0.01919587584934742,0.050829616311168384,0.01919587584934742,0.001,normal,JP,252,static
18,0.059815861357888064,0.01964679191921079,0.050998050515890604,0.01964679191921079,0.001,normal,JP,252,static
19,0.048270009379282455,0.016699469299717957,0.04476562443260963,0.016699469299717957,0.001,normal,JP,252,static
20,0.04828486811043273,0.027924318026880113,0.06544900843911325,0.027924318026880113,0.0005,normal,JP,252,static
21,0.041453295131284304,0.01639314130923581,0.04457711835621822,0.01639314130923581,0.0005,normal,JP,252,static
22,0.03980190732890566,0.01862730039919703,0.048956880979390764,0.01862730039919703,0.0005,normal,JP,252,static
23,0.04123462318214855,0.015568125741223692,0.04089552038895939,0.015568125741223692,0.0005,normal,JP,252,static
24,0.03783580549398938,0.016482146073438796,0.04517363261446538,0.016482146073438796,0.0005,normal,JP,252,static
25,0.038177203468618255,0.015910719139806972,0.0416713817806741,0.015910719139806972,0.0005,normal,JP,252,static
26,0.03851371793093278,0.01507639559853133,0.040655101985040944,0.01507639559853133,0.0005,normal,JP,252,static
27,0.040242477421426524,0.015189918217275543,0.041607121420413375,0.015189918217275543,0.0005,normal,JP,252,static
28,0.03850986064605843,0.015044378603782192,0.04038953787914896,0.015044378603782192,0.0005,normal,JP,252,static
29,0.03752191669766276,0.014840272855585741,0.03818305455872163,0.014840272855585741,0.0005,normal,JP,252,static
30,0.035530273698472906,0.015450347169099316,0.03747351524167457,0.015450347169099316,0.0005,normal,JP,252,static
31,0.03954451814789066,0.01898184491779018,0.05399749713086406,0.01898184491779018,0.0005,normal,JP,252,static
32,0.04055691774360543,0.015572660754896063,0.04061733357427333,0.015572660754896063,0.0005,normal,JP,252,static
33,0.038272101055054145,0.014545861621601774,0.036281606174914945,0.014545861621601774,0.0005,normal,JP,252,static
34,0.034917647747767476,0.018861959322216633,0.04787642375268193,0.018861959322216633,0.0005,normal,JP,252,static
35,0.03695252443188267,0.01593547101472093,0.041567086034759816,0.01593547101472093,0.0005,normal,JP,252,static
36,0.035861052541776905,0.017547726089692992,0.04564745546985976,0.017547726089692992,0.0005,normal,JP,252,static
37,0.03799973703425637,0.021460100685551188,0.05800318273033208,0.021460100685551188,0.0005,normal,JP,252,static
38,0.037709876048038195,0.016326501562468912,0.043142587527150084,0.016326501562468912,0.0005,normal,JP,252,static
39,0.03847627874092393,0.023167204359137727,0.06104969295111262,0.023167204359137727,0.0005,normal,JP,252,static
40,0.03718740263464228,0.02953822085991795,0.06854153085153113,0.02953822085991795,0.00025,normal,JP,252,static
41,0.036856968847759,0.025528321047089658,0.06474412401557451,0.025528321047089658,0.00025,normal,JP,252,static
42,0.03292508496202281,0.020543181808885983,0.05676769403371251,0.020543181808885983,0.00025,normal,JP,252,static
43,0.036385703159445545,0.016214037363123154,0.04503890214420041,0.016214037363123154,0.00025,normal,JP,252,static
1,1.2466729084650676,0.5692182973441346,0.3122413158416748,0.5692182973441346,0.001,911,US,22,static
2,0.44610219735365647,0.03164942550137657,0.05361934006214142,0.03164942550137657,0.001,911,US,22,static
3,0.2428708267517579,0.08434470107333876,0.20632611215114594,0.08434470107333876,0.001,911,US,22,static
4,0.2454198732590064,0.0336383241562751,0.060181934386491776,0.0336383241562751,0.001,911,US,22,static
5,0.1616942320878689,0.02781528496811166,0.042676880955696106,0.02781528496811166,0.001,911,US,22,static
6,0.14642438598168203,0.025124767045388123,0.042898111045360565,0.025124767045388123,0.001,911,US,22,static
7,0.13182692917493674,0.02769799234872619,0.0502542182803154,0.02769799234872619,0.001,911,US,22,static
8,0.11388581742842992,0.02286382575050137,0.037982769310474396,0.02286382575050137,0.001,911,US,22,static
9,0.10908849785725276,0.024348452655542176,0.03808729350566864,0.024348452655542176,0.001,911,US,22,static
10,0.09497241312876725,0.021277282077163645,0.03455594554543495,0.021277282077163645,0.001,911,US,22,static
11,0.09561270341659203,0.020036298374110795,0.03290107473731041,0.020036298374110795,0.001,911,US,22,static
12,0.08811510497560868,0.020020439377246648,0.03244969621300697,0.020020439377246648,0.001,911,US,22,static
13,0.08729418099690707,0.020686742190842048,0.032859425991773605,0.020686742190842048,0.001,911,US,22,static
14,0.08061911643315585,0.018606603544750307,0.03081362321972847,0.018606603544750307,0.001,911,US,22,static
15,0.09032472643332604,0.01870079923201598,0.03223796188831329,0.01870079923201598,0.001,911,US,22,static
16,0.07921942533590855,0.018078790615322728,0.029601749032735825,0.018078790615322728,0.001,911,US,22,static
17,0.05898197148090754,0.016773734595444168,0.028104981407523155,0.016773734595444168,0.001,911,US,22,static
18,0.06738628389743659,0.017730876085288463,0.028710216283798218,0.017730876085288463,0.001,911,US,22,static
19,0.07432851118919177,0.01627798822347934,0.02713010646402836,0.01627798822347934,0.001,911,US,22,static
20,0.07091484944789837,0.016533867048177987,0.027314595878124237,0.016533867048177987,0.001,911,US,22,static
21,0.0811285185508239,0.016631902921901753,0.02764257788658142,0.016631902921901753,0.001,911,US,22,static
22,0.07340686672773117,0.017683641819134833,0.030292214825749397,0.017683641819134833,0.001,911,US,22,static
23,0.06893667865257996,0.01687023658950784,0.02756715565919876,0.01687023658950784,0.001,911,US,22,static
24,0.06891015343941174,0.01645068513383244,0.027042409405112267,0.01645068513383244,0.001,911,US,22,static
25,0.07463618654471177,0.018469415200464183,0.02948014810681343,0.018469415200464183,0.001,911,US,22,static
26,0.06439876823853223,0.01775782304903042,0.02866661734879017,0.01775782304903042,0.0005,911,US,22,static
27,0.062175140740015566,0.016223977905793267,0.027011778205633163,0.016223977905793267,0.0005,911,US,22,static
28,0.06840814821995221,0.01608255418383843,0.026683298870921135,0.01608255418383843,0.0005,911,US,22,static
29,0.0674767459814365,0.016351346787426158,0.026761556044220924,0.016351346787426158,0.0005,911,US,22,static
30,0.0613514414200416,0.016053691191446246,0.026395518332719803,0.016053691191446246,0.0005,911,US,22,static
31,0.05722117939820656,0.015837729768492577,0.02624250389635563,0.015837729768492577,0.0005,911,US,22,static
32,0.05745629431345524,0.015956577421746783,0.026306256651878357,0.015956577421746783,0.0005,911,US,22,static
33,0.06515235950549443,0.016288960488237858,0.027085574343800545,0.016288960488237858,0.0005,911,US,22,static
34,0.06129774709160511,0.016364846920627167,0.02718057855963707,0.016364846920627167,0.0005,911,US,22,static
35,0.0524420990393712,0.017389081322752985,0.027964308857917786,0.017389081322752985,0.0005,911,US,22,static
36,0.056228283601693616,0.017557399208043955,0.028168566524982452,0.017557399208043955,0.0005,911,US,22,static
37,0.057035656502613656,0.0169634846945291,0.027587009593844414,0.0169634846945291,0.0005,911,US,22,static
38,0.05472516449980247,0.018819409109530557,0.02962663024663925,0.018819409109530557,0.00025,911,US,22,static
39,0.05872128521784758,0.020498046077966982,0.031586430966854095,0.020498046077966982,0.00025,911,US,22,static
40,0.06233208626508713,0.01831794027335347,0.02913392148911953,0.01831794027335347,0.00025,911,US,22,static
41,0.059080516967253804,0.017207852315740742,0.028129566460847855,0.017207852315740742,0.00025,911,US,22,static
1,1.1670808431005826,0.43907448804914373,0.2733866572380066,0.43907448804914373,0.001,911,US,60,static
2,0.41615821268871755,0.033198574263270685,0.05902790278196335,0.033198574263270685,0.001,911,US,60,static
3,0.1828821758284186,0.06836762216167845,0.15550492703914642,0.06836762216167845,0.001,911,US,60,static
4,0.177463548788189,0.031100148151635778,0.05576775595545769,0.031100148151635778,0.001,911,US,60,static
5,0.14450588186074348,0.029522468621584235,0.04476255178451538,0.029522468621584235,0.001,911,US,60,static
6,0.14107123253880627,0.026602960360354352,0.04157980903983116,0.026602960360354352,0.001,911,US,60,static
7,0.10285626240346553,0.023536316782287965,0.04141905903816223,0.023536316782287965,0.001,911,US,60,static
8,0.10135669617431008,0.026383347633684984,0.04101894423365593,0.026383347633684984,0.001,911,US,60,static
9,0.10549023241674813,0.03667098904877022,0.05030504986643791,0.03667098904877022,0.001,911,US,60,static
10,0.08703151697388095,0.023959528561697772,0.03758464381098747,0.023959528561697772,0.001,911,US,60,static
11,0.08765958344740589,0.021812709367452273,0.03487492352724075,0.021812709367452273,0.001,911,US,60,static
12,0.0968672589256163,0.027207933033264638,0.04039226099848747,0.027207933033264638,0.001,911,US,60,static
13,0.08770935313545004,0.020925698307861486,0.03307654336094856,0.020925698307861486,0.001,911,US,60,static
14,0.07637415878665056,0.019892710291521985,0.03176312893629074,0.019892710291521985,0.001,911,US,60,static
15,0.07536875003826445,0.022426977952159373,0.03466368839144707,0.022426977952159373,0.001,911,US,60,static
16,0.07466399106774887,0.02143837740978734,0.03359667584300041,0.02143837740978734,0.001,911,US,60,static
17,0.0882072963065257,0.02608001506879625,0.038376584649086,0.02608001506879625,0.001,911,US,60,static
18,0.06908077754787285,0.026339811690051014,0.03855337202548981,0.026339811690051014,0.001,911,US,60,static
19,0.07166298473403401,0.019667077326941767,0.03125603124499321,0.019667077326941767,0.001,911,US,60,static
20,0.06072543243313358,0.024230915560383537,0.03626960515975952,0.024230915560383537,0.001,911,US,60,static
21,0.06537351336493327,0.018846629364458255,0.03052191250026226,0.018846629364458255,0.001,911,US,60,static
22,0.06624890827186351,0.025499097082738068,0.037812359631061554,0.025499097082738068,0.001,911,US,60,static
23,0.0714308440984383,0.020436318857000684,0.03213266655802727,0.020436318857000684,0.001,911,US,60,static
24,0.057465530279344014,0.025328823748351915,0.03757850080728531,0.025328823748351915,0.001,911,US,60,static
25,0.061798007003147234,0.036598427800268084,0.049126725643873215,0.036598427800268084,0.001,911,US,60,static
26,0.07518644554771646,0.023252020572377203,0.03554045408964157,0.023252020572377203,0.001,911,US,60,static
27,0.055934249484626046,0.03285048344908868,0.04548489302396774,0.03285048344908868,0.001,911,US,60,static
28,0.05100812038311558,0.02700969738617438,0.03938473016023636,0.02700969738617438,0.0005,911,US,60,static
29,0.06450604025383283,0.02522832460398367,0.03747347369790077,0.02522832460398367,0.0005,911,US,60,static
30,0.052898195551803515,0.030919972657606428,0.04339085891842842,0.030919972657606428,0.0005,911,US,60,static
31,0.0553360046669297,0.026838986995442436,0.03911833465099335,0.026838986995442436,0.0005,911,US,60,static
1,1.6360140530074514,2.4439867751422715,0.5502282381057739,2.4439867751422715,0.001,911,US,252,static
2,1.1942450389629458,0.5846266349869806,0.31850335001945496,0.5846266349869806,0.001,911,US,252,static
3,0.8269377699712428,0.12864884487056377,0.13291965425014496,0.12864884487056377,0.001,911,US,252,static
4,0.4919056012863066,0.027828643474027824,0.044410865753889084,0.027828643474027824,0.001,911,US,252,static
5,0.2504725950520213,0.05469252941284856,0.11088938266038895,0.05469252941284856,0.001,911,US,252,static
6,0.2211652358130711,0.08709567084602932,0.21215097606182098,0.08709567084602932,0.001,911,US,252,static
7,0.21365959978685145,0.08573887070143388,0.20795263350009918,0.08573887070143388,0.001,911,US,252,static
8,0.2213447671837923,0.06256182348733275,0.13442553579807281,0.06256182348733275,0.001,911,US,252,static
9,0.18515333551459195,0.03560001591685859,0.06395742297172546,0.03560001591685859,0.001,911,US,252,static
10,0.10394543554724717,0.024121233658404604,0.03967282176017761,0.024121233658404604,0.001,911,US,252,static
11,0.15318038850659277,0.02503602188965106,0.03989570960402489,0.02503602188965106,0.001,911,US,252,static
12,0.1611542994292771,0.027274420359912715,0.042487435042858124,0.027274420359912715,0.001,911,US,252,static
13,0.16237130493107366,0.025072293853973783,0.039737217128276825,0.025072293853973783,0.001,911,US,252,static
14,0.14200172700533054,0.022308791563005387,0.03692303225398064,0.022308791563005387,0.001,911,US,252,static
15,0.1390973234821747,0.02426894491104156,0.04261946678161621,0.02426894491104156,0.001,911,US,252,static
16,0.11664186109129976,0.0276407415993715,0.050981152802705765,0.0276407415993715,0.001,911,US,252,static
17,0.10991159263180524,0.02514930907082915,0.045642539858818054,0.02514930907082915,0.001,911,US,252,static
18,0.07475649297419118,0.021948532581252712,0.038264233618974686,0.021948532581252712,0.001,911,US,252,static
19,0.09926815785285903,0.02121404078477238,0.03574788570404053,0.02121404078477238,0.001,911,US,252,static
20,0.07736310603596815,0.02130737078922532,0.035405803471803665,0.02130737078922532,0.001,911,US,252,static
21,0.08490866736122747,0.021063099504024928,0.03511950001120567,0.021063099504024928,0.001,911,US,252,static
22,0.07833821240176515,0.02051965437685788,0.03526490181684494,0.02051965437685788,0.001,911,US,252,static
23,0.0745316529419364,0.020424514278687262,0.0355757474899292,0.020424514278687262,0.001,911,US,252,static
24,0.08318686875991704,0.02037429819124141,0.035695966333150864,0.02037429819124141,0.001,911,US,252,static
25,0.076295800552499,0.020151161184883627,0.03497243672609329,0.020151161184883627,0.001,911,US,252,static
26,0.0739786807084229,0.020280611064619772,0.03443593531847,0.020280611064619772,0.001,911,US,252,static
27,0.07554820870480887,0.02026176281925968,0.03443364053964615,0.02026176281925968,0.001,911,US,252,static
28,0.06499704836708743,0.020148025242340467,0.03493763506412506,0.020148025242340467,0.001,911,US,252,static
29,0.08190492508796657,0.021074180100795762,0.03829655051231384,0.021074180100795762,0.001,911,US,252,static
30,0.07443657017699103,0.021211427225200214,0.03867931291460991,0.021211427225200214,0.001,911,US,252,static
31,0.08013504525510276,0.02030854584021013,0.03533399477601051,0.02030854584021013,0.001,911,US,252,static
32,0.04769853429823387,0.021480294731491732,0.0349738672375679,0.021480294731491732,0.001,911,US,252,static
33,0.07495341661227185,0.02308671270500668,0.036197368055582047,0.02308671270500668,0.001,911,US,252,static
34,0.06930872716191339,0.021675190397512218,0.03522007167339325,0.021675190397512218,0.001,911,US,252,static
35,0.06892993689582842,0.021010908235828924,0.03496427834033966,0.021010908235828924,0.0005,911,US,252,static
1,3.157213174439723,0.679858948174142,0.5052717924118042,0.679858948174142,0.001,911,KR,22,static
2,1.742002896721067,0.02365474836559277,0.05749204754829407,0.02365474836559277,0.001,911,KR,22,static
3,0.6474323950561822,0.16762257465225452,0.8519331812858582,0.16762257465225452,0.001,911,KR,22,static
4,0.6849210137635274,0.1803457061491327,0.9556460380554199,0.1803457061491327,0.001,911,KR,22,static
5,0.4970552623271942,0.07678646049311093,0.271156370639801,0.07678646049311093,0.001,911,KR,22,static
6,0.37129350698072144,0.028455665221675194,0.07361315935850143,0.028455665221675194,0.001,911,KR,22,static
7,0.38889984465112876,0.02612861615310416,0.06644950807094574,0.02612861615310416,0.001,911,KR,22,static
8,0.30026407257404203,0.03891122099526152,0.11003784090280533,0.03891122099526152,0.001,911,KR,22,static
9,0.2925570797102124,0.032040234807803734,0.08609814196825027,0.032040234807803734,0.0005,911,KR,22,static
10,0.29456040521267973,0.021601260606001725,0.053177982568740845,0.021601260606001725,0.0005,911,KR,22,static
11,0.28214962795084597,0.020305059813232426,0.04892323538661003,0.020305059813232426,0.0005,911,KR,22,static
12,0.25414055391074786,0.020347325812522975,0.049543347209692,0.020347325812522975,0.0005,911,KR,22,static
13,0.22518684982863907,0.022127852514994082,0.054970066994428635,0.022127852514994082,0.0005,911,KR,22,static
14,0.21158056019567975,0.02216586733686686,0.055163610726594925,0.02216586733686686,0.0005,911,KR,22,static
15,0.22329896045666114,0.02065617119852645,0.050737958401441574,0.02065617119852645,0.0005,911,KR,22,static
16,0.19140408066363115,0.020969160592260595,0.051799118518829346,0.020969160592260595,0.0005,911,KR,22,static
17,0.16242358646069477,0.021837818263445462,0.05458538979291916,0.021837818263445462,0.0005,911,KR,22,static
18,0.17351518800250845,0.0206016439691591,0.05087333172559738,0.0206016439691591,0.00025,911,KR,22,static
19,0.15492201766936609,0.01968246667912753,0.04810619354248047,0.01968246667912753,0.00025,911,KR,22,static
20,0.17390399494397094,0.01939551764470259,0.04731626808643341,0.01939551764470259,0.00025,911,KR,22,static
21,0.16043030670265745,0.020049486983692837,0.04940180480480194,0.020049486983692837,0.00025,911,KR,22,static
22,0.14977749427354414,0.020566409219719993,0.05109057202935219,0.020566409219719993,0.00025,911,KR,22,static
23,0.1490940020657053,0.020280821633987912,0.05034575238823891,0.020280821633987912,0.00025,911,KR,22,static
24,0.15535088165912753,0.020216351102111417,0.050302330404520035,0.020216351102111417,0.00025,911,KR,22,static
25,0.16321679117048488,0.01965953230216361,0.04869171604514122,0.01965953230216361,0.00025,911,KR,22,static
26,0.14151363761401645,0.019199922584468964,0.04733392596244812,0.019199922584468964,0.00025,911,KR,22,static
27,0.1382387380292213,0.01939959356667096,0.048081107437610626,0.01939959356667096,0.00025,911,KR,22,static
28,0.14867427594521465,0.019777734239921164,0.049403104931116104,0.019777734239921164,0.00025,911,KR,22,static
29,0.14318224500402127,0.018965124900315947,0.046931348741054535,0.018965124900315947,0.00025,911,KR,22,static
30,0.1314157846024613,0.018390917804660074,0.04514539986848831,0.018390917804660074,0.00025,911,KR,22,static
31,0.13350199075306163,0.018864877527316953,0.04672301560640335,0.018864877527316953,0.00025,911,KR,22,static
32,0.1389418110446213,0.0200234098646746,0.05047149583697319,0.0200234098646746,0.00025,911,KR,22,static
33,0.13313296098822083,0.020493585196830845,0.05204296112060547,0.020493585196830845,0.00025,911,KR,22,static
34,0.14372853939634522,0.01977582077767154,0.049907274544239044,0.01977582077767154,0.00025,911,KR,22,static
35,0.1420403135319551,0.018384038506174104,0.04560013860464096,0.018384038506174104,0.00025,911,KR,22,static
36,0.13992804746612225,0.018016525568373715,0.04433551803231239,0.018016525568373715,0.00025,911,KR,22,static
37,0.13600953473569521,0.018994075460325246,0.047619327902793884,0.018994075460325246,0.00025,911,KR,22,static
38,0.1323524530903966,0.019076580011755905,0.04786587134003639,0.019076580011755905,0.00025,911,KR,22,static
39,0.13681340241938636,0.01826727613134194,0.04511437937617302,0.01826727613134194,0.00025,911,KR,22,static
40,0.1306501131236943,0.01842432558260721,0.04575671628117561,0.01842432558260721,0.00025,911,KR,22,static
41,0.141931674497969,0.018834455144897067,0.04718782380223274,0.018834455144897067,0.00025,911,KR,22,static
42,0.12840120445669087,0.01916079152096486,0.04831802099943161,0.01916079152096486,0.00025,911,KR,22,static
43,0.11862227627459694,0.019456938637720973,0.049274757504463196,0.019456938637720973,0.000125,911,KR,22,static
44,0.14714694756016233,0.0200561206955274,0.051199786365032196,0.0200561206955274,0.000125,911,KR,22,static
45,0.10284640192011603,0.01927888698296774,0.04881200194358826,0.01927888698296774,0.000125,911,KR,22,static
46,0.12502283602952957,0.018195962683087267,0.04534130543470383,0.018195962683087267,0.000125,911,KR,22,static
1,3.160777572375625,0.5563605665476729,0.4593628942966461,0.5563605665476729,0.001,911,KR,60,static
2,1.7449868950270004,0.025618771274007714,0.06430897116661072,0.025618771274007714,0.001,911,KR,60,static
3,0.7134881998176006,0.18075425800208214,0.957360565662384,0.18075425800208214,0.001,911,KR,60,static
4,0.5545566224340183,0.1692815216607273,0.8639181852340698,0.1692815216607273,0.001,911,KR,60,static
5,0.3964941043462326,0.07647149718630492,0.2696188688278198,0.07647149718630492,0.001,911,KR,60,static
6,0.29531149810819485,0.03146372760418014,0.08405833691358566,0.03146372760418014,0.001,911,KR,60,static
7,0.3017749982093697,0.022035321149697352,0.054843563586473465,0.022035321149697352,0.001,911,KR,60,static
8,0.25864634724028074,0.02142437676125699,0.05304079130291939,0.02142437676125699,0.001,911,KR,60,static
9,0.26268022996720986,0.020794840559577903,0.048937104642391205,0.020794840559577903,0.001,911,KR,60,static
10,0.20985988544216796,0.021022181304335908,0.04903727397322655,0.021022181304335908,0.001,911,KR,60,static
11,0.19566911547931273,0.018319080590488767,0.04379761219024658,0.018319080590488767,0.001,911,KR,60,static
12,0.19607701096961747,0.01805847407837356,0.04330888390541077,0.01805847407837356,0.001,911,KR,60,static
13,0.180157455768603,0.017959640879051022,0.04263712838292122,0.017959640879051022,0.001,911,KR,60,static
14,0.15641033293595955,0.01761966294784736,0.04242350906133652,0.01761966294784736,0.001,911,KR,60,static
15,0.17142560282972322,0.0186443704992744,0.0436595194041729,0.0186443704992744,0.001,911,KR,60,static
16,0.14430444865529216,0.017577616960846115,0.04198737442493439,0.017577616960846115,0.001,911,KR,60,static
17,0.12687064407031928,0.017681526572277097,0.04208356887102127,0.017681526572277097,0.001,911,KR,60,static
18,0.14085305448788316,0.018189811086225915,0.042846206575632095,0.018189811086225915,0.001,911,KR,60,static
19,0.12567421315766092,0.018098100601688785,0.04450484365224838,0.018098100601688785,0.001,911,KR,60,static
20,0.13242298019910925,0.018299917075178335,0.04282142594456673,0.018299917075178335,0.001,911,KR,60,static
21,0.11952045181793954,0.018269685565069936,0.045648425817489624,0.018269685565069936,0.001,911,KR,60,static
22,0.12452804641937142,0.017340936480633225,0.04107125476002693,0.017340936480633225,0.001,911,KR,60,static
23,0.13491993592079007,0.016464550293107123,0.040389541536569595,0.016464550293107123,0.001,911,KR,60,static
24,0.1330423849954534,0.016764190634006384,0.04011666774749756,0.016764190634006384,0.001,911,KR,60,static
25,0.10561625581623903,0.01636455635049688,0.03961636498570442,0.01636455635049688,0.001,911,KR,60,static
26,0.1138370515250448,0.016561782514556228,0.040778979659080505,0.016561782514556228,0.001,911,KR,60,static
27,0.09267877367561433,0.019972978531730384,0.046064067631959915,0.019972978531730384,0.001,911,KR,60,static
28,0.11760901175995371,0.017465400144413994,0.04191642254590988,0.017465400144413994,0.001,911,KR,60,static
29,0.11664512786847442,0.01980244242485586,0.045869845896959305,0.01980244242485586,0.001,911,KR,60,static
30,0.117297487583623,0.016301291514248275,0.040021058171987534,0.016301291514248275,0.001,911,KR,60,static
31,0.09259118362149196,0.01813466550637924,0.0429866686463356,0.01813466550637924,0.001,911,KR,60,static
32,0.11380987697795256,0.028604598866766136,0.060823820531368256,0.028604598866766136,0.001,911,KR,60,static
33,0.09695210124352086,0.017238845298742003,0.04183081164956093,0.017238845298742003,0.001,911,KR,60,static
34,0.10578667019396576,0.01901177911478233,0.04480953514575958,0.01901177911478233,0.001,911,KR,60,static
35,0.10068730023036253,0.01768180777007572,0.042349960654973984,0.01768180777007572,0.001,911,KR,60,static
36,0.08930583587333338,0.01965013903983876,0.04566831886768341,0.01965013903983876,0.001,911,KR,60,static
37,0.0931496896516921,0.021877260895129893,0.049688100814819336,0.021877260895129893,0.0005,911,KR,60,static
38,0.08292436950019937,0.02170985906356291,0.04961501434445381,0.02170985906356291,0.0005,911,KR,60,static
39,0.0834754440766662,0.018510545664279385,0.04402478411793709,0.018510545664279385,0.0005,911,KR,60,static
40,0.10835858659624163,0.019004826557818585,0.04492887482047081,0.019004826557818585,0.0005,911,KR,60,static
1,1.6608836023431075,2.9770220183921228,0.8588911890983582,2.9770220183921228,0.001,911,KR,252,static
2,1.2109087391903526,0.8037734553829756,0.5453579425811768,0.8037734553829756,0.001,911,KR,252,static
3,0.8487012276523992,0.21931932668339418,0.2741868197917938,0.21931932668339418,0.001,911,KR,252,static
4,0.5017485744074771,0.04340457446386761,0.0910593643784523,0.04340457446386761,0.001,911,KR,252,static
5,0.21835618152430183,0.03271582908769603,0.08656543493270874,0.03271582908769603,0.001,911,KR,252,static
6,0.1544293596556312,0.06808683520334056,0.22840602695941925,0.06808683520334056,0.001,911,KR,252,static
7,0.19891772301573502,0.07612420335735429,0.2665897309780121,0.07612420335735429,0.001,911,KR,252,static
8,0.26778109450089305,0.06045956520918064,0.19429779052734375,0.06045956520918064,0.001,911,KR,252,static
9,0.20097922180828295,0.03694370421547003,0.10141162574291229,0.03694370421547003,0.001,911,KR,252,static
10,0.11298211565927456,0.024298356239984366,0.05976302921772003,0.024298356239984366,0.001,911,KR,252,static
11,0.12044922791813549,0.02670264466713337,0.06283789128065109,0.02670264466713337,0.001,911,KR,252,static
12,0.1532655228909693,0.03042887058135557,0.06942430138587952,0.03042887058135557,0.001,911,KR,252,static
13,0.16149083603369563,0.0287470770360253,0.06634676456451416,0.0287470770360253,0.001,911,KR,252,static
14,0.15163171644273557,0.024143643120204752,0.057822976261377335,0.024143643120204752,0.001,911,KR,252,static
15,0.1502458643364279,0.023005332028582553,0.05655556917190552,0.023005332028582553,0.001,911,KR,252,static
16,0.09847797100481234,0.025358973939528563,0.0638660192489624,0.025358973939528563,0.001,911,KR,252,static
17,0.11241816317564562,0.025776041445041566,0.06520769000053406,0.025776041445041566,0.001,911,KR,252,static
18,0.1049313829525521,0.023961361394627158,0.05972370132803917,0.023961361394627158,0.001,911,KR,252,static
19,0.09755228067699231,0.02247207401605896,0.05520946532487869,0.02247207401605896,0.001,911,KR,252,static
20,0.07181049746118094,0.02195817217860969,0.05351242050528526,0.02195817217860969,0.001,911,KR,252,static
21,0.1288172371293369,0.021780919327079755,0.052380941808223724,0.021780919327079755,0.001,911,KR,252,static
22,0.10568677124224211,0.021696529897019312,0.051879312843084335,0.021696529897019312,0.001,911,KR,252,static
23,0.08736390581256465,0.02139638915712994,0.051352474838495255,0.02139638915712994,0.001,911,KR,252,static
24,0.08493559552650702,0.021711461701557584,0.05259481817483902,0.021711461701557584,0.001,911,KR,252,static
25,0.0921123005253704,0.022156843528409506,0.05402548238635063,0.022156843528409506,0.001,911,KR,252,static
26,0.0880007139946285,0.021672852241013184,0.05251042917370796,0.021672852241013184,0.001,911,KR,252,static
27,0.07123637513110512,0.021251318611220253,0.051200833171606064,0.021251318611220253,0.001,911,KR,252,static
28,0.09593427073406546,0.020775277856031137,0.0496012382209301,0.020775277856031137,0.001,911,KR,252,static
29,0.074985269064966,0.020929781582200137,0.05034258961677551,0.020929781582200137,0.001,911,KR,252,static
30,0.06389032706226173,0.0210582791994054,0.050814446061849594,0.0210582791994054,0.001,911,KR,252,static
31,0.08424031263903568,0.020741700972624868,0.04927658662199974,0.020741700972624868,0.001,911,KR,252,static
32,0.06247820087561482,0.021371906429547005,0.05005284398794174,0.021371906429547005,0.001,911,KR,252,static
33,0.06778749353007267,0.022131790014217088,0.051292743533849716,0.022131790014217088,0.001,911,KR,252,static
34,0.05939151621178577,0.02142695760285629,0.050340861082077026,0.02142695760285629,0.001,911,KR,252,static
35,0.0763650388505898,0.0213274461011835,0.051510438323020935,0.0213274461011835,0.001,911,KR,252,static
36,0.07478440768624607,0.021536136973405118,0.052183374762535095,0.021536136973405118,0.001,911,KR,252,static
37,0.07950766580669504,0.021791412169840194,0.05180385336279869,0.021791412169840194,0.001,911,KR,252,static
38,0.051337999536802896,0.02194372424149912,0.052001986652612686,0.02194372424149912,0.0005,911,KR,252,static
39,0.05361347591602489,0.022112362266559916,0.05220814049243927,0.022112362266559916,0.0005,911,KR,252,static
40,0.07489884860421482,0.02229460908251559,0.05240437760949135,0.02229460908251559,0.0005,911,KR,252,static
41,0.05667825160842193,0.02214080707948794,0.052378010004758835,0.02214080707948794,0.0005,911,KR,252,static
1,1.221321471325763,0.9408686098925605,0.6901010870933533,0.9408686098925605,0.001,911,JP,22,static
2,0.3974760441811054,0.03342812882413983,0.08498725295066833,0.03342812882413983,0.001,911,JP,22,static
3,0.14522265981544147,0.027473469455128675,0.08684758096933365,0.027473469455128675,0.001,911,JP,22,static
4,0.22613386461487064,0.01867752416662593,0.05300624296069145,0.01867752416662593,0.001,911,JP,22,static
5,0.1364919717435713,0.03981997985317605,0.09709470719099045,0.03981997985317605,0.001,911,JP,22,static
6,0.10553920269012451,0.01780168051219786,0.050525154918432236,0.01780168051219786,0.001,911,JP,22,static
7,0.12389780677758254,0.014042114615127287,0.04056081548333168,0.014042114615127287,0.001,911,JP,22,static
8,0.09364709335488158,0.017263551565987276,0.04867786914110184,0.017263551565987276,0.001,911,JP,22,static
9,0.08949425719775163,0.01549352230959198,0.04412238299846649,0.01549352230959198,0.001,911,JP,22,static
10,0.08247019669839314,0.012955493849851606,0.037191785871982574,0.012955493849851606,0.001,911,JP,22,static
11,0.08236706324599007,0.012501601037192556,0.03585295379161835,0.012501601037192556,0.001,911,JP,22,static
12,0.07733008255819221,0.01176260360463837,0.03363896161317825,0.01176260360463837,0.001,911,JP,22,static
13,0.0683627977193176,0.015549721820859605,0.043622106313705444,0.015549721820859605,0.001,911,JP,22,static
14,0.0666365779742792,0.012127262982883209,0.03472952917218208,0.012127262982883209,0.001,911,JP,22,static
15,0.06014171029840197,0.012710793747149163,0.03612460196018219,0.012710793747149163,0.001,911,JP,22,static
16,0.060864525665710496,0.01580664764915429,0.043160129338502884,0.01580664764915429,0.001,911,JP,22,static
17,0.0676778509438812,0.012573447516152162,0.03574373200535774,0.012573447516152162,0.001,911,JP,22,static
18,0.05663697465093105,0.013705349300075548,0.038393422961235046,0.013705349300075548,0.001,911,JP,22,static
19,0.06274605600477813,0.011568467981376623,0.033145561814308167,0.011568467981376623,0.0005,911,JP,22,static
20,0.05219996299643021,0.011808290697358335,0.03376825153827667,0.011808290697358335,0.0005,911,JP,22,static
21,0.058611003415925164,0.012637614404635315,0.035866934806108475,0.012637614404635315,0.0005,911,JP,22,static
22,0.05594883752720697,0.011770523926034605,0.033866822719573975,0.011770523926034605,0.0005,911,JP,22,static
23,0.060883213366780965,0.011774539027127244,0.034013114869594574,0.011774539027127244,0.0005,911,JP,22,static
24,0.06079583644092857,0.012904371576971498,0.0366416834294796,0.012904371576971498,0.0005,911,JP,22,static
25,0.04893542168202338,0.012231619563428248,0.03500943258404732,0.012231619563428248,0.0005,911,JP,22,static
26,0.053101181064720275,0.012167301549777663,0.03484904393553734,0.012167301549777663,0.00025,911,JP,22,static
27,0.05664211347118601,0.012428903161388746,0.035448670387268066,0.012428903161388746,0.00025,911,JP,22,static
28,0.053396655948131116,0.012498130768796073,0.035601165145635605,0.012498130768796073,0.00025,911,JP,22,static
29,0.060866222801533615,0.012384878154013856,0.03536133095622063,0.012384878154013856,0.00025,911,JP,22,static
1,1.3277523967954847,0.8330328098253955,0.6603546142578125,0.8330328098253955,0.001,911,JP,60,static
2,0.4869573086776115,0.0316174517904619,0.08228065818548203,0.0316174517904619,0.001,911,JP,60,static
3,0.17310851083861456,0.03375391665811358,0.1088896170258522,0.03375391665811358,0.001,911,JP,60,static
4,0.2303109046485689,0.01914904572068916,0.05366867780685425,0.01914904572068916,0.001,911,JP,60,static
5,0.16089122698262887,0.04419624715002112,0.10459359735250473,0.04419624715002112,0.001,911,JP,60,static
6,0.1380257139603297,0.029483546622940664,0.0756441280245781,0.029483546622940664,0.001,911,JP,60,static
7,0.10573078747148867,0.016801632732441733,0.04752030223608017,0.016801632732441733,0.001,911,JP,60,static
8,0.09214479098165476,0.01983183342241682,0.05402084439992905,0.01983183342241682,0.001,911,JP,60,static
9,0.08417289888969175,0.026745261611492415,0.0684083104133606,0.026745261611492415,0.001,911,JP,60,static
10,0.07231062816249,0.01979042403165371,0.05311596766114235,0.01979042403165371,0.001,911,JP,60,static
11,0.07644986027368793,0.017402321913099646,0.04729082062840462,0.017402321913099646,0.001,911,JP,60,static
12,0.09090583241648144,0.02133143638860239,0.056069452315568924,0.02133143638860239,0.001,911,JP,60,static
13,0.07347016486304778,0.023426128668803673,0.06031253561377525,0.023426128668803673,0.001,911,JP,60,static
14,0.06907293368820791,0.019399190822053155,0.051530901342630386,0.019399190822053155,0.0005,911,JP,60,static
15,0.07987548444006178,0.01863888468744813,0.04980938509106636,0.01863888468744813,0.0005,911,JP,60,static
16,0.06532410311478155,0.01678016249396607,0.04546287655830383,0.01678016249396607,0.0005,911,JP,60,static
17,0.06857412341568205,0.015523997816543966,0.04240734130144119,0.015523997816543966,0.0005,911,JP,60,static
18,0.07688070848860122,0.023008631958283093,0.058709919452667236,0.023008631958283093,0.0005,911,JP,60,static
19,0.060344387342532474,0.02369830789519641,0.060205090790987015,0.02369830789519641,0.0005,911,JP,60,static
20,0.055895621108788034,0.01756681805358233,0.04724079743027687,0.01756681805358233,0.0005,911,JP,60,static
21,0.0640135047060472,0.016969771361419785,0.04602216184139252,0.016969771361419785,0.0005,911,JP,60,static
22,0.06384536514955538,0.02155044811799282,0.05629567801952362,0.02155044811799282,0.0005,911,JP,60,static
23,0.0687554236639429,0.019016927559551727,0.0508902408182621,0.019016927559551727,0.0005,911,JP,60,static
24,0.06747197861334792,0.018153808638814727,0.04884975403547287,0.018153808638814727,0.00025,911,JP,60,static
25,0.06187623128018997,0.019304795346109033,0.05125044286251068,0.019304795346109033,0.00025,911,JP,60,static
26,0.06316786880294482,0.019962497195683,0.052550844848155975,0.019962497195683,0.00025,911,JP,60,static
27,0.06070690905606305,0.020362822763100745,0.053326934576034546,0.020362822763100745,0.00025,911,JP,60,static
1,2.168985678599431,4.228927393143546,1.1151572465896606,4.228927393143546,0.001,911,JP,252,static
2,1.6634098612345183,1.3863453572452797,0.8114309906959534,1.3863453572452797,0.001,911,JP,252,static
3,1.2127415728874695,0.47867040663298865,0.5070664286613464,0.47867040663298865,0.001,911,JP,252,static
4,0.7793523424710983,0.12731966303220665,0.22929374873638153,0.12731966303220665,0.001,911,JP,252,static
5,0.39361504312509143,0.024531442087483812,0.06709934771060944,0.024531442087483812,0.001,911,JP,252,static
6,0.19557836728218275,0.03190353423428172,0.10031478106975555,0.03190353423428172,0.001,911,JP,252,static
7,0.2144653048270788,0.044979277761158315,0.15743109583854675,0.044979277761158315,0.001,911,JP,252,static
8,0.3337881664435069,0.040261099541135666,0.1363648623228073,0.040261099541135666,0.001,911,JP,252,static
9,0.28747962453426457,0.026187121652213496,0.07891738414764404,0.026187121652213496,0.001,911,JP,252,static
10,0.19501973554874077,0.018517208769477416,0.052343375980854034,0.018517208769477416,0.001,911,JP,252,static
11,0.16491427559119004,0.029516880073367092,0.07779248803853989,0.029516880073367092,0.001,911,JP,252,static
12,0.13592843673168084,0.04796177374195061,0.11311754584312439,0.04796177374195061,0.001,911,JP,252,static
13,0.18257043090386268,0.05409846792791624,0.1233363151550293,0.05409846792791624,0.001,911,JP,252,static
14,0.19209846195120078,0.043628778754863574,0.10440871119499207,0.043628778754863574,0.001,911,JP,252,static
15,0.16650025250437933,0.026850284874078936,0.07104285061359406,0.026850284874078936,0.001,911,JP,252,static
16,0.10855885905524094,0.016998398004327734,0.0482320599257946,0.016998398004327734,0.001,911,JP,252,static
17,0.13787722009687853,0.015288009456226366,0.04378150776028633,0.015288009456226366,0.001,911,JP,252,static
18,0.09646754960219066,0.015530529282053809,0.04434442147612572,0.015530529282053809,0.001,911,JP,252,static
19,0.10902840758745487,0.01881849608380199,0.052318621426820755,0.01881849608380199,0.001,911,JP,252,static
20,0.09795361719070336,0.02492444549031126,0.0658460408449173,0.02492444549031126,0.001,911,JP,252,static
21,0.07136481885726635,0.02942138630387923,0.07494580000638962,0.02942138630387923,0.001,911,JP,252,static
22,0.08077325853399742,0.026865226660405018,0.06943157315254211,0.026865226660405018,0.001,911,JP,252,static
23,0.062295388573637374,0.021876747693620312,0.05857450142502785,0.021876747693620312,0.001,911,JP,252,static
24,0.08612381217953487,0.01983638316699844,0.053937721997499466,0.01983638316699844,0.0005,911,JP,252,static
25,0.07393242409213996,0.018834755661384744,0.051599688827991486,0.018834755661384744,0.0005,911,JP,252,static
26,0.08158028464859877,0.0190916023748701,0.05219247564673424,0.0190916023748701,0.0005,911,JP,252,static
27,0.08518538155998939,0.01963844383438356,0.05346185714006424,0.01963844383438356,0.0005,911,JP,252,static
1,0.3782540273026426,0.05796574012179475,0.04054194000137755,0.05796574012179475,0.001,gfc,US,22,static
2,0.11843301987386423,0.04109955751167988,0.040320546844922214,0.04109955751167988,0.001,gfc,US,22,static
3,0.25660103852846033,0.03791988381942905,0.03234469834195665,0.03791988381942905,0.001,gfc,US,22,static
4,0.09475205345400449,0.06587116484488982,0.053371024351433455,0.06587116484488982,0.001,gfc,US,22,static
5,0.09827135328121693,0.06031613297285213,0.050580565761997404,0.06031613297285213,0.001,gfc,US,22,static
6,0.09324940523033419,0.03421284808917198,0.030719994934669054,0.03421284808917198,0.001,gfc,US,22,static
7,0.07597208160404875,0.03437535886346311,0.024570161209579007,0.03437535886346311,0.001,gfc,US,22,static
8,0.13203051187868775,0.02829848221406491,0.020846474411121876,0.02829848221406491,0.001,gfc,US,22,static
9,0.0812235175231968,0.03579518090008395,0.032750316186848864,0.03579518090008395,0.001,gfc,US,22,static
10,0.07368060739529918,0.05414207455666271,0.04742165304631351,0.05414207455666271,0.001,gfc,US,22,static
11,0.09670434986536032,0.041971434573149016,0.03787466058455615,0.041971434573149016,0.001,gfc,US,22,static
12,0.08734345791108182,0.030137842430380354,0.022082745553962738,0.030137842430380354,0.001,gfc,US,22,static
13,0.11351596745297453,0.02736249522123905,0.02253255947860351,0.02736249522123905,0.001,gfc,US,22,static
14,0.1873351195646117,0.042154200151205926,0.03924792488495192,0.042154200151205926,0.001,gfc,US,22,static
15,0.08607630183844357,0.046763515364915235,0.04072125137327202,0.046763515364915235,0.001,gfc,US,22,static
16,0.08858872470343748,0.026792076865214193,0.021802839685780593,0.026792076865214193,0.001,gfc,US,22,static
17,0.05879922072435247,0.025226123528756115,0.018471082012016936,0.025226123528756115,0.001,gfc,US,22,static
18,0.08065654143901267,0.026644757146521765,0.021217459033566168,0.026644757146521765,0.001,gfc,US,22,static
19,0.0491982754670247,0.026410789343904523,0.022990957377441376,0.026410789343904523,0.001,gfc,US,22,static
20,0.052987710444904794,0.028539039586488762,0.02626038344198489,0.028539039586488762,0.001,gfc,US,22,static
21,0.057193426535607876,0.03149374392733876,0.029419479260881582,0.03149374392733876,0.001,gfc,US,22,static
22,0.06427298037329437,0.029357097422040603,0.025319728421500005,0.029357097422040603,0.001,gfc,US,22,static
23,0.05350688441093065,0.021268927625775633,0.016532604415637562,0.021268927625775633,0.001,gfc,US,22,static
24,0.0562734827913087,0.021358896943926634,0.016268739847844816,0.021358896943926634,0.001,gfc,US,22,static
25,0.06886298122427494,0.022175011628949585,0.017402969085540905,0.022175011628949585,0.001,gfc,US,22,static
26,0.053507630465125966,0.029276430637818214,0.028435187243607888,0.029276430637818214,0.001,gfc,US,22,static
27,0.07217931625517932,0.04196456399024226,0.03816681987498386,0.04196456399024226,0.001,gfc,US,22,static
28,0.07521820903455015,0.02883591436543558,0.02569151448597946,0.02883591436543558,0.001,gfc,US,22,static
29,0.056346380131371714,0.021528998949984987,0.017340581448548345,0.021528998949984987,0.001,gfc,US,22,static
30,0.05495076183241363,0.021403697706016266,0.018711632132470846,0.021403697706016266,0.0005,gfc,US,22,static
31,0.04810040631801544,0.021199939437930488,0.019043938483137533,0.021199939437930488,0.0005,gfc,US,22,static
32,0.040301627422855195,0.020708405118402072,0.018271292600617467,0.020708405118402072,0.0005,gfc,US,22,static
33,0.04593622088315532,0.02114652511919345,0.018666078896814608,0.02114652511919345,0.0005,gfc,US,22,static
34,0.043208071853393294,0.02053681344480937,0.01818740671404092,0.02053681344480937,0.0005,gfc,US,22,static
35,0.039000227759507566,0.020886527362454468,0.01814657685706815,0.020886527362454468,0.0005,gfc,US,22,static
36,0.04289732126513245,0.021019970673909906,0.018494177832308993,0.021019970673909906,0.0005,gfc,US,22,static
37,0.04327833381916475,0.020600176762671483,0.018378035554966605,0.020600176762671483,0.0005,gfc,US,22,static
38,0.041004546152480344,0.020383143818307897,0.0170360895326413,0.020383143818307897,0.0005,gfc,US,22,static
39,0.038252555075624146,0.020864659491580288,0.018265704071498013,0.020864659491580288,0.0005,gfc,US,22,static
40,0.04119062697205424,0.021861453895620733,0.019712300911783224,0.021861453895620733,0.0005,gfc,US,22,static
41,0.038826240081818876,0.021454911213698625,0.018780606164340952,0.021454911213698625,0.0005,gfc,US,22,static
42,0.03945174277365955,0.020695458710668812,0.017795234354606188,0.020695458710668812,0.0005,gfc,US,22,static
43,0.042541953662065875,0.02061706872823724,0.01704407003949363,0.02061706872823724,0.0005,gfc,US,22,static
44,0.03838545372680437,0.020655823732904123,0.01806130304012403,0.020655823732904123,0.0005,gfc,US,22,static
45,0.042400189962086256,0.022305970573710247,0.02043450461233042,0.022305970573710247,0.00025,gfc,US,22,static
46,0.03869801940729252,0.020813580882203586,0.01878665253312227,0.020813580882203586,0.00025,gfc,US,22,static
47,0.03875901174664404,0.022789808684439472,0.02038256035175219,0.022789808684439472,0.00025,gfc,US,22,static
48,0.038218517725277096,0.02032835581506574,0.018024421130043575,0.02032835581506574,0.00025,gfc,US,22,static
49,0.03771613566292491,0.02198658803320846,0.01990672184592224,0.02198658803320846,0.00025,gfc,US,22,static
50,0.03819987338129723,0.021156585862337283,0.01904572050766166,0.021156585862337283,0.00025,gfc,US,22,static
51,0.039046867753504584,0.020711849227892144,0.018295525057441683,0.020711849227892144,0.00025,gfc,US,22,static
52,0.037464773809087686,0.021695882436578967,0.019632810511555805,0.021695882436578967,0.00025,gfc,US,22,static
53,0.041011623672697235,0.022112278848143613,0.020103530394306696,0.022112278848143613,0.00025,gfc,US,22,static
54,0.040822817096749446,0.021129923447585245,0.019131294633465933,0.021129923447585245,0.00025,gfc,US,22,static
55,0.03685196615218369,0.022222762539376332,0.020190238759693398,0.022222762539376332,0.000125,gfc,US,22,static
56,0.03538011458109726,0.02111926352130069,0.019029655668186953,0.02111926352130069,0.000125,gfc,US,22,static
57,0.03631123531387891,0.022119954709854898,0.019920707402001338,0.022119954709854898,0.000125,gfc,US,22,static
58,0.03658262651039982,0.021381471576619772,0.019550085535265535,0.021381471576619772,0.000125,gfc,US,22,static
1,0.3308394819990939,0.06823301064599024,0.04879438218130058,0.06823301064599024,0.001,gfc,US,60,static
2,0.10737288690620152,0.043433133255310896,0.033553120520604086,0.043433133255310896,0.001,gfc,US,60,static
3,0.19223965130215206,0.03988209852008454,0.030455089022082635,0.03988209852008454,0.001,gfc,US,60,static
4,0.14052376747322756,0.054852778134543013,0.04833257177555229,0.054852778134543013,0.001,gfc,US,60,static
5,0.11642873568571602,0.06556989396773695,0.0517985380859489,0.06556989396773695,0.001,gfc,US,60,static
6,0.09795634220991291,0.03470930707195802,0.029923413794829077,0.03470930707195802,0.001,gfc,US,60,static
7,0.07369279745169457,0.03282628424115103,0.02467912689326294,0.03282628424115103,0.001,gfc,US,60,static
8,0.1815482070017546,0.036627017465794734,0.03128820451429166,0.036627017465794734,0.001,gfc,US,60,static
9,0.0649595782483761,0.03979616914989636,0.03547105512236694,0.03979616914989636,0.001,gfc,US,60,static
10,0.06550837597793582,0.03674530710454448,0.03429655849458687,0.03674530710454448,0.001,gfc,US,60,static
11,0.06358175899285534,0.03180423971495536,0.02906595143782665,0.03180423971495536,0.001,gfc,US,60,static
12,0.06137322392805157,0.027853942070804102,0.023002704687090033,0.027853942070804102,0.001,gfc,US,60,static
13,0.06315898773479936,0.024948728310062392,0.018123386182870523,0.024948728310062392,0.001,gfc,US,60,static
14,0.10386505414831691,0.03225917361399566,0.022106228233036766,0.03225917361399566,0.001,gfc,US,60,static
15,0.07023476261595311,0.041575548397493015,0.03632411010474323,0.041575548397493015,0.001,gfc,US,60,static
16,0.0872752631158498,0.045940176665017346,0.040139594341654226,0.045940176665017346,0.001,gfc,US,60,static
17,0.08533737595404235,0.02941321571578314,0.027008372637261434,0.02941321571578314,0.001,gfc,US,60,static
18,0.06783583318586141,0.025265138473183187,0.01824939055034364,0.025265138473183187,0.001,gfc,US,60,static
19,0.1475810724129337,0.028162879293128436,0.024584249285350284,0.028162879293128436,0.001,gfc,US,60,static
20,0.05660484033991453,0.033581955934219865,0.031638126612540736,0.033581955934219865,0.0005,gfc,US,60,static
21,0.0594043465607543,0.027574860484324844,0.022929539302905717,0.027574860484324844,0.0005,gfc,US,60,static
22,0.04673703416928352,0.02683328426499666,0.024001293552230553,0.02683328426499666,0.0005,gfc,US,60,static
23,0.04851354929147792,0.025102029806186636,0.02185206875145673,0.025102029806186636,0.0005,gfc,US,60,static
1,0.37508473260662495,0.04645773745567937,0.038517813224241554,0.04645773745567937,0.001,gfc,US,252,static
2,0.09703059006796215,0.033203732283855286,0.025570444465870878,0.033203732283855286,0.001,gfc,US,252,static
3,0.10932340894180995,0.040107066530598104,0.028216628662024835,0.040107066530598104,0.001,gfc,US,252,static
4,0.15845770991438038,0.05337314033933167,0.04779604436510588,0.05337314033933167,0.001,gfc,US,252,static
5,0.18643821909368694,0.0593322114247459,0.0481431499361042,0.0593322114247459,0.001,gfc,US,252,static
6,0.10405676412385899,0.026449117627705784,0.021177422552113512,0.026449117627705784,0.001,gfc,US,252,static
7,0.11215497646685485,0.032523304438482566,0.02822531799811766,0.032523304438482566,0.001,gfc,US,252,static
8,0.08137096431065392,0.04527086845220733,0.04214791870449644,0.04527086845220733,0.001,gfc,US,252,static
9,0.07920567304059699,0.04171143169990075,0.036730440608058794,0.04171143169990075,0.001,gfc,US,252,static
10,0.06520206697639964,0.025922476773243497,0.02111446476760376,0.025922476773243497,0.001,gfc,US,252,static
11,0.08151259149933036,0.02832246835195466,0.023181865266357286,0.02832246835195466,0.001,gfc,US,252,static
12,0.08576596519012591,0.045261480311895724,0.042818697533047054,0.045261480311895724,0.001,gfc,US,252,static
13,0.08861831329326271,0.03415750815699237,0.03188885337268689,0.03415750815699237,0.001,gfc,US,252,static
14,0.056116639822721484,0.022528809011254553,0.0168024677842618,0.022528809011254553,0.001,gfc,US,252,static
15,0.08330003331882722,0.02633080344191991,0.021781441870616727,0.02633080344191991,0.001,gfc,US,252,static
16,0.057056691062264825,0.032531525456767726,0.030994218659115978,0.032531525456767726,0.001,gfc,US,252,static
17,0.05562372423108026,0.031010667616808006,0.028483544049628703,0.031010667616808006,0.001,gfc,US,252,static
18,0.05487783233952391,0.024896519393263324,0.021068073794305087,0.024896519393263324,0.001,gfc,US,252,static
19,0.04951513913552184,0.02221800344324555,0.01624583639946592,0.02221800344324555,0.001,gfc,US,252,static
20,0.0763138427477562,0.031126074716091686,0.029601360860455082,0.031126074716091686,0.001,gfc,US,252,static
21,0.055994032255131686,0.03056871997264295,0.02829762661005871,0.03056871997264295,0.001,gfc,US,252,static
22,0.05659160090153252,0.02388292071514871,0.01952143267272003,0.02388292071514871,0.001,gfc,US,252,static
23,0.04820455981711874,0.02340006384236914,0.017545918128879897,0.02340006384236914,0.001,gfc,US,252,static
24,0.07653712703958973,0.03288628509344811,0.032256688269604726,0.03288628509344811,0.001,gfc,US,252,static
25,0.056331929759610266,0.030534533907320617,0.02861529575341726,0.030534533907320617,0.001,gfc,US,252,static
26,0.05724523854015511,0.026628600577382613,0.018207129168943816,0.026628600577382613,0.0005,gfc,US,252,static
27,0.05492293779898585,0.029887913214099605,0.02794593401935946,0.029887913214099605,0.0005,gfc,US,252,static
28,0.04662720490206074,0.025005568116966064,0.01950574108210218,0.025005568116966064,0.0005,gfc,US,252,static
29,0.04374605060005799,0.02684895448389514,0.02504949660533928,0.02684895448389514,0.0005,gfc,US,252,static
1,0.7404360342390683,0.036736030109610414,0.04554710777536515,0.036736030109610414,0.001,gfc,KR,22,static
2,0.21117814858349002,0.038694264509766034,0.04401595001259158,0.038694264509766034,0.001,gfc,KR,22,static
3,0.2532917559146881,0.04030892284406306,0.04570459442273263,0.04030892284406306,0.001,gfc,KR,22,static
4,0.20745219883261895,0.0300280683989158,0.03291406710782359,0.0300280683989158,0.001,gfc,KR,22,static
5,0.2423592988325625,0.027532254142601253,0.03607695093077998,0.027532254142601253,0.001,gfc,KR,22,static
6,0.14534898558441472,0.030027781969294592,0.03912452968858903,0.030027781969294592,0.001,gfc,KR,22,static
7,0.11814439787092257,0.030617945818395612,0.03807675261651316,0.030617945818395612,0.001,gfc,KR,22,static
8,0.10499848801718682,0.039285776337785155,0.04417801191729884,0.039285776337785155,0.001,gfc,KR,22,static
9,0.14752271102399242,0.02482553938015534,0.029647938186122526,0.02482553938015534,0.001,gfc,KR,22,static
10,0.09403546534630718,0.026850355492749386,0.027637817926945224,0.026850355492749386,0.001,gfc,KR,22,static
11,0.2111439608341577,0.03953313875315391,0.04193917794093009,0.03953313875315391,0.001,gfc,KR,22,static
12,0.13284012682887972,0.02394904327684639,0.028004791347249862,0.02394904327684639,0.001,gfc,KR,22,static
13,0.13066495430408692,0.02373373612624832,0.029379713198831005,0.02373373612624832,0.001,gfc,KR,22,static
14,0.09339215450597052,0.026595232217364418,0.03271252037056031,0.026595232217364418,0.001,gfc,KR,22,static
15,0.0962945986919257,0.028430668860857464,0.03407079726457596,0.028430668860857464,0.001,gfc,KR,22,static
16,0.09255149747644152,0.02791110883419873,0.03173566982150078,0.02791110883419873,0.001,gfc,KR,22,static
17,0.10485516613995542,0.023924319267240503,0.025524017551252918,0.023924319267240503,0.001,gfc,KR,22,static
18,0.11017550223944139,0.03602004909570409,0.03854982050195817,0.03602004909570409,0.001,gfc,KR,22,static
19,0.158841894749476,0.036769300576766965,0.039039552211761475,0.036769300576766965,0.001,gfc,KR,22,static
20,0.12646727374165642,0.022727959683938998,0.02895587033802463,0.022727959683938998,0.0005,gfc,KR,22,static
21,0.10594520877514567,0.022497665051252724,0.02595728767975684,0.022497665051252724,0.0005,gfc,KR,22,static
22,0.07840006254917505,0.02430458984534648,0.027499632729638006,0.02430458984534648,0.0005,gfc,KR,22,static
23,0.0711200449387638,0.02479383044166642,0.028877757489681244,0.02479383044166642,0.0005,gfc,KR,22,static
24,0.07131687593551314,0.024383297337359267,0.02884045099058459,0.024383297337359267,0.0005,gfc,KR,22,static
25,0.07060759955522966,0.024816661071119243,0.028598906892922618,0.024816661071119243,0.0005,gfc,KR,22,static
26,0.06892777025243457,0.024956361444725,0.028126365955798857,0.024956361444725,0.0005,gfc,KR,22,static
27,0.06314291379281453,0.02356505460674011,0.02604469560807751,0.02356505460674011,0.0005,gfc,KR,22,static
28,0.06692407683146243,0.02251775450419396,0.025715293182480718,0.02251775450419396,0.00025,gfc,KR,22,static
29,0.0725153709324647,0.023031370599498266,0.026363762035485235,0.023031370599498266,0.00025,gfc,KR,22,static
30,0.06407745957982783,0.02255451215890254,0.02584762763111822,0.02255451215890254,0.00025,gfc,KR,22,static
31,0.06657993821997424,0.022431554809147974,0.025806522898135648,0.022431554809147974,0.00025,gfc,KR,22,static
32,0.0657653605603442,0.022559337503995722,0.025767912427263874,0.022559337503995722,0.00025,gfc,KR,22,static
33,0.0652089592411506,0.022413354350157892,0.025995402086165645,0.022413354350157892,0.00025,gfc,KR,22,static
34,0.062463397578317294,0.02202430125856741,0.025620752284603733,0.02202430125856741,0.00025,gfc,KR,22,static
35,0.06411735204105475,0.021936418837102935,0.025651578821482196,0.021936418837102935,0.00025,gfc,KR,22,static
36,0.05761741675740602,0.021212391728429664,0.02520362912647186,0.021212391728429664,0.00025,gfc,KR,22,static
37,0.06083107952560697,0.021780738546415233,0.024946109782303532,0.021780738546415233,0.00025,gfc,KR,22,static
38,0.06182187955294337,0.021261383042626744,0.024162988989583908,0.021261383042626744,0.00025,gfc,KR,22,static
39,0.0634219768856253,0.02050177285018273,0.02426865552702258,0.02050177285018273,0.00025,gfc,KR,22,static
40,0.06015485076575863,0.021133422994184973,0.02503541063877844,0.021133422994184973,0.00025,gfc,KR,22,static
41,0.06196015962988746,0.020487399001224354,0.024158094078302383,0.020487399001224354,0.00025,gfc,KR,22,static
42,0.06593895874613402,0.019936626601342027,0.023684900854864428,0.019936626601342027,0.00025,gfc,KR,22,static
43,0.061084397783388894,0.01996125814016829,0.023717345489609624,0.01996125814016829,0.00025,gfc,KR,22,static
44,0.05487223136789945,0.020340483242045564,0.024175888468180935,0.020340483242045564,0.00025,gfc,KR,22,static
45,0.06189646187941639,0.01998346682505206,0.024171028045877334,0.01998346682505206,0.00025,gfc,KR,22,static
46,0.05715895128645459,0.019358175157373814,0.02363674174393377,0.019358175157373814,0.00025,gfc,KR,22,static
47,0.06077342615367807,0.01946699930863486,0.023431529321016803,0.01946699930863486,0.00025,gfc,KR,22,static
48,0.06010498399181025,0.02011885059575544,0.02350521556312038,0.02011885059575544,0.00025,gfc,KR,22,static
49,0.058411033177862365,0.019788039755946937,0.02304910748235641,0.019788039755946937,0.00025,gfc,KR,22,static
50,0.05730165773052342,0.019219602336037984,0.023472865863192464,0.019219602336037984,0.00025,gfc,KR,22,static
51,0.06062471406648354,0.019521625118814754,0.023354516995529973,0.019521625118814754,0.00025,gfc,KR,22,static
52,0.05968095784132578,0.0193011289553372,0.022938419614107378,0.0193011289553372,0.00025,gfc,KR,22,static
53,0.061245545554830104,0.019664479249323862,0.023324053854711594,0.019664479249323862,0.00025,gfc,KR,22,static
54,0.058226851746439934,0.018660748657935673,0.02266444650388533,0.018660748657935673,0.00025,gfc,KR,22,static
55,0.057773725490789025,0.018489132859418996,0.02222182193110066,0.018489132859418996,0.00025,gfc,KR,22,static
56,0.06101462244987488,0.01891837563877775,0.02280303198964365,0.01891837563877775,0.00025,gfc,KR,22,static
57,0.05903156160624051,0.018769260605075933,0.02307695174409497,0.018769260605075933,0.00025,gfc,KR,22,static
58,0.057072008579817354,0.018791902690528658,0.023083764218514966,0.018791902690528658,0.00025,gfc,KR,22,static
59,0.056304835619366896,0.018575592086933865,0.023258049641886065,0.018575592086933865,0.00025,gfc,KR,22,static
60,0.055739098399573445,0.018233360927246565,0.022932922647845362,0.018233360927246565,0.00025,gfc,KR,22,static
61,0.055337815602519075,0.018454027264644856,0.022324697384911198,0.018454027264644856,0.00025,gfc,KR,22,static
62,0.05554507703197246,0.018568315844686992,0.022836490263861996,0.018568315844686992,0.00025,gfc,KR,22,static
63,0.05890777988397345,0.019330993782341967,0.023817193604284716,0.019330993782341967,0.00025,gfc,KR,22,static
64,0.056819288288148084,0.019029013775409158,0.02415854291569802,0.019029013775409158,0.00025,gfc,KR,22,static
65,0.05402490317973555,0.018927925517801432,0.02378428354859352,0.018927925517801432,0.00025,gfc,KR,22,static
66,0.05549101579022043,0.019293159516763397,0.022824141767717177,0.019293159516763397,0.00025,gfc,KR,22,static
67,0.054586089387231945,0.018325040192196544,0.02313850603757366,0.018325040192196544,0.000125,gfc,KR,22,static
68,0.05546307354709323,0.0189593014726249,0.023196987086726774,0.0189593014726249,0.000125,gfc,KR,22,static
69,0.05593924982739346,0.01883969207807977,0.023033051360999385,0.01883969207807977,0.000125,gfc,KR,22,static
70,0.0543189242634238,0.018701068591019273,0.023451171334712737,0.018701068591019273,0.000125,gfc,KR,22,static
1,0.6904819661398339,0.04066372086076663,0.049516186839149844,0.04066372086076663,0.001,gfc,KR,60,static
2,0.21645258385566324,0.03886500922716501,0.04397981337481929,0.03886500922716501,0.001,gfc,KR,60,static
3,0.19447285486202615,0.039635980500342324,0.044029743801201546,0.039635980500342324,0.001,gfc,KR,60,static
4,0.23577338582744786,0.030513682308748496,0.033009263296281136,0.030513682308748496,0.001,gfc,KR,60,static
5,0.25966171450864256,0.026946699889415806,0.03605593428496392,0.026946699889415806,0.001,gfc,KR,60,static
6,0.1683586710662234,0.024963849180979537,0.032823229028332616,0.024963849180979537,0.001,gfc,KR,60,static
7,0.11942049331622186,0.023891419171578925,0.0277757448775153,0.023891419171578925,0.001,gfc,KR,60,static
8,0.08494381628248816,0.022240675231641686,0.025916089574175495,0.022240675231641686,0.001,gfc,KR,60,static
9,0.07636561862929585,0.02362414958930456,0.02526823803782463,0.02362414958930456,0.001,gfc,KR,60,static
10,0.08016297538685643,0.019749679308905574,0.022450927164285414,0.019749679308905574,0.001,gfc,KR,60,static
11,0.07442834647068011,0.020633817797937788,0.022449210646652406,0.020633817797937788,0.001,gfc,KR,60,static
12,0.08931107180667859,0.02172453478318871,0.02442056805856766,0.02172453478318871,0.001,gfc,KR,60,static
13,0.10682471379929898,0.03398878923624568,0.0372053227357326,0.03398878923624568,0.001,gfc,KR,60,static
14,0.18017515170515752,0.028924057257355678,0.03210658195518678,0.028924057257355678,0.001,gfc,KR,60,static
15,0.19926988446439792,0.03811723363542072,0.046360271592294014,0.03811723363542072,0.001,gfc,KR,60,static
16,0.18783502887471829,0.0229877467044663,0.03027700488605807,0.0229877467044663,0.001,gfc,KR,60,static
17,0.10388909823754254,0.02372185453464583,0.024533447479048082,0.02372185453464583,0.0005,gfc,KR,60,static
18,0.07873739507171064,0.025496685968773185,0.025763727003528226,0.025496685968773185,0.0005,gfc,KR,60,static
19,0.08110644110277587,0.022812633543258503,0.024183284851812547,0.022812633543258503,0.0005,gfc,KR,60,static
20,0.0677996135055045,0.021752084886851843,0.02440342595500331,0.021752084886851843,0.0005,gfc,KR,60,static
1,0.42479630794671264,0.05003368293474306,0.06127467655366467,0.05003368293474306,0.001,gfc,KR,252,static
2,0.3303810790270255,0.07607635011408612,0.09911113304476585,0.07607635011408612,0.001,gfc,KR,252,static
3,0.3072896559621097,0.05006811011408036,0.05961294928866048,0.05006811011408036,0.001,gfc,KR,252,static
4,0.10018782558195259,0.027363293810431802,0.03457499776155718,0.027363293810431802,0.001,gfc,KR,252,static
5,0.09978008863860004,0.02267486858073232,0.027669863114433903,0.02267486858073232,0.001,gfc,KR,252,static
6,0.0847239592328378,0.01997181089324025,0.021904939605343725,0.01997181089324025,0.001,gfc,KR,252,static
7,0.10147886356876214,0.04090803794686275,0.04408608665389399,0.04090803794686275,0.001,gfc,KR,252,static
8,0.43070552255874794,0.033500384118033674,0.03630456628818666,0.033500384118033674,0.001,gfc,KR,252,static
9,0.09014680640847159,0.026967815085515455,0.030998581359463352,0.026967815085515455,0.001,gfc,KR,252,static
10,0.09269813060626855,0.022334202811328,0.027563848322437655,0.022334202811328,0.001,gfc,KR,252,static
11,0.08258161560168716,0.02179347851197769,0.026465737771603368,0.02179347851197769,0.001,gfc,KR,252,static
12,0.06473125522379918,0.0224599873000672,0.02289262798524672,0.0224599873000672,0.001,gfc,KR,252,static
13,0.14186275287660782,0.02315955204284977,0.025008660771193042,0.02315955204284977,0.0005,gfc,KR,252,static
14,0.07547538573275946,0.028770461530039967,0.02971736389783121,0.028770461530039967,0.0005,gfc,KR,252,static
15,0.05934890572354754,0.027801928006765238,0.02830920296330606,0.027801928006765238,0.0005,gfc,KR,252,static
16,0.05549621438643768,0.02601317478529375,0.026463109639383132,0.02601317478529375,0.0005,gfc,KR,252,static
1,0.39233008295912103,0.07173171916533534,0.05888586749251072,0.07173171916533534,0.001,gfc,JP,22,static
2,0.09011433811224613,0.04074412655145144,0.04025385700739347,0.04074412655145144,0.001,gfc,JP,22,static
3,0.07882166415760197,0.051645861963751004,0.058019715704415976,0.051645861963751004,0.001,gfc,JP,22,static
4,0.0703113810303285,0.04708128360107481,0.05421213482917562,0.04708128360107481,0.001,gfc,JP,22,static
5,0.08430557498305115,0.06093140147184754,0.08642959389609364,0.06093140147184754,0.001,gfc,JP,22,static
6,0.1514266958248984,0.03062652851692334,0.03035172590842614,0.03062652851692334,0.001,gfc,JP,22,static
7,0.23558344300260248,0.08663845403652462,0.06935401337017656,0.08663845403652462,0.001,gfc,JP,22,static
8,0.10774388509927336,0.03113293995495797,0.03175391933997633,0.03113293995495797,0.001,gfc,JP,22,static
9,0.07410317620972998,0.04147034454353078,0.04294818009321506,0.04147034454353078,0.001,gfc,JP,22,static
10,0.07194151598768136,0.029792645240960782,0.030307616359791775,0.029792645240960782,0.001,gfc,JP,22,static
11,0.07225289652796135,0.023994368984725088,0.02445547447091172,0.023994368984725088,0.001,gfc,JP,22,static
12,0.08223801528670124,0.01938100916550928,0.020282627886485473,0.01938100916550928,0.001,gfc,JP,22,static
13,0.09389883352770019,0.04096502058355916,0.03983940758746163,0.04096502058355916,0.001,gfc,JP,22,static
14,0.08352076623243154,0.03898168431427454,0.03698108057955257,0.03898168431427454,0.001,gfc,JP,22,static
15,0.06112276808809988,0.019892817629365345,0.020851209895451542,0.019892817629365345,0.001,gfc,JP,22,static
16,0.051700406275766414,0.02276742646253586,0.02272627516253757,0.02276742646253586,0.001,gfc,JP,22,static
17,0.04807809886244154,0.020298491687742972,0.02101328080663314,0.020298491687742972,0.001,gfc,JP,22,static
18,0.0498789757413348,0.016195960459750715,0.017700520664574164,0.016195960459750715,0.001,gfc,JP,22,static
19,0.0507661203671362,0.014783150933226593,0.01641725404904439,0.014783150933226593,0.001,gfc,JP,22,static
20,0.05797676200565604,0.015109927707915246,0.016955650848928493,0.015109927707915246,0.001,gfc,JP,22,static
21,0.05982650140511621,0.02358547462637268,0.02601498128989568,0.02358547462637268,0.001,gfc,JP,22,static
22,0.07952105376831035,0.042130579205182726,0.03758704711339975,0.042130579205182726,0.001,gfc,JP,22,static
23,0.06302647788039188,0.021114000277749574,0.021918964229132,0.021114000277749574,0.001,gfc,JP,22,static
24,0.051822740661422,0.022807288923504154,0.023770414051497997,0.022807288923504154,0.001,gfc,JP,22,static
25,0.04340111122457022,0.01813415091944789,0.019387389861258417,0.01813415091944789,0.001,gfc,JP,22,static
26,0.04679351163663201,0.017155503818518776,0.018622089071795044,0.017155503818518776,0.0005,gfc,JP,22,static
27,0.0426430971044855,0.017682684471587124,0.01925255254152333,0.017682684471587124,0.0005,gfc,JP,22,static
28,0.040692231012988335,0.015921676207703853,0.017395685747386473,0.015921676207703853,0.0005,gfc,JP,22,static
29,0.040679416225589425,0.014928163705699838,0.01642782141940917,0.014928163705699838,0.0005,gfc,JP,22,static
1,0.40688842455296725,0.05166836344830618,0.04621139864780401,0.05166836344830618,0.001,gfc,JP,60,static
2,0.09029457980921908,0.04176816063786334,0.04324798551406937,0.04176816063786334,0.001,gfc,JP,60,static
3,0.07674006745711343,0.03279036435742253,0.030498085445479342,0.03279036435742253,0.001,gfc,JP,60,static
4,0.07805853956126789,0.034339721973012306,0.03286613261530757,0.034339721973012306,0.001,gfc,JP,60,static
5,0.1305535464120667,0.03437839343692383,0.03302813930670742,0.03437839343692383,0.001,gfc,JP,60,static
6,0.22163585405132413,0.07755404214783175,0.06295184281311537,0.07755404214783175,0.001,gfc,JP,60,static
7,0.12868998507763624,0.07450271046273038,0.05898515947977541,0.07450271046273038,0.001,gfc,JP,60,static
8,0.07695297639487284,0.027809404679544306,0.026949900123271864,0.027809404679544306,0.001,gfc,JP,60,static
9,0.055047536049840314,0.023370613117154784,0.022559587244200804,0.023370613117154784,0.001,gfc,JP,60,static
10,0.05610558219362281,0.021353960808304713,0.020316148237117873,0.021353960808304713,0.001,gfc,JP,60,static
11,0.054419583509352595,0.01984558463284472,0.019099301541684127,0.01984558463284472,0.001,gfc,JP,60,static
12,0.0581988078324294,0.018398101991518492,0.018641464382048077,0.018398101991518492,0.001,gfc,JP,60,static
13,0.05854255277934131,0.021195577312481437,0.02246321343368123,0.021195577312481437,0.001,gfc,JP,60,static
14,0.08013468008375231,0.04360491761101425,0.039895328432924836,0.04360491761101425,0.001,gfc,JP,60,static
15,0.10142291959281642,0.01993456910607183,0.02076585446427829,0.01993456910607183,0.001,gfc,JP,60,static
16,0.08392629629712124,0.04308952462919959,0.0545209401290909,0.04308952462919959,0.001,gfc,JP,60,static
17,0.08259726987962206,0.02087015608063285,0.020019699001179534,0.02087015608063285,0.001,gfc,JP,60,static
18,0.052286048448070034,0.017506127695463305,0.01755794175044607,0.017506127695463305,0.001,gfc,JP,60,static
19,0.04702248999078806,0.020841128223277702,0.0213808125292181,0.020841128223277702,0.001,gfc,JP,60,static
20,0.05200573326613818,0.029085723374330547,0.029319663599947927,0.029085723374330547,0.001,gfc,JP,60,static
21,0.08015083663332888,0.04303430549507429,0.03612783506723792,0.04303430549507429,0.001,gfc,JP,60,static
22,0.062081956785649574,0.01849080931702832,0.019527662439867553,0.01849080931702832,0.001,gfc,JP,60,static
23,0.049566667256298595,0.02112108111143256,0.021597745341931276,0.02112108111143256,0.001,gfc,JP,60,static
24,0.04262119909081623,0.01815075042771199,0.018867204561527923,0.01815075042771199,0.001,gfc,JP,60,static
25,0.04332411593832617,0.01625798150011444,0.016868445916697082,0.01625798150011444,0.0005,gfc,JP,60,static
26,0.04236223644120533,0.015899039685572405,0.016925418266822933,0.015899039685572405,0.0005,gfc,JP,60,static
27,0.0388967783400688,0.015403984516143703,0.016604833568819623,0.015403984516143703,0.0005,gfc,JP,60,static
28,0.037232698230478846,0.015143082132834763,0.016387918296643357,0.015143082132834763,0.0005,gfc,JP,60,static
29,0.03826842921117968,0.01501782094001269,0.016248779213018264,0.01501782094001269,0.0005,gfc,JP,60,static
30,0.0365606856186686,0.014710477001108654,0.015924540838520778,0.014710477001108654,0.0005,gfc,JP,60,static
31,0.03821402471241894,0.01456622959565074,0.015930998116460166,0.01456622959565074,0.0005,gfc,JP,60,static
32,0.03725923379314781,0.014484747513183639,0.01602680022688771,0.014484747513183639,0.0005,gfc,JP,60,static
33,0.03707336095534511,0.014613949891331144,0.016239830835718616,0.014613949891331144,0.0005,gfc,JP,60,static
34,0.036618806667812906,0.014414335445356195,0.016103060716227722,0.014414335445356195,0.0005,gfc,JP,60,static
35,0.0354035269158992,0.014026523681369559,0.01566921319691879,0.014026523681369559,0.0005,gfc,JP,60,static
36,0.03473506149401596,0.013959021759350824,0.015534659602532261,0.013959021759350824,0.0005,gfc,JP,60,static
37,0.03500924946413015,0.013753028091113399,0.015269875171997769,0.013753028091113399,0.0005,gfc,JP,60,static
38,0.03512549166084123,0.014603249759914292,0.015935024427559213,0.014603249759914292,0.0005,gfc,JP,60,static
39,0.03497678446466573,0.014610391739668407,0.015964546896939578,0.014610391739668407,0.0005,gfc,JP,60,static
40,0.034340096364484284,0.014824657323235723,0.016289480241686707,0.014824657323235723,0.0005,gfc,JP,60,static
41,0.035082364649249825,0.014823945689439368,0.016277097399357843,0.014823945689439368,0.0005,gfc,JP,60,static
42,0.03438447972407744,0.01461990863255709,0.015918413245002268,0.01461990863255709,0.0005,gfc,JP,60,static
43,0.03487969665262784,0.014212656532995605,0.0155023988675673,0.014212656532995605,0.0005,gfc,JP,60,static
44,0.03362288535172747,0.014386576577856662,0.01572863824725875,0.014386576577856662,0.00025,gfc,JP,60,static
45,0.035100576304184714,0.01411586264400394,0.015545435287510817,0.01411586264400394,0.00025,gfc,JP,60,static
46,0.03288194316696459,0.014144308095701885,0.015572830487932511,0.014144308095701885,0.00025,gfc,JP,60,static
47,0.03380413143311183,0.014086702223343366,0.015482609416640963,0.014086702223343366,0.00025,gfc,JP,60,static
1,0.4731792295957477,0.038456923163702354,0.03821687831690437,0.038456923163702354,0.001,gfc,JP,252,static
2,0.07483479814567291,0.036973037208266,0.03552045893331288,0.036973037208266,0.001,gfc,JP,252,static
3,0.07189547262646247,0.028273143674538873,0.02659731818295201,0.028273143674538873,0.001,gfc,JP,252,static
4,0.06060128957709458,0.02125064364241142,0.021947191115694972,0.02125064364241142,0.001,gfc,JP,252,static
5,0.11067636563539866,0.05519367211628304,0.05002522761160545,0.05519367211628304,0.001,gfc,JP,252,static
6,0.13619177408640395,0.026521112855989497,0.027121909588635692,0.026521112855989497,0.001,gfc,JP,252,static
7,0.07759380678726577,0.03024683284840742,0.03320692666629065,0.03024683284840742,0.001,gfc,JP,252,static
8,0.34494047387645393,0.03066784241674581,0.03326803812312211,0.03066784241674581,0.001,gfc,JP,252,static
9,0.06091808588575127,0.02818032632269381,0.030575559463216224,0.02818032632269381,0.001,gfc,JP,252,static
10,0.06997745812119587,0.028773923747986634,0.029917268617915722,0.028773923747986634,0.001,gfc,JP,252,static
11,0.0682596844506877,0.022830715667123372,0.02147826394028509,0.022830715667123372,0.0005,gfc,JP,252,static
12,0.05613988735987812,0.018729280598852337,0.01886725632345628,0.018729280598852337,0.0005,gfc,JP,252,static
13,0.04059357706699718,0.01888259893648543,0.018858389106959948,0.01888259893648543,0.0005,gfc,JP,252,static
14,0.04204770942949852,0.018360288686927868,0.018409372084898505,0.018360288686927868,0.0005,gfc,JP,252,static
15,0.04050632682875498,0.01818093373784232,0.017955598696644006,0.01818093373784232,0.0005,gfc,JP,252,static
16,0.04450609814516535,0.018228871097495682,0.018458024979482294,0.018228871097495682,0.0005,gfc,JP,252,static
17,0.03806068198741294,0.01813142001296625,0.018361522397592,0.01813142001296625,0.0005,gfc,JP,252,static
18,0.039778261458143345,0.018018515786013475,0.018249601035224283,0.018018515786013475,0.0005,gfc,JP,252,static
19,0.040014569680016265,0.0184838651111913,0.018871482212835477,0.0184838651111913,0.0005,gfc,JP,252,static
20,0.03662827448657349,0.019190756433589473,0.01982115808617972,0.019190756433589473,0.0005,gfc,JP,252,static
21,0.03596320789470795,0.019148515378458696,0.019730231245821305,0.019148515378458696,0.0005,gfc,JP,252,static
22,0.038883523781658484,0.0179020997178666,0.01820699596845428,0.0179020997178666,0.0005,gfc,JP,252,static
23,0.03602745298313121,0.017284054345211373,0.017555569732177114,0.017284054345211373,0.0005,gfc,JP,252,static
24,0.038897694932485676,0.01721380835927064,0.017505722173191757,0.01721380835927064,0.0005,gfc,JP,252,static
25,0.034983821196337875,0.019153299478272934,0.01996914866693348,0.019153299478272934,0.0005,gfc,JP,252,static
26,0.040357939932782784,0.02065907888652233,0.021391631537663793,0.02065907888652233,0.0005,gfc,JP,252,static
27,0.03956564329846363,0.019239217688644474,0.019790009508731395,0.019239217688644474,0.0005,gfc,JP,252,static
28,0.03814442224699142,0.017291373637400135,0.017176220012519523,0.017291373637400135,0.0005,gfc,JP,252,static
29,0.04402179370173528,0.01727082608738636,0.016683219800050924,0.01727082608738636,0.0005,gfc,JP,252,static
30,0.04955843875519988,0.017880322661899137,0.018994235052813887,0.017880322661899137,0.0005,gfc,JP,252,static
31,0.03810052037712485,0.018098912292404724,0.019040454194130686,0.018098912292404724,0.00025,gfc,JP,252,static
32,0.03471661776687482,0.018354349657373963,0.0189835691168482,0.018354349657373963,0.00025,gfc,JP,252,static
33,0.03585418189189618,0.018487798755511185,0.019111153205879305,0.018487798755511185,0.00025,gfc,JP,252,static
34,0.03507605037241949,0.018998371442133854,0.019730314861244037,0.018998371442133854,0.00025,gfc,JP,252,static
1,0.32427269432504296,0.0691851896433645,0.03361360079433066,0.0691851896433645,0.001,covid,US,22,static
2,0.2312497442682921,0.051729770072522475,0.026698432608421547,0.051729770072522475,0.001,covid,US,22,static
3,0.10030153840780258,0.04007600295331616,0.01970156986849854,0.04007600295331616,0.001,covid,US,22,static
4,0.08561271880516562,0.030343747543846365,0.015605605869408113,0.030343747543846365,0.001,covid,US,22,static
5,0.08300431408619477,0.02903768512086353,0.015633874034217322,0.02903768512086353,0.001,covid,US,22,static
6,0.08785163089001582,0.024919888594902437,0.013674369698996285,0.024919888594902437,0.001,covid,US,22,static
7,0.1021073115389731,0.03910769993703069,0.017594027351662815,0.03910769993703069,0.001,covid,US,22,static
8,0.08024078122008656,0.03794746395295744,0.017352339714376563,0.03794746395295744,0.001,covid,US,22,static
9,0.0656021610533787,0.03240829302431666,0.016692561557494014,0.03240829302431666,0.001,covid,US,22,static
10,0.06728136648692316,0.027577034817831535,0.014467854774650561,0.027577034817831535,0.001,covid,US,22,static
11,0.0625647454633046,0.027638798399613557,0.014504012101924563,0.027638798399613557,0.001,covid,US,22,static
12,0.061962883805824535,0.02183065488257897,0.012330319586557796,0.02183065488257897,0.001,covid,US,22,static
13,0.06445281620500451,0.022172950161693513,0.013076780060956994,0.022172950161693513,0.001,covid,US,22,static
14,0.05706394283195673,0.022769054375220196,0.013094884148952234,0.022769054375220196,0.001,covid,US,22,static
15,0.05866359361147477,0.020187686438566423,0.011351115051582157,0.020187686438566423,0.001,covid,US,22,static
16,0.060928184971592185,0.021257047129414848,0.012280891043504319,0.021257047129414848,0.001,covid,US,22,static
17,0.06054739589660855,0.02919765111455386,0.015539460460165418,0.02919765111455386,0.001,covid,US,22,static
18,0.05366025312598479,0.025231077853897575,0.013928809921335742,0.025231077853897575,0.001,covid,US,22,static
19,0.059377803217809076,0.019994871049334284,0.012021175862465757,0.019994871049334284,0.001,covid,US,22,static
20,0.058653503359626914,0.022141255037678262,0.013611612231825969,0.022141255037678262,0.001,covid,US,22,static
21,0.05574225850277028,0.06494810390081468,0.021057324700925244,0.06494810390081468,0.001,covid,US,22,static
22,0.060986935189467364,0.04930961667218474,0.01855951525181173,0.04930961667218474,0.001,covid,US,22,static
23,0.05206863253172171,0.041045897778174585,0.017717600212877535,0.041045897778174585,0.001,covid,US,22,static
24,0.04987341706656803,0.03428557867371701,0.016648322897383487,0.03428557867371701,0.001,covid,US,22,static
25,0.058329235490853504,0.04871402881953856,0.020062428618590516,0.04871402881953856,0.001,covid,US,22,static
26,0.054685389225260686,0.02464083987891651,0.015684003653715414,0.02464083987891651,0.0005,covid,US,22,static
27,0.07690239011357396,0.026554499666290542,0.015736888043103688,0.026554499666290542,0.0005,covid,US,22,static
28,0.05454440142769935,0.02623904281977057,0.015679566997541004,0.02623904281977057,0.0005,covid,US,22,static
29,0.057405265897386155,0.02515977175118084,0.015104104345851395,0.02515977175118084,0.0005,covid,US,22,static
1,0.3021690860511604,0.09013773445288768,0.03780411730658816,0.09013773445288768,0.001,covid,US,60,static
2,0.2705111201440407,0.06635823650262147,0.03243332762405815,0.06635823650262147,0.001,covid,US,60,static
3,0.10889236868980959,0.054534826323866,0.02623028779424817,0.054534826323866,0.001,covid,US,60,static
4,0.09800179380349042,0.030451850563601876,0.01699717959246961,0.030451850563601876,0.001,covid,US,60,static
5,0.0942820116132816,0.03970792566229547,0.018711781518227125,0.03970792566229547,0.001,covid,US,60,static
6,0.10087364129738031,0.03621717747794155,0.0168183555071014,0.03621717747794155,0.001,covid,US,60,static
7,0.10012064640565796,0.024637881721175144,0.013632404715211755,0.024637881721175144,0.001,covid,US,60,static
8,0.1005173772573471,0.06215417029442424,0.0241433414275268,0.06215417029442424,0.001,covid,US,60,static
9,0.08828940664866397,0.04942493452466165,0.021805411324383742,0.04942493452466165,0.001,covid,US,60,static
10,0.07642765826951842,0.025958531732798662,0.014550648898963469,0.025958531732798662,0.001,covid,US,60,static
11,0.06205682285903408,0.029758667721891657,0.016191650387722564,0.029758667721891657,0.001,covid,US,60,static
12,0.059745615215344286,0.02381602423512341,0.013307044667801464,0.02381602423512341,0.001,covid,US,60,static
13,0.05861040308199495,0.033111065850758264,0.016942414922647208,0.033111065850758264,0.001,covid,US,60,static
14,0.06349048635252823,0.02364451472293609,0.013385600171025738,0.02364451472293609,0.001,covid,US,60,static
15,0.059328553400096705,0.02065656443360734,0.012016350942024266,0.02065656443360734,0.001,covid,US,60,static
16,0.05676326401999546,0.023712249649233807,0.012847863081618246,0.023712249649233807,0.001,covid,US,60,static
17,0.05883846413829499,0.02184905756849724,0.01270326385536347,0.02184905756849724,0.001,covid,US,60,static
18,0.06154159635992857,0.027070995007974656,0.01435250211432277,0.027070995007974656,0.001,covid,US,60,static
19,0.0590253607749888,0.049444674158900005,0.018978422372994654,0.049444674158900005,0.001,covid,US,60,static
20,0.06385719900276864,0.037266927061305674,0.018014075256973863,0.037266927061305674,0.001,covid,US,60,static
21,0.056646109690324,0.03696129995550553,0.01695710194697342,0.03696129995550553,0.001,covid,US,60,static
22,0.06744317861893706,0.019825064164858408,0.012330626384411231,0.019825064164858408,0.0005,covid,US,60,static
23,0.06736122944743549,0.022202796579063717,0.014001882982900343,0.022202796579063717,0.0005,covid,US,60,static
24,0.0700911389825335,0.025376623553376443,0.015404752047964368,0.025376623553376443,0.0005,covid,US,60,static
25,0.0650197589377698,0.023537248683555844,0.014521527594052645,0.023537248683555844,0.0005,covid,US,60,static
26,0.05504228888554534,0.02269965923787875,0.014251202973256627,0.02269965923787875,0.0005,covid,US,60,static
27,0.05213979797796631,0.023066647153266572,0.014395282932942411,0.023066647153266572,0.0005,covid,US,60,static
28,0.05098988072503484,0.022496238748982766,0.014747052180419964,0.022496238748982766,0.0005,covid,US,60,static
29,0.0501210631588645,0.019780037988562312,0.012962459848378318,0.019780037988562312,0.00025,covid,US,60,static
30,0.04688862605527241,0.020129842990575523,0.013356517873195759,0.020129842990575523,0.00025,covid,US,60,static
31,0.04508205340273713,0.020970420760124415,0.013732416495441433,0.020970420760124415,0.00025,covid,US,60,static
32,0.04303406795509882,0.019801242116259794,0.013078271863929718,0.019801242116259794,0.00025,covid,US,60,static
33,0.046626085179170856,0.019444312804829764,0.01308522446372782,0.019444312804829764,0.00025,covid,US,60,static
34,0.04425965255267189,0.018907773014159416,0.012717118901929942,0.018907773014159416,0.00025,covid,US,60,static
35,0.04458155386095778,0.01895241799319482,0.012548551999451405,0.01895241799319482,0.00025,covid,US,60,static
36,0.044363349391285146,0.018689610115384628,0.012645080853926849,0.018689610115384628,0.00025,covid,US,60,static
37,0.04368296506687751,0.017769008867003732,0.011956693353991672,0.017769008867003732,0.00025,covid,US,60,static
38,0.04364177929965516,0.018626744597590745,0.012534425851989942,0.018626744597590745,0.00025,covid,US,60,static
39,0.04378309938539454,0.019197602490015273,0.012972612427659782,0.019197602490015273,0.00025,covid,US,60,static
40,0.04382860964495929,0.0198025311431031,0.013155951811726314,0.0198025311431031,0.00025,covid,US,60,static
41,0.04238376439426099,0.018585460479054516,0.012626271844508657,0.018585460479054516,0.00025,covid,US,60,static
42,0.042396602720111316,0.018122924482109604,0.012276755316729048,0.018122924482109604,0.00025,covid,US,60,static
43,0.04208003443461715,0.018925248625395276,0.012556241671872666,0.018925248625395276,0.00025,covid,US,60,static
44,0.04418585748785278,0.01877667730435608,0.01242463518098655,0.01877667730435608,0.000125,covid,US,60,static
45,0.042826417166801765,0.018873275593229506,0.012504085565516987,0.018873275593229506,0.000125,covid,US,60,static
46,0.04284709501678951,0.019189124846019492,0.012800489301722213,0.019189124846019492,0.000125,covid,US,60,static
47,0.041276836120919355,0.019055158714275044,0.012562997822451544,0.019055158714275044,0.000125,covid,US,60,static
1,0.4462823786554995,0.17217457756315435,0.05074569599396254,0.17217457756315435,0.001,covid,US,252,static
2,0.28512721964404947,0.052332896867997414,0.026851709169077587,0.052332896867997414,0.001,covid,US,252,static
3,0.1759238592102161,0.05096159340680245,0.02301964831041045,0.05096159340680245,0.001,covid,US,252,static
4,0.12391364487481277,0.03860182537954254,0.02006120750134489,0.03860182537954254,0.001,covid,US,252,static
5,0.10463323469018618,0.03120069129411846,0.01661965408433513,0.03120069129411846,0.001,covid,US,252,static
6,0.11090919381393356,0.03470721374192959,0.018379097707180613,0.03470721374192959,0.001,covid,US,252,static
7,0.07747342505539977,0.03012920021935319,0.016400729874560392,0.03012920021935319,0.001,covid,US,252,static
8,0.07332697528640518,0.028493893446822884,0.015637794535711826,0.028493893446822884,0.001,covid,US,252,static
9,0.06765921696655469,0.024408750126880006,0.013765109212971834,0.024408750126880006,0.001,covid,US,252,static
10,0.08250666008494745,0.03193415008649868,0.017982012869034666,0.03193415008649868,0.001,covid,US,252,static
11,0.06859763112657585,0.02705156008350023,0.015296257355336443,0.02705156008350023,0.001,covid,US,252,static
12,0.08605507650062076,0.03643804514343989,0.018627551402971447,0.03643804514343989,0.001,covid,US,252,static
13,0.0822729321723526,0.023828812774365438,0.013467963399687206,0.023828812774365438,0.001,covid,US,252,static
14,0.0710418593511815,0.022762828781999058,0.013554475992080199,0.022762828781999058,0.001,covid,US,252,static
15,0.08517850374591378,0.02510377067792243,0.014514138533109164,0.02510377067792243,0.001,covid,US,252,static
16,0.10224070108945757,0.024750217378905662,0.014505789319734019,0.024750217378905662,0.001,covid,US,252,static
17,0.09930183967795297,0.03672338624789547,0.021636774744763672,0.03672338624789547,0.001,covid,US,252,static
18,0.08369503071021396,0.03308675289293526,0.019896296716957206,0.03308675289293526,0.001,covid,US,252,static
19,0.0679916216761604,0.029119929174068287,0.016433580355890782,0.029119929174068287,0.001,covid,US,252,static
20,0.10381083532935527,0.0226830852737942,0.016517673428338694,0.0226830852737942,0.001,covid,US,252,static
21,0.06334784334247522,0.02495686354031508,0.014257457354162112,0.02495686354031508,0.001,covid,US,252,static
22,0.05562009136036934,0.018463227628925043,0.01203616965098314,0.018463227628925043,0.001,covid,US,252,static
23,0.0547093821394948,0.017204664591991534,0.011069841630547401,0.017204664591991534,0.001,covid,US,252,static
24,0.05698478515270292,0.021405310292651476,0.013120175810553223,0.021405310292651476,0.001,covid,US,252,static
25,0.054971030639911815,0.017767666545117217,0.011048644818515184,0.017767666545117217,0.001,covid,US,252,static
26,0.049170520536618134,0.018913586353178004,0.011664637091408771,0.018913586353178004,0.001,covid,US,252,static
27,0.05371961826603768,0.021262179089925313,0.0132479519287805,0.021262179089925313,0.001,covid,US,252,static
28,0.053343457222515864,0.023382777612778495,0.015387907773854742,0.023382777612778495,0.001,covid,US,252,static
29,0.06511189111556136,0.023325930546981132,0.015148201426229324,0.023325930546981132,0.001,covid,US,252,static
30,0.05475127696990967,0.021568815902370708,0.01368741563943974,0.021568815902370708,0.0005,covid,US,252,static
31,0.057652961149114806,0.021288065602392624,0.012580768407199037,0.021288065602392624,0.0005,covid,US,252,static
32,0.046368070922476676,0.02468701487099265,0.01461396279583973,0.02468701487099265,0.0005,covid,US,252,static
33,0.046822057007283036,0.022438322674301292,0.013725437309937066,0.022438322674301292,0.0005,covid,US,252,static
1,0.29956529305438073,0.023831921190941664,0.01621241217517123,0.023831921190941664,0.001,covid,KR,22,static
2,0.10609793350775651,0.02092565214088158,0.014852278945701463,0.02092565214088158,0.001,covid,KR,22,static
3,0.07216775964708454,0.015053434293704626,0.011608930528924174,0.015053434293704626,0.001,covid,KR,22,static
4,0.07117229401864344,0.01542298047742943,0.01200949425371934,0.01542298047742943,0.001,covid,KR,22,static
5,0.08826733956428921,0.021286698900359318,0.014760280506951468,0.021286698900359318,0.001,covid,KR,22,static
6,0.07442673889853808,0.049198768545615154,0.02689180600703979,0.049198768545615154,0.001,covid,KR,22,static
7,0.07078185307892781,0.045733572078830435,0.02578929639896568,0.045733572078830435,0.001,covid,KR,22,static
8,0.07141308905607031,0.0285598571056301,0.018151606817026527,0.0285598571056301,0.001,covid,KR,22,static
9,0.08587236453486685,0.051080184089190885,0.0267437500308971,0.051080184089190885,0.001,covid,KR,22,static
10,0.0953963320959508,0.012361377563855969,0.009933212247430061,0.012361377563855969,0.0005,covid,KR,22,static
11,0.09014138340901788,0.012512042288965018,0.01001448924748265,0.012512042288965018,0.0005,covid,KR,22,static
12,0.06289477673958999,0.013579733280631454,0.010579208543106,0.013579733280631454,0.0005,covid,KR,22,static
13,0.06193030161507822,0.015512857395537937,0.011587992987158346,0.015512857395537937,0.0005,covid,KR,22,static
14,0.06354545598936055,0.016393597344823714,0.012126412744424782,0.016393597344823714,0.0005,covid,KR,22,static
15,0.05903032907559069,0.0173824568471057,0.012528508004485345,0.0173824568471057,0.0005,covid,KR,22,static
16,0.06365551746147961,0.01940987152130248,0.01362073508908554,0.01940987152130248,0.0005,covid,KR,22,static
17,0.06590168829625542,0.022119795056428762,0.015284274510887205,0.022119795056428762,0.00025,covid,KR,22,static
18,0.052580681435177114,0.024535928128821168,0.01648270235377915,0.024535928128821168,0.00025,covid,KR,22,static
19,0.06484771797347094,0.020719095109983078,0.014588469799075807,0.020719095109983078,0.00025,covid,KR,22,static
20,0.04937897332217605,0.021319475013126442,0.014645305671253982,0.021319475013126442,0.00025,covid,KR,22,static
1,0.2655901695883855,0.04556106250496856,0.025511888475442418,0.04556106250496856,0.001,covid,KR,60,static
2,0.10949080759950738,0.020824693287681315,0.014745985344052314,0.020824693287681315,0.001,covid,KR,60,static
3,0.07839045172959586,0.01722230466707735,0.012813125569753501,0.01722230466707735,0.001,covid,KR,60,static
4,0.06906290910692352,0.017127591229246265,0.012936962487138047,0.017127591229246265,0.001,covid,KR,60,static
5,0.08321483558368392,0.027085618517419988,0.01779832011278795,0.027085618517419988,0.001,covid,KR,60,static
6,0.06414152767727213,0.044036332586610244,0.025937414807932716,0.044036332586610244,0.001,covid,KR,60,static
7,0.0753033613222486,0.10872982390319179,0.04832890673863645,0.10872982390319179,0.001,covid,KR,60,static
8,0.07410971198473283,0.09132020088659062,0.042960618664415515,0.09132020088659062,0.001,covid,KR,60,static
9,0.08975805255730489,0.06356310690831443,0.03232347659614621,0.06356310690831443,0.001,covid,KR,60,static
10,0.07751817391099024,0.027330693811892456,0.01766057837070251,0.027330693811892456,0.001,covid,KR,60,static
11,0.07110557045438301,0.012776640761674335,0.010159112687925903,0.012776640761674335,0.0005,covid,KR,60,static
12,0.06474860621041284,0.015728581726290897,0.011797240437293539,0.015728581726290897,0.0005,covid,KR,60,static
13,0.07150273248942256,0.01747757709891056,0.012827386258512128,0.01747757709891056,0.0005,covid,KR,60,static
14,0.05419154308998886,0.019554310552334756,0.013751347705113645,0.019554310552334756,0.0005,covid,KR,60,static
15,0.06827553787992159,0.01857125015261789,0.013306889827458226,0.01857125015261789,0.0005,covid,KR,60,static
16,0.0658866960007502,0.019813091237914283,0.013991949395561705,0.019813091237914283,0.0005,covid,KR,60,static
17,0.0656649229826423,0.018616713640006763,0.01355528827680617,0.018616713640006763,0.0005,covid,KR,60,static
18,0.06534139259357945,0.02127410543292518,0.0148892413900823,0.02127410543292518,0.00025,covid,KR,60,static
19,0.05246849984379535,0.021611324113376757,0.014869199974500404,0.021611324113376757,0.00025,covid,KR,60,static
20,0.050224286267257966,0.0196508883831105,0.013625799841722663,0.0196508883831105,0.00025,covid,KR,60,static
21,0.0483097448419923,0.019065891262235877,0.013367993688705017,0.019065891262235877,0.00025,covid,KR,60,static
1,0.19802932418062522,0.05022565268356802,0.028810063050109514,0.05022565268356802,0.001,covid,KR,252,static
2,0.09161724343422323,0.038299782119423226,0.022971045317090287,0.038299782119423226,0.001,covid,KR,252,static
3,0.08422684015433445,0.036365127445955395,0.021643076981512868,0.036365127445955395,0.001,covid,KR,252,static
4,0.06083030679879475,0.0616713928945897,0.031950294743387064,0.0616713928945897,0.001,covid,KR,252,static
5,0.07038501050665755,0.12149112002310136,0.05056849014090032,0.12149112002310136,0.001,covid,KR,252,static
6,0.07301635592245623,0.1348614196319694,0.0551819166054531,0.1348614196319694,0.001,covid,KR,252,static
7,0.09238483867609068,0.03257205678096118,0.020268385766112073,0.03257205678096118,0.001,covid,KR,252,static
8,0.13359813330680234,0.01483277080962231,0.011220431415250106,0.01483277080962231,0.001,covid,KR,252,static
9,0.06689877341354475,0.019870571921793697,0.01357006023885036,0.019870571921793697,0.001,covid,KR,252,static
10,0.04972061179197741,0.03026844583198316,0.019018575016941344,0.03026844583198316,0.001,covid,KR,252,static
11,0.05379946648093547,0.036624887662771846,0.02153768462642115,0.036624887662771846,0.001,covid,KR,252,static
12,0.04912731306041748,0.026880840244933438,0.017007706010220003,0.026880840244933438,0.001,covid,KR,252,static
13,0.05286679668996851,0.0142957199869499,0.011140390607167263,0.0142957199869499,0.001,covid,KR,252,static
14,0.0525731803580831,0.023495587360721992,0.01575328524471546,0.023495587360721992,0.001,covid,KR,252,static
15,0.06117807847873712,0.024728955127371482,0.016592361671583993,0.024728955127371482,0.001,covid,KR,252,static
16,0.06760930826678178,0.030530681121232597,0.019466741413486248,0.030530681121232597,0.001,covid,KR,252,static
17,0.05692105755319863,0.017187973813734835,0.012722794597550314,0.017187973813734835,0.001,covid,KR,252,static
18,0.05418239280826726,0.028509895295117684,0.018927450211984772,0.028509895295117684,0.001,covid,KR,252,static
19,0.056161192741147774,0.034180636093586056,0.020171759657713832,0.034180636093586056,0.001,covid,KR,252,static
20,0.059759233106735345,0.019862913246029814,0.013803435253853701,0.019862913246029814,0.0005,covid,KR,252,static
21,0.04847321446126625,0.023495108449086637,0.016106219125949606,0.023495108449086637,0.0005,covid,KR,252,static
22,0.038152425523496375,0.021973956994092377,0.015073413462663183,0.021973956994092377,0.0005,covid,KR,252,static
23,0.042884211719171415,0.017022352057288245,0.012504962660676362,0.017022352057288245,0.0005,covid,KR,252,static
1,0.2265136263244245,0.06322091146846541,0.027469055750504696,0.06322091146846541,0.001,covid,JP,22,static
2,0.07078101994514777,0.03133574081897769,0.015557323025235572,0.03133574081897769,0.001,covid,JP,22,static
3,0.05891737726981568,0.024542771006364913,0.01304711348856468,0.024542771006364913,0.001,covid,JP,22,static
4,0.05282086635447654,0.03646372329543988,0.016711451413273563,0.03646372329543988,0.001,covid,JP,22,static
5,0.05029239452322558,0.033401027366035674,0.016235339560518702,0.033401027366035674,0.001,covid,JP,22,static
6,0.048344271863801996,0.027683149432479733,0.014256522741371368,0.027683149432479733,0.001,covid,JP,22,static
7,0.049782932252373124,0.024822126048144558,0.013904512571521633,0.024822126048144558,0.001,covid,JP,22,static
8,0.05166477080286133,0.04573802369001256,0.020906493605492505,0.04573802369001256,0.001,covid,JP,22,static
9,0.04490346358365128,0.02600754980574704,0.014227208135859986,0.02600754980574704,0.001,covid,JP,22,static
10,0.04609541414354638,0.028056948402447643,0.014077020715532443,0.028056948402447643,0.0005,covid,JP,22,static
11,0.0439020381417574,0.022168076067584384,0.011858480016089135,0.022168076067584384,0.0005,covid,JP,22,static
12,0.04211038955313537,0.02280817891214163,0.012058535875230404,0.02280817891214163,0.0005,covid,JP,22,static
13,0.0424653293340652,0.023437869695074286,0.01218379459199671,0.023437869695074286,0.0005,covid,JP,22,static
14,0.04134138882802562,0.023365712569169392,0.012536556261229216,0.023365712569169392,0.0005,covid,JP,22,static
15,0.04075937058582769,0.029294328163785743,0.014036906536310038,0.029294328163785743,0.0005,covid,JP,22,static
16,0.0381217037826199,0.02327717019233378,0.012442123468295051,0.02327717019233378,0.0005,covid,JP,22,static
17,0.03844518935433172,0.026951918535680162,0.013600155917701612,0.026951918535680162,0.0005,covid,JP,22,static
18,0.03749054093899328,0.0191054499436613,0.010690150069361202,0.0191054499436613,0.00025,covid,JP,22,static
19,0.0410654252492769,0.01948880784302246,0.010826266222637318,0.01948880784302246,0.00025,covid,JP,22,static
20,0.039635868595851005,0.01947559368158398,0.010893622674359687,0.01947559368158398,0.00025,covid,JP,22,static
21,0.03619564911271528,0.019637346594956924,0.01085168644630011,0.019637346594956924,0.00025,covid,JP,22,static
22,0.036553553940033616,0.019541882783628086,0.010982831675076086,0.019541882783628086,0.00025,covid,JP,22,static
23,0.03693200687330558,0.019538420512940566,0.010863087821954463,0.019538420512940566,0.00025,covid,JP,22,static
24,0.03629451055682331,0.02092621401945229,0.011404220248615392,0.02092621401945229,0.00025,covid,JP,22,static
25,0.037401024705975526,0.021011990935433943,0.011616422221937438,0.021011990935433943,0.000125,covid,JP,22,static
26,0.0349763193813163,0.020222390138794098,0.011348669487343923,0.020222390138794098,0.000125,covid,JP,22,static
27,0.03486060604839161,0.018913489555636445,0.010742709254962879,0.018913489555636445,0.000125,covid,JP,22,static
28,0.03452525940218212,0.01938214999546967,0.01094608026396904,0.01938214999546967,0.000125,covid,JP,22,static
29,0.03544606025487464,0.019312416628893502,0.010882670581964269,0.019312416628893502,0.000125,covid,JP,22,static
30,0.0348952931250372,0.01933807393486088,0.010995525570594118,0.01933807393486088,0.000125,covid,JP,22,static
31,0.03402698862930282,0.01955193220457164,0.010982980273632823,0.01955193220457164,0.000125,covid,JP,22,static
32,0.03557317241119542,0.019591440171762772,0.01098301959181181,0.019591440171762772,0.000125,covid,JP,22,static
33,0.035255056705943075,0.019370285994924803,0.010888884802617788,0.019370285994924803,0.000125,covid,JP,22,static
34,0.03815488541779009,0.020348379486277414,0.011410648283786354,0.020348379486277414,6.25e-05,covid,JP,22,static
35,0.0349078945225097,0.019725847313467416,0.011161988499773097,0.019725847313467416,6.25e-05,covid,JP,22,static
36,0.03271516609021243,0.020082188404555147,0.011321411908421057,0.020082188404555147,6.25e-05,covid,JP,22,static
37,0.034265906396493295,0.019541367380653877,0.011096829712141508,0.019541367380653877,6.25e-05,covid,JP,22,static
1,0.28226444077740387,0.059507778246855964,0.02896322939685199,0.059507778246855964,0.001,covid,JP,60,static
2,0.08117827389360652,0.05011545669462672,0.022582777986248418,0.05011545669462672,0.001,covid,JP,60,static
3,0.0649741507322414,0.038712830945746034,0.020028755396105755,0.038712830945746034,0.001,covid,JP,60,static
4,0.05855371300724021,0.04621276300647622,0.021801567484457125,0.04621276300647622,0.001,covid,JP,60,static
5,0.0571967611524852,0.05749756234193308,0.02593125729085137,0.05749756234193308,0.001,covid,JP,60,static
6,0.0608936234196376,0.05350184337935844,0.02381803040006919,0.05350184337935844,0.001,covid,JP,60,static
7,0.05542571520357179,0.03143088477518757,0.015219201481897213,0.03143088477518757,0.001,covid,JP,60,static
8,0.04906973335176346,0.027171670826722047,0.013817119903114301,0.027171670826722047,0.001,covid,JP,60,static
9,0.051056923282575,0.022226116275001175,0.012235850469836631,0.022226116275001175,0.001,covid,JP,60,static
10,0.05333878629555686,0.025517529812225912,0.01300299536655014,0.025517529812225912,0.001,covid,JP,60,static
11,0.04778584705913106,0.023210307766883022,0.012350766432459883,0.023210307766883022,0.001,covid,JP,60,static
12,0.04446635237771253,0.02186974334024091,0.01203575460668887,0.02186974334024091,0.001,covid,JP,60,static
13,0.0469230453764895,0.02809606434338749,0.01417630181402342,0.02809606434338749,0.001,covid,JP,60,static
14,0.04573601327762907,0.036866960229786395,0.018098869590891454,0.036866960229786395,0.001,covid,JP,60,static
15,0.043086669364234616,0.03488491799410584,0.017042167757532586,0.03488491799410584,0.001,covid,JP,60,static
16,0.046391501463336295,0.03751653318829293,0.017440792788833256,0.03751653318829293,0.001,covid,JP,60,static
17,0.041617304343488946,0.04230403315513439,0.01818424737213421,0.04230403315513439,0.001,covid,JP,60,static
18,0.04287601440457952,0.038196471634802324,0.016851489849108035,0.038196471634802324,0.001,covid,JP,60,static
19,0.044310461257049724,0.02080126883533235,0.011469286648268231,0.02080126883533235,0.0005,covid,JP,60,static
20,0.0469037540044337,0.02223083352257696,0.0121408013751629,0.02223083352257696,0.0005,covid,JP,60,static
21,0.03968856482184875,0.022582267415542458,0.012432454165585619,0.022582267415542458,0.0005,covid,JP,60,static
22,0.03883636777670533,0.02646878531889782,0.013125713517164586,0.02646878531889782,0.0005,covid,JP,60,static
23,0.03955983292274627,0.022228530200344904,0.012162332391857354,0.022228530200344904,0.0005,covid,JP,60,static
24,0.037497903706156265,0.02206653763526797,0.011572874112202782,0.02206653763526797,0.0005,covid,JP,60,static
25,0.0361233436053723,0.02423217542760076,0.01237194485977978,0.02423217542760076,0.0005,covid,JP,60,static
26,0.03723431511216774,0.024434312082045995,0.012813582447470481,0.024434312082045995,0.00025,covid,JP,60,static
27,0.03769966271081295,0.023059280354491448,0.012428982136576245,0.023059280354491448,0.00025,covid,JP,60,static
28,0.03610398071428554,0.022859366916604864,0.012308783135591191,0.022859366916604864,0.00025,covid,JP,60,static
29,0.035387498944687006,0.022278722090180003,0.012256638057311708,0.022278722090180003,0.00025,covid,JP,60,static
1,0.28476621630662846,0.06516991505069719,0.029639075280295756,0.06516991505069719,0.001,covid,JP,252,static
2,0.08325227739773101,0.05798328444115641,0.024531413836085147,0.05798328444115641,0.001,covid,JP,252,static
3,0.0637108377767366,0.030104062412880307,0.015293998180043,0.030104062412880307,0.001,covid,JP,252,static
4,0.06634880659481458,0.06954777782860354,0.026459795161769977,0.06954777782860354,0.001,covid,JP,252,static
5,0.0583686404444197,0.0306225529502798,0.015706542645538203,0.0306225529502798,0.001,covid,JP,252,static
6,0.05452925888955962,0.05529119113680238,0.025212088775154688,0.05529119113680238,0.001,covid,JP,252,static
7,0.06690112977653039,0.028676360797802964,0.01509216152692689,0.028676360797802964,0.001,covid,JP,252,static
8,0.054960132266795886,0.02491151580737374,0.01363017035952173,0.02491151580737374,0.001,covid,JP,252,static
9,0.06080043943457557,0.02386511001030457,0.012678606981201152,0.02386511001030457,0.001,covid,JP,252,static
10,0.05233017583733069,0.021546946707531822,0.01161660468322712,0.021546946707531822,0.001,covid,JP,252,static
11,0.05194964978281249,0.03365216582083454,0.01534199988601971,0.03365216582083454,0.001,covid,JP,252,static
12,0.049132621254316854,0.03146598166530978,0.01548130292772748,0.03146598166530978,0.001,covid,JP,252,static
13,0.049036550676480446,0.0367596577442836,0.017495046467150107,0.0367596577442836,0.001,covid,JP,252,static
14,0.043772174618795,0.021148214073954244,0.011413466863365354,0.021148214073954244,0.001,covid,JP,252,static
15,0.04539928893184487,0.02082883788466393,0.011504114800323751,0.02082883788466393,0.001,covid,JP,252,static
16,0.044255355011425024,0.02180356175255332,0.011409350896885455,0.02180356175255332,0.001,covid,JP,252,static
17,0.04736671900176453,0.02483433677042669,0.012518342673996753,0.02483433677042669,0.001,covid,JP,252,static
18,0.04079334513326317,0.024084661461998204,0.012378733086879035,0.024084661461998204,0.001,covid,JP,252,static
19,0.04645342328236678,0.0745523304146639,0.024829525321285593,0.0745523304146639,0.001,covid,JP,252,static
20,0.042678400615425306,0.022180217316676392,0.011795457304459236,0.022180217316676392,0.001,covid,JP,252,static
21,0.0406062874995102,0.02526589923514122,0.012670807057220068,0.02526589923514122,0.001,covid,JP,252,static
22,0.03851672335169866,0.021315008974763922,0.01120888439073348,0.021315008974763922,0.0005,covid,JP,252,static
23,0.03812918918509973,0.022597682225925383,0.011903701922914723,0.022597682225925383,0.0005,covid,JP,252,static
24,0.0393996774768634,0.020933564965979923,0.011326905717940759,0.020933564965979923,0.0005,covid,JP,252,static
25,0.03513259548884301,0.020896045032654086,0.01121745570699166,0.020896045032654086,0.0005,covid,JP,252,static
