"model","regime","country","feature_set","L","protocol","phase","RMSE","MAE","QLIKE","RMSE_CV","tuning_val_qlike","tuning_val_mse","tuning_best_epoch","final_epochs","n_features","is_best_L","best_val_loss","epochs_used","n_refits","source_branch","source_file"
"LSTM","normal","US","core","60","static","Full Test","0.1698264565276123","0.0942893901098266","0.0187011807880955","0.2902622026846415","0.0252809748922359","0.0274435378714159","37.0","37.0","10","True","","","","LSTM_HS","dl_results_core.csv"
"LSTM","normal","KR","core","22","static","Full Test","0.0977915763520973","0.0721483627315295","0.0137882757579631","0.1839530144608318","0.0127182061740274","0.0104102227897917","68.0","68.0","10","True","","","","LSTM_HS","dl_results_core.csv"
"LSTM","normal","JP","core","22","static","Full Test","0.1624021787084033","0.0992914569092123","0.0153184086151034","0.2386369018718389","0.0136135455464212","0.0297224227685918","27.0","27.0","10","True","","","","LSTM_HS","dl_results_core.csv"
"LSTM","911","US","core","252","static","Full Test","0.294022744616783","0.1906887021329668","0.0290026224995766","0.279224061665734","0.0160193141150658","0.0269424561411142","31.0","31.0","10","True","","","","LSTM_HS","dl_results_core.csv"
"LSTM","911","US","core","252","static","Recovery","0.2088623364508477","0.1511490293524482","0.0261372117422369","0.2235842183323312","0.0160193141150658","0.0269424561411142","31.0","31.0","10","True","","","","LSTM_HS","dl_results_core.csv"
"LSTM","911","US","core","252","static","Shock","0.5242931707688107","0.3646632623672485","0.0416104298318711","0.3326915140677593","0.0160193141150658","0.0269424561411142","31.0","31.0","10","True","","","","LSTM_HS","dl_results_core.csv"
"LSTM","911","KR","core","60","static","Full Test","0.400711612259581","0.1988567411899566","0.0238802276408637","0.2839418746079861","0.0093007235089581","0.0221933722496032","93.0","93.0","10","True","","","","LSTM_HS","dl_results_core.csv"
"LSTM","911","KR","core","60","static","Recovery","0.2308854742371044","0.1693626368811371","0.011905343205044","0.1624168953989566","0.0093007235089581","0.0221933722496032","93.0","93.0","10","True","","","","LSTM_HS","dl_results_core.csv"
"LSTM","911","KR","core","60","static","Shock","0.7704474203191334","0.3179255326588948","0.0722232796225063","0.5625341065682076","0.0093007235089581","0.0221933722496032","93.0","93.0","10","True","","","","LSTM_HS","dl_results_core.csv"
"LSTM","911","JP","core","60","static","Full Test","0.2243204399466693","0.1779981309309938","0.0131810813805884","0.1633843467180903","0.0101867448226422","0.0283181071281433","22.0","22.0","10","True","","","","LSTM_HS","dl_results_core.csv"
"LSTM","911","JP","core","60","static","Recovery","0.2040463504445461","0.1673979253995986","0.0132863213993292","0.159705007444991","0.0101867448226422","0.0283181071281433","22.0","22.0","10","True","","","","LSTM_HS","dl_results_core.csv"
"LSTM","911","JP","core","60","static","Shock","0.2879018230375593","0.2177489016737256","0.0127864313103101","0.1663789681804758","0.0101867448226422","0.0283181071281433","22.0","22.0","10","True","","","","LSTM_HS","dl_results_core.csv"
"LSTM","gfc","US","core","60","static","Full Test","0.5278710884843415","0.2888960482294268","0.0267443390267575","0.326566767402252","0.0152051868941531","0.0125964934941366","45.0","45.0","10","True","","","","LSTM_HS","dl_results_core.csv"
"LSTM","gfc","US","core","60","static","Lehman Crisis","0.9581786657420548","0.6407765462994576","0.0497441246328289","0.3388014038458191","0.0152051868941531","0.0125964934941366","45.0","45.0","10","True","","","","LSTM_HS","dl_results_core.csv"
"LSTM","gfc","US","core","60","static","Pre-Lehman","0.2484079769691622","0.1656111623078268","0.0191201955035685","0.2228235713700732","0.0152051868941531","0.0125964934941366","45.0","45.0","10","True","","","","LSTM_HS","dl_results_core.csv"
"LSTM","gfc","US","core","60","static","Recovery","0.2947715278960526","0.1971955850720405","0.0192150683309313","0.1873603126913066","0.0152051868941531","0.0125964934941366","45.0","45.0","10","True","","","","LSTM_HS","dl_results_core.csv"
"LSTM","gfc","KR","core","252","static","Full Test","0.4080460492276225","0.2199473905890991","0.015673360118516","0.2776483847518586","0.0117511915843614","0.0137732107072107","85.0","85.0","10","True","","","","LSTM_HS","dl_results_core.csv"
"LSTM","gfc","KR","core","252","static","Lehman Crisis","0.7251720829637546","0.4515738760010671","0.028891602305032","0.3114131944947598","0.0117511915843614","0.0137732107072107","85.0","85.0","10","True","","","","LSTM_HS","dl_results_core.csv"
"LSTM","gfc","KR","core","252","static","Pre-Lehman","0.1938978346662901","0.1431543210419741","0.0118862235040949","0.1696947147457435","0.0117511915843614","0.0137732107072107","85.0","85.0","10","True","","","","LSTM_HS","dl_results_core.csv"
"LSTM","gfc","KR","core","252","static","Recovery","0.2820249947399064","0.1422745011746883","0.0091947350054775","0.212565346962828","0.0117511915843614","0.0137732107072107","85.0","85.0","10","True","","","","LSTM_HS","dl_results_core.csv"
"LSTM","gfc","JP","core","252","static","Full Test","0.3900670673945578","0.2099655264208459","0.0185917372429212","0.2869068247862135","0.0107267779982897","0.013304858174371","64.0","64.0","10","True","","","","LSTM_HS","dl_results_core.csv"
"LSTM","gfc","JP","core","252","static","Lehman Crisis","0.7138429078226336","0.4212340001474347","0.0341210999448379","0.3355566307876971","0.0107267779982897","0.013304858174371","64.0","64.0","10","True","","","","LSTM_HS","dl_results_core.csv"
"LSTM","gfc","JP","core","252","static","Pre-Lehman","0.1956335690002772","0.1433561960712667","0.0144735869626732","0.1817265395421796","0.0107267779982897","0.013304858174371","64.0","64.0","10","True","","","","LSTM_HS","dl_results_core.csv"
"LSTM","gfc","JP","core","252","static","Recovery","0.1807139618888485","0.1367990134598372","0.0104148577573394","0.1456160310371188","0.0107267779982897","0.013304858174371","64.0","64.0","10","True","","","","LSTM_HS","dl_results_core.csv"
"LSTM","covid","US","core","252","static","Crash","1.1462744850768676","0.856040222304208","0.0560344254728893","0.319134566694131","0.0140445930749243","0.0094234248264187","89.0","89.0","10","True","","","","LSTM_HS","dl_results_core.csv"
"LSTM","covid","US","core","252","static","Full Test","0.4387101147103266","0.2334538690385318","0.0303053415265533","0.3826566842712193","0.0140445930749243","0.0094234248264187","89.0","89.0","10","True","","","","LSTM_HS","dl_results_core.csv"
"LSTM","covid","US","core","252","static","Pre-crash","0.0939682264612109","0.073928672501019","0.0213226916954584","0.1950679983924547","0.0140445930749243","0.0094234248264187","89.0","89.0","10","True","","","","LSTM_HS","dl_results_core.csv"
"LSTM","covid","US","core","252","static","Recovery","0.3213724474360286","0.1944386006022493","0.0291286851787161","0.3213058632274345","0.0140445930749243","0.0094234248264187","89.0","89.0","10","True","","","","LSTM_HS","dl_results_core.csv"
"LSTM","covid","KR","core","22","static","Crash","0.5115295591916116","0.34742728301457","0.0214280545066484","0.2603487046674957","0.0127011510778648","0.010367649603559","29.0","29.0","10","True","","","","LSTM_HS","dl_results_core.csv"
"LSTM","covid","KR","core","22","static","Full Test","0.269286469340823","0.1628350152844382","0.0224618368421868","0.2640644296754152","0.0127011510778648","0.010367649603559","29.0","29.0","10","True","","","","LSTM_HS","dl_results_core.csv"
"LSTM","covid","KR","core","22","static","Pre-crash","0.1366886105967513","0.0907066089766366","0.0117868962304346","0.1753157293822004","0.0127011510778648","0.010367649603559","29.0","29.0","10","True","","","","LSTM_HS","dl_results_core.csv"
"LSTM","covid","KR","core","22","static","Recovery","0.2482745223240892","0.1557936434013148","0.0245208595008202","0.2585696972777057","0.0127011510778648","0.010367649603559","29.0","29.0","10","True","","","","LSTM_HS","dl_results_core.csv"
"LSTM","covid","JP","core","60","static","Crash","0.5353460594175659","0.3551003744727687","0.0195515192604919","0.2338754600471075","0.0170642614982808","0.0104391931373018","25.0","25.0","10","True","","","","LSTM_HS","dl_results_core.csv"
"LSTM","covid","JP","core","60","static","Full Test","0.2238458262033012","0.1337376574383062","0.0174435788530268","0.2571814098101004","0.0170642614982808","0.0104391931373018","25.0","25.0","10","True","","","","LSTM_HS","dl_results_core.csv"
"LSTM","covid","JP","core","60","static","Pre-crash","0.112993047740821","0.0883368782021782","0.0183122967520443","0.2105377762119457","0.0170642614982808","0.0104391931373018","25.0","25.0","10","True","","","","LSTM_HS","dl_results_core.csv"
"LSTM","covid","JP","core","60","static","Recovery","0.1804834787551979","0.1191803138422709","0.0170741242379225","0.2300120193790063","0.0170642614982808","0.0104391931373018","25.0","25.0","10","True","","","","LSTM_HS","dl_results_core.csv"
"LSTM","normal","US","core","60","expanding","Full Test","0.16428112895242886","0.08895571701496482","0.017292292756766785","0.2807842978311127","","","","","10","True","0.015166675376274056","24.0","76.0","LSTM_HS","dl_results_core.csv"
"LSTM","normal","KR","core","22","expanding","Full Test","0.09844959564255142","0.0729245015221127","0.014238899277646547","0.1851907962470318","","","","","10","True","0.01423064667192041","16.0","74.0","LSTM_HS","dl_results_core.csv"
"LSTM","normal","JP","core","22","expanding","Full Test","0.1674019687927228","0.10068168301288395","0.015654215168426085","0.24598369010596613","","","","","10","True","0.014297812119308903","44.0","73.0","LSTM_HS","dl_results_core.csv"
"LSTM","911","US","core","252","expanding","Full Test","0.44236139748884734","0.2688189274734921","0.0698826197839874","0.4200965686921749","","","","","10","True","0.01845404776759356","27.0","7.0","LSTM_HS","dl_results_core.csv"
"LSTM","911","US","core","252","expanding","Recovery","0.23017332296553641","0.17677133110436527","0.031283897213581095","0.24639733218878204","","","","","10","True","0.01845404776759356","27.0","7.0","LSTM_HS","dl_results_core.csv"
"LSTM","911","US","core","252","expanding","Shock","0.9075133797772664","0.6738283514976502","0.23971699909377503","0.5758648351496115","","","","","10","True","0.01845404776759356","27.0","7.0","LSTM_HS","dl_results_core.csv"
"LSTM","911","KR","core","60","expanding","Full Test","0.41819273478327373","0.21329632445293314","0.028482889540213968","0.296328894469077","","","","","10","True","0.010579650724522528","83.0","7.0","LSTM_HS","dl_results_core.csv"
"LSTM","911","KR","core","60","expanding","Recovery","0.2497587588109355","0.18308901349338916","0.014628215876409691","0.17569334900259365","","","","","10","True","0.010579650724522528","83.0","7.0","LSTM_HS","dl_results_core.csv"
"LSTM","911","KR","core","60","expanding","Shock","0.7931424496587146","0.335244357585907","0.08441472025705343","0.5791046443056074","","","","","10","True","0.010579650724522528","83.0","7.0","LSTM_HS","dl_results_core.csv"
"LSTM","911","JP","core","60","expanding","Full Test","0.23433610830245424","0.17761987940709395","0.013373809523366994","0.170679283513168","","","","","10","True","0.0106610714690357","26.0","7.0","LSTM_HS","dl_results_core.csv"
"LSTM","911","JP","core","60","expanding","Recovery","0.20403065320968616","0.16206835338047573","0.012779788404279338","0.1596927213785913","","","","","10","True","0.0106610714690357","26.0","7.0","LSTM_HS","dl_results_core.csv"
"LSTM","911","JP","core","60","expanding","Shock","0.3236229324750038","0.23593810200691223","0.015601388719945708","0.18702225993791816","","","","","10","True","0.0106610714690357","26.0","7.0","LSTM_HS","dl_results_core.csv"
"LSTM","gfc","US","core","60","expanding","Full Test","0.4977125192543642","0.27313307958113237","0.02243411041617622","0.30790920748324","","","","","10","True","0.025221186198164592","47.0","25.0","LSTM_HS","dl_results_core.csv"
"LSTM","gfc","US","core","60","expanding","Lehman Crisis","0.9025193808164143","0.58578898559014","0.04081848648438226","0.31912089483004236","","","","","10","True","0.025221186198164592","47.0","25.0","LSTM_HS","dl_results_core.csv"
"LSTM","gfc","US","core","60","expanding","Pre-Lehman","0.23844445764672242","0.16282222275177918","0.01710223943616318","0.21388622971974297","","","","","10","True","0.025221186198164592","47.0","25.0","LSTM_HS","dl_results_core.csv"
"LSTM","gfc","US","core","60","expanding","Recovery","0.2695493066013236","0.1943738766014576","0.013719039905663265","0.17132876682838263","","","","","10","True","0.025221186198164592","47.0","25.0","LSTM_HS","dl_results_core.csv"
"LSTM","gfc","KR","core","252","expanding","Full Test","0.4374110224892925","0.2138452454928868","0.015414308779734131","0.29762930947792077","","","","","10","True","0.014389395383401836","59.0","24.0","LSTM_HS","dl_results_core.csv"
"LSTM","gfc","KR","core","252","expanding","Lehman Crisis","0.80398496839349","0.4588355816016763","0.03138633738768981","0.34525808868692925","","","","","10","True","0.014389395383401836","59.0","24.0","LSTM_HS","dl_results_core.csv"
"LSTM","gfc","KR","core","252","expanding","Pre-Lehman","0.1721599962370582","0.12939532962712375","0.010457069924189662","0.1506702821223147","","","","","10","True","0.014389395383401836","59.0","24.0","LSTM_HS","dl_results_core.csv"
"LSTM","gfc","KR","core","252","expanding","Recovery","0.27553030401130035","0.14278108552098273","0.008896075148933601","0.2076702269773969","","","","","10","True","0.014389395383401836","59.0","24.0","LSTM_HS","dl_results_core.csv"
"LSTM","gfc","JP","core","252","expanding","Full Test","0.3806867108332763","0.20512913269364935","0.017186975245533323","0.2800072720135681","","","","","10","True","0.017704977336849458","71.0","24.0","LSTM_HS","dl_results_core.csv"
"LSTM","gfc","JP","core","252","expanding","Lehman Crisis","0.6990194150026191","0.41626409062168057","0.03197467739774143","0.3285885412365075","","","","","10","True","0.017704977336849458","71.0","24.0","LSTM_HS","dl_results_core.csv"
"LSTM","gfc","JP","core","252","expanding","Pre-Lehman","0.18984189751196595","0.14045368893482194","0.013509361039961004","0.17634658137286147","","","","","10","True","0.017704977336849458","71.0","24.0","LSTM_HS","dl_results_core.csv"
"LSTM","gfc","JP","core","252","expanding","Recovery","0.1665929286274299","0.12520332382870958","0.008523353032439914","0.13423755869232198","","","","","10","True","0.017704977336849458","71.0","24.0","LSTM_HS","dl_results_core.csv"
"LSTM","covid","US","core","252","expanding","Crash","1.2297636883721448","0.891827248391651","0.05215611773480442","0.3423788167094227","","","","","10","True","0.01819917046771706","25.0","13.0","LSTM_HS","dl_results_core.csv"
"LSTM","covid","US","core","252","expanding","Full Test","0.41087148565669585","0.2035908730880868","0.02088977802228993","0.35837496125839896","","","","","10","True","0.01819917046771706","25.0","13.0","LSTM_HS","dl_results_core.csv"
"LSTM","covid","US","core","252","expanding","Pre-crash","0.08645416147516881","0.06696898468903133","0.017494685350140822","0.17946960229818437","","","","","10","True","0.01819917046771706","25.0","13.0","LSTM_HS","dl_results_core.csv"
"LSTM","covid","US","core","252","expanding","Recovery","0.22645270719818883","0.15322005127867064","0.018088919217927504","0.22640578913034232","","","","","10","True","0.01819917046771706","25.0","13.0","LSTM_HS","dl_results_core.csv"
"LSTM","covid","KR","core","22","expanding","Crash","0.4641499313108571","0.3162388375827244","0.018757578104468504","0.23623431181427298","","","","","10","True","0.01527714254168786","29.0","13.0","LSTM_HS","dl_results_core.csv"
"LSTM","covid","KR","core","22","expanding","Full Test","0.2572046953661963","0.16465170320964628","0.02370435362598245","0.25221694709715325","","","","","10","True","0.01527714254168786","29.0","13.0","LSTM_HS","dl_results_core.csv"
"LSTM","covid","KR","core","22","expanding","Pre-crash","0.15346142029235393","0.10841475895472935","0.01653042094487767","0.19682840225769246","","","","","10","True","0.01527714254168786","29.0","13.0","LSTM_HS","dl_results_core.csv"
"LSTM","covid","KR","core","22","expanding","Recovery","0.23998538065694358","0.1583233866840601","0.0255531553436411","0.24993683059649202","","","","","10","True","0.01527714254168786","29.0","13.0","LSTM_HS","dl_results_core.csv"
"LSTM","covid","JP","core","60","expanding","Crash","0.603146845895887","0.376125715280834","0.019971466786323378","0.2634954410859607","","","","","10","True","0.016177655588399998","37.0","12.0","LSTM_HS","dl_results_core.csv"
"LSTM","covid","JP","core","60","expanding","Full Test","0.24479769453340353","0.1396339786778979","0.01805101534535615","0.2812534737242938","","","","","10","True","0.016177655588399998","37.0","12.0","LSTM_HS","dl_results_core.csv"
"LSTM","covid","JP","core","60","expanding","Pre-crash","0.11583457633065167","0.09074715818419601","0.01870231147585337","0.21583234187157677","","","","","10","True","0.016177655588399998","37.0","12.0","LSTM_HS","dl_results_core.csv"
"LSTM","covid","JP","core","60","expanding","Recovery","0.19271194478424505","0.12414968878992143","0.01773928765887881","0.24559623896878796","","","","","10","True","0.016177655588399998","37.0","12.0","LSTM_HS","dl_results_core.csv"
"LSTM","normal","US","momentum","60","static","Full Test","0.1705197613164503","0.0945207181668154","0.0182562860178366","0.2914471780957441","0.0268305803359618","0.0283464573677113","37.0","37.0","14","True","","","","LSTM_HS","dl_results_momentum.csv"
"LSTM","normal","KR","momentum","22","static","Full Test","0.0993659871281717","0.0749659558777081","0.0148940941464749","0.1869145947836169","0.012726009598038","0.0105019560480704","28.0","28.0","14","True","","","","LSTM_HS","dl_results_momentum.csv"
"LSTM","normal","JP","momentum","252","static","Full Test","0.1749265807869841","0.1078164749561923","0.0182113670850272","0.2570405004787034","0.0137085577435417","0.0312710886421473","41.0","41.0","14","True","","","","LSTM_HS","dl_results_momentum.csv"
"LSTM","911","US","momentum","22","static","Full Test","0.2916256165188679","0.1925040966934628","0.0289655543682307","0.2769475852499203","0.0167018731097734","0.0280589275062084","11.0","11.0","14","True","","","","LSTM_HS","dl_results_momentum.csv"
"LSTM","911","US","momentum","22","static","Recovery","0.2124237360166076","0.158528259396553","0.0267322487586784","0.2273966468994459","0.0167018731097734","0.0280589275062084","11.0","11.0","14","True","","","","LSTM_HS","dl_results_momentum.csv"
"LSTM","911","US","momentum","22","static","Shock","0.5105886692747283","0.3419977807998657","0.0387920990502608","0.3239952891199417","0.0167018731097734","0.0280589275062084","11.0","11.0","14","True","","","","LSTM_HS","dl_results_momentum.csv"
"LSTM","911","KR","momentum","22","static","Full Test","0.4570089716205914","0.2814592933830093","0.0358846225655007","0.3238338499423309","0.016198824556736","0.0388762168586254","17.0","17.0","14","True","","","","LSTM_HS","dl_results_momentum.csv"
"LSTM","911","KR","momentum","22","static","Recovery","0.3517476525749051","0.263259358909152","0.0301271832806241","0.2474376609609416","0.016198824556736","0.0388762168586254","17.0","17.0","14","True","","","","LSTM_HS","dl_results_momentum.csv"
"LSTM","911","KR","momentum","22","static","Shock","0.7433258696747721","0.3549331029256184","0.0591276181970396","0.5427315907078124","0.016198824556736","0.0388762168586254","17.0","17.0","14","True","","","","LSTM_HS","dl_results_momentum.csv"
"LSTM","911","JP","momentum","22","static","Full Test","0.2298386011865862","0.1764171791255922","0.0133570213506312","0.1674035130922435","0.011190614459061","0.0313584171235561","19.0","19.0","14","True","","","","LSTM_HS","dl_results_momentum.csv"
"LSTM","911","JP","momentum","22","static","Recovery","0.2032325191214277","0.1639761975833348","0.0132337244131878","0.1590680299286844","0.011190614459061","0.0313584171235561","19.0","19.0","14","True","","","","LSTM_HS","dl_results_momentum.csv"
"LSTM","911","JP","momentum","22","static","Shock","0.309894343642355","0.2230708599090576","0.0138193848660442","0.1790884843874517","0.011190614459061","0.0313584171235561","19.0","19.0","14","True","","","","LSTM_HS","dl_results_momentum.csv"
"LSTM","gfc","US","momentum","60","static","Full Test","0.5053248673204763","0.2899195880746743","0.0259189267016749","0.3126185767866978","0.0164144785371729","0.0132413460943565","73.0","73.0","14","True","","","","LSTM_HS","dl_results_momentum.csv"
"LSTM","gfc","US","momentum","60","static","Lehman Crisis","0.8960952333304697","0.5955284794171651","0.0434631066332369","0.31684938716183","0.0164144785371729","0.0132413460943565","73.0","73.0","14","True","","","","LSTM_HS","dl_results_momentum.csv"
"LSTM","gfc","US","momentum","60","static","Pre-Lehman","0.2636268818436631","0.180024270771249","0.0209718703209787","0.236475028049738","0.0164144785371729","0.0132413460943565","73.0","73.0","14","True","","","","LSTM_HS","dl_results_momentum.csv"
"LSTM","gfc","US","momentum","60","static","Recovery","0.3022612972537722","0.2202609360218048","0.0171028687510446","0.1921208997767153","0.0164144785371729","0.0132413460943565","73.0","73.0","14","True","","","","LSTM_HS","dl_results_momentum.csv"
"LSTM","gfc","KR","momentum","22","static","Full Test","0.4327705754070486","0.2203569749319024","0.0166316270630813","0.2944717917434634","0.0155524183729345","0.0179163087760248","10.0","10.0","14","True","","","","LSTM_HS","dl_results_momentum.csv"
"LSTM","gfc","KR","momentum","22","static","Lehman Crisis","0.7724369816344748","0.4346220149832256","0.0275233393057353","0.3317103259319828","0.0155524183729345","0.0179163087760248","10.0","10.0","14","True","","","","LSTM_HS","dl_results_momentum.csv"
"LSTM","gfc","KR","momentum","22","static","Pre-Lehman","0.183475154625374","0.1416914030638608","0.0126583150549254","0.1605730362108934","0.0155524183729345","0.0179163087760248","10.0","10.0","14","True","","","","LSTM_HS","dl_results_momentum.csv"
"LSTM","gfc","KR","momentum","22","static","Recovery","0.3340141270033807","0.1747289441525936","0.0142246115332026","0.2517501289644143","0.0155524183729345","0.0179163087760248","10.0","10.0","14","True","","","","LSTM_HS","dl_results_momentum.csv"
"LSTM","gfc","JP","momentum","22","static","Full Test","0.3569540341331564","0.2170996798409356","0.0192801049432073","0.2625511279684168","0.0126719229705882","0.0149622199084112","99.0","99.0","14","True","","","","LSTM_HS","dl_results_momentum.csv"
"LSTM","gfc","JP","momentum","22","static","Lehman Crisis","0.6253892980817783","0.4071600614932545","0.029161980757191","0.2939771811071155","0.0126719229705882","0.0149622199084112","99.0","99.0","14","True","","","","LSTM_HS","dl_results_momentum.csv"
"LSTM","gfc","JP","momentum","22","static","Pre-Lehman","0.2098626863027776","0.1589593418238395","0.0172460594950155","0.1949441496963935","0.0126719229705882","0.0149622199084112","99.0","99.0","14","True","","","","LSTM_HS","dl_results_momentum.csv"
"LSTM","gfc","JP","momentum","22","static","Recovery","0.192195145737583","0.1448657853262765","0.0119670756750903","0.1548673606310573","0.0126719229705882","0.0149622199084112","99.0","99.0","14","True","","","","LSTM_HS","dl_results_momentum.csv"
"LSTM","covid","US","momentum","60","static","Crash","1.2754920716537717","0.8879870346614293","0.0646251009043682","0.355110067360288","0.0160158078237558","0.009730752899749","25.0","25.0","14","True","","","","LSTM_HS","dl_results_momentum.csv"
"LSTM","covid","US","momentum","60","static","Full Test","0.4124060178630267","0.2013233960756371","0.0223921757401049","0.3597134282467192","0.0160158078237558","0.009730752899749","25.0","25.0","14","True","","","","LSTM_HS","dl_results_momentum.csv"
"LSTM","covid","US","momentum","60","static","Pre-crash","0.0891005513273131","0.071276975103787","0.0210959150802986","0.1849632248859959","0.0160158078237558","0.009730752899749","25.0","25.0","14","True","","","","LSTM_HS","dl_results_momentum.csv"
"LSTM","covid","US","momentum","60","static","Recovery","0.2007431652887379","0.1499259394283096","0.0180092470663741","0.2007015739049771","0.0160158078237558","0.009730752899749","25.0","25.0","14","True","","","","LSTM_HS","dl_results_momentum.csv"
"LSTM","covid","KR","momentum","252","static","Crash","0.6186158739525062","0.3606672684351603","0.0244248867495859","0.3148514852686287","0.0140987737549057","0.0109041140509807","7.0","7.0","14","True","","","","LSTM_HS","dl_results_momentum.csv"
"LSTM","covid","KR","momentum","252","static","Full Test","0.2812639383067344","0.1643189231474553","0.0213855202753857","0.2758096299418102","0.0140987737549057","0.0109041140509807","7.0","7.0","14","True","","","","LSTM_HS","dl_results_momentum.csv"
"LSTM","covid","KR","momentum","252","static","Pre-crash","0.1365233447992642","0.0929756794657026","0.0106713497264062","0.175103760779243","0.0140987737549057","0.0109041140509807","7.0","7.0","14","True","","","","LSTM_HS","dl_results_momentum.csv"
"LSTM","covid","KR","momentum","252","static","Recovery","0.2385981467747281","0.1558486016777654","0.0230061935735945","0.2484920724246906","0.0140987737549057","0.0109041140509807","7.0","7.0","14","True","","","","LSTM_HS","dl_results_momentum.csv"
"LSTM","covid","JP","momentum","60","static","Crash","0.6046163302042705","0.3947020580894069","0.023046864833069","0.2641374114761586","0.0181490537602964","0.0107223350772922","22.0","22.0","14","True","","","","LSTM_HS","dl_results_momentum.csv"
"LSTM","covid","JP","momentum","60","static","Full Test","0.2401396810116159","0.1387982147456217","0.018070393970593","0.2759017791907543","0.0181490537602964","0.0107223350772922","22.0","22.0","14","True","","","","LSTM_HS","dl_results_momentum.csv"
"LSTM","covid","JP","momentum","60","static","Pre-crash","0.1119554605546933","0.0903324543526678","0.0182371376848936","0.2086044599313332","0.0181490537602964","0.0107223350772922","22.0","22.0","14","True","","","","LSTM_HS","dl_results_momentum.csv"
"LSTM","covid","JP","momentum","60","static","Recovery","0.184994648922981","0.1212562635060279","0.0175324612342545","0.2357611514724845","0.0181490537602964","0.0107223350772922","22.0","22.0","14","True","","","","LSTM_HS","dl_results_momentum.csv"
"LSTM","normal","US","momentum","60","expanding","Full Test","0.16537122321443143","0.09224815402780169","0.01820118578444224","0.28264745371443234","","","","","14","True","0.015852122151287888","50.0","76.0","LSTM_HS","dl_results_momentum.csv"
"LSTM","normal","KR","momentum","22","expanding","Full Test","0.09883436449646527","0.07436223018977602","0.014413764343469557","0.185914574236797","","","","","14","True","0.013271862738632918","69.0","74.0","LSTM_HS","dl_results_momentum.csv"
"LSTM","normal","JP","momentum","252","expanding","Full Test","0.16724300439510142","0.10029324634026175","0.01617867910882109","0.2457501047461022","","","","","14","True","0.014806493406380305","41.0","73.0","LSTM_HS","dl_results_momentum.csv"
"LSTM","911","US","momentum","22","expanding","Full Test","0.3056546557016303","0.19259303741984898","0.029068845063468202","0.2902705181644614","","","","","14","True","0.023278943913605108","28.0","7.0","LSTM_HS","dl_results_momentum.csv"
"LSTM","911","US","momentum","22","expanding","Recovery","0.20089192112829904","0.14978697381236336","0.02481978530931908","0.21505199988664006","","","","","14","True","0.023278943913605108","28.0","7.0","LSTM_HS","dl_results_momentum.csv"
"LSTM","911","US","momentum","22","expanding","Shock","0.5717695940612104","0.38093971729278564","0.04776470798172434","0.36281779460753616","","","","","14","True","0.023278943913605108","28.0","7.0","LSTM_HS","dl_results_momentum.csv"
"LSTM","911","KR","momentum","22","expanding","Full Test","0.4167292531968687","0.2296036810559385","0.026830778177878586","0.29529188008670143","","","","","14","True","0.02676581271796095","17.0","7.0","LSTM_HS","dl_results_momentum.csv"
"LSTM","911","KR","momentum","22","expanding","Recovery","0.2578431495092783","0.18894615906094192","0.01621632036713606","0.18138033144597","","","","","14","True","0.02676581271796095","17.0","7.0","LSTM_HS","dl_results_momentum.csv"
"LSTM","911","KR","momentum","22","expanding","Shock","0.7786871192447254","0.3937396031838876","0.06968173748791323","0.5685502363536497","","","","","14","True","0.02676581271796095","17.0","7.0","LSTM_HS","dl_results_momentum.csv"
"LSTM","911","JP","momentum","22","expanding","Full Test","0.2340960928598916","0.1744052691567213","0.013124925737485646","0.17050446767251312","","","","","14","True","0.011117997983374619","33.0","7.0","LSTM_HS","dl_results_momentum.csv"
"LSTM","911","JP","momentum","22","expanding","Recovery","0.19852657757454514","0.15793377331324987","0.012324730967820862","0.15538473724472715","","","","","14","True","0.011117997983374619","33.0","7.0","LSTM_HS","dl_results_momentum.csv"
"LSTM","911","JP","momentum","22","expanding","Shock","0.33542011086887163","0.23617337856973922","0.01612565612372859","0.19383987001035133","","","","","14","True","0.011117997983374619","33.0","7.0","LSTM_HS","dl_results_momentum.csv"
"LSTM","gfc","US","momentum","60","expanding","Full Test","0.5392611068522558","0.2898961155681136","0.02522245124936613","0.33361318756089725","","","","","14","True","0.024050099988324854","53.0","25.0","LSTM_HS","dl_results_momentum.csv"
"LSTM","gfc","US","momentum","60","expanding","Lehman Crisis","0.9891500107742868","0.6554544687271118","0.05104936516383205","0.3497525297173048","","","","","14","True","0.024050099988324854","53.0","25.0","LSTM_HS","dl_results_momentum.csv"
"LSTM","gfc","US","momentum","60","expanding","Pre-Lehman","0.24736073179139176","0.16112727232198412","0.01741883596020198","0.22188418563271473","","","","","14","True","0.024050099988324854","53.0","25.0","LSTM_HS","dl_results_momentum.csv"
"LSTM","gfc","US","momentum","60","expanding","Recovery","0.26766311309288826","0.19707836881279944","0.014087369463085447","0.17012987964935572","","","","","14","True","0.024050099988324854","53.0","25.0","LSTM_HS","dl_results_momentum.csv"
"LSTM","gfc","KR","momentum","22","expanding","Full Test","0.35011308634232724","0.19558295872196335","0.01258293630026992","0.23822883002405673","","","","","14","True","0.012892584578355841","53.0","24.0","LSTM_HS","dl_results_momentum.csv"
"LSTM","gfc","KR","momentum","22","expanding","Lehman Crisis","0.6111826219628168","0.36757805488877376","0.018543089467639422","0.2624622999099056","","","","","14","True","0.012892584578355841","53.0","24.0","LSTM_HS","dl_results_momentum.csv"
"LSTM","gfc","KR","momentum","22","expanding","Pre-Lehman","0.17219957636554492","0.13638978838920593","0.01103673071818413","0.15070492169745342","","","","","14","True","0.012892584578355841","53.0","24.0","LSTM_HS","dl_results_momentum.csv"
"LSTM","gfc","KR","momentum","22","expanding","Recovery","0.268030846343808","0.14536671489477157","0.009106792066819799","0.20201780307577177","","","","","14","True","0.012892584578355841","53.0","24.0","LSTM_HS","dl_results_momentum.csv"
"LSTM","gfc","JP","momentum","22","expanding","Full Test","0.35333633603342707","0.1996747628491149","0.016394828900962617","0.2598901951145838","","","","","14","True","0.015951794330186574","66.0","24.0","LSTM_HS","dl_results_momentum.csv"
"LSTM","gfc","JP","momentum","22","expanding","Lehman Crisis","0.6339588473037051","0.3859744322927375","0.026310456038140945","0.29800547505353875","","","","","14","True","0.015951794330186574","66.0","24.0","LSTM_HS","dl_results_momentum.csv"
"LSTM","gfc","JP","momentum","22","expanding","Pre-Lehman","0.1941265393187499","0.14306533874587463","0.01424715325000612","0.18032664027943643","","","","","14","True","0.015951794330186574","66.0","24.0","LSTM_HS","dl_results_momentum.csv"
"LSTM","gfc","JP","momentum","22","expanding","Recovery","0.16796649300536745","0.12750136232995368","0.009440603727931722","0.13534435194171274","","","","","14","True","0.015951794330186574","66.0","24.0","LSTM_HS","dl_results_momentum.csv"
"LSTM","covid","US","momentum","60","expanding","Crash","1.273100747070098","0.854514649936131","0.06223244591836162","0.35444429808358235","","","","","14","True","0.018334122267644862","29.0","13.0","LSTM_HS","dl_results_momentum.csv"
"LSTM","covid","US","momentum","60","expanding","Full Test","0.41691673895549486","0.19755700212572852","0.02127961713226816","0.3636478202724326","","","","","14","True","0.018334122267644862","29.0","13.0","LSTM_HS","dl_results_momentum.csv"
"LSTM","covid","US","momentum","60","expanding","Pre-crash","0.087998933889853","0.06690064370632172","0.018554722617039447","0.1826763847846955","","","","","14","True","0.018334122267644862","29.0","13.0","LSTM_HS","dl_results_momentum.csv"
"LSTM","covid","US","momentum","60","expanding","Recovery","0.21408384604127104","0.14951982473333678","0.01729712704646109","0.21403949064125094","","","","","14","True","0.018334122267644862","29.0","13.0","LSTM_HS","dl_results_momentum.csv"
"LSTM","covid","KR","momentum","252","expanding","Crash","0.455830998771432","0.28481302091053556","0.016244988157815405","0.2320002978224358","","","","","14","True","0.014293157337315888","62.0","13.0","LSTM_HS","dl_results_momentum.csv"
"LSTM","covid","KR","momentum","252","expanding","Full Test","0.252134886038747","0.15101634362532246","0.020486007756245563","0.2472454521984564","","","","","14","True","0.014293157337315888","62.0","13.0","LSTM_HS","dl_results_momentum.csv"
"LSTM","covid","KR","momentum","252","expanding","Pre-crash","0.13359537819582792","0.0962348324911935","0.013032407286194468","0.1713483740030726","","","","","14","True","0.014293157337315888","62.0","13.0","LSTM_HS","dl_results_momentum.csv"
"LSTM","covid","KR","momentum","252","expanding","Recovery","0.23692656564974843","0.1463685450144112","0.02230859852717693","0.24675117601125626","","","","","14","True","0.014293157337315888","62.0","13.0","LSTM_HS","dl_results_momentum.csv"
"LSTM","covid","JP","momentum","60","expanding","Crash","0.6114638339452801","0.38420137919877706","0.02047328518326818","0.2671288654327736","","","","","14","True","0.016692779641091907","32.0","12.0","LSTM_HS","dl_results_momentum.csv"
"LSTM","covid","JP","momentum","60","expanding","Full Test","0.2403940122623138","0.13704401561442545","0.017973147619668665","0.2761939859775534","","","","","14","True","0.016692779641091907","32.0","12.0","LSTM_HS","dl_results_momentum.csv"
"LSTM","covid","JP","momentum","60","expanding","Pre-crash","0.115638634861692","0.09566111049868843","0.019636052515519496","0.2154672478948474","","","","","14","True","0.016692779641091907","32.0","12.0","LSTM_HS","dl_results_momentum.csv"
"LSTM","covid","JP","momentum","60","expanding","Recovery","0.18270210237206408","0.1191388863709665","0.017422725709607005","0.23283948093879536","","","","","14","True","0.016692779641091907","32.0","12.0","LSTM_HS","dl_results_momentum.csv"
"LSTM","normal","US","extended","60","static","Full Test","0.1612817115676129","0.0954547681598942","0.0214846583396981","0.2756577850680926","0.0311576752714341","0.0308917045828853","24.0","24.0","28","True","","","","LSTM_HS","dl_results_extended.csv"
"LSTM","normal","KR","extended","22","static","Full Test","0.1285358174221532","0.0965674639556367","0.0296637569005052","0.2417851512676336","0.0153997665268151","0.0125947746402416","9.0","9.0","28","True","","","","LSTM_HS","dl_results_extended.csv"
"LSTM","normal","JP","extended","252","static","Full Test","0.1758362675357456","0.1104594393544001","0.0205233159708189","0.2583772117785444","0.0144908387312641","0.0311200015608839","33.0","33.0","28","True","","","","LSTM_HS","dl_results_extended.csv"
"LSTM","911","US","extended","60","static","Full Test","0.3352300541587195","0.2107905518125604","0.0364557954032403","0.318357334690626","0.0213161590033615","0.034353207796812","11.0","11.0","28","True","","","","LSTM_HS","dl_results_extended.csv"
"LSTM","911","US","extended","60","static","Recovery","0.2242968292868552","0.1610934395681728","0.0293699940640391","0.240106627660577","0.0213161590033615","0.034353207796812","11.0","11.0","28","True","","","","LSTM_HS","dl_results_extended.csv"
"LSTM","911","US","extended","60","static","Shock","0.6208765772494497","0.4294578456878662","0.0676333212957259","0.3939787509179883","0.0213161590033615","0.034353207796812","11.0","11.0","28","True","","","","LSTM_HS","dl_results_extended.csv"
"LSTM","911","KR","extended","22","static","Full Test","0.4963689712757143","0.3438061712419285","0.0546629174512732","0.3517241125269986","0.0109286443992437","0.0265522096306085","82.0","82.0","28","True","","","","LSTM_HS","dl_results_extended.csv"
"LSTM","911","KR","extended","22","static","Recovery","0.4150105272686445","0.3441759708824508","0.0525103022001598","0.2919400695066549","0.0109286443992437","0.0265522096306085","82.0","82.0","28","True","","","","LSTM_HS","dl_results_extended.csv"
"LSTM","911","KR","extended","22","static","Shock","0.7387300352303383","0.3423132763968574","0.0633531049465087","0.5393759903709794","0.0109286443992437","0.0265522096306085","82.0","82.0","28","True","","","","LSTM_HS","dl_results_extended.csv"
"LSTM","911","JP","extended","22","static","Full Test","0.2343042028942455","0.1954071208050376","0.0145048306763528","0.1706560451302627","0.0112284418213322","0.0312995053827762","26.0","26.0","28","True","","","","LSTM_HS","dl_results_extended.csv"
"LSTM","911","JP","extended","22","static","Recovery","0.2147166595213898","0.1834612153825305","0.0147362755676059","0.1680565500569761","0.0112284418213322","0.0312995053827762","26.0","26.0","28","True","","","","LSTM_HS","dl_results_extended.csv"
"LSTM","911","JP","extended","22","static","Shock","0.2964464843120429","0.2402042661394391","0.0136369123341539","0.1713169429084607","0.0112284418213322","0.0312995053827762","26.0","26.0","28","True","","","","LSTM_HS","dl_results_extended.csv"
"LSTM","gfc","US","extended","252","static","Full Test","0.6399634047696213","0.3797992095196963","0.0470198305614448","0.3959125341594714","0.0159565843668417","0.0103872086578215","96.0","96.0","28","True","","","","LSTM_HS","dl_results_extended.csv"
"LSTM","gfc","US","extended","252","static","Lehman Crisis","1.152878925004598","0.8278939584891002","0.0809718966755807","0.4076452672355437","0.0159565843668417","0.0103872086578215","96.0","96.0","28","True","","","","LSTM_HS","dl_results_extended.csv"
"LSTM","gfc","US","extended","252","static","Pre-Lehman","0.2999290103550607","0.2102258354951973","0.0316635034574772","0.2690382734895137","0.0159565843668417","0.0103872086578215","96.0","96.0","28","True","","","","LSTM_HS","dl_results_extended.csv"
"LSTM","gfc","US","extended","252","static","Recovery","0.4009465478832932","0.3075228966772556","0.0504147385205262","0.2548464267227479","0.0159565843668417","0.0103872086578215","96.0","96.0","28","True","","","","LSTM_HS","dl_results_extended.csv"
"LSTM","gfc","KR","extended","22","static","Full Test","0.3824374062037797","0.2106432751545694","0.0154661834959197","0.2602233946442088","0.0137880056519711","0.0166773333424522","31.0","31.0","28","True","","","","LSTM_HS","dl_results_extended.csv"
"LSTM","gfc","KR","extended","22","static","Lehman Crisis","0.6726630501126306","0.397141573792797","0.0235538856059709","0.2888640560982999","0.0137880056519711","0.0166773333424522","31.0","31.0","28","True","","","","LSTM_HS","dl_results_extended.csv"
"LSTM","gfc","KR","extended","22","static","Pre-Lehman","0.174456200951287","0.1370679524811831","0.0120414479797433","0.1526798651826387","0.0137880056519711","0.0166773333424522","31.0","31.0","28","True","","","","LSTM_HS","dl_results_extended.csv"
"LSTM","gfc","KR","extended","22","static","Recovery","0.3045175460199151","0.1884734563529491","0.0153093512204503","0.2295182307713131","0.0137880056519711","0.0166773333424522","31.0","31.0","28","True","","","","LSTM_HS","dl_results_extended.csv"
"LSTM","gfc","JP","extended","60","static","Full Test","0.4406391117741883","0.2492373100458047","0.0268039109052001","0.3241041836220231","0.0127185619749584","0.0148357854975078","27.0","27.0","28","True","","","","LSTM_HS","dl_results_extended.csv"
"LSTM","gfc","JP","extended","60","static","Lehman Crisis","0.8056164393693734","0.5350884586049799","0.0565157385717473","0.3786966784142038","0.0127185619749584","0.0148357854975078","27.0","27.0","28","True","","","","LSTM_HS","dl_results_extended.csv"
"LSTM","gfc","JP","extended","60","static","Pre-Lehman","0.214631474785063","0.1518685234582811","0.0171964472870358","0.1993739386795567","0.0127185619749584","0.0148357854975078","27.0","27.0","28","True","","","","LSTM_HS","dl_results_extended.csv"
"LSTM","gfc","JP","extended","60","static","Recovery","0.2313063064858284","0.1763038418509743","0.0173768858174743","0.1863824242038275","0.0127185619749584","0.0148357854975078","27.0","27.0","28","True","","","","LSTM_HS","dl_results_extended.csv"
"LSTM","covid","US","extended","252","static","Crash","1.38289913349444","0.981658418973287","0.0766536300490614","0.3850132943680084","0.0174929685663886","0.0115271534501429","37.0","37.0","28","True","","","","LSTM_HS","dl_results_extended.csv"
"LSTM","covid","US","extended","252","static","Full Test","0.4518284672544328","0.2287977139555639","0.0332972080122934","0.3940989216833726","0.0174929685663886","0.0115271534501429","37.0","37.0","28","True","","","","LSTM_HS","dl_results_extended.csv"
"LSTM","covid","US","extended","252","static","Pre-crash","0.0852003601863434","0.071046461377825","0.0214002903928356","0.1768668447810569","0.0174929685663886","0.0115271534501429","37.0","37.0","28","True","","","","LSTM_HS","dl_results_extended.csv"
"LSTM","covid","US","extended","252","static","Recovery","0.2306497186138957","0.1752103130954007","0.0307238082930688","0.2306019309796448","0.0174929685663886","0.0115271534501429","37.0","37.0","28","True","","","","LSTM_HS","dl_results_extended.csv"
"LSTM","covid","KR","extended","22","static","Crash","0.5147124526028637","0.3086072745777312","0.0208025254471683","0.2619686739572935","0.0127858799227703","0.0100583300488639","18.0","18.0","28","True","","","","LSTM_HS","dl_results_extended.csv"
"LSTM","covid","KR","extended","22","static","Full Test","0.2935736775899547","0.1936821002633341","0.0355468053349724","0.2878806570945429","0.0127858799227703","0.0100583300488639","18.0","18.0","28","True","","","","LSTM_HS","dl_results_extended.csv"
"LSTM","covid","KR","extended","22","static","Pre-crash","0.1288841105267804","0.0949999596391405","0.0127622444556914","0.1653057394038335","0.0127858799227703","0.0100583300488639","18.0","18.0","28","True","","","","LSTM_HS","dl_results_extended.csv"
"LSTM","covid","KR","extended","22","static","Recovery","0.2816350046381133","0.1991010912073155","0.0413128965246532","0.2933135353978143","0.0127858799227703","0.0100583300488639","18.0","18.0","28","True","","","","LSTM_HS","dl_results_extended.csv"
"LSTM","covid","JP","extended","252","static","Crash","0.7398597837625894","0.3948381229450828","0.026777946684047","0.3232209227169506","0.0194770330610096","0.0117461615783711","10.0","10.0","28","True","","","","LSTM_HS","dl_results_extended.csv"
"LSTM","covid","JP","extended","252","static","Full Test","0.2709650796021235","0.14396345584082","0.020328788655168","0.3113177599214601","0.0194770330610096","0.0117461615783711","10.0","10.0","28","True","","","","LSTM_HS","dl_results_extended.csv"
"LSTM","covid","JP","extended","252","static","Pre-crash","0.1147396798774676","0.0931396741758693","0.0195359416503731","0.2137922423340862","0.0194770330610096","0.0117461615783711","10.0","10.0","28","True","","","","LSTM_HS","dl_results_extended.csv"
"LSTM","covid","JP","extended","252","static","Recovery","0.1889351142966686","0.1273535962707253","0.0198106700993053","0.2407829651262666","0.0194770330610096","0.0117461615783711","10.0","10.0","28","True","","","","LSTM_HS","dl_results_extended.csv"
"LSTM","normal","US","extended","60","expanding","Full Test","0.16343459191796933","0.09665200635096363","0.021248584158359323","0.27933742253676536","","","","","28","True","0.017622953700332938","37.0","76.0","LSTM_HS","dl_results_extended.csv"
"LSTM","normal","KR","extended","22","expanding","Full Test","0.1068349024043336","0.07864801312907267","0.017355878407906006","0.20096416358140085","","","","","28","True","0.015660022532950946","19.0","74.0","LSTM_HS","dl_results_extended.csv"
"LSTM","normal","JP","extended","252","expanding","Full Test","0.17744330344134576","0.10705159698447136","0.019093646218228438","0.2607386214145431","","","","","28","True","0.016725275451456415","29.0","73.0","LSTM_HS","dl_results_extended.csv"
"LSTM","911","US","extended","60","expanding","Full Test","0.3224214307621317","0.20742750234074062","0.033205705178345944","0.306193391884761","","","","","28","True","0.022935517139971197","27.0","7.0","LSTM_HS","dl_results_extended.csv"
"LSTM","911","US","extended","60","expanding","Recovery","0.21872603243146713","0.16383585956963626","0.02850234538123206","0.23414316731839482","","","","","28","True","0.022935517139971197","27.0","7.0","LSTM_HS","dl_results_extended.csv"
"LSTM","911","US","extended","60","expanding","Shock","0.5923338473540501","0.39923073053359986","0.053900488285646996","0.3758668918399786","","","","","28","True","0.022935517139971197","27.0","7.0","LSTM_HS","dl_results_extended.csv"
"LSTM","911","KR","extended","22","expanding","Full Test","0.4381323945704592","0.2637512569918352","0.03312201762755261","0.3104580192705596","","","","","28","True","0.03873956301268553","17.0","7.0","LSTM_HS","dl_results_extended.csv"
"LSTM","911","KR","extended","22","expanding","Recovery","0.3542847372076415","0.2581213133050761","0.030644429866258257","0.24922237873400638","","","","","28","True","0.03873956301268553","17.0","7.0","LSTM_HS","dl_results_extended.csv"
"LSTM","911","KR","extended","22","expanding","Shock","0.6783731292286229","0.2864795481717145","0.04312413118240763","0.495307028236182","","","","","28","True","0.03873956301268553","17.0","7.0","LSTM_HS","dl_results_extended.csv"
"LSTM","911","JP","extended","22","expanding","Full Test","0.2538537643102422","0.2066384105754078","0.01629428123574078","0.18489501649344828","","","","","28","True","0.011642538381331672","44.0","7.0","LSTM_HS","dl_results_extended.csv"
"LSTM","911","JP","extended","22","expanding","Recovery","0.22318777522174427","0.19018283912113734","0.01570883820614584","0.17468680633475336","","","","","28","True","0.011642538381331672","44.0","7.0","LSTM_HS","dl_results_extended.csv"
"LSTM","911","JP","extended","22","expanding","Shock","0.34539875300464035","0.26834680352892193","0.018489692596721802","0.19960654479161807","","","","","28","True","0.011642538381331672","44.0","7.0","LSTM_HS","dl_results_extended.csv"
"LSTM","gfc","US","extended","252","expanding","Full Test","0.5447938082292021","0.2972986599426585","0.02503704854095989","0.3370359861249541","","","","","28","True","0.025727834988516593","59.0","25.0","LSTM_HS","dl_results_extended.csv"
"LSTM","gfc","US","extended","252","expanding","Lehman Crisis","1.0013307881650189","0.6483823617299398","0.050411427396079594","0.3540595182022941","","","","","28","True","0.025727834988516593","59.0","25.0","LSTM_HS","dl_results_extended.csv"
"LSTM","gfc","US","extended","252","expanding","Pre-Lehman","0.24757920944880793","0.17522601820133601","0.017294035902647113","0.2220801615127328","","","","","28","True","0.025727834988516593","59.0","25.0","LSTM_HS","dl_results_extended.csv"
"LSTM","gfc","US","extended","252","expanding","Recovery","0.26665341486462035","0.20250507742166518","0.014366387466311822","0.16948810336545747","","","","","28","True","0.025727834988516593","59.0","25.0","LSTM_HS","dl_results_extended.csv"
"LSTM","gfc","KR","extended","22","expanding","Full Test","0.3696081377976492","0.20021608459269016","0.014020283439229864","0.2514939248766357","","","","","28","True","0.015896171833169336","38.0","24.0","LSTM_HS","dl_results_extended.csv"
"LSTM","gfc","KR","extended","22","expanding","Lehman Crisis","0.6596324256965564","0.3957767244112694","0.023389659363388562","0.28326826928989635","","","","","28","True","0.015896171833169336","38.0","24.0","LSTM_HS","dl_results_extended.csv"
"LSTM","gfc","KR","extended","22","expanding","Pre-Lehman","0.1682998305173087","0.1300501425699754","0.011352814075993962","0.14729195805896678","","","","","28","True","0.015896171833169336","38.0","24.0","LSTM_HS","dl_results_extended.csv"
"LSTM","gfc","KR","extended","22","expanding","Recovery","0.2618138984205596","0.15295956656336784","0.009369879887219195","0.1973320209039686","","","","","28","True","0.015896171833169336","38.0","24.0","LSTM_HS","dl_results_extended.csv"
"LSTM","gfc","JP","extended","60","expanding","Full Test","0.38328733346601757","0.2104911548204911","0.017951601252411693","0.2819201132770225","","","","","28","True","0.016763747815903868","37.0","24.0","LSTM_HS","dl_results_extended.csv"
"LSTM","gfc","JP","extended","60","expanding","Lehman Crisis","0.6999957536921935","0.4296109739102815","0.034062625695701516","0.3290474894414852","","","","","28","True","0.016763747815903868","37.0","24.0","LSTM_HS","dl_results_extended.csv"
"LSTM","gfc","JP","extended","60","expanding","Pre-Lehman","0.1927695736388591","0.14124104843242935","0.013511466343444018","0.17906613739874877","","","","","28","True","0.016763747815903868","37.0","24.0","LSTM_HS","dl_results_extended.csv"
"LSTM","gfc","JP","extended","60","expanding","Recovery","0.18378502003128852","0.1352005066809716","0.01007186856733384","0.14809063395718197","","","","","28","True","0.016763747815903868","37.0","24.0","LSTM_HS","dl_results_extended.csv"
"LSTM","covid","US","extended","252","expanding","Crash","1.4004474655283916","0.9771245434170678","0.08122302213925717","0.38989892988792","","","","","28","True","0.020329628824447134","35.0","13.0","LSTM_HS","dl_results_extended.csv"
"LSTM","covid","US","extended","252","expanding","Full Test","0.4486705987160087","0.21393309803980012","0.025381665402495684","0.3913445299705769","","","","","28","True","0.020329628824447134","35.0","13.0","LSTM_HS","dl_results_extended.csv"
"LSTM","covid","US","extended","252","expanding","Pre-crash","0.09522495705914365","0.07305780862058912","0.01910830334788068","0.1976768368423161","","","","","28","True","0.020329628824447134","35.0","13.0","LSTM_HS","dl_results_extended.csv"
"LSTM","covid","US","extended","252","expanding","Recovery","0.2094142128988447","0.15613942500203848","0.02041759863395159","0.2093708249863292","","","","","28","True","0.020329628824447134","35.0","13.0","LSTM_HS","dl_results_extended.csv"
"LSTM","covid","KR","extended","22","expanding","Crash","0.526746582874988","0.32751060667492093","0.021668707687737036","0.26809357949178264","","","","","28","True","0.021132376748238535","21.0","13.0","LSTM_HS","dl_results_extended.csv"
"LSTM","covid","KR","extended","22","expanding","Full Test","0.29371279760913976","0.18743611992366851","0.033644035492050854","0.288017079279484","","","","","28","True","0.021132376748238535","21.0","13.0","LSTM_HS","dl_results_extended.csv"
"LSTM","covid","KR","extended","22","expanding","Pre-crash","0.1435973066633343","0.1012359048639025","0.014946910121294017","0.18417676824055965","","","","","28","True","0.021132376748238535","21.0","13.0","LSTM_HS","dl_results_extended.csv"
"LSTM","covid","KR","extended","22","expanding","Recovery","0.27806867139396335","0.18782905380552015","0.03836216711635856","0.2895993173673089","","","","","28","True","0.021132376748238535","21.0","13.0","LSTM_HS","dl_results_extended.csv"
"LSTM","covid","JP","extended","252","expanding","Crash","0.6929514183908186","0.38112766178030716","0.023066307646947923","0.30272816791211205","","","","","28","True","0.01820606424506897","20.0","12.0","LSTM_HS","dl_results_extended.csv"
"LSTM","covid","JP","extended","252","expanding","Full Test","0.2609617445722336","0.1427178848065248","0.020158538359864437","0.2998247075406071","","","","","28","True","0.01820606424506897","20.0","12.0","LSTM_HS","dl_results_extended.csv"
"LSTM","covid","JP","extended","252","expanding","Pre-crash","0.1186283680666228","0.10101944433920311","0.022503950302363556","0.22103796036803383","","","","","28","True","0.01820606424506897","20.0","12.0","LSTM_HS","dl_results_extended.csv"
"LSTM","covid","JP","extended","252","expanding","Recovery","0.18865960685053434","0.12576230831684604","0.019445386690202834","0.24043185252318314","","","","","28","True","0.01820606424506897","20.0","12.0","LSTM_HS","dl_results_extended.csv"
"1DCNN","normal","US","core","60","static","Full Test","0.1703121739911319","0.1020837530553261","0.027084521","0.2910923761671851","0.027290697","0.028304168","47","47","10","TRUE","","","","CNNBased_GH","dl_results_core.csv"
"1DCNN","normal","KR","core","252","static","Full Test","0.1082896440311103","0.082646162","0.018311842","0.2037006375957243","0.014556622","0.011818424","57","57","10","TRUE","","","","CNNBased_GH","dl_results_core.csv"
"1DCNN","normal","JP","core","22","static","Full Test","0.1786116078840771","0.1211120415836164","0.025906164","0.2624553505549638","0.014925696","0.034098421","27","27","10","TRUE","","","","CNNBased_GH","dl_results_core.csv"
"1DCNN","911","US","core","22","static","Full Test","0.2512722682763145","0.1704825712574852","0.0257075","0.2386252921471084","0.014633837","0.024578463","27","27","10","TRUE","","","","CNNBased_GH","dl_results_core.csv"
"1DCNN","911","US","core","22","static","Recovery","0.2006195066040809","0.1468911395831541","0.025317737","0.2147603839376151","0.014633837","0.024578463","27","27","10","TRUE","","","","CNNBased_GH","dl_results_core.csv"
"1DCNN","911","US","core","22","static","Shock","0.4047861717663106","0.2742848706245422","0.027422461","0.2568580555057598","0.014633837","0.024578463","27","27","10","TRUE","","","","CNNBased_GH","dl_results_core.csv"
"1DCNN","911","KR","core","60","static","Full Test","0.5063822061912449","0.2628220573944204","0.02168763","0.3588194314691512","0.011858002","0.028514152","22","22","10","TRUE","","","","CNNBased_GH","dl_results_core.csv"
"1DCNN","911","KR","core","60","static","Recovery","0.2635947604011289","0.1986972142796997","0.015216824","0.1854263147963036","0.011858002","0.028514152","22","22","10","TRUE","","","","CNNBased_GH","dl_results_core.csv"
"1DCNN","911","KR","core","60","static","Shock","1.0055394741338286","0.5216964240427371","0.047810513","0.7341841049537629","0.011858002","0.028514152","22","22","10","TRUE","","","","CNNBased_GH","dl_results_core.csv"
"1DCNN","911","JP","core","22","static","Full Test","0.2448018186970323","0.1888969034180605","0.01598622","0.1783020095392287","0.01080382","0.030285088","20","20","10","TRUE","","","","CNNBased_GH","dl_results_core.csv"
"1DCNN","911","JP","core","22","static","Recovery","0.2210516845085477","0.1756924674624488","0.015905115","0.1730149098146196","0.01080382","0.030285088","20","20","10","TRUE","","","","CNNBased_GH","dl_results_core.csv"
"1DCNN","911","JP","core","22","static","Shock","0.3184623093668702","0.2384135382516043","0.016290368","0.1840399267979589","0.01080382","0.030285088","20","20","10","TRUE","","","","CNNBased_GH","dl_results_core.csv"
"1DCNN","gfc","US","core","252","static","Full Test","0.4617746002859934","0.2803550245969192","0.023523413","0.2856762603097881","0.01961304","0.015735509","55","55","10","TRUE","","","","CNNBased_GH","dl_results_core.csv"
"1DCNN","gfc","US","core","252","static","Lehman Crisis","0.7812738866645914","0.5730408678452173","0.034859529","0.2762498258976059","0.01961304","0.015735509","55","55","10","TRUE","","","","CNNBased_GH","dl_results_core.csv"
"1DCNN","gfc","US","core","252","static","Pre-Lehman","0.2786279819532111","0.1753241905264635","0.019972306","0.2499311124383019","0.01961304","0.015735509","55","55","10","TRUE","","","","CNNBased_GH","dl_results_core.csv"
"1DCNN","gfc","US","core","252","static","Recovery","0.3117675581053073","0.2128728352487087","0.019081283","0.1981631930008316","0.01961304","0.015735509","55","55","10","TRUE","","","","CNNBased_GH","dl_results_core.csv"
"1DCNN","gfc","KR","core","60","static","Full Test","0.3862140445184325","0.2452517117178717","0.021189644","0.2627931475675373","0.023573767","0.027523939","16","16","10","TRUE","","","","CNNBased_GH","dl_results_core.csv"
"1DCNN","gfc","KR","core","60","static","Lehman Crisis","0.6421948130166892","0.4746056002075389","0.034156396","0.2757799740334018","0.023573767","0.027523939","16","16","10","TRUE","","","","CNNBased_GH","dl_results_core.csv"
"1DCNN","gfc","KR","core","60","static","Pre-Lehman","0.2267212710965887","0.1635159827362407","0.017347548","0.1984209957359403","0.023573767","0.027523939","16","16","10","TRUE","","","","CNNBased_GH","dl_results_core.csv"
"1DCNN","gfc","KR","core","60","static","Recovery","0.3113020892448329","0.1879212945699691","0.015270889","0.2346318157779149","0.023573767","0.027523939","16","16","10","TRUE","","","","CNNBased_GH","dl_results_core.csv"
"1DCNN","gfc","JP","core","60","static","Full Test","0.3429466914493677","0.2252204555731553","0.02124453","0.2522482786662655","0.013228622","0.015418654","34","34","10","TRUE","","","","CNNBased_GH","dl_results_core.csv"
"1DCNN","gfc","JP","core","60","static","Lehman Crisis","0.5777926403065764","0.436251597","0.037732024","0.2716033871746132","0.013228622","0.015418654","34","34","10","TRUE","","","","CNNBased_GH","dl_results_core.csv"
"1DCNN","gfc","JP","core","60","static","Pre-Lehman","0.2091036276162531","0.1470745018673287","0.01505481","0.1942390503153596","0.013228622","0.015418654","34","34","10","TRUE","","","","CNNBased_GH","dl_results_core.csv"
"1DCNN","gfc","JP","core","60","static","Recovery","0.2515594456783628","0.1939071966456128","0.01910139","0.2027020362273475","0.013228622","0.015418654","34","34","10","TRUE","","","","CNNBased_GH","dl_results_core.csv"
"1DCNN","covid","US","core","252","static","Crash","1.6277830183037127","1.2346038931892032","0.1260335735914206","0.453191478","0.017974757","0.011535804","69","69","10","TRUE","","","","CNNBased_GH","dl_results_core.csv"
"1DCNN","covid","US","core","252","static","Full Test","0.5066347883694288","0.2281526396231305","0.026950732","0.4419027092227038","0.017974757","0.011535804","69","69","10","TRUE","","","","CNNBased_GH","dl_results_core.csv"
"1DCNN","covid","US","core","252","static","Pre-crash","0.1021328169897673","0.080781547","0.022760252","0.2120168160096194","0.017974757","0.011535804","69","69","10","TRUE","","","","CNNBased_GH","dl_results_core.csv"
"1DCNN","covid","US","core","252","static","Recovery","0.1995832506959495","0.1449365558413168","0.016877436","0.1995418996314688","0.017974757","0.011535804","69","69","10","TRUE","","","","CNNBased_GH","dl_results_core.csv"
"1DCNN","covid","KR","core","22","static","Crash","0.4797367776824062","0.3580105787231809","0.022041059","0.2441674120423362","0.016557083","0.012547252","2","2","10","TRUE","","","","CNNBased_GH","dl_results_core.csv"
"1DCNN","covid","KR","core","22","static","Full Test","0.2934242727760054","0.1845487035330265","0.031562822","0.28773415","0.016557083","0.012547252","2","2","10","TRUE","","","","CNNBased_GH","dl_results_core.csv"
"1DCNN","covid","KR","core","22","static","Pre-crash","0.1604667079474698","0.1082550610814775","0.018495622","0.2058133287225018","0.016557083","0.012547252","2","2","10","TRUE","","","","CNNBased_GH","dl_results_core.csv"
"1DCNN","covid","KR","core","22","static","Recovery","0.2852075789205825","0.1794840061726669","0.034986306","0.2970342532631551","0.016557083","0.012547252","2","2","10","TRUE","","","","CNNBased_GH","dl_results_core.csv"
"1DCNN","covid","JP","core","60","static","Crash","0.3864570782556942","0.2729055567791587","0.015113922","0.1688306570591819","0.021730842","0.012443863","12","12","10","TRUE","","","","CNNBased_GH","dl_results_core.csv"
"1DCNN","covid","JP","core","60","static","Full Test","0.212754212","0.1374443492093006","0.02053643","0.24443801","0.021730842","0.012443863","12","12","10","TRUE","","","","CNNBased_GH","dl_results_core.csv"
"1DCNN","covid","JP","core","60","static","Pre-crash","0.1255250440621522","0.1004963837789766","0.025007064","0.2338884043235207","0.021730842","0.012443863","12","12","10","TRUE","","","","CNNBased_GH","dl_results_core.csv"
"1DCNN","covid","JP","core","60","static","Recovery","0.1996679817826093","0.1301621982166844","0.020297165","0.2544611618298937","0.021730842","0.012443863","12","12","10","TRUE","","","","CNNBased_GH","dl_results_core.csv"
"1DCNN","normal","US","core","60","expanding","Full Test","0.1743428712957185","0.10101376876691369","0.025497976715755353","0.29798152113261706","","","","","10","TRUE","0.022316412338404375","39","76","CNNBased_GH","dl_results_core.csv"
"1DCNN","normal","KR","core","252","expanding","Full Test","0.11051522854339378","0.082003689","0.01855786","0.20788712272300994","","","","","10","TRUE","0.021805679792544937","22","74","CNNBased_GH","dl_results_core.csv"
"1DCNN","normal","JP","core","22","expanding","Full Test","0.17053650568942352","0.10438398520832193","0.018604492","0.2505896392365791","","","","","10","TRUE","0.016472387569427902","44","73","CNNBased_GH","dl_results_core.csv"
"1DCNN","911","US","core","22","expanding","Full Test","0.269809039","0.1814252237478892","0.027377289616007234","0.2562290748079419","","","","","10","TRUE","0.022191842098915875","28","7","CNNBased_GH","dl_results_core.csv"
"1DCNN","911","US","core","22","expanding","Recovery","0.20900732389732632","0.15200501382350923","0.026435271","0.223739425","","","","","10","TRUE","0.022191842098915875","28","7","CNNBased_GH","dl_results_core.csv"
"1DCNN","911","US","core","22","expanding","Shock","0.44821142906904177","0.3108741474151611","0.031522172275746094","0.28441365875659486","","","","","10","TRUE","0.022191842098915875","28","7","CNNBased_GH","dl_results_core.csv"
"1DCNN","911","KR","core","60","expanding","Full Test","0.4405442085999386","0.26187392455690045","0.025430481623961415","0.3121670164041206","","","","","10","TRUE","0.011937409868779768","37","7","CNNBased_GH","dl_results_core.csv"
"1DCNN","911","KR","core","60","expanding","Recovery","0.3030672889059563","0.21806659556310112","0.022310998361299836","0.21319335191496266","","","","","10","TRUE","0.011937409868779768","37","7","CNNBased_GH","dl_results_core.csv"
"1DCNN","911","KR","core","60","expanding","Shock","0.7789628662400526","0.43872573419853494","0.038023951091743356","0.5687515701313537","","","","","10","TRUE","0.011937409868779768","37","7","CNNBased_GH","dl_results_core.csv"
"1DCNN","911","JP","core","22","expanding","Full Test","0.30696256632368357","0.2175035767985466","0.017002338833094127","0.22357694366874023","","","","","10","TRUE","0.013427031862828369","32","7","CNNBased_GH","dl_results_core.csv"
"1DCNN","911","JP","core","22","expanding","Recovery","0.2152562894234119","0.17504805212929136","0.015050667982307699","0.16847891290410483","","","","","10","TRUE","0.013427031862828369","32","7","CNNBased_GH","dl_results_core.csv"
"1DCNN","911","JP","core","22","expanding","Shock","0.5232746108190659","0.3767117943082537","0.024321105","0.3024013148112586","","","","","10","TRUE","0.013427031862828369","32","7","CNNBased_GH","dl_results_core.csv"
"1DCNN","gfc","US","core","252","expanding","Full Test","0.5211914786034613","0.29082795465461464","0.021613736794570706","0.32243443537291056","","","","","10","TRUE","0.020648996","26","25","CNNBased_GH","dl_results_core.csv"
"1DCNN","gfc","US","core","252","expanding","Lehman Crisis","0.9295121197046707","0.6129567792018255","0.032744921","0.32866522946819937","","","","","10","TRUE","0.020648996","26","25","CNNBased_GH","dl_results_core.csv"
"1DCNN","gfc","US","core","252","expanding","Pre-Lehman","0.26534708451431827","0.1759711101703846","0.019152755","0.2380180610361679","","","","","10","TRUE","0.020648996","26","25","CNNBased_GH","dl_results_core.csv"
"1DCNN","gfc","US","core","252","expanding","Recovery","0.30816974277915415","0.2139408051967621","0.013622683288383744","0.1958763784996993","","","","","10","TRUE","0.020648996","26","25","CNNBased_GH","dl_results_core.csv"
"1DCNN","gfc","KR","core","60","expanding","Full Test","0.39157175476866685","0.20720652237250992","0.013857593607137913","0.26643871551204207","","","","","10","TRUE","0.013220137650478126","36","24","CNNBased_GH","dl_results_core.csv"
"1DCNN","gfc","KR","core","60","expanding","Lehman Crisis","0.6874678720414815","0.3783120654397092","0.016137004","0.29522174277584945","","","","","10","TRUE","0.013220137650478126","36","24","CNNBased_GH","dl_results_core.csv"
"1DCNN","gfc","KR","core","60","expanding","Pre-Lehman","0.20368501555174837","0.14939263159578497","0.013989795300016672","0.17826021972614323","","","","","10","TRUE","0.013220137650478126","36","24","CNNBased_GH","dl_results_core.csv"
"1DCNN","gfc","KR","core","60","expanding","Recovery","0.2585304822479451","0.15356109589338302","0.010041020478173693","0.19485727394546296","","","","","10","TRUE","0.013220137650478126","36","24","CNNBased_GH","dl_results_core.csv"
"1DCNN","gfc","JP","core","60","expanding","Full Test","0.29375850474075565","0.18861528734366098","0.014857483270920667","0.21606879148263095","","","","","10","TRUE","0.014377240916581251","28","24","CNNBased_GH","dl_results_core.csv"
"1DCNN","gfc","JP","core","60","expanding","Lehman Crisis","0.48489943368873456","0.3287561755431326","0.017501343","0.22793701311084885","","","","","10","TRUE","0.014377240916581251","28","24","CNNBased_GH","dl_results_core.csv"
"1DCNN","gfc","JP","core","60","expanding","Pre-Lehman","0.20036632273765617","0.14352943040834007","0.014854763808811353","0.18612285538712534","","","","","10","TRUE","0.014377240916581251","28","24","CNNBased_GH","dl_results_core.csv"
"1DCNN","gfc","JP","core","60","expanding","Recovery","0.17875701426470425","0.1433259511922861","0.010952980633123692","0.14403915815470872","","","","","10","TRUE","0.014377240916581251","28","24","CNNBased_GH","dl_results_core.csv"
"1DCNN","covid","US","core","252","expanding","Crash","1.2277724588885628","0.9445613963263375","0.067354016","0.34182443800981405","","","","","10","TRUE","0.018640977837443333","41","13","CNNBased_GH","dl_results_core.csv"
"1DCNN","covid","US","core","252","expanding","Full Test","0.4050733435048257","0.20971402123330102","0.022959387813938886","0.35331764031599766","","","","","10","TRUE","0.018640977837443333","41","13","CNNBased_GH","dl_results_core.csv"
"1DCNN","covid","US","core","252","expanding","Pre-crash","0.099952799","0.078297644","0.024163353783994156","0.20749133234169626","","","","","10","TRUE","0.018640977837443333","41","13","CNNBased_GH","dl_results_core.csv"
"1DCNN","covid","US","core","252","expanding","Recovery","0.21271233848073362","0.1532961999376615","0.017884252","0.2126682672393159","","","","","10","TRUE","0.018640977837443333","41","13","CNNBased_GH","dl_results_core.csv"
"1DCNN","covid","KR","core","22","expanding","Crash","1.0223225568476269","0.596742761","0.036634881","0.5203225280827655","","","","","10","TRUE","0.019399769114483174","14","13","CNNBased_GH","dl_results_core.csv"
"1DCNN","covid","KR","core","22","expanding","Full Test","0.385705058","0.1994341757268675","0.027480063563510976","0.37822541309053426","","","","","10","TRUE","0.019399769114483174","14","13","CNNBased_GH","dl_results_core.csv"
"1DCNN","covid","KR","core","22","expanding","Pre-crash","0.1652078635238014","0.1079675453049796","0.020396333","0.2118942973149122","","","","","10","TRUE","0.019399769114483174","14","13","CNNBased_GH","dl_results_core.csv"
"1DCNN","covid","KR","core","22","expanding","Recovery","0.2699466784295917","0.17265215376392007","0.027770060533567637","0.2811405305275225","","","","","10","TRUE","0.019399769114483174","14","13","CNNBased_GH","dl_results_core.csv"
"1DCNN","covid","JP","core","60","expanding","Crash","0.5138297438711595","0.33129898184224177","0.020472878","0.2244756744160911","","","","","10","TRUE","0.017875126","54","12","CNNBased_GH","dl_results_core.csv"
"1DCNN","covid","JP","core","60","expanding","Full Test","0.2241576151160176","0.13589531352289586","0.019810508","0.2575396309728338","","","","","10","TRUE","0.017875126","54","12","CNNBased_GH","dl_results_core.csv"
"1DCNN","covid","JP","core","60","expanding","Pre-crash","0.11288587860241629","0.094619361","0.021482059407268883","0.21033809001417147","","","","","10","TRUE","0.017875126","54","12","CNNBased_GH","dl_results_core.csv"
"1DCNN","covid","JP","core","60","expanding","Recovery","0.1872519728165327","0.12325787656409766","0.01944628","0.2386379334955779","","","","","10","TRUE","0.017875126","54","12","CNNBased_GH","dl_results_core.csv"
"1DCNN","normal","US","momentum","252","static","Full Test","0.1737815428356053","0.1100033443674107","0.031451629","0.2970221156395422","0.029796267","0.02893022","50","50","14","TRUE","","","","CNNBased_GH","dl_results_momentum.csv"
"1DCNN","normal","KR","momentum","22","static","Full Test","0.1152143120414172","0.091000517","0.022327477","0.2167264379985123","0.015456437","0.012101116","35","35","14","TRUE","","","","CNNBased_GH","dl_results_momentum.csv"
"1DCNN","normal","JP","momentum","252","static","Full Test","0.1729800389499773","0.1052212867630671","0.019744191","0.2541802142618462","0.014734393","0.031214104","37","37","14","TRUE","","","","CNNBased_GH","dl_results_momentum.csv"
"1DCNN","911","US","momentum","22","static","Full Test","0.2871646416870637","0.2008627858426835","0.033109238","0.2727111391438598","0.018572581","0.030555803","13","13","14","TRUE","","","","CNNBased_GH","dl_results_momentum.csv"
"1DCNN","911","US","momentum","22","static","Recovery","0.2274110213790995","0.1703672167929736","0.031704272","0.2434403268641433","0.018572581","0.030555803","13","13","14","TRUE","","","","CNNBased_GH","dl_results_momentum.csv"
"1DCNN","911","US","momentum","22","static","Shock","0.4666408363118118","0.3350432896614074","0.039291088","0.2961080842055811","0.018572581","0.030555803","13","13","14","TRUE","","","","CNNBased_GH","dl_results_momentum.csv"
"1DCNN","911","KR","momentum","22","static","Full Test","0.378787674","0.2343617563738542","0.021211477","0.2684067014882902","0.010940921","0.025411298","50","50","14","TRUE","","","","CNNBased_GH","dl_results_momentum.csv"
"1DCNN","911","KR","momentum","22","static","Recovery","0.2562841670675849","0.1994456052780151","0.015577482","0.180283662","0.010940921","0.025411298","50","50","14","TRUE","","","","CNNBased_GH","dl_results_momentum.csv"
"1DCNN","911","KR","momentum","22","static","Shock","0.6764285903128525","0.3753195515385381","0.043956125","0.493887244","0.010940921","0.025411298","50","50","14","TRUE","","","","CNNBased_GH","dl_results_momentum.csv"
"1DCNN","911","JP","momentum","22","static","Full Test","0.3351544875902706","0.2578565765144233","0.031914919","0.2441105991838784","0.016103239","0.04145496","9","9","14","TRUE","","","","CNNBased_GH","dl_results_momentum.csv"
"1DCNN","911","JP","momentum","22","static","Recovery","0.3048323049024492","0.2338104310489836","0.032287915","0.2385891510328684","0.016103239","0.04145496","9","9","14","TRUE","","","","CNNBased_GH","dl_results_momentum.csv"
"1DCNN","911","JP","momentum","22","static","Shock","0.4302328058167878","0.3480296220098223","0.030516182","0.2486322926126443","0.016103239","0.04145496","9","9","14","TRUE","","","","CNNBased_GH","dl_results_momentum.csv"
"1DCNN","gfc","US","momentum","60","static","Full Test","0.514308092","0.3646827853491094","0.047040747","0.3181760368696485","0.024811449","0.019517658","13","13","14","TRUE","","","","CNNBased_GH","dl_results_momentum.csv"
"1DCNN","gfc","US","momentum","60","static","Lehman Crisis","0.7937788233244897","0.644544684","0.056463574","0.2806714335234608","0.024811449","0.019517658","13","13","14","TRUE","","","","CNNBased_GH","dl_results_momentum.csv"
"1DCNN","gfc","US","momentum","60","static","Pre-Lehman","0.3516083086595218","0.2398764718547726","0.04030128","0.3153949402705041","0.024811449","0.019517658","13","13","14","TRUE","","","","CNNBased_GH","dl_results_momentum.csv"
"1DCNN","gfc","US","momentum","60","static","Recovery","0.4631775077075628","0.3863922707736492","0.056747374","0.29440117","0.024811449","0.019517658","13","13","14","TRUE","","","","CNNBased_GH","dl_results_momentum.csv"
"1DCNN","gfc","KR","momentum","22","static","Full Test","0.4388914959393667","0.197758539","0.012181423","0.2986366738743147","0.018476651","0.01896934","38","38","14","TRUE","","","","CNNBased_GH","dl_results_momentum.csv"
"1DCNN","gfc","KR","momentum","22","static","Lehman Crisis","0.8165421828159392","0.3766760381601624","0.01506095","0.350650577","0.018476651","0.01896934","38","38","14","TRUE","","","","CNNBased_GH","dl_results_momentum.csv"
"1DCNN","gfc","KR","momentum","22","static","Pre-Lehman","0.1755219805175475","0.1360763498869809","0.012113729","0.1536126097890429","0.018476651","0.01896934","38","38","14","TRUE","","","","CNNBased_GH","dl_results_momentum.csv"
"1DCNN","gfc","KR","momentum","22","static","Recovery","0.2226076381638559","0.1458877503871917","0.008166815","0.1677818304243376","0.018476651","0.01896934","38","38","14","TRUE","","","","CNNBased_GH","dl_results_momentum.csv"
"1DCNN","gfc","JP","momentum","60","static","Full Test","0.3232049797492645","0.2057968246249052","0.016971845","0.2377276172385931","0.014555466","0.016162431","14","14","14","TRUE","","","","CNNBased_GH","dl_results_momentum.csv"
"1DCNN","gfc","JP","momentum","60","static","Lehman Crisis","0.5468838147514551","0.3718002119608092","0.023228719","0.2570740541081591","0.014555466","0.016162431","14","14","14","TRUE","","","","CNNBased_GH","dl_results_momentum.csv"
"1DCNN","gfc","JP","momentum","60","static","Pre-Lehman","0.195601645","0.1427591975630405","0.014322827","0.1816968845259553","0.014555466","0.016162431","14","14","14","TRUE","","","","CNNBased_GH","dl_results_momentum.csv"
"1DCNN","gfc","JP","momentum","60","static","Recovery","0.2333996202928825","0.1867972991683266","0.017238007","0.1880691784817616","0.014555466","0.016162431","14","14","14","TRUE","","","","CNNBased_GH","dl_results_momentum.csv"
"1DCNN","covid","US","momentum","22","static","Crash","1.2336149538469905","0.9441829125086466","0.078877813","0.3434510484955612","0.019069956","0.011582013","28","28","14","TRUE","","","","CNNBased_GH","dl_results_momentum.csv"
"1DCNN","covid","US","momentum","22","static","Full Test","0.4177167687991936","0.22046697","0.028108442","0.3643456313258885","0.019069956","0.011582013","28","28","14","TRUE","","","","CNNBased_GH","dl_results_momentum.csv"
"1DCNN","covid","US","momentum","22","static","Pre-crash","0.1089278713419858","0.087005392","0.026474193","0.2261226228485125","0.019069956","0.011582013","28","28","14","TRUE","","","","CNNBased_GH","dl_results_momentum.csv"
"1DCNN","covid","US","momentum","22","static","Recovery","0.238262399","0.1656394720387955","0.022853452","0.2382130337348051","0.019069956","0.011582013","28","28","14","TRUE","","","","CNNBased_GH","dl_results_momentum.csv"
"1DCNN","covid","KR","momentum","22","static","Crash","0.9250872898442322","0.5973071853319804","0.034845686","0.4708335486925261","0.017237329","0.013041824","2","2","14","TRUE","","","","CNNBased_GH","dl_results_momentum.csv"
"1DCNN","covid","KR","momentum","22","static","Full Test","0.3643396025826895","0.2006021664748268","0.026977176","0.3572742796905925","0.017237329","0.013041824","2","2","14","TRUE","","","","CNNBased_GH","dl_results_momentum.csv"
"1DCNN","covid","KR","momentum","22","static","Pre-crash","0.1562349687629706","0.1128503918647766","0.019207179","0.200385734","0.017237329","0.013041824","2","2","14","TRUE","","","","CNNBased_GH","dl_results_momentum.csv"
"1DCNN","covid","KR","momentum","22","static","Recovery","0.2709407381467078","0.1732089722839494","0.027532964","0.2821758108201784","0.017237329","0.013041824","2","2","14","TRUE","","","","CNNBased_GH","dl_results_momentum.csv"
"1DCNN","covid","JP","momentum","22","static","Crash","0.4493600834360867","0.3103151478265461","0.017422806","0.1963109551133328","0.020965205","0.011624993","72","72","14","TRUE","","","","CNNBased_GH","dl_results_momentum.csv"
"1DCNN","covid","JP","momentum","22","static","Full Test","0.2137281017743972","0.1348069552488687","0.019277968","0.2455569329242443","0.020965205","0.011624993","72","72","14","TRUE","","","","CNNBased_GH","dl_results_momentum.csv"
"1DCNN","covid","JP","momentum","22","static","Pre-crash","0.1134261662985998","0.093471786","0.021043471","0.2113447977041002","0.020965205","0.011624993","72","72","14","TRUE","","","","CNNBased_GH","dl_results_momentum.csv"
"1DCNN","covid","JP","momentum","22","static","Recovery","0.1885234420464998","0.124212358","0.01915424","0.2402583211741625","0.020965205","0.011624993","72","72","14","TRUE","","","","CNNBased_GH","dl_results_momentum.csv"
"1DCNN","normal","US","momentum","252","expanding","Full Test","0.1772568806868197","0.10308714332021822","0.026969344644341562","0.302962057","","","","","14","TRUE","0.022959463822216728","47","76","CNNBased_GH","dl_results_momentum.csv"
"1DCNN","normal","KR","momentum","22","expanding","Full Test","0.11297815573809343","0.082879187","0.019189532951947374","0.21252006656912725","","","","","14","TRUE","0.023663262","12","74","CNNBased_GH","dl_results_momentum.csv"
"1DCNN","normal","JP","momentum","252","expanding","Full Test","0.17348002105689192","0.10511532591222084","0.019008544157509032","0.2549148976382293","","","","","14","TRUE","0.017744693860546428","52","73","CNNBased_GH","dl_results_momentum.csv"
"1DCNN","911","US","momentum","22","expanding","Full Test","0.29782403670200785","0.20978330616597776","0.035055726917359434","0.2828340280205399","","","","","14","TRUE","0.024386649646141886","28","7","CNNBased_GH","dl_results_momentum.csv"
"1DCNN","911","US","momentum","22","expanding","Recovery","0.23372153834577603","0.17526192150332712","0.034189077425513165","0.2501956472691667","","","","","14","TRUE","0.024386649646141886","28","7","CNNBased_GH","dl_results_momentum.csv"
"1DCNN","911","US","momentum","22","expanding","Shock","0.48848962525404327","0.3616773986816406","0.038868985","0.30997228667665083","","","","","14","TRUE","0.024386649646141886","28","7","CNNBased_GH","dl_results_momentum.csv"
"1DCNN","911","KR","momentum","22","expanding","Full Test","0.41480088943623344","0.25374963572796655","0.025479754502690206","0.29392545294965555","","","","","14","TRUE","0.020217431","19","7","CNNBased_GH","dl_results_momentum.csv"
"1DCNN","911","KR","momentum","22","expanding","Recovery","0.3195155090337219","0.2395924411782431","0.021531892437154206","0.22476388859258356","","","","","14","TRUE","0.020217431","19","7","CNNBased_GH","dl_results_momentum.csv"
"1DCNN","911","KR","momentum","22","expanding","Shock","0.6741881893380485","0.31090275446573895","0.04141742","0.4922514382500272","","","","","14","TRUE","0.020217431","19","7","CNNBased_GH","dl_results_momentum.csv"
"1DCNN","911","JP","momentum","22","expanding","Full Test","0.2963585696075824","0.22429974769291125","0.0203054","0.2158534964587006","","","","","14","TRUE","0.015604772505943944","40","7","CNNBased_GH","dl_results_momentum.csv"
"1DCNN","911","JP","momentum","22","expanding","Recovery","0.23853541863901323","0.18472463006065004","0.018310648","0.1866992510605616","","","","","14","TRUE","0.015604772505943944","40","7","CNNBased_GH","dl_results_momentum.csv"
"1DCNN","911","JP","momentum","22","expanding","Shock","0.4514566547958545","0.3727064388138907","0.027785720280723663","0.26089759213974967","","","","","14","TRUE","0.015604772505943944","40","7","CNNBased_GH","dl_results_momentum.csv"
"1DCNN","gfc","US","momentum","60","expanding","Full Test","0.6686408553623482","0.34957757394753136","0.024822607269167327","0.4136538019456923","","","","","14","TRUE","0.020878827","35","25","CNNBased_GH","dl_results_momentum.csv"
"1DCNN","gfc","US","momentum","60","expanding","Lehman Crisis","1.234379831874334","0.7857622355222702","0.038942828751261684","0.43646308863922684","","","","","14","TRUE","0.020878827","35","25","CNNBased_GH","dl_results_momentum.csv"
"1DCNN","gfc","US","momentum","60","expanding","Pre-Lehman","0.2651652886099573","0.18351071641217692","0.020152618","0.23785498892727508","","","","","14","TRUE","0.020878827","35","25","CNNBased_GH","dl_results_momentum.csv"
"1DCNN","gfc","US","momentum","60","expanding","Recovery","0.4061745922352711","0.28276209011673925","0.020162361","0.2581694343128703","","","","","14","TRUE","0.020878827","35","25","CNNBased_GH","dl_results_momentum.csv"
"1DCNN","gfc","KR","momentum","22","expanding","Full Test","0.4759369705290504","0.21534499652037914","0.013692051","0.32384367245121803","","","","","14","TRUE","0.013815882084867349","32","24","CNNBased_GH","dl_results_momentum.csv"
"1DCNN","gfc","KR","momentum","22","expanding","Lehman Crisis","0.8833777191502502","0.4113781694638527","0.016454414","0.37935199648305257","","","","","14","TRUE","0.013815882084867349","32","24","CNNBased_GH","dl_results_momentum.csv"
"1DCNN","gfc","KR","momentum","22","expanding","Pre-Lehman","0.19367714782377957","0.1487126945365559","0.013759889397989802","0.16950157493656295","","","","","14","TRUE","0.013815882084867349","32","24","CNNBased_GH","dl_results_momentum.csv"
"1DCNN","gfc","KR","momentum","22","expanding","Recovery","0.2435301996128021","0.15524460449814798","0.009384368","0.1835513955930132","","","","","14","TRUE","0.013815882084867349","32","24","CNNBased_GH","dl_results_momentum.csv"
"1DCNN","gfc","JP","momentum","60","expanding","Full Test","0.3118592295926454","0.20567173045924586","0.017520400086549478","0.22938245451056247","","","","","14","TRUE","0.013878241957814808","30","24","CNNBased_GH","dl_results_momentum.csv"
"1DCNN","gfc","JP","momentum","60","expanding","Lehman Crisis","0.5004085890019823","0.3508218432727613","0.019462524055292224","0.2352274125057947","","","","","14","TRUE","0.013878241957814808","30","24","CNNBased_GH","dl_results_momentum.csv"
"1DCNN","gfc","JP","momentum","60","expanding","Pre-Lehman","0.22332626305457015","0.15689828658362157","0.017655263615001474","0.20745063938252872","","","","","14","TRUE","0.013878241957814808","30","24","CNNBased_GH","dl_results_momentum.csv"
"1DCNN","gfc","JP","momentum","60","expanding","Recovery","0.2023891056372883","0.1662318745216766","0.014159889309693958","0.16308146852638217","","","","","14","TRUE","0.013878241957814808","30","24","CNNBased_GH","dl_results_momentum.csv"
"1DCNN","covid","US","momentum","22","expanding","Crash","1.0320669357643482","0.8498891705558413","0.033497929","0.2873380142648886","","","","","14","TRUE","0.020155782498076164","54","13","CNNBased_GH","dl_results_momentum.csv"
"1DCNN","covid","US","momentum","22","expanding","Full Test","0.3472889172472354","0.19620962771436862","0.021286019509178498","0.3029162563204537","","","","","14","TRUE","0.020155782498076164","54","13","CNNBased_GH","dl_results_momentum.csv"
"1DCNN","covid","US","momentum","22","expanding","Pre-crash","0.11075517040093885","0.087165337","0.029232378076316883","0.22991590046285074","","","","","14","TRUE","0.020155782498076164","54","13","CNNBased_GH","dl_results_momentum.csv"
"1DCNN","covid","US","momentum","22","expanding","Recovery","0.19248158322043366","0.14459129329770803","0.018501786993750515","0.1924417035294709","","","","","14","TRUE","0.020155782498076164","54","13","CNNBased_GH","dl_results_momentum.csv"
"1DCNN","covid","KR","momentum","22","expanding","Crash","0.48659218872738313","0.35338179838089717","0.029548855445165237","0.24765655035986295","","","","","14","TRUE","0.019853205269956577","13","13","CNNBased_GH","dl_results_momentum.csv"
"1DCNN","covid","KR","momentum","22","expanding","Full Test","0.2899781542030719","0.181834175","0.030899149783375778","0.2843548585838864","","","","","14","TRUE","0.019853205269956577","13","13","CNNBased_GH","dl_results_momentum.csv"
"1DCNN","covid","KR","momentum","22","expanding","Pre-crash","0.18165817557715946","0.11642730746950422","0.024272172","0.23299333726863175","","","","","14","TRUE","0.019853205269956577","13","13","CNNBased_GH","dl_results_momentum.csv"
"1DCNN","covid","KR","momentum","22","expanding","Recovery","0.2769481887070075","0.1749942807170252","0.032254881","0.28843237173608177","","","","","14","TRUE","0.019853205269956577","13","13","CNNBased_GH","dl_results_momentum.csv"
"1DCNN","covid","JP","momentum","22","expanding","Crash","0.642803556","0.3797153485448737","0.023256894114526104","0.28082018115656415","","","","","14","TRUE","0.018101612987514473","59","12","CNNBased_GH","dl_results_momentum.csv"
"1DCNN","covid","JP","momentum","22","expanding","Full Test","0.25677506311560977","0.14461719157064662","0.021377168","0.2950145368186281","","","","","14","TRUE","0.018101612987514473","59","12","CNNBased_GH","dl_results_momentum.csv"
"1DCNN","covid","JP","momentum","22","expanding","Pre-crash","0.12078369909488992","0.10020897921287653","0.024048325973816367","0.22505394728727177","","","","","14","TRUE","0.018101612987514473","59","12","CNNBased_GH","dl_results_momentum.csv"
"1DCNN","covid","JP","momentum","22","expanding","Recovery","0.19892179904028942","0.12848066482492673","0.020711238","0.2535102105263699","","","","","14","TRUE","0.018101612987514473","59","12","CNNBased_GH","dl_results_momentum.csv"
"1DCNN","normal","US","extended","252","static","Full Test","0.1801141242409437","0.1163908399929219","0.035352526","0.307845571","0.030392294","0.028637798","48","48","28","TRUE","","","","CNNBased_GH","dl_results_extended.csv"
"1DCNN","normal","KR","extended","252","static","Full Test","0.1299077500766643","0.1022969312688051","0.026057778","0.2443658556273415","0.015829317","0.012592619","17","17","28","TRUE","","","","CNNBased_GH","dl_results_extended.csv"
"1DCNN","normal","JP","extended","60","static","Full Test","0.1863103521611857","0.1270792308939646","0.02721673","0.2737680342714273","0.015761","0.031987865","33","33","28","TRUE","","","","CNNBased_GH","dl_results_extended.csv"
"1DCNN","911","US","extended","22","static","Full Test","0.2854614718939752","0.1972611897521548","0.030712177","0.2710936928882907","0.018348405","0.029947679","15","15","28","TRUE","","","","CNNBased_GH","dl_results_extended.csv"
"1DCNN","911","US","extended","22","static","Recovery","0.2118042371200199","0.1630897486751729","0.02805074","0.2267334819703114","0.018348405","0.029947679","15","15","28","TRUE","","","","CNNBased_GH","dl_results_extended.csv"
"1DCNN","911","US","extended","22","static","Shock","0.4925931455683807","0.3476155304908752","0.042422501","0.3125761855303834","0.018348405","0.029947679","15","15","28","TRUE","","","","CNNBased_GH","dl_results_extended.csv"
"1DCNN","911","KR","extended","22","static","Full Test","0.447064786","0.3057890604524051","0.036117704","0.3167874588902379","0.014687331","0.034919877","31","31","28","TRUE","","","","CNNBased_GH","dl_results_extended.csv"
"1DCNN","911","KR","extended","22","static","Recovery","0.3742628030023577","0.3039841728472928","0.035829137","0.2632759931208592","0.014687331","0.034919877","31","31","28","TRUE","","","","CNNBased_GH","dl_results_extended.csv"
"1DCNN","911","KR","extended","22","static","Shock","0.6642730118112016","0.3130754585619326","0.037282661","0.4850119753296119","0.014687331","0.034919877","31","31","28","TRUE","","","","CNNBased_GH","dl_results_extended.csv"
"1DCNN","911","JP","extended","60","static","Full Test","0.2958107234935979","0.2389194203498668","0.021649768","0.2154544713878836","0.015271484","0.042189691","8","8","28","TRUE","","","","CNNBased_GH","dl_results_extended.csv"
"1DCNN","911","JP","extended","60","static","Recovery","0.2641613448586944","0.2160225868225097","0.021163295","0.2067564034123809","0.015271484","0.042189691","8","8","28","TRUE","","","","CNNBased_GH","dl_results_extended.csv"
"1DCNN","911","JP","extended","60","static","Shock","0.3923829305598674","0.3247825460774557","0.023474041","0.2267587833567317","0.015271484","0.042189691","8","8","28","TRUE","","","","CNNBased_GH","dl_results_extended.csv"
"1DCNN","gfc","US","extended","60","static","Full Test","1.2896883625412243","0.7485820123497744","0.085730896","0.7978640404813242","0.036252761","0.028079143","3","3","28","TRUE","","","","CNNBased_GH","dl_results_extended.csv"
"1DCNN","gfc","US","extended","60","static","Lehman Crisis","2.428287827360737","1.9396365294853848","0.1393551888276158","0.8586157824902017","0.036252761","0.028079143","3","3","28","TRUE","","","","CNNBased_GH","dl_results_extended.csv"
"1DCNN","gfc","US","extended","60","static","Pre-Lehman","0.4054140589901359","0.2978565097908249","0.074071884","0.3636590483526785","0.036252761","0.028079143","3","3","28","TRUE","","","","CNNBased_GH","dl_results_extended.csv"
"1DCNN","gfc","US","extended","60","static","Recovery","0.7847623210475081","0.5564417019486427","0.046538212","0.4988043279121114","0.036252761","0.028079143","3","3","28","TRUE","","","","CNNBased_GH","dl_results_extended.csv"
"1DCNN","gfc","KR","extended","22","static","Full Test","0.6755284628913644","0.4037344656711401","0.037645121","0.4596524998360318","0.03330647","0.040364528","2","2","28","TRUE","","","","CNNBased_GH","dl_results_extended.csv"
"1DCNN","gfc","KR","extended","22","static","Lehman Crisis","1.1868647060220183","0.8288018168029139","0.049667198","0.5096794791449167","0.03330647","0.040364528","2","2","28","TRUE","","","","CNNBased_GH","dl_results_extended.csv"
"1DCNN","gfc","KR","extended","22","static","Pre-Lehman","0.2884214901742852","0.2115616316145116","0.027931368","0.2524195413832366","0.03330647","0.040364528","2","2","28","TRUE","","","","CNNBased_GH","dl_results_extended.csv"
"1DCNN","gfc","KR","extended","22","static","Recovery","0.5782662685745269","0.43735424","0.053303582","0.4358456601685423","0.03330647","0.040364528","2","2","28","TRUE","","","","CNNBased_GH","dl_results_extended.csv"
"1DCNN","gfc","JP","extended","60","static","Full Test","0.3055120738878689","0.1957576321995156","0.015819441","0.2247139181436122","0.014847152","0.017204909","50","50","28","TRUE","","","","CNNBased_GH","dl_results_extended.csv"
"1DCNN","gfc","JP","extended","60","static","Lehman Crisis","0.5115697883210797","0.3519312232209925","0.020819935","0.2404739652109128","0.014847152","0.017204909","50","50","28","TRUE","","","","CNNBased_GH","dl_results_extended.csv"
"1DCNN","gfc","JP","extended","60","static","Pre-Lehman","0.1964659556592501","0.1408049221073247","0.0144464","0.1824997542203621","0.014847152","0.017204909","50","50","28","TRUE","","","","CNNBased_GH","dl_results_extended.csv"
"1DCNN","gfc","JP","extended","60","static","Recovery","0.2024494868354691","0.1622266103694965","0.013355492","0.1631301226001264","0.014847152","0.017204909","50","50","28","TRUE","","","","CNNBased_GH","dl_results_extended.csv"
"1DCNN","covid","US","extended","22","static","Crash","1.4512654899244752","1.0849431128728957","0.098384467","0.4040471887971361","0.021701803","0.011967488","19","19","28","TRUE","","","","CNNBased_GH","dl_results_extended.csv"
"1DCNN","covid","US","extended","22","static","Full Test","0.4949716781094779","0.2766100639897969","0.053732044","0.4317297796486746","0.021701803","0.011967488","19","19","28","TRUE","","","","CNNBased_GH","dl_results_extended.csv"
"1DCNN","covid","US","extended","22","static","Pre-crash","0.1184086674140652","0.096167171","0.033744524","0.2458037425481695","0.021701803","0.011967488","19","19","28","TRUE","","","","CNNBased_GH","dl_results_extended.csv"
"1DCNN","covid","US","extended","22","static","Recovery","0.2890260513331235","0.2210918723916014","0.052491744","0.2889661688788414","0.021701803","0.011967488","19","19","28","TRUE","","","","CNNBased_GH","dl_results_extended.csv"
"1DCNN","covid","KR","extended","252","static","Crash","0.8496994453998106","0.5283565805071876","0.038868057","0.4324640599775488","0.015968678","0.012223059","4","4","28","TRUE","","","","CNNBased_GH","dl_results_extended.csv"
"1DCNN","covid","KR","extended","252","static","Full Test","0.35661184","0.1991426518126841","0.027926894","0.3496963752502303","0.015968678","0.012223059","4","4","28","TRUE","","","","CNNBased_GH","dl_results_extended.csv"
"1DCNN","covid","KR","extended","252","static","Pre-crash","0.1431157391140739","0.1009773067065647","0.012599399","0.183559114","0.015968678","0.012223059","4","4","28","TRUE","","","","CNNBased_GH","dl_results_extended.csv"
"1DCNN","covid","KR","extended","252","static","Recovery","0.2855915921521399","0.1810296027300258","0.029524279","0.2974341903332376","0.015968678","0.012223059","4","4","28","TRUE","","","","CNNBased_GH","dl_results_extended.csv"
"1DCNN","covid","JP","extended","22","static","Crash","0.9215593586135816","0.6257847202451605","0.068188213","0.4025996178826019","0.020688941","0.011245947","25","25","28","TRUE","","","","CNNBased_GH","dl_results_extended.csv"
"1DCNN","covid","JP","extended","22","static","Full Test","0.3381612087120698","0.1720986132736967","0.027541637","0.3885208756167334","0.020688941","0.011245947","25","25","28","TRUE","","","","CNNBased_GH","dl_results_extended.csv"
"1DCNN","covid","JP","extended","22","static","Pre-crash","0.1130963339687338","0.097324295","0.021782305","0.2107302274571583","0.020688941","0.011245947","25","25","28","TRUE","","","","CNNBased_GH","dl_results_extended.csv"
"1DCNN","covid","JP","extended","22","static","Recovery","0.2393737078065792","0.1390207448313313","0.024411384","0.3050629913528624","0.020688941","0.011245947","25","25","28","TRUE","","","","CNNBased_GH","dl_results_extended.csv"
"1DCNN","normal","US","extended","252","expanding","Full Test","0.17899256372707836","0.10873407861602291","0.030232367368270337","0.30592863369992884","","","","","28","TRUE","0.028883679160033003","31","76","CNNBased_GH","dl_results_extended.csv"
"1DCNN","normal","KR","extended","252","expanding","Full Test","0.11928385554986531","0.088858587","0.020884327303945845","0.22438154310862124","","","","","28","TRUE","0.017149252068609164","40","74","CNNBased_GH","dl_results_extended.csv"
"1DCNN","normal","JP","extended","60","expanding","Full Test","0.18061300907011074","0.11387680228034111","0.022620874606664867","0.26539624816013224","","","","","28","TRUE","0.017360856","44","73","CNNBased_GH","dl_results_extended.csv"
"1DCNN","911","US","extended","22","expanding","Full Test","0.2969184867243756","0.19259889368657712","0.030561037888686825","0.2819740559693119","","","","","28","TRUE","0.031311924","13","7","CNNBased_GH","dl_results_extended.csv"
"1DCNN","911","US","extended","22","expanding","Recovery","0.20872448773241678","0.15178329700773413","0.026521817578245312","0.2234366532017183","","","","","28","TRUE","0.031311924","13","7","CNNBased_GH","dl_results_extended.csv"
"1DCNN","911","US","extended","22","expanding","Shock","0.5332702523755101","0.37218751907348635","0.048333607","0.33838794316154897","","","","","28","TRUE","0.031311924","13","7","CNNBased_GH","dl_results_extended.csv"
"1DCNN","911","KR","extended","22","expanding","Full Test","0.49841907682850467","0.3287844732403755","0.046837031","0.35317680517676003","","","","","28","TRUE","0.020676769609580127","18","7","CNNBased_GH","dl_results_extended.csv"
"1DCNN","911","KR","extended","22","expanding","Recovery","0.4009288487959947","0.3088875779318153","0.03977006","0.28203428176885464","","","","","28","TRUE","0.020676769609580127","18","7","CNNBased_GH","dl_results_extended.csv"
"1DCNN","911","KR","extended","22","expanding","Shock","0.7761310671117974","0.4091089765230815","0.075366653","0.5666839616864661","","","","","28","TRUE","0.020676769609580127","18","7","CNNBased_GH","dl_results_extended.csv"
"1DCNN","911","JP","extended","60","expanding","Full Test","0.2683389178363479","0.20607632891576094","0.018441136","0.19544531385617042","","","","","28","TRUE","0.015706383","19","7","CNNBased_GH","dl_results_extended.csv"
"1DCNN","911","JP","extended","60","expanding","Recovery","0.24635605285965848","0.19269099349067326","0.018757278360758953","0.19282038208648575","","","","","28","TRUE","0.015706383","19","7","CNNBased_GH","dl_results_extended.csv"
"1DCNN","911","JP","extended","60","expanding","Shock","0.3382824818022654","0.25627133675983976","0.017255602","0.19549403919005015","","","","","28","TRUE","0.015706383","19","7","CNNBased_GH","dl_results_extended.csv"
"1DCNN","gfc","US","extended","60","expanding","Full Test","0.44305466186826437","0.28964699024245855","0.026986918754611847","0.27409519457534914","","","","","28","TRUE","0.020915511098422837","43","25","CNNBased_GH","dl_results_extended.csv"
"1DCNN","gfc","US","extended","60","expanding","Lehman Crisis","0.6816051384355368","0.48375928203264873","0.02615363","0.24100805624976276","","","","","28","TRUE","0.020915511098422837","43","25","CNNBased_GH","dl_results_extended.csv"
"1DCNN","gfc","US","extended","60","expanding","Pre-Lehman","0.34330492780721583","0.23437767346840443","0.031310639","0.30794675362798585","","","","","28","TRUE","0.020915511098422837","43","25","CNNBased_GH","dl_results_extended.csv"
"1DCNN","gfc","US","extended","60","expanding","Recovery","0.26710253594098016","0.19399376064538956","0.012941690752979382","0.1697735700993162","","","","","28","TRUE","0.020915511098422837","43","25","CNNBased_GH","dl_results_extended.csv"
"1DCNN","gfc","KR","extended","22","expanding","Full Test","0.42561728629056006","0.24117079024335042","0.019754819732007465","0.2896044509798032","","","","","28","TRUE","0.019416121441502975","13","24","CNNBased_GH","dl_results_extended.csv"
"1DCNN","gfc","KR","extended","22","expanding","Lehman Crisis","0.7006120772119544","0.4042002205121315","0.018987662","0.30086630496652617","","","","","28","TRUE","0.019416121441502975","13","24","CNNBased_GH","dl_results_extended.csv"
"1DCNN","gfc","KR","extended","22","expanding","Pre-Lehman","0.2644774330531485","0.1869522587819533","0.021406409557743332","0.2314642792988505","","","","","28","TRUE","0.019416121441502975","13","24","CNNBased_GH","dl_results_extended.csv"
"1DCNN","gfc","KR","extended","22","expanding","Recovery","0.32647817423113057","0.18707858249545098","0.015209037110838833","0.24607019830009094","","","","","28","TRUE","0.019416121441502975","13","24","CNNBased_GH","dl_results_extended.csv"
"1DCNN","gfc","JP","extended","60","expanding","Full Test","0.356151977","0.2068605247216347","0.016076133","0.26196118958962405","","","","","28","TRUE","0.014360161053103167","31","24","CNNBased_GH","dl_results_extended.csv"
"1DCNN","gfc","JP","extended","60","expanding","Lehman Crisis","0.6280965308829817","0.3827590701872842","0.020540745254818867","0.295249772","","","","","28","TRUE","0.014360161053103167","31","24","CNNBased_GH","dl_results_extended.csv"
"1DCNN","gfc","JP","extended","60","expanding","Pre-Lehman","0.19274444510399003","0.14267799075329776","0.014100557014143032","0.17904279517936966","","","","","28","TRUE","0.014360161053103167","31","24","CNNBased_GH","dl_results_extended.csv"
"1DCNN","gfc","JP","extended","60","expanding","Recovery","0.2307197867764441","0.1773297159702747","0.016573127344890044","0.1859098172656978","","","","","28","TRUE","0.014360161053103167","31","24","CNNBased_GH","dl_results_extended.csv"
"1DCNN","covid","US","extended","22","expanding","Crash","1.2245744203844007","0.9822267577761695","0.044882354","0.3409340713083093","","","","","28","TRUE","0.021594961","39","13","CNNBased_GH","dl_results_extended.csv"
"1DCNN","covid","US","extended","22","expanding","Full Test","0.4031302006172488","0.22113816229806793","0.025318131107651274","0.35162277031074063","","","","","28","TRUE","0.021594961","39","13","CNNBased_GH","dl_results_extended.csv"
"1DCNN","covid","US","extended","22","expanding","Pre-crash","0.12035694727621778","0.092347579","0.034403254734635444","0.2498481633841348","","","","","28","TRUE","0.021594961","39","13","CNNBased_GH","dl_results_extended.csv"
"1DCNN","covid","US","extended","22","expanding","Recovery","0.2079816973662315","0.16137154726311564","0.021522152","0.20793860625237998","","","","","28","TRUE","0.021594961","39","13","CNNBased_GH","dl_results_extended.csv"
"1DCNN","covid","KR","extended","252","expanding","Crash","0.38434596114273645","0.26693848485038396","0.013291508","0.1956171863964807","","","","","28","TRUE","0.022809144471652266","32","13","CNNBased_GH","dl_results_extended.csv"
"1DCNN","covid","KR","extended","252","expanding","Full Test","0.264293353","0.18043639066238557","0.029421753","0.25916814008342376","","","","","28","TRUE","0.022809144471652266","32","13","CNNBased_GH","dl_results_extended.csv"
"1DCNN","covid","KR","extended","252","expanding","Pre-crash","0.17266107392668273","0.13047974279948643","0.022142012978814556","0.22145372594847237","","","","","28","TRUE","0.022809144471652266","32","13","CNNBased_GH","dl_results_extended.csv"
"1DCNN","covid","KR","extended","252","expanding","Recovery","0.2619783437485003","0.18008190471058091","0.032513034941316694","0.27284177370378493","","","","","28","TRUE","0.022809144471652266","32","13","CNNBased_GH","dl_results_extended.csv"
"1DCNN","covid","JP","extended","22","expanding","Crash","0.6306935749413298","0.3690794235781619","0.018971041671233178","0.2755297202498069","","","","","28","TRUE","0.019357217906052406","41","12","CNNBased_GH","dl_results_extended.csv"
"1DCNN","covid","JP","extended","22","expanding","Full Test","0.2610419698718763","0.15352482774427959","0.022291970828086743","0.29991688015787005","","","","","28","TRUE","0.019357217906052406","41","12","CNNBased_GH","dl_results_extended.csv"
"1DCNN","covid","JP","extended","22","expanding","Pre-crash","0.10647818915577265","0.089283394","0.019471456","0.19839876530591571","","","","","28","TRUE","0.019357217906052406","41","12","CNNBased_GH","dl_results_extended.csv"
"1DCNN","covid","JP","extended","22","expanding","Recovery","0.21106690458144983","0.14290348368306313","0.023131619385313558","0.26898819372106725","","","","","28","TRUE","0.019357217906052406","41","12","CNNBased_GH","dl_results_extended.csv"
"TCN","normal","US","core","252","static","Full Test","0.164659109","0.103826728","0.022292825","0.28143033","0.026614098","0.028448158","27","27","10","TRUE","","","","CNNBased_GH","dl_results_core.csv"
"TCN","normal","KR","core","22","static","Full Test","0.097070817","0.072355885","0.013846021","0.182597214","0.013907605","0.011545299","18","18","10","TRUE","","","","CNNBased_GH","dl_results_core.csv"
"TCN","normal","JP","core","60","static","Full Test","0.181955339","0.123683945","0.024458177","0.267368694","0.014647236","0.033244229","21","21","10","TRUE","","","","CNNBased_GH","dl_results_core.csv"
"TCN","911","US","core","22","static","Full Test","0.271614672","0.197402581","0.028548944","0.257943827","0.014948044","0.026542878","18","18","10","TRUE","","","","CNNBased_GH","dl_results_core.csv"
"TCN","911","US","core","22","static","Recovery","0.216151588","0.166384311","0.027922473","0.231387261","0.014948044","0.026542878","18","18","10","TRUE","","","","CNNBased_GH","dl_results_core.csv"
"TCN","911","US","core","22","static","Shock","0.439098877","0.333882971","0.031305421","0.278631266","0.014948044","0.026542878","18","18","10","TRUE","","","","CNNBased_GH","dl_results_core.csv"
"TCN","911","KR","core","22","static","Full Test","0.462197704","0.265609882","0.030136607","0.327510555","0.012416391","0.032985706","17","17","10","TRUE","","","","CNNBased_GH","dl_results_core.csv"
"TCN","911","KR","core","22","static","Recovery","0.236248255","0.189179262","0.013048632","0.166189356","0.012416391","0.032985706","17","17","10","TRUE","","","","CNNBased_GH","dl_results_core.csv"
"TCN","911","KR","core","22","static","Shock","0.922347862","0.574163128","0.099121391","0.673442622","0.012416391","0.032985706","17","17","10","TRUE","","","","CNNBased_GH","dl_results_core.csv"
"TCN","911","JP","core","22","static","Full Test","0.252724465","0.203020556","0.016455479","0.184072489","0.014956555","0.040312912","15","15","10","TRUE","","","","CNNBased_GH","dl_results_core.csv"
"TCN","911","JP","core","22","static","Recovery","0.230448192","0.190025771","0.01642106","0.18036946","0.014956555","0.040312912","15","15","10","TRUE","","","","CNNBased_GH","dl_results_core.csv"
"TCN","911","JP","core","22","static","Shock","0.322849777","0.251750997","0.016584551","0.186575452","0.014956555","0.040312912","15","15","10","TRUE","","","","CNNBased_GH","dl_results_core.csv"
"TCN","gfc","US","core","252","static","Full Test","0.558843871","0.304423885","0.024268798","0.345728039","0.017130244","0.012901872","21","21","10","TRUE","","","","CNNBased_GH","dl_results_core.csv"
"TCN","gfc","US","core","252","static","Lehman Crisis","1.014569433","0.660624209","0.039566574","0.358740557","0.017130244","0.012901872","21","21","10","TRUE","","","","CNNBased_GH","dl_results_core.csv"
"TCN","gfc","US","core","252","static","Pre-Lehman","0.250789484","0.170797792","0.018719426","0.224959799","0.017130244","0.012901872","21","21","10","TRUE","","","","CNNBased_GH","dl_results_core.csv"
"TCN","gfc","US","core","252","static","Recovery","0.345009084","0.242825704","0.020953035","0.219291905","0.017130244","0.012901872","21","21","10","TRUE","","","","CNNBased_GH","dl_results_core.csv"
"TCN","gfc","KR","core","22","static","Full Test","0.589551016","0.24279189","0.014518879","0.401150526","0.01556511","0.017710696","17","17","10","TRUE","","","","CNNBased_GH","dl_results_core.csv"
"TCN","gfc","KR","core","22","static","Lehman Crisis","1.137054951","0.555218123","0.022784461","0.488289501","0.01556511","0.017710696","17","17","10","TRUE","","","","CNNBased_GH","dl_results_core.csv"
"TCN","gfc","KR","core","22","static","Pre-Lehman","0.175139897","0.135290673","0.012370408","0.15327822","0.01556511","0.017710696","17","17","10","TRUE","","","","CNNBased_GH","dl_results_core.csv"
"TCN","gfc","KR","core","22","static","Recovery","0.206275492","0.151498632","0.009712514","0.155472112","0.01556511","0.017710696","17","17","10","TRUE","","","","CNNBased_GH","dl_results_core.csv"
"TCN","gfc","JP","core","252","static","Full Test","0.361409093","0.20998324","0.016885172","0.265827967","0.012093517","0.014316144","21","21","10","TRUE","","","","CNNBased_GH","dl_results_core.csv"
"TCN","gfc","JP","core","252","static","Lehman Crisis","0.641675833","0.404074493","0.021375751","0.301633004","0.012093517","0.014316144","21","21","10","TRUE","","","","CNNBased_GH","dl_results_core.csv"
"TCN","gfc","JP","core","252","static","Pre-Lehman","0.205731595","0.149599248","0.016696448","0.191106726","0.012093517","0.014316144","21","21","10","TRUE","","","","CNNBased_GH","dl_results_core.csv"
"TCN","gfc","JP","core","252","static","Recovery","0.178926057","0.139852885","0.010915698","0.14417537","0.012093517","0.014316144","21","21","10","TRUE","","","","CNNBased_GH","dl_results_core.csv"
"TCN","covid","US","core","22","static","Crash","1.489314416","1.097616528","0.079310784","0.4146404","0.017088718","0.011580865","7","7","10","TRUE","","","","CNNBased_GH","dl_results_core.csv"
"TCN","covid","US","core","22","static","Full Test","0.479083717","0.225016353","0.026131083","0.417871803","0.017088718","0.011580865","7","7","10","TRUE","","","","CNNBased_GH","dl_results_core.csv"
"TCN","covid","US","core","22","static","Pre-crash","0.102047409","0.084172109","0.025195776","0.211839518","0.017088718","0.011580865","7","7","10","TRUE","","","","CNNBased_GH","dl_results_core.csv"
"TCN","covid","US","core","22","static","Recovery","0.2279617","0.155250441","0.020485052","0.22791447","0.017088718","0.011580865","7","7","10","TRUE","","","","CNNBased_GH","dl_results_core.csv"
"TCN","covid","KR","core","252","static","Crash","0.689551497","0.468519625","0.043153126","0.350954966","0.013592097","0.01101622","3","3","10","TRUE","","","","CNNBased_GH","dl_results_core.csv"
"TCN","covid","KR","core","252","static","Full Test","0.308524591","0.181991243","0.027948221","0.30254164","0.013592097","0.01101622","3","3","10","TRUE","","","","CNNBased_GH","dl_results_core.csv"
"TCN","covid","KR","core","252","static","Pre-crash","0.157505153","0.100227094","0.016335746","0.202014862","0.013592097","0.01101622","3","3","10","TRUE","","","","CNNBased_GH","dl_results_core.csv"
"TCN","covid","KR","core","252","static","Recovery","0.257725415","0.165557124","0.028402042","0.268412489","0.013592097","0.01101622","3","3","10","TRUE","","","","CNNBased_GH","dl_results_core.csv"
"TCN","covid","JP","core","252","static","Crash","0.498029223","0.328505993","0.01987922","0.217572936","0.017300362","0.010657069","30","30","10","TRUE","","","","CNNBased_GH","dl_results_core.csv"
"TCN","covid","JP","core","252","static","Full Test","0.21682883","0.133297585","0.018124197","0.249119428","0.017300362","0.010657069","30","30","10","TRUE","","","","CNNBased_GH","dl_results_core.csv"
"TCN","covid","JP","core","252","static","Pre-crash","0.113993457","0.086454509","0.01804443","0.212401819","0.017300362","0.010657069","30","30","10","TRUE","","","","CNNBased_GH","dl_results_core.csv"
"TCN","covid","JP","core","252","static","Recovery","0.180323197","0.121667809","0.017959073","0.229807753","0.017300362","0.010657069","30","30","10","TRUE","","","","CNNBased_GH","dl_results_core.csv"
"TCN","normal","US","core","60","expanding","Full Test","0.15696210081139855","0.093286331","0.018729884327882432","0.2682748380380744","","","","","10","TRUE","0.016902028","44","76","CNNBased_GH","dl_results_core.csv"
"TCN","normal","KR","core","252","expanding","Full Test","0.10077155554737773","0.074884036","0.015213071948452492","0.1895585704448022","","","","","10","TRUE","0.014710481084510549","20","74","CNNBased_GH","dl_results_core.csv"
"TCN","normal","JP","core","22","expanding","Full Test","0.16651142512324965","0.1030245524767327","0.017151841","0.2446751080170138","","","","","10","TRUE","0.015668444313093315","28","73","CNNBased_GH","dl_results_core.csv"
"TCN","911","US","core","22","expanding","Full Test","0.28683839235676306","0.19993552918787355","0.029196320148744567","0.272401311","","","","","10","TRUE","0.021848607350537765","21","7","CNNBased_GH","dl_results_core.csv"
"TCN","911","US","core","22","expanding","Recovery","0.21036078848759093","0.1643635232340206","0.027241180636248755","0.22518829033993595","","","","","10","TRUE","0.021848607350537765","21","7","CNNBased_GH","dl_results_core.csv"
"TCN","911","US","core","22","expanding","Shock","0.4995843393414714","0.35645235538482667","0.037798934","0.31701246464136246","","","","","10","TRUE","0.021848607350537765","21","7","CNNBased_GH","dl_results_core.csv"
"TCN","911","KR","core","60","expanding","Full Test","0.39306836751999796","0.24107650974217584","0.020397208","0.2785259166645488","","","","","10","TRUE","0.011206172602197728","42","7","CNNBased_GH","dl_results_core.csv"
"TCN","911","KR","core","60","expanding","Recovery","0.23780269705512563","0.19107161421294605","0.013338127212357453","0.1672828310261242","","","","","10","TRUE","0.011206172602197728","42","7","CNNBased_GH","dl_results_core.csv"
"TCN","911","KR","core","60","expanding","Shock","0.7415801316030897","0.44294812502684416","0.048894978","0.5414569583571074","","","","","10","TRUE","0.011206172602197728","42","7","CNNBased_GH","dl_results_core.csv"
"TCN","911","JP","core","22","expanding","Full Test","0.2629581709072146","0.20067667378518814","0.017730064416014057","0.19152623353481932","","","","","10","TRUE","0.014561565568080229","22","7","CNNBased_GH","dl_results_core.csv"
"TCN","911","JP","core","22","expanding","Recovery","0.22163843816310416","0.1787189835593814","0.015378753136660312","0.17347415594455604","","","","","10","TRUE","0.014561565568080229","22","7","CNNBased_GH","dl_results_core.csv"
"TCN","911","JP","core","22","expanding","Shock","0.379782515","0.2830180121319635","0.026547481713590608","0.21947698100796564","","","","","10","TRUE","0.014561565568080229","22","7","CNNBased_GH","dl_results_core.csv"
"TCN","gfc","US","core","252","expanding","Full Test","0.6286846592875485","0.32914385637634785","0.023697675","0.3889349528279972","","","","","10","TRUE","0.023362846","26","25","CNNBased_GH","dl_results_core.csv"
"TCN","gfc","US","core","252","expanding","Lehman Crisis","1.174852429468444","0.7717140903075536","0.040637108","0.41541485596250405","","","","","10","TRUE","0.023362846","26","25","CNNBased_GH","dl_results_core.csv"
"TCN","gfc","US","core","252","expanding","Pre-Lehman","0.25129256173270065","0.1736505452819932","0.018751906610708392","0.2254110626687569","","","","","10","TRUE","0.023362846","26","25","CNNBased_GH","dl_results_core.csv"
"TCN","gfc","US","core","252","expanding","Recovery","0.3041132103478177","0.21534609347581862","0.015784182","0.19329799791388627","","","","","10","TRUE","0.023362846","26","25","CNNBased_GH","dl_results_core.csv"
"TCN","gfc","KR","core","60","expanding","Full Test","0.5097055248058431","0.22884636544021944","0.013650224426907736","0.34682094319824297","","","","","10","TRUE","0.013202698887826467","35","24","CNNBased_GH","dl_results_core.csv"
"TCN","gfc","KR","core","60","expanding","Lehman Crisis","0.9724416662686739","0.5027173515093528","0.022659143","0.4175990400993841","","","","","10","TRUE","0.013202698887826467","35","24","CNNBased_GH","dl_results_core.csv"
"TCN","gfc","KR","core","60","expanding","Pre-Lehman","0.17376982722410134","0.13613074226812882","0.011422901","0.152079167","","","","","10","TRUE","0.013202698887826467","35","24","CNNBased_GH","dl_results_core.csv"
"TCN","gfc","KR","core","60","expanding","Recovery","0.19350490151276847","0.1435966156423092","0.008018493","0.14584677704542925","","","","","10","TRUE","0.013202698887826467","35","24","CNNBased_GH","dl_results_core.csv"
"TCN","gfc","JP","core","60","expanding","Full Test","0.3611145910486943","0.20353497908665583","0.015574292542979774","0.2656113508730381","","","","","10","TRUE","0.015587745290539648","43","24","CNNBased_GH","dl_results_core.csv"
"TCN","gfc","JP","core","60","expanding","Lehman Crisis","0.6469804668297874","0.3920721213022868","0.020566161131735764","0.3041265567757055","","","","","10","TRUE","0.015587745290539648","43","24","CNNBased_GH","dl_results_core.csv"
"TCN","gfc","JP","core","60","expanding","Pre-Lehman","0.20039413928512118","0.14708379502761235","0.015286660718359902","0.1861486945359926","","","","","10","TRUE","0.015587745290539648","43","24","CNNBased_GH","dl_results_core.csv"
"TCN","gfc","JP","core","60","expanding","Recovery","0.1685189784840983","0.12747970339539763","0.009218461","0.13578953471440802","","","","","10","TRUE","0.015587745290539648","43","24","CNNBased_GH","dl_results_core.csv"
"TCN","covid","US","core","252","expanding","Crash","0.9170804090912582","0.7209038507370722","0.032075383","0.2553245865534457","","","","","10","TRUE","0.018642171200757618","32","13","CNNBased_GH","dl_results_core.csv"
"TCN","covid","US","core","252","expanding","Full Test","0.34009827081055877","0.18656890755218844","0.018994744","0.29664434958531466","","","","","10","TRUE","0.018642171200757618","32","13","CNNBased_GH","dl_results_core.csv"
"TCN","covid","US","core","252","expanding","Pre-crash","0.094615623","0.076507241","0.023803971096670373","0.19641192428006363","","","","","10","TRUE","0.018642171200757618","32","13","CNNBased_GH","dl_results_core.csv"
"TCN","covid","US","core","252","expanding","Recovery","0.2361836845793363","0.14818934785823026","0.016687367","0.23613475037901502","","","","","10","TRUE","0.018642171200757618","32","13","CNNBased_GH","dl_results_core.csv"
"TCN","covid","KR","core","22","expanding","Crash","0.6885169258886112","0.42799533832640874","0.027047286926992514","0.35042840941592585","","","","","10","TRUE","0.016340228025818776","19","13","CNNBased_GH","dl_results_core.csv"
"TCN","covid","KR","core","22","expanding","Full Test","0.3107115781871591","0.18358682240209273","0.026963955171436998","0.30468621720349526","","","","","10","TRUE","0.016340228025818776","19","13","CNNBased_GH","dl_results_core.csv"
"TCN","covid","KR","core","22","expanding","Pre-crash","0.1538321538010288","0.1034581857068198","0.016004724790686917","0.19730390211972196","","","","","10","TRUE","0.016340228025818776","19","13","CNNBased_GH","dl_results_core.csv"
"TCN","covid","KR","core","22","expanding","Recovery","0.2617938868941206","0.1714614237037798","0.028952617132164012","0.27264966799534857","","","","","10","TRUE","0.016340228025818776","19","13","CNNBased_GH","dl_results_core.csv"
"TCN","covid","JP","core","60","expanding","Crash","0.5563267574532642","0.34707146569302205","0.021316101329531722","0.24304125162974638","","","","","10","TRUE","0.016752539953475348","28","12","CNNBased_GH","dl_results_core.csv"
"TCN","covid","JP","core","60","expanding","Full Test","0.23902950996739186","0.13981629588774272","0.018655047645981488","0.27462627917752386","","","","","10","TRUE","0.016752539953475348","28","12","CNNBased_GH","dl_results_core.csv"
"TCN","covid","JP","core","60","expanding","Pre-crash","0.12191555909602544","0.09803782","0.022465567101199034","0.22716292029390245","","","","","10","TRUE","0.016752539953475348","28","12","CNNBased_GH","dl_results_core.csv"
"TCN","covid","JP","core","60","expanding","Recovery","0.19711867095872135","0.1260573790278486","0.01770716","0.25121226539531993","","","","","10","TRUE","0.016752539953475348","28","12","CNNBased_GH","dl_results_core.csv"
"TCN","normal","US","momentum","60","static","Full Test","0.1654062026455932","0.097766326","0.01967928","0.2827072394918976","0.026676497","0.028554732","26","26","14","TRUE","0.016904717465832664","27","76","CNNBased_GH","dl_results_momentum.csv"
"TCN","normal","KR","momentum","60","static","Full Test","0.10979576741966418","0.084629526","0.017831372","0.20653376441307816","0.013464405957590022","0.010642545839741092","30","30","14","TRUE","0.014136107758367449","46","74","CNNBased_GH","dl_results_momentum.csv"
"TCN","normal","JP","momentum","252","static","Full Test","0.1781763682338557","0.11186460002440296","0.020432349785976786","0.2618158009964131","0.015259044540853726","0.031511335","25","25","14","TRUE","0.015080701230929089","29","73","CNNBased_GH","dl_results_momentum.csv"
"TCN","911","US","momentum","60","static","Full Test","0.33961873422095323","0.21956502706916245","0.036422229","0.3225251247502879","0.020280910239433722","0.036436561","26","26","14","TRUE","0.026482326","33","7","CNNBased_GH","dl_results_momentum.csv"
"TCN","911","US","momentum","60","static","Recovery","0.23034046225184962","0.1642528780482032","0.034249376571160964","0.2465762524638205","0.020280910239433722","0.036436561","26","26","14","TRUE","0.026482326","33","7","CNNBased_GH","dl_results_momentum.csv"
"TCN","911","US","momentum","60","static","Shock","0.6240121564529076","0.46293848276138305","0.045982782","0.39596844037197854","0.020280910239433722","0.036436561","26","26","14","TRUE","0.026482326","33","7","CNNBased_GH","dl_results_momentum.csv"
"TCN","911","KR","momentum","60","static","Full Test","0.7339055226683641","0.44135095485869574","0.047835394872657346","0.5200411056633326","0.023500238","0.056615475565195084","3","3","14","TRUE","0.019802600595462967","14","7","CNNBased_GH","dl_results_momentum.csv"
"TCN","911","KR","momentum","60","static","Recovery","0.3866556187489981","0.31189956796278645","0.032084717676255016","0.27199374665416987","0.023500238","0.056615475565195084","3","3","14","TRUE","0.019802600595462967","14","7","CNNBased_GH","dl_results_momentum.csv"
"TCN","911","KR","momentum","60","static","Shock","1.452407645371622","0.9639509982532926","0.11142146207294822","1.0604602152130396","0.023500238","0.056615475565195084","3","3","14","TRUE","0.019802600595462967","14","7","CNNBased_GH","dl_results_momentum.csv"
"TCN","911","JP","momentum","22","static","Full Test","0.31366021459728227","0.2458008711499379","0.028029073853404966","0.22845519233832037","0.025267620662647063","0.060584515","5","5","14","TRUE","0.013355760651838244","22","7","CNNBased_GH","dl_results_momentum.csv"
"TCN","911","JP","momentum","22","static","Recovery","0.2845305543545954","0.23096169460387456","0.02834077","0.22269917693959249","0.025267620662647063","0.060584515","5","5","14","TRUE","0.013355760651838244","22","7","CNNBased_GH","dl_results_momentum.csv"
"TCN","911","JP","momentum","22","static","Shock","0.40463172415884846","0.30144778319767546","0.026860214","0.23383738264781098","0.025267620662647063","0.060584515","5","5","14","TRUE","0.013355760651838244","22","7","CNNBased_GH","dl_results_momentum.csv"
"TCN","gfc","US","momentum","60","static","Full Test","0.6383575406990376","0.3393343460609207","0.028480583","0.39491906842539665","0.017877644","0.013151091167265438","39","39","14","TRUE","0.025634781384450158","21","25","CNNBased_GH","dl_results_momentum.csv"
"TCN","gfc","US","momentum","60","static","Lehman Crisis","1.1782222399621927","0.773368224","0.046013874","0.4166063837712476","0.017877644","0.013151091167265438","39","39","14","TRUE","0.025634781384450158","21","25","CNNBased_GH","dl_results_momentum.csv"
"TCN","gfc","US","momentum","60","static","Pre-Lehman","0.2678731221001984","0.18121610882004244","0.022859123","0.2402839331839481","0.017877644","0.013151091167265438","39","39","14","TRUE","0.025634781384450158","21","25","CNNBased_GH","dl_results_momentum.csv"
"TCN","gfc","US","momentum","60","static","Recovery","0.35232798334372983","0.24762679412961006","0.022066562865609436","0.2239438849482678","0.017877644","0.013151091167265438","39","39","14","TRUE","0.025634781384450158","21","25","CNNBased_GH","dl_results_momentum.csv"
"TCN","gfc","KR","momentum","22","static","Full Test","0.6365465214801407","0.2814733477399919","0.018026835702012477","0.4331278634921562","0.012523677096946626","0.014363020778663697","5","5","14","TRUE","0.014774560488021206","35","24","CNNBased_GH","dl_results_momentum.csv"
"TCN","gfc","KR","momentum","22","static","Lehman Crisis","1.2201873052237409","0.6545047133655871","0.029202095","0.5239893199538265","0.012523677096946626","0.014363020778663697","5","5","14","TRUE","0.014774560488021206","35","24","CNNBased_GH","dl_results_momentum.csv"
"TCN","gfc","KR","momentum","22","static","Pre-Lehman","0.20199844075198467","0.1519540239464153","0.015106572","0.17678417008363004","0.012523677096946626","0.014363020778663697","5","5","14","TRUE","0.014774560488021206","35","24","CNNBased_GH","dl_results_momentum.csv"
"TCN","gfc","KR","momentum","22","static","Recovery","0.24365722280357952","0.17647475898265838","0.011581735835462525","0.18364713437192828","0.012523677096946626","0.014363020778663697","5","5","14","TRUE","0.014774560488021206","35","24","CNNBased_GH","dl_results_momentum.csv"
"TCN","gfc","JP","momentum","22","static","Full Test","0.4154751453073369","0.2389454912298765","0.021873290353302093","0.3055952800987009","0.013109912237031526","0.014765326717966482","8","8","14","TRUE","0.017267017104160155","36","24","CNNBased_GH","dl_results_momentum.csv"
"TCN","gfc","JP","momentum","22","static","Lehman Crisis","0.7405319472407764","0.45810367454562273","0.028553262","0.34810236605798045","0.013109912237031526","0.014765326717966482","8","8","14","TRUE","0.017267017104160155","36","24","CNNBased_GH","dl_results_momentum.csv"
"TCN","gfc","JP","momentum","22","static","Pre-Lehman","0.22389702412479087","0.16310085899563043","0.020043383098955342","0.20798082668487483","0.013109912237031526","0.014765326717966482","8","8","14","TRUE","0.017267017104160155","36","24","CNNBased_GH","dl_results_momentum.csv"
"TCN","gfc","JP","momentum","22","static","Recovery","0.2386055991654306","0.1873212085141764","0.018566375460364652","0.19226406178330643","0.013109912237031526","0.014765326717966482","8","8","14","TRUE","0.017267017104160155","36","24","CNNBased_GH","dl_results_momentum.csv"
"TCN","covid","US","momentum","22","static","Crash","1.1908023845988829","0.8739546991529918","0.060317676947022815","0.3315315903605918","0.016343607","0.011025259998742955","15","15","14","TRUE","0.020557885274295834","26","13","CNNBased_GH","dl_results_momentum.csv"
"TCN","covid","US","momentum","22","static","Full Test","0.3975471984069209","0.20197185381285607","0.022504391108383797","0.34675310115462016","0.016343607","0.011025259998742955","15","15","14","TRUE","0.020557885274295834","26","13","CNNBased_GH","dl_results_momentum.csv"
"TCN","covid","US","momentum","22","static","Pre-crash","0.10139767607571382","0.084980226","0.030869870843432307","0.21049074201587414","0.016343607","0.011025259998742955","15","15","14","TRUE","0.020557885274295834","26","13","CNNBased_GH","dl_results_momentum.csv"
"TCN","covid","US","momentum","22","static","Recovery","0.21718832293497575","0.14980032900348306","0.016843605726414437","0.21714332432755343","0.016343607","0.011025259998742955","15","15","14","TRUE","0.020557885274295834","26","13","CNNBased_GH","dl_results_momentum.csv"
"TCN","covid","KR","momentum","22","static","Crash","0.6819835169836094","0.36907412324632916","0.022617416","0.3471031576979832","0.013626945497647803","0.010519684452031339","6","6","14","TRUE","0.015042167858652747","15","13","CNNBased_GH","dl_results_momentum.csv"
"TCN","covid","KR","momentum","22","static","Full Test","0.30447345815883975","0.16781377347726975","0.023023628250710568","0.2985690676431879","0.013626945497647803","0.010519684452031339","6","6","14","TRUE","0.015042167858652747","15","13","CNNBased_GH","dl_results_momentum.csv"
"TCN","covid","KR","momentum","22","static","Pre-crash","0.15360923139761493","0.11028787408556256","0.015897303118827307","0.19701798361064124","0.013626945497647803","0.010519684452031339","6","6","14","TRUE","0.015042167858652747","15","13","CNNBased_GH","dl_results_momentum.csv"
"TCN","covid","KR","momentum","22","static","Recovery","0.254108212","0.15628741479789218","0.024367127393217513","0.2646452916453316","0.013626945497647803","0.010519684452031339","6","6","14","TRUE","0.015042167858652747","15","13","CNNBased_GH","dl_results_momentum.csv"
"TCN","covid","JP","momentum","60","static","Crash","0.3719421839034304","0.28401899651477214","0.017174256","0.16248956696530117","0.019922512942964314","0.012122745","18","18","14","TRUE","0.017717591","32","12","CNNBased_GH","dl_results_momentum.csv"
"TCN","covid","JP","momentum","60","static","Full Test","0.19546226871152644","0.13334462052884222","0.018467325075145424","0.2245709142070646","0.019922512942964314","0.012122745","18","18","14","TRUE","0.017717591","32","12","CNNBased_GH","dl_results_momentum.csv"
"TCN","covid","JP","momentum","60","static","Pre-crash","0.11488501896279081","0.092559399","0.019132785610004224","0.21406304986103064","0.019922512942964314","0.012122745","18","18","14","TRUE","0.017717591","32","12","CNNBased_GH","dl_results_momentum.csv"
"TCN","covid","JP","momentum","60","static","Recovery","0.1800369904525758","0.12518923978010812","0.018481347226818025","0.22944300510233379","0.019922512942964314","0.012122745","18","18","14","TRUE","0.017717591","32","12","CNNBased_GH","dl_results_momentum.csv"
"TCN","normal","US","momentum","252","expanding","Full Test","0.16334298866243205","0.094436657","0.018750776243948716","0.27918085704473905","","","","","14","TRUE","","","","CNNBased_GH","dl_results_momentum.csv"
"TCN","normal","KR","momentum","22","expanding","Full Test","0.10170176493062585","0.077032784","0.015593587021400358","0.19130836144430657","","","","","14","TRUE","","","","CNNBased_GH","dl_results_momentum.csv"
"TCN","normal","JP","momentum","252","expanding","Full Test","0.17044109799647802","0.10525194555521011","0.018136787456063903","0.2504494453276037","","","","","14","TRUE","","","","CNNBased_GH","dl_results_momentum.csv"
"TCN","911","US","momentum","22","expanding","Full Test","0.29647598993042323","0.20928428460050513","0.032756781","0.28155383081889884","","","","","14","TRUE","","","","CNNBased_GH","dl_results_momentum.csv"
"TCN","911","US","momentum","22","expanding","Recovery","0.22234514850688417","0.16526558643037623","0.031763917","0.23801738060417083","","","","","14","TRUE","","","","CNNBased_GH","dl_results_momentum.csv"
"TCN","911","US","momentum","22","expanding","Shock","0.5070748088637406","0.40296655654907226","0.037125382","0.32176556","","","","","14","TRUE","","","","CNNBased_GH","dl_results_momentum.csv"
"TCN","911","KR","momentum","22","expanding","Full Test","0.4013745992868868","0.2729439608314458","0.024811261204988968","0.28441166328796086","","","","","14","TRUE","","","","CNNBased_GH","dl_results_momentum.csv"
"TCN","911","KR","momentum","22","expanding","Recovery","0.323643865","0.25624785182672905","0.021800772860781508","0.22766798950353137","","","","","14","TRUE","","","","CNNBased_GH","dl_results_momentum.csv"
"TCN","911","KR","momentum","22","expanding","Shock","0.6233888893514025","0.34034677125789503","0.036964714150122806","0.4551608619451037","","","","","14","TRUE","","","","CNNBased_GH","dl_results_momentum.csv"
"TCN","911","JP","momentum","22","expanding","Full Test","0.3489976229303298","0.26537496882273737","0.027813203","0.2541932810144036","","","","","14","TRUE","","","","CNNBased_GH","dl_results_momentum.csv"
"TCN","911","JP","momentum","22","expanding","Recovery","0.2853240482005159","0.22574099472590856","0.025051549","0.2233202365189194","","","","","14","TRUE","","","","CNNBased_GH","dl_results_momentum.csv"
"TCN","911","JP","momentum","22","expanding","Shock","0.5227428354808983","0.4140023716858455","0.038169407","0.30209400091121213","","","","","14","TRUE","","","","CNNBased_GH","dl_results_momentum.csv"
"TCN","gfc","US","momentum","60","expanding","Full Test","0.6098434668470758","0.3401153358490077","0.026543818035072577","0.37727887344892846","","","","","14","TRUE","","","","CNNBased_GH","dl_results_momentum.csv"
"TCN","gfc","US","momentum","60","expanding","Lehman Crisis","1.122617039088045","0.7782204826672872","0.04416671","0.3969449982793256","","","","","14","TRUE","","","","CNNBased_GH","dl_results_momentum.csv"
"TCN","gfc","US","momentum","60","expanding","Pre-Lehman","0.2617890959078172","0.17848591553870022","0.020036007386314232","0.23482652210948912","","","","","14","TRUE","","","","CNNBased_GH","dl_results_momentum.csv"
"TCN","gfc","US","momentum","60","expanding","Recovery","0.33549966349883187","0.2547216899693012","0.02313086","0.2132476033544727","","","","","14","TRUE","","","","CNNBased_GH","dl_results_momentum.csv"
"TCN","gfc","KR","momentum","22","expanding","Full Test","0.5271426629454514","0.23521185721453855","0.015085222882773383","0.3586857639661965","","","","","14","TRUE","","","","CNNBased_GH","dl_results_momentum.csv"
"TCN","gfc","KR","momentum","22","expanding","Lehman Crisis","0.9954673043015659","0.4831758020287853","0.021083649918690186","0.427487021","","","","","14","TRUE","","","","CNNBased_GH","dl_results_momentum.csv"
"TCN","gfc","KR","momentum","22","expanding","Pre-Lehman","0.2061077713260695","0.15425358457998795","0.014397234804850837","0.1803805572261963","","","","","14","TRUE","","","","CNNBased_GH","dl_results_momentum.csv"
"TCN","gfc","KR","momentum","22","expanding","Recovery","0.1878206673787115","0.14775910079479218","0.008602502","0.1415625071280126","","","","","14","TRUE","","","","CNNBased_GH","dl_results_momentum.csv"
"TCN","gfc","JP","momentum","60","expanding","Full Test","0.49333468612510856","0.234363705","0.016906061","0.36286346678400194","","","","","14","TRUE","","","","CNNBased_GH","dl_results_momentum.csv"
"TCN","gfc","JP","momentum","60","expanding","Lehman Crisis","0.9415053237889229","0.5093873007255688","0.026856888141745302","0.44257406056318005","","","","","14","TRUE","","","","CNNBased_GH","dl_results_momentum.csv"
"TCN","gfc","JP","momentum","60","expanding","Pre-Lehman","0.19392978466736366","0.14638628684226357","0.014550052963084675","0.1801438723520405","","","","","14","TRUE","","","","CNNBased_GH","dl_results_momentum.csv"
"TCN","gfc","JP","momentum","60","expanding","Recovery","0.17766590728232218","0.14367610370958006","0.010649179325571715","0.14315996394884492","","","","","14","TRUE","","","","CNNBased_GH","dl_results_momentum.csv"
"TCN","covid","US","momentum","22","expanding","Crash","1.4650433237151033","0.9533578611555553","0.037773371139046295","0.4078830789560809","","","","","14","TRUE","","","","CNNBased_GH","dl_results_momentum.csv"
"TCN","covid","US","momentum","22","expanding","Full Test","0.4941763658179785","0.22266402882674047","0.023144273050553103","0.4310360833918052","","","","","14","TRUE","","","","CNNBased_GH","dl_results_momentum.csv"
"TCN","covid","US","momentum","22","expanding","Pre-crash","0.09321028","0.074559207","0.021511101328174336","0.19349458176670997","","","","","14","TRUE","","","","CNNBased_GH","dl_results_momentum.csv"
"TCN","covid","US","momentum","22","expanding","Recovery","0.28124234578974266","0.1697426657192409","0.021841929042349457","0.2811840760184322","","","","","14","TRUE","","","","CNNBased_GH","dl_results_momentum.csv"
"TCN","covid","KR","momentum","22","expanding","Crash","0.6484692716420818","0.4241099471137637","0.025013053127215003","0.3300457067534779","","","","","14","TRUE","","","","CNNBased_GH","dl_results_momentum.csv"
"TCN","covid","KR","momentum","22","expanding","Full Test","0.29598536646023843","0.17338067112911132","0.023531064397169545","0.290245578","","","","","14","TRUE","","","","CNNBased_GH","dl_results_momentum.csv"
"TCN","covid","KR","momentum","22","expanding","Pre-crash","0.13833318907795847","0.098753827","0.013690203727410281","0.1774250527171906","","","","","14","TRUE","","","","CNNBased_GH","dl_results_momentum.csv"
"TCN","covid","KR","momentum","22","expanding","Recovery","0.25234418461543806","0.15956100837017098","0.025162879","0.26280811585100955","","","","","14","TRUE","","","","CNNBased_GH","dl_results_momentum.csv"
"TCN","covid","JP","momentum","22","expanding","Crash","0.3997164542256523","0.3207724125761735","0.017253698","0.1746232515881962","","","","","14","TRUE","","","","CNNBased_GH","dl_results_momentum.csv"
"TCN","covid","JP","momentum","22","expanding","Full Test","0.2121625477872001","0.14088751156540477","0.019339224491123855","0.24375823339792171","","","","","14","TRUE","","","","CNNBased_GH","dl_results_momentum.csv"
"TCN","covid","JP","momentum","22","expanding","Pre-crash","0.11940088036429877","0.096805427","0.019417114948542008","0.22247736769884718","","","","","14","TRUE","","","","CNNBased_GH","dl_results_momentum.csv"
"TCN","covid","JP","momentum","22","expanding","Recovery","0.19684231532740132","0.13033318727888088","0.019538442830083394","0.25086007184682957","","","","","14","TRUE","","",,"CNNBased_GH","dl_results_momentum.csv"
"TCN","normal","US","extended","252","static","Full Test","0.17099001016759652","0.10560964753283324","0.027091249908155993","0.29225091309754825","0.028395045405252634","0.027317654970930264","22","22","28","TRUE","0.022094676174942245","29","76","CNNBased_GH","dl_results_extended.csv"
"TCN","normal","KR","extended","60","static","Full Test","0.13350180790909216","0.10549889807983981","0.024934789156772108","0.2511265378566702","0.018648977","0.014264257640012951","14","14","28","TRUE","0.019056961977164305","18","74","CNNBased_GH","dl_results_extended.csv"
"TCN","normal","JP","extended","252","static","Full Test","0.23977458439317395","0.19285052473822686","0.052225593","0.35232941098612275","0.016848089580680074","0.034169474","18","18","28","TRUE","0.018666961223472056","20","73","CNNBased_GH","dl_results_extended.csv"
"TCN","911","US","extended","22","static","Full Test","0.3786368077393093","0.31715031531121995","0.053838499","0.35957934985919027","0.021898066199845682","0.036492399871349335","10","10","28","TRUE","0.033359746111993716","24","7","CNNBased_GH","dl_results_extended.csv"
"TCN","911","US","extended","22","static","Recovery","0.3557229094728258","0.30646212073889645","0.058175348488398664","0.3807964136037586","0.021898066199845682","0.036492399871349335","10","10","28","TRUE","0.033359746111993716","24","7","CNNBased_GH","dl_results_extended.csv"
"TCN","911","US","extended","22","static","Shock","0.4662669033078646","0.36417837142944337","0.034756359","0.2958708041031898","0.021898066199845682","0.036492399871349335","10","10","28","TRUE","0.033359746111993716","24","7","CNNBased_GH","dl_results_extended.csv"
"TCN","911","KR","extended","252","static","Full Test","0.5874388606281609","0.37398209203692045","0.048789807","0.4162556966187628","0.027829924","0.068834275","8","8","28","TRUE","0.016661532","16","7","CNNBased_GH","dl_results_extended.csv"
"TCN","911","KR","extended","252","static","Recovery","0.382150718","0.2816951165505506","0.035908867","0.2688247644690181","0.027829924","0.068834275","8","8","28","TRUE","0.016661532","16","7","CNNBased_GH","dl_results_extended.csv"
"TCN","911","KR","extended","252","static","Shock","1.071745042036597","0.7465480301115248","0.10079063896041045","0.7825234062581893","0.027829924","0.068834275","8","8","28","TRUE","0.016661532","16","7","CNNBased_GH","dl_results_extended.csv"
"TCN","911","JP","extended","22","static","Full Test","0.2990039549886645","0.23635095626788033","0.022980629","0.21778026943760723","0.016237741253328764","0.047788355","11","11","28","TRUE","0.015183153352877225","26","7","CNNBased_GH","dl_results_extended.csv"
"TCN","911","JP","extended","22","static","Recovery","0.2662615332883708","0.20889520247777302","0.022396767443872093","0.20840019957960768","0.016237741253328764","0.047788355","11","11","28","TRUE","0.015183153352877225","26","7","CNNBased_GH","dl_results_extended.csv"
"TCN","911","JP","extended","22","static","Shock","0.39850843003702235","0.33931003298078266","0.025170108766240255","0.23029872024162645","0.016237741253328764","0.047788355","11","11","28","TRUE","0.015183153352877225","26","7","CNNBased_GH","dl_results_extended.csv"
"TCN","gfc","US","extended","252","static","Full Test","0.5185710197028361","0.31598778170828495","0.024481236005020165","0.32081329185708607","0.021310031","0.016246602488347733","46","46","28","TRUE","0.022138109224667944","24","25","CNNBased_GH","dl_results_extended.csv"
"TCN","gfc","US","extended","252","static","Lehman Crisis","0.9105571077603563","0.6595884770154953","0.039081482","0.3219629463906748","0.021310031","0.016246602488347733","46","46","28","TRUE","0.022138109224667944","24","25","CNNBased_GH","dl_results_extended.csv"
"TCN","gfc","US","extended","252","static","Pre-Lehman","0.270035027","0.18736012053573933","0.020242734","0.24222317612448865","0.021310031","0.016246602488347733","46","46","28","TRUE","0.022138109224667944","24","25","CNNBased_GH","dl_results_extended.csv"
"TCN","gfc","US","extended","252","static","Recovery","0.34922446421294673","0.2556070901453495","0.017574568373023104","0.2219712510275588","0.021310031","0.016246602488347733","46","46","28","TRUE","0.022138109224667944","24","25","CNNBased_GH","dl_results_extended.csv"
"TCN","gfc","KR","extended","22","static","Full Test","0.6342813261070634","0.3582307943960073","0.028514098820945088","0.43158654765863014","0.021455517","0.026286892713077607","25","25","28","TRUE","0.020455295109672034","39","24","CNNBased_GH","dl_results_extended.csv"
"TCN","gfc","KR","extended","22","static","Lehman Crisis","1.1643983360252255","0.7503937674781024","0.041229339823787924","0.5000316669721028","0.021455517","0.026286892713077607","25","25","28","TRUE","0.020455295109672034","39","24","CNNBased_GH","dl_results_extended.csv"
"TCN","gfc","KR","extended","22","static","Pre-Lehman","0.2647537947137927","0.20735522432760758","0.023685669432128877","0.23170614436789772","0.021455517","0.026286892713077607","25","25","28","TRUE","0.020455295109672034","39","24","CNNBased_GH","dl_results_extended.csv"
"TCN","gfc","KR","extended","22","static","Recovery","0.3713282953570976","0.298425181","0.026356844365807642","0.27987422892247693","0.021455517","0.026286892713077607","25","25","28","TRUE","0.020455295109672034","39","24","CNNBased_GH","dl_results_extended.csv"
"TCN","gfc","JP","extended","22","static","Full Test","0.336783292","0.21533156880456158","0.018430731953201034","0.24771490124972964","0.0476612","0.054081537885221874","32","32","28","TRUE","0.016432654","32","24","CNNBased_GH","dl_results_extended.csv"
"TCN","gfc","JP","extended","22","static","Lehman Crisis","0.5729359173655747","0.3897895802531326","0.027473637663718277","0.26932038405320835","0.0476612","0.054081537885221874","32","32","28","TRUE","0.016432654","32","24","CNNBased_GH","dl_results_extended.csv"
"TCN","gfc","JP","extended","22","static","Pre-Lehman","0.20683064086854153","0.15414660738693678","0.015166106247619542","0.19212764367795238","0.0476612","0.054081537885221874","32","32","28","TRUE","0.016432654","32","24","CNNBased_GH","dl_results_extended.csv"
"TCN","gfc","JP","extended","22","static","Recovery","0.22247322471701564","0.1771500234480028","0.016786706881085574","0.17926488721024444","0.0476612","0.054081537885221874","32","32","28","TRUE","0.016432654","32","24","CNNBased_GH","dl_results_extended.csv"
"TCN","covid","US","extended","60","static","Crash","1.102704071036716","0.8012477585247585","0.049668511","0.30700411680066136","0.020071246","0.013453886978866824","33","33","28","TRUE","0.024436717465128415","25","13","CNNBased_GH","dl_results_extended.csv"
"TCN","covid","US","extended","60","static","Full Test","0.3909776084085869","0.22387770821730937","0.032022056794072426","0.3410228992707549","0.020071246","0.013453886978866824","33","33","28","TRUE","0.024436717465128415","25","13","CNNBased_GH","dl_results_extended.csv"
"TCN","covid","US","extended","60","static","Pre-crash","0.10116749095347675","0.082798333","0.024873031871029058","0.21001290229551886","0.020071246","0.013453886978866824","33","33","28","TRUE","0.024436717465128415","25","13","CNNBased_GH","dl_results_extended.csv"
"TCN","covid","US","extended","60","static","Recovery","0.2501753948469114","0.186445453","0.031395183","0.25012356174544764","0.020071246","0.013453886978866824","33","33","28","TRUE","0.024436717465128415","25","13","CNNBased_GH","dl_results_extended.csv"
"TCN","covid","KR","extended","60","static","Crash","0.4487192457584387","0.2872454013143267","0.013945824469297057","0.228380691","0.016182918159247328","0.012993285018114411","20","20","28","TRUE","0.023449725","23","13","CNNBased_GH","dl_results_extended.csv"
"TCN","covid","KR","extended","60","static","Full Test","0.304444636","0.17974595328973186","0.027033227663974153","0.2985408045549716","0.016182918159247328","0.012993285018114411","20","20","28","TRUE","0.023449725","23","13","CNNBased_GH","dl_results_extended.csv"
"TCN","covid","KR","extended","60","static","Pre-crash","0.13408385944314266","0.089616581","0.009634957","0.17197489618212344","0.016182918159247328","0.012993285018114411","20","20","28","TRUE","0.023449725","23","13","CNNBased_GH","dl_results_extended.csv"
"TCN","covid","KR","extended","60","static","Recovery","0.30727876533124054","0.18441803458457193","0.031636222","0.3200206633681517","0.016182918159247328","0.012993285018114411","20","20","28","TRUE","0.023449725","23","13","CNNBased_GH","dl_results_extended.csv"
"TCN","covid","JP","extended","60","static","Crash","0.4545949128388739","0.3411230131199485","0.020491237794780265","0.19859788356514022","0.021508964","0.011955119","11","11","28","TRUE","0.022416853","26","12","CNNBased_GH","dl_results_extended.csv"
"TCN","covid","JP","extended","60","static","Full Test","0.294818585","0.1777553951539913","0.036591282","0.3387235782859648","0.021508964","0.011955119","11","11","28","TRUE","0.022416853","26","12","CNNBased_GH","dl_results_extended.csv"
"TCN","covid","JP","extended","60","static","Pre-crash","0.15644946563465179","0.12981789717168518","0.049615631","0.2915092852422202","0.021508964","0.011955119","11","11","28","TRUE","0.022416853","26","12","CNNBased_GH","dl_results_extended.csv"
"TCN","covid","JP","extended","60","static","Recovery","0.2928565923269009","0.1695723451113188","0.035925138660434744","0.37322272738841966","0.021508964","0.011955119","11","11","28","TRUE","0.022416853","26","12","CNNBased_GH","dl_results_extended.csv"
"TCN","normal","US","extended","252","expanding","Full Test","0.1655892036301613","0.10408332640337405","0.026946305","0.2830200191963105","","","","","28","TRUE","","","","CNNBased_GH","dl_results_extended.csv"
"TCN","normal","KR","extended","252","expanding","Full Test","0.11321793992916875","0.085144069","0.019264951837083946","0.21297111794199336","","","","","28","TRUE","","","","CNNBased_GH","dl_results_extended.csv"
"TCN","normal","JP","extended","60","expanding","Full Test","0.19698645331420248","0.138626508","0.030501431","0.2894557037564577","","","","","28","TRUE","","","","CNNBased_GH","dl_results_extended.csv"
"TCN","911","US","extended","22","expanding","Full Test","0.33151823051386214","0.26011338","0.039374423997079064","0.3148323336718959","","","","","28","TRUE","","","","CNNBased_GH","dl_results_extended.csv"
"TCN","911","US","extended","22","expanding","Recovery","0.28044537877895487","0.22938215813853524","0.039534548","0.30021286683232773","","","","","28","TRUE","","","","CNNBased_GH","dl_results_extended.csv"
"TCN","911","US","extended","22","expanding","Shock","0.4974184702794557","0.39533075809478757","0.038669876","0.3156381071297857","","","","","28","TRUE","","","","CNNBased_GH","dl_results_extended.csv"
"TCN","911","KR","extended","22","expanding","Full Test","0.6483114815949428","0.48467348954256845","0.074020819","0.4593896752228385","","","","","28","TRUE","","","","CNNBased_GH","dl_results_extended.csv"
"TCN","911","KR","extended","22","expanding","Recovery","0.576669519","0.4329473852017604","0.066588863","0.40565944306172946","","","","","28","TRUE","","","","CNNBased_GH","dl_results_extended.csv"
"TCN","911","KR","extended","22","expanding","Shock","0.8801126762328761","0.6934936885480527","0.10402390187550123","0.6426050434420799","","","","","28","TRUE","","","","CNNBased_GH","dl_results_extended.csv"
"TCN","911","JP","extended","60","expanding","Full Test","0.3053780440598633","0.2427903678184165","0.022865973064650887","0.22242285296262315","","","","","28","TRUE","","","","CNNBased_GH","dl_results_extended.csv"
"TCN","911","JP","extended","60","expanding","Recovery","0.27081155949456054","0.21270709321612402","0.021571253","0.21196145890892815","","","","","28","TRUE","","","","CNNBased_GH","dl_results_extended.csv"
"TCN","911","JP","extended","60","expanding","Shock","0.40980963103146734","0.35560264757701326","0.027721171980934323","0.23682970410556198","","","","","28","TRUE","","","","CNNBased_GH","dl_results_extended.csv"
"TCN","gfc","US","extended","60","expanding","Full Test","0.5803155446876612","0.3374057565786824","0.027064733","0.35901146252594635","","","","","28","TRUE","","","","CNNBased_GH","dl_results_extended.csv"
"TCN","gfc","US","extended","60","expanding","Lehman Crisis","1.0450612770717904","0.7214867025613785","0.041556196","0.369522137","","","","","28","TRUE","","","","CNNBased_GH","dl_results_extended.csv"
"TCN","gfc","US","extended","60","expanding","Pre-Lehman","0.2800370421612031","0.19885831112996427","0.022450219892521706","0.2511950486115723","","","","","28","TRUE","","","","CNNBased_GH","dl_results_extended.csv"
"TCN","gfc","US","extended","60","expanding","Recovery","0.34290308213392456","0.25139592587947845","0.021651382018518683","0.21795330488662598","","","","","28","TRUE","","","","CNNBased_GH","dl_results_extended.csv"
"TCN","gfc","KR","extended","22","expanding","Full Test","0.4183211872622027","0.2603760013242605","0.021444309832907453","0.28463993750381805","","","","","28","TRUE","","","","CNNBased_GH","dl_results_extended.csv"
"TCN","gfc","KR","extended","22","expanding","Lehman Crisis","0.7067697392076606","0.46171973418381257","0.025017856","0.3035106113839282","","","","","28","TRUE","","","","CNNBased_GH","dl_results_extended.csv"
"TCN","gfc","KR","extended","22","expanding","Pre-Lehman","0.23646988432745558","0.18137103763493626","0.020506288516919578","0.20695274723396842","","","","","28","TRUE","","","","CNNBased_GH","dl_results_extended.csv"
"TCN","gfc","KR","extended","22","expanding","Recovery","0.32500551430026847","0.23497355803847314","0.019397778","0.24496023827881463","","","","","28","TRUE","","","","CNNBased_GH","dl_results_extended.csv"
"TCN","gfc","JP","extended","60","expanding","Full Test","0.33823744682052415","0.23825274547960004","0.022731206290350997","0.24878447837000423","","","","","28","TRUE","","","","CNNBased_GH","dl_results_extended.csv"
"TCN","gfc","JP","extended","60","expanding","Lehman Crisis","0.5214998423324899","0.3499114727764799","0.01872957","0.2451417925873482","","","","","28","TRUE","","","","CNNBased_GH","dl_results_extended.csv"
"TCN","gfc","JP","extended","60","expanding","Pre-Lehman","0.2625631730267242","0.2097119923533085","0.02616637","0.24389830993316663","","","","","28","TRUE","","","","CNNBased_GH","dl_results_extended.csv"
"TCN","gfc","JP","extended","60","expanding","Recovery","0.21140967541435782","0.17561240397490463","0.016298042159356003","0.17035007995463566","","","","","28","TRUE","","","","CNNBased_GH","dl_results_extended.csv"
"TCN","covid","US","extended","22","expanding","Crash","0.8932918155235547","0.6681003457023984","0.028231710810299807","0.2487015982558542","","","","","28","TRUE","","","","CNNBased_GH","dl_results_extended.csv"
"TCN","covid","US","extended","22","expanding","Full Test","0.3766678051624864","0.21519456629551226","0.02686361","0.3285414412894592","","","","","28","TRUE","","","","CNNBased_GH","dl_results_extended.csv"
"TCN","covid","US","extended","22","expanding","Pre-crash","0.099822881","0.074386211","0.022790020263195446","0.20722163560156748","","","","","28","TRUE","","","","CNNBased_GH","dl_results_extended.csv"
"TCN","covid","US","extended","22","expanding","Recovery","0.30686388052323654","0.19132618637134632","0.027456555","0.3068003023017873","","","","","28","TRUE","","","","CNNBased_GH","dl_results_extended.csv"
"TCN","covid","KR","extended","252","expanding","Crash","0.37036837393017186","0.27489692256564185","0.014336864958252916","0.188503137","","","","","28","TRUE","","","","CNNBased_GH","dl_results_extended.csv"
"TCN","covid","KR","extended","252","expanding","Full Test","0.29862560473428784","0.19249991471728972","0.034438468041231594","0.2928346165838393","","","","","28","TRUE","","","","CNNBased_GH","dl_results_extended.csv"
"TCN","covid","KR","extended","252","expanding","Pre-crash","0.1989774202338284","0.1625659968171801","0.036305490633392445","0.2552068632974409","","","","","28","TRUE","","","","CNNBased_GH","dl_results_extended.csv"
"TCN","covid","KR","extended","252","expanding","Recovery","0.30490444699307057","0.18894444576775035","0.036296738","0.3175478894073177","","","","","28","TRUE","","","","CNNBased_GH","dl_results_extended.csv"
"TCN","covid","JP","extended","22","expanding","Crash","0.48133677517239587","0.35926525216353566","0.017115456666181784","0.2102805423719936","","","","","28","TRUE","","","","CNNBased_GH","dl_results_extended.csv"
"TCN","covid","JP","extended","22","expanding","Full Test","0.26507235833893267","0.17393484717908025","0.029049506952665092","0.30454748241488294","","","","","28","TRUE","","","","CNNBased_GH","dl_results_extended.csv"
"TCN","covid","JP","extended","22","expanding","Pre-crash","0.1587959779123364","0.13304707724036594","0.039233945592980726","0.29588149651251827","","","","","28","TRUE","","","","CNNBased_GH","dl_results_extended.csv"
"TCN","covid","JP","extended","22","expanding","Recovery","0.2485282315544811","0.16225752843323574","0.028461660072626203","0.31672971291779867","","","","","28","TRUE","","",,"CNNBased_GH","dl_results_extended.csv"
"TST","normal","US","core","22","static","Full Test","0.1760232217408965","0.1093065363619124","0.0353729259708219","0.3008535248914671","0.028788858297241","0.0295967786156907","26.0","26.0","10","True","","","","TST_JH","dl_results_core.csv"
"TST","normal","KR","core","60","static","Full Test","0.1001872408372999","0.0757216982619237","0.0145479446018694","0.1884594322948493","0.0131389731214711","0.010826098557073","22.0","22.0","10","True","","","","TST_JH","dl_results_core.csv"
"TST","normal","JP","core","252","static","Full Test","0.1713774493596532","0.1120391314160333","0.019978122442083","0.2518253381274954","0.0146089838344533","0.0307851794895976","30.0","30.0","10","True","","","","TST_JH","dl_results_core.csv"
"TST","911","US","core","22","static","Full Test","0.2533651947201651","0.1764584247712735","0.0246952471058774","0.2406128779142615","0.0132402436720555","0.023057609796524","39.0","39.0","10","True","","","","TST_JH","dl_results_core.csv"
"TST","911","US","core","22","static","Recovery","0.198503792801908","0.1491565257310867","0.0244422634018332","0.212495541818581","0.0132402436720555","0.023057609796524","39.0","39.0","10","True","","","","TST_JH","dl_results_core.csv"
"TST","911","US","core","22","static","Shock","0.4162579163289299","0.2965867805480957","0.0258083754036719","0.2641374790808178","0.0132402436720555","0.023057609796524","39.0","39.0","10","True","","","","TST_JH","dl_results_core.csv"
"TST","911","KR","core","22","static","Full Test","0.4177806610221638","0.245129797826795","0.0272887732920661","0.2960369014431037","0.0130379599832543","0.0310699809342622","14.0","14.0","10","True","","","","TST_JH","dl_results_core.csv"
"TST","911","KR","core","22","static","Recovery","0.2659702352026671","0.2155003618756565","0.0158449995070927","0.1870973477776512","0.0130379599832543","0.0310699809342622","14.0","14.0","10","True","","","","TST_JH","dl_results_core.csv"
"TST","911","KR","core","22","static","Shock","0.7704461065339505","0.3647449281480577","0.0734877119054771","0.56253314732173","0.0130379599832543","0.0310699809342622","14.0","14.0","10","True","","","","TST_JH","dl_results_core.csv"
"TST","911","JP","core","60","static","Full Test","0.2318799500838276","0.1827765990020637","0.013683155394596","0.1688903346056053","0.0119504938920895","0.0347537063062191","19.0","19.0","10","True","","","","TST_JH","dl_results_core.csv"
"TST","911","JP","core","60","static","Recovery","0.2180649186999891","0.1745962801433745","0.0137862565774629","0.1706771985316044","0.0119504938920895","0.0347537063062191","19.0","19.0","10","True","","","","TST_JH","dl_results_core.csv"
"TST","911","JP","core","60","static","Shock","0.2776298265011327","0.2134527947221483","0.0132965259588452","0.1604427633768643","0.0119504938920895","0.0347537063062191","19.0","19.0","10","True","","","","TST_JH","dl_results_core.csv"
"TST","gfc","US","core","252","static","Full Test","0.6028640971215624","0.3090848770324241","0.0298234869225392","0.3729610953786986","0.01872116729312","0.0139341899657629","27.0","27.0","10","True","","","","TST_JH","dl_results_core.csv"
"TST","gfc","US","core","252","static","Lehman Crisis","1.1327204692147248","0.7361961891253789","0.0694894554530627","0.4005174596927994","0.01872116729312","0.0139341899657629","27.0","27.0","10","True","","","","TST_JH","dl_results_core.csv"
"TST","gfc","US","core","252","static","Pre-Lehman","0.243060617206337","0.1646632683782611","0.0182450766225447","0.218026954875341","0.01872116729312","0.0139341899657629","27.0","27.0","10","True","","","","TST_JH","dl_results_core.csv"
"TST","gfc","US","core","252","static","Recovery","0.2464271746219487","0.1793093495070934","0.0112831605629847","0.156632062880527","0.01872116729312","0.0139341899657629","27.0","27.0","10","True","","","","TST_JH","dl_results_core.csv"
"TST","gfc","KR","core","22","static","Full Test","0.3683148802202448","0.1989957305266035","0.0133448338134701","0.2506139485158448","0.0144880643153773","0.0168621603760027","36.0","36.0","10","True","","","","TST_JH","dl_results_core.csv"
"TST","gfc","KR","core","22","static","Lehman Crisis","0.6657599357140511","0.3896531139389943","0.0218203297955999","0.285899627437397","0.0144880643153773","0.0168621603760027","36.0","36.0","10","True","","","","TST_JH","dl_results_core.csv"
"TST","gfc","KR","core","22","static","Pre-Lehman","0.1751841380230427","0.1319320677627216","0.0111561795751784","0.1533169381750063","0.0144880643153773","0.0168621603760027","36.0","36.0","10","True","","","","TST_JH","dl_results_core.csv"
"TST","gfc","KR","core","22","static","Recovery","0.2068733747285893","0.1483074307441711","0.0083669761839564","0.1559227426530341","0.0144880643153773","0.0168621603760027","36.0","36.0","10","True","","","","TST_JH","dl_results_core.csv"
"TST","gfc","JP","core","252","static","Full Test","0.4370569627008496","0.2245724878759465","0.0226029108006413","0.3214693982159972","0.0116634955552415","0.0145164708746408","46.0","46.0","10","True","","","","TST_JH","dl_results_core.csv"
"TST","gfc","JP","core","252","static","Lehman Crisis","0.8179278279115009","0.4644414019166377","0.0514014204102238","0.3844839013651405","0.0116634955552415","0.0145164708746408","46.0","46.0","10","True","","","","TST_JH","dl_results_core.csv"
"TST","gfc","JP","core","252","static","Pre-Lehman","0.1970795326425326","0.1485896880876286","0.0141232835799542","0.1830697137752812","0.0116634955552415","0.0145164708746408","46.0","46.0","10","True","","","","TST_JH","dl_results_core.csv"
"TST","gfc","JP","core","252","static","Recovery","0.1754897447589301","0.1427826091840669","0.0104707893024322","0.1414064516787582","0.0116634955552415","0.0145164708746408","46.0","46.0","10","True","","","","TST_JH","dl_results_core.csv"
"TST","covid","US","core","252","static","Crash","1.1715576385836448","0.8454584961845761","0.0485435120007399","0.3261736557989587","0.0162899501523106","0.0106009405861836","31.0","31.0","10","True","","","","TST_JH","dl_results_core.csv"
"TST","covid","US","core","252","static","Full Test","0.4006435820800496","0.2051860479217383","0.0218088221114389","0.3494538638447471","0.0162899501523106","0.0106009405861836","31.0","31.0","10","True","","","","TST_JH","dl_results_core.csv"
"TST","covid","US","core","252","static","Pre-crash","0.0879928892014422","0.0708829006978443","0.0175129961607241","0.1826638366573805","0.0162899501523106","0.0106009405861836","31.0","31.0","10","True","","","","TST_JH","dl_results_core.csv"
"TST","covid","US","core","252","static","Recovery","0.2362169277502968","0.1596385934390127","0.0196678086770623","0.2361679866624211","0.0162899501523106","0.0106009405861836","31.0","31.0","10","True","","","","TST_JH","dl_results_core.csv"
"TST","covid","KR","core","22","static","Crash","0.3776740181822947","0.2940044658524649","0.0171047109234795","0.1922214262177111","0.0124130928738559","0.0100224295250919","32.0","32.0","10","True","","","","TST_JH","dl_results_core.csv"
"TST","covid","KR","core","22","static","Full Test","0.2553822353350591","0.1592106940525193","0.0205002516231126","0.2504298284576371","0.0124130928738559","0.0100224295250919","32.0","32.0","10","True","","","","TST_JH","dl_results_core.csv"
"TST","covid","KR","core","22","static","Pre-crash","0.1216598766960096","0.0839025667735508","0.0083989352923945","0.1560399943081756","0.0124130928738559","0.0100224295250919","32.0","32.0","10","True","","","","TST_JH","dl_results_core.csv"
"TST","covid","KR","core","22","static","Recovery","0.2567946551032756","0.1581956692971289","0.0230776080099221","0.2674431335564564","0.0124130928738559","0.0100224295250919","32.0","32.0","10","True","","","","TST_JH","dl_results_core.csv"
"TST","covid","JP","core","60","static","Crash","0.4267888734855995","0.324710444400185","0.0174005365977556","0.1864503200752545","0.0192814992584916","0.010820369130959","20.0","20.0","10","True","","","","TST_JH","dl_results_core.csv"
"TST","covid","JP","core","60","static","Full Test","0.232672226173587","0.1484068823712212","0.0207014380006827","0.2673222555270282","0.0192814992584916","0.010820369130959","20.0","20.0","10","True","","","","TST_JH","dl_results_core.csv"
"TST","covid","JP","core","60","static","Pre-crash","0.1218843640569019","0.09752173315395","0.0221514452283195","0.2271047951764972","0.0192814992584916","0.010820369130959","20.0","20.0","10","True","","","","TST_JH","dl_results_core.csv"
"TST","covid","JP","core","60","static","Recovery","0.2191551149669626","0.139425389068101","0.0207813675068311","0.2792959826487032","0.0192814992584916","0.010820369130959","20.0","20.0","10","True","","","","TST_JH","dl_results_core.csv"
"TST","normal","US","core","22","expanding","Full Test","0.165179156931694","0.0951559494600473","0.0199031168437624","0.2823191798787255","","","","","10","True","0.015237677788","31.0","76.0","TST_JH","dl_results_core.csv"
"TST","normal","KR","core","60","expanding","Full Test","0.0969055480775378","0.0717755939899864","0.0136751847186802","0.1822863313161006","","","","","10","True","0.0123449532323782","49.0","74.0","TST_JH","dl_results_core.csv"
"TST","normal","JP","core","252","expanding","Full Test","0.1668413842804479","0.1071413821961781","0.0181438195027832","0.2451599563832382","","","","","10","True","0.0223197269758754","23.0","73.0","TST_JH","dl_results_core.csv"
"TST","911","US","core","22","expanding","Full Test","0.2607204972175356","0.1801141083240509","0.0250548819457171","0.2475979750732337","","","","","10","True","0.0235984697595462","14.0","7.0","TST_JH","dl_results_core.csv"
"TST","911","US","core","22","expanding","Recovery","0.2124261596980097","0.1554193353111093","0.0251158466338029","0.2273992414165857","","","","","10","True","0.0235984697595462","14.0","7.0","TST_JH","dl_results_core.csv"
"TST","911","US","core","22","expanding","Shock","0.4105076330456519","0.2887711095809936","0.0247866373181397","0.2604886227567368","","","","","10","True","0.0235984697595462","14.0","7.0","TST_JH","dl_results_core.csv"
"TST","911","KR","core","22","expanding","Full Test","0.3983901105339391","0.2195293636006467","0.024456640011307","0.282296872237909","","","","","10","True","0.013392734426656","29.0","7.0","TST_JH","dl_results_core.csv"
"TST","911","KR","core","22","expanding","Recovery","0.2697632803032407","0.2012146164517884","0.018056092103262","0.1897655737081865","","","","","10","True","0.013392734426656","29.0","7.0","TST_JH","dl_results_core.csv"
"TST","911","KR","core","22","expanding","Shock","0.7111030481320589","0.2934666761645564","0.0502958889734146","0.5192044353827564","","","","","10","True","0.013392734426656","29.0","7.0","TST_JH","dl_results_core.csv"
"TST","911","JP","core","60","expanding","Full Test","0.235960582713068","0.1886289854695026","0.0138135335626577","0.1718624734641216","","","","","10","True","0.0118079266603844","32.0","7.0","TST_JH","dl_results_core.csv"
"TST","911","JP","core","60","expanding","Recovery","0.2101913740955424","0.1729401054836455","0.0130660209350459","0.1645146550853134","","","","","10","True","0.0118079266603844","32.0","7.0","TST_JH","dl_results_core.csv"
"TST","911","JP","core","60","expanding","Shock","0.3143104870700855","0.2474622854164668","0.0166167059162019","0.181640581415149","","","","","10","True","0.0118079266603844","32.0","7.0","TST_JH","dl_results_core.csv"
"TST","gfc","US","core","252","expanding","Full Test","0.582177783819144","0.3089225231120305","0.0290243071401424","0.3601635343604626","","","","","10","True","0.0280609591177937","80.0","25.0","TST_JH","dl_results_core.csv"
"TST","gfc","US","core","252","expanding","Lehman Crisis","1.0782548312328533","0.6932206869125366","0.0595403083543448","0.3812590110658667","","","","","10","True","0.0280609591177937","80.0","25.0","TST_JH","dl_results_core.csv"
"TST","gfc","US","core","252","expanding","Pre-Lehman","0.2589834284409681","0.1798004921881133","0.0210355126677652","0.2323098201393356","","","","","10","True","0.0280609591177937","80.0","25.0","TST_JH","dl_results_core.csv"
"TST","gfc","US","core","252","expanding","Recovery","0.2551016451074164","0.1892444618046283","0.011510665764873","0.1621456601882082","","","","","10","True","0.0280609591177937","80.0","25.0","TST_JH","dl_results_core.csv"
"TST","gfc","KR","core","22","expanding","Full Test","0.3636262943922682","0.1968611048467567","0.0129815814400469","0.2474236755445165","","","","","10","True","0.0139682591800781","42.0","24.0","TST_JH","dl_results_core.csv"
"TST","gfc","KR","core","22","expanding","Lehman Crisis","0.6497682667710117","0.3739083904331013","0.0198393525980592","0.2790322688781687","","","","","10","True","0.0139682591800781","42.0","24.0","TST_JH","dl_results_core.csv"
"TST","gfc","KR","core","22","expanding","Pre-Lehman","0.1778309253229569","0.1360290560939095","0.0115480190054201","0.1556333426703148","","","","","10","True","0.0139682591800781","42.0","24.0","TST_JH","dl_results_core.csv"
"TST","gfc","KR","core","22","expanding","Recovery","0.2243316981558907","0.1448265261948108","0.0077942398510083","0.1690812734426048","","","","","10","True","0.0139682591800781","42.0","24.0","TST_JH","dl_results_core.csv"
"TST","gfc","JP","core","252","expanding","Full Test","0.4284696581213597","0.2285982984253484","0.0220673752895781","0.3151531605832482","","","","","10","True","0.0215622931203454","95.0","24.0","TST_JH","dl_results_core.csv"
"TST","gfc","JP","core","252","expanding","Lehman Crisis","0.7980499619011546","0.4765427447201913","0.0487027440112191","0.375139899102757","","","","","10","True","0.0215622931203454","95.0","24.0","TST_JH","dl_results_core.csv"
"TST","gfc","JP","core","252","expanding","Pre-Lehman","0.1949812986893837","0.1482838413775612","0.0140301099502196","0.1811206372573595","","","","","10","True","0.0215622931203454","95.0","24.0","TST_JH","dl_results_core.csv"
"TST","gfc","JP","core","252","expanding","Recovery","0.1901029346780101","0.1504351519919061","0.0115464722341913","0.1531814949270318","","","","","10","True","0.0215622931203454","95.0","24.0","TST_JH","dl_results_core.csv"
"TST","covid","US","core","252","expanding","Crash","1.1855556386868435","0.8138506242207119","0.0512613604274714","0.3300708425161691","","","","","10","True","0.0183190079480678","34.0","13.0","TST_JH","dl_results_core.csv"
"TST","covid","US","core","252","expanding","Full Test","0.4021861281126475","0.2004307122119973","0.0200410542941898","0.3507993207429984","","","","","10","True","0.0183190079480678","34.0","13.0","TST_JH","dl_results_core.csv"
"TST","covid","US","core","252","expanding","Pre-crash","0.0885179669954463","0.0638889657599585","0.0170660489011061","0.1837538420574397","","","","","10","True","0.0183190079480678","34.0","13.0","TST_JH","dl_results_core.csv"
"TST","covid","US","core","252","expanding","Recovery","0.2318886155095919","0.1582283318663636","0.0171686520023097","0.2318405711919508","","","","","10","True","0.0183190079480678","34.0","13.0","TST_JH","dl_results_core.csv"
"TST","covid","KR","core","22","expanding","Crash","0.4121733212151194","0.3227797775041489","0.0203255041240744","0.2097802333191456","","","","","10","True","0.0141475591348321","30.0","13.0","TST_JH","dl_results_core.csv"
"TST","covid","KR","core","22","expanding","Full Test","0.2571583909135874","0.1673023245267329","0.0228642208340813","0.2521715405867574","","","","","10","True","0.0141475591348321","30.0","13.0","TST_JH","dl_results_core.csv"
"TST","covid","KR","core","22","expanding","Pre-crash","0.1408354520966273","0.1053160905838012","0.0148730807357391","0.1806344354470965","","","","","10","True","0.0141475591348321","30.0","13.0","TST_JH","dl_results_core.csv"
"TST","covid","KR","core","22","expanding","Recovery","0.2514387038797526","0.161596552003175","0.0245986112213319","0.2618650876356079","","","","","10","True","0.0141475591348321","30.0","13.0","TST_JH","dl_results_core.csv"
"TST","covid","JP","core","60","expanding","Crash","0.5803836556578519","0.3385207370707863","0.0170816783493193","0.2535509360402855","","","","","10","True","0.0175324267921288","40.0","12.0","TST_JH","dl_results_core.csv"
"TST","covid","JP","core","60","expanding","Full Test","0.2450015128184527","0.1428793464012506","0.0199255586837861","0.2814876450500814","","","","","10","True","0.0175324267921288","40.0","12.0","TST_JH","dl_results_core.csv"
"TST","covid","JP","core","60","expanding","Pre-crash","0.1239593982678122","0.1008598420656088","0.0224521102664233","0.230971166577779","","","","","10","True","0.0175324267921288","40.0","12.0","TST_JH","dl_results_core.csv"
"TST","covid","JP","core","60","expanding","Recovery","0.1991783132636619","0.1303495465106861","0.0197678034371616","0.2538371177586789","","","","","10","True","0.0175324267921288","40.0","12.0","TST_JH","dl_results_core.csv"
"TST","normal","US","momentum","60","static","Full Test","0.1631638816343891","0.0957530317666845","0.0202069212448608","0.2788747327721197","0.0299243147939983","0.0307764631618741","6.0","6.0","14","True","","","","TST_JH","dl_results_momentum.csv"
"TST","normal","KR","momentum","60","static","Full Test","0.1019266221451217","0.0734240258649244","0.0151345439778097","0.1917313340966836","0.0122927040632333","0.0100345014915114","47.0","47.0","14","True","","","","TST_JH","dl_results_momentum.csv"
"TST","normal","JP","momentum","22","static","Full Test","0.165489922226486","0.1029571807547791","0.0168978727100219","0.2431740919070362","0.0140760478029323","0.0289132853042379","40.0","40.0","14","True","","","","TST_JH","dl_results_momentum.csv"
"TST","911","US","momentum","22","static","Full Test","0.2490417664087967","0.1696509637214519","0.0254957916963148","0.2365070553698378","0.0128647404276055","0.0221943724900484","31.0","31.0","14","True","","","","TST_JH","dl_results_momentum.csv"
"TST","911","US","momentum","22","static","Recovery","0.1956247661551196","0.1412936646829952","0.0251543512136506","0.2094135839447083","0.0128647404276055","0.0221943724900484","31.0","31.0","14","True","","","","TST_JH","dl_results_momentum.csv"
"TST","911","US","momentum","22","static","Shock","0.4080856668154309","0.2944230794906616","0.0269981298200373","0.2589517581605955","0.0128647404276055","0.0221943724900484","31.0","31.0","14","True","","","","TST_JH","dl_results_momentum.csv"
"TST","911","KR","momentum","22","static","Full Test","0.3902184447188862","0.2224452854955897","0.0232594432985362","0.2765064782507913","0.0125725538635652","0.0301730502396821","14.0","14.0","14","True","","","","TST_JH","dl_results_momentum.csv"
"TST","911","KR","momentum","22","static","Recovery","0.259517241111484","0.1920811430029912","0.0160720464745964","0.182557974870885","0.0125725538635652","0.0301730502396821","14.0","14.0","14","True","","","","TST_JH","dl_results_momentum.csv"
"TST","911","KR","momentum","22","static","Shock","0.7036338609154132","0.3450264533360799","0.0522752304766638","0.5137508866435497","0.0125725538635652","0.0301730502396821","14.0","14.0","14","True","","","","TST_JH","dl_results_momentum.csv"
"TST","911","JP","momentum","60","static","Full Test","0.2253218322453769","0.1804048598260808","0.0132723135981576","0.1641137132732369","0.011685211785513","0.0335881374776363","22.0","22.0","14","True","","","","TST_JH","dl_results_momentum.csv"
"TST","911","JP","momentum","60","static","Recovery","0.2072864222727695","0.17005360410327","0.0131996707318927","0.1622409787785697","0.011685211785513","0.0335881374776363","22.0","22.0","14","True","","","","TST_JH","dl_results_momentum.csv"
"TST","911","JP","momentum","60","static","Shock","0.2828929659615929","0.2192220687866211","0.0135447243466512","0.1634843408965282","0.011685211785513","0.0335881374776363","22.0","22.0","14","True","","","","TST_JH","dl_results_momentum.csv"
"TST","gfc","US","momentum","22","static","Full Test","0.6328789935797937","0.3483812372753586","0.0375255502276184","0.3915297723229535","0.0204400183721494","0.0163988064366032","8.0","8.0","14","True","","","","TST_JH","dl_results_momentum.csv"
"TST","gfc","US","momentum","22","static","Lehman Crisis","1.158102448835174","0.7984092056751251","0.0797702517128922","0.4094922476266701","0.0204400183721494","0.0163988064366032","8.0","8.0","14","True","","","","TST_JH","dl_results_momentum.csv"
"TST","gfc","US","momentum","22","static","Pre-Lehman","0.2930200057419551","0.1883020138782663","0.0241278611402393","0.2628408514047325","0.0204400183721494","0.0163988064366032","8.0","8.0","14","True","","","","TST_JH","dl_results_momentum.csv"
"TST","gfc","US","momentum","22","static","Recovery","0.3204696288900866","0.2396195374429225","0.0215528231463115","0.2036943333892381","0.0204400183721494","0.0163988064366032","8.0","8.0","14","True","","","","TST_JH","dl_results_momentum.csv"
"TST","gfc","KR","momentum","22","static","Full Test","0.3675394732079992","0.1929138028722485","0.0127182650577427","0.2500863352602262","0.013736057989301","0.0156762392049835","34.0","34.0","14","True","","","","TST_JH","dl_results_momentum.csv"
"TST","gfc","KR","momentum","22","static","Lehman Crisis","0.6538362507916405","0.3726675207332029","0.0203554706268055","0.2807791975434865","0.013736057989301","0.0156762392049835","34.0","34.0","14","True","","","","TST_JH","dl_results_momentum.csv"
"TST","gfc","KR","momentum","22","static","Pre-Lehman","0.1763515100428992","0.1329101440039548","0.0109368020147632","0.154338594049878","0.013736057989301","0.0156762392049835","34.0","34.0","14","True","","","","TST_JH","dl_results_momentum.csv"
"TST","gfc","KR","momentum","22","static","Recovery","0.2474280814183107","0.1340396463871002","0.007577166053617","0.1864892720715578","0.013736057989301","0.0156762392049835","34.0","34.0","14","True","","","","TST_JH","dl_results_momentum.csv"
"TST","gfc","JP","momentum","22","static","Full Test","0.3829387812999247","0.2080224584310482","0.0176349718329735","0.2816637419921714","0.0113113234421125","0.0142359703530365","90.0","90.0","14","True","","","","TST_JH","dl_results_momentum.csv"
"TST","gfc","JP","momentum","22","static","Lehman Crisis","0.7032339470607537","0.4171847962496573","0.0337631418251281","0.330569669244192","0.0113113234421125","0.0142359703530365","90.0","90.0","14","True","","","","TST_JH","dl_results_momentum.csv"
"TST","gfc","JP","momentum","22","static","Pre-Lehman","0.1912478444786585","0.142264763370748","0.0132485455026783","0.1776525836011217","0.0113113234421125","0.0142359703530365","90.0","90.0","14","True","","","","TST_JH","dl_results_momentum.csv"
"TST","gfc","JP","momentum","22","static","Recovery","0.1659172827719494","0.1349104457087331","0.0095366434483778","0.1336931355230582","0.0113113234421125","0.0142359703530365","90.0","90.0","14","True","","","","TST_JH","dl_results_momentum.csv"
"TST","covid","US","momentum","22","static","Crash","1.180650562727747","0.8239021414802188","0.0480888405918783","0.3287052190889817","0.0158075399825144","0.0108686157363844","36.0","36.0","14","True","","","","TST_JH","dl_results_momentum.csv"
"TST","covid","US","momentum","22","static","Full Test","0.3964316243312167","0.2029215790211193","0.0236641646171855","0.3457800625522397","0.0158075399825144","0.0108686157363844","36.0","36.0","14","True","","","","TST_JH","dl_results_momentum.csv"
"TST","covid","US","momentum","22","static","Pre-crash","0.0827067368423465","0.0629590226071221","0.0174220511722117","0.1716903491423001","0.0158075399825144","0.0108686157363844","36.0","36.0","14","True","","","","TST_JH","dl_results_momentum.csv"
"TST","covid","US","momentum","22","static","Recovery","0.2220070287821575","0.1605158376817902","0.0221306009458601","0.221961031801297","0.0158075399825144","0.0108686157363844","36.0","36.0","14","True","","","","TST_JH","dl_results_momentum.csv"
"TST","covid","KR","momentum","22","static","Crash","0.3646709626591827","0.2814662399746123","0.0190338338602243","0.1856033753126731","0.0123732588074599","0.0100971207364785","31.0","31.0","14","True","","","","TST_JH","dl_results_momentum.csv"
"TST","covid","KR","momentum","22","static","Full Test","0.2543602291788266","0.1610515236614212","0.0215391292902868","0.2494276411831301","0.0123732588074599","0.0100971207364785","31.0","31.0","14","True","","","","TST_JH","dl_results_momentum.csv"
"TST","covid","KR","momentum","22","static","Pre-crash","0.1270668588364627","0.0849511436053684","0.0088592468412261","0.1629749467784042","0.0123732588074599","0.0100971207364785","31.0","31.0","14","True","","","","TST_JH","dl_results_momentum.csv"
"TST","covid","KR","momentum","22","static","Recovery","0.2570626406307705","0.1617536291790505","0.0241245828827266","0.2677222316131983","0.0123732588074599","0.0100971207364785","31.0","31.0","14","True","","","","TST_JH","dl_results_momentum.csv"
"TST","covid","JP","momentum","60","static","Crash","0.4342606085906224","0.3205746725985878","0.015944596915667","0.1897144806201897","0.0188053729256395","0.0105025379111889","20.0","20.0","14","True","","","","TST_JH","dl_results_momentum.csv"
"TST","covid","JP","momentum","60","static","Full Test","0.2283064141343185","0.1509535489838664","0.0225258928232994","0.2623062777253907","0.0188053729256395","0.0105025379111889","20.0","20.0","14","True","","","","TST_JH","dl_results_momentum.csv"
"TST","covid","JP","momentum","60","static","Pre-crash","0.1262790642015791","0.100429688890775","0.0241878405988237","0.2352933555709469","0.0188053729256395","0.0105025379111889","20.0","20.0","14","True","","","","TST_JH","dl_results_momentum.csv"
"TST","covid","JP","momentum","60","static","Recovery","0.2111944314363328","0.1425905706741476","0.022903314036486","0.2691507166822767","0.0188053729256395","0.0105025379111889","20.0","20.0","14","True","","","","TST_JH","dl_results_momentum.csv"
"TST","normal","US","momentum","60","expanding","Full Test","0.1628539409738253","0.0933016456971155","0.0190717019950037","0.2783449916429915","","","","","14","True","0.0155800272225315","34.0","76.0","TST_JH","dl_results_momentum.csv"
"TST","normal","KR","momentum","60","expanding","Full Test","0.0976975909824875","0.0709108152126861","0.0135909096334077","0.1837762211960142","","","","","14","True","0.0134538440774048","35.0","74.0","TST_JH","dl_results_momentum.csv"
"TST","normal","JP","momentum","22","expanding","Full Test","0.1639253926814685","0.1005608312275311","0.0164785789912019","0.2408751419392509","","","","","14","True","0.0147377563848751","49.0","73.0","TST_JH","dl_results_momentum.csv"
"TST","911","US","momentum","22","expanding","Full Test","0.2518056803882346","0.1724978864192962","0.0240073007856551","0.2391318566872978","","","","","14","True","0.0223549191139421","46.0","7.0","TST_JH","dl_results_momentum.csv"
"TST","911","US","momentum","22","expanding","Recovery","0.193524133482978","0.1445581969889727","0.0232079780787055","0.2071648859650481","","","","","14","True","0.0223549191139421","46.0","7.0","TST_JH","dl_results_momentum.csv"
"TST","911","US","momentum","22","expanding","Shock","0.4214332053739198","0.2954325199127197","0.0275243206962332","0.2674214714044088","","","","","14","True","0.0223549191139421","46.0","7.0","TST_JH","dl_results_momentum.csv"
"TST","911","KR","momentum","22","expanding","Full Test","0.3927348845104094","0.2193930701297872","0.0231778309316114","0.2782896125795273","","","","","14","True","0.0129671637804982","29.0","7.0","TST_JH","dl_results_momentum.csv"
"TST","911","KR","momentum","22","expanding","Recovery","0.2784369293400922","0.2030241030071853","0.0181161275911639","0.1958670712276835","","","","","14","True","0.0129671637804982","29.0","7.0","TST_JH","dl_results_momentum.csv"
"TST","911","KR","momentum","22","expanding","Shock","0.681128619466849","0.2854751966617725","0.0436121147874922","0.4973189205450379","","","","","14","True","0.0129671637804982","29.0","7.0","TST_JH","dl_results_momentum.csv"
"TST","911","JP","momentum","60","expanding","Full Test","0.2299529918342256","0.1853040640515492","0.0138671677852655","0.1674868298031044","","","","","14","True","0.0117042965061821","29.0","7.0","TST_JH","dl_results_momentum.csv"
"TST","911","JP","momentum","60","expanding","Recovery","0.2075390459732979","0.1707724849383036","0.0132981419227204","0.1624387047848705","","","","","14","True","0.0117042965061821","29.0","7.0","TST_JH","dl_results_momentum.csv"
"TST","911","JP","momentum","60","expanding","Shock","0.2994170822465369","0.2397974857262202","0.0160010147698098","0.1730336566618004","","","","","14","True","0.0117042965061821","29.0","7.0","TST_JH","dl_results_momentum.csv"
"TST","gfc","US","momentum","22","expanding","Full Test","0.5069331828364988","0.286666290730423","0.0240431719316301","0.3136135591043284","","","","","14","True","0.0238686307772577","35.0","25.0","TST_JH","dl_results_momentum.csv"
"TST","gfc","US","momentum","22","expanding","Lehman Crisis","0.9055738558767634","0.5910204271475474","0.0409385371852424","0.3202009235088868","","","","","14","True","0.0238686307772577","35.0","25.0","TST_JH","dl_results_momentum.csv"
"TST","gfc","US","momentum","22","expanding","Pre-Lehman","0.2571269847430267","0.1768828809471939","0.0193540848162793","0.2306445780651082","","","","","14","True","0.0238686307772577","35.0","25.0","TST_JH","dl_results_momentum.csv"
"TST","gfc","US","momentum","22","expanding","Recovery","0.2958868157112047","0.2184938982129097","0.0152877697217652","0.1880692029809461","","","","","14","True","0.0238686307772577","35.0","25.0","TST_JH","dl_results_momentum.csv"
"TST","gfc","KR","momentum","22","expanding","Full Test","0.3793364802421201","0.2024137246054272","0.0137369804343264","0.2581134193457845","","","","","14","True","0.0139112966545824","44.0","24.0","TST_JH","dl_results_momentum.csv"
"TST","gfc","KR","momentum","22","expanding","Lehman Crisis","0.6845582989660747","0.3941794148946212","0.0224280883546087","0.2939722745912425","","","","","14","True","0.0139112966545824","44.0","24.0","TST_JH","dl_results_momentum.csv"
"TST","gfc","KR","momentum","22","expanding","Pre-Lehman","0.1792036272276075","0.1391076518188823","0.0119102499688828","0.1568346983148559","","","","","14","True","0.0139112966545824","44.0","24.0","TST_JH","dl_results_momentum.csv"
"TST","gfc","KR","momentum","22","expanding","Recovery","0.2217652199931735","0.1371739566326141","0.0071969822268723","0.167146890564117","","","","","14","True","0.0139112966545824","44.0","24.0","TST_JH","dl_results_momentum.csv"
"TST","gfc","JP","momentum","22","expanding","Full Test","0.3914007007616512","0.2144980526123291","0.0192677219587352","0.2878877548537977","","","","","14","True","0.0200874412178215","28.0","24.0","TST_JH","dl_results_momentum.csv"
"TST","gfc","JP","momentum","22","expanding","Lehman Crisis","0.7204768365166597","0.4306097532573499","0.0375708584721405","0.3386750462500614","","","","","14","True","0.0200874412178215","28.0","24.0","TST_JH","dl_results_momentum.csv"
"TST","gfc","JP","momentum","22","expanding","Pre-Lehman","0.1892359198261136","0.1410891878475781","0.0135543288364877","0.1757836809031084","","","","","14","True","0.0200874412178215","28.0","24.0","TST_JH","dl_results_momentum.csv"
"TST","gfc","JP","momentum","22","expanding","Recovery","0.1837450224721121","0.1586217106162727","0.0127229470539869","0.1480584046498415","","","","","14","True","0.0200874412178215","28.0","24.0","TST_JH","dl_results_momentum.csv"
"TST","covid","US","momentum","22","expanding","Crash","1.1376838128299551","0.7896486974897838","0.0455617423000733","0.3167428354806897","","","","","14","True","0.0189307776242372","41.0","13.0","TST_JH","dl_results_momentum.csv"
"TST","covid","US","momentum","22","expanding","Full Test","0.3955852218441132","0.2068727638332113","0.0207815864964217","0.3450418038287366","","","","","14","True","0.0189307776242372","41.0","13.0","TST_JH","dl_results_momentum.csv"
"TST","covid","US","momentum","22","expanding","Pre-crash","0.0737701274767037","0.0613337410347802","0.0161033034441815","0.1531389029032802","","","","","14","True","0.0189307776242372","41.0","13.0","TST_JH","dl_results_momentum.csv"
"TST","covid","US","momentum","22","expanding","Recovery","0.2440719761564351","0.1696621971204877","0.0189240689701286","0.2440214076042706","","","","","14","True","0.0189307776242372","41.0","13.0","TST_JH","dl_results_momentum.csv"
"TST","covid","KR","momentum","22","expanding","Crash","0.4508232718908131","0.3436971420333499","0.0197324409110414","0.229451559077488","","","","","14","True","0.0140195127717884","28.0","13.0","TST_JH","dl_results_momentum.csv"
"TST","covid","KR","momentum","22","expanding","Full Test","0.2728346107258929","0.1705970731714079","0.0223313962430791","0.2675437650224518","","","","","14","True","0.0140195127717884","28.0","13.0","TST_JH","dl_results_momentum.csv"
"TST","covid","KR","momentum","22","expanding","Pre-crash","0.127452260754274","0.0858494111469813","0.0101303712751957","0.1634692602258189","","","","","14","True","0.0140195127717884","28.0","13.0","TST_JH","dl_results_momentum.csv"
"TST","covid","KR","momentum","22","expanding","Recovery","0.2663818816941533","0.1671130456961691","0.0248398021589578","0.2774279127199827","","","","","14","True","0.0140195127717884","28.0","13.0","TST_JH","dl_results_momentum.csv"
"TST","covid","JP","momentum","60","expanding","Crash","0.4983925552688565","0.3366747749479193","0.017872562380806","0.2177316636539207","","","","","14","True","0.0178303137394736","37.0","12.0","TST_JH","dl_results_momentum.csv"
"TST","covid","JP","momentum","60","expanding","Full Test","0.2329982133133025","0.1446298778432758","0.0204603895720057","0.2676967893461036","","","","","14","True","0.0178303137394736","37.0","12.0","TST_JH","dl_results_momentum.csv"
"TST","covid","JP","momentum","60","expanding","Pre-crash","0.1240459848294256","0.1038084450093182","0.0234113160954698","0.2311325016554354","","","","","14","True","0.0178303137394736","37.0","12.0","TST_JH","dl_results_momentum.csv"
"TST","covid","JP","momentum","60","expanding","Recovery","0.2033759666588782","0.1322549006310842","0.0202011860309223","0.259186697347603","","","","","14","True","0.0178303137394736","37.0","12.0","TST_JH","dl_results_momentum.csv"
"TST","normal","US","extended","22","static","Full Test","0.2487142159104146","0.1967122467220166","2959193.077304481","0.4250947562896512","0.0301957989737243","0.0304757590357788","23.0","23.0","28","True","","","","TST_JH","dl_results_extended.csv"
"TST","normal","KR","extended","22","static","Full Test","0.1566090108290035","0.1211116143808526","0.0713989214478784","0.294592854603334","0.0138072738875698","0.011413204002759","29.0","29.0","28","True","","","","TST_JH","dl_results_extended.csv"
"TST","normal","JP","extended","22","static","Full Test","0.1730991374731049","0.118467641285021","0.0228932079591714","0.2543552199348164","0.0145658206506594","0.0291490108000966","33.0","33.0","28","True","","","","TST_JH","dl_results_extended.csv"
"TST","911","US","extended","22","static","Full Test","0.2494440651027677","0.1761737507802468","0.0256058286965621","0.2368891056614906","0.0145802555894212","0.0264965463429689","19.0","19.0","28","True","","","","TST_JH","dl_results_extended.csv"
"TST","911","US","extended","22","static","Recovery","0.2023057166231624","0.1474797251549634","0.0256135747243404","0.2165654482468004","0.0145802555894212","0.0264965463429689","19.0","19.0","28","True","","","","TST_JH","dl_results_extended.csv"
"TST","911","US","extended","22","static","Shock","0.3948660426219971","0.3024274635314941","0.0255717461743378","0.2505632132900395","0.0145802555894212","0.0264965463429689","19.0","19.0","28","True","","","","TST_JH","dl_results_extended.csv"
"TST","911","KR","extended","22","static","Full Test","0.4963760698184872","0.3461695563267259","0.0541996477250061","0.3517291425123553","0.0181441448459346","0.044526819139719","15.0","15.0","28","True","","","","TST_JH","dl_results_extended.csv"
"TST","911","KR","extended","22","static","Recovery","0.4411821611411402","0.3618318400251756","0.0574628704647085","0.3103505629997349","0.0181441448459346","0.044526819139719","15.0","15.0","28","True","","","","TST_JH","dl_results_extended.csv"
"TST","911","KR","extended","22","static","Shock","0.6747560969749018","0.282940336951503","0.041025896664726","0.4926660900571268","0.0181441448459346","0.044526819139719","15.0","15.0","28","True","","","","TST_JH","dl_results_extended.csv"
"TST","911","JP","extended","60","static","Full Test","0.2544353372930519","0.2058317629914534","0.0169074355035053","0.1853186066125112","0.0131099120821406","0.038050252944231","15.0","15.0","28","True","","","","TST_JH","dl_results_extended.csv"
"TST","911","JP","extended","60","static","Recovery","0.2306932717760891","0.1889694957506089","0.0166226613748755","0.1805612823078767","0.0131099120821406","0.038050252944231","15.0","15.0","28","True","","","","TST_JH","dl_results_extended.csv"
"TST","911","JP","extended","60","static","Shock","0.3285265178656836","0.2690652651446206","0.0179753384858669","0.1898560505304137","0.0131099120821406","0.038050252944231","15.0","15.0","28","True","","","","TST_JH","dl_results_extended.csv"
"TST","gfc","US","extended","60","static","Full Test","0.5865878862820099","0.3138513227550633","0.0288346694538992","0.3628918385556138","0.0211910799342327","0.0170976176442378","42.0","42.0","28","True","","","","TST_JH","dl_results_extended.csv"
"TST","gfc","US","extended","60","static","Lehman Crisis","1.089818904045477","0.7045114248991012","0.0623011216978793","0.3853479396166376","0.0211910799342327","0.0170976176442378","42.0","42.0","28","True","","","","TST_JH","dl_results_extended.csv"
"TST","gfc","US","extended","60","static","Pre-Lehman","0.2410236162437069","0.1731475127248797","0.0178901441159055","0.2161997517600647","0.0211910799342327","0.0170976176442378","42.0","42.0","28","True","","","","TST_JH","dl_results_extended.csv"
"TST","gfc","US","extended","60","static","Recovery","0.3005921126663685","0.2256008975207805","0.0173512494710819","0.1910599460663361","0.0211910799342327","0.0170976176442378","42.0","42.0","28","True","","","","TST_JH","dl_results_extended.csv"
"TST","gfc","KR","extended","60","static","Full Test","0.4633213125867289","0.2516392522962098","0.0222006034384082","0.3152595504951356","0.0160822452373298","0.0194451107132819","12.0","12.0","28","True","","","","TST_JH","dl_results_extended.csv"
"TST","gfc","KR","extended","60","static","Lehman Crisis","0.8327926512066965","0.4564942060890844","0.0343903864985167","0.3576290730940893","0.0160822452373298","0.0194451107132819","12.0","12.0","28","True","","","","TST_JH","dl_results_extended.csv"
"TST","gfc","KR","extended","60","static","Pre-Lehman","0.2216942253503057","0.1867687538537112","0.0199567286309055","0.1940214463784269","0.0160822452373298","0.0194451107132819","12.0","12.0","28","True","","","","TST_JH","dl_results_extended.csv"
"TST","gfc","KR","extended","60","static","Recovery","0.2780149431192","0.1724705338478088","0.0119339930755384","0.2095429268582538","0.0160822452373298","0.0194451107132819","12.0","12.0","28","True","","","","TST_JH","dl_results_extended.csv"
"TST","gfc","JP","extended","22","static","Full Test","0.4301788839528917","0.2271735407093651","0.0222560665173234","0.3164103509414165","0.0127807534403359","0.01561318258359","23.0","23.0","28","True","","","","TST_JH","dl_results_extended.csv"
"TST","gfc","JP","extended","22","static","Lehman Crisis","0.8001482728708151","0.4739794093265868","0.0478046409899919","0.3761262535956129","0.0127807534403359","0.01561318258359","23.0","23.0","28","True","","","","TST_JH","dl_results_extended.csv"
"TST","gfc","JP","extended","22","static","Pre-Lehman","0.1950240504949347","0.1447950700560201","0.0142643035753451","0.181160349959641","0.0127807534403359","0.01561318258359","23.0","23.0","28","True","","","","TST_JH","dl_results_extended.csv"
"TST","gfc","JP","extended","22","static","Recovery","0.200085740582757","0.1581211686134338","0.0131804930763333","0.1612254587650736","0.0127807534403359","0.01561318258359","23.0","23.0","28","True","","","","TST_JH","dl_results_extended.csv"
"TST","covid","US","extended","252","static","Crash","1.2899423844803477","0.9195471888496762","0.0626823890495348","0.3591331825761821","0.0184376327355541","0.0113987240259606","22.0","22.0","28","True","","","","TST_JH","dl_results_extended.csv"
"TST","covid","US","extended","252","static","Full Test","0.4289471112956383","0.2152960269802039","0.0263237341729945","0.374141087320235","0.0184376327355541","0.0113987240259606","22.0","22.0","28","True","","","","TST_JH","dl_results_extended.csv"
"TST","covid","US","extended","252","static","Pre-crash","0.093473908919109","0.0659164169004985","0.0199395009297937","0.1940418479888616","0.0184376327355541","0.0113987240259606","22.0","22.0","28","True","","","","TST_JH","dl_results_extended.csv"
"TST","covid","US","extended","252","static","Recovery","0.2325372769745192","0.1654992142381767","0.0235107988141647","0.2324890982626243","0.0184376327355541","0.0113987240259606","22.0","22.0","28","True","","","","TST_JH","dl_results_extended.csv"
"TST","covid","KR","extended","22","static","Crash","0.3610562108965177","0.2851231069791884","0.0167686054926743","0.183763606872719","0.0129592042787264","0.0102751951322567","30.0","30.0","28","True","","","","TST_JH","dl_results_extended.csv"
"TST","covid","KR","extended","22","static","Full Test","0.2636535938001472","0.1682421621536055","0.0253688971640343","0.2585407876197182","0.0129592042787264","0.0102751951322567","30.0","30.0","28","True","","","","TST_JH","dl_results_extended.csv"
"TST","covid","KR","extended","22","static","Pre-crash","0.1340127963579555","0.0918818439756121","0.0116996100320878","0.1718837512318796","0.0129592042787264","0.0102751951322567","30.0","30.0","28","True","","","","TST_JH","dl_results_extended.csv"
"TST","covid","KR","extended","22","static","Recovery","0.26880430240495","0.1693781584811707","0.0288013511990171","0.2799507837097508","0.0129592042787264","0.0102751951322567","30.0","30.0","28","True","","","","TST_JH","dl_results_extended.csv"
"TST","covid","JP","extended","60","static","Crash","0.524114491284499","0.3748772112946761","0.0230941212263622","0.2289687494849166","0.0187786978651118","0.0102886168177095","55.0","55.0","28","True","","","","TST_JH","dl_results_extended.csv"
"TST","covid","JP","extended","60","static","Full Test","0.2541897577898756","0.1674036513231381","0.026970370672853","0.2920442224744241","0.0187786978651118","0.0102886168177095","55.0","55.0","28","True","","","","TST_JH","dl_results_extended.csv"
"TST","covid","JP","extended","60","static","Pre-crash","0.1277162833476228","0.1019053255969827","0.0254963888302238","0.2379712984089111","0.0187786978651118","0.0102886168177095","55.0","55.0","28","True","","","","TST_JH","dl_results_extended.csv"
"TST","covid","JP","extended","60","static","Recovery","0.2274243018119037","0.1578307863204709","0.0276278445453804","0.2898344118608697","0.0187786978651118","0.0102886168177095","55.0","55.0","28","True","","","","TST_JH","dl_results_extended.csv"
"TST","normal","US","extended","22","expanding","Full Test","0.1714883237898894","0.1040855448311083","0.0246109579799326","0.2931026155506992","","","","","28","True","0.0196303541672485","20.0","76.0","TST_JH","dl_results_extended.csv"
"TST","normal","KR","extended","22","expanding","Full Test","0.1093355812366316","0.0800855485362521","0.0171263185418251","0.2056681209830421","","","","","28","True","0.0134191557331745","22.0","74.0","TST_JH","dl_results_extended.csv"
"TST","normal","JP","extended","22","expanding","Full Test","0.1923137743057049","0.1235803348152604","0.0237120112506321","0.2825895788627051","","","","","28","True","0.0163939427523239","22.0","73.0","TST_JH","dl_results_extended.csv"
"TST","911","US","extended","22","expanding","Full Test","0.2573085866186277","0.1845178813846023","0.0269363645757883","0.2443577919482542","","","","","28","True","0.0235695276677825","35.0","7.0","TST_JH","dl_results_extended.csv"
"TST","911","US","extended","22","expanding","Recovery","0.21797279680893","0.1585685445503755","0.0273022006737197","0.233336839089252","","","","","28","True","0.0235695276677825","35.0","7.0","TST_JH","dl_results_extended.csv"
"TST","911","US","extended","22","expanding","Shock","0.3853157284398578","0.2986949634552002","0.02532668574489","0.2445030380632296","","","","","28","True","0.0235695276677825","35.0","7.0","TST_JH","dl_results_extended.csv"
"TST","911","KR","extended","22","expanding","Full Test","0.4099828758554262","0.2541901697130764","0.0289163093005666","0.2905114370684913","","","","","28","True","0.0236466717672431","20.0","7.0","TST_JH","dl_results_extended.csv"
"TST","911","KR","extended","22","expanding","Recovery","0.312845830590204","0.2463279782085243","0.0256047838455725","0.2200720886008999","","","","","28","True","0.0236466717672431","20.0","7.0","TST_JH","dl_results_extended.csv"
"TST","911","KR","extended","22","expanding","Shock","0.6719674363817303","0.285930128009231","0.0422850602114684","0.4906299787613657","","","","","28","True","0.0236466717672431","20.0","7.0","TST_JH","dl_results_extended.csv"
"TST","911","JP","extended","60","expanding","Full Test","0.2587794298776251","0.2080713272991037","0.0173280997683353","0.1884826371804885","","","","","28","True","0.0137830838184649","35.0","7.0","TST_JH","dl_results_extended.csv"
"TST","911","JP","extended","60","expanding","Recovery","0.2260956478693551","0.1860421561059497","0.0160001820710167","0.1769627687414517","","","","","28","True","0.0137830838184649","35.0","7.0","TST_JH","dl_results_extended.csv"
"TST","911","JP","extended","60","expanding","Shock","0.355520900737929","0.290680719273431","0.0223077911332803","0.2054561517092346","","","","","28","True","0.0137830838184649","35.0","7.0","TST_JH","dl_results_extended.csv"
"TST","gfc","US","extended","60","expanding","Full Test","0.5914414885872514","0.3238255747480175","0.0317519362390327","0.3658945133556864","","","","","28","True","0.0259513245202122","95.0","25.0","TST_JH","dl_results_extended.csv"
"TST","gfc","US","extended","60","expanding","Lehman Crisis","1.0854789329081052","0.7082404434680939","0.063774765133038","0.3838133737088763","","","","","28","True","0.0259513245202122","95.0","25.0","TST_JH","dl_results_extended.csv"
"TST","gfc","US","extended","60","expanding","Pre-Lehman","0.2564365043844287","0.1810209120330878","0.0198950001905768","0.2300252126914962","","","","","28","True","0.0259513245202122","95.0","25.0","TST_JH","dl_results_extended.csv"
"TST","gfc","US","extended","60","expanding","Recovery","0.3345357662212377","0.2523747660219669","0.0256616041694377","0.212634938703238","","","","","28","True","0.0259513245202122","95.0","25.0","TST_JH","dl_results_extended.csv"
"TST","gfc","KR","extended","60","expanding","Full Test","0.434569375550244","0.2288205512104276","0.0181905479653232","0.2956957564288095","","","","","28","True","0.0183763657319013","33.0","24.0","TST_JH","dl_results_extended.csv"
"TST","gfc","KR","extended","60","expanding","Lehman Crisis","0.7950468137919392","0.4555802996885978","0.0333003358195723","0.3414197455643133","","","","","28","True","0.0183763657319013","33.0","24.0","TST_JH","dl_results_extended.csv"
"TST","gfc","KR","extended","60","expanding","Pre-Lehman","0.1828459312897688","0.14343616084619","0.0127985468942412","0.1600223551028209","","","","","28","True","0.0183763657319013","33.0","24.0","TST_JH","dl_results_extended.csv"
"TST","gfc","KR","extended","60","expanding","Recovery","0.2632631399925377","0.1878587640821933","0.0144386145621503","0.1984243302500412","","","","","28","True","0.0183763657319013","33.0","24.0","TST_JH","dl_results_extended.csv"
"TST","gfc","JP","extended","22","expanding","Full Test","0.4196705610068519","0.2226380536444167","0.021730357981834","0.3086811427557206","","","","","28","True","0.0223933303178066","25.0","24.0","TST_JH","dl_results_extended.csv"
"TST","gfc","JP","extended","22","expanding","Lehman Crisis","0.7737142390159967","0.4614395535828774","0.0426029949252709","0.3637003889673483","","","","","28","True","0.0223933303178066","25.0","24.0","TST_JH","dl_results_extended.csv"
"TST","gfc","JP","extended","22","expanding","Pre-Lehman","0.2037106980244696","0.1429459603254545","0.0153055411171569","0.1892294886245026","","","","","28","True","0.0223933303178066","25.0","24.0","TST_JH","dl_results_extended.csv"
"TST","gfc","JP","extended","22","expanding","Recovery","0.186788922008677","0.1557723245063385","0.0139406652540902","0.1505111236581433","","","","","28","True","0.0223933303178066","25.0","24.0","TST_JH","dl_results_extended.csv"
"TST","covid","US","extended","252","expanding","Crash","1.3151195818277823","0.932046515601022","0.0643289467052741","0.3661427724001302","","","","","28","True","0.0212202809287076","38.0","13.0","TST_JH","dl_results_extended.csv"
"TST","covid","US","extended","252","expanding","Full Test","0.435479530927489","0.2190797343970306","0.029812812295908","0.3798388680478179","","","","","28","True","0.0212202809287076","38.0","13.0","TST_JH","dl_results_extended.csv"
"TST","covid","US","extended","252","expanding","Pre-crash","0.1154560846386275","0.0868452195610318","0.0307387066253424","0.2396744961658254","","","","","28","True","0.0212202809287076","38.0","13.0","TST_JH","dl_results_extended.csv"
"TST","covid","US","extended","252","expanding","Recovery","0.2309901361310045","0.1652042428031563","0.0258688272744138","0.2309422779666533","","","","","28","True","0.0212202809287076","38.0","13.0","TST_JH","dl_results_extended.csv"
"TST","covid","KR","extended","22","expanding","Crash","0.8674708632590409","0.5241737819853283","0.0629659310644148","0.44150902235874","","","","","28","True","0.0151999579750697","27.0","13.0","TST_JH","dl_results_extended.csv"
"TST","covid","KR","extended","22","expanding","Full Test","0.3517170629149926","0.1944083500533334","0.0303854477014585","0.344896518020781","","","","","28","True","0.0151999579750697","27.0","13.0","TST_JH","dl_results_extended.csv"
"TST","covid","KR","extended","22","expanding","Pre-crash","0.1439405289337312","0.104520959513528","0.0159866600185603","0.1846169824062618","","","","","28","True","0.0151999579750697","27.0","13.0","TST_JH","dl_results_extended.csv"
"TST","covid","KR","extended","22","expanding","Recovery","0.2714835110054332","0.1747259781695902","0.0294467363383302","0.2827410907871175","","","","","28","True","0.0151999579750697","27.0","13.0","TST_JH","dl_results_extended.csv"
"TST","covid","JP","extended","60","expanding","Crash","0.5033261861175246","0.3572221994400024","0.0186889476607653","0.2198870081533089","","","","","28","True","0.0201753610523349","18.0","12.0","TST_JH","dl_results_extended.csv"
"TST","covid","JP","extended","60","expanding","Full Test","0.2479873903329821","0.1546469784709585","0.0240750589294344","0.2849181856222764","","","","","28","True","0.0201753610523349","18.0","12.0","TST_JH","dl_results_extended.csv"
"TST","covid","JP","extended","60","expanding","Pre-crash","0.1341562400652013","0.1095376190814104","0.0284443701635561","0.2499707461035176","","","","","28","True","0.0201753610523349","18.0","12.0","TST_JH","dl_results_extended.csv"
"TST","covid","JP","extended","60","expanding","Recovery","0.2227531199613977","0.1419570841776427","0.0238500527110403","0.2838813574443003","","","","","28","True","0.0201753610523349","18.0","12.0","TST_JH","dl_results_extended.csv"
