ensemble_method,models,n_models,regime,country,feature_set,protocol,member_Ls,phase,RMSE,MAE,QLIKE,RMSE_CV,n_obs
equal_weight,LSTM+1DCNN,2,911,JP,core,expanding,LSTM:L60|1DCNN:L22,Full Test,0.2319286563602572,0.18207596903456783,0.013315033102564943,0.1689258099423932,133
equal_weight,LSTM+1DCNN,2,911,JP,core,expanding,LSTM:L60|1DCNN:L22,Shock,0.3152536219479723,0.243479317852429,0.013212522944728133,0.18218562071424838,28
equal_weight,LSTM+1DCNN,2,911,JP,core,expanding,LSTM:L60|1DCNN:L22,Recovery,0.20404047745078274,0.16570174268313817,0.01334236914465476,0.15970041071238264,105
equal_weight,LSTM+TCN,2,911,JP,core,expanding,LSTM:L60|TCN:L22,Full Test,0.24174991880465138,0.18512023682881118,0.014350513753929038,0.17607915071154356,133
equal_weight,LSTM+TCN,2,911,JP,core,expanding,LSTM:L60|TCN:L22,Shock,0.3391032659383231,0.2521436171872275,0.017860141008624424,0.1959683717809847,28
equal_weight,LSTM+TCN,2,911,JP,core,expanding,LSTM:L60|TCN:L22,Recovery,0.2082391800660812,0.16724733539990017,0.013414613152676936,0.16298669263300822,105
equal_weight,LSTM+TST,2,911,JP,core,expanding,LSTM:L60|TST:L60,Full Test,0.2281218602500181,0.1785750092132305,0.01282054067915204,0.16615312058912582,133
equal_weight,LSTM+TST,2,911,JP,core,expanding,LSTM:L60|TST:L60,Shock,0.3068955387687082,0.23395146995920454,0.014592550877644066,0.17735546979453318,28
equal_weight,LSTM+TST,2,911,JP,core,expanding,LSTM:L60|TST:L60,Recovery,0.20199217682707488,0.16380795301430398,0.012348004626220833,0.15809722660423195,105
equal_weight,1DCNN+TCN,2,911,JP,core,expanding,1DCNN:L22|TCN:L22,Full Test,0.24706753966929337,0.19062773536022445,0.014664706356232604,0.17995225300784157,133
equal_weight,1DCNN+TCN,2,911,JP,core,expanding,1DCNN:L22|TCN:L22,Shock,0.3426296103515105,0.2547450512647629,0.014972106163657082,0.19800625239849842,28
equal_weight,1DCNN+TCN,2,911,JP,core,expanding,1DCNN:L22|TCN:L22,Recovery,0.2145110431419958,0.17352978445234754,0.014582733074252745,0.167895616203808,105
equal_weight,1DCNN+TST,2,911,JP,core,expanding,1DCNN:L22|TST:L60,Full Test,0.22992147076905176,0.18430805801316397,0.013202266776186937,0.1674638713573983,133
equal_weight,1DCNN+TST,2,911,JP,core,expanding,1DCNN:L22|TST:L60,Shock,0.3057942762866309,0.23670421303860797,0.01295094884254046,0.17671904827579904,28
equal_weight,1DCNN+TST,2,911,JP,core,expanding,1DCNN:L22|TST:L60,Recovery,0.20499970960187835,0.17033575000637888,0.013269284891825998,0.16045119198094462,105
equal_weight,TCN+TST,2,911,JP,core,expanding,TCN:L22|TST:L60,Full Test,0.24033342580314554,0.19099900314033855,0.014452164044312606,0.17504744453382387,133
equal_weight,TCN+TST,2,911,JP,core,expanding,TCN:L22|TST:L60,Shock,0.3302496548080673,0.25749167274894713,0.018242753808122982,0.19085185438980803,28
equal_weight,TCN+TST,2,911,JP,core,expanding,TCN:L22|TST:L60,Recovery,0.20994977456586372,0.17326762457804287,0.013441340107296506,0.16432555758564246,105
equal_weight,LSTM+1DCNN+TCN,3,911,JP,core,expanding,LSTM:L60|1DCNN:L22|TCN:L22,Full Test,0.2294475150004036,0.1788005150649183,0.013373329135403777,0.16711866450218593,133
equal_weight,LSTM+1DCNN+TCN,3,911,JP,core,expanding,LSTM:L60|1DCNN:L22|TCN:L22,Shock,0.2997043847833168,0.2231806686946324,0.01283699494354386,0.1731996893014022,28
equal_weight,LSTM+1DCNN+TCN,3,911,JP,core,expanding,LSTM:L60|1DCNN:L22|TCN:L22,Recovery,0.20671819910592662,0.16696580743032785,0.01351635158656642,0.16179623627328424,105
equal_weight,LSTM+1DCNN+TST,3,911,JP,core,expanding,LSTM:L60|1DCNN:L22|TST:L60,Full Test,0.2185712817091544,0.17376755248461997,0.012467736792913665,0.15919693310995628,133
equal_weight,LSTM+1DCNN+TST,3,911,JP,core,expanding,LSTM:L60|1DCNN:L22|TST:L60,Shock,0.2730446092253865,0.2038842069915408,0.01132503458117228,0.15779295827603856,28
equal_weight,LSTM+1DCNN+TST,3,911,JP,core,expanding,LSTM:L60|1DCNN:L22|TST:L60,Recovery,0.20157401685460227,0.16573644461610776,0.012772457382711369,0.15776993703805525,105
equal_weight,LSTM+TCN+TST,3,911,JP,core,expanding,LSTM:L60|TCN:L22|TST:L60,Full Test,0.23386367193115665,0.18254789581105663,0.013511413837981255,0.17033518331477024,133
equal_weight,LSTM+TCN+TST,3,911,JP,core,expanding,LSTM:L60|TCN:L22|TST:L60,Shock,0.3213355709886862,0.24584871198390781,0.01619695514807134,0.18570038972558667,28
equal_weight,LSTM+TCN+TST,3,911,JP,core,expanding,LSTM:L60|TCN:L22|TST:L60,Recovery,0.2043079256421297,0.16566767816496303,0.012795269488623901,0.15990973969718025,105
equal_weight,1DCNN+TCN+TST,3,911,JP,core,expanding,1DCNN:L22|TCN:L22|TST:L60,Full Test,0.22769666225628166,0.17920241504278117,0.01331709201115275,0.16584342657974804,133
equal_weight,1DCNN+TCN+TST,3,911,JP,core,expanding,1DCNN:L22|TCN:L22|TST:L60,Shock,0.29195539940811727,0.21399690817235312,0.01276006360166849,0.1687215370703095,28
equal_weight,1DCNN+TCN+TST,3,911,JP,core,expanding,1DCNN:L22|TCN:L22|TST:L60,Recovery,0.20722255493006542,0.16992388354156202,0.013465632920348553,0.16219099045768168,105
equal_weight,LSTM+1DCNN+TCN+TST,4,911,JP,core,expanding,LSTM:L60|1DCNN:L22|TCN:L22|TST:L60,Full Test,0.22274220511316517,0.1755044169613183,0.012834168247788562,0.16223483547737988,133
equal_weight,LSTM+1DCNN+TCN+TST,4,911,JP,core,expanding,LSTM:L60|1DCNN:L22|TCN:L22|TST:L60,Shock,0.282752372413335,0.21003386721108303,0.012181885536780417,0.1634030916385514,28
equal_weight,LSTM+1DCNN+TCN+TST,4,911,JP,core,expanding,LSTM:L60|1DCNN:L22|TCN:L22|TST:L60,Recovery,0.20377636310644637,0.166296563561381,0.0130081103040574,0.15949369109580203,105
equal_weight,LSTM+1DCNN,2,911,JP,core,static,LSTM:L60|1DCNN:L22,Full Test,0.2285037504988785,0.17970445259398496,0.013685775577674275,0.16643127130605173,133
equal_weight,LSTM+1DCNN,2,911,JP,core,static,LSTM:L60|1DCNN:L22,Shock,0.2981606232840997,0.22496268392857147,0.013772901402607054,0.17230754608491525,28
equal_weight,LSTM+1DCNN,2,911,JP,core,static,LSTM:L60|1DCNN:L22,Recovery,0.2059880719427494,0.16763559090476193,0.013662542024358869,0.16122477341738325,105
equal_weight,LSTM+TCN,2,911,JP,core,static,LSTM:L60|TCN:L22,Full Test,0.2302772739677481,0.18363837172932332,0.013910829693210877,0.16772302150695942,133
equal_weight,LSTM+TCN,2,911,JP,core,static,LSTM:L60|TCN:L22,Shock,0.2894297409277753,0.2192580428571429,0.013191518187722604,0.1672619538889904,28
equal_weight,LSTM+TCN,2,911,JP,core,static,LSTM:L60|TCN:L22,Recovery,0.21173041593502065,0.17413979276190478,0.014102646094674418,0.16571924778333544,105
equal_weight,LSTM+TST,2,911,JP,core,static,LSTM:L60|TST:L60,Full Test,0.22044452167992948,0.17676091236842106,0.012806977342787426,0.1605613120815066,133
equal_weight,LSTM+TST,2,911,JP,core,static,LSTM:L60|TST:L60,Shock,0.26832737421249137,0.2055153714285714,0.011947851031434118,0.15506685922744637,28
equal_weight,LSTM+TST,2,911,JP,core,static,LSTM:L60|TST:L60,Recovery,0.2058027593964803,0.16909305661904764,0.013036077692481642,0.16107973116808283,105
equal_weight,1DCNN+TCN,2,911,JP,core,static,1DCNN:L22|TCN:L22,Full Test,0.23387846179570174,0.18665783921052634,0.014552174320625012,0.170345955559944,133
equal_weight,1DCNN+TCN,2,911,JP,core,static,1DCNN:L22|TCN:L22,Shock,0.2942275478589626,0.2238873803571428,0.014104891541323153,0.17003461491242264,28
equal_weight,1DCNN+TCN,2,911,JP,core,static,1DCNN:L22|TCN:L22,Recovery,0.21494249824393413,0.17672996157142856,0.014671449728438842,0.16823331200835762,105
equal_weight,1DCNN+TST,2,911,JP,core,static,1DCNN:L22|TST:L60,Full Test,0.22288652928151792,0.1794323127067669,0.013238695595315398,0.16233995435229678,133
equal_weight,1DCNN+TST,2,911,JP,core,static,1DCNN:L22|TST:L60,Shock,0.276943576593723,0.21674224464285713,0.012958841985729355,0.16004617766503362,28
equal_weight,1DCNN+TST,2,911,JP,core,static,1DCNN:L22|TST:L60,Recovery,0.20609038717707734,0.16948299752380955,0.013313323224538341,0.1613048545129345,105
equal_weight,TCN+TST,2,911,JP,core,static,TCN:L22|TST:L60,Full Test,0.2334088478583016,0.18583717943609024,0.01419820026404554,0.17000391108822788,133
equal_weight,TCN+TST,2,911,JP,core,static,TCN:L22|TST:L60,Shock,0.28609407223343475,0.2198138285714286,0.013720915696479605,0.16533426511190316,28
equal_weight,TCN+TST,2,911,JP,core,static,TCN:L22|TST:L60,Recovery,0.21721185391898185,0.17677673966666668,0.014325476148729789,0.1700095136644162,105
equal_weight,LSTM+1DCNN+TCN,3,911,JP,core,static,LSTM:L60|1DCNN:L22|TCN:L22,Full Test,0.227460774992358,0.18161781992481205,0.01366502420816753,0.1656716175186968,133
equal_weight,LSTM+1DCNN+TCN,3,911,JP,core,static,LSTM:L60|1DCNN:L22|TCN:L22,Shock,0.28837071900795574,0.21912442023809525,0.013144178408846621,0.16664994326785493,28
equal_weight,LSTM+1DCNN+TCN,3,911,JP,core,static,LSTM:L60|1DCNN:L22|TCN:L22,Recovery,0.20823048011241402,0.17161605984126982,0.01380391642131977,0.1629798835344581,105
equal_weight,LSTM+1DCNN+TST,3,911,JP,core,static,LSTM:L60|1DCNN:L22|TST:L60,Full Test,0.22058929258182688,0.17682465488721807,0.012899098242986145,0.16066675632563082,133
equal_weight,LSTM+1DCNN+TST,3,911,JP,core,static,LSTM:L60|1DCNN:L22|TST:L60,Shock,0.27668761132723046,0.21213243452380956,0.012473780585040459,0.1598982548894957,28
equal_weight,LSTM+1DCNN+TST,3,911,JP,core,static,LSTM:L60|1DCNN:L22|TST:L60,Recovery,0.2030285607142324,0.167409246984127,0.013012516285104993,0.1589083940137425,105
equal_weight,LSTM+TCN+TST,3,911,JP,core,static,LSTM:L60|TCN:L22|TST:L60,Full Test,0.2252047884085258,0.18154287250626566,0.013372265227896257,0.16402846411584518,133
equal_weight,LSTM+TCN+TST,3,911,JP,core,static,LSTM:L60|TCN:L22|TST:L60,Shock,0.2761396847169844,0.21391898571428566,0.012512693316955101,0.15958160714236458,28
equal_weight,LSTM+TCN+TST,3,911,JP,core,static,LSTM:L60|TCN:L22|TST:L60,Recovery,0.20954144153652382,0.1729092423174603,0.013601484404147232,0.1640059597366752,105
equal_weight,1DCNN+TCN+TST,3,911,JP,core,static,1DCNN:L22|TCN:L22|TST:L60,Full Test,0.2255519208066837,0.18179445649122808,0.013549688500251076,0.16428129885580373,133
equal_weight,1DCNN+TCN+TST,3,911,JP,core,static,1DCNN:L22|TCN:L22|TST:L60,Shock,0.27843633179042865,0.2166372345238095,0.013001002475624428,0.16090884350607182,28
equal_weight,1DCNN+TCN+TST,3,911,JP,core,static,1DCNN:L22|TCN:L22|TST:L60,Recovery,0.2092036563046429,0.172503049015873,0.013696004773484849,0.16374157866373193,105
equal_weight,LSTM+1DCNN+TCN+TST,4,911,JP,core,static,LSTM:L60|1DCNN:L22|TCN:L22|TST:L60,Full Test,0.22290795414695266,0.17943614560150373,0.013191864822770927,0.1623555592059768,133
equal_weight,LSTM+1DCNN+TCN+TST,4,911,JP,core,static,LSTM:L60|1DCNN:L22|TCN:L22|TST:L60,Shock,0.277028123593856,0.21344870267857144,0.012530051842561054,0.16009503752439833,28
equal_weight,LSTM+1DCNN+TCN+TST,4,911,JP,core,static,LSTM:L60|1DCNN:L22|TCN:L22|TST:L60,Recovery,0.20608943679381664,0.1703661303809524,0.013368348284160227,0.16130411065760142,105
equal_weight,LSTM+1DCNN,2,911,JP,extended,expanding,LSTM:L22|1DCNN:L60,Full Test,0.23984461262254655,0.18960169473088773,0.015061785198974224,0.17469141624590528,133
equal_weight,LSTM+1DCNN,2,911,JP,extended,expanding,LSTM:L22|1DCNN:L60,Shock,0.3027026685394456,0.2272102875368936,0.013794644327580161,0.17493240273959362,28
equal_weight,LSTM+1DCNN,2,911,JP,extended,expanding,LSTM:L22|1DCNN:L60,Recovery,0.22007085278966002,0.1795727366492862,0.015399689431345972,0.17224722278357998,105
equal_weight,LSTM+TCN,2,911,JP,extended,expanding,LSTM:L22|TCN:L22,Full Test,0.2610579218224188,0.20474745165136524,0.017775383354104408,0.1901421824185019,133
equal_weight,LSTM+TCN,2,911,JP,extended,expanding,LSTM:L22|TCN:L22,Shock,0.33687568106158106,0.281524338892528,0.01884203049247663,0.19468104657610602,28
equal_weight,LSTM+TCN,2,911,JP,extended,expanding,LSTM:L22|TCN:L22,Recovery,0.23677452487063813,0.18427361505372183,0.017490944117205146,0.18532101738093198,105
equal_weight,LSTM+TST,2,911,JP,extended,expanding,LSTM:L22|TST:L60,Full Test,0.2503241127404212,0.20526163974728118,0.016038186775667623,0.18232418605100267,133
equal_weight,LSTM+TST,2,911,JP,extended,expanding,LSTM:L22|TST:L60,Shock,0.343199338862186,0.27951376452257976,0.019441460389859364,0.19833549950346316,28
equal_weight,LSTM+TST,2,911,JP,extended,expanding,LSTM:L22|TST:L60,Recovery,0.21900348888918592,0.18546107314053492,0.01513064714521649,0.17141180789230478,105
equal_weight,1DCNN+TCN,2,911,JP,extended,expanding,1DCNN:L60|TCN:L22,Full Test,0.2898372918336103,0.2252145384935508,0.02088052332228476,0.2111037076783249,133
equal_weight,1DCNN+TCN,2,911,JP,extended,expanding,1DCNN:L60|TCN:L22,Shock,0.3935239715002762,0.33656859397888184,0.024242527785203243,0.22741819291626109,28
equal_weight,1DCNN+TCN,2,911,JP,extended,expanding,1DCNN:L60|TCN:L22,Recovery,0.25516830973953714,0.19552012369746252,0.019983988798839832,0.19971764610293122,105
equal_weight,1DCNN+TST,2,911,JP,extended,expanding,1DCNN:L60|TST:L60,Full Test,0.2407053656004243,0.19298631951864717,0.01536387288852511,0.17531834780421376,133
equal_weight,1DCNN+TST,2,911,JP,extended,expanding,1DCNN:L60|TST:L60,Shock,0.3015194447723363,0.23976334119265422,0.014372529278014143,0.17424861565057412,28
equal_weight,1DCNN+TST,2,911,JP,extended,expanding,1DCNN:L60|TST:L60,Recovery,0.22168844282680036,0.1805124470722453,0.015628231184661372,0.17351329408728924,105
equal_weight,TCN+TST,2,911,JP,extended,expanding,TCN:L22|TST:L60,Full Test,0.2645059367134604,0.21255164195111784,0.018403714294427203,0.19265355258423894,133
equal_weight,TCN+TST,2,911,JP,extended,expanding,TCN:L22|TST:L60,Shock,0.3415265187298997,0.2905018826745987,0.020040313234950948,0.19736877381682166,28
equal_weight,TCN+TST,2,911,JP,extended,expanding,TCN:L22|TST:L60,Recovery,0.23982534875662878,0.19176491109152297,0.017967287910287538,0.18770886627097086,105
equal_weight,LSTM+1DCNN+TCN,3,911,JP,extended,expanding,LSTM:L22|1DCNN:L60|TCN:L22,Full Test,0.2533743675270115,0.19870167104223915,0.016848521540083945,0.18454584666182022,133
equal_weight,LSTM+1DCNN+TCN,3,911,JP,extended,expanding,LSTM:L22|1DCNN:L60|TCN:L22,Shock,0.32537184360866617,0.27086667219797766,0.017201417249803643,0.18803295874763057,28
equal_weight,LSTM+1DCNN+TCN,3,911,JP,extended,expanding,LSTM:L22|1DCNN:L60|TCN:L22,Recovery,0.23040623339677538,0.1794576707340422,0.016754416017492026,0.18033662028179578,105
equal_weight,LSTM+1DCNN+TST,3,911,JP,extended,expanding,LSTM:L22|1DCNN:L60|TST:L60,Full Test,0.23783570212743413,0.192728236093262,0.014844768814384214,0.17322822132288762,133
equal_weight,LSTM+1DCNN+TST,3,911,JP,extended,expanding,LSTM:L22|1DCNN:L60|TST:L60,Shock,0.3057203191718553,0.24088449194087075,0.014574037108718916,0.17667630832953493,28
equal_weight,LSTM+1DCNN+TST,3,911,JP,extended,expanding,LSTM:L22|1DCNN:L60|TST:L60,Recovery,0.21616212260004875,0.17988656786723303,0.014916963935894962,0.16918789933735162,105
equal_weight,LSTM+TCN+TST,3,911,JP,extended,expanding,LSTM:L22|TCN:L22|TST:L60,Full Test,0.2465774493541966,0.19794402751577087,0.016182595631926495,0.17959529451585576,133
equal_weight,LSTM+TCN+TST,3,911,JP,extended,expanding,LSTM:L22|TCN:L22|TST:L60,Shock,0.3149225594134259,0.2556465716234661,0.016674393226206324,0.18199429909523293,28
equal_weight,LSTM+TCN+TST,3,911,JP,extended,expanding,LSTM:L22|TCN:L22|TST:L60,Recovery,0.2248708456515125,0.18255668242038542,0.016051449606785204,0.17600412847715372,105
equal_weight,1DCNN+TCN+TST,3,911,JP,extended,expanding,1DCNN:L60|TCN:L22|TST:L60,Full Test,0.2547690066624873,0.20371017562550137,0.017174229234521277,0.18556163552221733,133
equal_weight,1DCNN+TCN+TST,3,911,JP,extended,expanding,1DCNN:L60|TCN:L22|TST:L60,Shock,0.32582673498356884,0.27495247365597314,0.01765209201968381,0.18829584127054058,28
equal_weight,1DCNN+TCN+TST,3,911,JP,extended,expanding,1DCNN:L60|TCN:L22|TST:L60,Recovery,0.2321760026990743,0.1847122294840422,0.017046799158477937,0.18172180075174188,105
equal_weight,LSTM+1DCNN+TCN+TST,4,911,JP,extended,expanding,LSTM:L22|1DCNN:L60|TCN:L22|TST:L60,Full Test,0.2430496155214278,0.19409379641664118,0.015758950253849685,0.17702578802668367,133
equal_weight,LSTM+1DCNN+TCN+TST,4,911,JP,extended,expanding,LSTM:L22|1DCNN:L60|TCN:L22|TST:L60,Shock,0.307639434954612,0.24859893891755513,0.015533737600235726,0.17778536870430117,28
equal_weight,LSTM+1DCNN+TCN+TST,4,911,JP,extended,expanding,LSTM:L22|1DCNN:L60|TCN:L22|TST:L60,Recovery,0.2226837980546095,0.17955909174973078,0.015819006961480073,0.17429234852134964,105
equal_weight,LSTM+1DCNN,2,911,JP,extended,static,LSTM:L22|1DCNN:L60,Full Test,0.24096966189463925,0.19471216233082705,0.015669089064148423,0.1755108486742807,133
equal_weight,LSTM+1DCNN,2,911,JP,extended,static,LSTM:L22|1DCNN:L60,Shock,0.2948282275383221,0.2327511517857143,0.013901344420114077,0.1703817487505314,28
equal_weight,LSTM+1DCNN,2,911,JP,extended,static,LSTM:L22|1DCNN:L60,Recovery,0.2244350605565247,0.18456843180952376,0.016140487635890915,0.1756630441941279,105
equal_weight,LSTM+TCN,2,911,JP,extended,static,LSTM:L22|TCN:L22,Full Test,0.24877664186981843,0.19899027781954887,0.01675862312812101,0.18119708183016206,133
equal_weight,LSTM+TCN,2,911,JP,extended,static,LSTM:L22|TCN:L22,Shock,0.3123988492855595,0.2534579017857143,0.016068908651502505,0.18053584181320903,28
equal_weight,LSTM+TCN,2,911,JP,extended,static,LSTM:L22|TCN:L22,Recovery,0.22884264886899722,0.1844655780952381,0.01694254698855261,0.17911281883541386,105
equal_weight,LSTM+TST,2,911,JP,extended,static,LSTM:L22|TST:L60,Full Test,0.2378184033581092,0.1954360581954887,0.0148782011324812,0.1732156217324747,133
equal_weight,LSTM+TST,2,911,JP,extended,static,LSTM:L22|TST:L60,Shock,0.30700306027107593,0.24660966071428572,0.015134097545191683,0.17741760589715477,28
equal_weight,LSTM+TST,2,911,JP,extended,static,LSTM:L22|TST:L60,Recovery,0.21565261424754123,0.18178976419047624,0.014809962089091739,0.16878911259769191,105
equal_weight,1DCNN+TCN,2,911,JP,extended,static,1DCNN:L60|TCN:L22,Full Test,0.2808873867009425,0.22574942330827066,0.020153240076412927,0.20458502217320004,133
equal_weight,1DCNN+TCN,2,911,JP,extended,static,1DCNN:L60|TCN:L22,Shock,0.3752706303407342,0.31866244285714285,0.022214938688630687,0.21686955413337286,28
equal_weight,1DCNN+TCN,2,911,JP,extended,static,1DCNN:L60|TCN:L22,Recovery,0.2497658332866585,0.2009726180952381,0.019603453779821527,0.19548918293791936,105
equal_weight,1DCNN+TST,2,911,JP,extended,static,1DCNN:L60|TST:L60,Full Test,0.25084126800168255,0.2029494608270677,0.01693095329317527,0.18270085737497319,133
equal_weight,1DCNN+TST,2,911,JP,extended,static,1DCNN:L60|TST:L60,Shock,0.31141884005439024,0.24999360892857142,0.0160854163140761,0.1799694927631454,28
equal_weight,1DCNN+TST,2,911,JP,extended,static,1DCNN:L60|TST:L60,Recovery,0.2320314227510086,0.1904043546666667,0.017156429820935053,0.18160863979124786,105
equal_weight,TCN+TST,2,911,JP,extended,static,TCN:L22|TST:L60,Full Test,0.2550129062007636,0.2058908484962406,0.017347835550908196,0.18573928036534487,133
equal_weight,TCN+TST,2,911,JP,extended,static,TCN:L22|TST:L60,Shock,0.32737760440265806,0.2735801732142857,0.017917411880912608,0.18919209061362452,28
equal_weight,TCN+TST,2,911,JP,extended,static,TCN:L22|TST:L60,Recovery,0.23193327787570522,0.1878403619047619,0.017195948529573686,0.1815318227933818,105
equal_weight,LSTM+1DCNN+TCN,3,911,JP,extended,static,LSTM:L22|1DCNN:L60|TCN:L22,Full Test,0.25024651466592623,0.20170755949874686,0.0168147941562219,0.18226766731324628,133
equal_weight,LSTM+1DCNN+TCN,3,911,JP,extended,static,LSTM:L22|1DCNN:L60|TCN:L22,Shock,0.3163551474711474,0.2599151095238095,0.016297724805239628,0.18282219345961442,28
equal_weight,LSTM+1DCNN+TCN,3,911,JP,extended,static,LSTM:L22|1DCNN:L60|TCN:L22,Recovery,0.22942256887244306,0.18618554615873018,0.016952679316483837,0.1795667163367301,105
equal_weight,LSTM+1DCNN+TST,3,911,JP,extended,static,LSTM:L22|1DCNN:L60|TST:L60,Full Test,0.23641805220736928,0.1932761940350877,0.015163143358401713,0.17219567251158135,133
equal_weight,LSTM+1DCNN+TST,3,911,JP,extended,static,LSTM:L22|1DCNN:L60|TST:L60,Shock,0.2911377021677743,0.23100653452380956,0.013775541979816508,0.16824898767913632,28
equal_weight,LSTM+1DCNN+TST,3,911,JP,extended,static,LSTM:L22|1DCNN:L60|TST:L60,Recovery,0.21953462388833256,0.1832147699047619,0.015533170392691104,0.17182752214654495,105
equal_weight,LSTM+TCN+TST,3,911,JP,extended,static,LSTM:L22|TCN:L22|TST:L60,Full Test,0.24149460474719947,0.19624089007518797,0.015712016086753103,0.17589319209807083,133
equal_weight,LSTM+TCN+TST,3,911,JP,extended,static,LSTM:L22|TCN:L22|TST:L60,Shock,0.30577059073740875,0.24869832976190476,0.015407321518520764,0.17670535959638062,28
equal_weight,LSTM+TCN+TST,3,911,JP,extended,static,LSTM:L22|TCN:L22|TST:L60,Recovery,0.2212224554121183,0.1822522394920635,0.015793267971615062,0.17314857075107146,105
equal_weight,1DCNN+TCN+TST,3,911,JP,extended,static,1DCNN:L60|TCN:L22|TST:L60,Full Test,0.25511607213306164,0.20573837403508774,0.01738263905246058,0.18581442152705602,133
equal_weight,1DCNN+TCN+TST,3,911,JP,extended,static,1DCNN:L60|TCN:L22|TST:L60,Shock,0.3264693813396189,0.27139314047619045,0.017641424708374296,0.18866722691577503,28
equal_weight,1DCNN+TCN+TST,3,911,JP,extended,static,1DCNN:L60|TCN:L22|TST:L60,Recovery,0.2324178660863997,0.18823043631746028,0.017313629544216922,0.18191110506799651,105
equal_weight,LSTM+1DCNN+TCN+TST,4,911,JP,extended,static,LSTM:L22|1DCNN:L60|TCN:L22|TST:L60,Full Test,0.2424318751365735,0.1963967020300752,0.01592384992065079,0.17657585530215597,133
equal_weight,LSTM+1DCNN+TCN+TST,4,911,JP,extended,static,LSTM:L22|1DCNN:L60|TCN:L22|TST:L60,Shock,0.3039167916136324,0.2448662035714285,0.015222951423928845,0.17563404583793066,28
equal_weight,LSTM+1DCNN+TCN+TST,4,911,JP,extended,static,LSTM:L22|1DCNN:L60|TCN:L22|TST:L60,Recovery,0.22319339934439103,0.18347150161904763,0.016110756186443306,0.17469120856452383,105
equal_weight,LSTM+1DCNN,2,911,JP,momentum,expanding,LSTM:L22|1DCNN:L22,Full Test,0.23876106799842792,0.18764259739029676,0.014485760596094487,0.17390221384155188,133
equal_weight,LSTM+1DCNN,2,911,JP,momentum,expanding,LSTM:L22|1DCNN:L22,Shock,0.3293457990243979,0.26244364253112246,0.016376271965622913,0.19032951454810706,28
equal_weight,LSTM+1DCNN,2,911,JP,momentum,expanding,LSTM:L22|1DCNN:L22,Recovery,0.20804734764041447,0.16769565201940992,0.013981624230886907,0.16283654734051684,105
equal_weight,LSTM+TCN,2,911,JP,momentum,expanding,LSTM:L22|TCN:L22,Full Test,0.25859523638204673,0.19898300332234317,0.016828756921324736,0.18834847939285249,133
equal_weight,LSTM+TCN,2,911,JP,momentum,expanding,LSTM:L22|TCN:L22,Shock,0.3657897221508642,0.2973273779664721,0.020597941829549445,0.21139052160341493,28
equal_weight,LSTM+TCN,2,911,JP,momentum,expanding,LSTM:L22|TCN:L22,Recovery,0.22141212643475816,0.17275783675057546,0.015823640945798148,0.1732970240518187,105
equal_weight,LSTM+TST,2,911,JP,momentum,expanding,LSTM:L22|TST:L60,Full Test,0.22221851449804406,0.1765212393448702,0.012567095591653227,0.16185340412384697,133
equal_weight,LSTM+TST,2,911,JP,momentum,expanding,LSTM:L22|TST:L60,Shock,0.29420174156712886,0.22769345941516336,0.013696883456992834,0.17001970214149037,28
equal_weight,LSTM+TST,2,911,JP,momentum,expanding,LSTM:L22|TST:L60,Recovery,0.19866582268793395,0.16287531399279204,0.012265818827562664,0.15549372298165404,105
equal_weight,1DCNN+TCN,2,911,JP,momentum,expanding,1DCNN:L22|TCN:L22,Full Test,0.31155634584956443,0.23562312014120862,0.022395219459805108,0.22692283433738114,133
equal_weight,1DCNN+TCN,2,911,JP,momentum,expanding,1DCNN:L22|TCN:L22,Shock,0.4729567153425086,0.3856284086193357,0.031139242498240276,0.27332251481591974,28
equal_weight,1DCNN+TCN,2,911,JP,momentum,expanding,1DCNN:L22|TCN:L22,Recovery,0.2515985635615111,0.19562170988037472,0.020063479982889054,0.1969236420019203,105
equal_weight,1DCNN+TST,2,911,JP,momentum,expanding,1DCNN:L22|TST:L60,Full Test,0.23768023167106278,0.18836217248537396,0.014934194251426182,0.17311498403183095,133
equal_weight,1DCNN+TST,2,911,JP,momentum,expanding,1DCNN:L22|TST:L60,Shock,0.30708973583890287,0.24413475704958776,0.01542974681538188,0.1774676966217959,28
equal_weight,1DCNN+TST,2,911,JP,momentum,expanding,1DCNN:L22|TST:L60,Recovery,0.21542663632685768,0.17348948326825023,0.014802046901037995,0.16861224169642955,105
equal_weight,TCN+TST,2,911,JP,momentum,expanding,TCN:L22|TST:L60,Full Test,0.2579053201656858,0.20673438843328948,0.017522157171238565,0.18784597721192262,133
equal_weight,TCN+TST,2,911,JP,momentum,expanding,TCN:L22|TST:L60,Shock,0.34184940361066685,0.28367462437765933,0.020221161972882325,0.19755536955538394,28
equal_weight,TCN+TST,2,911,JP,momentum,expanding,TCN:L22|TST:L60,Recovery,0.2304117864794332,0.1862169921814575,0.016802422557466896,0.18034096662322888,105
equal_weight,LSTM+1DCNN+TCN,3,911,JP,momentum,expanding,LSTM:L22|1DCNN:L22|TCN:L22,Full Test,0.26188666523947957,0.20030349493026733,0.017064870690205933,0.1907457997340955,133
equal_weight,LSTM+1DCNN+TCN,3,911,JP,momentum,expanding,LSTM:L22|1DCNN:L22|TCN:L22,Shock,0.37579082495896293,0.3051741747629075,0.021322798719257685,0.21717017644659128,28
equal_weight,LSTM+1DCNN+TCN,3,911,JP,momentum,expanding,LSTM:L22|1DCNN:L22|TCN:L22,Recovery,0.22184572818086862,0.17233798030822994,0.015929423215792136,0.17363639973748946,105
equal_weight,LSTM+1DCNN+TST,3,911,JP,momentum,expanding,LSTM:L22|1DCNN:L22|TST:L60,Full Test,0.22509540464149727,0.18062348943972442,0.013356509796701598,0.16394879416846156,133
equal_weight,LSTM+1DCNN+TST,3,911,JP,momentum,expanding,LSTM:L22|1DCNN:L22|TST:L60,Shock,0.28893277741448964,0.2302794065640041,0.013316754184314963,0.16697475852200636,28
equal_weight,LSTM+1DCNN+TST,3,911,JP,momentum,expanding,LSTM:L22|1DCNN:L22|TST:L60,Recovery,0.2047376016866246,0.16738191153991652,0.013367111293338034,0.16024604277604196,105
equal_weight,LSTM+TCN+TST,3,911,JP,momentum,expanding,LSTM:L22|TCN:L22|TST:L60,Full Test,0.23558431449399017,0.185175270849695,0.014591048481364737,0.17158841757701906,133
equal_weight,LSTM+TCN+TST,3,911,JP,momentum,expanding,LSTM:L22|TCN:L22|TST:L60,Shock,0.31094249084558445,0.2483738762079693,0.015954038315169245,0.17969421049343687,28
equal_weight,LSTM+TCN+TST,3,911,JP,momentum,expanding,LSTM:L22|TCN:L22|TST:L60,Recovery,0.21099107169474202,0.16832230942082194,0.014227584525683535,0.1651405702793645,105
equal_weight,1DCNN+TCN+TST,3,911,JP,momentum,expanding,1DCNN:L22|TCN:L22|TST:L60,Full Test,0.26155497421668183,0.20462616522896715,0.017462157418875454,0.1905042117580513,133
equal_weight,1DCNN+TCN+TST,3,911,JP,momentum,expanding,1DCNN:L22|TCN:L22|TST:L60,Shock,0.36046299434454276,0.29512297898893813,0.020760910463970477,0.2083121962672173,28
equal_weight,1DCNN+TCN+TST,3,911,JP,momentum,expanding,1DCNN:L22|TCN:L22|TST:L60,Recovery,0.22804601948509678,0.18049368155964152,0.016582489940183447,0.17848930480903585,105
equal_weight,LSTM+1DCNN+TCN+TST,4,911,JP,momentum,expanding,LSTM:L22|1DCNN:L22|TCN:L22|TST:L60,Full Test,0.24167852552172123,0.1902437315047756,0.015206380606891346,0.1760271512375127,133
equal_weight,LSTM+1DCNN+TCN+TST,4,911,JP,momentum,expanding,LSTM:L22|1DCNN:L22|TCN:L22|TST:L60,Shock,0.32496923186619386,0.26794820051723206,0.01698757197208834,0.18780028871594012,28
equal_weight,LSTM+1DCNN+TCN+TST,4,911,JP,momentum,expanding,LSTM:L22|1DCNN:L22|TCN:L22|TST:L60,Recovery,0.21406255746547484,0.16952253976812057,0.014731396242838816,0.16754459101687522,105
equal_weight,LSTM+1DCNN,2,911,JP,momentum,static,LSTM:L22|1DCNN:L22,Full Test,0.26015524706948095,0.1965059003007519,0.017527583061666536,0.18948471704374154,133
equal_weight,LSTM+1DCNN,2,911,JP,momentum,static,LSTM:L22|1DCNN:L22,Shock,0.34800592885204107,0.26493333392857144,0.018691955233859192,0.20111323541995882,28
equal_weight,LSTM+1DCNN,2,911,JP,momentum,static,LSTM:L22|1DCNN:L22,Recovery,0.23115677117679007,0.17825858466666664,0.017217083815748498,0.18092405888060303,105
equal_weight,LSTM+TCN,2,911,JP,momentum,static,LSTM:L22|TCN:L22,Full Test,0.2505911318379728,0.1957836557518797,0.01660593791929566,0.18251867008205158,133
equal_weight,LSTM+TCN,2,911,JP,momentum,static,LSTM:L22|TCN:L22,Shock,0.32579600133812175,0.24747460714285724,0.01680130389084857,0.18827807943425104,28
equal_weight,LSTM+TCN,2,911,JP,momentum,static,LSTM:L22|TCN:L22,Recovery,0.22635521550713913,0.18199940204761908,0.016553840326881553,0.1771659299870738,105
equal_weight,LSTM+TST,2,911,JP,momentum,static,LSTM:L22|TST:L60,Full Test,0.21944834563072427,0.17516580887218045,0.012652986699831736,0.15983574479452817,133
equal_weight,LSTM+TST,2,911,JP,momentum,static,LSTM:L22|TST:L60,Shock,0.2801065345127453,0.2134227303571429,0.01240836100628224,0.16187405658275805,28
equal_weight,LSTM+TST,2,911,JP,momentum,static,LSTM:L22|TST:L60,Recovery,0.2001924522210591,0.1649639631428571,0.0127182202181116,0.15668860067868925,105
equal_weight,1DCNN+TCN,2,911,JP,momentum,static,1DCNN:L22|TCN:L22,Full Test,0.31140513909112866,0.2429300502631579,0.027600209779517593,0.22681270253561453,133
equal_weight,1DCNN+TCN,2,911,JP,momentum,static,1DCNN:L22|TCN:L22,Shock,0.39867686404713615,0.3213818482142857,0.026499395026883674,0.2303960575616853,28
equal_weight,1DCNN+TCN,2,911,JP,momentum,static,1DCNN:L22|TCN:L22,Recovery,0.28363322380486433,0.2220095708095238,0.027893760380219967,0.22199684578964676,105
equal_weight,1DCNN+TST,2,911,JP,momentum,static,1DCNN:L22|TST:L60,Full Test,0.25283390265028394,0.1991491167669173,0.017140370972232186,0.18415219774505978,133
equal_weight,1DCNN+TST,2,911,JP,momentum,static,1DCNN:L22|TST:L60,Shock,0.32460742184711094,0.26815300000000003,0.017646779923424838,0.18759119726595147,28
equal_weight,1DCNN+TST,2,911,JP,momentum,static,1DCNN:L22|TST:L60,Recovery,0.22994126075807247,0.18074808123809524,0.017005328585247476,0.1799726912116116,105
equal_weight,TCN+TST,2,911,JP,momentum,static,TCN:L22|TST:L60,Full Test,0.2463993723116379,0.1979313384586466,0.016531620071989894,0.17946559167325496,133
equal_weight,TCN+TST,2,911,JP,momentum,static,TCN:L22|TST:L60,Shock,0.3075160823789902,0.24200245892857142,0.01637897162110544,0.17771408227129284,28
equal_weight,TCN+TST,2,911,JP,momentum,static,TCN:L22|TST:L60,Recovery,0.2273434698349506,0.18617903966666668,0.016572326325559085,0.177939426620046,105
equal_weight,LSTM+1DCNN+TCN,3,911,JP,momentum,static,LSTM:L22|1DCNN:L22|TCN:L22,Full Test,0.2679681295270404,0.20604606213032584,0.019259878566167284,0.1951752492872495,133
equal_weight,LSTM+1DCNN+TCN,3,911,JP,momentum,static,LSTM:L22|1DCNN:L22|TCN:L22,Shock,0.3495895983013233,0.2736014214285715,0.019652126229113134,0.2020284407666939,28
equal_weight,LSTM+1DCNN+TCN,3,911,JP,momentum,static,LSTM:L22|1DCNN:L22|TCN:L22,Recovery,0.24158916938200015,0.18803129965079363,0.019155279189381726,0.18908939108150047,105
equal_weight,LSTM+1DCNN+TST,3,911,JP,momentum,static,LSTM:L22|1DCNN:L22|TST:L60,Full Test,0.23643862347920433,0.18464101879699252,0.01467177478906167,0.1722106556482538,133
equal_weight,LSTM+1DCNN+TST,3,911,JP,momentum,static,LSTM:L22|1DCNN:L22|TST:L60,Shock,0.30886672688299593,0.24404883214285716,0.015145825768045835,0.1784946220942746,28
equal_weight,LSTM+1DCNN+TST,3,911,JP,momentum,static,LSTM:L22|1DCNN:L22|TST:L60,Recovery,0.2130049468721978,0.16879893523809522,0.014545361194665894,0.16671681021314905,105
equal_weight,LSTM+TCN+TST,3,911,JP,momentum,static,LSTM:L22|TCN:L22|TST:L60,Full Test,0.23206467644601503,0.18426501867167921,0.01435683859091907,0.16902488051865652,133
equal_weight,LSTM+TCN+TST,3,911,JP,momentum,static,LSTM:L22|TCN:L22|TST:L60,Shock,0.29380371530800753,0.22462268809523817,0.014154134602225445,0.16978968133936528,28
equal_weight,LSTM+TCN+TST,3,911,JP,momentum,static,LSTM:L22|TCN:L22|TST:L60,Recovery,0.21259410065674045,0.1735029734920635,0.014410892987904036,0.1663952450498278,105
equal_weight,1DCNN+TCN+TST,3,911,JP,momentum,static,1DCNN:L22|TCN:L22|TST:L60,Full Test,0.26351512336829547,0.20808000619047617,0.019041526970957828,0.19193189124819957,133
equal_weight,1DCNN+TCN+TST,3,911,JP,momentum,static,1DCNN:L22|TCN:L22|TST:L60,Shock,0.33444180688598857,0.27228212261904766,0.018997043875715523,0.19327450559365303,28
equal_weight,1DCNN+TCN+TST,3,911,JP,momentum,static,1DCNN:L22|TCN:L22|TST:L60,Recovery,0.2411028682063173,0.1909594418095238,0.01905338912968911,0.18870876808657353,105
equal_weight,LSTM+1DCNN+TCN+TST,4,911,JP,momentum,static,LSTM:L22|1DCNN:L22|TCN:L22|TST:L60,Full Test,0.24652157636578292,0.19270605979323308,0.016257612932712287,0.17955459929805634,133
equal_weight,LSTM+1DCNN+TCN+TST,4,911,JP,momentum,static,LSTM:L22|1DCNN:L22|TCN:L22|TST:L60,Shock,0.3170745839011557,0.2491197517857143,0.01643838526355459,0.18323795703179044,28
equal_weight,LSTM+1DCNN+TCN+TST,4,911,JP,momentum,static,LSTM:L22|1DCNN:L22|TCN:L22|TST:L60,Recovery,0.22398507355613026,0.1776624085952381,0.016209406977821007,0.17531084393566085,105
equal_weight,LSTM+1DCNN,2,911,KR,core,expanding,LSTM:L60|1DCNN:L60,Full Test,0.38067620903154753,0.22528351646135839,0.020403813957093918,0.2697449065715084,136
equal_weight,LSTM+1DCNN,2,911,KR,core,expanding,LSTM:L60|1DCNN:L60,Shock,0.6796214919138275,0.36695250096144505,0.039097481677803046,0.4962185071629383,27
equal_weight,LSTM+1DCNN,2,911,KR,core,expanding,LSTM:L60|1DCNN:L60,Recovery,0.25767930608235184,0.190191199199869,0.015773272411597157,0.1812650754264181,109
equal_weight,LSTM+TCN,2,911,KR,core,expanding,LSTM:L60|TCN:L22,Full Test,0.41038994277256285,0.2252610238159404,0.024773600493011663,0.290799882274486,136
equal_weight,LSTM+TCN,2,911,KR,core,expanding,LSTM:L60|TCN:L22,Shock,0.7834848361079326,0.39949489964379203,0.0692326320539128,0.5720532390220128,27
equal_weight,LSTM+TCN,2,911,KR,core,expanding,LSTM:L60|TCN:L22,Recovery,0.24100702168055188,0.18210217384023403,0.013760812858660001,0.16953692024170516,109
equal_weight,LSTM+TST,2,911,KR,core,expanding,LSTM:L60|TST:L22,Full Test,0.4014066097485672,0.20768818967139133,0.024580239274821815,0.2844343457114757,136
equal_weight,LSTM+TST,2,911,KR,core,expanding,LSTM:L60|TST:L22,Shock,0.7491833577609891,0.30859700774516063,0.06361796325395139,0.547008374224005,27
equal_weight,LSTM+TST,2,911,KR,core,expanding,LSTM:L60|TST:L22,Recovery,0.24901391265496792,0.18269242739623742,0.014910344344211741,0.17516938533358486,109
equal_weight,1DCNN+TCN,2,911,KR,core,expanding,1DCNN:L60|TCN:L22,Full Test,0.4181970629836457,0.2495578915319022,0.022622765852943403,0.2963319614062201,136
equal_weight,1DCNN+TCN,2,911,KR,core,expanding,1DCNN:L60|TCN:L22,Shock,0.768770236572243,0.4548146305260835,0.04517234243379049,0.5613095284390253,27
equal_weight,1DCNN+TCN,2,911,KR,core,expanding,1DCNN:L60|TCN:L22,Recovery,0.2679803375836169,0.19871447912049953,0.017037090920073026,0.18851135872496894,109
equal_weight,1DCNN+TST,2,911,KR,core,expanding,1DCNN:L60|TST:L22,Full Test,0.37448359689137367,0.22736582215949902,0.02041956897222954,0.2653568582943796,136
equal_weight,1DCNN+TST,2,911,KR,core,expanding,1DCNN:L60|TST:L22,Shock,0.6460214777685253,0.348589462723708,0.03284319215973191,0.47168580909760177,27
equal_weight,1DCNN+TST,2,911,KR,core,expanding,1DCNN:L60|TST:L22,Recovery,0.2675763100861038,0.19733794789130044,0.017342157723949137,0.18822714469193497,109
equal_weight,TCN+TST,2,911,KR,core,expanding,TCN:L22|TST:L22,Full Test,0.4043907147896146,0.2294615834432585,0.023568282909693386,0.28654886486554815,136
equal_weight,TCN+TST,2,911,KR,core,expanding,TCN:L22|TST:L22,Shock,0.753559386145624,0.3979481843140467,0.05795091186271379,0.5502034854707245,27
equal_weight,TCN+TST,2,911,KR,core,expanding,TCN:L22|TST:L22,Recovery,0.2517522886969926,0.18772637038352197,0.015051484912156222,0.17709570199187666,109
equal_weight,LSTM+1DCNN+TCN,3,911,KR,core,expanding,LSTM:L60|1DCNN:L60|TCN:L22,Full Test,0.39169214575883404,0.22835053182115744,0.02092386677420448,0.2775507340774067,136
equal_weight,LSTM+1DCNN+TCN,3,911,KR,core,expanding,LSTM:L60|1DCNN:L60|TCN:L22,Shock,0.7216398229455312,0.39326451074929886,0.04593971202673276,0.5268977510451696,27
equal_weight,LSTM+1DCNN+TCN,3,911,KR,core,expanding,LSTM:L60|1DCNN:L60|TCN:L22,Recovery,0.24985983812292148,0.18750028016005818,0.014727281252936007,0.1757644534672468,109
equal_weight,LSTM+1DCNN+TST,3,911,KR,core,expanding,LSTM:L60|1DCNN:L60|TST:L22,Full Test,0.37378534905155336,0.21500599171251675,0.02008599889603034,0.2648620840115442,136
equal_weight,LSTM+1DCNN+TST,3,911,KR,core,expanding,LSTM:L60|1DCNN:L60|TST:L22,Shock,0.6683722905892974,0.3315235533962561,0.0393039302752709,0.4880050207525623,27
equal_weight,LSTM+1DCNN+TST,3,911,KR,core,expanding,LSTM:L60|1DCNN:L60|TST:L22,Recovery,0.2523254278200031,0.18614384340553547,0.015325593875484515,0.17749887797035094,109
equal_weight,LSTM+TCN+TST,3,911,KR,core,expanding,LSTM:L60|TCN:L22|TST:L22,Full Test,0.39938744504775375,0.21586390185251497,0.023418479748535496,0.2830035775661297,136
equal_weight,LSTM+TCN+TST,3,911,KR,core,expanding,LSTM:L60|TCN:L22|TST:L22,Shock,0.7522506619413961,0.3631391538752502,0.06172805869800752,0.5492479342136841,27
equal_weight,LSTM+TCN+TST,3,911,KR,core,expanding,LSTM:L60|TCN:L22|TST:L22,Recovery,0.24258955548730948,0.17938287612211273,0.013928951017932335,0.17065015713374762,109
equal_weight,1DCNN+TCN+TST,3,911,KR,core,expanding,1DCNN:L60|TCN:L22|TST:L22,Full Test,0.38854675829744656,0.23017706486553755,0.020827762086571777,0.2753219311557278,136
equal_weight,1DCNN+TCN+TST,3,911,KR,core,expanding,1DCNN:L60|TCN:L22|TST:L22,Shock,0.7030196979754152,0.3918099576267082,0.04186424840239669,0.5133024620118,27
equal_weight,1DCNN+TCN+TST,3,911,KR,core,expanding,1DCNN:L60|TCN:L22|TST:L22,Recovery,0.256785645000386,0.1901395593191925,0.015616889329440838,0.18063642756993703,109
equal_weight,LSTM+1DCNN+TCN+TST,4,911,KR,core,expanding,LSTM:L60|1DCNN:L60|TCN:L22|TST:L22,Full Test,0.3833141639299351,0.21889502580280365,0.02057110624272243,0.2716141457851059,136
equal_weight,LSTM+1DCNN+TCN+TST,4,911,KR,core,expanding,LSTM:L60|1DCNN:L60|TCN:L22|TST:L22,Shock,0.7018429396085929,0.3606800934582732,0.044937757269772755,0.5124432642274102,27
equal_weight,LSTM+1DCNN+TCN+TST,4,911,KR,core,expanding,LSTM:L60|1DCNN:L60|TCN:L22|TST:L22,Recovery,0.2476067269451954,0.1837739539982378,0.014535330300242077,0.17417949744658717,109
equal_weight,LSTM+1DCNN,2,911,KR,core,static,LSTM:L60|1DCNN:L60,Full Test,0.4008535194245048,0.22089759073529414,0.018829207665961127,0.28404242877363667,136
equal_weight,LSTM+1DCNN,2,911,KR,core,static,LSTM:L60|1DCNN:L60,Shock,0.7628915048170214,0.4095387957407407,0.044391781641010014,0.5570172372465462,27
equal_weight,LSTM+1DCNN,2,911,KR,core,static,LSTM:L60|1DCNN:L60,Recovery,0.23731813683011108,0.1741699527981651,0.012497193929022413,0.16694196554307866,109
equal_weight,LSTM+TCN,2,911,KR,core,static,LSTM:L60|TCN:L22,Full Test,0.4131569916505751,0.22256983283088233,0.025447018914117107,0.29276059629393003,136
equal_weight,LSTM+TCN,2,911,KR,core,static,LSTM:L60|TCN:L22,Shock,0.809089925624166,0.4255961240740741,0.0808541723737668,0.5907485300459346,27
equal_weight,LSTM+TCN,2,911,KR,core,static,LSTM:L60|TCN:L22,Recovery,0.22544771880791406,0.17227891665137615,0.01172231117640571,0.15859169386594102,109
equal_weight,LSTM+TST,2,911,KR,core,static,LSTM:L60|TST:L22,Full Test,0.40070924912436695,0.2135261404411765,0.024141944913120637,0.28394019969377254,136
equal_weight,LSTM+TST,2,911,KR,core,static,LSTM:L60|TST:L22,Shock,0.7674160327572751,0.3337131846296297,0.07174760909321203,0.5603207739057063,27
equal_weight,LSTM+TST,2,911,KR,core,static,LSTM:L60|TST:L22,Recovery,0.23336776110078394,0.18375503775229354,0.01234971617126314,0.16416306504395817,109
equal_weight,1DCNN+TCN,2,911,KR,core,static,1DCNN:L60|TCN:L22,Full Test,0.45329223775867805,0.2517320383455882,0.022161326998731485,0.3212001938814479,136
equal_weight,1DCNN+TCN,2,911,KR,core,static,1DCNN:L60|TCN:L22,Shock,0.8996046780183542,0.5406240924074074,0.06036081714337235,0.6568369279246851,27
equal_weight,1DCNN+TCN,2,911,KR,core,static,1DCNN:L60|TCN:L22,Recovery,0.23644252577094788,0.18017162128440364,0.012699067972077326,0.16632601501683378,109
equal_weight,1DCNN+TST,2,911,KR,core,static,1DCNN:L60|TST:L22,Full Test,0.3951697448837749,0.22951985227941177,0.018834313586750938,0.2800149398109141,136
equal_weight,1DCNN+TST,2,911,KR,core,static,1DCNN:L60|TST:L22,Shock,0.7542185987345137,0.4238233937037037,0.045721856936720734,0.5506848057612383,27
equal_weight,1DCNN+TST,2,911,KR,core,static,1DCNN:L60|TST:L22,Recovery,0.23223697863270173,0.1813896172477064,0.012174096426666673,0.16336761362863528,109
equal_weight,TCN+TST,2,911,KR,core,static,TCN:L22|TST:L22,Full Test,0.4211993203933365,0.24512274422794114,0.02698772635769438,0.2984593427895815,136
equal_weight,TCN+TST,2,911,KR,core,static,TCN:L22|TST:L22,Shock,0.8142165303763327,0.45051747759259253,0.08309144948309849,0.5944916667796328,27
equal_weight,TCN+TST,2,911,KR,core,static,TCN:L22|TST:L22,Recovery,0.2390346584375722,0.1942451497247707,0.01309047384039244,0.16814945644484597,109
equal_weight,LSTM+1DCNN+TCN,3,911,KR,core,static,LSTM:L60|1DCNN:L60|TCN:L22,Full Test,0.41052878535950676,0.22855233750000004,0.020806855389606953,0.29089826488842063,136
equal_weight,LSTM+1DCNN+TCN,3,911,KR,core,static,LSTM:L60|1DCNN:L60|TCN:L22,Shock,0.7977920755666233,0.45365385716049383,0.05653066110351474,0.5824995232262985,27
equal_weight,LSTM+1DCNN+TCN,3,911,KR,core,static,LSTM:L60|1DCNN:L60|TCN:L22,Recovery,0.22939607355273625,0.1727932454740061,0.011957839295336219,0.1613691726990646,109
equal_weight,LSTM+1DCNN+TST,3,911,KR,core,static,LSTM:L60|1DCNN:L60|TST:L22,Full Test,0.38269641257806275,0.21462980237745094,0.018938200645730298,0.2711764104446217,136
equal_weight,LSTM+1DCNN+TST,3,911,KR,core,static,LSTM:L60|1DCNN:L60|TST:L22,Shock,0.727310116554352,0.3776454111111111,0.048211086223159685,0.5310378594944994,27
equal_weight,LSTM+1DCNN+TST,3,911,KR,core,static,LSTM:L60|1DCNN:L60|TST:L22,Recovery,0.22738299458886796,0.17424978920489295,0.011687118897192745,0.15995306787239397,109
equal_weight,LSTM+TCN+TST,3,911,KR,core,static,LSTM:L60|TCN:L22|TST:L22,Full Test,0.4063338414519072,0.22463363279411763,0.02495036657574837,0.2879257524908885,136
equal_weight,LSTM+TCN+TST,3,911,KR,core,static,LSTM:L60|TCN:L22|TST:L22,Shock,0.7879726350237307,0.3980628620987654,0.07725995199195843,0.5753299616202603,27
equal_weight,LSTM+TCN+TST,3,911,KR,core,static,LSTM:L60|TCN:L22|TST:L22,Recovery,0.22848231519069542,0.1816740989296636,0.011992946335035788,0.1607263873686719,109
equal_weight,1DCNN+TCN+TST,3,911,KR,core,static,1DCNN:L60|TCN:L22|TST:L22,Full Test,0.40982070204591625,0.2383505700980392,0.02118195067173635,0.2903965212478632,136
equal_weight,1DCNN+TCN+TST,3,911,KR,core,static,1DCNN:L60|TCN:L22|TST:L22,Shock,0.796444108956125,0.47026809283950616,0.05832574902253151,0.5815153195321435,27
equal_weight,1DCNN+TCN+TST,3,911,KR,core,static,1DCNN:L60|TCN:L22|TST:L22,Recovery,0.22897622487055255,0.1809031103363914,0.011981193282089842,0.16107382921975608,109
equal_weight,LSTM+1DCNN+TCN+TST,4,911,KR,core,static,LSTM:L60|1DCNN:L60|TCN:L22|TST:L22,Full Test,0.3963621896745107,0.22434638483455882,0.020767020203387877,0.28085989912429454,136
equal_weight,LSTM+1DCNN+TCN+TST,4,911,KR,core,static,LSTM:L60|1DCNN:L60|TCN:L22|TST:L22,Shock,0.7652016710642686,0.4226294162962962,0.057583620031948175,0.5587039809217565,27
equal_weight,LSTM+1DCNN+TCN+TST,4,911,KR,core,static,LSTM:L60|1DCNN:L60|TCN:L22|TST:L22,Recovery,0.22578301845559196,0.17523040456422015,0.011647311988973856,0.15882756114088645,109
equal_weight,LSTM+1DCNN,2,911,KR,extended,expanding,LSTM:L22|1DCNN:L22,Full Test,0.44937292394363615,0.27639225015745444,0.034657883101309725,0.31842299179483585,136
equal_weight,LSTM+1DCNN,2,911,KR,extended,expanding,LSTM:L22|1DCNN:L22,Shock,0.7107875459681511,0.32740177158956174,0.05425172689135676,0.5189740747855066,27
equal_weight,LSTM+1DCNN,2,911,KR,extended,expanding,LSTM:L22|1DCNN:L22,Recovery,0.3561051812280616,0.2637568641146389,0.029804362162490737,0.25050297408986927,109
equal_weight,LSTM+TCN,2,911,KR,extended,expanding,LSTM:L22|TCN:L252,Full Test,0.47696196156634385,0.3023434894926408,0.036217278538914786,0.3379724204152054,136
equal_weight,LSTM+TCN,2,911,KR,extended,expanding,LSTM:L22|TCN:L252,Shock,0.7930708746886969,0.4735246808440597,0.06176264295011067,0.5790523845916415,27
equal_weight,LSTM+TCN,2,911,KR,extended,expanding,LSTM:L22|TCN:L252,Recovery,0.35783562941123664,0.25994080906614253,0.02988952772146259,0.2517202616757978,109
equal_weight,LSTM+TST,2,911,KR,extended,expanding,LSTM:L22|TST:L22,Full Test,0.4167026852672461,0.24691628769173685,0.028390488216110305,0.2952730542091608,136
equal_weight,LSTM+TST,2,911,KR,extended,expanding,LSTM:L22|TST:L22,Shock,0.6695255000708592,0.26870510752274135,0.0403192060480463,0.4888470245652659,27
equal_weight,LSTM+TST,2,911,KR,extended,expanding,LSTM:L22|TST:L22,Recovery,0.32498489342444037,0.2415190570913963,0.025435668202694967,0.22861133908906547,109
equal_weight,1DCNN+TCN,2,911,KR,extended,expanding,1DCNN:L22|TCN:L252,Full Test,0.5101544015086713,0.34753504022955894,0.046688161575888926,0.36149238672437267,136
equal_weight,1DCNN+TCN,2,911,KR,extended,expanding,1DCNN:L22|TCN:L252,Shock,0.8168345446152768,0.5300370156764984,0.07742480117829727,0.5964031790500008,27
equal_weight,1DCNN+TCN,2,911,KR,extended,expanding,1DCNN:L22|TCN:L252,Recovery,0.39931268519777385,0.30232812888031707,0.03907449855510887,0.2808973879259346,109
equal_weight,1DCNN+TST,2,911,KR,extended,expanding,1DCNN:L22|TST:L22,Full Test,0.4237755651237013,0.24884330567512797,0.028336367694084312,0.3002848549752888,136
equal_weight,1DCNN+TST,2,911,KR,extended,expanding,1DCNN:L22|TST:L22,Shock,0.6989254661303975,0.2961102912014008,0.04899982357060625,0.5103131015541245,27
equal_weight,1DCNN+TST,2,911,KR,extended,expanding,1DCNN:L22|TST:L22,Recovery,0.32103967331061417,0.23713496981082186,0.023217896972377042,0.22583606531027792,109
equal_weight,TCN+TST,2,911,KR,extended,expanding,TCN:L252|TST:L22,Full Test,0.4505743222846403,0.2788078254168286,0.03041936264268844,0.31927429554211695,136
equal_weight,TCN+TST,2,911,KR,extended,expanding,TCN:L252|TST:L22,Shock,0.7727357883156942,0.449473918906996,0.05735054875626283,0.5642049344696254,27
equal_weight,TCN+TST,2,911,KR,extended,expanding,TCN:L252|TST:L22,Recovery,0.3246463954421888,0.2365327380385303,0.023748334889784697,0.22837322193787715,109
equal_weight,LSTM+1DCNN+TCN,3,911,KR,extended,expanding,LSTM:L22|1DCNN:L22|TCN:L252,Full Test,0.46004739696566543,0.2983053769258892,0.03677105629964447,0.32598686014204,136
equal_weight,LSTM+1DCNN+TCN,3,911,KR,extended,expanding,LSTM:L22|1DCNN:L22|TCN:L252,Shock,0.7292029921888136,0.40824374519748446,0.058659502103442764,0.5324199197758166,27
equal_weight,LSTM+1DCNN+TCN,3,911,KR,extended,expanding,LSTM:L22|1DCNN:L22|TCN:L252,Recovery,0.36380546660309326,0.27107293707879676,0.03134914770604306,0.2559197567975345,109
equal_weight,LSTM+1DCNN+TST,3,911,KR,extended,expanding,LSTM:L22|1DCNN:L22|TST:L22,Full Test,0.4232393592653717,0.24659724900779545,0.028117337894307096,0.2999049026805915,136
equal_weight,LSTM+1DCNN+TST,3,911,KR,extended,expanding,LSTM:L22|1DCNN:L22|TST:L22,Shock,0.6874922845221231,0.28550055081215386,0.04556910165753683,0.5019652838684235,27
equal_weight,LSTM+1DCNN+TST,3,911,KR,extended,expanding,LSTM:L22|1DCNN:L22|TST:L22,Recovery,0.326230334525931,0.2369606513131378,0.023794423934607987,0.22948744737510965,109
equal_weight,LSTM+TCN+TST,3,911,KR,extended,expanding,LSTM:L22|TCN:L252|TST:L22,Full Test,0.42726355659695564,0.2584007554256627,0.028045211291284285,0.30275642507017025,136
equal_weight,LSTM+TCN+TST,3,911,KR,extended,expanding,LSTM:L22|TCN:L252|TST:L22,Shock,0.7014478489525207,0.3539168132614702,0.04670325775919841,0.5121547929270132,27
equal_weight,LSTM+TCN+TST,3,911,KR,extended,expanding,LSTM:L22|TCN:L252|TST:L22,Recovery,0.3254154532263331,0.2347408144938571,0.023423493358865188,0.22891421733005518,109
equal_weight,1DCNN+TCN+TST,3,911,KR,extended,expanding,1DCNN:L22|TCN:L252|TST:L22,Full Test,0.43986909028913557,0.2785574313649447,0.03220711812989855,0.3116886315685261,136
equal_weight,1DCNN+TCN+TST,3,911,KR,extended,expanding,1DCNN:L22|TCN:L252|TST:L22,Shock,0.7149227715988822,0.39141448965176245,0.05482069152378382,0.5219933664260415,27
equal_weight,1DCNN+TCN+TST,3,911,KR,extended,expanding,1DCNN:L22|TCN:L252|TST:L22,Recovery,0.33883017428990564,0.2506020132572009,0.0266055907754499,0.2383508324094039,109
equal_weight,LSTM+1DCNN+TCN+TST,4,911,KR,extended,expanding,LSTM:L22|1DCNN:L22|TCN:L252|TST:L22,Full Test,0.42863477450622095,0.26428470387981223,0.029817833777431812,0.30372806195750013,136
equal_weight,LSTM+1DCNN+TCN+TST,4,911,KR,extended,expanding,LSTM:L22|1DCNN:L22|TCN:L252|TST:L22,Shock,0.6891170391975959,0.34420560945525697,0.04825631083715393,0.5031515814607772,27
equal_weight,LSTM+1DCNN+TCN+TST,4,911,KR,extended,expanding,LSTM:L22|1DCNN:L22|TCN:L252|TST:L22,Recovery,0.33407622569096573,0.24448778231525245,0.02525050459750065,0.23500665679646293,109
equal_weight,LSTM+1DCNN,2,911,KR,extended,static,LSTM:L22|1DCNN:L22,Full Test,0.4623654866664394,0.31694214062500004,0.0412118485940932,0.32762944429773033,136
equal_weight,LSTM+1DCNN,2,911,KR,extended,static,LSTM:L22|1DCNN:L22,Shock,0.6877408537672431,0.3018270790740741,0.04496341107084107,0.502146776950797,27
equal_weight,LSTM+1DCNN,2,911,KR,extended,static,LSTM:L22|1DCNN:L22,Recovery,0.38674919771841715,0.3206862384403671,0.040282562475999685,0.2720595741299841,109
equal_weight,LSTM+TCN,2,911,KR,extended,static,LSTM:L22|TCN:L252,Full Test,0.44695754345804956,0.308031306507353,0.03556145230854098,0.31671146703361513,136
equal_weight,LSTM+TCN,2,911,KR,extended,static,LSTM:L22|TCN:L252,Shock,0.7242628559602488,0.43824958055555563,0.05646567534857541,0.528812934106577,27
equal_weight,LSTM+TCN,2,911,KR,extended,static,LSTM:L22|TCN:L252,Recovery,0.34542663059861467,0.2757754037614679,0.030383342014220528,0.24299112336423404,109
equal_weight,LSTM+TST,2,911,KR,extended,static,LSTM:L22|TST:L22,Full Test,0.48860798240612624,0.3350735397794118,0.05043506700426243,0.34622472128989434,136
equal_weight,LSTM+TST,2,911,KR,extended,static,LSTM:L22|TST:L22,Shock,0.699350077633944,0.28913983148148154,0.047902332079389306,0.5106231300940363,27
equal_weight,LSTM+TST,2,911,KR,extended,static,LSTM:L22|TST:L22,Recovery,0.42038526546420524,0.3464516143119266,0.05106244171042366,0.2957209399978689,109
equal_weight,1DCNN+TCN,2,911,KR,extended,static,1DCNN:L22|TCN:L252,Full Test,0.447436051925445,0.3068963242647059,0.033869272139481224,0.31705053529840893,136
equal_weight,1DCNN+TCN,2,911,KR,extended,static,1DCNN:L22|TCN:L252,Shock,0.7448088986549026,0.4854303337037037,0.05884148066234012,0.5438144118604428,27
equal_weight,1DCNN+TCN,2,911,KR,extended,static,1DCNN:L22|TCN:L252,Recovery,0.3352265948373178,0.2626723035779816,0.027683495716387733,0.23581588576400128,109
equal_weight,1DCNN+TST,2,911,KR,extended,static,1DCNN:L22|TST:L22,Full Test,0.46105881481798777,0.3156244016544118,0.04141944783958854,0.3267035443680573,136
equal_weight,1DCNN+TST,2,911,KR,extended,static,1DCNN:L22|TST:L22,Shock,0.6493648185637522,0.26976626759259265,0.03581948688078033,0.47412691702241594,27
equal_weight,1DCNN+TST,2,911,KR,extended,static,1DCNN:L22|TST:L22,Recovery,0.4009737614470546,0.3269837559633028,0.04280659413213737,0.282065874784331,109
equal_weight,TCN+TST,2,911,KR,extended,static,TCN:L252|TST:L22,Full Test,0.446907730675576,0.3046898833455883,0.034653450601544095,0.31667616999109927,136
equal_weight,TCN+TST,2,911,KR,extended,static,TCN:L252|TST:L22,Shock,0.7153141710667323,0.4314982531481482,0.05285605453501323,0.5222791456125343,27
equal_weight,TCN+TST,2,911,KR,extended,static,TCN:L252|TST:L22,Recovery,0.34993575916910014,0.27327863577981654,0.030144548709767346,0.2461630797789356,109
equal_weight,LSTM+1DCNN+TCN,3,911,KR,extended,static,LSTM:L22|1DCNN:L22|TCN:L252,Full Test,0.42994497781725477,0.3006113679656863,0.03303015438508739,0.30465646382141964,136
equal_weight,LSTM+1DCNN+TCN,3,911,KR,extended,static,LSTM:L22|1DCNN:L22|TCN:L252,Shock,0.672765418712047,0.3777600738271606,0.046836601889176536,0.49121261998569726,27
equal_weight,LSTM+1DCNN+TCN,3,911,KR,extended,static,LSTM:L22|1DCNN:L22|TCN:L252,Recovery,0.344277007157368,0.2815011380733945,0.02961020867306531,0.24218241822488132,109
equal_weight,LSTM+1DCNN+TST,3,911,KR,extended,static,LSTM:L22|1DCNN:L22|TST:L22,Full Test,0.4675873147373025,0.3196748312745098,0.043085452318866416,0.33132960072897666,136
equal_weight,LSTM+1DCNN+TST,3,911,KR,extended,static,LSTM:L22|1DCNN:L22|TST:L22,Shock,0.6743502480523312,0.2781063062962963,0.04153268445578024,0.49236976651971737,27
equal_weight,LSTM+1DCNN+TST,3,911,KR,extended,static,LSTM:L22|1DCNN:L22|TST:L22,Recovery,0.4001897604765265,0.3299716218654436,0.043470082890456556,0.2815143675765134,109
equal_weight,LSTM+TCN+TST,3,911,KR,extended,static,LSTM:L22|TCN:L252|TST:L22,Full Test,0.43653758204737136,0.30298253009803916,0.03496495290619311,0.3093279441171498,136
equal_weight,LSTM+TCN+TST,3,911,KR,extended,static,LSTM:L22|TCN:L252|TST:L22,Shock,0.6626236654117715,0.3443577460493827,0.04412374447872519,0.48380772509764836,27
equal_weight,LSTM+TCN+TST,3,911,KR,extended,static,LSTM:L22|TCN:L252|TST:L22,Recovery,0.35917789592482563,0.2927336233944954,0.03269626141574938,0.2526644812159579,109
equal_weight,1DCNN+TCN+TST,3,911,KR,extended,static,1DCNN:L22|TCN:L252|TST:L22,Full Test,0.42929691278772136,0.29765236085784313,0.03267548698528402,0.3041972487813317,136
equal_weight,1DCNN+TCN+TST,3,911,KR,extended,static,1DCNN:L22|TCN:L252|TST:L22,Shock,0.6588850438702964,0.36584869506172835,0.043764625678562014,0.48107800975936793,27
equal_weight,1DCNN+TCN+TST,3,911,KR,extended,static,1DCNN:L22|TCN:L252|TST:L22,Recovery,0.34987202930201666,0.2807596909174312,0.0299286361163069,0.24611824886370584,109
equal_weight,LSTM+1DCNN+TCN+TST,4,911,KR,extended,static,LSTM:L22|1DCNN:L22|TCN:L252|TST:L22,Full Test,0.4318362192278142,0.29985852507352945,0.03395856000072897,0.3059965862791788,136
equal_weight,LSTM+1DCNN+TCN+TST,4,911,KR,extended,static,LSTM:L22|1DCNN:L22|TCN:L252|TST:L22,Shock,0.6479326948713333,0.32577763018518513,0.0407524787788919,0.4730812669168511,27
equal_weight,LSTM+1DCNN+TCN+TST,4,911,KR,extended,static,LSTM:L22|1DCNN:L22|TCN:L252|TST:L22,Recovery,0.35872569790757447,0.2934381962844037,0.03227566268870696,0.2523463815257154,109
equal_weight,LSTM+1DCNN,2,911,KR,momentum,expanding,LSTM:L22|1DCNN:L22,Full Test,0.3906996229443184,0.21443063020706177,0.022016548635484856,0.27684743829080444,136
equal_weight,LSTM+1DCNN,2,911,KR,momentum,expanding,LSTM:L22|1DCNN:L22,Shock,0.7135120164413921,0.326149861017863,0.051048528833770805,0.5209633183381701,27
equal_weight,LSTM+1DCNN,2,911,KR,momentum,expanding,LSTM:L22|1DCNN:L22,Recovery,0.2536739009547815,0.18675705927227615,0.014825140696459892,0.17844746436714906,109
equal_weight,LSTM+TCN,2,911,KR,momentum,expanding,LSTM:L22|TCN:L60,Full Test,0.3533834173950408,0.2475014889941496,0.02086933922680639,0.2504053961019822,136
equal_weight,LSTM+TCN,2,911,KR,momentum,expanding,LSTM:L22|TCN:L60,Shock,0.6008822999089677,0.43060546340765776,0.04456136893763379,0.43872791162299973,27
equal_weight,LSTM+TCN,2,911,KR,momentum,expanding,LSTM:L22|TCN:L60,Recovery,0.2576365882067616,0.20214545863484024,0.015000671316784927,0.18123502544274403,109
equal_weight,LSTM+TST,2,911,KR,momentum,expanding,LSTM:L22|TST:L22,Full Test,0.3924626552184443,0.2081321196090199,0.02254991713537467,0.2780967125159432,136
equal_weight,LSTM+TST,2,911,KR,momentum,expanding,LSTM:L22|TST:L22,Shock,0.7229660644092873,0.32798652108792914,0.05372137178888047,0.5278660923456034,27
equal_weight,LSTM+TST,2,911,KR,momentum,expanding,LSTM:L22|TST:L22,Recovery,0.25041809338721366,0.1784434146555287,0.014828547634047543,0.1761571593625226,109
equal_weight,1DCNN+TCN,2,911,KR,momentum,expanding,1DCNN:L22|TCN:L60,Full Test,0.37121986826288667,0.2583911304964739,0.022441551853932058,0.26304419952275404,136
equal_weight,1DCNN+TCN,2,911,KR,momentum,expanding,1DCNN:L22|TCN:L60,Shock,0.6118681299319702,0.41224438945452374,0.04144994952358332,0.4467491002387524,27
equal_weight,1DCNN+TCN,2,911,KR,momentum,expanding,1DCNN:L22|TCN:L60,Recovery,0.281428849240547,0.2202806902041129,0.017733049678880827,0.197971743871642,109
equal_weight,1DCNN+TST,2,911,KR,momentum,expanding,1DCNN:L22|TST:L22,Full Test,0.38106317045109406,0.21549551584172474,0.020745065327664278,0.27001910514101685,136
equal_weight,1DCNN+TST,2,911,KR,momentum,expanding,1DCNN:L22|TST:L22,Shock,0.6722320608550765,0.29524576192536534,0.04130462151517626,0.4908231915462541,27
equal_weight,1DCNN+TST,2,911,KR,momentum,expanding,1DCNN:L22|TST:L22,Recovery,0.26313655966592175,0.19574086772926333,0.015652331226170484,0.18510399247989212,109
equal_weight,TCN+TST,2,911,KR,momentum,expanding,TCN:L60|TST:L22,Full Test,0.3428690617559632,0.2288586009011409,0.018919138309075302,0.24295498598379286,136
equal_weight,TCN+TST,2,911,KR,momentum,expanding,TCN:L60|TST:L22,Shock,0.5958498319378583,0.4065192949757187,0.04078152729643789,0.4350535078943345,27
equal_weight,TCN+TST,2,911,KR,momentum,expanding,TCN:L60|TST:L22,Recovery,0.24235183153988438,0.1848509060386308,0.01350368415624237,0.1704829296993222,109
equal_weight,LSTM+1DCNN+TCN,3,911,KR,momentum,expanding,LSTM:L22|1DCNN:L22|TCN:L60,Full Test,0.31494353881951376,0.2294531910150659,0.01815995968966972,0.22316712586346468,136
equal_weight,LSTM+1DCNN+TCN,3,911,KR,momentum,expanding,LSTM:L22|1DCNN:L22|TCN:L60,Shock,0.492790701219135,0.36636673594698493,0.031966319863401454,0.35980596407292853,27
equal_weight,LSTM+1DCNN+TCN,3,911,KR,momentum,expanding,LSTM:L22|1DCNN:L22|TCN:L60,Recovery,0.2522015105373555,0.19553882667413183,0.014740035609938005,0.1774117080849331,109
equal_weight,LSTM+1DCNN+TST,3,911,KR,momentum,expanding,LSTM:L22|1DCNN:L22|TST:L22,Full Test,0.38116274597388267,0.20262014361468447,0.020474482504791402,0.2700896637665736,136
equal_weight,LSTM+1DCNN+TST,3,911,KR,momentum,expanding,LSTM:L22|1DCNN:L22|TST:L22,Shock,0.6999905996029078,0.3070729807172234,0.04770738410480167,0.5110907975922088,27
equal_weight,LSTM+1DCNN+TST,3,911,KR,momentum,expanding,LSTM:L22|1DCNN:L22|TST:L22,Recovery,0.24474515158620153,0.17674650506634912,0.013728717888275095,0.1721665159574154,109
equal_weight,LSTM+TCN+TST,3,911,KR,momentum,expanding,LSTM:L22|TCN:L60|TST:L22,Full Test,0.30460666066701,0.2151029982702143,0.01676249934032909,0.2158424752408745,136
equal_weight,LSTM+TCN+TST,3,911,KR,momentum,expanding,LSTM:L22|TCN:L60|TST:L22,Shock,0.48911682214961166,0.36234441534302325,0.03160145494964457,0.3571235197872979,27
equal_weight,LSTM+TCN+TST,3,911,KR,momentum,expanding,LSTM:L22|TCN:L60|TST:L22,Recovery,0.23771537672482362,0.1786303536741974,0.01308679473985645,0.16722140534744206,109
equal_weight,1DCNN+TCN+TST,3,911,KR,momentum,expanding,1DCNN:L22|TCN:L60|TST:L22,Full Test,0.30787744174934173,0.21797802141098324,0.01711549035678579,0.2181601313395153,136
equal_weight,1DCNN+TCN+TST,3,911,KR,momentum,expanding,1DCNN:L22|TCN:L60|TST:L22,Shock,0.4801733066957998,0.35372007670795774,0.029422481409916944,0.350593505742595,27
equal_weight,1DCNN+TCN+TST,3,911,KR,momentum,expanding,1DCNN:L22|TCN:L60|TST:L22,Recovery,0.24729631007160466,0.1843538425759529,0.014066969637202843,0.17396113401313754,109
equal_weight,LSTM+1DCNN+TCN+TST,4,911,KR,momentum,expanding,LSTM:L22|1DCNN:L22|TCN:L60|TST:L22,Full Test,0.30442451761869455,0.20945181006772237,0.01609452426537314,0.2157134097558643,136
equal_weight,LSTM+1DCNN+TCN+TST,4,911,KR,momentum,expanding,LSTM:L22|1DCNN:L22|TCN:L60|TST:L22,Shock,0.4862857434664317,0.333344938806117,0.027619960299428686,0.3550564373678289,27
equal_weight,LSTM+1DCNN+TCN+TST,4,911,KR,momentum,expanding,LSTM:L22|1DCNN:L22|TCN:L60|TST:L22,Recovery,0.23886024792172947,0.178762686435276,0.013239599743175895,0.16802676751259144,109
equal_weight,LSTM+1DCNN,2,911,KR,momentum,static,LSTM:L22|1DCNN:L22,Full Test,0.3973865825719801,0.23463890220588235,0.023627066383000436,0.281585777861828,136
equal_weight,LSTM+1DCNN,2,911,KR,momentum,static,LSTM:L22|1DCNN:L22,Shock,0.6976478314140262,0.35007367074074075,0.0483036377514262,0.5093802528558642,27
equal_weight,LSTM+1DCNN,2,911,KR,momentum,static,LSTM:L22|1DCNN:L22,Recovery,0.2765341136752254,0.20604496871559633,0.017514521181647265,0.19452853074480153,109
equal_weight,LSTM+TCN,2,911,KR,momentum,static,LSTM:L22|TCN:L60,Full Test,0.4054305021206928,0.2706181426102941,0.025625493370076993,0.2872856515931509,136
equal_weight,LSTM+TCN,2,911,KR,momentum,static,LSTM:L22|TCN:L60,Shock,0.7116367189935512,0.5169588959259259,0.055695916258957034,0.5195940925204813,27
equal_weight,LSTM+TCN,2,911,KR,momentum,static,LSTM:L22|TCN:L60,Recovery,0.2822147855287043,0.20959795600917427,0.01817685650769386,0.19852461185976453,109
equal_weight,LSTM+TST,2,911,KR,momentum,static,LSTM:L22|TST:L22,Full Test,0.4142016231431344,0.2421765912867647,0.026926629222314598,0.2935008159800287,136
equal_weight,LSTM+TST,2,911,KR,momentum,static,LSTM:L22|TST:L22,Shock,0.7189131351592818,0.34503433,0.05436803038163777,0.5249068915280721,27
equal_weight,LSTM+TST,2,911,KR,momentum,static,LSTM:L22|TST:L22,Recovery,0.29331999181369023,0.21669806885321102,0.020129217925968494,0.2063365936566049,109
equal_weight,1DCNN+TCN,2,911,KR,momentum,static,1DCNN:L22|TCN:L60,Full Test,0.4261053341329181,0.28440353797794116,0.026516342744326897,0.3019357150569081,136
equal_weight,1DCNN+TCN,2,911,KR,momentum,static,1DCNN:L22|TCN:L60,Shock,0.7721108382395685,0.54310893,0.059796719266507876,0.5637486369277022,27
equal_weight,1DCNN+TCN,2,911,KR,momentum,static,1DCNN:L22|TCN:L60,Recovery,0.2808367874530623,0.22032055096330275,0.01827257975259399,0.1975552560813356,109
equal_weight,1DCNN+TST,2,911,KR,momentum,static,1DCNN:L22|TST:L22,Full Test,0.3671513022174079,0.21049061136029412,0.018981147509873262,0.2601612373491383,136
equal_weight,1DCNN+TST,2,911,KR,momentum,static,1DCNN:L22|TST:L22,Shock,0.6829685025954914,0.3593798825925925,0.04674042202021357,0.498662294756311,27
equal_weight,1DCNN+TST,2,911,KR,momentum,static,1DCNN:L22|TST:L22,Recovery,0.2294542661233102,0.173609782706422,0.012104996943091719,0.16141010839088057,109
equal_weight,TCN+TST,2,911,KR,momentum,static,TCN:L60|TST:L22,Full Test,0.40799527238218153,0.2737034463970588,0.025680962894610655,0.2891030326039639,136
equal_weight,TCN+TST,2,911,KR,momentum,static,TCN:L60|TST:L22,Shock,0.7357236057912788,0.5406764300000001,0.058709127966180746,0.5371808804886584,27
equal_weight,TCN+TST,2,911,KR,momentum,static,TCN:L60|TST:L22,Recovery,0.27131636802284165,0.20757252385321096,0.01749967429890063,0.19085809608461218,109
equal_weight,LSTM+1DCNN+TCN,3,911,KR,momentum,static,LSTM:L22|1DCNN:L22|TCN:L60,Full Test,0.3534698401522695,0.24668879598039214,0.02086239486366565,0.2504666343935862,136
equal_weight,LSTM+1DCNN+TCN,3,911,KR,momentum,static,LSTM:L22|1DCNN:L22|TCN:L60,Shock,0.5997778152576637,0.45371741987654324,0.043322438889055445,0.4379214862232913,27
equal_weight,LSTM+1DCNN+TCN,3,911,KR,momentum,static,LSTM:L22|1DCNN:L22|TCN:L60,Recovery,0.2584208154551841,0.19540647629969424,0.015298897719761754,0.18178669125578537,109
equal_weight,LSTM+1DCNN+TST,3,911,KR,momentum,static,LSTM:L22|1DCNN:L22|TST:L22,Full Test,0.3876580573828757,0.2222377898529412,0.0218305978641912,0.2746922025551525,136
equal_weight,LSTM+1DCNN+TST,3,911,KR,momentum,static,LSTM:L22|1DCNN:L22|TST:L22,Shock,0.6971998579905397,0.34786251419753084,0.04911327733683705,0.5090531697554039,27
equal_weight,LSTM+1DCNN+TST,3,911,KR,momentum,static,LSTM:L22|1DCNN:L22|TST:L22,Recovery,0.25903041357705026,0.1911197388685015,0.015072502948948654,0.1822155143959593,109
equal_weight,LSTM+TCN+TST,3,911,KR,momentum,static,LSTM:L22|TCN:L60|TST:L22,Full Test,0.3511636401647152,0.2430318882107843,0.020968599876435793,0.24883247474683265,136
equal_weight,LSTM+TCN+TST,3,911,KR,momentum,static,LSTM:L22|TCN:L60|TST:L22,Shock,0.5869967436902022,0.45209575320987655,0.042917815309805867,0.42858952076214046,27
equal_weight,LSTM+TCN+TST,3,911,KR,momentum,static,LSTM:L22|TCN:L60|TST:L22,Recovery,0.26174612873331216,0.19124542623853213,0.015531638255325777,0.18412589019823536,109
equal_weight,1DCNN+TCN+TST,3,911,KR,momentum,static,1DCNN:L22|TCN:L60|TST:L22,Full Test,0.34911571575393285,0.24399563772058824,0.020352373824728386,0.2473813276434754,136
equal_weight,1DCNN+TCN+TST,3,911,KR,momentum,static,1DCNN:L22|TCN:L60|TST:L22,Shock,0.6104112560015162,0.4695291092592593,0.04511014007914191,0.4456853815454528,27
equal_weight,1DCNN+TCN+TST,3,911,KR,momentum,static,1DCNN:L22|TCN:L60|TST:L22,Recovery,0.24449294368736232,0.18812954844036694,0.014219716128681002,0.17198909921410918,109
equal_weight,LSTM+1DCNN+TCN+TST,4,911,KR,momentum,static,LSTM:L22|1DCNN:L22|TCN:L60|TST:L22,Full Test,0.3372930565355926,0.23111347981617647,0.01882105538298475,0.23900386137160237,136
equal_weight,LSTM+1DCNN+TCN+TST,4,911,KR,momentum,static,LSTM:L22|1DCNN:L22|TCN:L60|TST:L22,Shock,0.5715170534329881,0.4208804318518519,0.03870700775336447,0.4172871871458109,27
equal_weight,LSTM+1DCNN+TCN+TST,4,911,KR,momentum,static,LSTM:L22|1DCNN:L22|TCN:L60|TST:L22,Recovery,0.24705979981085305,0.1841069871100917,0.013895177272890689,0.17379475980223605,109
equal_weight,LSTM+1DCNN,2,911,US,core,expanding,LSTM:L252|1DCNN:L22,Full Test,0.3320722074953774,0.21460194676010697,0.035446626295938546,0.3153584280155482,135
equal_weight,LSTM+1DCNN,2,911,US,core,expanding,LSTM:L252|1DCNN:L22,Shock,0.6322379695119381,0.4618919861316681,0.07210662572629672,0.4011881501710481,25
equal_weight,LSTM+1DCNN,2,911,US,core,expanding,LSTM:L252|1DCNN:L22,Recovery,0.2109198928385047,0.15839966508475217,0.02711480824358442,0.22578680375020166,110
equal_weight,LSTM+TCN,2,911,US,core,expanding,LSTM:L252|TCN:L22,Full Test,0.30729645426154045,0.1989205605453915,0.03161064921920589,0.2918296821091847,135
equal_weight,LSTM+TCN,2,911,US,core,expanding,LSTM:L252|TCN:L22,Shock,0.5785826981525066,0.41387526631355287,0.05995607797500397,0.36714106647527917,25
equal_weight,LSTM+TCN,2,911,US,core,expanding,LSTM:L252|TCN:L22,Recovery,0.19952788579762393,0.15006721832535483,0.025168506320160867,0.21359181908827746,110
equal_weight,LSTM+TST,2,911,US,core,expanding,LSTM:L252|TST:L22,Full Test,0.3052400840137985,0.19837579124238022,0.03047239963190547,0.2898768126003599,135
equal_weight,LSTM+TST,2,911,US,core,expanding,LSTM:L252|TST:L22,Shock,0.562452441175153,0.377812627806656,0.049944164729957025,0.3569055724515278,25
equal_weight,LSTM+TST,2,911,US,core,expanding,LSTM:L252|TST:L22,Recovery,0.20603033724946543,0.15759469202322662,0.026046998473257393,0.2205526026829111,110
equal_weight,1DCNN+TCN,2,911,US,core,expanding,1DCNN:L22|TCN:L22,Full Test,0.25864611781816327,0.1782069025216279,0.025855393180867294,0.24562800284512118,135
equal_weight,1DCNN+TCN,2,911,US,core,expanding,1DCNN:L22|TCN:L22,Shock,0.4315554624336939,0.30582759857177744,0.0301791761031671,0.27384457438334175,25
equal_weight,1DCNN+TCN,2,911,US,core,expanding,1DCNN:L22|TCN:L22,Recovery,0.1994356126791071,0.14920219887386668,0.02487271524398097,0.21349304200176558,110
equal_weight,1DCNN+TST,2,911,US,core,expanding,1DCNN:L22|TST:L22,Full Test,0.25361304140346097,0.1739312605127575,0.02462354808139591,0.24084825003715776,135
equal_weight,1DCNN+TST,2,911,US,core,expanding,1DCNN:L22|TST:L22,Shock,0.4123215607215877,0.2868216293839112,0.025282800396847813,0.2616396550008371,25
equal_weight,1DCNN+TST,2,911,US,core,expanding,1DCNN:L22|TST:L22,Recovery,0.20074669380366317,0.14827435849658616,0.024473718009702293,0.21489653606098832,110
equal_weight,TCN+TST,2,911,US,core,expanding,TCN:L22|TST:L22,Full Test,0.2506572850186018,0.17542675181884373,0.02428077264417156,0.23804126208066312,135
equal_weight,TCN+TST,2,911,US,core,expanding,TCN:L22|TST:L22,Shock,0.409633020939032,0.29365053157891857,0.026095701699026773,0.25993363550495413,25
equal_weight,TCN+TST,2,911,US,core,expanding,TCN:L22|TST:L22,Recovery,0.19741384233151396,0.14855771096428125,0.023868288768068107,0.21132876504070386,110
equal_weight,LSTM+1DCNN+TCN,3,911,US,core,expanding,LSTM:L252|1DCNN:L22|TCN:L22,Full Test,0.2884990501489422,0.19130827902275838,0.02874451910191475,0.27397838447595985,135
equal_weight,LSTM+1DCNN+TCN,3,911,US,core,expanding,LSTM:L252|1DCNN:L22|TCN:L22,Shock,0.5238707622646187,0.37558248599370325,0.04551703487193755,0.3324234737181041,25
equal_weight,LSTM+1DCNN+TCN,3,911,US,core,expanding,LSTM:L252|1DCNN:L22|TCN:L22,Recovery,0.1994370571151081,0.1494277774384527,0.024932583699636846,0.21349458825036025,110
equal_weight,LSTM+1DCNN+TST,3,911,US,core,expanding,LSTM:L252|1DCNN:L22|TST:L22,Full Test,0.28569533802721997,0.1885138906845814,0.027923184521919213,0.27131578812686075,135
equal_weight,LSTM+1DCNN+TST,3,911,US,core,expanding,LSTM:L252|1DCNN:L22|TST:L22,Shock,0.5111377428059685,0.3507505109415385,0.03969068296484612,0.32434370507236576,25
equal_weight,LSTM+1DCNN+TST,3,911,US,core,expanding,LSTM:L252|1DCNN:L22|TST:L22,Recovery,0.20197663523730794,0.15164193153527297,0.02524875305761764,0.2162131712126818,110
equal_weight,LSTM+TCN+TST,3,911,US,core,expanding,LSTM:L252|TCN:L22|TST:L22,Full Test,0.2726883301089871,0.1820506426173331,0.026315055067075398,0.2589634458419774,135
equal_weight,LSTM+TCN+TST,3,911,US,core,expanding,LSTM:L252|TCN:L22|TST:L22,Shock,0.48248087056199673,0.33651516747522997,0.03584709535415189,0.3061594166878479,25
equal_weight,LSTM+TCN+TST,3,911,US,core,expanding,LSTM:L252|TCN:L22|TST:L22,Recovery,0.19583759887220115,0.14694506878599292,0.02414868227455802,0.209641418400134,110
equal_weight,1DCNN+TCN+TST,3,911,US,core,expanding,1DCNN:L22|TCN:L22|TST:L22,Full Test,0.25090416365835694,0.17300089317744863,0.02436622146376933,0.2382757148833563,135
equal_weight,1DCNN+TCN+TST,3,911,US,core,expanding,1DCNN:L22|TCN:L22|TST:L22,Shock,0.4134315959917663,0.29015566307885743,0.026427236025363454,0.2623440305969617,25
equal_weight,1DCNN+TCN+TST,3,911,US,core,expanding,1DCNN:L22|TCN:L22|TST:L22,Recovery,0.19599395391743749,0.14637480910894657,0.02389780906340703,0.209808794295499,110
equal_weight,LSTM+1DCNN+TCN+TST,4,911,US,core,expanding,LSTM:L252|1DCNN:L22|TCN:L22|TST:L22,Full Test,0.2689211553396769,0.18008277205654538,0.025989295126034616,0.25538587961844444,135
equal_weight,LSTM+1DCNN+TCN+TST,4,911,US,core,expanding,LSTM:L252|1DCNN:L22|TCN:L22|TST:L22,Shock,0.4701495645387716,0.3268100106123734,0.0338776132795377,0.2983345562852533,25
equal_weight,LSTM+1DCNN+TCN+TST,4,911,US,core,expanding,LSTM:L252|1DCNN:L22|TCN:L22|TST:L22,Recovery,0.1962603564295902,0.1467356723847663,0.02419649554569301,0.21009397446945272,110
equal_weight,LSTM+1DCNN,2,911,US,core,static,LSTM:L252|1DCNN:L22,Full Test,0.26346787532896854,0.17215274585185186,0.025856701636481235,0.2502070728160561,135
equal_weight,LSTM+1DCNN,2,911,US,core,static,LSTM:L252|1DCNN:L22,Shock,0.4466888924986573,0.294835184,0.03024765216546448,0.28344752908270127,25
equal_weight,LSTM+1DCNN,2,911,US,core,static,LSTM:L252|1DCNN:L22,Recovery,0.19960857634509677,0.14427037354545458,0.02485875833443959,0.21367819731709253,110
equal_weight,LSTM+TCN,2,911,US,core,static,LSTM:L252|TCN:L22,Full Test,0.26587305477375955,0.1875269827777778,0.02678004427649922,0.2524911953403946,135
equal_weight,LSTM+TCN,2,911,US,core,static,LSTM:L252|TCN:L22,Shock,0.4460737197147227,0.33686481999999995,0.031782459485640124,0.28305716968829187,25
equal_weight,LSTM+TCN,2,911,US,core,static,LSTM:L252|TCN:L22,Recovery,0.20379135684869187,0.1535865652272727,0.0256431317289672,0.21815580551482885,110
equal_weight,LSTM+TST,2,911,US,core,static,LSTM:L252|TST:L22,Full Test,0.2607035533940698,0.17885036996296297,0.025314055982647916,0.24758188407610582,135
equal_weight,LSTM+TST,2,911,US,core,static,LSTM:L252|TST:L22,Shock,0.43983674191054917,0.31861587799999996,0.02978993972530989,0.2790994801705433,25
equal_weight,LSTM+TST,2,911,US,core,static,LSTM:L252|TST:L22,Recovery,0.19860987989701168,0.14708548177272726,0.02429680967749747,0.21260910669683347,110
equal_weight,1DCNN+TCN,2,911,US,core,static,1DCNN:L22|TCN:L22,Full Test,0.24939254686974444,0.17653808003703703,0.025464168614918948,0.23684018044517519,135
equal_weight,1DCNN+TCN,2,911,US,core,static,1DCNN:L22|TCN:L22,Shock,0.40052341350972614,0.288782506,0.026661435434592498,0.2541531114956975,25
equal_weight,1DCNN+TCN,2,911,US,core,static,1DCNN:L22|TCN:L22,Recovery,0.19968319475374685,0.15102798322727276,0.025192062519538597,0.21375807528295435,110
equal_weight,1DCNN+TST,2,911,US,core,static,1DCNN:L22|TST:L22,Full Test,0.2429422991164921,0.1678180530740741,0.023895877742326502,0.2307145850295501,135
equal_weight,1DCNN+TST,2,911,US,core,static,1DCNN:L22|TST:L22,Shock,0.3910290888212349,0.26796968800000004,0.0237674790777941,0.24812846454688217,25
equal_weight,1DCNN+TST,2,911,US,core,static,1DCNN:L22|TST:L22,Recovery,0.1941235779528042,0.14505631786363637,0.02392505925699296,0.20780658302970864,110
equal_weight,TCN+TST,2,911,US,core,static,TCN:L22|TST:L22,Full Test,0.2547949186810484,0.18244313985185184,0.02556754269282908,0.24197064136183374,135
equal_weight,TCN+TST,2,911,US,core,static,TCN:L22|TST:L22,Shock,0.4175263214453366,0.31510669999999996,0.02730718858789264,0.26494234830570823,25
equal_weight,TCN+TST,2,911,US,core,static,TCN:L22|TST:L22,Recovery,0.20013756863206994,0.15229233072727277,0.02517216862576918,0.2142444761831852,110
equal_weight,LSTM+1DCNN+TCN,3,911,US,core,static,LSTM:L252|1DCNN:L22|TCN:L22,Full Test,0.2551339791709143,0.1760393810617284,0.025443389115239908,0.24229263633966924,135
equal_weight,LSTM+1DCNN+TCN,3,911,US,core,static,LSTM:L252|1DCNN:L22|TCN:L22,Shock,0.4221879460258641,0.3007077126666666,0.02828630131483826,0.26790039358297174,25
equal_weight,LSTM+1DCNN+TCN,3,911,US,core,static,LSTM:L252|1DCNN:L22|TCN:L22,Recovery,0.19843788460201442,0.14770566933333332,0.024797272706240284,0.2124249881321156,110
equal_weight,LSTM+1DCNN+TST,3,911,US,core,static,LSTM:L252|1DCNN:L22|TST:L22,Full Test,0.2520646853217021,0.17118902570370367,0.02456365603738884,0.23937782545934913,135
equal_weight,LSTM+1DCNN+TST,3,911,US,core,static,LSTM:L252|1DCNN:L22|TST:L22,Shock,0.41787271770909534,0.2898988766666666,0.02684654129671993,0.26516215490196515,25
equal_weight,LSTM+1DCNN+TST,3,911,US,core,static,LSTM:L252|1DCNN:L22|TST:L22,Recovery,0.1956806663236338,0.1442095141212121,0.02404481847844996,0.20947342441615815,110
equal_weight,LSTM+TCN+TST,3,911,US,core,static,LSTM:L252|TCN:L22|TST:L22,Full Test,0.2560128631713138,0.18139018795061726,0.025411871854881894,0.24312728455934404,135
equal_weight,LSTM+TCN+TST,3,911,US,core,static,LSTM:L252|TCN:L22|TST:L22,Shock,0.4250625596196285,0.3234388073333333,0.028730338469289816,0.26972448666856935,25
equal_weight,LSTM+TCN+TST,3,911,US,core,static,LSTM:L252|TCN:L22|TST:L22,Recovery,0.1984323707778893,0.14910641081818182,0.02465767489706191,0.21241908566028322,110
equal_weight,1DCNN+TCN+TST,3,911,US,core,static,1DCNN:L22|TCN:L22|TST:L22,Full Test,0.24572930283362315,0.1729874120493827,0.024512027620094447,0.23336131393765755,135
equal_weight,1DCNN+TCN+TST,3,911,US,core,static,1DCNN:L22|TCN:L22|TST:L22,Shock,0.3973067125498244,0.28620229933333335,0.02514617189015457,0.2521119460353658,25
equal_weight,1DCNN+TCN+TST,3,911,US,core,static,1DCNN:L22|TCN:L22|TST:L22,Recovery,0.19552666850584893,0.14725675584848483,0.02436790392235351,0.20930857189981064,110
equal_weight,LSTM+1DCNN+TCN+TST,4,911,US,core,static,LSTM:L252|1DCNN:L22|TCN:L22|TST:L22,Full Test,0.25021511291396553,0.1744565462962963,0.02473591755883401,0.23762134529066334,135
equal_weight,LSTM+1DCNN+TCN+TST,4,911,US,core,static,LSTM:L252|1DCNN:L22|TCN:L22|TST:L22,Shock,0.4114648383623,0.29967747999999994,0.026768651524050238,0.2610960193924177,25
equal_weight,LSTM+1DCNN+TCN+TST,4,911,US,core,static,LSTM:L252|1DCNN:L22|TCN:L22|TST:L22,Recovery,0.19585345956076464,0.1459972431818182,0.024273932566739407,0.20965839716680226,110
equal_weight,LSTM+1DCNN,2,911,US,extended,expanding,LSTM:L60|1DCNN:L22,Full Test,0.3003983363244729,0.1952135185400645,0.02999046733291513,0.2852787586058085,135
equal_weight,LSTM+1DCNN,2,911,US,extended,expanding,LSTM:L60|1DCNN:L22,Shock,0.5492561327916531,0.3835590994358063,0.047442276377907266,0.34853182268520183,25
equal_weight,LSTM+1DCNN,2,911,US,extended,expanding,LSTM:L60|1DCNN:L22,Recovery,0.20538719925031956,0.1524077047001232,0.026024147095416922,0.21986413242416397,110
equal_weight,LSTM+TCN,2,911,US,extended,expanding,LSTM:L60|TCN:L22,Full Test,0.2962778789564908,0.21679792956069663,0.03149145881266124,0.28136569111945464,135
equal_weight,LSTM+TCN,2,911,US,extended,expanding,LSTM:L60|TCN:L22,Shock,0.4924747213956403,0.34323289513587957,0.036450026574640984,0.3125010391818749,25
equal_weight,LSTM+TCN,2,911,US,extended,expanding,LSTM:L60|TCN:L22,Recovery,0.22936859438895932,0.18806271011179143,0.030364511594029475,0.24553588147047115,110
equal_weight,LSTM+TST,2,911,US,extended,expanding,LSTM:L60|TST:L22,Full Test,0.2740590798418039,0.18547445834910697,0.02733906360010357,0.2602652033247979,135
equal_weight,LSTM+TST,2,911,US,extended,expanding,LSTM:L60|TST:L22,Shock,0.45505149211159474,0.3206472453479768,0.03089736824986291,0.2887540374928064,25
equal_weight,LSTM+TST,2,911,US,extended,expanding,LSTM:L60|TST:L22,Recovery,0.21240687127388477,0.15475337039481835,0.026530357997885536,0.2273785934275604,110
equal_weight,1DCNN+TCN,2,911,US,extended,expanding,1DCNN:L22|TCN:L22,Full Test,0.28600067073442303,0.20657559478724444,0.03001434505336339,0.271605752900762,135
equal_weight,1DCNN+TCN,2,911,US,extended,expanding,1DCNN:L22|TCN:L22,Shock,0.4830109467405933,0.3565289545059205,0.0369537087284252,0.30649577782367954,25
equal_weight,1DCNN+TCN,2,911,US,extended,expanding,1DCNN:L22|TCN:L22,Recovery,0.21763235110850623,0.17249528576027262,0.028437216945394802,0.23297239671487613,110
equal_weight,1DCNN+TST,2,911,US,extended,expanding,1DCNN:L22|TST:L22,Full Test,0.26262978235702755,0.181119991396017,0.026210239317370664,0.24941116252654383,135
equal_weight,1DCNN+TST,2,911,US,extended,expanding,1DCNN:L22|TST:L22,Shock,0.4408511253440508,0.32412443093060306,0.03222396590724842,0.27974316002269933,25
equal_weight,1DCNN+TST,2,911,US,extended,expanding,1DCNN:L22|TST:L22,Recovery,0.20119645488684015,0.14861898241088384,0.024843483274216628,0.21537799902806615,110
equal_weight,TCN+TST,2,911,US,extended,expanding,TCN:L22|TST:L22,Full Test,0.2719478961668089,0.20667334346233962,0.02882252160532809,0.25826027924512235,135
equal_weight,TCN+TST,2,911,US,extended,expanding,TCN:L22|TST:L22,Shock,0.4253898245435199,0.3272629950672608,0.029233025954251347,0.26993215377739027,25
equal_weight,TCN+TST,2,911,US,extended,expanding,TCN:L22|TST:L22,Recovery,0.22279426486744053,0.17926660446122114,0.028729225162390987,0.2384981534046747,110
equal_weight,LSTM+1DCNN+TCN,3,911,US,extended,expanding,LSTM:L60|1DCNN:L22|TCN:L22,Full Test,0.2865869854803854,0.20000734572057371,0.02913919710081429,0.27216255739218154,135
equal_weight,LSTM+1DCNN+TCN,3,911,US,extended,expanding,LSTM:L60|1DCNN:L22|TCN:L22,Shock,0.49702280194989407,0.3410294286410014,0.03786579600631483,0.3153870348233555,25
equal_weight,LSTM+1DCNN+TCN,3,911,US,extended,expanding,LSTM:L60|1DCNN:L22|TCN:L22,Recovery,0.21131712256606366,0.16795687232956746,0.027155879167745988,0.22621203263370376,110
equal_weight,LSTM+1DCNN+TST,3,911,US,extended,expanding,LSTM:L60|1DCNN:L22|TST:L22,Full Test,0.27466421797626406,0.18418502310732557,0.02705451133190331,0.26083988379039597,135
equal_weight,LSTM+1DCNN+TST,3,911,US,extended,expanding,LSTM:L60|1DCNN:L22|TST:L22,Shock,0.4747760563325786,0.33484186937464394,0.03487616766535113,0.3012703079706065,25
equal_weight,LSTM+1DCNN+TST,3,911,US,extended,expanding,LSTM:L60|1DCNN:L22|TST:L22,Recovery,0.20336154133288015,0.14994483077384418,0.025276862165210627,0.21769569387379864,110
equal_weight,LSTM+TCN+TST,3,911,US,extended,expanding,LSTM:L60|TCN:L22|TST:L22,Full Test,0.2726935102315581,0.19924014734402148,0.02788352498277159,0.25896836523984945,135
equal_weight,LSTM+TCN+TST,3,911,US,extended,expanding,LSTM:L60|TCN:L22|TST:L22,Shock,0.44364398805741334,0.321373372415212,0.0300358356360373,0.2815153778895265,25
equal_weight,LSTM+TCN+TST,3,911,US,extended,expanding,LSTM:L60|TCN:L22|TST:L22,Recovery,0.21570890774876214,0.17148259619147818,0.027394363470665747,0.23091337742301782,110
equal_weight,1DCNN+TCN+TST,3,911,US,extended,expanding,1DCNN:L22|TCN:L22|TST:L22,Full Test,0.26595280444149644,0.19343058188411402,0.02700075152462701,0.25256693105268174,135
equal_weight,1DCNN+TCN+TST,3,911,US,extended,expanding,1DCNN:L22|TCN:L22|TST:L22,Shock,0.44096440127351927,0.32980851647798665,0.031233782518825103,0.2798150395408457,25
equal_weight,1DCNN+TCN+TST,3,911,US,extended,expanding,1DCNN:L22|TCN:L22|TST:L22,Recovery,0.20642917860892807,0.162435596749143,0.026038699025945623,0.22097955679588993,110
equal_weight,LSTM+1DCNN+TCN+TST,4,911,US,extended,expanding,LSTM:L60|1DCNN:L22|TCN:L22|TST:L22,Full Test,0.27143733675896403,0.1924518859700543,0.02715084783124972,0.2577754171921342,135
equal_weight,LSTM+1DCNN+TCN+TST,4,911,US,extended,expanding,LSTM:L60|1DCNN:L22|TCN:L22|TST:L22,Shock,0.45887722755632077,0.32843961450739295,0.03249863162943664,0.2911816672779936,25
equal_weight,LSTM+1DCNN+TCN+TST,4,911,US,extended,expanding,LSTM:L60|1DCNN:L22|TCN:L22|TST:L22,Recovery,0.20631734166687615,0.16154558402975014,0.02593544242257087,0.220859836909125,110
equal_weight,LSTM+1DCNN,2,911,US,extended,static,LSTM:L60|1DCNN:L22,Full Test,0.29384474559844337,0.1950536835925926,0.030467591903912468,0.27905502166730906,135
equal_weight,LSTM+1DCNN,2,911,US,extended,static,LSTM:L60|1DCNN:L22,Shock,0.5225916476035708,0.361510345,0.04676655766566081,0.33161180794961265,25
equal_weight,LSTM+1DCNN,2,911,US,extended,static,LSTM:L60|1DCNN:L22,Recovery,0.20952301687424812,0.1572226241818182,0.02676328150351511,0.2242914676407783,110
equal_weight,LSTM+TCN,2,911,US,extended,static,LSTM:L60|TCN:L22,Full Test,0.2962201782922259,0.21738152103703703,0.03317443909901344,0.28131089464704434,135
equal_weight,LSTM+TCN,2,911,US,extended,static,LSTM:L60|TCN:L22,Shock,0.4856583808407648,0.33069234699999994,0.03471168812693674,0.30817571320745135,25
equal_weight,LSTM+TCN,2,911,US,extended,static,LSTM:L60|TCN:L22,Recovery,0.23255813782770168,0.19162906059090906,0.03282506431993996,0.2489502433829863,110
equal_weight,LSTM+TST,2,911,US,extended,static,LSTM:L60|TST:L22,Full Test,0.2762137364066106,0.17955720096296296,0.02706485275988439,0.26231141224178295,135
equal_weight,LSTM+TST,2,911,US,extended,static,LSTM:L60|TST:L22,Shock,0.47883580423586936,0.33300869899999996,0.035587622458026894,0.3038464305386622,25
equal_weight,LSTM+TST,2,911,US,extended,static,LSTM:L60|TST:L22,Recovery,0.20377350659280963,0.1446818605,0.025127859646670175,0.21813669706483935,110
equal_weight,1DCNN+TCN,2,911,US,extended,static,1DCNN:L22|TCN:L22,Full Test,0.30486424991038835,0.2392095667037037,0.03761607554195265,0.289519894905965,135
equal_weight,1DCNN+TCN,2,911,US,extended,static,1DCNN:L22|TCN:L22,Shock,0.45508169080745997,0.336674836,0.033657149842665234,0.28877319977357646,25
equal_weight,1DCNN+TCN,2,911,US,extended,static,1DCNN:L22|TCN:L22,Recovery,0.25883857439106345,0.21705836913636367,0.03851583138269979,0.27708308422774436,110
equal_weight,1DCNN+TST,2,911,US,extended,static,1DCNN:L22|TST:L22,Full Test,0.2560982592693612,0.17613284714814814,0.025202176385669003,0.2432083825212708,135
equal_weight,1DCNN+TST,2,911,US,extended,static,1DCNN:L22|TST:L22,Shock,0.4330949425055608,0.314295232,0.031905848129293056,0.2748214548714904,25
equal_weight,1DCNN+TST,2,911,US,extended,static,1DCNN:L22|TST:L22,Recovery,0.19458282306491242,0.14473230513636365,0.023678614625754456,0.20829819851777423,110
equal_weight,TCN+TST,2,911,US,extended,static,TCN:L22|TST:L22,Full Test,0.27808593908378404,0.21557002755555554,0.030944158319614175,0.2640893836585602,135
equal_weight,TCN+TST,2,911,US,extended,static,TCN:L22|TST:L22,Shock,0.4176874471597198,0.31611115,0.027451058639923902,0.2650445910217922,25
equal_weight,TCN+TST,2,911,US,extended,static,TCN:L22|TST:L22,Recovery,0.23506713734986753,0.1927197724545455,0.031738044610452876,0.25163609238197404,110
equal_weight,LSTM+1DCNN+TCN,3,911,US,extended,static,LSTM:L60|1DCNN:L22|TCN:L22,Full Test,0.2849756499946006,0.2062386397777778,0.031276381595871115,0.2706323232764998,135
equal_weight,LSTM+1DCNN+TCN,3,911,US,extended,static,LSTM:L60|1DCNN:L22|TCN:L22,Shock,0.4736056982932403,0.3289362333333333,0.03507362055735776,0.3005276540228942,25
equal_weight,LSTM+1DCNN+TCN,3,911,US,extended,static,LSTM:L60|1DCNN:L22|TCN:L22,Recovery,0.220658980220887,0.17835282306060607,0.030413372740987793,0.23621236110572216,110
equal_weight,LSTM+1DCNN+TST,3,911,US,extended,static,LSTM:L60|1DCNN:L22|TST:L22,Full Test,0.27014616326628105,0.18117115034567902,0.026519274253732517,0.2565492307513693,135
equal_weight,LSTM+1DCNN+TST,3,911,US,extended,static,LSTM:L60|1DCNN:L22|TST:L22,Shock,0.46854064685038044,0.33206932133333333,0.03596549787969657,0.29731361324358446,25
equal_weight,LSTM+1DCNN+TST,3,911,US,extended,static,LSTM:L60|1DCNN:L22|TST:L22,Recovery,0.19917784977335573,0.1468761114848485,0.024372405247831592,0.213217110528782,110
equal_weight,LSTM+TCN+TST,3,911,US,extended,static,LSTM:L60|TCN:L22|TST:L22,Full Test,0.2682290655453267,0.19501250804938272,0.02726651264122681,0.2547286239374897,135
equal_weight,LSTM+TCN+TST,3,911,US,extended,static,LSTM:L60|TCN:L22|TST:L22,Shock,0.44716770806987605,0.3212707199999999,0.029623627195893933,0.28375136267432943,25
equal_weight,LSTM+TCN+TST,3,911,US,extended,static,LSTM:L60|TCN:L22|TST:L22,Recovery,0.20701006317077353,0.16631745987878788,0.026730804787893376,0.22160138574584295,110
equal_weight,1DCNN+TCN+TST,3,911,US,extended,static,1DCNN:L22|TCN:L22|TST:L22,Full Test,0.27005449044105273,0.2029148564691358,0.029308146397484386,0.2564621719810031,135
equal_weight,1DCNN+TCN+TST,3,911,US,extended,static,1DCNN:L22|TCN:L22|TST:L22,Shock,0.4295425851182144,0.3171145606666667,0.029827824597514752,0.27256729780429845,25
equal_weight,1DCNN+TCN+TST,3,911,US,extended,static,1DCNN:L22|TCN:L22|TST:L22,Recovery,0.2181076036197997,0.17696037824242425,0.0291900377156593,0.23348114803472259,110
equal_weight,LSTM+1DCNN+TCN+TST,4,911,US,extended,static,LSTM:L60|1DCNN:L22|TCN:L22|TST:L22,Full Test,0.2676367266795338,0.19254650820370373,0.02747097004911289,0.2541660985307767,135
equal_weight,LSTM+1DCNN+TCN+TST,4,911,US,extended,static,LSTM:L60|1DCNN:L22|TCN:L22|TST:L22,Shock,0.4490694074051822,0.3223090415,0.031440583085311946,0.2849580906380259,25
equal_weight,LSTM+1DCNN+TCN+TST,4,911,US,extended,static,LSTM:L60|1DCNN:L22|TCN:L22|TST:L22,Recovery,0.20512497391198667,0.16305502336363636,0.026568785268158566,0.21958342398300268,110
equal_weight,LSTM+1DCNN,2,911,US,momentum,expanding,LSTM:L22|1DCNN:L22,Full Test,0.28915645015987695,0.18912557363510132,0.028837919982066133,0.274602696385678,135
equal_weight,LSTM+1DCNN,2,911,US,momentum,expanding,LSTM:L22|1DCNN:L22,Shock,0.5193275304072805,0.37092819929122933,0.0404331915366698,0.3295405548291125,25
equal_weight,LSTM+1DCNN,2,911,US,momentum,expanding,LSTM:L22|1DCNN:L22,Recovery,0.20326916804058254,0.14780679507689043,0.026202630992383485,0.2175968095526515,110
equal_weight,LSTM+TCN,2,911,US,momentum,expanding,LSTM:L22|TCN:L60,Full Test,0.2812235049896015,0.18899274909937824,0.029286361354201575,0.26706903032762225,135
equal_weight,LSTM+TCN,2,911,US,momentum,expanding,LSTM:L22|TCN:L60,Shock,0.48692527375495775,0.34768716692924506,0.035140041604909404,0.3089796236060986,25
equal_weight,LSTM+TCN,2,911,US,momentum,expanding,LSTM:L22|TCN:L60,Recovery,0.20778689940072578,0.1529258359562267,0.02795597947904071,0.2224329779684482,110
equal_weight,LSTM+TST,2,911,US,momentum,expanding,LSTM:L22|TST:L22,Full Test,0.2540842497111722,0.17656959907236117,0.024141980463526863,0.2412957416002382,135
equal_weight,LSTM+TST,2,911,US,momentum,expanding,LSTM:L22|TST:L22,Shock,0.4301597114552708,0.3158699489484559,0.028353181905627932,0.2729588971856163,25
equal_weight,LSTM+TST,2,911,US,momentum,expanding,LSTM:L22|TST:L22,Recovery,0.19281419151471402,0.14491042864597597,0.02318488922668571,0.20640490298902225,110
equal_weight,1DCNN+TCN,2,911,US,momentum,expanding,1DCNN:L22|TCN:L60,Full Test,0.28709162617494666,0.19772544260378236,0.032694099240775626,0.27264179863115734,135
equal_weight,1DCNN+TCN,2,911,US,momentum,expanding,1DCNN:L22|TCN:L60,Shock,0.47939671353868807,0.3696010696887971,0.03642570167070625,0.30420235730406336,25
equal_weight,1DCNN+TCN,2,911,US,momentum,expanding,1DCNN:L22|TCN:L60,Recovery,0.22118248372774774,0.15866280008446088,0.031846007779427754,0.2367727641728741,110
equal_weight,1DCNN+TST,2,911,US,momentum,expanding,1DCNN:L22|TST:L22,Full Test,0.25559868280092496,0.1786489233389678,0.026435200009655116,0.24273395060339847,135
equal_weight,1DCNN+TST,2,911,US,momentum,expanding,1DCNN:L22|TST:L22,Shock,0.4124557340201796,0.31350054162072755,0.029232953369296936,0.2617247949956811,25
equal_weight,1DCNN+TST,2,911,US,momentum,expanding,1DCNN:L22|TST:L22,Recovery,0.20375228687034594,0.14800082827493147,0.025799346973372883,0.2181139815222359,110
equal_weight,TCN+TST,2,911,US,momentum,expanding,TCN:L60|TST:L22,Full Test,0.2787592813778404,0.18939189195821296,0.028199114315493302,0.2647288354334301,135
equal_weight,TCN+TST,2,911,US,momentum,expanding,TCN:L60|TST:L22,Shock,0.4855652014062454,0.3621116679453278,0.03321768250246961,0.30811658637013517,25
equal_weight,TCN+TST,2,911,US,momentum,expanding,TCN:L60|TST:L22,Recovery,0.20440757787972091,0.15013739741568685,0.02705853063663505,0.21881546140894484,110
equal_weight,LSTM+1DCNN+TCN,3,911,US,momentum,expanding,LSTM:L22|1DCNN:L22|TCN:L60,Full Test,0.2768866899764519,0.18591010916380235,0.02874073000080903,0.262950494857712,135
equal_weight,LSTM+1DCNN+TCN,3,911,US,momentum,expanding,LSTM:L22|1DCNN:L22|TCN:L60,Shock,0.47739283954005546,0.344165674050649,0.035117370633944135,0.302930794156238,25
equal_weight,LSTM+1DCNN+TCN,3,911,US,momentum,expanding,LSTM:L22|1DCNN:L22|TCN:L60,Recovery,0.20565514372637372,0.14994293532588265,0.02729149349327832,0.22015096324896963,110
equal_weight,LSTM+1DCNN+TST,3,911,US,momentum,expanding,LSTM:L22|1DCNN:L22|TST:L22,Full Test,0.26001575891405987,0.1766171926854706,0.025546643863750208,0.2469287074906717,135
equal_weight,LSTM+1DCNN+TST,3,911,US,momentum,expanding,LSTM:L22|1DCNN:L22|TST:L22,Shock,0.4417495819687287,0.322035618737854,0.03066705785982238,0.2803132778717455,25
equal_weight,LSTM+1DCNN+TST,3,911,US,momentum,expanding,LSTM:L22|1DCNN:L22|TST:L22,Recovery,0.19652755948431466,0.14356755040083796,0.02438291341009744,0.21038001161306497,110
equal_weight,LSTM+TCN+TST,3,911,US,momentum,expanding,LSTM:L22|TCN:L60|TST:L22,Full Test,0.2625133140628339,0.180366907748842,0.026039083415162062,0.2493005562868721,135
equal_weight,LSTM+TCN+TST,3,911,US,momentum,expanding,LSTM:L22|TCN:L60|TST:L22,Shock,0.44687881367717047,0.32975445310472623,0.030380672667600174,0.28356804439976174,25
equal_weight,LSTM+TCN+TST,3,911,US,momentum,expanding,LSTM:L22|TCN:L60|TST:L22,Recovery,0.1979616711132864,0.146415192895232,0.025052358585062485,0.21191520811145526,110
equal_weight,1DCNN+TCN+TST,3,911,US,momentum,expanding,1DCNN:L22|TCN:L60|TST:L22,Full Test,0.26695236014742857,0.185668252809384,0.027826493813433585,0.25351617735821946,135
equal_weight,1DCNN+TCN+TST,3,911,US,momentum,expanding,1DCNN:L22|TCN:L60|TST:L22,Shock,0.4468200966984505,0.34347113614059455,0.03192860703342565,0.2835307853972781,25
equal_weight,1DCNN+TCN+TST,3,911,US,momentum,expanding,1DCNN:L22|TCN:L60|TST:L22,Recovery,0.2051468648881445,0.14980396114319977,0.026894195354344477,0.21960685784120937,110
equal_weight,LSTM+1DCNN+TCN+TST,4,911,US,momentum,expanding,LSTM:L22|1DCNN:L22|TCN:L60|TST:L22,Full Test,0.26256977183530844,0.18033126135861913,0.026440246872469524,0.24935417244015126,135
equal_weight,LSTM+1DCNN+TCN+TST,4,911,US,momentum,expanding,LSTM:L22|1DCNN:L22|TCN:L60|TST:L22,Shock,0.4447125019155173,0.330306262077385,0.031180818507435717,0.28219340597204706,25
equal_weight,LSTM+1DCNN+TCN+TST,4,911,US,momentum,expanding,LSTM:L22|1DCNN:L22|TCN:L60|TST:L22,Recovery,0.19915866794692355,0.14624603392253596,0.025362844228159025,0.2131965765282929,110
equal_weight,LSTM+1DCNN,2,911,US,momentum,static,LSTM:L22|1DCNN:L22,Full Test,0.27499312125373493,0.1819214474074074,0.027562682016097694,0.26115223280081845,135
equal_weight,LSTM+1DCNN,2,911,US,momentum,static,LSTM:L22|1DCNN:L22,Shock,0.47621153476864353,0.33073265999999996,0.03608292973062213,0.3021811939307594,25
equal_weight,LSTM+1DCNN,2,911,US,momentum,static,LSTM:L22|1DCNN:L22,Recovery,0.20314411841909763,0.14810071727272725,0.025626262080978502,0.21746294580207312,110
equal_weight,LSTM+TCN,2,911,US,momentum,static,LSTM:L22|TCN:L60,Full Test,0.2826922488376016,0.18849873714814816,0.028603588419603802,0.26846384972410114,135
equal_weight,LSTM+TCN,2,911,US,momentum,static,LSTM:L22|TCN:L60,Shock,0.4912537718543405,0.3626674046,0.03585717138627613,0.31172628225826865,25
equal_weight,LSTM+TCN,2,911,US,momentum,static,LSTM:L22|TCN:L60,Recovery,0.20791728710777468,0.1489149490909091,0.02695504683626918,0.22257255631862524,110
equal_weight,LSTM+TST,2,911,US,momentum,static,LSTM:L22|TST:L22,Full Test,0.25074320739351236,0.17138993403703703,0.02436074707586294,0.23812285984431716,135
equal_weight,LSTM+TST,2,911,US,momentum,static,LSTM:L22|TST:L22,Shock,0.4174313270600429,0.307673194,0.02834410541398473,0.2648820693862177,25
equal_weight,LSTM+TST,2,911,US,momentum,static,LSTM:L22|TST:L22,Recovery,0.19380210729247382,0.14041646586363637,0.023455438362653437,0.20746245317092457,110
equal_weight,1DCNN+TCN,2,911,US,momentum,static,1DCNN:L22|TCN:L60,Full Test,0.2866013586674493,0.19790134114814814,0.030984683983941445,0.27217620716662205,135
equal_weight,1DCNN+TCN,2,911,US,momentum,static,1DCNN:L22|TCN:L60,Shock,0.4917855229465853,0.3917859546,0.037706416238668765,0.3120637062142142,25
equal_weight,1DCNN+TCN,2,911,US,momentum,static,1DCNN:L22|TCN:L60,Recovery,0.21410746499145974,0.1538366562727273,0.029457017562412507,0.2291990554173973,110
equal_weight,1DCNN+TST,2,911,US,momentum,static,1DCNN:L22|TST:L22,Full Test,0.251983455483551,0.17626652240740742,0.026193369721367054,0.23930068406211527,135
equal_weight,1DCNN+TST,2,911,US,momentum,static,1DCNN:L22|TST:L22,Shock,0.4065866832210208,0.307361448,0.03017777936751365,0.2580005741183183,25
equal_weight,1DCNN+TST,2,911,US,momentum,static,1DCNN:L22|TST:L22,Recovery,0.20088658206099505,0.14647222113636366,0.025287822074515555,0.21504628461341171,110
equal_weight,TCN+TST,2,911,US,momentum,static,TCN:L60|TST:L22,Full Test,0.2814411975171002,0.18599881133333335,0.02793457620998792,0.2672757660214696,135
equal_weight,TCN+TST,2,911,US,momentum,static,TCN:L60|TST:L22,Shock,0.4974890505177335,0.3692004646,0.033753710502567175,0.3156828935820798,25
equal_weight,TCN+TST,2,911,US,momentum,static,TCN:L60|TST:L22,Recovery,0.20239140858192028,0.14436207195454548,0.026612045688947178,0.2166571804183612,110
equal_weight,LSTM+1DCNN+TCN,3,911,US,momentum,static,LSTM:L22|1DCNN:L22|TCN:L60,Full Test,0.2724081775545213,0.1828644618765432,0.027771072184342844,0.25869739387380697,135
equal_weight,LSTM+1DCNN+TCN,3,911,US,momentum,static,LSTM:L22|1DCNN:L22|TCN:L60,Shock,0.46809272057415613,0.3500503223999999,0.03473760341710702,0.29702938052963274,25
equal_weight,LSTM+1DCNN+TCN,3,911,US,momentum,static,LSTM:L22|1DCNN:L22|TCN:L60,Recovery,0.20315845082203093,0.14486767539393935,0.026187769631441895,0.21747828843953934,110
equal_weight,LSTM+1DCNN+TST,3,911,US,momentum,static,LSTM:L22|1DCNN:L22|TST:L22,Full Test,0.2535142558583264,0.17163896345679014,0.025019430854265366,0.24075443655607692,135
equal_weight,LSTM+1DCNN+TST,3,911,US,momentum,static,LSTM:L22|1DCNN:L22|TST:L22,Shock,0.4243122402912659,0.3109741366666666,0.030313414617075082,0.26924836970390137,25
equal_weight,LSTM+1DCNN+TST,3,911,US,momentum,static,LSTM:L22|1DCNN:L22|TST:L22,Recovery,0.19482760650320172,0.13997187863636365,0.02381625272635407,0.20856023577481225,110
equal_weight,LSTM+TCN+TST,3,911,US,momentum,static,LSTM:L22|TCN:L60|TST:L22,Full Test,0.2636446805967983,0.17610088456790124,0.025852405547529208,0.25037497916314644,135
equal_weight,LSTM+TCN+TST,3,911,US,momentum,static,LSTM:L22|TCN:L60|TST:L22,Shock,0.45162327976860633,0.33510731839999996,0.03121927058372206,0.28657865659156,25
equal_weight,LSTM+TCN+TST,3,911,US,momentum,static,LSTM:L22|TCN:L60|TST:L22,Recovery,0.19735893019893588,0.13996305869696968,0.024632663493849013,0.211269982490281,110
equal_weight,1DCNN+TCN+TST,3,911,US,momentum,static,1DCNN:L22|TCN:L60|TST:L22,Full Test,0.26657381239637623,0.18386998086419756,0.027317827774894533,0.2531566825968183,135
equal_weight,1DCNN+TCN+TST,3,911,US,momentum,static,1DCNN:L22|TCN:L60|TST:L22,Shock,0.45276503675475677,0.35516086106666656,0.03278436668928851,0.2873031612792118,25
equal_weight,1DCNN+TCN+TST,3,911,US,momentum,static,1DCNN:L22|TCN:L60|TST:L22,Recovery,0.2015488028833729,0.14494023536363637,0.026075432567077717,0.21575518276870392,110
equal_weight,LSTM+1DCNN+TCN+TST,4,911,US,momentum,static,LSTM:L22|1DCNN:L22|TCN:L60|TST:L22,Full Test,0.26020067707432193,0.17620090896296295,0.02593640331651054,0.24710431840782265,135
equal_weight,LSTM+1DCNN+TCN+TST,4,911,US,momentum,static,LSTM:L22|1DCNN:L22|TCN:L60|TST:L22,Shock,0.44153933153207525,0.3330154103,0.0315820773978758,0.28017986257845123,25
equal_weight,LSTM+1DCNN+TCN+TST,4,911,US,momentum,static,LSTM:L22|1DCNN:L22|TCN:L60|TST:L22,Recovery,0.1969348862163815,0.1405612495681818,0.024653295570745703,0.2108160493205021,110
equal_weight,LSTM+1DCNN,2,covid,JP,core,expanding,LSTM:L60|1DCNN:L60,Full Test,0.23152817347517193,0.1365218165041018,0.018315190244081264,0.2660078281335587,238
equal_weight,LSTM+1DCNN,2,covid,JP,core,expanding,LSTM:L60|1DCNN:L60,Pre-crash,0.11199690771515025,0.09260815427158818,0.019201462191837177,0.2086816876295623,33
equal_weight,LSTM+1DCNN,2,covid,JP,core,expanding,LSTM:L60|1DCNN:L60,Crash,0.5520966797685246,0.34568084854828685,0.019217395799288238,0.24119326685961506,19
equal_weight,LSTM+1DCNN,2,covid,JP,core,expanding,LSTM:L60|1DCNN:L60,Recovery,0.18769580403120545,0.12294724255159337,0.01806578766437762,0.23920356152233366,186
equal_weight,LSTM+TCN,2,covid,JP,core,expanding,LSTM:L60|TCN:L252,Full Test,0.22138246946780843,0.1358434447721273,0.017766666680365494,0.25435120489252533,238
equal_weight,LSTM+TCN,2,covid,JP,core,expanding,LSTM:L60|TCN:L252,Pre-crash,0.11546540265392854,0.09321022259466576,0.01960805994258683,0.2151444676484515,33
equal_weight,LSTM+TCN,2,covid,JP,core,expanding,LSTM:L60|TCN:L252,Crash,0.4711772556048221,0.3020496368408203,0.01604690904025142,0.20584217531777643,19
equal_weight,LSTM+TCN,2,covid,JP,core,expanding,LSTM:L60|TCN:L252,Recovery,0.19408332100740006,0.1264293516675631,0.017615642043316376,0.24734395026398126,186
equal_weight,LSTM+TST,2,covid,JP,core,expanding,LSTM:L60|TST:L60,Full Test,0.23975683215122817,0.1391040344172561,0.018367542757764265,0.27546191568590933,238
equal_weight,LSTM+TST,2,covid,JP,core,expanding,LSTM:L60|TST:L60,Pre-crash,0.11836632538639799,0.09536812192438299,0.01990992311945779,0.2205497012736009,33
equal_weight,LSTM+TST,2,covid,JP,core,expanding,LSTM:L60|TST:L60,Crash,0.5848329162140202,0.3504205319805346,0.01780767783415574,0.25549467475123344,19
equal_weight,LSTM+TST,2,covid,JP,core,expanding,LSTM:L60|TST:L60,Recovery,0.19007813828548936,0.12527753795791483,0.018151085132025957,0.2422396594324746,186
equal_weight,1DCNN+TCN,2,covid,JP,core,expanding,1DCNN:L60|TCN:L252,Full Test,0.21229784541257612,0.13316109532318196,0.018429245143631874,0.24391367982561862,238
equal_weight,1DCNN+TCN,2,covid,JP,core,expanding,1DCNN:L60|TCN:L252,Pre-crash,0.11216930907884745,0.09522142961169734,0.020186178135620635,0.20900291978016305,33
equal_weight,1DCNN+TCN,2,covid,JP,core,expanding,1DCNN:L60|TCN:L252,Crash,0.4311008256726397,0.2792715147921914,0.016307169368134127,0.18833407317982073,19
equal_weight,1DCNN+TCN,2,covid,JP,core,expanding,1DCNN:L60|TCN:L252,Recovery,0.1909291696484489,0.1249670684337616,0.018334302407066433,0.24332423206870293,186
equal_weight,1DCNN+TST,2,covid,JP,core,expanding,1DCNN:L60|TST:L60,Full Test,0.22772419535239885,0.136560029843809,0.019054125681833695,0.26163735371777475,238
equal_weight,1DCNN+TST,2,covid,JP,core,expanding,1DCNN:L60|TST:L60,Pre-crash,0.11655982279822698,0.0972088671269966,0.021060856844675062,0.21718367968874153,33
equal_weight,1DCNN+TST,2,covid,JP,core,expanding,1DCNN:L60|TST:L60,Crash,0.5315708271219517,0.3263820666822333,0.016970520417271862,0.23222618258556788,19
equal_weight,1DCNN+TST,2,covid,JP,core,expanding,1DCNN:L60|TST:L60,Recovery,0.18730042986516304,0.12415126462727537,0.018910934131580518,0.2386996881984764,186
equal_weight,TCN+TST,2,covid,JP,core,expanding,TCN:L252|TST:L60,Full Test,0.21860258497467938,0.13577206308514025,0.018505119615807836,0.2511573342487062,238
equal_weight,TCN+TST,2,covid,JP,core,expanding,TCN:L252|TST:L60,Pre-crash,0.11830353180503499,0.09788846639848191,0.0209240485631433,0.22043269919918235,33
equal_weight,TCN+TST,2,covid,JP,core,expanding,TCN:L252|TST:L60,Crash,0.44811423355008106,0.2804330668444986,0.014302592835970374,0.19576668340326142,19
equal_weight,TCN+TST,2,covid,JP,core,expanding,TCN:L252|TST:L60,Recovery,0.19532365684286518,0.12771614705950543,0.018505245172554287,0.2489246608763384,186
equal_weight,LSTM+1DCNN+TCN,3,covid,JP,core,expanding,LSTM:L60|1DCNN:L60|TCN:L252,Full Test,0.21989084999721578,0.13418694268338152,0.017963464983575112,0.2526374503640008,238
equal_weight,LSTM+1DCNN+TCN,3,covid,JP,core,expanding,LSTM:L60|1DCNN:L60|TCN:L252,Pre-crash,0.11259354104041495,0.09367993549265044,0.019421596773550494,0.20979338304823353,33
equal_weight,LSTM+1DCNN+TCN,3,covid,JP,core,expanding,LSTM:L60|1DCNN:L60|TCN:L252,Crash,0.4797218423231507,0.3000366405436868,0.01669731797150461,0.2095750301964238,19
equal_weight,LSTM+1DCNN+TCN,3,covid,JP,core,expanding,LSTM:L60|1DCNN:L60|TCN:L252,Recovery,0.1900324490141325,0.1244320339626736,0.017834101780135073,0.2421814320443434,186
equal_weight,LSTM+1DCNN+TST,3,covid,JP,core,expanding,LSTM:L60|1DCNN:L60|TST:L60,Full Test,0.23132216151981166,0.1361821220664491,0.01834714196185496,0.26577113645153844,238
equal_weight,LSTM+1DCNN+TST,3,covid,JP,core,expanding,LSTM:L60|1DCNN:L60|TST:L60,Pre-crash,0.11500412739401351,0.09500489383618325,0.01976734267400368,0.21428498231385942,33
equal_weight,LSTM+1DCNN+TST,3,covid,JP,core,expanding,LSTM:L60|1DCNN:L60|TST:L60,Crash,0.5530701179643922,0.3388777213078952,0.01760029340046886,0.2416185306714635,19
equal_weight,LSTM+1DCNN+TST,3,covid,JP,core,expanding,LSTM:L60|1DCNN:L60|TST:L60,Recovery,0.18675303417417644,0.12278229489446686,0.01817146184984113,0.23800207538010884,186
equal_weight,LSTM+TCN+TST,3,covid,JP,core,expanding,LSTM:L60|TCN:L252|TST:L60,Full Test,0.22404558103894562,0.13551846217317814,0.017996510832682742,0.2574109125491899,238
equal_weight,LSTM+TCN+TST,3,covid,JP,core,expanding,LSTM:L60|TCN:L252|TST:L60,Pre-crash,0.1169032099895254,0.09540627271823499,0.019958502231634666,0.21782350644871587,33
equal_weight,LSTM+TCN+TST,3,covid,JP,core,expanding,LSTM:L60|TCN:L252|TST:L60,Crash,0.49520839516190074,0.3053527540524266,0.01549571741194355,0.21634060660441493,19
equal_weight,LSTM+TCN+TST,3,covid,JP,core,expanding,LSTM:L60|TCN:L252|TST:L60,Recovery,0.19171499473473366,0.12528647672321797,0.01790387297692269,0.24432570442629312,186
equal_weight,1DCNN+TCN+TST,3,covid,JP,core,expanding,1DCNN:L60|TCN:L252|TST:L60,Full Test,0.21684292014203552,0.13375562078610903,0.018407596169978675,0.24913561648819013,238
equal_weight,1DCNN+TCN+TST,3,covid,JP,core,expanding,1DCNN:L60|TCN:L252|TST:L60,Pre-crash,0.1149748146414046,0.09674707739625603,0.02040344215893219,0.214230364424774,33
equal_weight,1DCNN+TCN+TST,3,covid,JP,core,expanding,1DCNN:L60|TCN:L252|TST:L60,Crash,0.46240422239531265,0.291791181740811,0.015250339721984038,0.20200951952104776,19
equal_weight,1DCNN+TCN+TST,3,covid,JP,core,expanding,1DCNN:L60|TCN:L252|TST:L60,Recovery,0.18968271871324163,0.12417823516097899,0.018376009905873476,0.24173572824197462,186
equal_weight,LSTM+1DCNN+TCN+TST,4,covid,JP,core,expanding,LSTM:L60|1DCNN:L60|TCN:L252|TST:L60,Full Test,0.2219312593105147,0.13413705983795457,0.01806432120976007,0.254981721654131,238
equal_weight,LSTM+1DCNN+TCN+TST,4,covid,JP,core,expanding,LSTM:L60|1DCNN:L60|TCN:L252|TST:L60,Pre-crash,0.11456427582050463,0.09520954486083118,0.019756220900779473,0.21346541532277957,33
equal_weight,LSTM+1DCNN+TCN+TST,4,covid,JP,core,expanding,LSTM:L60|1DCNN:L60|TCN:L252|TST:L60,Crash,0.49495274789334065,0.30446824566335184,0.015999632771223283,0.21622892254231624,19
equal_weight,LSTM+1DCNN+TCN+TST,4,covid,JP,core,expanding,LSTM:L60|1DCNN:L60|TCN:L252|TST:L60,Recovery,0.18886501422789823,0.1236441322226993,0.01797505449217168,0.24069362809393716,186
equal_weight,LSTM+1DCNN,2,covid,JP,core,static,LSTM:L60|1DCNN:L60,Full Test,0.210791129630654,0.13297570953781512,0.018228632007668784,0.2421825809879969,238
equal_weight,LSTM+1DCNN,2,covid,JP,core,static,LSTM:L60|1DCNN:L60,Pre-crash,0.11770523179841397,0.0939444643939394,0.020560698424455816,0.2193178979890545,33
equal_weight,LSTM+1DCNN,2,covid,JP,core,static,LSTM:L60|1DCNN:L60,Crash,0.43569318275932634,0.3056746210526316,0.016025873465678128,0.19034032690931404,19
equal_weight,LSTM+1DCNN,2,covid,JP,core,static,LSTM:L60|1DCNN:L60,Recovery,0.18709851102052874,0.1222593212096774,0.01803989125790454,0.23844235849367035,186
equal_weight,LSTM+TCN,2,covid,JP,core,static,LSTM:L60|TCN:L252,Full Test,0.21483716217244458,0.12912627214285713,0.017023701521211115,0.2468311570711044,238
equal_weight,LSTM+TCN,2,covid,JP,core,static,LSTM:L60|TCN:L252,Pre-crash,0.11205745833550956,0.08609608833333333,0.01756485134404687,0.20879451015592976,33
equal_weight,LSTM+TCN,2,covid,JP,core,static,LSTM:L60|TCN:L252,Crash,0.5005774837161804,0.311600917368421,0.01836051342684124,0.2186861894201627,19
equal_weight,LSTM+TCN,2,covid,JP,core,static,LSTM:L60|TCN:L252,Recovery,0.17673161901565637,0.11812077647849462,0.016791135013896317,0.22523056879845615,186
equal_weight,LSTM+TST,2,covid,JP,core,static,LSTM:L60|TST:L60,Full Test,0.22189969496056083,0.13913125848739497,0.018482836624791443,0.2549454568613059,238
equal_weight,LSTM+TST,2,covid,JP,core,static,LSTM:L60|TST:L60,Pre-crash,0.11599564136965387,0.09231153348484848,0.019502921170826373,0.2161324509742607,33
equal_weight,LSTM+TST,2,covid,JP,core,static,LSTM:L60|TST:L60,Crash,0.4696031393902735,0.33563273052631576,0.017649231059079288,0.20515449542519035,19
equal_weight,LSTM+TST,2,covid,JP,core,static,LSTM:L60|TST:L60,Recovery,0.19516969825128558,0.1273652528763441,0.01838700713946552,0.24872845274769942,186
equal_weight,1DCNN+TCN,2,covid,JP,core,static,1DCNN:L60|TCN:L252,Full Test,0.20583916880529943,0.12971754735294116,0.01817638795290746,0.23649316390608655,238
equal_weight,1DCNN+TCN,2,covid,JP,core,static,1DCNN:L60|TCN:L252,Pre-crash,0.11683099019935674,0.09203280181818184,0.019945733089005137,0.21768894040653855,33
equal_weight,1DCNN+TCN,2,covid,JP,core,static,1DCNN:L60|TCN:L252,Crash,0.41911894620743767,0.27576549105263165,0.01619854572038894,0.18309957647209307,19
equal_weight,1DCNN+TCN,2,covid,JP,core,static,1DCNN:L60|TCN:L252,Recovery,0.18398249264197444,0.12148467462365592,0.018064509527781807,0.2344712377870465,186
equal_weight,1DCNN+TST,2,covid,JP,core,static,1DCNN:L60|TST:L60,Full Test,0.21608469928406723,0.1394771132352941,0.019710196941476042,0.24826447999176274,238
equal_weight,1DCNN+TST,2,covid,JP,core,static,1DCNN:L60|TST:L60,Pre-crash,0.12050943922646036,0.09788803000000001,0.021822301571490628,0.22454292383750377,33
equal_weight,1DCNN+TST,2,covid,JP,core,static,1DCNN:L60|TST:L60,Crash,0.38622087235564906,0.28849604210526314,0.015410829020889054,0.16872746697068003,19
equal_weight,1DCNN+TST,2,covid,JP,core,static,1DCNN:L60|TST:L60,Recovery,0.20477407092962432,0.13163345784946234,0.019774651445243093,0.2609684714457851,186
equal_weight,TCN+TST,2,covid,JP,core,static,TCN:L252|TST:L60,Full Test,0.21330655993059855,0.13477235920168065,0.018375033829185452,0.24507261437509154,238
equal_weight,TCN+TST,2,covid,JP,core,static,TCN:L252|TST:L60,Pre-crash,0.11505720351696996,0.09057026242424242,0.018607475995670697,0.2143838777451923,33
equal_weight,TCN+TST,2,covid,JP,core,static,TCN:L252|TST:L60,Crash,0.4398119763830771,0.30890471210526305,0.017154160293650186,0.19213969526263938,19
equal_weight,TCN+TST,2,covid,JP,core,static,TCN:L252|TST:L60,Recovery,0.19003126038447157,0.12482695322580645,0.01845850697800888,0.24217991723422394,186
equal_weight,LSTM+1DCNN+TCN,3,covid,JP,core,static,LSTM:L60|1DCNN:L60|TCN:L252,Full Test,0.20801832974435105,0.12921906149859944,0.017502254341693856,0.2389968500029943,238
equal_weight,LSTM+1DCNN+TCN,3,covid,JP,core,static,LSTM:L60|1DCNN:L60|TCN:L252,Pre-crash,0.1148549954664545,0.09046123616161617,0.018945198455868766,0.21400710736788683,33
equal_weight,LSTM+1DCNN+TCN,3,covid,JP,core,static,LSTM:L60|1DCNN:L60|TCN:L252,Crash,0.4447584439332245,0.2926478733333334,0.01638088931989838,0.1943006477122017,19
equal_weight,LSTM+1DCNN+TCN,3,covid,JP,core,static,LSTM:L60|1DCNN:L60|TCN:L252,Recovery,0.18116899919784543,0.11940110887096776,0.01736079616774946,0.23088566135051894,186
equal_weight,LSTM+1DCNN+TST,3,covid,JP,core,static,LSTM:L60|1DCNN:L60|TST:L60,Full Test,0.21394501158047163,0.13647406592436975,0.018545800690237983,0.2458061455662438,238
equal_weight,LSTM+1DCNN+TST,3,covid,JP,core,static,LSTM:L60|1DCNN:L60|TST:L60,Pre-crash,0.11735434338579122,0.09465628404040403,0.020183131671559308,0.2186640943483044,33
equal_weight,LSTM+1DCNN+TST,3,covid,JP,core,static,LSTM:L60|1DCNN:L60|TST:L60,Crash,0.42426349847320605,0.30917143999999996,0.01602519661079802,0.18534706575771112,19
equal_weight,LSTM+1DCNN+TST,3,covid,JP,core,static,LSTM:L60|1DCNN:L60|TST:L60,Recovery,0.19426424733738687,0.12625222019713261,0.018512787545752796,0.24757452666762192,186
equal_weight,LSTM+TCN+TST,3,covid,JP,core,static,LSTM:L60|TCN:L252|TST:L60,Full Test,0.21404013551230694,0.1329101026470588,0.017694702972671214,0.24591543555091236,238
equal_weight,LSTM+TCN+TST,3,covid,JP,core,static,LSTM:L60|TCN:L252|TST:L60,Pre-crash,0.11371619403783856,0.08912845232323233,0.0182428186923928,0.21188520053558282,33
equal_weight,LSTM+TCN+TST,3,covid,JP,core,static,LSTM:L60|TCN:L252|TST:L60,Crash,0.46444479951168727,0.3140777849122806,0.0172888441801182,0.20290098277534516,19
equal_weight,LSTM+TCN+TST,3,covid,JP,core,static,LSTM:L60|TCN:L252|TST:L60,Recovery,0.1851812680844472,0.12217143865591398,0.017638915329164194,0.23599898294251778,186
equal_weight,1DCNN+TCN+TST,3,covid,JP,core,static,1DCNN:L60|TCN:L252|TST:L60,Full Test,0.20865514744314317,0.1334646619467787,0.018404373921326295,0.2397285039116884,238
equal_weight,1DCNN+TCN+TST,3,covid,JP,core,static,1DCNN:L60|TCN:L252|TST:L60,Pre-crash,0.11644446361555523,0.09285396151515152,0.019536811673378663,0.21696873284582946,33
equal_weight,1DCNN+TCN+TST,3,covid,JP,core,static,1DCNN:L60|TCN:L252|TST:L60,Crash,0.4073650282656005,0.2863783961403508,0.015823397926351148,0.1779646680731467,19
equal_weight,1DCNN+TCN+TST,3,covid,JP,core,static,1DCNN:L60|TCN:L252|TST:L60,Recovery,0.1906604621607509,0.12504956605734768,0.018467105631470374,0.24298178548366173,186
equal_weight,LSTM+1DCNN+TCN+TST,4,covid,JP,core,static,LSTM:L60|1DCNN:L60|TCN:L252|TST:L60,Full Test,0.20983816503271527,0.13262319775210082,0.017886992191653173,0.24108769892951853,238
equal_weight,LSTM+1DCNN+TCN+TST,4,covid,JP,core,static,LSTM:L60|1DCNN:L60|TCN:L252|TST:L60,Pre-crash,0.11520570022585855,0.09164422219696969,0.01899699280156298,0.21466056881112142,33
equal_weight,LSTM+1DCNN+TCN+TST,4,covid,JP,core,static,LSTM:L60|1DCNN:L60|TCN:L252|TST:L60,Crash,0.43189470372202704,0.299243785,0.016164409790464435,0.18868089368812202,19
equal_weight,LSTM+1DCNN+TCN+TST,4,covid,JP,core,static,LSTM:L60|1DCNN:L60|TCN:L252|TST:L60,Recovery,0.1869033716483303,0.12287327858870967,0.0178660193179734,0.23819366868909533,186
equal_weight,LSTM+1DCNN,2,covid,JP,extended,expanding,LSTM:L252|1DCNN:L22,Full Test,0.2539619779321965,0.14269306435554968,0.019771653907630738,0.2917825211690307,238
equal_weight,LSTM+1DCNN,2,covid,JP,extended,expanding,LSTM:L252|1DCNN:L22,Pre-crash,0.1102587921381285,0.09384636084238689,0.020147115133764666,0.2054430902494396,33
equal_weight,LSTM+1DCNN,2,covid,JP,extended,expanding,LSTM:L252|1DCNN:L22,Crash,0.6581576182612219,0.3727364038166247,0.020343486830518554,0.2875278766818941,19
equal_weight,LSTM+1DCNN,2,covid,JP,extended,expanding,LSTM:L252|1DCNN:L22,Recovery,0.19005902767172658,0.1278603641736892,0.01964662677861306,0.24221530445608858,186
equal_weight,LSTM+TCN,2,covid,JP,extended,expanding,LSTM:L252|TCN:L60,Full Test,0.24939268403462403,0.15258452333822972,0.022684948451180617,0.2865327585697178,238
equal_weight,LSTM+TCN,2,covid,JP,extended,expanding,LSTM:L252|TCN:L60,Pre-crash,0.1352072560315916,0.11211457758238821,0.027648531014100506,0.25192908397253955,33
equal_weight,LSTM+TCN,2,covid,JP,extended,expanding,LSTM:L252|TCN:L60,Crash,0.5674206171777919,0.3775769974056043,0.018234886471192875,0.24788780182121464,19
equal_weight,LSTM+TCN,2,covid,JP,extended,expanding,LSTM:L252|TCN:L60,Recovery,0.2084529179502859,0.13678157281491063,0.022258889058940887,0.2656568730494436,186
equal_weight,LSTM+TST,2,covid,JP,extended,expanding,LSTM:L252|TST:L60,Full Test,0.24787970129777645,0.14546172369492796,0.020962142541119312,0.28479445931312414,238
equal_weight,LSTM+TST,2,covid,JP,extended,expanding,LSTM:L252|TST:L60,Pre-crash,0.12391158240893488,0.10394701298877601,0.023979124214832333,0.23088207220607213,33
equal_weight,LSTM+TST,2,covid,JP,extended,expanding,LSTM:L252|TST:L60,Crash,0.5855088338790633,0.35978035966286914,0.018992738638162285,0.25578996142064103,19
equal_weight,LSTM+TST,2,covid,JP,extended,expanding,LSTM:L252|TST:L60,Recovery,0.2021853519657173,0.13093447299553082,0.020628047266515296,0.25766935242625594,186
equal_weight,1DCNN+TCN,2,covid,JP,extended,expanding,1DCNN:L22|TCN:L60,Full Test,0.24854863427636859,0.1555175906469842,0.02355667477443512,0.28556301117500493,238
equal_weight,1DCNN+TCN,2,covid,JP,extended,expanding,1DCNN:L22|TCN:L60,Pre-crash,0.12907578780025308,0.10914087792237599,0.02602035452177758,0.24050443695088183,33
equal_weight,1DCNN+TCN,2,covid,JP,extended,expanding,1DCNN:L22|TCN:L60,Crash,0.5295064560719944,0.3572195297793338,0.01632477373558694,0.23132432532796154,19
equal_weight,1DCNN+TCN,2,covid,JP,extended,expanding,1DCNN:L22|TCN:L60,Recovery,0.21783176053098455,0.1431417555738521,0.023858312882369608,0.2776094713498693,186
equal_weight,1DCNN+TST,2,covid,JP,extended,expanding,1DCNN:L22|TST:L60,Full Test,0.2443130181986307,0.14865344091019414,0.021643549794334194,0.2806966183868829,238
equal_weight,1DCNN+TST,2,covid,JP,extended,expanding,1DCNN:L22|TST:L60,Pre-crash,0.11734986572051789,0.0994105066357734,0.022424550787321692,0.21865575149578445,33
equal_weight,1DCNN+TST,2,covid,JP,extended,expanding,1DCNN:L22|TST:L60,Crash,0.5513703916707766,0.3463861954542461,0.016775751807564607,0.24087597496963206,19
equal_weight,1DCNN+TST,2,covid,JP,extended,expanding,1DCNN:L22|TST:L60,Recovery,0.20707028227526939,0.13719158335491938,0.022002233283474164,0.2638948124671154,186
equal_weight,TCN+TST,2,covid,JP,extended,expanding,TCN:L60|TST:L60,Full Test,0.24253049517698463,0.15564788234458235,0.024045818763280605,0.27864863834856163,238
equal_weight,TCN+TST,2,covid,JP,extended,expanding,TCN:L60|TST:L60,Pre-crash,0.1389147806007907,0.1170393750566922,0.03001683934348947,0.2588372433120485,33
equal_weight,TCN+TST,2,covid,JP,extended,expanding,TCN:L60|TST:L60,Crash,0.47181850039197176,0.3296009103870593,0.015346438577317364,0.2061223145229862,19
equal_weight,TCN+TST,2,covid,JP,extended,expanding,TCN:L60|TST:L60,Recovery,0.22158950585800324,0.14472838346121306,0.023875090507293553,0.2823984226541155,186
equal_weight,LSTM+1DCNN+TCN,3,covid,JP,extended,expanding,LSTM:L252|1DCNN:L22|TCN:L60,Full Test,0.24447499276440107,0.14753369989097953,0.021246418143923876,0.280882714540136,238
equal_weight,LSTM+1DCNN+TCN,3,covid,JP,extended,expanding,LSTM:L252|1DCNN:L22|TCN:L60,Pre-crash,0.12300670442724285,0.10420622834653567,0.02379941153096019,0.22919603043786013,33
equal_weight,LSTM+1DCNN+TCN,3,covid,JP,extended,expanding,LSTM:L252|1DCNN:L22|TCN:L60,Crash,0.5766766792792212,0.35871700550380514,0.017519149215012374,0.25193147739165134,19
equal_weight,LSTM+1DCNN+TCN,3,covid,JP,extended,expanding,LSTM:L252|1DCNN:L22|TCN:L60,Recovery,0.199554799823368,0.1336483437314256,0.02117421022928474,0.25431692031160114,186
equal_weight,LSTM+1DCNN+TST,3,covid,JP,extended,expanding,LSTM:L252|1DCNN:L22|TST:L60,Full Test,0.2460302253940657,0.1439519743614793,0.020330792535457044,0.2826695556310061,238
equal_weight,LSTM+1DCNN+TST,3,covid,JP,extended,expanding,LSTM:L252|1DCNN:L22|TST:L60,Pre-crash,0.11629469177399743,0.09905913987235292,0.021763075392364693,0.21668966614222562,33
equal_weight,LSTM+1DCNN+TST,3,covid,JP,extended,expanding,LSTM:L252|1DCNN:L22|TST:L60,Crash,0.5952321778587532,0.35281478499221797,0.018174990926439986,0.26003777740142986,19
equal_weight,LSTM+1DCNN+TST,3,covid,JP,extended,expanding,LSTM:L252|1DCNN:L22|TST:L60,Recovery,0.19713423867134214,0.1305813836956574,0.020296894128432164,0.2512321052224427,186
equal_weight,LSTM+TCN+TST,3,covid,JP,extended,expanding,LSTM:L252|TCN:L60|TST:L60,Full Test,0.24049173556700149,0.14858689048513338,0.021754925739781786,0.27630626243897843,238
equal_weight,LSTM+TCN+TST,3,covid,JP,extended,expanding,LSTM:L252|TCN:L60|TST:L60,Pre-crash,0.1303205008454794,0.11081171881963212,0.026225182764432205,0.2428236868676116,33
equal_weight,LSTM+TCN+TST,3,covid,JP,extended,expanding,LSTM:L252|TCN:L60|TST:L60,Crash,0.5317664570043948,0.34318954103839266,0.016592221725024458,0.23231164698369033,19
equal_weight,LSTM+TCN+TST,3,covid,JP,extended,expanding,LSTM:L252|TCN:L60|TST:L60,Recovery,0.20519914798851235,0.13541017169185177,0.02148918861325988,0.2615101987684286,186
equal_weight,1DCNN+TCN+TST,3,covid,JP,extended,expanding,1DCNN:L22|TCN:L60|TST:L60,Full Test,0.238463010214691,0.14975879907626824,0.022255050660317955,0.2739754151094828,238
equal_weight,1DCNN+TCN+TST,3,covid,JP,extended,expanding,1DCNN:L22|TCN:L60|TST:L60,Pre-crash,0.125950542312189,0.10778738125096371,0.025174973787094566,0.23468122704258124,33
equal_weight,1DCNN+TCN+TST,3,covid,JP,extended,expanding,1DCNN:L22|TCN:L60|TST:L60,Crash,0.5061604866124405,0.3342457211267707,0.015193009197662293,0.22112522280063707,19
equal_weight,1DCNN+TCN+TST,3,covid,JP,extended,expanding,1DCNN:L22|TCN:L60|TST:L60,Recovery,0.2092293772258091,0.13835990267452364,0.02245839111519338,0.2666464094167633,186
equal_weight,LSTM+1DCNN+TCN+TST,4,covid,JP,extended,expanding,LSTM:L252|1DCNN:L22|TCN:L60|TST:L60,Full Test,0.2396307807679231,0.14602978644281484,0.021032469435392782,0.27531709246978436,238
equal_weight,LSTM+1DCNN+TCN+TST,4,covid,JP,extended,expanding,LSTM:L252|1DCNN:L22|TCN:L60|TST:L60,Pre-crash,0.12289507564018029,0.10542963752460076,0.023839691412143347,0.22898803466237408,33
equal_weight,LSTM+1DCNN+TCN+TST,4,covid,JP,extended,expanding,LSTM:L252|1DCNN:L22|TCN:L60|TST:L60,Crash,0.5485802690784665,0.3427244602409764,0.016465707004751702,0.2396570602258226,19
equal_weight,LSTM+1DCNN+TCN+TST,4,covid,JP,extended,expanding,LSTM:L252|1DCNN:L22|TCN:L60|TST:L60,Recovery,0.20013948538636764,0.13314057199193308,0.021000911160927255,0.2550620561432842,186
equal_weight,LSTM+1DCNN,2,covid,JP,extended,static,LSTM:L252|1DCNN:L22,Full Test,0.2855557886336293,0.14814968829831932,0.020928323008099686,0.3280813477708041,238
equal_weight,LSTM+1DCNN,2,covid,JP,extended,static,LSTM:L252|1DCNN:L22,Pre-crash,0.1123899282662893,0.09523198712121211,0.019934343366445603,0.2094139949931718,33
equal_weight,LSTM+1DCNN,2,covid,JP,extended,static,LSTM:L252|1DCNN:L22,Crash,0.7990656679077759,0.4548665042105262,0.03623847072581912,0.3490860689816927,19
equal_weight,LSTM+1DCNN,2,covid,JP,extended,static,LSTM:L252|1DCNN:L22,Recovery,0.19202611754388868,0.12620702505376344,0.01954073441421751,0.2447222060175762,186
equal_weight,LSTM+TCN,2,covid,JP,extended,static,LSTM:L252|TCN:L60,Full Test,0.2511149945691916,0.15265764995798317,0.023505427194308093,0.28851155936264605,238
equal_weight,LSTM+TCN,2,covid,JP,extended,static,LSTM:L252|TCN:L60,Pre-crash,0.13084329538651424,0.1087496968181818,0.028139774624488224,0.24379779956831046,33
equal_weight,LSTM+TCN,2,covid,JP,extended,static,LSTM:L252|TCN:L60,Crash,0.5293918411841128,0.3649848826315789,0.019112397065197243,0.23127425468525017,19
equal_weight,LSTM+TCN,2,covid,JP,extended,static,LSTM:L252|TCN:L60,Recovery,0.22140998058383285,0.13875842970430105,0.023131954652679924,0.2821696317970926,186
equal_weight,LSTM+TST,2,covid,JP,extended,static,LSTM:L252|TST:L60,Full Test,0.2545651430861482,0.15101896462184872,0.02242205897403603,0.29247551113847514,238
equal_weight,LSTM+TST,2,covid,JP,extended,static,LSTM:L252|TST:L60,Pre-crash,0.11946247018265126,0.09734336727272727,0.021492608456346384,0.2225921265242537,33
equal_weight,LSTM+TST,2,covid,JP,extended,static,LSTM:L252|TST:L60,Crash,0.6196582135432054,0.3732182557894737,0.022797251869938383,0.2707087271618104,19
equal_weight,LSTM+TST,2,covid,JP,extended,static,LSTM:L252|TST:L60,Recovery,0.20289186224445027,0.13784427741935484,0.022548635329205997,0.2585697442959954,186
equal_weight,1DCNN+TCN,2,covid,JP,extended,static,1DCNN:L22|TCN:L60,Full Test,0.25177689121897645,0.14838068510504202,0.023486038395476957,0.2892720270316275,238
equal_weight,1DCNN+TCN,2,covid,JP,extended,static,1DCNN:L22|TCN:L60,Pre-crash,0.12969626820048702,0.10871736090909091,0.02829889525512149,0.24166056584019016,33
equal_weight,1DCNN+TCN,2,covid,JP,extended,static,1DCNN:L22|TCN:L60,Crash,0.5466484862479808,0.34210506578947364,0.023919267790480855,0.23881312743513447,19
equal_weight,1DCNN+TCN,2,covid,JP,extended,static,1DCNN:L22|TCN:L60,Recovery,0.21818456346023535,0.13562867685483873,0.022587889820889082,0.27805909098155357,186
equal_weight,1DCNN+TST,2,covid,JP,extended,static,1DCNN:L22|TST:L60,Full Test,0.2653626660928475,0.1526938605672269,0.022973209956704148,0.3048810236219541,238
equal_weight,1DCNN+TST,2,covid,JP,extended,static,1DCNN:L22|TST:L60,Pre-crash,0.11826736380456945,0.09943567803030302,0.022165899441206543,0.22036530776089483,33
equal_weight,1DCNN+TST,2,covid,JP,extended,static,1DCNN:L22|TST:L60,Crash,0.6846519450978455,0.4213300263157895,0.032853741561472784,0.2991023963783425,19
equal_weight,1DCNN+TST,2,covid,JP,extended,static,1DCNN:L22|TST:L60,Recovery,0.19934751069054085,0.13470156419354837,0.022107140851977358,0.2540527465965742,186
equal_weight,TCN+TST,2,covid,JP,extended,static,TCN:L60|TST:L60,Full Test,0.25079994797283506,0.1608401207142857,0.025928542126897377,0.28814959537502094,238
equal_weight,TCN+TST,2,covid,JP,extended,static,TCN:L60|TST:L60,Pre-crash,0.1387733937982948,0.11499326984848483,0.03327244838973849,0.2585737996487205,33
equal_weight,TCN+TST,2,covid,JP,extended,static,TCN:L60|TST:L60,Crash,0.4434740211033727,0.3256311131578946,0.01950650574817146,0.19373952472245132,19
equal_weight,TCN+TST,2,covid,JP,extended,static,TCN:L60|TST:L60,Recovery,0.23870298455290054,0.1521407509408602,0.025281605484542728,0.3042082072477143,186
equal_weight,LSTM+1DCNN+TCN,3,covid,JP,extended,static,LSTM:L252|1DCNN:L22|TCN:L60,Full Test,0.24883656648319236,0.14388517411764704,0.021031400387740682,0.2858938230497865,238
equal_weight,LSTM+1DCNN+TCN,3,covid,JP,extended,static,LSTM:L252|1DCNN:L22|TCN:L60,Pre-crash,0.1228630366989739,0.10333761777777777,0.024126646100089685,0.22892833680935926,33
equal_weight,LSTM+1DCNN+TCN,3,covid,JP,extended,static,LSTM:L252|1DCNN:L22|TCN:L60,Crash,0.602497049864924,0.355242063859649,0.022676256117442402,0.2632115671558144,19
equal_weight,LSTM+1DCNN+TCN,3,covid,JP,extended,static,LSTM:L252|1DCNN:L22|TCN:L60,Recovery,0.1986740536599254,0.12948887548387095,0.020314220993268375,0.2531944785010762,186
equal_weight,LSTM+1DCNN+TST,3,covid,JP,extended,static,LSTM:L252|1DCNN:L22|TST:L60,Full Test,0.26133502370816375,0.1462876126330532,0.02125161691351936,0.300253576396217,238
equal_weight,LSTM+1DCNN+TST,3,covid,JP,extended,static,LSTM:L252|1DCNN:L22|TST:L60,Pre-crash,0.11609017629140155,0.0973370108080808,0.020808955528317297,0.21630859607849673,33
equal_weight,LSTM+1DCNN+TST,3,covid,JP,extended,static,LSTM:L252|1DCNN:L22|TST:L60,Crash,0.6906970733633582,0.40747183754385974,0.02815091453329582,0.30174331832937984,19
equal_weight,LSTM+1DCNN+TST,3,covid,JP,extended,static,LSTM:L252|1DCNN:L22|TST:L60,Recovery,0.19043698425476813,0.1282922878315412,0.020625386649733957,0.24269698044334845,186
equal_weight,LSTM+TCN+TST,3,covid,JP,extended,static,LSTM:L252|TCN:L60|TST:L60,Full Test,0.24451733862627112,0.1516394530672269,0.022799143790064966,0.28093136683971115,238
equal_weight,LSTM+TCN+TST,3,covid,JP,extended,static,LSTM:L252|TCN:L60|TST:L60,Pre-crash,0.12851464984312555,0.1061851813131313,0.026519302533214863,0.23945887904681445,33
equal_weight,LSTM+TCN+TST,3,covid,JP,extended,static,LSTM:L252|TCN:L60|TST:L60,Crash,0.5179939840157229,0.3439221550877192,0.019510645144720555,0.22629489777689252,19
equal_weight,LSTM+TCN+TST,3,covid,JP,extended,static,LSTM:L252|TCN:L60|TST:L60,Recovery,0.2148599367617263,0.1400621392473118,0.022475037530589683,0.27382211535422457,186
equal_weight,1DCNN+TCN+TST,3,covid,JP,extended,static,1DCNN:L22|TCN:L60|TST:L60,Full Test,0.24059066496485088,0.14817175949579833,0.022382085760829857,0.27641992480850885,238
equal_weight,1DCNN+TCN+TST,3,covid,JP,extended,static,1DCNN:L22|TCN:L60|TST:L60,Pre-crash,0.12766567297282133,0.10614007838383839,0.026597588274567686,0.23787699674819807,33
equal_weight,1DCNN+TCN+TST,3,covid,JP,extended,static,1DCNN:L22|TCN:L60|TST:L60,Crash,0.5298159116223661,0.34199022596491224,0.022123627268535312,0.23145951740921228,19
equal_weight,1DCNN+TCN+TST,3,covid,JP,extended,static,1DCNN:L22|TCN:L60|TST:L60,Recovery,0.20615679650290247,0.13583033268817205,0.0216605756984656,0.2627306465964242,186
equal_weight,LSTM+1DCNN+TCN+TST,4,covid,JP,extended,static,LSTM:L252|1DCNN:L22|TCN:L60|TST:L60,Full Test,0.24313631385200216,0.1449525291911765,0.021217366059118357,0.2793446769973688,238
equal_weight,LSTM+1DCNN+TCN+TST,4,covid,JP,extended,static,LSTM:L252|1DCNN:L22|TCN:L60|TST:L60,Pre-crash,0.1232042618254989,0.10288997787878786,0.02401259942919747,0.22956413503469797,33
equal_weight,LSTM+1DCNN+TCN+TST,4,covid,JP,extended,static,LSTM:L252|1DCNN:L22|TCN:L60|TST:L60,Crash,0.5761882735638812,0.35187168447368417,0.021861424055454368,0.25171810964975405,19
equal_weight,LSTM+1DCNN+TCN+TST,4,covid,JP,extended,static,LSTM:L252|1DCNN:L22|TCN:L60|TST:L60,Recovery,0.1975746951905047,0.13127833694892474,0.02065564668738183,0.25179343247003694,186
equal_weight,LSTM+1DCNN,2,covid,JP,momentum,expanding,LSTM:L60|1DCNN:L22,Full Test,0.24265438855673968,0.13721624329811385,0.01890045673653531,0.2787909821867827,238
equal_weight,LSTM+1DCNN,2,covid,JP,momentum,expanding,LSTM:L60|1DCNN:L22,Pre-crash,0.11610594793125996,0.09793504485578249,0.020796561994243894,0.21633798336423035,33
equal_weight,LSTM+1DCNN,2,covid,JP,momentum,expanding,LSTM:L60|1DCNN:L22,Crash,0.6128441285400953,0.35548927752595205,0.02006825679027268,0.26773187170821744,19
equal_weight,LSTM+1DCNN,2,covid,JP,momentum,expanding,LSTM:L60|1DCNN:L22,Recovery,0.1859713549512962,0.12188878038557627,0.018444759561667606,0.23700588659983182,186
equal_weight,LSTM+TCN,2,covid,JP,momentum,expanding,LSTM:L60|TCN:L60,Full Test,0.2151780112536052,0.13350234637741282,0.017929559739085756,0.2472227659231633,238
equal_weight,LSTM+TCN,2,covid,JP,momentum,expanding,LSTM:L60|TCN:L60,Pre-crash,0.11956875230074812,0.0983117859471928,0.020099885773251665,0.22279016025462908,33
equal_weight,LSTM+TCN,2,covid,JP,momentum,expanding,LSTM:L60|TCN:L60,Crash,0.47662010888901385,0.3144089140390096,0.0159171023933892,0.20821998270687753,19
equal_weight,LSTM+TCN,2,covid,JP,momentum,expanding,LSTM:L60|TCN:L60,Recovery,0.18304204702783905,0.12126612975712746,0.017750075494143605,0.2332727137049809,186
equal_weight,LSTM+TST,2,covid,JP,momentum,expanding,LSTM:L60|TST:L60,Full Test,0.23332631599311324,0.1387486443420261,0.018719524088762398,0.2680737537558825,238
equal_weight,LSTM+TST,2,covid,JP,momentum,expanding,LSTM:L60|TST:L60,Pre-crash,0.11736376096449545,0.09973477779263698,0.02086613387592189,0.21868164223707737,33
equal_weight,LSTM+TST,2,covid,JP,momentum,expanding,LSTM:L60|TST:L60,Crash,0.5504891106887846,0.3580518244561527,0.018600214389711642,0.24049097167789513,19
equal_weight,LSTM+TST,2,covid,JP,momentum,expanding,LSTM:L60|TST:L60,Recovery,0.1904256848436999,0.12326852162138868,0.018350861515137137,0.24268258022629782,186
equal_weight,1DCNN+TCN,2,covid,JP,momentum,expanding,1DCNN:L22|TCN:L60,Full Test,0.21960991347381725,0.13630472330235632,0.019100759958178688,0.25231467619224046,238
equal_weight,1DCNN+TCN,2,covid,JP,momentum,expanding,1DCNN:L22|TCN:L60,Pre-crash,0.11973382995013061,0.10058572030428684,0.02108801348763935,0.22309774626897402,33
equal_weight,1DCNN+TCN,2,covid,JP,momentum,expanding,1DCNN:L22|TCN:L60,Crash,0.4793770300588209,0.2953449221033799,0.015761179987020618,0.2094243928179816,19
equal_weight,1DCNN+TCN,2,covid,JP,momentum,expanding,1DCNN:L22|TCN:L60,Recovery,0.18892804116984327,0.12639592395674798,0.019089322608607726,0.2407739509816167,186
equal_weight,1DCNN+TST,2,covid,JP,momentum,expanding,1DCNN:L22|TST:L60,Full Test,0.23850551885088508,0.14185559184244492,0.020118011473312374,0.2740242542197353,238
equal_weight,1DCNN+TST,2,covid,JP,momentum,expanding,1DCNN:L22|TST:L60,Pre-crash,0.11962708702359028,0.10200871214973103,0.022905003265455026,0.2228988542235828,33
equal_weight,1DCNN+TST,2,covid,JP,momentum,expanding,1DCNN:L22|TST:L60,Crash,0.5569161208924277,0.3408892811065955,0.018504251827499024,0.24329872554413226,19
equal_weight,1DCNN+TST,2,covid,JP,momentum,expanding,1DCNN:L22|TST:L60,Recovery,0.19638391155505258,0.1285938011641691,0.019788391603042195,0.2502758722397736,186
equal_weight,TCN+TST,2,covid,JP,momentum,expanding,TCN:L60|TST:L60,Full Test,0.21427784750818568,0.1384893909403248,0.01921386930025905,0.2461885479302101,238
equal_weight,TCN+TST,2,covid,JP,momentum,expanding,TCN:L60|TST:L60,Pre-crash,0.12281305355308089,0.10238545324114134,0.021794216584203094,0.22883520448243433,33
equal_weight,TCN+TST,2,covid,JP,momentum,expanding,TCN:L60|TST:L60,Crash,0.42114470456600644,0.29797169299124476,0.015246484959611194,0.1839845643655934,19
equal_weight,TCN+TST,2,covid,JP,momentum,expanding,TCN:L60|TST:L60,Recovery,0.19482738608301098,0.12860372537637627,0.019161336193281395,0.2482922027675957,186
equal_weight,LSTM+1DCNN+TCN,3,covid,JP,momentum,expanding,LSTM:L60|1DCNN:L22|TCN:L60,Full Test,0.22309394811849492,0.13456457592442592,0.01832852380307606,0.2563175604851629,238
equal_weight,LSTM+1DCNN+TCN,3,covid,JP,momentum,expanding,LSTM:L60|1DCNN:L22|TCN:L60,Pre-crash,0.11757955609005048,0.09894418370242071,0.020222928008493776,0.2190837291509196,33
equal_weight,LSTM+1DCNN+TCN,3,covid,JP,momentum,expanding,LSTM:L60|1DCNN:L22|TCN:L60,Crash,0.517090663210213,0.3129282039508485,0.01652897519174723,0.22590026510314568,19
equal_weight,LSTM+1DCNN+TCN,3,covid,JP,momentum,expanding,LSTM:L60|1DCNN:L22|TCN:L60,Recovery,0.18417179864766914,0.1226643824342331,0.018176244689293606,0.2347124934192576,186
equal_weight,LSTM+1DCNN+TST,3,covid,JP,momentum,expanding,LSTM:L60|1DCNN:L22|TST:L60,Full Test,0.2363655217095742,0.1386419938687658,0.01901752576403391,0.27156556427618433,238
equal_weight,LSTM+1DCNN+TST,3,covid,JP,momentum,expanding,LSTM:L60|1DCNN:L22|TST:L60,Pre-crash,0.11686342039258822,0.09989284493271684,0.021221355751589198,0.2177493672567654,33
equal_weight,LSTM+1DCNN+TST,3,covid,JP,momentum,expanding,LSTM:L60|1DCNN:L22|TST:L60,Crash,0.5695619622744548,0.3468730996863971,0.018595910590534576,0.24882328656195693,19
equal_weight,LSTM+1DCNN+TST,3,covid,JP,momentum,expanding,LSTM:L60|1DCNN:L22|TST:L60,Recovery,0.18954447868850827,0.12424592346207021,0.01866959188611543,0.24155955218715106,186
equal_weight,LSTM+TCN+TST,3,covid,JP,momentum,expanding,LSTM:L60|TCN:L60|TST:L60,Full Test,0.21923337439557422,0.13639999010667075,0.01840219985685875,0.251882062135353,238
equal_weight,LSTM+TCN+TST,3,covid,JP,momentum,expanding,LSTM:L60|TCN:L60|TST:L60,Pre-crash,0.11915812674637617,0.10014400566032373,0.02066743751266992,0.22202504954382174,33
equal_weight,LSTM+TCN+TST,3,covid,JP,momentum,expanding,LSTM:L60|TCN:L60|TST:L60,Crash,0.4797371410097369,0.3217302035148942,0.01623857967341072,0.20958171370011364,19
equal_weight,LSTM+TCN+TST,3,covid,JP,momentum,expanding,LSTM:L60|TCN:L60|TST:L60,Recovery,0.1883387523068196,0.12390092253663423,0.018221317818384253,0.24002294860557383,186
equal_weight,1DCNN+TCN+TST,3,covid,JP,momentum,expanding,1DCNN:L22|TCN:L60|TST:L60,Full Test,0.22158717912137346,0.13768153751040754,0.019169121597500855,0.2545864003312724,238
equal_weight,1DCNN+TCN+TST,3,covid,JP,momentum,expanding,1DCNN:L22|TCN:L60|TST:L60,Pre-crash,0.1196639223047105,0.10165996189838641,0.02150361236365041,0.22296748869559901,33
equal_weight,1DCNN+TCN+TST,3,covid,JP,momentum,expanding,1DCNN:L22|TCN:L60|TST:L60,Crash,0.47970277633906977,0.3034898813649282,0.01585878754365936,0.2095667008817315,19
equal_weight,1DCNN+TCN+TST,3,covid,JP,momentum,expanding,1DCNN:L22|TCN:L60|TST:L60,Recovery,0.19178402169007272,0.12713505074675596,0.01909309015524308,0.24441367385983143,186
equal_weight,LSTM+1DCNN+TCN+TST,4,covid,JP,momentum,expanding,LSTM:L60|1DCNN:L22|TCN:L60|TST:L60,Full Test,0.22397255200712593,0.1364783048349528,0.018595071191545416,0.25732700788284424,238
equal_weight,LSTM+1DCNN+TCN+TST,4,covid,JP,momentum,expanding,LSTM:L60|1DCNN:L22|TCN:L60|TST:L60,Pre-crash,0.1178696858525594,0.10016024904846192,0.020721443016182832,0.21962432236645651,33
equal_weight,LSTM+1DCNN+TCN+TST,4,covid,JP,momentum,expanding,LSTM:L60|1DCNN:L22|TCN:L60|TST:L60,Crash,0.5091744621051613,0.3188648425680402,0.016535564191817054,0.22244193167059245,19
equal_weight,LSTM+1DCNN+TCN+TST,4,covid,JP,momentum,expanding,LSTM:L60|1DCNN:L22|TCN:L60|TST:L60,Recovery,0.18772219617667463,0.12429094797487505,0.018428191421555117,0.2392371962390234,186
equal_weight,LSTM+1DCNN,2,covid,JP,momentum,static,LSTM:L60|1DCNN:L22,Full Test,0.22177796384947318,0.13443638785714285,0.018094811918856857,0.25480559730117447,238
equal_weight,LSTM+1DCNN,2,covid,JP,momentum,static,LSTM:L60|1DCNN:L22,Pre-crash,0.11069299795760373,0.09190212575757575,0.01902068324374278,0.20625213733698688,33
equal_weight,LSTM+1DCNN,2,covid,JP,momentum,static,LSTM:L60|1DCNN:L22,Crash,0.5118470274103937,0.3355123631578946,0.01861118994292948,0.22360949030196756,19
equal_weight,LSTM+1DCNN,2,covid,JP,momentum,static,LSTM:L60|1DCNN:L22,Recovery,0.18439137761938787,0.12144277021505376,0.017877796132950326,0.23499232957893357,186
equal_weight,LSTM+TCN,2,covid,JP,momentum,static,LSTM:L60|TCN:L60,Full Test,0.20619859465382276,0.1309013393697479,0.01742782684017741,0.23690611619597512,238
equal_weight,LSTM+TCN,2,covid,JP,momentum,static,LSTM:L60|TCN:L60,Pre-crash,0.11196779024169393,0.09059213242424242,0.01792048106674684,0.2086274333187165,33
equal_weight,LSTM+TCN,2,covid,JP,momentum,static,LSTM:L60|TCN:L60,Crash,0.4547296056862456,0.3121433331578947,0.01780395083883235,0.19865672731784492,19
equal_weight,LSTM+TCN,2,covid,JP,momentum,static,LSTM:L60|TCN:L60,Recovery,0.17623200087899585,0.11953900575268817,0.017301999176461094,0.22459384472084723,186
equal_weight,LSTM+TST,2,covid,JP,momentum,static,LSTM:L60|TST:L60,Full Test,0.2257628156390623,0.13986198798319324,0.019050228359289063,0.25938388146781993,238
equal_weight,LSTM+TST,2,covid,JP,momentum,static,LSTM:L60|TST:L60,Pre-crash,0.11631448220465486,0.09440432090909091,0.020109983458784047,0.21672654097907246,33
equal_weight,LSTM+TST,2,covid,JP,momentum,static,LSTM:L60|TST:L60,Crash,0.50777652691069,0.3450227226315789,0.018279492601322906,0.22183121966001879,19
equal_weight,LSTM+TST,2,covid,JP,momentum,static,LSTM:L60|TST:L60,Recovery,0.1909965951455805,0.12696977860215056,0.018940938365299937,0.24341016057458642,186
equal_weight,1DCNN+TCN,2,covid,JP,momentum,static,1DCNN:L22|TCN:L60,Full Test,0.19617861388552318,0.13054597655462183,0.017754034438854118,0.22539393915053277,238
equal_weight,1DCNN+TCN,2,covid,JP,momentum,static,1DCNN:L22|TCN:L60,Pre-crash,0.11121818305945844,0.09164978757575759,0.01847918026422296,0.20723070465157495,33
equal_weight,1DCNN+TCN,2,covid,JP,momentum,static,1DCNN:L22|TCN:L60,Crash,0.39308093663553645,0.2931595563157893,0.01623976654592034,0.17172440823421586,19
equal_weight,1DCNN+TCN,2,covid,JP,momentum,static,1DCNN:L22|TCN:L60,Recovery,0.1768260602989704,0.12083584870967742,0.01778006281373891,0.22535092679708338,186
equal_weight,1DCNN+TST,2,covid,JP,momentum,static,1DCNN:L22|TST:L60,Full Test,0.2135347319207443,0.13902140735294116,0.019966371363483584,0.2453347662103205,238
equal_weight,1DCNN+TST,2,covid,JP,momentum,static,1DCNN:L22|TST:L60,Pre-crash,0.11698716474488825,0.09597398696969696,0.021685580446202248,0.21797993743803865,33
equal_weight,1DCNN+TST,2,covid,JP,momentum,static,1DCNN:L22|TST:L60,Crash,0.4294279576244805,0.30533694052631577,0.015456824080329095,0.18760325172081896,19
equal_weight,1DCNN+TST,2,covid,JP,momentum,static,1DCNN:L22|TST:L60,Recovery,0.19255928449875073,0.12966963177419355,0.020122003076656805,0.24540168542922286,186
equal_weight,TCN+TST,2,covid,JP,momentum,static,TCN:L60|TST:L60,Full Test,0.20532661300286342,0.13847756348739496,0.01911001384595124,0.23590427723257315,238
equal_weight,TCN+TST,2,covid,JP,momentum,static,TCN:L60|TST:L60,Pre-crash,0.11747338264458365,0.09421869606060607,0.019984873723650678,0.21888589791317264,33
equal_weight,TCN+TST,2,covid,JP,momentum,static,TCN:L60|TST:L60,Crash,0.3890857025069218,0.2996782631578947,0.015793217460407287,0.1699790190470276,19
equal_weight,TCN+TST,2,covid,JP,momentum,static,TCN:L60|TST:L60,Recovery,0.1898227871350081,0.12986320505376345,0.019293609304882716,0.24191423445025217,186
equal_weight,LSTM+1DCNN+TCN,3,covid,JP,momentum,static,LSTM:L60|1DCNN:L22|TCN:L60,Full Test,0.20526547277419563,0.1303138800140056,0.01747484720791414,0.2358340318744933,238
equal_weight,LSTM+1DCNN+TCN,3,covid,JP,momentum,static,LSTM:L60|1DCNN:L22|TCN:L60,Pre-crash,0.11057363056943911,0.09121067828282828,0.01810653592270914,0.20602972237496087,33
equal_weight,LSTM+1DCNN+TCN,3,covid,JP,momentum,static,LSTM:L60|1DCNN:L22|TCN:L60,Crash,0.44563184635202047,0.30509127192982444,0.017018463367033235,0.19468220911480194,19
equal_weight,LSTM+1DCNN+TCN,3,covid,JP,momentum,static,LSTM:L60|1DCNN:L22|TCN:L60,Recovery,0.17736465508891644,0.11939794028673835,0.017409393258389964,0.22603732355826897,186
equal_weight,LSTM+1DCNN+TST,3,covid,JP,momentum,static,LSTM:L60|1DCNN:L22|TST:L60,Full Test,0.2179538681679395,0.13587118138655463,0.018726255517150077,0.25041200937495744,238
equal_weight,LSTM+1DCNN+TST,3,covid,JP,momentum,static,LSTM:L60|1DCNN:L22|TST:L60,Pre-crash,0.11378637727677714,0.09409347787878787,0.019967196067464648,0.2120159716168924,33
equal_weight,LSTM+1DCNN+TST,3,covid,JP,momentum,static,LSTM:L60|1DCNN:L22|TST:L60,Crash,0.47852358167792725,0.32305331403508764,0.017034373559363856,0.2090515495182896,19
equal_weight,LSTM+1DCNN+TST,3,covid,JP,momentum,static,LSTM:L60|1DCNN:L22|TST:L60,Recovery,0.18734063828063205,0.12416259910394264,0.018678915296921894,0.2387509306711812,186
equal_weight,LSTM+TCN+TST,3,covid,JP,momentum,static,LSTM:L60|TCN:L60|TST:L60,Full Test,0.20938707540937418,0.13464308897759103,0.01813062276648079,0.24056943210572443,238
equal_weight,LSTM+TCN+TST,3,covid,JP,momentum,static,LSTM:L60|TCN:L60|TST:L60,Pre-crash,0.11439908977921871,0.0928788083838384,0.018934294174972825,0.2131576270561106,33
equal_weight,LSTM+TCN+TST,3,covid,JP,momentum,static,LSTM:L60|TCN:L60|TST:L60,Crash,0.44366286714413994,0.31385397122806996,0.016836020044420242,0.19382202547884947,19
equal_weight,LSTM+TCN+TST,3,covid,JP,momentum,static,LSTM:L60|TCN:L60|TST:L60,Recovery,0.18349720058038496,0.12374639272401433,0.01812028026776527,0.23385277116701578,186
equal_weight,1DCNN+TCN+TST,3,covid,JP,momentum,static,1DCNN:L22|TCN:L60|TST:L60,Full Test,0.20247347577334623,0.13434641413165263,0.01856835086233645,0.2326262449009084,238
equal_weight,1DCNN+TCN+TST,3,covid,JP,momentum,static,1DCNN:L22|TCN:L60|TST:L60,Pre-crash,0.11421784259388122,0.09392525242424242,0.019622264912492415,0.21281991265635708,33
equal_weight,1DCNN+TCN+TST,3,covid,JP,momentum,static,1DCNN:L22|TCN:L60|TST:L60,Crash,0.39894123621593597,0.29382058315789467,0.015489058050238539,0.17428458448222459,19
equal_weight,1DCNN+TCN+TST,3,covid,JP,momentum,static,1DCNN:L22|TCN:L60|TST:L60,Recovery,0.18407709777957862,0.12522753845878135,0.018695917527791893,0.23459180460509824,186
equal_weight,LSTM+1DCNN+TCN+TST,4,covid,JP,momentum,static,LSTM:L60|1DCNN:L22|TCN:L60|TST:L60,Full Test,0.20741039054276184,0.13296460865546217,0.01805356292412254,0.2382983752370844,238
equal_weight,LSTM+1DCNN+TCN+TST,4,covid,JP,momentum,static,LSTM:L60|1DCNN:L22|TCN:L60|TST:L60,Pre-crash,0.11280737458304436,0.09302705424242423,0.018970361965858752,0.2101918146985082,33
equal_weight,LSTM+1DCNN+TCN+TST,4,covid,JP,momentum,static,LSTM:L60|1DCNN:L22|TCN:L60|TST:L60,Crash,0.43866495130734146,0.3065610394736841,0.016379341939633443,0.19163859692893123,19
equal_weight,LSTM+1DCNN+TCN+TST,4,covid,JP,momentum,static,LSTM:L60|1DCNN:L22|TCN:L60|TST:L60,Recovery,0.182020990316217,0.12231733505376344,0.018061927603305328,0.231971457119668,186
equal_weight,LSTM+1DCNN,2,covid,KR,core,expanding,LSTM:L22|1DCNN:L22,Full Test,0.279060672532446,0.1711345994544606,0.023491656242977107,0.2736490901956617,248
equal_weight,LSTM+1DCNN,2,covid,KR,core,expanding,LSTM:L22|1DCNN:L22,Pre-crash,0.15217716948125345,0.10350198490279063,0.01652523874801935,0.19518123233859816,35
equal_weight,LSTM+1DCNN,2,covid,KR,core,expanding,LSTM:L22|1DCNN:L22,Crash,0.575715874788854,0.37834119371005465,0.021892847160289223,0.2930170496787398,21
equal_weight,LSTM+1DCNN,2,covid,KR,core,expanding,LSTM:L22|1DCNN:L22,Recovery,0.24518291110709697,0.16080024023540318,0.02493644584224777,0.2553498865254991,192
equal_weight,LSTM+TCN,2,covid,KR,core,expanding,LSTM:L22|TCN:L252,Full Test,0.2483524199379115,0.1637114392773759,0.023641725154116153,0.24353633619226162,248
equal_weight,LSTM+TCN,2,covid,KR,core,expanding,LSTM:L22|TCN:L252,Pre-crash,0.1544516618925335,0.10572501591273718,0.016154650128414973,0.19809847829140267,35
equal_weight,LSTM+TCN,2,covid,KR,core,expanding,LSTM:L22|TCN:L252,Crash,0.4092911154692252,0.3028159922077542,0.020503403517202128,0.20831330238808737,21
equal_weight,LSTM+TCN,2,covid,KR,core,expanding,LSTM:L22|TCN:L252,Recovery,0.2387416409628027,0.1590673205597947,0.02534981046804707,0.24864151687200733,192
equal_weight,LSTM+TST,2,covid,KR,core,expanding,LSTM:L22|TST:L22,Full Test,0.2510666174819339,0.16087598242923107,0.022355116737854824,0.2461978996501031,248
equal_weight,LSTM+TST,2,covid,KR,core,expanding,LSTM:L22|TST:L22,Pre-crash,0.14340521364553158,0.10119713080992783,0.014835072377806175,0.1839303912572961,35
equal_weight,LSTM+TST,2,covid,KR,core,expanding,LSTM:L22|TST:L22,Crash,0.4207932649119722,0.291991393338376,0.018014751022457046,0.21416745031463844,21
equal_weight,LSTM+TST,2,covid,KR,core,expanding,LSTM:L22|TST:L22,Recovery,0.24146211926210737,0.1574141916874788,0.02420068565777699,0.2514748049746969,192
equal_weight,1DCNN+TCN,2,covid,KR,core,expanding,1DCNN:L22|TCN:L252,Full Test,0.3278191672289726,0.18050425403541134,0.024134304822554308,0.32146205356284185,248
equal_weight,1DCNN+TCN,2,covid,KR,core,expanding,1DCNN:L22|TCN:L252,Pre-crash,0.1571610461904127,0.10549235088484629,0.017215501766700697,0.20157351313363014,35
equal_weight,1DCNN+TCN,2,covid,KR,core,expanding,1DCNN:L22|TCN:L252,Crash,0.8128194109007385,0.4961485947881426,0.029084508468812782,0.41369355290245463,21
equal_weight,1DCNN+TCN,2,covid,KR,core,expanding,1DCNN:L22|TCN:L252,Recovery,0.2490895054681975,0.15965469911073646,0.024854116439134766,0.25941847524689027,192
equal_weight,1DCNN+TST,2,covid,KR,core,expanding,1DCNN:L22|TST:L22,Full Test,0.27489557442368284,0.16955038068209832,0.022704541237236416,0.269564762233232,248
equal_weight,1DCNN+TST,2,covid,KR,core,expanding,1DCNN:L22|TST:L22,Pre-crash,0.1445077858549848,0.0999552236758009,0.015319378513237725,0.18534454164080605,35
equal_weight,1DCNN+TST,2,covid,KR,core,expanding,1DCNN:L22|TST:L22,Crash,0.5361251588915706,0.36820148687393545,0.020798372845992525,0.27286691091255455,21
equal_weight,1DCNN+TST,2,covid,KR,core,expanding,1DCNN:L22|TST:L22,Recovery,0.24972732675469198,0.16050953310497243,0.024259282026590976,0.2600827450053106,192
equal_weight,TCN+TST,2,covid,KR,core,expanding,TCN:L252|TST:L22,Full Test,0.2519982119989718,0.16533233157371394,0.0230993922583477,0.2471114285601614,248
equal_weight,TCN+TST,2,covid,KR,core,expanding,TCN:L252|TST:L22,Pre-crash,0.14997858166002517,0.10771430854763797,0.015593938213047772,0.19236134101183228,35
equal_weight,TCN+TST,2,covid,KR,core,expanding,TCN:L252|TST:L22,Crash,0.40198803277642503,0.32398562992381136,0.02129352972459136,0.20459631656588992,21
equal_weight,TCN+TST,2,covid,KR,core,expanding,TCN:L252|TST:L22,Recovery,0.24545887557666568,0.15848291251413385,0.024665090199985102,0.2556372943863131,192
equal_weight,LSTM+1DCNN+TCN,3,covid,KR,core,expanding,LSTM:L22|1DCNN:L22|TCN:L252,Full Test,0.2740534854311993,0.1698965027287442,0.02306731197035359,0.26873900314448,248
equal_weight,LSTM+1DCNN+TCN,3,covid,KR,core,expanding,LSTM:L22|1DCNN:L22|TCN:L252,Pre-crash,0.15247464214606526,0.10291650465556555,0.01610949984793286,0.1955627684225123,35
equal_weight,LSTM+1DCNN+TCN,3,covid,KR,core,expanding,LSTM:L22|1DCNN:L22|TCN:L252,Crash,0.5656993527636928,0.38832681992697327,0.02245881212107597,0.28791902848394246,21
equal_weight,LSTM+1DCNN+TCN,3,covid,KR,core,expanding,LSTM:L22|1DCNN:L22|TCN:L252,Recovery,0.24035659926988026,0.15821558226727778,0.02440221780951794,0.2503234424947745,192
equal_weight,LSTM+1DCNN+TST,3,covid,KR,core,expanding,LSTM:L22|1DCNN:L22|TST:L22,Full Test,0.25491925570831064,0.16108763856121106,0.022201622310097403,0.2499758269944818,248
equal_weight,LSTM+1DCNN+TST,3,covid,KR,core,expanding,LSTM:L22|1DCNN:L22|TST:L22,Pre-crash,0.14443111258939634,0.09976371444548253,0.014998256866224212,0.18524620111761195,35
equal_weight,LSTM+1DCNN+TST,3,covid,KR,core,expanding,LSTM:L22|1DCNN:L22|TST:L22,Crash,0.44137641695192287,0.29079751968594497,0.017932458076668698,0.2246434763336313,21
equal_weight,LSTM+1DCNN+TST,3,covid,KR,core,expanding,LSTM:L22|1DCNN:L22|TST:L22,Recovery,0.2425429621378207,0.1580794606467896,0.023981675640501385,0.25260046705456646,192
equal_weight,LSTM+TCN+TST,3,covid,KR,core,expanding,LSTM:L22|TCN:L252|TST:L22,Full Test,0.2411488446751358,0.15827366197658352,0.022563823107132532,0.23647245363609332,248
equal_weight,LSTM+TCN+TST,3,covid,KR,core,expanding,LSTM:L22|TCN:L252|TST:L22,Pre-crash,0.14813666474564774,0.10460194323885383,0.015253061100434635,0.18999891296537172,35
equal_weight,LSTM+TCN+TST,3,covid,KR,core,expanding,LSTM:L22|TCN:L252|TST:L22,Crash,0.35614402748491053,0.26093763827650274,0.018677269709798622,0.18126349604760433,21
equal_weight,LSTM+TCN+TST,3,covid,KR,core,expanding,LSTM:L22|TCN:L252|TST:L22,Recovery,0.23925034130523057,0.15682869663034518,0.02432160587577023,0.24917131144100035,192
equal_weight,1DCNN+TCN+TST,3,covid,KR,core,expanding,1DCNN:L22|TCN:L252|TST:L22,Full Test,0.2736663013930842,0.16873970564233154,0.02254975515071248,0.2683593274316432,248
equal_weight,1DCNN+TCN+TST,3,covid,KR,core,expanding,1DCNN:L22|TCN:L252|TST:L22,Pre-crash,0.1484751779205624,0.10414884456884624,0.015519143882236776,0.1904330872825043,35
equal_weight,1DCNN+TCN+TST,3,covid,KR,core,expanding,1DCNN:L22|TCN:L252|TST:L22,Crash,0.5503449857700191,0.38217983437513314,0.02197009580283052,0.28010425124192023,21
equal_weight,1DCNN+TCN+TST,3,covid,KR,core,expanding,1DCNN:L22|TCN:L252|TST:L22,Recovery,0.24411278796741484,0.15716906727870214,0.023894777237702957,0.25423538869588985,192
equal_weight,LSTM+1DCNN+TCN+TST,4,covid,KR,core,expanding,LSTM:L22|1DCNN:L22|TCN:L252|TST:L22,Full Test,0.25494833811899664,0.16279317794757403,0.02227618514335448,0.250004345435123,248
equal_weight,LSTM+1DCNN+TCN+TST,4,covid,KR,core,expanding,LSTM:L22|1DCNN:L22|TCN:L252|TST:L22,Pre-crash,0.14741891144681277,0.10270321729166414,0.015237158638774012,0.18907832826886795,35
equal_weight,LSTM+1DCNN+TCN+TST,4,covid,KR,core,expanding,LSTM:L22|1DCNN:L22|TCN:L252|TST:L22,Crash,0.4532040473159397,0.32013686668463204,0.01942334908379621,0.2306632814245122,21
equal_weight,LSTM+1DCNN+TCN+TST,4,covid,KR,core,expanding,LSTM:L22|1DCNN:L22|TCN:L252|TST:L22,Recovery,0.23985415108055388,0.15653761106985858,0.023871369960599482,0.2498001593362945,192
equal_weight,LSTM+1DCNN,2,covid,KR,core,static,LSTM:L22|1DCNN:L22,Full Test,0.25111597961871274,0.16049466108870972,0.02332211065372076,0.24624630453617588,248
equal_weight,LSTM+1DCNN,2,covid,KR,core,static,LSTM:L22|1DCNN:L22,Pre-crash,0.14346614683972234,0.0938488622857143,0.013407937651852591,0.18400854526285396,35
equal_weight,LSTM+1DCNN,2,covid,KR,core,static,LSTM:L22|1DCNN:L22,Crash,0.42037143643692315,0.27882160309523807,0.016947191545913197,0.21395275607134,21
equal_weight,LSTM+1DCNN,2,covid,KR,core,static,LSTM:L22|1DCNN:L22,Recovery,0.24160214544652156,0.15970162554687503,0.025826638551269432,0.2516206372502849,192
equal_weight,LSTM+TCN,2,covid,KR,core,static,LSTM:L22|TCN:L252,Full Test,0.25707215753898705,0.16104799633064518,0.022758388299121357,0.252086979447643,248
equal_weight,LSTM+TCN,2,covid,KR,core,static,LSTM:L22|TCN:L252,Pre-crash,0.14284395673705994,0.09469776285714285,0.013031982403968348,0.18321052915808078,35
equal_weight,LSTM+TCN,2,covid,KR,core,static,LSTM:L22|TCN:L252,Crash,0.44937069855158934,0.3060275861904761,0.018485799531602173,0.22871225568448514,21
equal_weight,LSTM+TCN,2,covid,KR,core,static,LSTM:L22|TCN:L252,Recovery,0.2440391765301631,0.15728594833333331,0.024998745436872704,0.25415872445613863,192
equal_weight,LSTM+TST,2,covid,KR,core,static,LSTM:L22|TST:L22,Full Test,0.2547339475778125,0.15489091072580646,0.020598122450683064,0.24979411237067264,248
equal_weight,LSTM+TST,2,covid,KR,core,static,LSTM:L22|TST:L22,Pre-crash,0.12538867720060354,0.08238594300000002,0.009201532189670963,0.16082252567842992,35
equal_weight,LSTM+TST,2,covid,KR,core,static,LSTM:L22|TST:L22,Crash,0.4204044793762509,0.2780831788095237,0.017844976978230023,0.2139695736458113,21
equal_weight,LSTM+TST,2,covid,KR,core,static,LSTM:L22|TST:L22,Recovery,0.24823069305609238,0.15463380781250002,0.022976751169729612,0.25852405017520547,192
equal_weight,1DCNN+TCN,2,covid,KR,core,static,1DCNN:L22|TCN:L252,Full Test,0.28435638078134196,0.17665662193548387,0.02701959278148825,0.2788421033380913,248
equal_weight,1DCNN+TCN,2,covid,KR,core,static,1DCNN:L22|TCN:L252,Pre-crash,0.15611706059232996,0.10115270257142857,0.016286742476687235,0.20023450718587002,35
equal_weight,1DCNN+TCN,2,covid,KR,core,static,1DCNN:L22|TCN:L252,Crash,0.5399667071930231,0.3965889726190476,0.023799624211620317,0.27482211010796986,21
equal_weight,1DCNN+TCN,2,covid,KR,core,static,1DCNN:L22|TCN:L252,Recovery,0.2609780981041335,0.16636525638020835,0.029328286013963572,0.2718000505830147,192
equal_weight,1DCNN+TST,2,covid,KR,core,static,1DCNN:L22|TST:L22,Full Test,0.2505626661662902,0.15763920967741932,0.02199444332827157,0.24570372101315163,248
equal_weight,1DCNN+TST,2,covid,KR,core,static,1DCNN:L22|TST:L22,Pre-crash,0.13205218023829746,0.08419061442857144,0.010490158906981913,0.16936908197292974,35
equal_weight,1DCNN+TST,2,covid,KR,core,static,1DCNN:L22|TST:L22,Crash,0.3941181179375885,0.28907999190476186,0.015932983640461258,0.20059083525064655,21
equal_weight,1DCNN+TST,2,covid,KR,core,static,1DCNN:L22|TST:L22,Recovery,0.2468300694389993,0.15665194096354165,0.02475455066259008,0.25706534703981143,192
equal_weight,TCN+TST,2,covid,KR,core,static,TCN:L252|TST:L22,Full Test,0.26133101589736857,0.1633753868951613,0.021736370274617122,0.25626324944801027,248
equal_weight,TCN+TST,2,covid,KR,core,static,TCN:L252|TST:L22,Pre-crash,0.1317093685446831,0.08519574471428569,0.0102493982826634,0.1689293944059977,35
equal_weight,TCN+TST,2,covid,KR,core,static,TCN:L252|TST:L22,Crash,0.4603161244832624,0.3478094607142857,0.020543224747090534,0.23428305294013446,21
equal_weight,TCN+TST,2,covid,KR,core,static,TCN:L252|TST:L22,Recovery,0.24874706889413484,0.15745440734375002,0.0239608498360569,0.2590618385180563,192
equal_weight,LSTM+1DCNN+TCN,3,covid,KR,core,static,LSTM:L22|1DCNN:L22|TCN:L252,Full Test,0.2552156138644429,0.16295415669354835,0.02346999707216493,0.2502664381194462,248
equal_weight,LSTM+1DCNN+TCN,3,covid,KR,core,static,LSTM:L22|1DCNN:L22|TCN:L252,Pre-crash,0.1461341324088189,0.09497860419047623,0.013805079785488367,0.18743048245267901,35
equal_weight,LSTM+1DCNN+TCN,3,covid,KR,core,static,LSTM:L22|1DCNN:L22|TCN:L252,Crash,0.43634207658626145,0.3113315888888888,0.01741932343717884,0.22208119244926516,21
equal_weight,LSTM+1DCNN+TCN,3,covid,KR,core,static,LSTM:L22|1DCNN:L22|TCN:L252,Recovery,0.24375286690854758,0.15911675180555554,0.025893623381375283,0.25386054246231304,192
equal_weight,LSTM+1DCNN+TST,3,covid,KR,core,static,LSTM:L22|1DCNN:L22|TST:L22,Full Test,0.24474203569344252,0.15428707529569893,0.021135581148104148,0.23999596499465498,248
equal_weight,LSTM+1DCNN+TST,3,covid,KR,core,static,LSTM:L22|1DCNN:L22|TST:L22,Pre-crash,0.13154470013370553,0.08399206790476188,0.010444312629198966,0.16871819200444035,35
equal_weight,LSTM+1DCNN+TST,3,covid,KR,core,static,LSTM:L22|1DCNN:L22|TST:L22,Crash,0.3945006782747359,0.26747234777777784,0.01586231367801939,0.20078554362377016,21
equal_weight,LSTM+1DCNN+TST,3,covid,KR,core,static,LSTM:L22|1DCNN:L22|TST:L22,Recovery,0.23914977337002888,0.15472163017361112,0.02366127393473676,0.2490665729081763,192
equal_weight,LSTM+TCN+TST,3,covid,KR,core,static,LSTM:L22|TCN:L252|TST:L22,Full Test,0.2503674626560959,0.15700502427419355,0.021115007013431462,0.2455123029158612,248
equal_weight,LSTM+TCN+TST,3,covid,KR,core,static,LSTM:L22|TCN:L252|TST:L22,Pre-crash,0.13148870871652182,0.08649492828571428,0.01038755108520153,0.16864637785559666,35
equal_weight,LSTM+TCN+TST,3,covid,KR,core,static,LSTM:L22|TCN:L252|TST:L22,Crash,0.40585685448695,0.28867642539682536,0.01674397986182949,0.20656539684031852,21
equal_weight,LSTM+TCN+TST,3,covid,KR,core,static,LSTM:L22|TCN:L252|TST:L22,Recovery,0.2445378136796034,0.1554568676909722,0.02354861392838817,0.2546780385419757,192
equal_weight,1DCNN+TCN+TST,3,covid,KR,core,static,1DCNN:L22|TCN:L252|TST:L22,Full Test,0.2584636420579126,0.1624569948655914,0.022606270079345084,0.25345148011034474,248
equal_weight,1DCNN+TCN+TST,3,covid,KR,core,static,1DCNN:L22|TCN:L252|TST:L22,Pre-crash,0.137950124796281,0.08792784485714285,0.01163373398616469,0.17693373901615517,35
equal_weight,1DCNN+TCN+TST,3,covid,KR,core,static,1DCNN:L22|TCN:L252|TST:L22,Crash,0.44557951813718905,0.33956055285714276,0.018120343332410555,0.22678269190322586,21
equal_weight,1DCNN+TCN+TST,3,covid,KR,core,static,1DCNN:L22|TCN:L252|TST:L22,Recovery,0.24719083298092118,0.15667233618055557,0.025097120209277055,0.25744107032714936,192
equal_weight,LSTM+1DCNN+TCN+TST,4,covid,KR,core,static,LSTM:L22|1DCNN:L22|TCN:L252|TST:L22,Full Test,0.24822296087970264,0.15775064241935485,0.02168378527257187,0.24340938760832118,248
equal_weight,LSTM+1DCNN+TCN+TST,4,covid,KR,core,static,LSTM:L22|1DCNN:L22|TCN:L252|TST:L22,Pre-crash,0.13587287924309294,0.08744016378571429,0.011297220256747556,0.1742694802985715,35
equal_weight,LSTM+1DCNN+TCN+TST,4,covid,KR,core,static,LSTM:L22|1DCNN:L22|TCN:L252|TST:L22,Crash,0.40595743028589054,0.29727300333333323,0.01614493064989683,0.20661658602091507,21
equal_weight,LSTM+1DCNN+TCN+TST,4,covid,KR,core,static,LSTM:L22|1DCNN:L22|TCN:L252|TST:L22,Recovery,0.2412365042110489,0.15530739852864583,0.02418298174460326,0.2512398340065696,192
equal_weight,LSTM+1DCNN,2,covid,KR,extended,expanding,LSTM:L22|1DCNN:L252,Full Test,0.2557797186578602,0.17016640708090797,0.027751788496453995,0.25081960373003714,248
equal_weight,LSTM+1DCNN,2,covid,KR,extended,expanding,LSTM:L22|1DCNN:L252,Pre-crash,0.15516602253621678,0.1115606712443488,0.017278608626089927,0.1990147115952786,35
equal_weight,LSTM+1DCNN,2,covid,KR,extended,expanding,LSTM:L22|1DCNN:L252,Crash,0.34025647089260475,0.2426982961949848,0.012819622715076348,0.17317734598097848,21
equal_weight,LSTM+1DCNN,2,covid,KR,extended,expanding,LSTM:L22|1DCNN:L252,Recovery,0.25971768020886443,0.17291656897092858,0.03129416754266063,0.2704873674537253,192
equal_weight,LSTM+TCN,2,covid,KR,extended,expanding,LSTM:L22|TCN:L60,Full Test,0.259344656977327,0.17474134596845797,0.028661461826997286,0.2543154102830451,248
equal_weight,LSTM+TCN,2,covid,KR,extended,expanding,LSTM:L22|TCN:L60,Pre-crash,0.15218339095000707,0.11680817774363926,0.01766608870512221,0.19518921194514774,35
equal_weight,LSTM+TCN,2,covid,KR,extended,expanding,LSTM:L22|TCN:L60,Crash,0.3109207603058146,0.2507136123520987,0.01589733915061306,0.15824660715165023,21
equal_weight,LSTM+TCN,2,covid,KR,extended,expanding,LSTM:L22|TCN:L60,Recovery,0.26848043567822283,0.17699261312372983,0.032061902636735286,0.27961348723363927,192
equal_weight,LSTM+TST,2,covid,KR,extended,expanding,LSTM:L22|TST:L22,Full Test,0.31034198233611154,0.18148146045722577,0.02787467104113982,0.3043237886052215,248
equal_weight,LSTM+TST,2,covid,KR,extended,expanding,LSTM:L22|TST:L22,Pre-crash,0.13942147553974885,0.09993004482324765,0.0145241542380048,0.17882088031389082,35
equal_weight,LSTM+TST,2,covid,KR,extended,expanding,LSTM:L22|TST:L22,Crash,0.6760544824512653,0.40284819502111885,0.03374435014680356,0.34408550909354274,21
equal_weight,LSTM+TST,2,covid,KR,extended,expanding,LSTM:L22|TST:L22,Recovery,0.26621407333437724,0.17213561733924387,0.02966636284786267,0.2772531458676219,192
equal_weight,1DCNN+TCN,2,covid,KR,extended,expanding,1DCNN:L252|TCN:L60,Full Test,0.2756432404399032,0.17753717651770962,0.029028342949308557,0.27029792940885805,248
equal_weight,1DCNN+TCN,2,covid,KR,extended,expanding,1DCNN:L252|TCN:L60,Pre-crash,0.16681617203910531,0.12802622020244597,0.02167781806922953,0.2139571010788917,35
equal_weight,1DCNN+TCN,2,covid,KR,extended,expanding,1DCNN:L252|TCN:L60,Crash,0.3991031252261751,0.27652207016944874,0.014570993704482333,0.20312801052121088,21
equal_weight,1DCNN+TCN,2,covid,KR,extended,expanding,1DCNN:L252|TCN:L60,Recovery,0.2750371563752279,0.17573613851952055,0.031949554954225835,0.2864420948164423,192
equal_weight,1DCNN+TST,2,covid,KR,extended,expanding,1DCNN:L252|TST:L22,Full Test,0.26823858278361645,0.1720474497596147,0.025813701945978068,0.26303686387617314,248
equal_weight,1DCNN+TST,2,covid,KR,extended,expanding,1DCNN:L252|TST:L22,Pre-crash,0.15156639387411677,0.11165458163206919,0.0176143291661926,0.1943978563822069,35
equal_weight,1DCNN+TST,2,covid,KR,extended,expanding,1DCNN:L252|TST:L22,Crash,0.4531532895697221,0.3351896683367121,0.018643277086368832,0.23063744770045433,21
equal_weight,1DCNN+TST,2,covid,KR,extended,expanding,1DCNN:L252|TST:L22,Recovery,0.2574690662722906,0.16521288618849517,0.028092644494646223,0.26814551046642093,192
equal_weight,TCN+TST,2,covid,KR,extended,expanding,TCN:L60|TST:L22,Full Test,0.2752791111681437,0.17948359782624243,0.02832854885385424,0.26994086138122686,248
equal_weight,TCN+TST,2,covid,KR,extended,expanding,TCN:L60|TST:L22,Pre-crash,0.15143301818049631,0.11611191832712991,0.018257439037598994,0.19422678977390032,35
equal_weight,TCN+TST,2,covid,KR,extended,expanding,TCN:L60|TST:L22,Crash,0.41318577688862573,0.33276461751250125,0.02105509482358737,0.2102955339863196,21
equal_weight,TCN+TST,2,covid,KR,extended,expanding,TCN:L60|TST:L22,Recovery,0.27391166561742253,0.17427061537341695,0.030959962282002873,0.28526993344518925,192
equal_weight,LSTM+1DCNN+TCN,3,covid,KR,extended,expanding,LSTM:L22|1DCNN:L252|TCN:L60,Full Test,0.25135203678199064,0.16731092862544522,0.027125910625096686,0.2464777840604574,248
equal_weight,LSTM+1DCNN+TCN,3,covid,KR,extended,expanding,LSTM:L22|1DCNN:L252|TCN:L60,Pre-crash,0.156995554875577,0.11813856136231196,0.018426596277386846,0.2013612552839075,35
equal_weight,LSTM+1DCNN+TCN,3,covid,KR,extended,expanding,LSTM:L22|1DCNN:L252|TCN:L60,Crash,0.30735673014467707,0.21978522009319723,0.013463280508896705,0.15643265403950862,21
equal_weight,LSTM+1DCNN+TCN,3,covid,KR,extended,expanding,LSTM:L22|1DCNN:L252|TCN:L60,Recovery,0.2584167379425316,0.17053526577850184,0.030206073305357326,0.2691324791436701,192
equal_weight,LSTM+1DCNN+TST,3,covid,KR,extended,expanding,LSTM:L22|1DCNN:L252|TST:L22,Full Test,0.26975839255401307,0.17232748932364061,0.025848575217367106,0.26452720128977325,248
equal_weight,LSTM+1DCNN+TST,3,covid,KR,extended,expanding,LSTM:L22|1DCNN:L252|TST:L22,Pre-crash,0.1471197355285863,0.10693039265519716,0.016080994878187545,0.18869460760561385,35
equal_weight,LSTM+1DCNN+TST,3,covid,KR,extended,expanding,LSTM:L22|1DCNN:L252|TST:L22,Crash,0.46368076055485075,0.3248856499076287,0.01799134267113393,0.23599552209743405,21
equal_weight,LSTM+1DCNN+TST,3,covid,KR,extended,expanding,LSTM:L22|1DCNN:L252|TST:L22,Recovery,0.25793969362781116,0.1675627862566186,0.02848850852644097,0.2686356532797407,192
equal_weight,LSTM+TCN+TST,3,covid,KR,extended,expanding,LSTM:L22|TCN:L60|TST:L22,Full Test,0.2661452815054612,0.17358206959202307,0.026425183143350565,0.2609841561797635,248
equal_weight,LSTM+TCN+TST,3,covid,KR,extended,expanding,LSTM:L22|TCN:L60|TST:L22,Pre-crash,0.14635805350593722,0.10993178223457266,0.016365734642409587,0.18771768027586014,35
equal_weight,LSTM+TCN+TST,3,covid,KR,extended,expanding,LSTM:L22|TCN:L60|TST:L22,Crash,0.42898938695688377,0.3218879854271467,0.01927161561419346,0.21833895852828228,21
equal_weight,LSTM+TCN+TST,3,covid,KR,extended,expanding,LSTM:L22|TCN:L60|TST:L22,Recovery,0.2597301035520646,0.16896402701375832,0.029041358224836156,0.27050030595446384,192
equal_weight,1DCNN+TCN+TST,3,covid,KR,extended,expanding,1DCNN:L252|TCN:L60|TST:L22,Full Test,0.25633168049935806,0.1698658263118751,0.026527131007898483,0.2513608618527884,248
equal_weight,1DCNN+TCN+TST,3,covid,KR,extended,expanding,1DCNN:L252|TCN:L60|TST:L22,Pre-crash,0.1550634125475813,0.11698075156915938,0.018726697033888108,0.19888310483652238,35
equal_weight,1DCNN+TCN+TST,3,covid,KR,extended,expanding,1DCNN:L252|TCN:L60|TST:L22,Crash,0.33824161248446105,0.2757596660577247,0.015634822390354335,0.17215186120258635,21
equal_weight,1DCNN+TCN+TST,3,covid,KR,extended,expanding,1DCNN:L252|TCN:L60|TST:L22,Recovery,0.2607176835841748,0.1679241960063137,0.02914043137278802,0.2715288378696593,192
equal_weight,LSTM+1DCNN+TCN+TST,4,covid,KR,extended,expanding,LSTM:L22|1DCNN:L252|TCN:L60|TST:L22,Full Test,0.25388403968387374,0.16846045363620765,0.02577993704131667,0.24896068601932272,248
equal_weight,LSTM+1DCNN+TCN+TST,4,covid,KR,extended,expanding,LSTM:L22|1DCNN:L252|TCN:L60|TST:L22,Pre-crash,0.1506930209316019,0.11224637157029835,0.017182914699141304,0.1932776751632216,35
equal_weight,LSTM+1DCNN+TCN+TST,4,covid,KR,extended,expanding,LSTM:L22|1DCNN:L252|TCN:L60|TST:L22,Crash,0.35715697542076136,0.281853429857403,0.015412488235547401,0.181779047257218,21
equal_weight,LSTM+1DCNN+TCN+TST,4,covid,KR,extended,expanding,LSTM:L22|1DCNN:L252|TCN:L60|TST:L22,Recovery,0.25527543798623414,0.1663054555719458,0.02848104228557341,0.2658609192141416,192
equal_weight,LSTM+1DCNN,2,covid,KR,extended,static,LSTM:L22|1DCNN:L252,Full Test,0.26239735300302097,0.16307512590725806,0.024394622873670144,0.25730890800010797,248
equal_weight,LSTM+1DCNN,2,covid,KR,extended,static,LSTM:L22|1DCNN:L252,Pre-crash,0.12653026337541556,0.08442170314285714,0.010402120789063765,0.1622867150774386,35
equal_weight,LSTM+1DCNN,2,covid,KR,extended,static,LSTM:L22|1DCNN:L252,Crash,0.4005384232346567,0.2931225076190476,0.02003542163172889,0.20385852162051551,21
equal_weight,LSTM+1DCNN,2,covid,KR,extended,static,LSTM:L22|1DCNN:L252,Recovery,0.2616652363105524,0.16318905705729167,0.027422127035347178,0.27251568228015294,192
equal_weight,LSTM+TCN,2,covid,KR,extended,static,LSTM:L22|TCN:L60,Full Test,0.24641920701962017,0.15345279657258065,0.022901667440202413,0.2416406123873552,248
equal_weight,LSTM+TCN,2,covid,KR,extended,static,LSTM:L22|TCN:L60,Pre-crash,0.12736488346504565,0.08991786114285714,0.010136287573160464,0.16335719220338776,35
equal_weight,LSTM+TCN,2,covid,KR,extended,static,LSTM:L22|TCN:L60,Crash,0.2982525917322864,0.21272345238095236,0.012421415406987744,0.151799000777537,21
equal_weight,LSTM+TCN,2,covid,KR,extended,static,LSTM:L22|TCN:L60,Recovery,0.256411039783522,0.15855195786458331,0.02637496737793146,0.26704361051553255,192
equal_weight,LSTM+TST,2,covid,KR,extended,static,LSTM:L22|TST:L22,Full Test,0.26811716526149354,0.17443402907258065,0.027559849367390518,0.26291780088469535,248
equal_weight,LSTM+TST,2,covid,KR,extended,static,LSTM:L22|TST:L22,Pre-crash,0.12862111832970297,0.09172138671428572,0.01153586771010801,0.16496842910523554,35
equal_weight,LSTM+TST,2,covid,KR,extended,static,LSTM:L22|TST:L22,Crash,0.40095672533314786,0.2922217319047619,0.015660007241494894,0.20407142116383648,21
equal_weight,LSTM+TST,2,covid,KR,extended,static,LSTM:L22|TST:L22,Recovery,0.26880153593222156,0.17662882450520834,0.031782432922852474,0.27994790211865944,192
equal_weight,1DCNN+TCN,2,covid,KR,extended,static,1DCNN:L252|TCN:L60,Full Test,0.30968311313008373,0.17734301284274193,0.025043126597801203,0.303677696263416,248
equal_weight,1DCNN+TCN,2,covid,KR,extended,static,1DCNN:L252|TCN:L60,Pre-crash,0.13136511711150636,0.08564031428571428,0.009540138157078002,0.16848786024048984,35
equal_weight,1DCNN+TCN,2,covid,KR,extended,static,1DCNN:L252|TCN:L60,Crash,0.6136802280130225,0.36004988571428553,0.022671847440494997,0.3123394330565462,21
equal_weight,1DCNN+TCN,2,covid,KR,extended,static,1DCNN:L252|TCN:L60,Recovery,0.28202615792958596,0.17407608638020836,0.02812855085680507,0.2937209081829103,192
equal_weight,1DCNN+TST,2,covid,KR,extended,static,1DCNN:L252|TST:L22,Full Test,0.2772422168904625,0.16515813437500002,0.023669448663648666,0.2718658982767738,248
equal_weight,1DCNN+TST,2,covid,KR,extended,static,1DCNN:L252|TST:L22,Pre-crash,0.13233099864862416,0.08852849157142857,0.010896065341934838,0.16972669226083992,35
equal_weight,1DCNN+TST,2,covid,KR,extended,static,1DCNN:L252|TST:L22,Crash,0.48761166703926295,0.31931201285714284,0.02170897390233523,0.24817542538060866,21
equal_weight,1DCNN+TST,2,covid,KR,extended,static,1DCNN:L252|TST:L22,Recovery,0.2647337012641776,0.16226649921875,0.02621235692535474,0.27571138696060765,192
equal_weight,TCN+TST,2,covid,KR,extended,static,TCN:L60|TST:L22,Full Test,0.2614062848959887,0.15952285028225804,0.023274622207631202,0.25633705882001634,248
equal_weight,TCN+TST,2,covid,KR,extended,static,TCN:L60|TST:L22,Pre-crash,0.13137384437635233,0.08530632528571429,0.009801420373715392,0.16849905376135735,35
equal_weight,TCN+TST,2,covid,KR,extended,static,TCN:L60|TST:L22,Crash,0.3429342756258776,0.2665811576190476,0.0138087413524015,0.17454024479728067,21
equal_weight,TCN+TST,2,covid,KR,extended,static,TCN:L60|TST:L22,Recovery,0.2688022686024364,0.161342401953125,0.026766005343812852,0.27994866517043615,192
equal_weight,LSTM+1DCNN+TCN,3,covid,KR,extended,static,LSTM:L22|1DCNN:L252|TCN:L60,Full Test,0.25730864764043654,0.15551814462365593,0.022416466686176126,0.25231888350102005,248
equal_weight,LSTM+1DCNN+TCN,3,covid,KR,extended,static,LSTM:L22|1DCNN:L252|TCN:L60,Pre-crash,0.12599927565515429,0.08157086695238093,0.009448956423527877,0.16160567442701346,35
equal_weight,LSTM+1DCNN+TCN,3,covid,KR,extended,static,LSTM:L22|1DCNN:L252|TCN:L60,Crash,0.38234498851574533,0.26898675650793646,0.016522475090746364,0.19459876902288825,21
equal_weight,LSTM+1DCNN+TCN,3,covid,KR,extended,static,LSTM:L22|1DCNN:L252|TCN:L60,Recovery,0.25813760512941586,0.15658748769097222,0.025424991075221514,0.26884177117252983,192
equal_weight,LSTM+1DCNN+TST,3,covid,KR,extended,static,LSTM:L22|1DCNN:L252|TST:L22,Full Test,0.2555036421078745,0.159254993172043,0.023753171866269837,0.2505488808801768,248
equal_weight,LSTM+1DCNN+TST,3,covid,KR,extended,static,LSTM:L22|1DCNN:L252|TST:L22,Pre-crash,0.12701991008163058,0.08385679580952381,0.010457321113209758,0.16291473207021412,35
equal_weight,LSTM+1DCNN+TST,3,covid,KR,extended,static,LSTM:L22|1DCNN:L252|TST:L22,Crash,0.35254159433516097,0.25747494603174603,0.016703477763792916,0.17942999737830637,21
equal_weight,LSTM+1DCNN+TST,3,covid,KR,extended,static,LSTM:L22|1DCNN:L252|TST:L22,Recovery,0.2603610719527748,0.16225664888888888,0.026947954952254827,0.2711574382704542,192
equal_weight,LSTM+TCN+TST,3,covid,KR,extended,static,LSTM:L22|TCN:L60|TST:L22,Full Test,0.24841378652326757,0.1566683420295699,0.022978480631154197,0.24359651273516475,248
equal_weight,LSTM+TCN+TST,3,covid,KR,extended,static,LSTM:L22|TCN:L60|TST:L22,Pre-crash,0.12803998966646635,0.08763404761904761,0.01019549885431418,0.16422307807791492,35
equal_weight,LSTM+TCN+TST,3,covid,KR,extended,static,LSTM:L22|TCN:L60|TST:L22,Crash,0.31138754620035747,0.23685666793650798,0.012953720621807182,0.15848418313230206,21
equal_weight,LSTM+TCN+TST,3,covid,KR,extended,static,LSTM:L22|TCN:L60|TST:L22,Recovery,0.25712684196747815,0.16048212046875002,0.02640516981024632,0.26778909479647434,192
equal_weight,1DCNN+TCN+TST,3,covid,KR,extended,static,1DCNN:L252|TCN:L60|TST:L22,Full Test,0.2738671077241962,0.16196770596774193,0.023057370554035322,0.2685562396845122,248
equal_weight,1DCNN+TCN+TST,3,covid,KR,extended,static,1DCNN:L252|TCN:L60|TST:L22,Pre-crash,0.12982444443670496,0.08211973142857143,0.009655124477244531,0.16651180565296994,35
equal_weight,1DCNN+TCN+TST,3,covid,KR,extended,static,1DCNN:L252|TCN:L60|TST:L22,Crash,0.4563368898665042,0.29794226888888875,0.018009954653378808,0.23225777686399068,21
equal_weight,1DCNN+TCN+TST,3,covid,KR,extended,static,1DCNN:L252|TCN:L60|TST:L22,Recovery,0.26651471354335465,0.16165110850694445,0.026052549442584616,0.27756625229638054,192
equal_weight,LSTM+1DCNN+TCN+TST,4,covid,KR,extended,static,LSTM:L22|1DCNN:L252|TCN:L60|TST:L22,Full Test,0.2523802200985637,0.15483823051411288,0.02235340515921315,0.2474860286934399,248
equal_weight,LSTM+1DCNN+TCN+TST,4,covid,KR,extended,static,LSTM:L22|1DCNN:L252|TCN:L60|TST:L22,Pre-crash,0.1267743284412543,0.08188107521428571,0.009712662518940363,0.16259975100057275,35
equal_weight,LSTM+1DCNN+TCN+TST,4,covid,KR,extended,static,LSTM:L22|1DCNN:L252|TCN:L60|TST:L22,Crash,0.3474226905954764,0.254265354047619,0.015209249726966214,0.17682467392328677,21
equal_weight,LSTM+1DCNN+TCN+TST,4,covid,KR,extended,static,LSTM:L22|1DCNN:L252|TCN:L60|TST:L22,Recovery,0.25718112047770963,0.1572628703125,0.025439099203414885,0.26784562406821655,192
equal_weight,LSTM+1DCNN,2,covid,KR,momentum,expanding,LSTM:L252|1DCNN:L22,Full Test,0.23472014721196885,0.15173805913617533,0.020535549984942628,0.23016842234435245,248
equal_weight,LSTM+1DCNN,2,covid,KR,momentum,expanding,LSTM:L252|1DCNN:L22,Pre-crash,0.1482542932773621,0.10147163442202978,0.015114153869715149,0.19014978238853453,35
equal_weight,LSTM+1DCNN,2,covid,KR,momentum,expanding,LSTM:L252|1DCNN:L22,Crash,0.3994531140364751,0.2987385179315295,0.015105543107413674,0.20330614125045696,21
equal_weight,LSTM+1DCNN,2,covid,KR,momentum,expanding,LSTM:L252|1DCNN:L22,Recovery,0.22294319674964444,0.1448230342939496,0.022117732320677364,0.23218796014207985,192
equal_weight,LSTM+TCN,2,covid,KR,momentum,expanding,LSTM:L252|TCN:L22,Full Test,0.23967044137232352,0.15069164335727692,0.020803597262928675,0.23502271973025315,248
equal_weight,LSTM+TCN,2,covid,KR,momentum,expanding,LSTM:L252|TCN:L22,Pre-crash,0.13386027894568583,0.09358243175915311,0.012577180179262612,0.17168813360683532,35
equal_weight,LSTM+TCN,2,covid,KR,momentum,expanding,LSTM:L252|TCN:L22,Crash,0.4114635826162868,0.2897368967533111,0.017355185548118383,0.2094190039013372,21
equal_weight,LSTM+TCN,2,covid,KR,momentum,expanding,LSTM:L252|TCN:L22,Recovery,0.2289366076283712,0.145894102131327,0.02268037457511268,0.2384298991943292,192
equal_weight,LSTM+TST,2,covid,KR,momentum,expanding,LSTM:L252|TST:L22,Full Test,0.25316823129259003,0.1544715325320998,0.02009867830870938,0.24825875868125816,248
equal_weight,LSTM+TST,2,covid,KR,momentum,expanding,LSTM:L252|TST:L22,Pre-crash,0.12737498294025612,0.08718336019402642,0.0107655858389997,0.16337014431359714,35
equal_weight,LSTM+TST,2,covid,KR,momentum,expanding,LSTM:L252|TST:L22,Crash,0.4403157723410461,0.3060094172840736,0.01659910464593049,0.22410364936646499,21
equal_weight,LSTM+TST,2,covid,KR,momentum,expanding,LSTM:L252|TST:L22,Recovery,0.24212663418716665,0.1501631494698139,0.022182789159533315,0.25216687527414067,192
equal_weight,1DCNN+TCN,2,covid,KR,momentum,expanding,1DCNN:L22|TCN:L22,Full Test,0.2588423447985071,0.16095216319926323,0.022783905434912752,0.25382283900999236,248
equal_weight,1DCNN+TCN,2,covid,KR,momentum,expanding,1DCNN:L22|TCN:L22,Pre-crash,0.14891198048527207,0.09761944498334614,0.014451714181192406,0.19099332679253933,35
equal_weight,1DCNN+TCN,2,covid,KR,momentum,expanding,1DCNN:L22|TCN:L22,Crash,0.46001526802712844,0.3311966913087027,0.019142116653214053,0.23412992857617398,21
equal_weight,1DCNN+TCN,2,covid,KR,momentum,expanding,1DCNN:L22|TCN:L22,Recovery,0.24362527723041597,0.1538766946954032,0.024701115113537158,0.25372766239958916,192
equal_weight,1DCNN+TST,2,covid,KR,momentum,expanding,1DCNN:L22|TST:L22,Full Test,0.25653976076857216,0.16479555381696825,0.02262406322867658,0.2515649070012551,248
equal_weight,1DCNN+TST,2,covid,KR,momentum,expanding,1DCNN:L22|TST:L22,Pre-crash,0.1451344315261213,0.09575609250527302,0.013724490576912895,0.1861482724155931,35
equal_weight,1DCNN+TST,2,covid,KR,momentum,expanding,1DCNN:L22|TST:L22,Crash,0.4212574224113374,0.3249779964493779,0.018443522994820962,0.2144036884782988,21
equal_weight,1DCNN+TST,2,covid,KR,momentum,expanding,1DCNN:L22|TST:L22,Recovery,0.2485131060942215,0.15986091762232624,0.02470362774806563,0.2588181743773331,192
equal_weight,TCN+TST,2,covid,KR,momentum,expanding,TCN:L22|TST:L22,Full Test,0.2528431852893696,0.15974333677325034,0.02165288592341821,0.24794001601413201,248
equal_weight,TCN+TST,2,covid,KR,momentum,expanding,TCN:L22|TST:L22,Pre-crash,0.13169410285625335,0.08793540030185591,0.011149106967777734,0.16890981331057092,35
equal_weight,TCN+TST,2,covid,KR,momentum,expanding,TCN:L22|TST:L22,Crash,0.40346873642250425,0.28851863784033277,0.018159177819952504,0.20534993728892767,21
equal_weight,TCN+TST,2,covid,KR,momentum,expanding,TCN:L22|TST:L22,Recovery,0.24821252131906882,0.15874852663830283,0.023949761619356736,0.25850512528316927,192
equal_weight,LSTM+1DCNN+TCN,3,covid,KR,momentum,expanding,LSTM:L252|1DCNN:L22|TCN:L22,Full Test,0.23089956025828373,0.14797428807103505,0.02031804063300196,0.22642192473004674,248
equal_weight,LSTM+1DCNN+TCN,3,covid,KR,momentum,expanding,LSTM:L252|1DCNN:L22|TCN:L22,Pre-crash,0.14065478064522152,0.09616522561936153,0.013173753439491209,0.18040270767443517,35
equal_weight,LSTM+1DCNN+TCN,3,covid,KR,momentum,expanding,LSTM:L252|1DCNN:L22|TCN:L22,Crash,0.37041524212793353,0.26579967093846146,0.015331272961767638,0.1885269907559347,21
equal_weight,LSTM+1DCNN+TCN,3,covid,KR,momentum,expanding,LSTM:L252|1DCNN:L22|TCN:L22,Recovery,0.2241678381891849,0.14453149716266325,0.022165812366693613,0.23346338366653782,192
equal_weight,LSTM+1DCNN+TST,3,covid,KR,momentum,expanding,LSTM:L252|1DCNN:L22|TST:L22,Full Test,0.23988500576413938,0.15424208588178953,0.020043358866540222,0.23523312326033843,248
equal_weight,LSTM+1DCNN+TST,3,covid,KR,momentum,expanding,LSTM:L252|1DCNN:L22|TST:L22,Pre-crash,0.13742852803423217,0.09383010674779256,0.012447790364036487,0.17626474162739225,35
equal_weight,LSTM+1DCNN+TST,3,covid,KR,momentum,expanding,LSTM:L252|1DCNN:L22|TST:L22,Crash,0.40494154183007264,0.30290272950226804,0.015190477088253627,0.20609953811491646,21
equal_weight,LSTM+1DCNN+TST,3,covid,KR,momentum,expanding,LSTM:L252|1DCNN:L22|TST:L22,Recovery,0.23011039760187182,0.1489949283487679,0.021958751652642567,0.23965236260005665,192
equal_weight,LSTM+TCN+TST,3,covid,KR,momentum,expanding,LSTM:L252|TCN:L22|TST:L22,Full Test,0.23879413702943014,0.1490032871751754,0.020399815080533432,0.23416340879979808,248
equal_weight,LSTM+TCN+TST,3,covid,KR,momentum,expanding,LSTM:L252|TCN:L22|TST:L22,Pre-crash,0.13015544459892645,0.0882196105592608,0.011255364692804016,0.166936342415845,35
equal_weight,LSTM+TCN+TST,3,covid,KR,momentum,expanding,LSTM:L252|TCN:L22|TST:L22,Crash,0.3667197025826571,0.2424358558154443,0.016099653545254316,0.18664610446818877,21
equal_weight,LSTM+TCN+TST,3,covid,KR,momentum,expanding,LSTM:L252|TCN:L22|TST:L22,Recovery,0.2363409123257706,0.1498644576965887,0.02253710235038443,0.24614123745907185,192
equal_weight,1DCNN+TCN+TST,3,covid,KR,momentum,expanding,1DCNN:L22|TCN:L22|TST:L22,Full Test,0.2444477148843615,0.15625622931073663,0.02140039209321746,0.2397073517076703,248
equal_weight,1DCNN+TCN+TST,3,covid,KR,momentum,expanding,1DCNN:L22|TCN:L22|TST:L22,Pre-crash,0.1389225493663439,0.09173422019882638,0.01229481940805624,0.17818096155536012,35
equal_weight,1DCNN+TCN+TST,3,covid,KR,momentum,expanding,1DCNN:L22|TCN:L22|TST:L22,Crash,0.3778486495827016,0.2786351568193635,0.016642055634942678,0.19231030682699998,21
equal_weight,1DCNN+TCN+TST,3,covid,KR,momentum,expanding,1DCNN:L22|TCN:L22|TST:L22,Recovery,0.24093479732936934,0.1546328586921725,0.02358070516407378,0.2509256166357582,192
equal_weight,LSTM+1DCNN+TCN+TST,4,covid,KR,momentum,expanding,LSTM:L252|1DCNN:L22|TCN:L22|TST:L22,Full Test,0.23291523145412932,0.149118892970985,0.020113953177308807,0.22839850775721127,248
equal_weight,LSTM+1DCNN+TCN+TST,4,covid,KR,momentum,expanding,LSTM:L252|1DCNN:L22|TCN:L22|TST:L22,Pre-crash,0.1355211716609287,0.09180968854711262,0.011972310397623748,0.17381838144919146,35
equal_weight,LSTM+1DCNN+TCN+TST,4,covid,KR,momentum,expanding,LSTM:L252|1DCNN:L22|TCN:L22|TST:L22,Crash,0.3568810812866142,0.2526204680359287,0.01498083557878386,0.18163862784418527,21
equal_weight,LSTM+1DCNN+TCN+TST,4,covid,KR,momentum,expanding,LSTM:L252|1DCNN:L22|TCN:L22|TST:L22,Recovery,0.2297691486632488,0.14824539858802518,0.022159541546360892,0.2392969631255954,192
equal_weight,LSTM+1DCNN,2,covid,KR,momentum,static,LSTM:L252|1DCNN:L22,Full Test,0.2606523366718996,0.1639722083467742,0.02170477540904826,0.2555977312619873,248
equal_weight,LSTM+1DCNN,2,covid,KR,momentum,static,LSTM:L252|1DCNN:L22,Pre-crash,0.1416632784183487,0.0989123577142857,0.013239920559175904,0.1816962004844867,35
equal_weight,LSTM+1DCNN,2,covid,KR,momentum,static,LSTM:L252|1DCNN:L22,Crash,0.4639158390247603,0.30986006357142865,0.01781522536397676,0.2361151680185316,21
equal_weight,LSTM+1DCNN,2,covid,KR,momentum,static,LSTM:L252|1DCNN:L22,Recovery,0.24608452452462515,0.15987559278645835,0.023673267443902603,0.2562888866896485,192
equal_weight,LSTM+TCN,2,covid,KR,momentum,static,LSTM:L252|TCN:L22,Full Test,0.2389714459982591,0.15174999657258065,0.02045560950885851,0.23433727935628565,248
equal_weight,LSTM+TCN,2,covid,KR,momentum,static,LSTM:L252|TCN:L22,Pre-crash,0.14148498299367296,0.09818918185714287,0.01211000806431207,0.18146752018293616,35
equal_weight,LSTM+TCN,2,covid,KR,momentum,static,LSTM:L252|TCN:L22,Crash,0.3282840122429126,0.22796759404761907,0.01208644882163169,0.1670838289795834,21
equal_weight,LSTM+TCN,2,covid,KR,momentum,static,LSTM:L252|TCN:L22,Recovery,0.24151016882052684,0.15317738703125003,0.02289232005568606,0.2515248466388143,192
equal_weight,LSTM+TST,2,covid,KR,momentum,static,LSTM:L252|TST:L22,Full Test,0.25409850298041536,0.15887540536290323,0.020562595472845602,0.24917099040095927,248
equal_weight,LSTM+TST,2,covid,KR,momentum,static,LSTM:L252|TST:L22,Pre-crash,0.12961045641413974,0.0857338167142857,0.009298157752660512,0.1662373463076591,35
equal_weight,LSTM+TST,2,covid,KR,momentum,static,LSTM:L252|TST:L22,Crash,0.4345841622748477,0.3045302280952381,0.01713060492524185,0.22118648224951384,21
equal_weight,LSTM+TST,2,covid,KR,momentum,static,LSTM:L252|TST:L22,Recovery,0.2442920091951695,0.15627751122395836,0.022991382565065176,0.25442204130777096,192
equal_weight,1DCNN+TCN,2,covid,KR,momentum,static,1DCNN:L22|TCN:L22,Full Test,0.3169292745342153,0.17327886483870972,0.022208960506555787,0.3107833391243337,248
equal_weight,1DCNN+TCN,2,covid,KR,momentum,static,1DCNN:L22|TCN:L22,Pre-crash,0.1462575829986298,0.09974123728571427,0.014441941895335361,0.1875888192027997,35
equal_weight,1DCNN+TCN,2,covid,KR,momentum,static,1DCNN:L22|TCN:L22,Crash,0.765357667480634,0.46388804904761904,0.024549036954881902,0.38953736658647753,21
equal_weight,1DCNN+TCN,2,covid,KR,momentum,static,1DCNN:L22|TCN:L22,Recovery,0.24853988792694817,0.15489878200520835,0.023368877412690513,0.258846066398594,192
equal_weight,1DCNN+TST,2,covid,KR,momentum,static,1DCNN:L22|TST:L22,Full Test,0.28070155053727974,0.16912685205645164,0.021770601248598146,0.27525814805705384,248
equal_weight,1DCNN+TST,2,covid,KR,momentum,static,1DCNN:L22|TST:L22,Pre-crash,0.1321941192005327,0.0895008032857143,0.01083150733408462,0.1695511317632974,35
equal_weight,1DCNN+TST,2,covid,KR,momentum,static,1DCNN:L22|TST:L22,Crash,0.5578609718599375,0.39246303261904764,0.022316277713486803,0.2839295967531307,21
equal_weight,1DCNN+TST,2,covid,KR,momentum,static,1DCNN:L22|TST:L22,Recovery,0.25406827612184735,0.15921462244791668,0.023705023546750807,0.2646036997093271,192
equal_weight,TCN+TST,2,covid,KR,momentum,static,TCN:L22|TST:L22,Full Test,0.26039446539424765,0.1589319235483871,0.021043882494528158,0.2553448606590722,248
equal_weight,TCN+TST,2,covid,KR,momentum,static,TCN:L22|TST:L22,Pre-crash,0.13341691942439698,0.09061818314285718,0.010319958985865218,0.1711194856592986,35
equal_weight,TCN+TST,2,covid,KR,momentum,static,TCN:L22|TST:L22,Crash,0.4386999242415018,0.29578000404761906,0.01629572427231683,0.22328124545122668,21
equal_weight,TCN+TST,2,covid,KR,momentum,static,TCN:L22|TST:L22,Recovery,0.25156899473033534,0.15641719033854165,0.023518094189682537,0.2620007808683633,192
equal_weight,LSTM+1DCNN+TCN,3,covid,KR,momentum,static,LSTM:L252|1DCNN:L22|TCN:L22,Full Test,0.25764053237246093,0.15914570836021508,0.020805034459639504,0.25264433227937766,248
equal_weight,LSTM+1DCNN+TCN,3,covid,KR,momentum,static,LSTM:L252|1DCNN:L22|TCN:L22,Pre-crash,0.14113322266424808,0.09635336647619049,0.012692584698316406,0.18101635516648829,35
equal_weight,LSTM+1DCNN+TCN,3,covid,KR,momentum,static,LSTM:L252|1DCNN:L22|TCN:L22,Crash,0.4632576701185007,0.31412631904761906,0.016090742380845475,0.23578018557384348,21
equal_weight,LSTM+1DCNN+TCN,3,covid,KR,momentum,static,LSTM:L252|1DCNN:L22|TCN:L22,Recovery,0.24214742535289643,0.15364122472222222,0.02279949214349879,0.2521885282235552,192
equal_weight,LSTM+1DCNN+TST,3,covid,KR,momentum,static,LSTM:L252|1DCNN:L22|TST:L22,Full Test,0.2513616972557825,0.15741907088709678,0.020726902196660964,0.24648725718355285,248
equal_weight,LSTM+1DCNN+TST,3,covid,KR,momentum,static,LSTM:L252|1DCNN:L22|TST:L22,Pre-crash,0.1325714005594446,0.0896961436190476,0.010579689512306123,0.17003502985031949,35
equal_weight,LSTM+1DCNN+TST,3,covid,KR,momentum,static,LSTM:L252|1DCNN:L22|TST:L22,Crash,0.4068447189510469,0.280046723968254,0.01672296328438743,0.2070681815359437,21
equal_weight,LSTM+1DCNN+TST,3,covid,KR,momentum,static,LSTM:L252|1DCNN:L22|TST:L22,Recovery,0.24556698854180817,0.15635199661458335,0.023014585327443066,0.25574989009441673,192
equal_weight,LSTM+TCN+TST,3,covid,KR,momentum,static,LSTM:L252|TCN:L22|TST:L22,Full Test,0.24069392753661634,0.1518005943010753,0.02028954390010547,0.23602635829939506,248
equal_weight,LSTM+TCN+TST,3,covid,KR,momentum,static,LSTM:L252|TCN:L22|TST:L22,Pre-crash,0.13336973505763722,0.08998432428571428,0.010213693651670536,0.17105896736367368,35
equal_weight,LSTM+TCN+TST,3,covid,KR,momentum,static,LSTM:L252|TCN:L22|TST:L22,Crash,0.32924047542591156,0.2346143080952381,0.013215571095562912,0.1675706316411008,21
equal_weight,LSTM+TCN+TST,3,covid,KR,momentum,static,LSTM:L252|TCN:L22|TST:L22,Recovery,0.24440166556226678,0.15401143524305558,0.022900003210473262,0.2545362447843857,192
equal_weight,1DCNN+TCN+TST,3,covid,KR,momentum,static,1DCNN:L22|TCN:L22|TST:L22,Full Test,0.27849289948196,0.1642688316935484,0.020988481382618055,0.2730923274620913,248
equal_weight,1DCNN+TCN+TST,3,covid,KR,momentum,static,1DCNN:L22|TCN:L22|TST:L22,Pre-crash,0.13437733461945608,0.08837739228571428,0.011067734828845545,0.1723513065925575,35
equal_weight,1DCNN+TCN+TST,3,covid,KR,momentum,static,1DCNN:L22|TCN:L22|TST:L22,Crash,0.56802606335005,0.3758746507936508,0.019684684637911964,0.2891032340450955,21
equal_weight,1DCNN+TCN+TST,3,covid,KR,momentum,static,1DCNN:L22|TCN:L22|TST:L22,Recovery,0.24818851004704498,0.1549588222048611,0.022939553575435062,0.25848011796757536,192
equal_weight,LSTM+1DCNN+TCN+TST,4,covid,KR,momentum,static,LSTM:L252|1DCNN:L22|TCN:L22|TST:L22,Full Test,0.25101188445542527,0.15596149221774191,0.020418065503256436,0.24614422800039132,248
equal_weight,LSTM+1DCNN+TCN+TST,4,covid,KR,momentum,static,LSTM:L252|1DCNN:L22|TCN:L22|TST:L22,Pre-crash,0.13431037792945727,0.08910009371428572,0.010866450807865682,0.17226542847152548,35
equal_weight,LSTM+1DCNN+TCN+TST,4,covid,KR,momentum,static,LSTM:L252|1DCNN:L22|TCN:L22|TST:L22,Crash,0.41322248163341796,0.28718331476190473,0.015518883788841534,0.2103142153650452,21
equal_weight,LSTM+1DCNN+TCN+TST,4,covid,KR,momentum,static,LSTM:L252|1DCNN:L22|TCN:L22|TST:L22,Recovery,0.24376115016840072,0.15379738114583333,0.022695093265451178,0.2538691692032673,192
equal_weight,LSTM+1DCNN,2,covid,US,core,expanding,LSTM:L252|1DCNN:L252,Full Test,0.3866608556157292,0.1992754939222528,0.019788905964995447,0.33725769246301096,248
equal_weight,LSTM+1DCNN,2,covid,US,core,expanding,LSTM:L252|1DCNN:L252,Pre-crash,0.09100089594335867,0.07167093455791473,0.019346724004408563,0.18890813727253433,35
equal_weight,LSTM+1DCNN,2,covid,US,core,expanding,LSTM:L252|1DCNN:L252,Crash,1.1696484652179115,0.8878807510648455,0.04758144833237728,0.32564212236368695,21
equal_weight,LSTM+1DCNN,2,covid,US,core,expanding,LSTM:L252|1DCNN:L252,Recovery,0.20486494787642448,0.14722054172307253,0.016829702730128373,0.20482250251269815,192
equal_weight,LSTM+TCN,2,covid,US,core,expanding,LSTM:L252|TCN:L22,Full Test,0.3008914547598541,0.17707591810293735,0.01756884045013227,0.26244693829312155,248
equal_weight,LSTM+TCN,2,covid,US,core,expanding,LSTM:L252|TCN:L22,Pre-crash,0.08731972681905467,0.06822328397205897,0.018752157392148604,0.18126642347347163,35
equal_weight,LSTM+TCN,2,covid,US,core,expanding,LSTM:L252|TCN:L22,Crash,0.7592884600179863,0.590202252070109,0.02409488811771226,0.21139369046275575,21
equal_weight,LSTM+TCN,2,covid,US,core,expanding,LSTM:L252|TCN:L22,Recovery,0.22911834598588116,0.15173315342205265,0.016639345168935647,0.229070875632204,192
equal_weight,LSTM+TST,2,covid,US,core,expanding,LSTM:L252|TST:L252,Full Test,0.39117247950689454,0.19316496520761736,0.018636594296261064,0.34119287193798625,248
equal_weight,LSTM+TST,2,covid,US,core,expanding,LSTM:L252|TST:L252,Pre-crash,0.08319924427908841,0.060529828344629576,0.015387265838988081,0.1727127419605608,35
equal_weight,LSTM+TST,2,covid,US,core,expanding,LSTM:L252|TST:L252,Crash,1.1717302317464597,0.800418580041177,0.04830845911187714,0.326221707504677,21
equal_weight,LSTM+TST,2,covid,US,core,expanding,LSTM:L252|TST:L252,Recovery,0.2149816478236133,0.15092488124251224,0.015983559582076774,0.2149371064106925,192
equal_weight,1DCNN+TCN,2,covid,US,core,expanding,1DCNN:L252|TCN:L22,Full Test,0.3125732438803816,0.17977683143990655,0.018091926953928406,0.27263616015359354,248
equal_weight,1DCNN+TCN,2,covid,US,core,expanding,1DCNN:L252|TCN:L22,Pre-crash,0.09374328882209053,0.07350951603480747,0.021059165209627303,0.19460105188639873,35
equal_weight,1DCNN+TCN,2,covid,US,core,expanding,1DCNN:L252|TCN:L22,Crash,0.8477473800214925,0.6636117412930443,0.03188572892016842,0.23602156055240242,21
equal_weight,1DCNN+TCN,2,covid,US,core,expanding,1DCNN:L252|TCN:L22,Recovery,0.21445598516369027,0.14622903421210745,0.01604232705684246,0.21441155266126408,192
equal_weight,1DCNN+TST,2,covid,US,core,expanding,1DCNN:L252|TST:L252,Full Test,0.3611627675281803,0.18575883707317783,0.018054623414159005,0.3150174624895595,248
equal_weight,1DCNN+TST,2,covid,US,core,expanding,1DCNN:L252|TST:L252,Pre-crash,0.08726611567151941,0.06603983883649663,0.017256058833742583,0.18115513245910367,35
equal_weight,1DCNN+TST,2,covid,US,core,expanding,1DCNN:L252|TST:L252,Crash,1.0809155278478608,0.7683678769249689,0.04126293786244681,0.3009379630303405,21
equal_weight,1DCNN+TST,2,covid,US,core,expanding,1DCNN:L252|TST:L252,Recovery,0.1982511428693352,0.14385974905961652,0.015661785689682604,0.1982100678003423,192
equal_weight,TCN+TST,2,covid,US,core,expanding,TCN:L22|TST:L252,Full Test,0.30905417871720287,0.17801949651935084,0.016798751899878846,0.2695667214469764,248
equal_weight,TCN+TST,2,covid,US,core,expanding,TCN:L22|TST:L252,Pre-crash,0.08482209232288213,0.06404998027237375,0.017059330944684488,0.17608160111135712,35
equal_weight,TCN+TST,2,covid,US,core,expanding,TCN:L22|TST:L252,Crash,0.8022177751331048,0.6022327496301925,0.02607534056689407,0.22334565184382096,21
equal_weight,TCN+TST,2,covid,US,core,expanding,TCN:L22|TST:L252,Recovery,0.22731625230881627,0.15239686502620778,0.015736623626048024,0.22726915532560774,192
equal_weight,LSTM+1DCNN+TCN,3,covid,US,core,expanding,LSTM:L252|1DCNN:L252|TCN:L22,Full Test,0.30823531611550914,0.1792335690309604,0.017514610106923664,0.2688524838729357,248
equal_weight,LSTM+1DCNN+TCN,3,covid,US,core,expanding,LSTM:L252|1DCNN:L252|TCN:L22,Pre-crash,0.08998942141514614,0.07075665635722024,0.019285689387737583,0.18680842421979502,35
equal_weight,LSTM+1DCNN+TCN,3,covid,US,core,expanding,LSTM:L252|1DCNN:L252|TCN:L22,Crash,0.8362000352524048,0.6591266620726814,0.027895121675956255,0.23280666140099768,21
equal_weight,LSTM+1DCNN+TCN,3,covid,US,core,expanding,LSTM:L252|1DCNN:L252|TCN:L22,Recovery,0.21157840188999885,0.14651969918567273,0.01605638866016235,0.2115345655855556,192
equal_weight,LSTM+1DCNN+TST,3,covid,US,core,expanding,LSTM:L252|1DCNN:L252|TST:L252,Full Test,0.3707635983006458,0.18889360458677074,0.018013578555707836,0.32339160738947026,248
equal_weight,LSTM+1DCNN+TST,3,covid,US,core,expanding,LSTM:L252|1DCNN:L252|TST:L252,Pre-crash,0.08561820587144849,0.06534729346694765,0.01653806406700408,0.17773424777992078,35
equal_weight,LSTM+1DCNN+TST,3,covid,US,core,expanding,LSTM:L252|1DCNN:L252|TST:L252,Crash,1.1161613026111465,0.7981352681232755,0.04211299009637722,0.31075074801623837,21
equal_weight,LSTM+1DCNN+TST,3,covid,US,core,expanding,LSTM:L252|1DCNN:L252|TST:L252,Recovery,0.1999059198123938,0.1447792606020166,0.015646679413783744,0.19986450189505148,192
equal_weight,LSTM+TCN+TST,3,covid,US,core,expanding,LSTM:L252|TCN:L22|TST:L252,Full Test,0.3096052687510005,0.17783371029079198,0.016615276936411655,0.27004739941175765,248
equal_weight,LSTM+TCN+TST,3,covid,US,core,expanding,LSTM:L252|TCN:L22|TST:L252,Pre-crash,0.08381841009541295,0.063411071393433,0.016477949298172305,0.17399806404241702,35
equal_weight,LSTM+TCN+TST,3,covid,US,core,expanding,LSTM:L252|TCN:L22|TST:L252,Crash,0.8242144613870036,0.6224408966120163,0.025969711819317388,0.2294697547770499,21
equal_weight,LSTM+TCN+TST,3,covid,US,core,expanding,LSTM:L252|TCN:L22|TST:L252,Recovery,0.21961533978098913,0.1500630928359058,0.015617169305147893,0.21956983832711177,192
equal_weight,1DCNN+TCN+TST,3,covid,US,core,expanding,1DCNN:L252|TCN:L22|TST:L252,Full Test,0.2992185694480351,0.1715655462853953,0.016581743617781686,0.26098779539870853,248
equal_weight,1DCNN+TCN+TST,3,covid,US,core,expanding,1DCNN:L252|TCN:L22|TST:L252,Pre-crash,0.08701137447116111,0.06650004187172191,0.01760748713299528,0.18062631694418602,35
equal_weight,1DCNN+TCN+TST,3,covid,US,core,expanding,1DCNN:L252|TCN:L22|TST:L252,Crash,0.8075471786941489,0.5926119485391285,0.026968466675464257,0.2248294124250206,21
equal_weight,1DCNN+TCN+TST,3,covid,US,core,expanding,1DCNN:L252|TCN:L22|TST:L252,Recovery,0.20721502687696128,0.14466616194763582,0.015258711288386845,0.20717209460730499,192
equal_weight,LSTM+1DCNN+TCN+TST,4,covid,US,core,expanding,LSTM:L252|1DCNN:L252|TCN:L22|TST:L252,Full Test,0.3114034068591679,0.17826295163679745,0.01668017928618839,0.27161579171287287,248
equal_weight,LSTM+1DCNN+TCN+TST,4,covid,US,core,expanding,LSTM:L252|1DCNN:L252|TCN:L22|TST:L252,Pre-crash,0.08596844084922511,0.06614223236912373,0.017136132274980304,0.17846129817402515,35
equal_weight,LSTM+1DCNN+TCN+TST,4,covid,US,core,expanding,LSTM:L252|1DCNN:L252|TCN:L22|TST:L252,Crash,0.86101357681411,0.6628360356623878,0.027664223987479777,0.23971500572649362,21
equal_weight,LSTM+1DCNN+TCN+TST,4,covid,US,core,expanding,LSTM:L252|1DCNN:L252|TCN:L22|TST:L252,Recovery,0.20693918024930352,0.1457014433546682,0.01539568296673612,0.20689630513149562,192
equal_weight,LSTM+1DCNN,2,covid,US,core,static,LSTM:L252|1DCNN:L252,Full Test,0.42416135502419494,0.20599128475806452,0.023239084027729354,0.36996680030979523,248
equal_weight,LSTM+1DCNN,2,covid,US,core,static,LSTM:L252|1DCNN:L252,Pre-crash,0.09533040295220521,0.07597008285714286,0.02041642993775962,0.19789573171005298,35
equal_weight,LSTM+1DCNN,2,covid,US,core,static,LSTM:L252|1DCNN:L252,Crash,1.2945175957272592,0.950641692857143,0.07032344513920369,0.36040696698147173,21
equal_weight,LSTM+1DCNN,2,covid,US,core,static,LSTM:L252|1DCNN:L252,Recovery,0.21781371227251312,0.14824692796874997,0.018603778349645914,0.2177685837486395,192
equal_weight,LSTM+TCN,2,covid,US,core,static,LSTM:L252|TCN:L22,Full Test,0.431638270195105,0.2167710082056452,0.02413712710790002,0.3764883995766864,248
equal_weight,LSTM+TCN,2,covid,US,core,static,LSTM:L252|TCN:L22,Pre-crash,0.09443442676527079,0.07594163214285715,0.021409925427946678,0.19603578086942697,35
equal_weight,LSTM+TCN,2,covid,US,core,static,LSTM:L252|TCN:L22,Crash,1.2744481411330917,0.9699399380952378,0.06115379378168884,0.3548194251179,21
equal_weight,LSTM+TCN,2,covid,US,core,static,LSTM:L252|TCN:L22,Recovery,0.24774578909687858,0.16006517817708332,0.020585575330029193,0.24769445898712011,192
equal_weight,LSTM+TST,2,covid,US,core,static,LSTM:L252|TST:L252,Full Test,0.3792937976260458,0.1996040844153226,0.02106424676339546,0.3308319134284516,248
equal_weight,LSTM+TST,2,covid,US,core,static,LSTM:L252|TST:L252,Pre-crash,0.08684023870229098,0.0692555647142857,0.01756103617810151,0.18027105779130662,35
equal_weight,LSTM+TST,2,covid,US,core,static,LSTM:L252|TST:L252,Crash,1.0917331742190552,0.7954399000000001,0.0444924775408988,0.3039497055675741,21
equal_weight,LSTM+TST,2,covid,US,core,static,LSTM:L252|TST:L252,Recovery,0.2325668353201308,0.15819599098958334,0.019140390118383577,0.23251865011695672,192
equal_weight,1DCNN+TCN,2,covid,US,core,static,1DCNN:L252|TCN:L22,Full Test,0.4483265232842935,0.2051026904233871,0.02395738897034054,0.39104441587811245,248
equal_weight,1DCNN+TCN,2,covid,US,core,static,1DCNN:L252|TCN:L22,Pre-crash,0.1011785501350526,0.0817718727142857,0.02327301370700735,0.21003586046286968,35
equal_weight,1DCNN+TCN,2,covid,US,core,static,1DCNN:L252|TCN:L22,Crash,1.4142431387839964,0.9702973023809524,0.0846732762097992,0.39373978531141235,21
equal_weight,1DCNN+TCN,2,covid,US,core,static,1DCNN:L252|TCN:L22,Recovery,0.19747256262837368,0.14389171005208334,0.0174413447109032,0.1974316485593558,192
equal_weight,1DCNN+TST,2,covid,US,core,static,1DCNN:L252|TST:L252,Full Test,0.44464935450960613,0.21190134110887093,0.02200303150825209,0.3878370742623432,248
equal_weight,1DCNN+TST,2,covid,US,core,static,1DCNN:L252|TST:L252,Pre-crash,0.09299190191448378,0.07417880957142857,0.019073432514026437,0.19304125339428818,35
equal_weight,1DCNN+TST,2,covid,US,core,static,1DCNN:L252|TST:L252,Crash,1.3854932736408234,1.0326575357142858,0.07486422073735946,0.3857355281799702,21
equal_weight,1DCNN+TST,2,covid,US,core,static,1DCNN:L252|TST:L252,Recovery,0.20939831833308373,0.14723680213541665,0.016755380419640854,0.20935493338312167,192
equal_weight,TCN+TST,2,covid,US,core,static,TCN:L22|TST:L252,Full Test,0.41001709453289753,0.2017733023387097,0.02167028244886783,0.35762973392048436,248
equal_weight,TCN+TST,2,covid,US,core,static,TCN:L22|TST:L252,Pre-crash,0.09293958480155623,0.07706439828571429,0.020304922632709006,0.19293264865725643,35
equal_weight,TCN+TST,2,covid,US,core,static,TCN:L22|TST:L252,Crash,1.2434398590422149,0.8587773238095238,0.05595727907436535,0.3461864015602709,21
equal_weight,TCN+TST,2,covid,US,core,static,TCN:L22|TST:L252,Recovery,0.2155535297945152,0.15264688145833333,0.018169035909441324,0.21550886955474477,192
equal_weight,LSTM+1DCNN+TCN,3,covid,US,core,static,LSTM:L252|1DCNN:L252|TCN:L22,Full Test,0.4203461412890826,0.20052238510752687,0.022529040829593564,0.36663905156192317,248
equal_weight,LSTM+1DCNN+TCN,3,covid,US,core,static,LSTM:L252|1DCNN:L252|TCN:L22,Pre-crash,0.09620381697053088,0.07700794923809523,0.02124020148116021,0.19970884589912266,35
equal_weight,LSTM+1DCNN+TCN,3,covid,US,core,static,LSTM:L252|1DCNN:L252|TCN:L22,Crash,1.2917959026068075,0.8998082857142856,0.06770753251484528,0.35964921972038083,21
equal_weight,LSTM+1DCNN+TCN,3,covid,US,core,static,LSTM:L252|1DCNN:L252|TCN:L22,Recovery,0.2098106416776278,0.14655364210069444,0.017822587974410654,0.20976717129895833,192
equal_weight,LSTM+1DCNN+TST,3,covid,US,core,static,LSTM:L252|1DCNN:L252|TST:L252,Full Test,0.4050100273223041,0.20067018021505378,0.02064341014287259,0.35326241329380054,248
equal_weight,LSTM+1DCNN+TST,3,covid,US,core,static,LSTM:L252|1DCNN:L252|TST:L252,Pre-crash,0.09073927201286619,0.07255057095238096,0.018520873657779255,0.18836503438285634,35
equal_weight,LSTM+1DCNN+TST,3,covid,US,core,static,LSTM:L252|1DCNN:L252|TST:L252,Crash,1.2388536333703177,0.9064617587301588,0.05878798787711731,0.34490954932608214,21
equal_weight,LSTM+1DCNN+TST,3,covid,US,core,static,LSTM:L252|1DCNN:L252|TST:L252,Recovery,0.20618197045023884,0.1468293634201389,0.016858267666618045,0.2061392518909769,192
equal_weight,LSTM+TCN+TST,3,covid,US,core,static,LSTM:L252|TCN:L22|TST:L252,Full Test,0.39590326198713516,0.20031076490591396,0.02098381438477848,0.34531920773696134,248
equal_weight,LSTM+TCN+TST,3,covid,US,core,static,LSTM:L252|TCN:L22|TST:L252,Pre-crash,0.09030871087513918,0.07285884952380954,0.019227194697856654,0.18747123546081554,35
equal_weight,LSTM+TCN+TST,3,covid,US,core,static,LSTM:L252|TCN:L22|TST:L252,Crash,1.1806033426422158,0.8482018460317461,0.05113314227496367,0.3286920713432434,21
equal_weight,LSTM+TCN+TST,3,covid,US,core,static,LSTM:L252|TCN:L22|TST:L252,Recovery,0.22026986180065475,0.1526810999826389,0.018006448777217934,0.22022422439053396,192
equal_weight,1DCNN+TCN+TST,3,covid,US,core,static,1DCNN:L252|TCN:L22|TST:L252,Full Test,0.4243399630870763,0.20112871864247314,0.021734795144790618,0.3701225878485492,248
equal_weight,1DCNN+TCN+TST,3,covid,US,core,static,1DCNN:L252|TCN:L22|TST:L252,Pre-crash,0.09516179412294312,0.07728964952380951,0.02056364919979584,0.19754571779417426,35
equal_weight,1DCNN+TCN+TST,3,covid,US,core,static,1DCNN:L252|TCN:L22|TST:L252,Crash,1.3175309131329562,0.9165334507936509,0.06757497195899356,0.3668141104252884,21
equal_weight,1DCNN+TCN+TST,3,covid,US,core,static,1DCNN:L252|TCN:L22|TST:L252,Recovery,0.20265655681980407,0.14545615637152778,0.016934515951960175,0.20261456868615,192
equal_weight,LSTM+1DCNN+TCN+TST,4,covid,US,core,static,LSTM:L252|1DCNN:L252|TCN:L22|TST:L252,Full Test,0.40537668863589854,0.19698420941532258,0.02086132741760178,0.3535822267595515,248
equal_weight,LSTM+1DCNN+TCN+TST,4,covid,US,core,static,LSTM:L252|1DCNN:L252|TCN:L22|TST:L252,Pre-crash,0.09268299822976547,0.0741838487142857,0.0196621567286935,0.1924000023471704,35
equal_weight,LSTM+1DCNN+TCN+TST,4,covid,US,core,static,LSTM:L252|1DCNN:L252|TCN:L22|TST:L252,Crash,1.243038551295534,0.8606571559523808,0.05933450144526422,0.3460746733703376,21
equal_weight,LSTM+1DCNN+TCN+TST,4,covid,US,core,static,LSTM:L252|1DCNN:L252|TCN:L22|TST:L252,Recovery,0.20419057590272982,0.14678046330729166,0.016871922831825103,0.20414826993776897,192
equal_weight,LSTM+1DCNN,2,covid,US,extended,expanding,LSTM:L252|1DCNN:L22,Full Test,0.3412093684083078,0.19220776537493353,0.02121823023782749,0.2976134836636048,248
equal_weight,LSTM+1DCNN,2,covid,US,extended,expanding,LSTM:L252|1DCNN:L22,Pre-crash,0.10256149447631481,0.07713134969983781,0.022988561518178192,0.21290670467098774,35
equal_weight,LSTM+1DCNN,2,covid,US,extended,expanding,LSTM:L252|1DCNN:L22,Crash,1.0022610846771585,0.7658072653270903,0.03783422535870429,0.27903975979312284,21
equal_weight,LSTM+1DCNN,2,covid,US,extended,expanding,LSTM:L252|1DCNN:L22,Recovery,0.1964512977969778,0.1504477916751057,0.01907813913183433,0.19641059563257174,192
equal_weight,LSTM+TCN,2,covid,US,extended,expanding,LSTM:L252|TCN:L60,Full Test,0.3138217778531172,0.19284893800654718,0.02121951390716802,0.273725170536959,248
equal_weight,LSTM+TCN,2,covid,US,extended,expanding,LSTM:L252|TCN:L60,Pre-crash,0.09574870630259005,0.0706981041601726,0.018757748376823518,0.19876408431336234,35
equal_weight,LSTM+TCN,2,covid,US,extended,expanding,LSTM:L252|TCN:L60,Crash,0.8371112086523632,0.6985849056925092,0.028430855489581235,0.2330603414156579,21
equal_weight,LSTM+TCN,2,covid,US,extended,expanding,LSTM:L252|TCN:L60,Recovery,0.22111609226901682,0.1598011456274738,0.020879532763060624,0.22107027987866215,192
equal_weight,LSTM+TST,2,covid,US,extended,expanding,LSTM:L252|TST:L252,Full Test,0.43509887432422917,0.20530925538161,0.025172362569965752,0.37950684745206414,248
equal_weight,LSTM+TST,2,covid,US,extended,expanding,LSTM:L252|TST:L252,Pre-crash,0.10188297443440808,0.07807208570641329,0.022768936027312295,0.21149816955833936,35
equal_weight,LSTM+TST,2,covid,US,extended,expanding,LSTM:L252|TST:L252,Crash,1.3510097447854994,0.9357518863670713,0.07016548110985513,0.3761349616647502,21
equal_weight,LSTM+TST,2,covid,US,extended,expanding,LSTM:L252|TST:L252,Recovery,0.2073651254841796,0.14861136833961625,0.020689364859836554,0.20732216211603602,192
equal_weight,1DCNN+TCN,2,covid,US,extended,expanding,1DCNN:L22|TCN:L60,Full Test,0.4185530400979594,0.2199644374270593,0.022814736416468993,0.3650750533100345,248
equal_weight,1DCNN+TCN,2,covid,US,extended,expanding,1DCNN:L22|TCN:L60,Pre-crash,0.10537467329713149,0.0765737840107509,0.023220379105769517,0.2187465633377178,35
equal_weight,1DCNN+TCN,2,covid,US,extended,expanding,1DCNN:L22|TCN:L60,Crash,1.2655406763999208,0.9603317039353507,0.03887747050930565,0.3523394969134314,21
equal_weight,1DCNN+TCN,2,covid,US,extended,expanding,1DCNN:L22|TCN:L60,Recovery,0.2215499086801332,0.16512568884839615,0.020983929593161244,0.22150400640863707,192
equal_weight,1DCNN+TST,2,covid,US,extended,expanding,1DCNN:L22|TST:L252,Full Test,0.3390761936081558,0.1960852899635084,0.023721389022932464,0.2957528618802751,248
equal_weight,1DCNN+TST,2,covid,US,extended,expanding,1DCNN:L22|TST:L252,Pre-crash,0.11419210868162948,0.0848031757586975,0.029971599419811115,0.23705061712465209,35
equal_weight,1DCNN+TST,2,covid,US,extended,expanding,1DCNN:L22|TST:L252,Crash,0.965739416788096,0.7441797088467552,0.03499919488816451,0.2688717530822858,21
equal_weight,1DCNN+TST,2,covid,US,extended,expanding,1DCNN:L22|TST:L252,Recovery,0.21004862501189386,0.15642326496673864,0.02134851773615837,0.21000510565740563,192
equal_weight,TCN+TST,2,covid,US,extended,expanding,TCN:L60|TST:L252,Full Test,0.3156721725799472,0.1935226992349346,0.022432469712782992,0.2753391426953835,248
equal_weight,TCN+TST,2,covid,US,extended,expanding,TCN:L60|TST:L252,Pre-crash,0.10623379094284262,0.07717019782118552,0.024153192220966735,0.22052999978047844,35
equal_weight,TCN+TST,2,covid,US,extended,expanding,TCN:L60|TST:L252,Crash,0.8259383690513138,0.6805601102768307,0.02836464090266047,0.2299497083419532,21
equal_weight,TCN+TST,2,covid,US,extended,expanding,TCN:L60|TST:L252,Recovery,0.22812959668344004,0.16146307380577524,0.021469965115002484,0.22808233118581178,192
equal_weight,LSTM+1DCNN+TCN,3,covid,US,extended,expanding,LSTM:L252|1DCNN:L22|TCN:L60,Full Test,0.32491312508295245,0.1938000953686173,0.02037105640807721,0.2833993905121968,248
equal_weight,LSTM+1DCNN+TCN,3,covid,US,extended,expanding,LSTM:L252|1DCNN:L22|TCN:L60,Pre-crash,0.09883256190885682,0.0714294752904347,0.020389253562696146,0.20516583906707292,35
equal_weight,LSTM+1DCNN+TCN,3,covid,US,extended,expanding,LSTM:L252|1DCNN:L22|TCN:L60,Crash,0.9167655336681322,0.7535559922929794,0.03050901875407327,0.2552369220079724,21
equal_weight,LSTM+1DCNN+TCN,3,covid,US,extended,expanding,LSTM:L252|1DCNN:L22|TCN:L60,Recovery,0.20652736503584618,0.15488393842760062,0.019258899586839812,0.20648457524081656,192
equal_weight,LSTM+1DCNN+TST,3,covid,US,extended,expanding,LSTM:L252|1DCNN:L22|TST:L252,Full Test,0.3542391581223943,0.19044703740714172,0.022012575819202847,0.30897847380529714,248
equal_weight,LSTM+1DCNN+TST,3,covid,US,extended,expanding,LSTM:L252|1DCNN:L22|TST:L252,Pre-crash,0.1048128801326677,0.07859736724483563,0.024299461279422667,0.2175803407513231,35
equal_weight,LSTM+1DCNN+TST,3,covid,US,extended,expanding,LSTM:L252|1DCNN:L22|TST:L252,Crash,1.0466482921367557,0.7587579350089905,0.04000769599292836,0.29139761334722264,21
equal_weight,LSTM+1DCNN+TST,3,covid,US,extended,expanding,LSTM:L252|1DCNN:L22|TST:L252,Recovery,0.20066228929125926,0.1486772957719432,0.01962747938818239,0.20062071466395764,192
equal_weight,LSTM+TCN+TST,3,covid,US,extended,expanding,LSTM:L252|TCN:L60|TST:L252,Full Test,0.31839637614805655,0.18484474709919055,0.020755273719697934,0.27771527825665465,248
equal_weight,LSTM+TCN+TST,3,covid,US,extended,expanding,LSTM:L252|TCN:L60|TST:L252,Pre-crash,0.09957625358759274,0.07275162722336215,0.02107710256271778,0.20670966353471915,35
equal_weight,LSTM+TCN+TST,3,covid,US,extended,expanding,LSTM:L252|TCN:L60|TST:L252,Crash,0.8780849459154901,0.6713109937564185,0.0303849629371547,0.2444678498768013,21
equal_weight,LSTM+TCN+TST,3,covid,US,extended,expanding,LSTM:L252|TCN:L60|TST:L252,Recovery,0.21167208701029877,0.15207114301508748,0.019643359745363104,0.21162823129551206,192
equal_weight,1DCNN+TCN+TST,3,covid,US,extended,expanding,1DCNN:L22|TCN:L60|TST:L252,Full Test,0.3267065134908561,0.19558626115259842,0.021435714933655366,0.28496363997617824,248
equal_weight,1DCNN+TCN+TST,3,covid,US,extended,expanding,1DCNN:L22|TCN:L60|TST:L252,Pre-crash,0.1065643712993232,0.07718942879128482,0.02448897930467887,0.2212162492807087,35
equal_weight,1DCNN+TCN+TST,3,covid,US,extended,expanding,1DCNN:L22|TCN:L60|TST:L252,Crash,0.9088467917123515,0.7394428849272954,0.03032774411745311,0.25303226307529864,21
equal_weight,1DCNN+TCN+TST,3,covid,US,extended,expanding,1DCNN:L22|TCN:L60|TST:L252,Recovery,0.21320106300836045,0.15768469882643874,0.019906564590709663,0.2131568905095507,192
equal_weight,LSTM+1DCNN+TCN+TST,4,covid,US,extended,expanding,LSTM:L252|1DCNN:L22|TCN:L60|TST:L252,Full Test,0.3138770629268344,0.1857326385041429,0.020369214337392427,0.27377339190749267,248
equal_weight,LSTM+1DCNN+TCN+TST,4,covid,US,extended,expanding,LSTM:L252|1DCNN:L22|TCN:L60|TST:L252,Pre-crash,0.10149567097313486,0.07327344478550013,0.02203174787782692,0.21069416895296214,35
equal_weight,LSTM+1DCNN+TCN+TST,4,covid,US,extended,expanding,LSTM:L252|1DCNN:L22|TCN:L60|TST:L252,Crash,0.8732803717244416,0.6829098071109043,0.029865898994888635,0.24313020717204614,21
equal_weight,LSTM+1DCNN+TCN+TST,4,covid,US,extended,expanding,LSTM:L252|1DCNN:L22|TCN:L60|TST:L252,Recovery,0.20485165215864187,0.1518542595427393,0.019027448443003737,0.20480920954961607,192
equal_weight,LSTM+1DCNN,2,covid,US,extended,static,LSTM:L252|1DCNN:L22,Full Test,0.44424921884457597,0.2315205003830645,0.036512468864678814,0.3874880634202956,248
equal_weight,LSTM+1DCNN,2,covid,US,extended,static,LSTM:L252|1DCNN:L22,Pre-crash,0.09895079972405646,0.07958690928571428,0.023763989494496065,0.20541128861591668,35
equal_weight,LSTM+1DCNN,2,covid,US,extended,static,LSTM:L252|1DCNN:L22,Crash,1.3451457415776797,0.9725566511904761,0.07412478994541047,0.37450236170617196,21
equal_weight,LSTM+1DCNN,2,covid,US,extended,static,LSTM:L252|1DCNN:L22,Recovery,0.23501080271634386,0.1781658989322917,0.03472256279833002,0.23496211115092178,192
equal_weight,LSTM+TCN,2,covid,US,extended,static,LSTM:L252|TCN:L60,Full Test,0.3935042590541685,0.20882583729838708,0.02732081243239747,0.34322672234542245,248
equal_weight,LSTM+TCN,2,covid,US,extended,static,LSTM:L252|TCN:L60,Pre-crash,0.08795336921299382,0.07281621299999999,0.020447062442854186,0.18258179780794923,35
equal_weight,LSTM+TCN,2,covid,US,extended,static,LSTM:L252|TCN:L60,Crash,1.1814358827244338,0.8495756357142857,0.053269940082047565,0.3289238590353637,21
equal_weight,LSTM+TCN,2,covid,US,extended,static,LSTM:L252|TCN:L60,Recovery,0.21432246434053268,0.16353724919270832,0.025735653937560818,0.21427805916352277,192
equal_weight,LSTM+TST,2,covid,US,extended,static,LSTM:L252|TST:L252,Full Test,0.4275607302367528,0.20926835963709678,0.024855204206815126,0.3729318416921501,248
equal_weight,LSTM+TST,2,covid,US,extended,static,LSTM:L252|TST:L252,Pre-crash,0.07827187861025418,0.05841670114285714,0.013937241869099453,0.1624840576585267,35
equal_weight,LSTM+TST,2,covid,US,extended,static,LSTM:L252|TST:L252,Crash,1.3119724829133523,0.929340992857143,0.06437527896074786,0.36526658648027766,21
equal_weight,LSTM+TST,2,covid,US,extended,static,LSTM:L252|TST:L252,Recovery,0.21620897244917694,0.158009415625,0.02252294958174982,0.21616417640914318,192
equal_weight,1DCNN+TCN,2,covid,US,extended,static,1DCNN:L22|TCN:L60,Full Test,0.4154092778310482,0.22444005066532255,0.034022290265926125,0.3623329648439779,248
equal_weight,1DCNN+TCN,2,covid,US,extended,static,1DCNN:L22|TCN:L60,Pre-crash,0.1040401468446535,0.08458352828571429,0.024922781812099507,0.21597622950745946,35
equal_weight,1DCNN+TCN,2,covid,US,extended,static,1DCNN:L22|TCN:L60,Crash,1.2249520021507112,0.8583155726190475,0.06550462401673282,0.3410391927079177,21
equal_weight,1DCNN+TCN,2,covid,US,extended,static,1DCNN:L22|TCN:L60,Recovery,0.23833820733292704,0.18060459401041665,0.03223767457382712,0.2382888263671127,192
equal_weight,1DCNN+TST,2,covid,US,extended,static,1DCNN:L22|TST:L252,Full Test,0.4478984520280261,0.23154062909274195,0.03140853665842935,0.39067103873964865,248
equal_weight,1DCNN+TST,2,covid,US,extended,static,1DCNN:L22|TST:L252,Pre-crash,0.09371921735935965,0.06768358128571429,0.01891921772915479,0.19455108255361622,35
equal_weight,1DCNN+TST,2,covid,US,extended,static,1DCNN:L22|TST:L252,Crash,1.340189092538224,0.9681091630952382,0.07316060557703413,0.37312237980975116,21
equal_weight,1DCNN+TST,2,covid,US,extended,static,1DCNN:L22|TST:L252,Recovery,0.2471332688835844,0.18084822002604165,0.02911860288360596,0.2470820656810476,192
equal_weight,TCN+TST,2,covid,US,extended,static,TCN:L60|TST:L252,Full Test,0.3850326444113075,0.20403195568548385,0.023917950608074574,0.33583751508796705,248
equal_weight,TCN+TST,2,covid,US,extended,static,TCN:L60|TST:L252,Pre-crash,0.08180341063342146,0.06126521500000001,0.015348398791073135,0.1698151408401698,35
equal_weight,TCN+TST,2,covid,US,extended,static,TCN:L60|TST:L252,Crash,1.1437079742083271,0.7943535666666667,0.04919570134282598,0.31842002260724206,21
equal_weight,TCN+TST,2,covid,US,extended,static,TCN:L60|TST:L252,Recovery,0.21725554480541845,0.16549071658854167,0.022715354504768692,0.21721053192749568,192
equal_weight,LSTM+1DCNN+TCN,3,covid,US,extended,static,LSTM:L252|1DCNN:L22|TCN:L60,Full Test,0.4078482744175446,0.2144670544623656,0.03024391131485908,0.35573802118187603,248
equal_weight,LSTM+1DCNN+TCN,3,covid,US,extended,static,LSTM:L252|1DCNN:L22|TCN:L60,Pre-crash,0.09538871209557387,0.07811640790476193,0.02184547257629385,0.19801677526210962,35
equal_weight,LSTM+1DCNN+TCN,3,covid,US,extended,static,LSTM:L252|1DCNN:L22|TCN:L60,Crash,1.2287447559912537,0.880433676984127,0.06079594558767141,0.3420951342514618,21
equal_weight,LSTM+1DCNN+TCN,3,covid,US,extended,static,LSTM:L252|1DCNN:L22|TCN:L60,Recovery,0.21922948521138644,0.16648254173611113,0.028433247961321188,0.2191840633554622,192
equal_weight,LSTM+1DCNN+TST,3,covid,US,extended,static,LSTM:L252|1DCNN:L22|TST:L252,Full Test,0.43332983633448324,0.2181648189247312,0.028632058388466025,0.3779638364704187,248
equal_weight,LSTM+1DCNN+TST,3,covid,US,extended,static,LSTM:L252|1DCNN:L22|TST:L252,Pre-crash,0.08742429909720152,0.06682737695238095,0.016791661537513162,0.18148350477185315,35
equal_weight,LSTM+1DCNN+TST,3,covid,US,extended,static,LSTM:L252|1DCNN:L22|TST:L252,Crash,1.3176009233790182,0.9445626230158728,0.06755603829988213,0.3668336019953714,21
equal_weight,LSTM+1DCNN+TST,3,covid,US,extended,static,LSTM:L252|1DCNN:L22|TST:L252,Recovery,0.22642046902883703,0.16630261362847223,0.026533153761609835,0.22637355728285263,192
equal_weight,LSTM+TCN+TST,3,covid,US,extended,static,LSTM:L252|TCN:L60|TST:L252,Full Test,0.39477244957436214,0.20168480189516128,0.02350201865965593,0.34433287778221955,248
equal_weight,LSTM+TCN+TST,3,covid,US,extended,static,LSTM:L252|TCN:L60|TST:L252,Pre-crash,0.07887048889539695,0.06067728076190476,0.014532389141110835,0.16372670865672803,35
equal_weight,LSTM+TCN+TST,3,covid,US,extended,static,LSTM:L252|TCN:L60|TST:L252,Crash,1.197599645615668,0.8399269619047617,0.05271382064404586,0.33342401629692997,21
equal_weight,LSTM+TCN+TST,3,covid,US,extended,static,LSTM:L252|TCN:L60|TST:L252,Recovery,0.20807611583620472,0.15758156168402776,0.021942066531931398,0.20803300483156192,192
equal_weight,1DCNN+TCN+TST,3,covid,US,extended,static,1DCNN:L22|TCN:L60|TST:L252,Full Test,0.40877269334097444,0.21414180943548386,0.027315050034492024,0.35654432827986154,248
equal_weight,1DCNN+TCN+TST,3,covid,US,extended,static,1DCNN:L22|TCN:L60|TST:L252,Pre-crash,0.08956991175077526,0.06809606314285716,0.017499446157865802,0.18593756740975267,35
equal_weight,1DCNN+TCN+TST,3,covid,US,extended,static,1DCNN:L22|TCN:L60|TST:L252,Crash,1.2216859671755247,0.8668576341269839,0.06004805700804271,0.34012989509516406,21
equal_weight,1DCNN+TCN+TST,3,covid,US,extended,static,1DCNN:L22|TCN:L60|TST:L252,Recovery,0.22610772353402747,0.16937393861111114,0.025524180186769913,0.2260608765853526,192
equal_weight,LSTM+1DCNN+TCN+TST,4,covid,US,extended,static,LSTM:L252|1DCNN:L22|TCN:L60|TST:L252,Full Test,0.4072581040604061,0.20948896617943547,0.026291434404502847,0.355223256137673,248
equal_weight,LSTM+1DCNN+TCN+TST,4,covid,US,extended,static,LSTM:L252|1DCNN:L22|TCN:L60|TST:L252,Pre-crash,0.08635249192823478,0.06710738071428572,0.016709095930732946,0.17925854759779092,35
equal_weight,LSTM+1DCNN+TCN+TST,4,covid,US,extended,static,LSTM:L252|1DCNN:L22|TCN:L60|TST:L252,Crash,1.2330771627475592,0.8813626398809524,0.058753975542410644,0.34330132069799896,21
equal_weight,LSTM+1DCNN+TCN+TST,4,covid,US,extended,static,LSTM:L252|1DCNN:L22|TCN:L60|TST:L252,Recovery,0.21580784613206416,0.16195775963541667,0.02448762441849182,0.2157631332008411,192
equal_weight,LSTM+1DCNN,2,covid,US,momentum,expanding,LSTM:L60|1DCNN:L22,Full Test,0.320711048471111,0.17831728018579945,0.018613506618102047,0.2797342078564411,248
equal_weight,LSTM+1DCNN,2,covid,US,momentum,expanding,LSTM:L60|1DCNN:L22,Pre-crash,0.09754395252198139,0.07576630115509034,0.022387081175062377,0.20249082365735588,35
equal_weight,LSTM+1DCNN,2,covid,US,momentum,expanding,LSTM:L60|1DCNN:L22,Crash,0.9306130791830955,0.6937120131083897,0.032011776203535555,0.259092220625562,21
equal_weight,LSTM+1DCNN,2,covid,US,momentum,expanding,LSTM:L60|1DCNN:L22,Recovery,0.19078114424623172,0.1406401701581975,0.01646017968691603,0.19074161686419983,192
equal_weight,LSTM+TCN,2,covid,US,momentum,expanding,LSTM:L60|TCN:L22,Full Test,0.2934853603412361,0.1790956809756256,0.017713692911723526,0.25598711108923045,248
equal_weight,LSTM+TCN,2,covid,US,momentum,expanding,LSTM:L60|TCN:L22,Pre-crash,0.08623401727505549,0.06689103586333138,0.017844190499453162,0.1790126064593671,35
equal_weight,LSTM+TCN,2,covid,US,momentum,expanding,LSTM:L60|TCN:L22,Crash,0.734452385528485,0.6103584454173133,0.021862795828723827,0.20447907273918436,21
equal_weight,LSTM+TCN,2,covid,US,momentum,expanding,LSTM:L60|TCN:L22,Recovery,0.22561316601779588,0.15238028788007796,0.017236096157413405,0.22556642189200796,192
equal_weight,LSTM+TST,2,covid,US,momentum,expanding,LSTM:L60|TST:L22,Full Test,0.3990688438231037,0.19522235092923043,0.019821000169760995,0.348080327881493,248
equal_weight,LSTM+TST,2,covid,US,momentum,expanding,LSTM:L60|TST:L22,Pre-crash,0.07761691027731943,0.06282903711972374,0.015982752725515775,0.16112441299989114,35
equal_weight,LSTM+TST,2,covid,US,momentum,expanding,LSTM:L60|TST:L22,Crash,1.1910541923947982,0.7934201154215857,0.050919620921636384,0.33160169623216607,21
equal_weight,LSTM+TST,2,covid,US,momentum,expanding,LSTM:L60|TST:L22,Recovery,0.22236663024201067,0.15392866826773702,0.01711926904871516,0.22232055875638534,192
equal_weight,1DCNN+TCN,2,covid,US,momentum,expanding,1DCNN:L22|TCN:L22,Full Test,0.3693167662427969,0.18140661235778563,0.01791277671405113,0.32212963521379034,248
equal_weight,1DCNN+TCN,2,covid,US,momentum,expanding,1DCNN:L22|TCN:L22,Pre-crash,0.09453935940939867,0.07214065492153168,0.02078852770902427,0.19625360937198036,35
equal_weight,1DCNN+TCN,2,covid,US,momentum,expanding,1DCNN:L22|TCN:L22,Crash,1.0886056036121912,0.7014310842468625,0.02910717957683804,0.3030789589513393,21
equal_weight,1DCNN+TCN,2,covid,US,momentum,expanding,1DCNN:L22|TCN:L22,Recovery,0.21196997844263055,0.14444720923590162,0.016164163459141834,0.21192606100859743,192
equal_weight,1DCNN+TST,2,covid,US,momentum,expanding,1DCNN:L22|TST:L22,Full Test,0.3145618674738168,0.18567546609102234,0.018503245671374405,0.27437069985307116,248
equal_weight,1DCNN+TST,2,covid,US,momentum,expanding,1DCNN:L22|TST:L22,Pre-crash,0.08892475440668371,0.0720814709920807,0.020352461365058045,0.18459828926124092,35
equal_weight,1DCNN+TST,2,covid,US,momentum,expanding,1DCNN:L22|TST:L22,Crash,0.8845009053952367,0.7159909831159682,0.02743470677002368,0.24625411876366285,21
equal_weight,1DCNN+TST,2,covid,US,momentum,expanding,1DCNN:L22|TST:L22,Recovery,0.20198814524763847,0.14837944510633014,0.017189270502881895,0.2019462959201556,192
equal_weight,TCN+TST,2,covid,US,momentum,expanding,TCN:L22|TST:L22,Full Test,0.29355616038008664,0.17446551328661486,0.01676243975786307,0.2560488650976392,248
equal_weight,TCN+TST,2,covid,US,momentum,expanding,TCN:L22|TST:L22,Pre-crash,0.07645750032780245,0.0631289349874442,0.015524523815378595,0.15871760181822078,35
equal_weight,TCN+TST,2,covid,US,momentum,expanding,TCN:L22|TST:L22,Crash,0.715503859227584,0.5617851609322684,0.02128435613546205,0.1992036087824647,21
equal_weight,TCN+TST,2,covid,US,momentum,expanding,TCN:L22|TST:L22,Recovery,0.23291620379627379,0.1523981572444912,0.016493516914411917,0.23286794657564933,192
equal_weight,LSTM+1DCNN+TCN,3,covid,US,momentum,expanding,LSTM:L60|1DCNN:L22|TCN:L22,Full Test,0.2833639231451122,0.17035110264776215,0.016879036185172804,0.24715887698278532,248
equal_weight,LSTM+1DCNN+TCN,3,covid,US,momentum,expanding,LSTM:L60|1DCNN:L22|TCN:L22,Pre-crash,0.09174163098267898,0.06984160954043979,0.019694629594064938,0.19044582407264668,35
equal_weight,LSTM+1DCNN+TCN,3,covid,US,momentum,expanding,LSTM:L60|1DCNN:L22|TCN:L22,Crash,0.7479532282656267,0.5895043100629535,0.021870002239650934,0.20823784574950258,21
equal_weight,LSTM+1DCNN+TCN,3,covid,US,momentum,expanding,LSTM:L60|1DCNN:L22|TCN:L22,Recovery,0.20246520925541112,0.14282826360108125,0.015819890057801628,0.2024232610864449,192
equal_weight,LSTM+1DCNN+TST,3,covid,US,momentum,expanding,LSTM:L60|1DCNN:L22|TST:L22,Full Test,0.3322191246863671,0.1824842335733912,0.018156606143710213,0.28977191188744583,248
equal_weight,LSTM+1DCNN+TST,3,covid,US,momentum,expanding,LSTM:L60|1DCNN:L22|TST:L22,Pre-crash,0.08713637175987274,0.06966214619887326,0.01897404422955045,0.1808857979606073,35
equal_weight,LSTM+1DCNN+TST,3,covid,US,momentum,expanding,LSTM:L60|1DCNN:L22|TST:L22,Crash,0.9596120989395651,0.7085485788161989,0.031984502561952975,0.26716584498431656,21
equal_weight,LSTM+1DCNN+TST,3,covid,US,momentum,expanding,LSTM:L60|1DCNN:L22|TST:L22,Recovery,0.2011417729728171,0.14551247215677224,0.016495167821900285,0.2011000990027071,192
equal_weight,LSTM+TCN+TST,3,covid,US,momentum,expanding,LSTM:L60|TCN:L22|TST:L22,Full Test,0.2811683529183101,0.1719434701283726,0.01652109104195604,0.2452438319566923,248
equal_weight,LSTM+TCN+TST,3,covid,US,momentum,expanding,LSTM:L60|TCN:L22|TST:L22,Pre-crash,0.07905265579744872,0.06395275741990043,0.015932567056976765,0.16410486730194357,35
equal_weight,LSTM+TCN+TST,3,covid,US,momentum,expanding,LSTM:L60|TCN:L22|TST:L22,Crash,0.693105407935562,0.5690836350812395,0.020130109538687022,0.1929676503442729,21
equal_weight,LSTM+TCN+TST,3,covid,US,momentum,expanding,LSTM:L60|TCN:L22|TST:L22,Recovery,0.22007072567026661,0.14819207159080136,0.016233637661971265,0.2200251298663313,192
equal_weight,1DCNN+TCN+TST,3,covid,US,momentum,expanding,1DCNN:L22|TCN:L22|TST:L22,Full Test,0.28373080613116314,0.1697228066122108,0.016530615994623316,0.2474788837987906,248
equal_weight,1DCNN+TCN+TST,3,covid,US,momentum,expanding,1DCNN:L22|TCN:L22|TST:L22,Pre-crash,0.08515309989961523,0.06738631682724545,0.017976419738251925,0.17676873747518662,35
equal_weight,1DCNN+TCN+TST,3,covid,US,momentum,expanding,1DCNN:L22|TCN:L22|TST:L22,Crash,0.7391191284978449,0.5830119840732876,0.021165282314536717,0.20577834181896298,21
equal_weight,1DCNN+TCN+TST,3,covid,US,momentum,expanding,1DCNN:L22|TCN:L22|TST:L22,Recovery,0.20714780191750273,0.14317439211112318,0.015760141391783822,0.2071048835759873,192
equal_weight,LSTM+1DCNN+TCN+TST,4,covid,US,momentum,expanding,LSTM:L60|1DCNN:L22|TCN:L22|TST:L22,Full Test,0.2748092050938517,0.16652076888746817,0.016446631075305574,0.2396971843192096,248
equal_weight,LSTM+1DCNN+TCN+TST,4,covid,US,momentum,expanding,LSTM:L60|1DCNN:L22|TCN:L22|TST:L22,Pre-crash,0.0852089814929083,0.06692703643006462,0.01780407335094783,0.17688474169236912,35
equal_weight,LSTM+1DCNN+TCN+TST,4,covid,US,momentum,expanding,LSTM:L60|1DCNN:L22|TCN:L22|TST:L22,Crash,0.7058090120478889,0.5493315282359896,0.020558167789990252,0.1965044639492354,21
equal_weight,LSTM+1DCNN+TCN+TST,4,covid,US,momentum,expanding,LSTM:L60|1DCNN:L22|TCN:L22|TST:L22,Recovery,0.204294658558399,0.14280594956293782,0.015749481332306317,0.2042523313512328,192
equal_weight,LSTM+1DCNN,2,covid,US,momentum,static,LSTM:L60|1DCNN:L22,Full Test,0.39067866924079686,0.1960124931451613,0.022208068990251337,0.3407621545344736,248
equal_weight,LSTM+1DCNN,2,covid,US,momentum,static,LSTM:L60|1DCNN:L22,Pre-crash,0.09727922120417823,0.07848012700000001,0.022483548310729556,0.2019412701951621,35
equal_weight,LSTM+1DCNN,2,covid,US,momentum,static,LSTM:L60|1DCNN:L22,Crash,1.2028936550758744,0.8819891476190478,0.061005597401083037,0.3348979227923085,21
equal_weight,LSTM+1DCNN,2,covid,US,momentum,static,LSTM:L60|1DCNN:L22,Recovery,0.19277261959459427,0.14240896747395834,0.017914371735854445,0.19273267930031807,192
equal_weight,LSTM+TCN,2,covid,US,momentum,static,LSTM:L60|TCN:L22,Full Test,0.39165753961384386,0.19404677165322584,0.02041882966826761,0.34161595588988847,248
equal_weight,LSTM+TCN,2,covid,US,momentum,static,LSTM:L60|TCN:L22,Pre-crash,0.09312441007308415,0.07597687842857143,0.02407487162862686,0.19331632617476222,35
equal_weight,LSTM+TCN,2,covid,US,momentum,static,LSTM:L60|TCN:L22,Crash,1.1981996270815,0.8538674547619048,0.0553863836880832,0.3335910572866078,21
equal_weight,LSTM+TCN,2,covid,US,momentum,static,LSTM:L60|TCN:L22,Recovery,0.19881499334357386,0.14340204205729168,0.015927787464993126,0.19877380113817994,192
equal_weight,LSTM+TST,2,covid,US,momentum,static,LSTM:L60|TST:L22,Full Test,0.3964486982217934,0.19278585985887098,0.020783866622857358,0.3457949542803918,248
equal_weight,LSTM+TST,2,covid,US,momentum,static,LSTM:L60|TST:L22,Pre-crash,0.07940038335628634,0.05915748185714287,0.015061807986610562,0.16482671294517504,35
equal_weight,LSTM+TST,2,covid,US,momentum,static,LSTM:L60|TST:L22,Crash,1.218185591183544,0.8512889047619048,0.05381832915783465,0.33915535454142537,21
equal_weight,LSTM+TST,2,covid,US,momentum,static,LSTM:L60|TST:L22,Recovery,0.1988822395914716,0.1451214290625,0.018213805888660034,0.19884103345341997,192
equal_weight,1DCNN+TCN,2,covid,US,momentum,static,1DCNN:L22|TCN:L22,Full Test,0.3847711866273348,0.1957746552419355,0.021925745866171322,0.33560946343119374,248
equal_weight,1DCNN+TCN,2,covid,US,momentum,static,1DCNN:L22|TCN:L22,Pre-crash,0.10112155839131753,0.08242233657142857,0.025134271417405783,0.20991755169170528,35
equal_weight,1DCNN+TCN,2,covid,US,momentum,static,1DCNN:L22|TCN:L22,Crash,1.1618113770774958,0.8488492071428573,0.061790934262348225,0.32346019551926436,21
equal_weight,1DCNN+TCN,2,covid,US,momentum,static,1DCNN:L22|TCN:L22,Recovery,0.20428106472113944,0.14500780921875,0.016980603415062353,0.20423874000792458,192
equal_weight,1DCNN+TST,2,covid,US,momentum,static,1DCNN:L22|TST:L22,Full Test,0.39256098339391643,0.20662595643145157,0.02353888523061652,0.34240396781180005,248
equal_weight,1DCNN+TST,2,covid,US,momentum,static,1DCNN:L22|TST:L22,Pre-crash,0.08790871011060614,0.06402768371428572,0.01711687910932154,0.18248909028263902,35
equal_weight,1DCNN+TST,2,covid,US,momentum,static,1DCNN:L22|TST:L22,Crash,1.1674887246966097,0.8698057809523808,0.05545481016218721,0.3250408272871584,21
equal_weight,1DCNN+TST,2,covid,US,momentum,static,1DCNN:L22|TST:L22,Recovery,0.2203656626791425,0.160085139921875,0.021218759140420377,0.2203200054201693,192
equal_weight,TCN+TST,2,covid,US,momentum,static,TCN:L22|TST:L22,Full Test,0.3849474095064846,0.19070564231854836,0.019547505808373663,0.3357631705380958,248
equal_weight,TCN+TST,2,covid,US,momentum,static,TCN:L22|TST:L22,Pre-crash,0.08173620109080815,0.06352070285714286,0.015486050907111583,0.1696756210101736,35
equal_weight,TCN+TST,2,covid,US,momentum,static,TCN:L22|TST:L22,Crash,1.1643329132895919,0.8229799880952381,0.049979429722173195,0.32416221704553405,21
equal_weight,TCN+TST,2,covid,US,momentum,static,TCN:L22|TST:L22,Recovery,0.204720795421806,0.14473539033854166,0.016959383513344407,0.20467837960139124,192
equal_weight,LSTM+1DCNN+TCN,3,covid,US,momentum,static,LSTM:L60|1DCNN:L22|TCN:L22,Full Test,0.3820540191278703,0.19059305486559136,0.020589966975507936,0.33323946495355,248
equal_weight,LSTM+1DCNN+TCN,3,covid,US,momentum,static,LSTM:L60|1DCNN:L22|TCN:L22,Pre-crash,0.09623940726030387,0.07749310352380952,0.023192797960565073,0.19978272753832996,35
equal_weight,LSTM+1DCNN+TCN,3,covid,US,momentum,static,LSTM:L60|1DCNN:L22|TCN:L22,Crash,1.1720385082867968,0.8448703174603174,0.05648394095761047,0.32630753367228105,21
equal_weight,LSTM+1DCNN+TCN,3,covid,US,momentum,static,LSTM:L60|1DCNN:L22|TCN:L22,Recovery,0.19132293611934517,0.13964865789930556,0.016189589172897766,0.19128329618299703,192
equal_weight,LSTM+1DCNN+TST,3,covid,US,momentum,static,LSTM:L60|1DCNN:L22|TST:L22,Full Test,0.38785707671998465,0.1952169470564516,0.02129398270283803,0.3383010732871181,248
equal_weight,LSTM+1DCNN+TST,3,covid,US,momentum,static,LSTM:L60|1DCNN:L22|TST:L22,Pre-crash,0.08649845421721018,0.06481811514285717,0.01697673272796077,0.17956154971552393,35
equal_weight,LSTM+1DCNN+TST,3,covid,US,momentum,static,LSTM:L60|1DCNN:L22|TST:L22,Crash,1.18477447762298,0.8620519603174602,0.054316507757940315,0.3298533580744933,21
equal_weight,LSTM+1DCNN+TST,3,covid,US,momentum,static,LSTM:L60|1DCNN:L22|TST:L22,Recovery,0.1985368426764566,0.14605248788194444,0.01846914271827322,0.19849570810071737,192
equal_weight,LSTM+TCN+TST,3,covid,US,momentum,static,LSTM:L60|TCN:L22|TST:L22,Full Test,0.38725907069715054,0.18947603149193548,0.019353811058227883,0.33777947373022,248
equal_weight,LSTM+TCN+TST,3,covid,US,momentum,static,LSTM:L60|TCN:L22|TST:L22,Pre-crash,0.08271015826250058,0.06486302695238093,0.01635577728230173,0.17169745204389916,35
equal_weight,LSTM+TCN+TST,3,covid,US,momentum,static,LSTM:L60|TCN:L22|TST:L22,Crash,1.1861465302582062,0.8307469999999998,0.051562244147853986,0.330235351591177,21
equal_weight,LSTM+TCN+TST,3,covid,US,momentum,static,LSTM:L60|TCN:L22|TST:L22,Recovery,0.196415911923873,0.14205293159722224,0.016377530262786568,0.19637521678086325,192
equal_weight,1DCNN+TCN+TST,3,covid,US,momentum,static,1DCNN:L22|TCN:L22|TST:L22,Full Test,0.3817592144379605,0.1943520373521505,0.020619522361264193,0.33298232708243014,248
equal_weight,1DCNN+TCN+TST,3,covid,US,momentum,static,1DCNN:L22|TCN:L22|TST:L22,Pre-crash,0.08790784097005618,0.06818884133333333,0.017365798332698704,0.1824872860397137,35
equal_weight,1DCNN+TCN+TST,3,covid,US,momentum,static,1DCNN:L22|TCN:L22|TST:L22,Crash,1.1518234284620485,0.8343714603174602,0.05355055771553503,0.3206794482519104,21
equal_weight,1DCNN+TCN+TST,3,covid,US,momentum,static,1DCNN:L22|TCN:L22|TST:L22,Recovery,0.20428266570413015,0.1473484122395833,0.017610817145431404,0.20424034065920982,192
equal_weight,LSTM+1DCNN+TCN+TST,4,covid,US,momentum,static,LSTM:L60|1DCNN:L22|TCN:L22|TST:L22,Full Test,0.3819851435854802,0.19007927261088706,0.019991071556104145,0.333179389551263,248
equal_weight,LSTM+1DCNN+TCN+TST,4,covid,US,momentum,static,LSTM:L60|1DCNN:L22|TCN:L22|TST:L22,Pre-crash,0.08748014107022341,0.06811065749999999,0.017748613212831835,0.1815994267418551,35
equal_weight,LSTM+1DCNN+TCN+TST,4,covid,US,momentum,static,LSTM:L60|1DCNN:L22|TCN:L22|TST:L22,Crash,1.1677759122399827,0.8374146749999999,0.05283938699000586,0.32512078324280047,21
equal_weight,LSTM+1DCNN+TCN+TST,4,covid,US,momentum,static,LSTM:L60|1DCNN:L22|TCN:L22|TST:L22,Recovery,0.1947324265570932,0.14151082510416665,0.016807068524346828,0.19469208021310427,192
equal_weight,LSTM+1DCNN,2,gfc,JP,core,expanding,LSTM:L252|1DCNN:L60,Full Test,0.27780406118447304,0.17730322098120666,0.013471720218881315,0.20433378710879652,468
equal_weight,LSTM+1DCNN,2,gfc,JP,core,expanding,LSTM:L252|1DCNN:L60,Pre-Lehman,0.191160147351698,0.13917353297398838,0.013638856098427247,0.177571120611453,277
equal_weight,LSTM+1DCNN,2,gfc,JP,core,expanding,LSTM:L252|1DCNN:L60,Lehman Crisis,0.45704373847846896,0.3006548107716075,0.01597801865326469,0.21484286714319265,114
equal_weight,LSTM+1DCNN,2,gfc,JP,core,expanding,LSTM:L252|1DCNN:L60,Recovery,0.1683538169476093,0.13184662801878796,0.009159841515583557,0.1356564505455251,77
equal_weight,LSTM+TCN,2,gfc,JP,core,expanding,LSTM:L252|TCN:L252,Full Test,0.26359251517766663,0.17279362372862986,0.012813917627584001,0.19388073972043116,468
equal_weight,LSTM+TCN,2,gfc,JP,core,expanding,LSTM:L252|TCN:L252,Pre-Lehman,0.1865542272125735,0.13818337362165486,0.013216834397004686,0.17329262212794608,277
equal_weight,LSTM+TCN,2,gfc,JP,core,expanding,LSTM:L252|TCN:L252,Lehman Crisis,0.42871406346227686,0.2923944812071951,0.015010723690217028,0.20152591715942145,114
equal_weight,LSTM+TCN,2,gfc,JP,core,expanding,LSTM:L252|TCN:L252,Recovery,0.15807742672360428,0.12022922797636552,0.008112049624081482,0.1273759217907593,77
equal_weight,LSTM+TST,2,gfc,JP,core,expanding,LSTM:L252|TST:L252,Full Test,0.40008224022617317,0.21166040308933684,0.018446518550982515,0.2942733052635244,468
equal_weight,LSTM+TST,2,gfc,JP,core,expanding,LSTM:L252|TST:L252,Pre-Lehman,0.1887935134930091,0.14108977613403845,0.01317625592263726,0.17537272396766287,277
equal_weight,LSTM+TST,2,gfc,JP,core,expanding,LSTM:L252|TST:L252,Lehman Crisis,0.7422907613945536,0.4376209755701567,0.03760112974252337,0.3489291330471257,114
equal_weight,LSTM+TST,2,gfc,JP,core,expanding,LSTM:L252|TST:L252,Recovery,0.1699575953347934,0.13099233041146913,0.009047000008332891,0.1369487460658264,77
equal_weight,1DCNN+TCN,2,gfc,JP,core,expanding,1DCNN:L60|TCN:L252,Full Test,0.31254932452828726,0.18781246143019098,0.013685104425813673,0.2298900414445442,468
equal_weight,1DCNN+TCN,2,gfc,JP,core,expanding,1DCNN:L60|TCN:L252,Pre-Lehman,0.19054935750100752,0.1392211895772266,0.013694651062795491,0.17700375005986166,277
equal_weight,1DCNN+TCN,2,gfc,JP,core,expanding,1DCNN:L60|TCN:L252,Lehman Crisis,0.5430438720081031,0.3457613367783396,0.01685159252971308,0.2552690095594823,114
equal_weight,1DCNN+TCN,2,gfc,JP,core,expanding,1DCNN:L60|TCN:L252,Recovery,0.16283713663560084,0.12876844212606356,0.00896271400648254,0.13121120966242508,77
equal_weight,1DCNN+TST,2,gfc,JP,core,expanding,1DCNN:L60|TST:L252,Full Test,0.29057679289533594,0.18461721494938188,0.014027366448778866,0.21372854048668957,468
equal_weight,1DCNN+TST,2,gfc,JP,core,expanding,1DCNN:L60|TST:L252,Pre-Lehman,0.19238366473138116,0.14198432169390626,0.013591002344331088,0.17870766164894344,277
equal_weight,1DCNN+TST,2,gfc,JP,core,expanding,1DCNN:L60|TST:L252,Lehman Crisis,0.48657164288554805,0.3182490700636948,0.017817734311124035,0.22872306964780664,114
equal_weight,1DCNN+TST,2,gfc,JP,core,expanding,1DCNN:L60|TST:L252,Recovery,0.17183569927554637,0.1401403311667207,0.009985430352995555,0.13846208813895206,77
equal_weight,TCN+TST,2,gfc,JP,core,expanding,TCN:L252|TST:L252,Full Test,0.2698804398527467,0.17944023090567565,0.013169747102766263,0.19850570976743406,468
equal_weight,TCN+TST,2,gfc,JP,core,expanding,TCN:L252|TST:L252,Pre-Lehman,0.18733763046952198,0.14076869754297056,0.013201373528865907,0.17402033549369836,277
equal_weight,TCN+TST,2,gfc,JP,core,expanding,TCN:L252|TST:L252,Lehman Crisis,0.44232114162638314,0.308921895037534,0.015980528312518706,0.20792220582962678,114
equal_weight,TCN+TST,2,gfc,JP,core,expanding,TCN:L252|TST:L252,Recovery,0.16363159071993713,0.1268571793529154,0.00889455777885224,0.13185136634646388,77
equal_weight,LSTM+1DCNN+TCN,3,gfc,JP,core,expanding,LSTM:L252|1DCNN:L60|TCN:L252,Full Test,0.25987762571639117,0.17180572441670292,0.012723963440415039,0.19114831950642674,468
equal_weight,LSTM+1DCNN+TCN,3,gfc,JP,core,expanding,LSTM:L252|1DCNN:L60|TCN:L252,Pre-Lehman,0.1880694620789454,0.13783787870521866,0.013310629226560431,0.1747001432924709,277
equal_weight,LSTM+1DCNN+TCN,3,gfc,JP,core,expanding,LSTM:L252|1DCNN:L60|TCN:L252,Lehman Crisis,0.4168526624288794,0.2858332200357091,0.014144639091024633,0.195950220148816,114
equal_weight,LSTM+1DCNN+TCN,3,gfc,JP,core,expanding,LSTM:L252|1DCNN:L60|TCN:L252,Recovery,0.16117111355583116,0.12518181222857855,0.008510152441301181,0.12986875849840537,77
equal_weight,LSTM+1DCNN+TST,3,gfc,JP,core,expanding,LSTM:L252|1DCNN:L60|TST:L252,Full Test,0.311252022197967,0.18636130841154427,0.01414516685563736,0.22893583401845702,468
equal_weight,LSTM+1DCNN+TST,3,gfc,JP,core,expanding,LSTM:L252|1DCNN:L60|TST:L252,Pre-Lehman,0.1893211124215725,0.13932001817968007,0.01324798859578612,0.17586281740123846,277
equal_weight,LSTM+1DCNN+TST,3,gfc,JP,core,expanding,LSTM:L252|1DCNN:L60|TST:L252,Lehman Crisis,0.5401549900336866,0.33768692289629937,0.01975123207776572,0.25391103080609617,114
equal_weight,LSTM+1DCNN+TST,3,gfc,JP,core,expanding,LSTM:L252|1DCNN:L60|TST:L252,Recovery,0.16705887086753143,0.13154724793056138,0.009072789487535546,0.13461300649384747,77
equal_weight,LSTM+TCN+TST,3,gfc,JP,core,expanding,LSTM:L252|TCN:L252|TST:L252,Full Test,0.2872651755393662,0.17975378565655667,0.013246880021954545,0.21129273982590951,468
equal_weight,LSTM+TCN+TST,3,gfc,JP,core,expanding,LSTM:L252|TCN:L252|TST:L252,Pre-Lehman,0.18619241405960177,0.13858713178884183,0.012974169102367481,0.17295652923455157,277
equal_weight,LSTM+TCN+TST,3,gfc,JP,core,expanding,LSTM:L252|TCN:L252|TST:L252,Lehman Crisis,0.4868915871732799,0.31781972791342045,0.017212280543866802,0.22887346608104786,114
equal_weight,LSTM+TCN+TST,3,gfc,JP,core,expanding,LSTM:L252|TCN:L252|TST:L252,Recovery,0.16083388870933588,0.12343749609908328,0.008357078271663878,0.12959702883678714,77
equal_weight,1DCNN+TCN+TST,3,gfc,JP,core,expanding,1DCNN:L60|TCN:L252|TST:L252,Full Test,0.26068721183268295,0.174364062817529,0.012821698020467547,0.19174379603195799,468
equal_weight,1DCNN+TCN+TST,3,gfc,JP,core,expanding,1DCNN:L60|TCN:L252|TST:L252,Pre-Lehman,0.18838555763529333,0.13942252352527199,0.01322275167501615,0.17499376852209442,277
equal_weight,1DCNN+TCN+TST,3,gfc,JP,core,expanding,1DCNN:L60|TCN:L252|TST:L252,Lehman Crisis,0.4182636850913008,0.29010060572122054,0.014505690964489103,0.1966135005503982,114
equal_weight,1DCNN+TCN+TST,3,gfc,JP,core,expanding,1DCNN:L60|TCN:L252|TST:L252,Recovery,0.16237286506431814,0.12871264064784527,0.008885762203215332,0.13083710805551585,77
equal_weight,LSTM+1DCNN+TCN+TST,4,gfc,JP,core,expanding,LSTM:L252|1DCNN:L60|TCN:L252|TST:L252,Full Test,0.26698011148845,0.17390199119878588,0.012782675437321284,0.19637242533664145,468
equal_weight,LSTM+1DCNN+TCN+TST,4,gfc,JP,core,expanding,LSTM:L252|1DCNN:L60|TCN:L252|TST:L252,Pre-Lehman,0.18725171021484024,0.1380255030920545,0.013074088134786933,0.17394052306355312,277
equal_weight,LSTM+1DCNN+TCN+TST,4,gfc,JP,core,expanding,LSTM:L252|1DCNN:L60|TCN:L252|TST:L252,Lehman Crisis,0.4356948254085799,0.2934455003139262,0.014937260770191038,0.20480736876924038,114
equal_weight,LSTM+1DCNN+TCN+TST,4,gfc,JP,core,expanding,LSTM:L252|1DCNN:L60|TCN:L252|TST:L252,Recovery,0.16137223087839758,0.12597766868500154,0.008544441084787045,0.13003081518721255,77
equal_weight,LSTM+1DCNN,2,gfc,JP,core,static,LSTM:L252|1DCNN:L60,Full Test,0.3339683128020079,0.20358630599358976,0.016933055096049372,0.24564439347017455,468
equal_weight,LSTM+1DCNN,2,gfc,JP,core,static,LSTM:L252|1DCNN:L60,Pre-Lehman,0.1960974135057025,0.14095337842960293,0.013979703779785885,0.1821574104963372,277
equal_weight,LSTM+1DCNN,2,gfc,JP,core,static,LSTM:L252|1DCNN:L60,Lehman Crisis,0.5799842736065177,0.3866391099122807,0.026847482297489334,0.2726336100253764,114
equal_weight,LSTM+1DCNN,2,gfc,JP,core,static,LSTM:L252|1DCNN:L60,Recovery,0.2038260572644837,0.1578889201298701,0.012878946182293929,0.16423933790298748,77
equal_weight,LSTM+TCN,2,gfc,JP,core,static,LSTM:L252|TCN:L252,Full Test,0.26927547326615314,0.17840419342948716,0.014321257653890914,0.19806073741514768,468
equal_weight,LSTM+TCN,2,gfc,JP,core,static,LSTM:L252|TCN:L252,Pre-Lehman,0.19703113093054284,0.14337000258122745,0.01489619675764887,0.1830247526259634,277
equal_weight,LSTM+TCN,2,gfc,JP,core,static,LSTM:L252|TCN:L252,Lehman Crisis,0.4269455261212373,0.2921793685087719,0.01568427920912484,0.20069457978025507,114
equal_weight,LSTM+TCN,2,gfc,JP,core,static,LSTM:L252|TCN:L252,Recovery,0.17657085182439877,0.1359899194805195,0.010234990263791932,0.14227758798756363,77
equal_weight,LSTM+TST,2,gfc,JP,core,static,LSTM:L252|TST:L252,Full Test,0.4082564280433683,0.21048339771367522,0.018929717456538278,0.30028568221221447,468
equal_weight,LSTM+TST,2,gfc,JP,core,static,LSTM:L252|TST:L252,Pre-Lehman,0.18983152754039403,0.14013542846570398,0.013171536042125044,0.17633694840302797,277
equal_weight,LSTM+TST,2,gfc,JP,core,static,LSTM:L252|TST:L252,Lehman Crisis,0.7605117191682674,0.43738639684210545,0.03983613182942439,0.35749427165350633,114
equal_weight,LSTM+TST,2,gfc,JP,core,static,LSTM:L252|TST:L252,Recovery,0.1645945260337824,0.1276190546103896,0.008691860486193467,0.13262728201216542,77
equal_weight,1DCNN+TCN,2,gfc,JP,core,static,1DCNN:L60|TCN:L252,Full Test,0.30105535252373117,0.1970342519871795,0.016155269155003763,0.22143585674693658,468
equal_weight,1DCNN+TCN,2,gfc,JP,core,static,1DCNN:L60|TCN:L252,Pre-Lehman,0.20243820995375378,0.1445271033935018,0.0149568093482597,0.18804745790090335,277
equal_weight,1DCNN+TCN,2,gfc,JP,core,static,1DCNN:L60|TCN:L252,Lehman Crisis,0.494066899037927,0.3502785456140351,0.02110648705037129,0.2322463701319909,114
equal_weight,1DCNN+TCN,2,gfc,JP,core,static,1DCNN:L60|TCN:L252,Recovery,0.20504748764636885,0.15904244272727272,0.01313623703027917,0.16522354433815933,77
equal_weight,1DCNN+TST,2,gfc,JP,core,static,1DCNN:L60|TST:L252,Full Test,0.3429087618650713,0.2011255963568376,0.016167268525098713,0.25222038018286963,468
equal_weight,1DCNN+TST,2,gfc,JP,core,static,1DCNN:L60|TST:L252,Pre-Lehman,0.18965406779184957,0.13785683844765342,0.013025200267850116,0.17617210375931597,277
equal_weight,1DCNN+TST,2,gfc,JP,core,static,1DCNN:L60|TST:L252,Lehman Crisis,0.610920081887383,0.394644942368421,0.02779897027277176,0.28717562689459114,114
equal_weight,1DCNN+TST,2,gfc,JP,core,static,1DCNN:L60|TST:L252,Recovery,0.18089468326173228,0.14221962876623376,0.01024959200591862,0.14576165289075851,77
equal_weight,TCN+TST,2,gfc,JP,core,static,TCN:L252|TST:L252,Full Test,0.2682756406695478,0.17669373795940171,0.013019793293399948,0.19732532850852355,468
equal_weight,TCN+TST,2,gfc,JP,core,static,TCN:L252|TST:L252,Pre-Lehman,0.18898847712807804,0.1384072636462094,0.013197369978670942,0.17555382802790437,277
equal_weight,TCN+TST,2,gfc,JP,core,static,TCN:L252|TST:L252,Lehman Crisis,0.43724732970134544,0.30358015710526315,0.015621880640431936,0.20553715573900028,114
equal_weight,TCN+TST,2,gfc,JP,core,static,TCN:L252|TST:L252,Recovery,0.16093013042264423,0.12656778474025976,0.008528537457273814,0.12967457853025974,77
equal_weight,LSTM+1DCNN+TCN,3,gfc,JP,core,static,LSTM:L252|1DCNN:L60|TCN:L252,Full Test,0.2785542988268013,0.18361409611823365,0.014837216233129407,0.2048856108824465,468
equal_weight,LSTM+1DCNN+TCN,3,gfc,JP,core,static,LSTM:L252|1DCNN:L60|TCN:L252,Pre-Lehman,0.19683734224226956,0.14141621531889292,0.014351804975361229,0.18284473982004074,277
equal_weight,LSTM+1DCNN+TCN,3,gfc,JP,core,static,LSTM:L252|1DCNN:L60|TCN:L252,Lehman Crisis,0.44670415988214907,0.30946298812865497,0.018163744778488627,0.20998253446549073,114
equal_weight,LSTM+1DCNN+TCN,3,gfc,JP,core,static,LSTM:L252|1DCNN:L60|TCN:L252,Recovery,0.19180805673685464,0.14909512588744586,0.011658445638724653,0.15455545118081868,77
equal_weight,LSTM+1DCNN+TST,3,gfc,JP,core,static,LSTM:L252|1DCNN:L60|TST:L252,Full Test,0.35314377239375955,0.2005751242877493,0.016113127293546525,0.2597485583276357,468
equal_weight,LSTM+1DCNN+TST,3,gfc,JP,core,static,LSTM:L252|1DCNN:L60|TST:L252,Pre-Lehman,0.18885571118923483,0.13743714545126354,0.013004188611007992,0.1754305000390776,277
equal_weight,LSTM+1DCNN+TST,3,gfc,JP,core,static,LSTM:L252|1DCNN:L60|TST:L252,Lehman Crisis,0.6359167263783148,0.3966710780701755,0.02799718595239421,0.29892581691906606,114
equal_weight,LSTM+1DCNN+TST,3,gfc,JP,core,static,LSTM:L252|1DCNN:L60|TST:L252,Recovery,0.17597376246863677,0.13738397372294373,0.00970265103321585,0.1417964642206842,77
equal_weight,LSTM+TCN+TST,3,gfc,JP,core,static,LSTM:L252|TCN:L252|TST:L252,Full Test,0.29265641621513144,0.1812837323931624,0.013608202362603685,0.2152581700136933,468
equal_weight,LSTM+TCN+TST,3,gfc,JP,core,static,LSTM:L252|TCN:L252|TST:L252,Pre-Lehman,0.18940179368157495,0.13845958403128758,0.01328901281494145,0.1759377630923925,277
equal_weight,LSTM+TCN+TST,3,gfc,JP,core,static,LSTM:L252|TCN:L252|TST:L252,Lehman Crisis,0.4963262388773264,0.3221514361403509,0.017746788625589767,0.23330841957836523,114
equal_weight,LSTM+TCN+TST,3,gfc,JP,core,static,LSTM:L252|TCN:L252|TST:L252,Recovery,0.16370698874017534,0.12678205536796536,0.008629198086266342,0.13191212056802737,77
equal_weight,1DCNN+TCN+TST,3,gfc,JP,core,static,1DCNN:L60|TCN:L252|TST:L252,Full Test,0.2751812531715265,0.17936954486467238,0.013664538905160254,0.20240462774010745,468
equal_weight,1DCNN+TCN+TST,3,gfc,JP,core,static,1DCNN:L60|TCN:L252|TST:L252,Pre-Lehman,0.19025596650462478,0.13731636813477738,0.013192677615936694,0.17673121521795346,277
equal_weight,1DCNN+TCN+TST,3,gfc,JP,core,static,1DCNN:L60|TCN:L252|TST:L252,Lehman Crisis,0.4496226261969531,0.31072800947368423,0.01749797783411747,0.21135441995161736,114
equal_weight,1DCNN+TCN+TST,3,gfc,JP,core,static,1DCNN:L60|TCN:L252|TST:L252,Recovery,0.1752997831457022,0.13617298627705626,0.009686532920923939,0.14125338391365827,77
equal_weight,LSTM+1DCNN+TCN+TST,4,gfc,JP,core,static,LSTM:L252|1DCNN:L60|TCN:L252|TST:L252,Full Test,0.2894865940028585,0.18186420738247863,0.013893375698202723,0.21292666422438897,468
equal_weight,LSTM+1DCNN+TCN+TST,4,gfc,JP,core,static,LSTM:L252|1DCNN:L60|TCN:L252|TST:L252,Pre-Lehman,0.18999781810188296,0.13795595428700363,0.013252084644466165,0.17649141784517552,277
equal_weight,LSTM+1DCNN+TCN+TST,4,gfc,JP,core,static,LSTM:L252|1DCNN:L60|TCN:L252|TST:L252,Lehman Crisis,0.48566142174685345,0.32054737583333337,0.018373478887251434,0.2282952015880548,114
equal_weight,LSTM+1DCNN+TCN+TST,4,gfc,JP,core,static,LSTM:L252|1DCNN:L60|TCN:L252|TST:L252,Recovery,0.17400008248195575,0.13449673860389605,0.0095674777544816,0.14020610870581376,77
equal_weight,LSTM+1DCNN,2,gfc,JP,extended,expanding,LSTM:L60|1DCNN:L60,Full Test,0.2884893013126367,0.18352749669908458,0.013698929709430447,0.21219312354990322,468
equal_weight,LSTM+1DCNN,2,gfc,JP,extended,expanding,LSTM:L60|1DCNN:L60,Pre-Lehman,0.18888037318520637,0.13806966409786514,0.013095803148428252,0.1754534090534044,277
equal_weight,LSTM+1DCNN,2,gfc,JP,extended,expanding,LSTM:L60|1DCNN:L60,Lehman Crisis,0.4850809603546571,0.327702999637838,0.017978853652272114,0.2280223434766024,114
equal_weight,LSTM+1DCNN,2,gfc,JP,extended,expanding,LSTM:L60|1DCNN:L60,Recovery,0.1706749534964397,0.13360298105648585,0.009532107994023422,0.13752678025443696,77
equal_weight,LSTM+TCN,2,gfc,JP,extended,expanding,LSTM:L60|TCN:L22,Full Test,0.29073896944956007,0.19835635656729722,0.015430588856717692,0.21384782653802942,468
equal_weight,LSTM+TCN,2,gfc,JP,extended,expanding,LSTM:L60|TCN:L22,Pre-Lehman,0.20893131795034522,0.15620703559489887,0.016235189500829413,0.19407898964951828,277
equal_weight,LSTM+TCN,2,gfc,JP,extended,expanding,LSTM:L60|TCN:L22,Lehman Crisis,0.46763164461526907,0.3376017871655916,0.016477984492691083,0.21981993152448337,114
equal_weight,LSTM+TCN,2,gfc,JP,extended,expanding,LSTM:L60|TCN:L22,Recovery,0.1815699596420208,0.1438288607380607,0.010985426766848693,0.14630577849266016,77
equal_weight,LSTM+TST,2,gfc,JP,extended,expanding,LSTM:L60|TST:L22,Full Test,0.3973080715262319,0.21245838739365833,0.01875876604950978,0.29223281530768724,468
equal_weight,LSTM+TST,2,gfc,JP,extended,expanding,LSTM:L60|TST:L22,Pre-Lehman,0.19446011450718254,0.1391082730799739,0.01385204660841227,0.18063650256422104,277
equal_weight,LSTM+TST,2,gfc,JP,extended,expanding,LSTM:L60|TST:L22,Lehman Crisis,0.732790194000928,0.4437425857730397,0.03698068110014292,0.3444631947429959,114
equal_weight,LSTM+TST,2,gfc,JP,extended,expanding,LSTM:L60|TST:L22,Recovery,0.16845223694184971,0.13390751790847777,0.00943231110680631,0.13573575559083642,77
equal_weight,1DCNN+TCN,2,gfc,JP,extended,expanding,1DCNN:L60|TCN:L22,Full Test,0.402885501465113,0.2256497603196364,0.017656125360954372,0.29633519371384304,468
equal_weight,1DCNN+TCN,2,gfc,JP,extended,expanding,1DCNN:L60|TCN:L22,Pre-Lehman,0.2117935688125924,0.16217337059200027,0.01712948851910292,0.19673777130522205,277
equal_weight,1DCNN+TCN,2,gfc,JP,extended,expanding,1DCNN:L60|TCN:L22,Lehman Crisis,0.7287021680964316,0.4272970813408233,0.021367329414099946,0.3425415335706943,114
equal_weight,1DCNN+TCN,2,gfc,JP,extended,expanding,1DCNN:L60|TCN:L22,Recovery,0.1975233874785294,0.15545710263314186,0.014056140206853824,0.15916076113322847,77
equal_weight,1DCNN+TST,2,gfc,JP,extended,expanding,1DCNN:L60|TST:L22,Full Test,0.2960479163317839,0.1847845120601356,0.014447534272832041,0.21775272705452647,468
equal_weight,1DCNN+TST,2,gfc,JP,extended,expanding,1DCNN:L60|TST:L22,Pre-Lehman,0.19078591993347008,0.13706728127901704,0.013499652479708456,0.17722349594732253,277
equal_weight,1DCNN+TST,2,gfc,JP,extended,expanding,1DCNN:L60|TST:L22,Lehman Crisis,0.49860889564528965,0.32674588516737957,0.018300853279128997,0.234381429401382,114
equal_weight,1DCNN+TST,2,gfc,JP,extended,expanding,1DCNN:L60|TST:L22,Recovery,0.18352015501380647,0.14626602364642155,0.012152532843966859,0.14787721053265412,77
equal_weight,TCN+TST,2,gfc,JP,extended,expanding,TCN:L22|TST:L22,Full Test,0.2926802821279954,0.20053401227125953,0.016319128279406292,0.21527572420754407,468
equal_weight,TCN+TST,2,gfc,JP,extended,expanding,TCN:L22|TST:L22,Pre-Lehman,0.2100017076791995,0.15528858709196292,0.01692268834629782,0.19507328844179714,277
equal_weight,TCN+TST,2,gfc,JP,extended,expanding,TCN:L22|TST:L22,Lehman Crisis,0.4690785566401899,0.3375496811410068,0.016169294183348618,0.22050008246358785,114
equal_weight,TCN+TST,2,gfc,JP,extended,expanding,TCN:L22|TST:L22,Recovery,0.19034637796053513,0.16044565543377867,0.014369712025141642,0.1533776571062759,77
equal_weight,LSTM+1DCNN+TCN,3,gfc,JP,extended,expanding,LSTM:L60|1DCNN:L60|TCN:L22,Full Test,0.29760801682034854,0.19159135099319993,0.014249279204971339,0.2189002309453606,468
equal_weight,LSTM+1DCNN+TCN,3,gfc,JP,extended,expanding,LSTM:L60|1DCNN:L60|TCN:L22,Pre-Lehman,0.19787375292081869,0.14723212115027268,0.014483349942584902,0.1838074752113411,277
equal_weight,LSTM+1DCNN+TCN,3,gfc,JP,extended,expanding,LSTM:L60|1DCNN:L60|TCN:L22,Lehman Crisis,0.49828515513519855,0.33537289447951735,0.016228715721522704,0.23422924847526339,114
equal_weight,LSTM+1DCNN+TCN,3,gfc,JP,extended,expanding,LSTM:L60|1DCNN:L60|TCN:L22,Recovery,0.17284862304189244,0.13829798357827325,0.010476638202298437,0.1392782837281407,77
equal_weight,LSTM+1DCNN+TST,3,gfc,JP,extended,expanding,LSTM:L60|1DCNN:L60|TST:L22,Full Test,0.31002147007106073,0.18636875258523686,0.014344894626538809,0.22803072350548084,468
equal_weight,LSTM+1DCNN+TST,3,gfc,JP,extended,expanding,LSTM:L60|1DCNN:L60|TST:L22,Pre-Lehman,0.1896636252089509,0.1366321391566045,0.013199457953668526,0.17618098193668752,277
equal_weight,LSTM+1DCNN+TST,3,gfc,JP,extended,expanding,LSTM:L60|1DCNN:L60|TST:L22,Lehman Crisis,0.537530393893082,0.3442502936074375,0.020444466920442366,0.2526772850779135,114
equal_weight,LSTM+1DCNN+TST,3,gfc,JP,extended,expanding,LSTM:L60|1DCNN:L60|TST:L22,Recovery,0.16426412304225638,0.1315446778216044,0.00943495588472145,0.1323610494130964,77
equal_weight,LSTM+TCN+TST,3,gfc,JP,extended,expanding,LSTM:L60|TCN:L22|TST:L22,Full Test,0.2866950033495489,0.18743345101715717,0.014422243405548185,0.21087335991348946,468
equal_weight,LSTM+TCN+TST,3,gfc,JP,extended,expanding,LSTM:L60|TCN:L22|TST:L22,Pre-Lehman,0.19820616089041426,0.14429527144317023,0.01456193752093135,0.1841162532515289,277
equal_weight,LSTM+TCN+TST,3,gfc,JP,extended,expanding,LSTM:L60|TCN:L22|TST:L22,Lehman Crisis,0.4706127782032703,0.32349243035992176,0.01645428326198437,0.2212212750578512,114
equal_weight,LSTM+TCN+TST,3,gfc,JP,extended,expanding,LSTM:L60|TCN:L22|TST:L22,Recovery,0.1741905801377905,0.14118088084727695,0.010911232839381137,0.1403596084032478,77
equal_weight,1DCNN+TCN+TST,3,gfc,JP,extended,expanding,1DCNN:L60|TCN:L22|TST:L22,Full Test,0.2962964261703547,0.1918137463184562,0.014701354922992592,0.21793551400239347,468
equal_weight,1DCNN+TCN+TST,3,gfc,JP,extended,expanding,1DCNN:L60|TCN:L22|TST:L22,Pre-Lehman,0.19797189263439324,0.1459576696509294,0.01476491407834052,0.1838986384540847,277
equal_weight,1DCNN+TCN+TST,3,gfc,JP,extended,expanding,1DCNN:L60|TCN:L22|TST:L22,Lehman Crisis,0.4926801661091319,0.33364145906576853,0.015885872842609113,0.23159450739626922,114
equal_weight,1DCNN+TCN+TST,3,gfc,JP,extended,expanding,1DCNN:L60|TCN:L22|TST:L22,Recovery,0.1822793507976944,0.1467978240289928,0.012719005197438571,0.14687739301243677,77
equal_weight,LSTM+1DCNN+TCN+TST,4,gfc,JP,extended,expanding,LSTM:L60|1DCNN:L60|TCN:L22|TST:L22,Full Test,0.2791028350603251,0.18479749568732728,0.013674676509539588,0.2052890769037668,468
equal_weight,LSTM+1DCNN+TCN+TST,4,gfc,JP,extended,expanding,LSTM:L60|1DCNN:L60|TCN:L22|TST:L22,Pre-Lehman,0.19337411204380867,0.14144282031843108,0.013800393132134688,0.17962770090195143,277
equal_weight,LSTM+1DCNN+TCN+TST,4,gfc,JP,extended,expanding,LSTM:L60|1DCNN:L60|TCN:L22|TST:L22,Lehman Crisis,0.4578801203420479,0.3225794430236916,0.015539118308260788,0.21523602574590334,114
equal_weight,LSTM+1DCNN+TCN+TST,4,gfc,JP,extended,expanding,LSTM:L60|1DCNN:L60|TCN:L22|TST:L22,Recovery,0.16894845930396188,0.1367728603735441,0.010462080801577778,0.13613560256517857,77
equal_weight,LSTM+1DCNN,2,gfc,JP,extended,static,LSTM:L60|1DCNN:L60,Full Test,0.32224969253168007,0.20340243826923077,0.01782012923624479,0.23702497282975427,468
equal_weight,LSTM+1DCNN,2,gfc,JP,extended,static,LSTM:L60|1DCNN:L60,Pre-Lehman,0.2019842487988131,0.14304984216606498,0.014938166826459896,0.1876257675431796,277
equal_weight,LSTM+1DCNN,2,gfc,JP,extended,static,LSTM:L60|1DCNN:L60,Lehman Crisis,0.5452978488057131,0.3751113942982457,0.027463200150138395,0.2563285382455631,114
equal_weight,LSTM+1DCNN,2,gfc,JP,extended,static,LSTM:L60|1DCNN:L60,Recovery,0.2101508524450275,0.16629656987012986,0.013910953954771349,0.16933574307691773,77
equal_weight,LSTM+TCN,2,gfc,JP,extended,static,LSTM:L60|TCN:L22,Full Test,0.35274203982506197,0.2085025101602564,0.018064136608789264,0.25945307115297844,468
equal_weight,LSTM+TCN,2,gfc,JP,extended,static,LSTM:L60|TCN:L22,Pre-Lehman,0.19610330243250976,0.13848665314079422,0.013197996696255028,0.18216288079621845,277
equal_weight,LSTM+TCN,2,gfc,JP,extended,static,LSTM:L60|TCN:L22,Lehman Crisis,0.6207828464343152,0.40389380004385966,0.03176142922406742,0.29181182347030155,114
equal_weight,LSTM+TCN,2,gfc,JP,extended,static,LSTM:L60|TCN:L22,Recovery,0.2176326600316513,0.17109712506493505,0.015290492422169446,0.1753644478501752,77
equal_weight,LSTM+TST,2,gfc,JP,extended,static,LSTM:L60|TST:L22,Full Test,0.43161502860947004,0.23413069846153847,0.023365177602835362,0.3174666812723673,468
equal_weight,LSTM+TST,2,gfc,JP,extended,static,LSTM:L60|TST:L22,Pre-Lehman,0.2010231289054569,0.1454285856859206,0.014875956825579323,0.18673297090797467,277
equal_weight,LSTM+TST,2,gfc,JP,extended,static,LSTM:L60|TST:L22,Lehman Crisis,0.7974708845320627,0.49638503675438594,0.04991782606449981,0.37486769216713306,114
equal_weight,LSTM+TST,2,gfc,JP,extended,static,LSTM:L60|TST:L22,Recovery,0.21293759319492278,0.16495525266233765,0.014592609169980519,0.17158124819933776,77
equal_weight,1DCNN+TCN,2,gfc,JP,extended,static,1DCNN:L60|TCN:L22,Full Test,0.3021481287558503,0.1924786195619658,0.014788717595468277,0.22223962867513344,468
equal_weight,1DCNN+TCN,2,gfc,JP,extended,static,1DCNN:L60|TCN:L22,Pre-Lehman,0.190872464571772,0.1370251833935018,0.013027793833047632,0.17730388820470996,277
equal_weight,1DCNN+TCN,2,gfc,JP,extended,static,1DCNN:L60|TCN:L22,Lehman Crisis,0.5081909848056191,0.34686826714912283,0.01979584166359184,0.23888568893146303,114
equal_weight,1DCNN+TCN,2,gfc,JP,extended,static,1DCNN:L60|TCN:L22,Recovery,0.20360985313494598,0.163390074025974,0.013710324587993374,0.1640651245390843,77
equal_weight,1DCNN+TST,2,gfc,JP,extended,static,1DCNN:L60|TST:L22,Full Test,0.3072795501869196,0.19143344175213678,0.015255109477137553,0.22601395353397766,468
equal_weight,1DCNN+TST,2,gfc,JP,extended,static,1DCNN:L60|TST:L22,Pre-Lehman,0.1910140188199728,0.13764887622743682,0.013462951813758091,0.17743537976717394,277
equal_weight,1DCNN+TST,2,gfc,JP,extended,static,1DCNN:L60|TST:L22,Lehman Crisis,0.5229137401928321,0.3453986087719299,0.021868913880325414,0.24580642477448283,114
equal_weight,1DCNN+TST,2,gfc,JP,extended,static,1DCNN:L60|TST:L22,Recovery,0.1944074097067593,0.15696974837662336,0.011910355851068642,0.1566499626308407,77
equal_weight,TCN+TST,2,gfc,JP,extended,static,TCN:L22|TST:L22,Full Test,0.34489737952007443,0.20114412362179485,0.01629207995058016,0.25368307217783426,468
equal_weight,TCN+TST,2,gfc,JP,extended,static,TCN:L22|TST:L22,Pre-Lehman,0.19002632950547824,0.13738450633574006,0.012701103138824488,0.17651790245481766,277
equal_weight,TCN+TST,2,gfc,JP,extended,static,TCN:L22|TST:L22,Lehman Crisis,0.6111189643342976,0.3836756022368421,0.027206795565769364,0.28726911570444424,114
equal_weight,TCN+TST,2,gfc,JP,extended,static,TCN:L22|TST:L22,Recovery,0.20041926153867068,0.16027172655844152,0.013050820167784723,0.1614942037337472,77
equal_weight,LSTM+1DCNN+TCN,3,gfc,JP,extended,static,LSTM:L60|1DCNN:L60|TCN:L22,Full Test,0.31222103468055196,0.19631169009259258,0.015781309890279264,0.22964857369029237,468
equal_weight,LSTM+1DCNN+TCN,3,gfc,JP,extended,static,LSTM:L60|1DCNN:L60|TCN:L22,Pre-Lehman,0.19301735766690653,0.1363449174729242,0.013053278965048393,0.1792963069980859,277
equal_weight,LSTM+1DCNN+TCN,3,gfc,JP,extended,static,LSTM:L60|1DCNN:L60|TCN:L22,Lehman Crisis,0.5296686166448472,0.3627246151169591,0.023760406297372905,0.24898169423642294,114
equal_weight,LSTM+1DCNN+TCN,3,gfc,JP,extended,static,LSTM:L60|1DCNN:L60|TCN:L22,Recovery,0.20761999848656879,0.16565873636363634,0.013781927758854281,0.16729642688719698,77
equal_weight,LSTM+1DCNN+TST,3,gfc,JP,extended,static,LSTM:L60|1DCNN:L60|TST:L22,Full Test,0.34410498246920734,0.20548300819088317,0.017575243739748874,0.25310023876075133,468
equal_weight,LSTM+1DCNN+TST,3,gfc,JP,extended,static,LSTM:L60|1DCNN:L60|TST:L22,Pre-Lehman,0.19666023701030708,0.14104877028880866,0.014130219488658564,0.18268022449134314,277
equal_weight,LSTM+1DCNN+TST,3,gfc,JP,extended,static,LSTM:L60|1DCNN:L60|TST:L22,Lehman Crisis,0.6033273100951003,0.3918765319883041,0.028992177858268065,0.2836064873885202,114
equal_weight,LSTM+1DCNN+TST,3,gfc,JP,extended,static,LSTM:L60|1DCNN:L60|TST:L22,Recovery,0.20403634116678468,0.16131965995671,0.013065389558460913,0.16440878085522373,77
equal_weight,LSTM+TCN+TST,3,gfc,JP,extended,static,LSTM:L60|TCN:L22|TST:L22,Full Test,0.3690906306779691,0.2098447448931624,0.017930836478036383,0.2714779834881054,468
equal_weight,LSTM+TCN+TST,3,gfc,JP,extended,static,LSTM:L60|TCN:L22|TST:L22,Pre-Lehman,0.19236171766798466,0.1371657727677497,0.012892412212115538,0.17868727456728356,277
equal_weight,LSTM+TCN+TST,3,gfc,JP,extended,static,LSTM:L60|TCN:L22|TST:L22,Lehman Crisis,0.6634656064367221,0.41766519371345023,0.032983462415903435,0.31187573808809294,114
equal_weight,LSTM+TCN+TST,3,gfc,JP,extended,static,LSTM:L60|TCN:L22|TST:L22,Recovery,0.20775676203882418,0.16361804506493507,0.013770371085091325,0.16740662847561577,77
equal_weight,1DCNN+TCN+TST,3,gfc,JP,extended,static,1DCNN:L60|TCN:L22|TST:L22,Full Test,0.30310599165701674,0.1902622032122507,0.014444541392387959,0.2229441675261714,468
equal_weight,1DCNN+TCN+TST,3,gfc,JP,extended,static,1DCNN:L60|TCN:L22|TST:L22,Pre-Lehman,0.18758774867386258,0.13449897948255113,0.012523744728275102,0.17425267334428585,277
equal_weight,1DCNN+TCN+TST,3,gfc,JP,extended,static,1DCNN:L60|TCN:L22|TST:L22,Lehman Crisis,0.515370040794206,0.347538254005848,0.020518310945355087,0.24226035276255617,114
equal_weight,1DCNN+TCN+TST,3,gfc,JP,extended,static,1DCNN:L60|TCN:L22|TST:L22,Recovery,0.19640149915567412,0.1580147120779221,0.012362086157595879,0.15825676371998768,77
equal_weight,LSTM+1DCNN+TCN+TST,4,gfc,JP,extended,static,LSTM:L60|1DCNN:L60|TCN:L22|TST:L22,Full Test,0.3264364807804834,0.1972298114797009,0.01586170461074789,0.2401044897196547,468
equal_weight,LSTM+1DCNN+TCN+TST,4,gfc,JP,extended,static,LSTM:L60|1DCNN:L60|TCN:L22|TST:L22,Pre-Lehman,0.1910194240553356,0.13595022883574007,0.012868528357130565,0.177440400759849,277
equal_weight,LSTM+1DCNN+TCN+TST,4,gfc,JP,extended,static,LSTM:L60|1DCNN:L60|TCN:L22|TST:L22,Lehman Crisis,0.5666209013871175,0.37044990879385964,0.02507368616161948,0.26635188037151397,114
equal_weight,LSTM+1DCNN+TCN+TST,4,gfc,JP,extended,static,LSTM:L60|1DCNN:L60|TCN:L22|TST:L22,Recovery,0.2026575605677277,0.16122141275974025,0.012990846499743181,0.16329778447065077,77
equal_weight,LSTM+1DCNN,2,gfc,JP,momentum,expanding,LSTM:L22|1DCNN:L60,Full Test,0.2816250947709263,0.18514351960685518,0.014460306392785774,0.2071442797274463,468
equal_weight,LSTM+1DCNN,2,gfc,JP,momentum,expanding,LSTM:L22|1DCNN:L60,Pre-Lehman,0.1978230618983128,0.1443258962906655,0.014505890341199928,0.1837603876682731,277
equal_weight,LSTM+1DCNN,2,gfc,JP,momentum,expanding,LSTM:L22|1DCNN:L60,Lehman Crisis,0.4576390468453355,0.3129925848099223,0.017047986759293157,0.21512270416009988,114
equal_weight,LSTM+1DCNN,2,gfc,JP,momentum,expanding,LSTM:L22|1DCNN:L60,Recovery,0.17665044123386411,0.14269791214497057,0.010465211386388859,0.14234171983486574,77
equal_weight,LSTM+TCN,2,gfc,JP,momentum,expanding,LSTM:L22|TCN:L22,Full Test,0.2728913162541575,0.17927041656186438,0.013466682727668247,0.200720305821191,468
equal_weight,LSTM+TCN,2,gfc,JP,momentum,expanding,LSTM:L22|TCN:L22,Pre-Lehman,0.19121606142546943,0.13968226076893858,0.014087465349466076,0.17762305991404873,277
equal_weight,LSTM+TCN,2,gfc,JP,momentum,expanding,LSTM:L22|TCN:L22,Lehman Crisis,0.44319699622337716,0.30832367089756746,0.014708011470766958,0.20833391940751142,114
equal_weight,LSTM+TCN,2,gfc,JP,momentum,expanding,LSTM:L22|TCN:L22,Recovery,0.17400573593102858,0.1306190939692708,0.009395666325703945,0.14021066429584433,77
equal_weight,LSTM+TST,2,gfc,JP,momentum,expanding,LSTM:L22|TST:L22,Full Test,0.3669414779465995,0.2031927927442877,0.016711635246922447,0.2698972128644975,468
equal_weight,LSTM+TST,2,gfc,JP,momentum,expanding,LSTM:L22|TST:L22,Pre-Lehman,0.18792418713841474,0.13905690795163314,0.01335407483654745,0.17456519553089941,277
equal_weight,LSTM+TST,2,gfc,JP,momentum,expanding,LSTM:L22|TST:L22,Lehman Crisis,0.6693847672913811,0.40339083431642775,0.029616681940112032,0.31465816183287243,114
equal_weight,LSTM+TST,2,gfc,JP,momentum,expanding,LSTM:L22|TST:L22,Recovery,0.16714939435549578,0.13751829077469466,0.009683958761860895,0.13468594867770106,77
equal_weight,1DCNN+TCN,2,gfc,JP,momentum,expanding,1DCNN:L60|TCN:L22,Full Test,0.3530312376047578,0.20253295636075175,0.015302973551665627,0.2596657854457506,468
equal_weight,1DCNN+TCN,2,gfc,JP,momentum,expanding,1DCNN:L60|TCN:L22,Pre-Lehman,0.20060213465528012,0.14386942896601956,0.015082176591842154,0.18634190411169543,277
equal_weight,1DCNN+TCN,2,gfc,JP,momentum,expanding,1DCNN:L60|TCN:L22,Lehman Crisis,0.6249503782823417,0.38169505251081365,0.018501990919600527,0.2937708577725681,114
equal_weight,1DCNN+TCN,2,gfc,JP,momentum,expanding,1DCNN:L60|TCN:L22,Recovery,0.18573607425792169,0.14831630866248888,0.01136106157668541,0.14966275804682624,77
equal_weight,1DCNN+TST,2,gfc,JP,momentum,expanding,1DCNN:L60|TST:L22,Full Test,0.2872526365206704,0.18682424597759717,0.014669102019301798,0.21128351697594175,468
equal_weight,1DCNN+TST,2,gfc,JP,momentum,expanding,1DCNN:L60|TST:L22,Pre-Lehman,0.19427276989296982,0.14109152324638008,0.013983923481599901,0.18046247574143842,277
equal_weight,1DCNN+TST,2,gfc,JP,momentum,expanding,1DCNN:L60|TST:L22,Lehman Crisis,0.47283388290669864,0.3176978499035016,0.017667827161700934,0.22226535128630664,114
equal_weight,1DCNN+TST,2,gfc,JP,momentum,expanding,1DCNN:L60|TST:L22,Recovery,0.1863833810121752,0.1575823414190783,0.012694294080469633,0.1501843460825968,77
equal_weight,TCN+TST,2,gfc,JP,momentum,expanding,TCN:L22|TST:L22,Full Test,0.2631932671529398,0.17826411853666532,0.013400217080991011,0.19358708000739344,468
equal_weight,TCN+TST,2,gfc,JP,momentum,expanding,TCN:L22|TST:L22,Pre-Lehman,0.18733061539199963,0.13833586728855476,0.013533174686788819,0.17401381909792193,277
equal_weight,TCN+TST,2,gfc,JP,momentum,expanding,TCN:L22|TST:L22,Lehman Crisis,0.42083226909834,0.29810540692842724,0.01461661186733668,0.19782091661610685,114
equal_weight,TCN+TST,2,gfc,JP,momentum,expanding,TCN:L22|TST:L22,Recovery,0.18049766140843984,0.14447475125180528,0.011121018867362449,0.14544174003525412,77
equal_weight,LSTM+1DCNN+TCN,3,gfc,JP,momentum,expanding,LSTM:L22|1DCNN:L60|TCN:L22,Full Test,0.27435437102035654,0.18161080896514772,0.013621127867583028,0.2017964294741368,468
equal_weight,LSTM+1DCNN+TCN,3,gfc,JP,momentum,expanding,LSTM:L22|1DCNN:L60|TCN:L22,Pre-Lehman,0.193288140053468,0.14011422807415755,0.0141321761800206,0.17954784041388694,277
equal_weight,LSTM+1DCNN+TCN,3,gfc,JP,momentum,expanding,LSTM:L22|1DCNN:L60|TCN:L22,Lehman Crisis,0.44445212791483,0.31134035538511673,0.01485505666843331,0.20892392003224752,114
equal_weight,LSTM+1DCNN+TCN,3,gfc,JP,momentum,expanding,LSTM:L22|1DCNN:L60|TCN:L22,Recovery,0.1750105211940068,0.13882359617200252,0.00995582571378901,0.14102030202671026,77
equal_weight,LSTM+1DCNN+TST,3,gfc,JP,momentum,expanding,LSTM:L22|1DCNN:L60|TST:L22,Full Test,0.30010998425366964,0.18585797405339644,0.01434017237719063,0.2207405081489897,468
equal_weight,LSTM+1DCNN+TST,3,gfc,JP,momentum,expanding,LSTM:L22|1DCNN:L60|TST:L22,Pre-Lehman,0.19014483560211615,0.13949331172670348,0.013568708348401213,0.17662798446283134,277
equal_weight,LSTM+1DCNN+TST,3,gfc,JP,momentum,expanding,LSTM:L22|1DCNN:L60|TST:L22,Lehman Crisis,0.5113083357655986,0.3265359971295407,0.01874883277431051,0.24035106402681952,114
equal_weight,LSTM+1DCNN+TST,3,gfc,JP,momentum,expanding,LSTM:L22|1DCNN:L60|TST:L22,Recovery,0.17403573345344095,0.1443737770899356,0.010588331477229616,0.1402348357550331,77
equal_weight,LSTM+TCN+TST,3,gfc,JP,momentum,expanding,LSTM:L22|TCN:L22|TST:L22,Full Test,0.2627602498805453,0.1743999105177957,0.01304303863330152,0.19326858193081878,468
equal_weight,LSTM+TCN+TST,3,gfc,JP,momentum,expanding,LSTM:L22|TCN:L22|TST:L22,Pre-Lehman,0.18691633607713362,0.13731477965175182,0.013382781578129012,0.1736289897116401,277
equal_weight,LSTM+TCN+TST,3,gfc,JP,momentum,expanding,LSTM:L22|TCN:L22|TST:L22,Lehman Crisis,0.4229365987118472,0.29083035854851796,0.014498057953461369,0.19881010029705015,114
equal_weight,LSTM+TCN+TST,3,gfc,JP,momentum,expanding,LSTM:L22|TCN:L22|TST:L22,Recovery,0.17065803830953785,0.1354325101852219,0.009666662033101025,0.13751315030379477,77
equal_weight,1DCNN+TCN+TST,3,gfc,JP,momentum,expanding,1DCNN:L60|TCN:L22|TST:L22,Full Test,0.2668946068078467,0.17975907743010852,0.013533019636166863,0.1963095339047138,468
equal_weight,1DCNN+TCN+TST,3,gfc,JP,momentum,expanding,1DCNN:L60|TCN:L22|TST:L22,Pre-Lehman,0.1905157085667482,0.13843410367756132,0.013711938060881244,0.17697249313185348,277
equal_weight,1DCNN+TCN+TST,3,gfc,JP,momentum,expanding,1DCNN:L60|TCN:L22|TST:L22,Lehman Crisis,0.4268638360679784,0.30167049349176506,0.014571963973776629,0.20065617948490194,114
equal_weight,1DCNN+TCN+TST,3,gfc,JP,momentum,expanding,1DCNN:L60|TCN:L22|TST:L22,Recovery,0.18056941981799374,0.14792941896811812,0.011351200699369483,0.14549956165945824,77
equal_weight,LSTM+1DCNN+TCN+TST,4,gfc,JP,momentum,expanding,LSTM:L22|1DCNN:L60|TCN:L22|TST:L22,Full Test,0.2598733306368157,0.17535988327082233,0.013146800612960124,0.191145160337796,468
equal_weight,LSTM+1DCNN+TCN+TST,4,gfc,JP,momentum,expanding,LSTM:L22|1DCNN:L60|TCN:L22|TST:L22,Pre-Lehman,0.18869794837147,0.13801644424519852,0.013505668104430072,0.17528395229658936,277
equal_weight,LSTM+1DCNN+TCN+TST,4,gfc,JP,momentum,expanding,LSTM:L22|1DCNN:L60|TCN:L22|TST:L22,Lehman Crisis,0.4128267741713938,0.2896723326356486,0.01426906069855443,0.19405776806334218,114
equal_weight,LSTM+1DCNN+TCN+TST,4,gfc,JP,momentum,expanding,LSTM:L22|1DCNN:L60|TCN:L22|TST:L22,Recovery,0.17336650669917975,0.140457459667025,0.010194281848090946,0.13969558498104306,77
equal_weight,LSTM+1DCNN,2,gfc,JP,momentum,static,LSTM:L22|1DCNN:L60,Full Test,0.28226743585141106,0.1893806295940171,0.015237940426289388,0.20761674212250117,468
equal_weight,LSTM+1DCNN,2,gfc,JP,momentum,static,LSTM:L22|1DCNN:L60,Pre-Lehman,0.19242013655535756,0.14353782276173285,0.014343166131343559,0.17874154062341194,277
equal_weight,LSTM+1DCNN,2,gfc,JP,momentum,static,LSTM:L22|1DCNN:L60,Lehman Crisis,0.4590106987604334,0.32229466000000007,0.019441930087828248,0.21576747773721222,114
equal_weight,LSTM+1DCNN,2,gfc,JP,momentum,static,LSTM:L22|1DCNN:L60,Recovery,0.197813898527247,0.1575138507142857,0.012232715209205798,0.15939484950133956,77
equal_weight,LSTM+TCN,2,gfc,JP,momentum,static,LSTM:L22|TCN:L22,Full Test,0.2823828392673034,0.18963000173076922,0.015799512440971872,0.20770162503209044,468
equal_weight,LSTM+TCN,2,gfc,JP,momentum,static,LSTM:L22|TCN:L22,Pre-Lehman,0.19968799501206427,0.14669580844765343,0.015523315626623352,0.18549274785587805,277
equal_weight,LSTM+TCN,2,gfc,JP,momentum,static,LSTM:L22|TCN:L22,Lehman Crisis,0.4509612932026713,0.314886336754386,0.018760516118866713,0.21198368808008117,114
equal_weight,LSTM+TCN,2,gfc,JP,momentum,static,LSTM:L22|TCN:L22,Recovery,0.20029721235680392,0.15863713610389613,0.012409279951290413,0.16139585871795079,77
equal_weight,LSTM+TST,2,gfc,JP,momentum,static,LSTM:L22|TST:L22,Full Test,0.36036148969084514,0.20416347637820514,0.016590709413693398,0.2650574206349795,468
equal_weight,LSTM+TST,2,gfc,JP,momentum,static,LSTM:L22|TST:L22,Pre-Lehman,0.19167579906308685,0.14230971794223826,0.013820595676690367,0.17805011594980996,277
equal_weight,LSTM+TST,2,gfc,JP,momentum,static,LSTM:L22|TST:L22,Lehman Crisis,0.6514101872581713,0.4019534178947368,0.028194725035420747,0.30620883882791183,114
equal_weight,LSTM+TST,2,gfc,JP,momentum,static,LSTM:L22|TST:L22,Recovery,0.16993427903026484,0.13384448616883118,0.00937595258606901,0.1369299580707509,77
equal_weight,1DCNN+TCN,2,gfc,JP,momentum,static,1DCNN:L60|TCN:L22,Full Test,0.35258380930018624,0.21084007025641024,0.01754431846187576,0.25933668753267186,468
equal_weight,1DCNN+TCN,2,gfc,JP,momentum,static,1DCNN:L60|TCN:L22,Pre-Lehman,0.20410136832640993,0.14749960622743682,0.015551414090610298,0.1895923871123207,277
equal_weight,1DCNN+TCN,2,gfc,JP,momentum,static,1DCNN:L60|TCN:L22,Lehman Crisis,0.6116542813705945,0.38444600956140357,0.023133992398994437,0.28752075255522674,114
equal_weight,1DCNN+TCN,2,gfc,JP,momentum,static,1DCNN:L60|TCN:L22,Recovery,0.2276560349124887,0.18167424499999998,0.016437976669784908,0.18344110142467882,77
equal_weight,1DCNN+TST,2,gfc,JP,momentum,static,1DCNN:L60|TST:L22,Full Test,0.28001893393584437,0.18346101018162392,0.013655999547281562,0.2059628969279322,468
equal_weight,1DCNN+TST,2,gfc,JP,momentum,static,1DCNN:L60|TST:L22,Pre-Lehman,0.1863142244899193,0.1380222875270758,0.013017242381771113,0.17306968034399917,277
equal_weight,1DCNN+TST,2,gfc,JP,momentum,static,1DCNN:L60|TST:L22,Lehman Crisis,0.462043343432908,0.3131390942105264,0.01670160760118656,0.21719303512317317,114
equal_weight,1DCNN+TST,2,gfc,JP,momentum,static,1DCNN:L60|TST:L22,Recovery,0.18875815066841117,0.15493145948051948,0.011444784179765003,0.15209789222064377,77
equal_weight,TCN+TST,2,gfc,JP,momentum,static,TCN:L22|TST:L22,Full Test,0.27803126461677913,0.186543484732906,0.014449958208195543,0.20450090246443195,468
equal_weight,TCN+TST,2,gfc,JP,momentum,static,TCN:L22|TST:L22,Pre-Lehman,0.19419850316074883,0.14021725270758123,0.014098684155147057,0.1803934882445457,277
equal_weight,TCN+TST,2,gfc,JP,momentum,static,TCN:L22|TST:L22,Lehman Crisis,0.4475575404656534,0.31877841657894734,0.016764336879952702,0.2103836836686572,114
equal_weight,TCN+TST,2,gfc,JP,momentum,static,TCN:L22|TST:L22,Recovery,0.19391545852501607,0.15742119954545453,0.012287149690197032,0.1562535572965352,77
equal_weight,LSTM+1DCNN+TCN,3,gfc,JP,momentum,static,LSTM:L22|1DCNN:L60|TCN:L22,Full Test,0.28488282552801136,0.1870834774002849,0.015244285950541435,0.20954044501936106,468
equal_weight,LSTM+1DCNN+TCN,3,gfc,JP,momentum,static,LSTM:L22|1DCNN:L60|TCN:L22,Pre-Lehman,0.19487901199722987,0.141709364921781,0.014467113541100847,0.18102562165853212,277
equal_weight,LSTM+1DCNN+TCN,3,gfc,JP,momentum,static,LSTM:L22|1DCNN:L60|TCN:L22,Lehman Crisis,0.4611736479220298,0.31321908309941526,0.018671875996043454,0.2167842167507729,114
equal_weight,LSTM+1DCNN+TCN,3,gfc,JP,momentum,static,LSTM:L22|1DCNN:L60|TCN:L22,Recovery,0.20438507771134432,0.16356620606060607,0.012965474161292246,0.16468978643394977,77
equal_weight,LSTM+1DCNN+TST,3,gfc,JP,momentum,static,LSTM:L22|1DCNN:L60|TST:L22,Full Test,0.29311808215298885,0.18571487250712249,0.01411100449480891,0.21559774010146404,468
equal_weight,LSTM+1DCNN+TST,3,gfc,JP,momentum,static,LSTM:L22|1DCNN:L60|TST:L22,Pre-Lehman,0.18709307165010147,0.13863281067388689,0.013323679509771895,0.17379316149214333,277
equal_weight,LSTM+1DCNN+TST,3,gfc,JP,momentum,static,LSTM:L22|1DCNN:L60|TST:L22,Lehman Crisis,0.4954581189985913,0.32625230502923974,0.018514125364549806,0.23290034186446,114
equal_weight,LSTM+1DCNN+TST,3,gfc,JP,momentum,static,LSTM:L22|1DCNN:L60|TST:L22,Recovery,0.18123270711319903,0.14701959744588747,0.010424423218247755,0.14603402637580454,77
equal_weight,LSTM+TCN+TST,3,gfc,JP,momentum,static,LSTM:L22|TCN:L22|TST:L22,Full Test,0.2790717805294636,0.1830873236752137,0.014077059675665181,0.20526623525341114,468
equal_weight,LSTM+TCN+TST,3,gfc,JP,momentum,static,LSTM:L22|TCN:L22|TST:L22,Pre-Lehman,0.19048589944617164,0.13851608476534294,0.013735036908366529,0.17694480288579265,277
equal_weight,LSTM+TCN+TST,3,gfc,JP,momentum,static,LSTM:L22|TCN:L22|TST:L22,Lehman Crisis,0.45680033927593466,0.31434770239766086,0.01715000558176686,0.2147284525202603,114
equal_weight,LSTM+TCN+TST,3,gfc,JP,momentum,static,LSTM:L22|TCN:L22|TST:L22,Recovery,0.1840891086907063,0.14909446658008654,0.010757896990550068,0.14833566292890774,77
equal_weight,1DCNN+TCN+TST,3,gfc,JP,momentum,static,1DCNN:L60|TCN:L22|TST:L22,Full Test,0.27816584703018304,0.1844760612962963,0.014283782121167871,0.20459989214113206,468
equal_weight,1DCNN+TCN+TST,3,gfc,JP,momentum,static,1DCNN:L60|TCN:L22|TST:L22,Pre-Lehman,0.19188192255465644,0.13867143666666665,0.013701617544864928,0.17824158671322057,277
equal_weight,1DCNN+TCN+TST,3,gfc,JP,momentum,static,1DCNN:L60|TCN:L22|TST:L22,Lehman Crisis,0.4484099763843747,0.310842991871345,0.01668532072590268,0.2107843888125935,114
equal_weight,1DCNN+TCN+TST,3,gfc,JP,momentum,static,1DCNN:L60|TCN:L22|TST:L22,Recovery,0.2003618676676862,0.1621650345021645,0.012822537792546397,0.16144795679409343,77
equal_weight,LSTM+1DCNN+TCN+TST,4,gfc,JP,momentum,static,LSTM:L22|1DCNN:L60|TCN:L22|TST:L22,Full Test,0.27098571383475506,0.18081306119123933,0.013908479390059719,0.19931867414464624,468
equal_weight,LSTM+1DCNN+TCN+TST,4,gfc,JP,momentum,static,LSTM:L22|1DCNN:L60|TCN:L22|TST:L22,Pre-Lehman,0.18922199313324725,0.13773454273465705,0.013517368633159055,0.17577074404964393,277
equal_weight,LSTM+1DCNN+TCN+TST,4,gfc,JP,momentum,static,LSTM:L22|1DCNN:L60|TCN:L22|TST:L22,Lehman Crisis,0.43581684003516213,0.3031181501315789,0.016528032230464413,0.20486472446880322,114
equal_weight,LSTM+1DCNN+TCN+TST,4,gfc,JP,momentum,static,LSTM:L22|1DCNN:L60|TCN:L22|TST:L22,Recovery,0.19055794365435924,0.15470876863636362,0.011437163232336973,0.15354813274602952,77
equal_weight,LSTM+1DCNN,2,gfc,KR,core,expanding,LSTM:L252|1DCNN:L60,Full Test,0.2926579319007224,0.18394858602741557,0.011601510574707591,0.19913439238258018,473
equal_weight,LSTM+1DCNN,2,gfc,KR,core,expanding,LSTM:L252|1DCNN:L60,Pre-Lehman,0.17801225091943215,0.13554595502940092,0.01119606235398746,0.15579203446500625,275
equal_weight,LSTM+1DCNN,2,gfc,KR,core,expanding,LSTM:L252|1DCNN:L60,Lehman Crisis,0.47248504985591105,0.32489323161416134,0.014472900785778066,0.20290091439441046,118
equal_weight,LSTM+1DCNN,2,gfc,KR,core,expanding,LSTM:L252|1DCNN:L60,Recovery,0.26112613696001163,0.14243927784264088,0.008759938272104095,0.19681364751077393,80
equal_weight,LSTM+TCN,2,gfc,KR,core,expanding,LSTM:L252|TCN:L22,Full Test,0.28281655093100905,0.1786099622541956,0.010922118272252021,0.19243798266328319,473
equal_weight,LSTM+TCN,2,gfc,KR,core,expanding,LSTM:L252|TCN:L22,Pre-Lehman,0.1708155422913636,0.13107593861493197,0.01059484674390529,0.14949364841108173,275
equal_weight,LSTM+TCN,2,gfc,KR,core,expanding,LSTM:L252|TCN:L22,Lehman Crisis,0.46950436820945185,0.3198384733523353,0.01427722490766678,0.20162090980639305,118
equal_weight,LSTM+TCN,2,gfc,KR,core,expanding,LSTM:L252|TCN:L22,Recovery,0.2178821551437394,0.13369611464440823,0.007098331863707147,0.1642201817886755,80
equal_weight,LSTM+TST,2,gfc,KR,core,expanding,LSTM:L252|TST:L22,Full Test,0.3849702594746284,0.19316183643801005,0.012745015859017552,0.26194683399816343,473
equal_weight,LSTM+TST,2,gfc,KR,core,expanding,LSTM:L252|TST:L22,Pre-Lehman,0.16658346955741737,0.12725142718414476,0.010310014458805047,0.14578984028652872,275
equal_weight,LSTM+TST,2,gfc,KR,core,expanding,LSTM:L252|TST:L22,Lehman Crisis,0.6996631605677575,0.3845897667544349,0.021965785272871064,0.3004588083592783,118
equal_weight,LSTM+TST,2,gfc,KR,core,expanding,LSTM:L252|TST:L22,Recovery,0.24248612632382296,0.13737267103144551,0.0075146982868141005,0.18276446604752686,80
equal_weight,1DCNN+TCN,2,gfc,KR,core,expanding,1DCNN:L60|TCN:L22,Full Test,0.43705128168760404,0.20487371206787625,0.01251069945406423,0.2973845296235215,473
equal_weight,1DCNN+TCN,2,gfc,KR,core,expanding,1DCNN:L60|TCN:L22,Pre-Lehman,0.1858756900720234,0.1423155123537237,0.012115761472326899,0.16267392701535907,275
equal_weight,1DCNN+TCN,2,gfc,KR,core,expanding,1DCNN:L60|TCN:L22,Lehman Crisis,0.8083142836900585,0.39642180073059213,0.016393784420095495,0.34711724175990655,118
equal_weight,1DCNN+TCN,2,gfc,KR,core,expanding,1DCNN:L60|TCN:L22,Recovery,0.21651954497626344,0.13738409280776978,0.008140748441390195,0.16319316748701146,80
equal_weight,1DCNN+TST,2,gfc,KR,core,expanding,1DCNN:L60|TST:L22,Full Test,0.2752681087277434,0.17660302535048408,0.01146278697840578,0.18730176632422887,473
equal_weight,1DCNN+TST,2,gfc,KR,core,expanding,1DCNN:L60|TST:L22,Pre-Lehman,0.18359464211835766,0.1389140122207703,0.011854813708249094,0.16067760878681947,275
equal_weight,1DCNN+TST,2,gfc,KR,core,expanding,1DCNN:L60|TST:L22,Lehman Crisis,0.433222073640502,0.28880391429934094,0.01281586481013774,0.18604007662106306,118
equal_weight,1DCNN+TST,2,gfc,KR,core,expanding,1DCNN:L60|TST:L22,Recovery,0.23517502621167535,0.1406626967843113,0.008119405292764758,0.1772540093114072,80
equal_weight,TCN+TST,2,gfc,KR,core,expanding,TCN:L22|TST:L22,Full Test,0.2903878000120886,0.18443119454247167,0.011199244681039834,0.19758971757627844,473
equal_weight,TCN+TST,2,gfc,KR,core,expanding,TCN:L22|TST:L22,Pre-Lehman,0.17328269946559233,0.13460558979231874,0.011062342197320076,0.15165284494689765,275
equal_weight,TCN+TST,2,gfc,KR,core,expanding,TCN:L22|TST:L22,Lehman Crisis,0.4907672830359787,0.3326334694187358,0.014205688860979565,0.2107519179987336,118
equal_weight,TCN+TST,2,gfc,KR,core,expanding,TCN:L22|TST:L22,Recovery,0.20024254910434347,0.13710835542863273,0.007235341803415401,0.15092501629630564,80
equal_weight,LSTM+1DCNN+TCN,3,gfc,KR,core,expanding,LSTM:L252|1DCNN:L60|TCN:L22,Full Test,0.30159426760274616,0.18175613327795895,0.01109582448666257,0.205214978576133,473
equal_weight,LSTM+1DCNN+TCN,3,gfc,KR,core,expanding,LSTM:L252|1DCNN:L60|TCN:L22,Pre-Lehman,0.1755856072118674,0.13502930232972812,0.01103134312843488,0.15366829433942172,275
equal_weight,LSTM+1DCNN+TCN,3,gfc,KR,core,expanding,LSTM:L252|1DCNN:L60|TCN:L22,Lehman Crisis,0.5071952231217184,0.32155037229343997,0.013566200201712623,0.21780662600701806,118
equal_weight,LSTM+1DCNN+TCN,3,gfc,KR,core,expanding,LSTM:L252|1DCNN:L60|TCN:L22,Recovery,0.22886065708671388,0.13618311211466788,0.007673674975871431,0.17249479970611442,80
equal_weight,LSTM+1DCNN+TST,3,gfc,KR,core,expanding,LSTM:L252|1DCNN:L60|TST:L22,Full Test,0.29090133204497043,0.1778130798704941,0.011031595591834304,0.19793914220547867,473
equal_weight,LSTM+1DCNN+TST,3,gfc,KR,core,expanding,LSTM:L252|1DCNN:L60|TST:L22,Pre-Lehman,0.17315090957528043,0.13194951258509882,0.010837556102058091,0.15153750560914103,275
equal_weight,LSTM+1DCNN+TST,3,gfc,KR,core,expanding,LSTM:L252|1DCNN:L60|TST:L22,Lehman Crisis,0.4784936308274223,0.31243517790953634,0.01362474656661739,0.20548120042399867,118
equal_weight,LSTM+1DCNN+TST,3,gfc,KR,core,expanding,LSTM:L252|1DCNN:L60|TST:L22,Recovery,0.24406170146347764,0.13690149780645308,0.007873708650134972,0.18395199439598253,80
equal_weight,LSTM+TCN+TST,3,gfc,KR,core,expanding,LSTM:L252|TCN:L22|TST:L22,Full Test,0.27145595605643213,0.17242212375252888,0.010580843673484627,0.18470784822694417,473
equal_weight,LSTM+TCN+TST,3,gfc,KR,core,expanding,LSTM:L252|TCN:L22|TST:L22,Pre-Lehman,0.16782654629281624,0.12959930539123363,0.010436470339521194,0.14687775110504625,275
equal_weight,LSTM+TCN+TST,3,gfc,KR,core,expanding,LSTM:L252|TCN:L22|TST:L22,Lehman Crisis,0.4448100795656235,0.298333669683493,0.01336304774671209,0.19101635470421516,118
equal_weight,LSTM+TCN+TST,3,gfc,KR,core,expanding,LSTM:L252|TCN:L22|TST:L22,Recovery,0.21685228272268425,0.13390603162130926,0.006973376000973419,0.16344395559386277,80
equal_weight,1DCNN+TCN+TST,3,gfc,KR,core,expanding,1DCNN:L60|TCN:L22|TST:L22,Full Test,0.308327242742823,0.18487647733262497,0.01129557233190128,0.20979632344089838,473
equal_weight,1DCNN+TCN+TST,3,gfc,KR,core,expanding,1DCNN:L60|TCN:L22|TST:L22,Pre-Lehman,0.1785616225204302,0.1372860407193412,0.011404198225721158,0.15627283125823102,275
equal_weight,1DCNN+TCN+TST,3,gfc,KR,core,expanding,1DCNN:L60|TCN:L22|TST:L22,Lehman Crisis,0.5248116743064803,0.3287940497232167,0.013561308830935261,0.2253717205107759,118
equal_weight,1DCNN+TCN+TST,3,gfc,KR,core,expanding,1DCNN:L60|TCN:L22|TST:L22,Recovery,0.21498489770179535,0.13619018391466525,0.007580209485820324,0.1620364869216463,80
equal_weight,LSTM+1DCNN+TCN+TST,4,gfc,KR,core,expanding,LSTM:L252|1DCNN:L60|TCN:L22|TST:L22,Full Test,0.2715031932788242,0.17369380396140174,0.010692131015851654,0.18473999003672803,473
equal_weight,LSTM+1DCNN+TCN+TST,4,gfc,KR,core,expanding,LSTM:L252|1DCNN:L60|TCN:L22|TST:L22,Pre-Lehman,0.17247631076613665,0.13288311408927891,0.010797821306955181,0.15094711297952507,275
equal_weight,LSTM+1DCNN+TCN+TST,4,gfc,KR,core,expanding,LSTM:L252|1DCNN:L60|TCN:L22|TST:L22,Lehman Crisis,0.438042819240262,0.2952245522803516,0.012690533653514252,0.1881102663351131,118
equal_weight,LSTM+1DCNN+TCN+TST,4,gfc,KR,core,expanding,LSTM:L252|1DCNN:L60|TCN:L22|TST:L22,Recovery,0.22483256741191215,0.13472269662637282,0.007381176749630939,0.16945878412135656,80
equal_weight,LSTM+1DCNN,2,gfc,KR,core,static,LSTM:L252|1DCNN:L60,Full Test,0.3413274498946581,0.2083221226744186,0.014933517486528903,0.23225078499406765,473
equal_weight,LSTM+1DCNN,2,gfc,KR,core,static,LSTM:L252|1DCNN:L60,Pre-Lehman,0.1928223025310922,0.13929398465454546,0.012122139641458031,0.16875343510401614,275
equal_weight,LSTM+1DCNN,2,gfc,KR,core,static,LSTM:L252|1DCNN:L60,Lehman Crisis,0.5702234860049399,0.40864286334745764,0.02475865822515201,0.24487307462422972,118
equal_weight,LSTM+1DCNN,2,gfc,KR,core,static,LSTM:L252|1DCNN:L60,Recovery,0.28534418121383615,0.150133254625,0.010105546239490943,0.2150670546516153,80
equal_weight,LSTM+TCN,2,gfc,KR,core,static,LSTM:L252|TCN:L22,Full Test,0.2902205802303339,0.1810483862896406,0.01072951246671879,0.1974759357934187,473
equal_weight,LSTM+TCN,2,gfc,KR,core,static,LSTM:L252|TCN:L22,Pre-Lehman,0.17361649818779593,0.13262907187272727,0.010636167430258739,0.15194497770918616,275
equal_weight,LSTM+TCN,2,gfc,KR,core,static,LSTM:L252|TCN:L22,Lehman Crisis,0.4836501574080956,0.3219725834745762,0.01327559668644393,0.20769558601798288,118
equal_weight,LSTM+TCN,2,gfc,KR,core,static,LSTM:L252|TCN:L22,Recovery,0.22215804202470935,0.13962658875000003,0.0072949118054556365,0.16744296506126632,80
equal_weight,LSTM+TST,2,gfc,KR,core,static,LSTM:L252|TST:L22,Full Test,0.3657918095749319,0.1925369973995772,0.012309321769383139,0.2488971658868859,473
equal_weight,LSTM+TST,2,gfc,KR,core,static,LSTM:L252|TST:L22,Pre-Lehman,0.1728897110744482,0.1296687200181818,0.010274679314573841,0.15130891113204847,275
equal_weight,LSTM+TST,2,gfc,KR,core,static,LSTM:L252|TST:L22,Lehman Crisis,0.6564544886195138,0.3773711627118644,0.02056159278006882,0.2819035569814187,118
equal_weight,LSTM+TST,2,gfc,KR,core,static,LSTM:L252|TST:L22,Recovery,0.2296493697852404,0.1360163070625,0.0071313054670287205,0.17308926136923242,80
equal_weight,1DCNN+TCN,2,gfc,KR,core,static,1DCNN:L60|TCN:L22,Full Test,0.4136279397429107,0.20893287822410148,0.014060220891457649,0.28144649289243523,473
equal_weight,1DCNN+TCN,2,gfc,KR,core,static,1DCNN:L60|TCN:L22,Pre-Lehman,0.18916706415754567,0.14062392696363635,0.01318604770363344,0.16555445851488154,275
equal_weight,1DCNN+TCN,2,gfc,KR,core,static,1DCNN:L60|TCN:L22,Lehman Crisis,0.7504264667735644,0.40363561504237294,0.01864018586285154,0.322258273656319,118
equal_weight,1DCNN+TCN,2,gfc,KR,core,static,1DCNN:L60|TCN:L22,Recovery,0.24066323033762854,0.15655836137499998,0.010309742891797386,0.1813905294703353,80
equal_weight,1DCNN+TST,2,gfc,KR,core,static,1DCNN:L60|TST:L22,Full Test,0.3110441984358967,0.19776155550739957,0.014294945060196882,0.21164503258346978,473
equal_weight,1DCNN+TST,2,gfc,KR,core,static,1DCNN:L60|TST:L22,Pre-Lehman,0.19512264369178617,0.14318513038181818,0.013107537038456962,0.1707666382847824,275
equal_weight,1DCNN+TST,2,gfc,KR,core,static,1DCNN:L60|TST:L22,Lehman Crisis,0.5069103171653526,0.3528206345338983,0.019805364018954,0.21768427812871252,118
equal_weight,1DCNN+TST,2,gfc,KR,core,static,1DCNN:L60|TST:L22,Recovery,0.24927275418063538,0.15665587531250003,0.010248792170761106,0.18787962249123252,80
equal_weight,TCN+TST,2,gfc,KR,core,static,TCN:L22|TST:L22,Full Test,0.3103661589827001,0.1907105967124736,0.011507887639182578,0.211183671520038,473
equal_weight,TCN+TST,2,gfc,KR,core,static,TCN:L22|TST:L22,Pre-Lehman,0.16909917046926393,0.12969461003636365,0.010906625107611777,0.1479915212885009,275
equal_weight,TCN+TST,2,gfc,KR,core,static,TCN:L22|TST:L22,Lehman Crisis,0.5407543090088924,0.36397918686440683,0.015090933361379818,0.23221802243017603,118
equal_weight,TCN+TST,2,gfc,KR,core,static,TCN:L22|TST:L22,Recovery,0.19982027299082408,0.1448818804375,0.008289735151216272,0.1506067423173178,80
equal_weight,LSTM+1DCNN+TCN,3,gfc,KR,core,static,LSTM:L252|1DCNN:L60|TCN:L22,Full Test,0.30259042401972147,0.18751434505990136,0.011914733129816349,0.20589279746459666,473
equal_weight,LSTM+1DCNN+TCN,3,gfc,KR,core,static,LSTM:L252|1DCNN:L60|TCN:L22,Pre-Lehman,0.18035654158406975,0.13552175421818183,0.011357270716372377,0.157843701357546,275
equal_weight,LSTM+1DCNN+TCN,3,gfc,KR,core,static,LSTM:L252|1DCNN:L60|TCN:L22,Lehman Crisis,0.5008510596532615,0.3389090668079096,0.015554661620642623,0.2150822298908873,118
equal_weight,LSTM+1DCNN+TCN,3,gfc,KR,core,static,LSTM:L252|1DCNN:L60|TCN:L22,Recovery,0.24399009265132443,0.14293166150000003,0.008462115652061248,0.18389802226725985,80
equal_weight,LSTM+1DCNN+TST,3,gfc,KR,core,static,LSTM:L252|1DCNN:L60|TST:L22,Full Test,0.32264661725563715,0.19419432357293864,0.012748468400605527,0.2195397122511798,473
equal_weight,LSTM+1DCNN+TST,3,gfc,KR,core,static,LSTM:L252|1DCNN:L60|TST:L22,Pre-Lehman,0.1828442467093665,0.13433738158787878,0.011278299874233963,0.16002088096752395,275
equal_weight,LSTM+1DCNN+TST,3,gfc,KR,core,static,LSTM:L252|1DCNN:L60|TST:L22,Lehman Crisis,0.5447381146793364,0.36721941709039546,0.019029429008347767,0.23392880209318453,118
equal_weight,LSTM+1DCNN+TST,3,gfc,KR,core,static,LSTM:L252|1DCNN:L60|TST:L22,Recovery,0.25076427272020274,0.14474054870833336,0.00853775581358798,0.18900379645510473,80
equal_weight,LSTM+TCN+TST,3,gfc,KR,core,static,LSTM:L252|TCN:L22|TST:L22,Full Test,0.25985194987796395,0.17073476439041577,0.010252252229041768,0.17681208868499143,473
equal_weight,LSTM+TCN+TST,3,gfc,KR,core,static,LSTM:L252|TCN:L22|TST:L22,Pre-Lehman,0.16850731738980243,0.1289806817212121,0.010214345857127879,0.147473545727972,275
equal_weight,LSTM+TCN+TST,3,gfc,KR,core,static,LSTM:L252|TCN:L22|TST:L22,Lehman Crisis,0.4172736913291886,0.2908630124293785,0.012490382243905465,0.17919130702851307,118
equal_weight,LSTM+TCN+TST,3,gfc,KR,core,static,LSTM:L252|TCN:L22|TST:L22,Recovery,0.21166021430770357,0.13707525770833334,0.00708131361057181,0.15953063659627975,80
equal_weight,1DCNN+TCN+TST,3,gfc,KR,core,static,1DCNN:L60|TCN:L22|TST:L22,Full Test,0.3026305664519397,0.18826115189570122,0.012357325270581592,0.2059201117383157,473
equal_weight,1DCNN+TCN+TST,3,gfc,KR,core,static,1DCNN:L60|TCN:L22|TST:L22,Pre-Lehman,0.18167131933051084,0.13604631493333336,0.012000694185467961,0.15899436317517715,275
equal_weight,1DCNN+TCN+TST,3,gfc,KR,core,static,1DCNN:L60|TCN:L22|TST:L22,Lehman Crisis,0.5056907566644779,0.3367082382768361,0.01536674775791063,0.21716055797886086,118
equal_weight,1DCNN+TCN+TST,3,gfc,KR,core,static,1DCNN:L60|TCN:L22|TST:L22,Recovery,0.22550688477222103,0.1487902015416667,0.009144346456849367,0.16996702475344216,80
equal_weight,LSTM+1DCNN+TCN+TST,4,gfc,KR,core,static,LSTM:L252|1DCNN:L60|TCN:L22|TST:L22,Full Test,0.2735211250197514,0.17726249673361524,0.011255578717892624,0.18611305952071328,473
equal_weight,LSTM+1DCNN+TCN+TST,4,gfc,KR,core,static,LSTM:L252|1DCNN:L60|TCN:L22|TST:L22,Pre-Lehman,0.1764116982817726,0.1329790018727273,0.01096679355038662,0.15439126950982252,275
equal_weight,LSTM+1DCNN+TCN+TST,4,gfc,KR,core,static,LSTM:L252|1DCNN:L60|TCN:L22|TST:L22,Lehman Crisis,0.43740955798372827,0.304698072351695,0.014127617600244386,0.18783832297741054,118
equal_weight,LSTM+1DCNN+TCN+TST,4,gfc,KR,core,static,LSTM:L252|1DCNN:L60|TCN:L22|TST:L22,Recovery,0.23054367337357787,0.14151953628125,0.008012020379725671,0.17376330784142588,80
equal_weight,LSTM+1DCNN,2,gfc,KR,extended,expanding,LSTM:L22|1DCNN:L22,Full Test,0.29559106305235283,0.1916968898087677,0.013503988729005592,0.2011301943957526,473
equal_weight,LSTM+1DCNN,2,gfc,KR,extended,expanding,LSTM:L22|1DCNN:L22,Pre-Lehman,0.19764238702666728,0.14857601750980723,0.013695763934480553,0.17297185678159097,275
equal_weight,LSTM+1DCNN,2,gfc,KR,extended,expanding,LSTM:L22|1DCNN:L22,Lehman Crisis,0.451954625910501,0.3197294251393464,0.015098416994836689,0.1940844623337602,118
equal_weight,LSTM+1DCNN,2,gfc,KR,extended,expanding,LSTM:L22|1DCNN:L22,Recovery,0.2846646052151254,0.15107689872384072,0.010492979768084543,0.21455485047129924,80
equal_weight,LSTM+TCN,2,gfc,KR,extended,expanding,LSTM:L22|TCN:L22,Full Test,0.28855959042710383,0.1969923758859614,0.014161920418833062,0.19634574170831035,473
equal_weight,LSTM+TCN,2,gfc,KR,extended,expanding,LSTM:L22|TCN:L22,Pre-Lehman,0.18861925033309765,0.14672207344662058,0.013946928696526794,0.16507502487543585,275
equal_weight,LSTM+TCN,2,gfc,KR,extended,expanding,LSTM:L22|TCN:L22,Lehman Crisis,0.4547606711012685,0.3316118873782077,0.016657042871331178,0.19528947217526182,118
equal_weight,LSTM+TCN,2,gfc,KR,extended,expanding,LSTM:L22|TCN:L22,Recovery,0.2549050276066309,0.17123276107013224,0.011220648846826133,0.19212472882321355,80
equal_weight,LSTM+TST,2,gfc,KR,extended,expanding,LSTM:L22|TST:L60,Full Test,0.3956833958889659,0.2059455666017367,0.01473986673004817,0.26923641571742635,473
equal_weight,LSTM+TST,2,gfc,KR,extended,expanding,LSTM:L22|TST:L60,Pre-Lehman,0.1700771521560916,0.13362222436137114,0.011403425264458436,0.14884742714929353,275
equal_weight,LSTM+TST,2,gfc,KR,extended,expanding,LSTM:L22|TST:L60,Lehman Crisis,0.7195803043165343,0.4092121187069961,0.025929244980941183,0.30901189735116097,118
equal_weight,LSTM+TST,2,gfc,KR,extended,expanding,LSTM:L22|TST:L60,Recovery,0.25001972394592387,0.15473889119773582,0.009704551347945683,0.18844262160922473,80
equal_weight,1DCNN+TCN,2,gfc,KR,extended,expanding,1DCNN:L22|TCN:L22,Full Test,0.4029314402850385,0.23496835396859408,0.017696636682877798,0.27416823119018624,473
equal_weight,1DCNN+TCN,2,gfc,KR,extended,expanding,1DCNN:L22|TCN:L22,Pre-Lehman,0.22260305562583116,0.16624906409870494,0.017828645856409076,0.19481683274580447,275
equal_weight,1DCNN+TCN,2,gfc,KR,extended,expanding,1DCNN:L22|TCN:L22,Lehman Crisis,0.6905213639458042,0.42120453816349224,0.01945501373343425,0.2965330145286212,118
equal_weight,1DCNN+TCN,2,gfc,KR,extended,expanding,1DCNN:L22|TCN:L22,Recovery,0.2937209043487794,0.19649254120886325,0.014649248999293263,0.2213806829451893,80
equal_weight,1DCNN+TST,2,gfc,KR,extended,expanding,1DCNN:L22|TST:L60,Full Test,0.299787221350012,0.19587136663714858,0.013939949450437658,0.20398540295790749,473
equal_weight,1DCNN+TST,2,gfc,KR,extended,expanding,1DCNN:L22|TST:L60,Pre-Lehman,0.20102874029835202,0.15215354284126975,0.014305026158883584,0.17593551160247053,275
equal_weight,1DCNN+TST,2,gfc,KR,extended,expanding,1DCNN:L22|TST:L60,Lehman Crisis,0.4642452124186652,0.3248418789633592,0.015451598617192726,0.19936245206425138,118
equal_weight,1DCNN+TST,2,gfc,KR,extended,expanding,1DCNN:L22|TST:L60,Recovery,0.2730475126014473,0.15591988025432113,0.010455315744191071,0.20579891972692266,80
equal_weight,TCN+TST,2,gfc,KR,extended,expanding,TCN:L22|TST:L60,Full Test,0.2953681405011633,0.20422127197900738,0.015035323132760065,0.2009785103238698,473
equal_weight,TCN+TST,2,gfc,KR,extended,expanding,TCN:L22|TST:L60,Pre-Lehman,0.19919583056597684,0.1551453259068734,0.015107701174178733,0.17433139315150684,275
equal_weight,TCN+TST,2,gfc,KR,extended,expanding,TCN:L22|TST:L60,Lehman Crisis,0.4607577569773445,0.32966405600951765,0.016236438434065067,0.19786482182564485,118
equal_weight,TCN+TST,2,gfc,KR,extended,expanding,TCN:L22|TST:L60,Recovery,0.25745817670057214,0.18789173015696528,0.013014878545958517,0.19404906543565442,80
equal_weight,LSTM+1DCNN+TCN,3,gfc,KR,extended,expanding,LSTM:L22|1DCNN:L22|TCN:L22,Full Test,0.3027379528041919,0.19632519209275706,0.014011311889384996,0.20599318081445164,473
equal_weight,LSTM+1DCNN+TCN,3,gfc,KR,extended,expanding,LSTM:L22|1DCNN:L22|TCN:L22,Pre-Lehman,0.19469370886764978,0.14773924426598983,0.014224299446300536,0.1703912446776309,275
equal_weight,LSTM+1DCNN+TCN,3,gfc,KR,extended,expanding,LSTM:L22|1DCNN:L22|TCN:L22,Lehman Crisis,0.4792635003896858,0.3334469205915591,0.015538461258645947,0.20581180821401301,118
equal_weight,LSTM+1DCNN+TCN,3,gfc,KR,extended,expanding,LSTM:L22|1DCNN:L22|TCN:L22,Recovery,0.269784460035713,0.1610848382115364,0.01102662184282793,0.20333952104336653,80
equal_weight,LSTM+1DCNN+TST,3,gfc,KR,extended,expanding,LSTM:L22|1DCNN:L22|TST:L60,Full Test,0.3034315637984219,0.1886422285755653,0.012820554602619445,0.20646513728249888,473
equal_weight,LSTM+1DCNN+TST,3,gfc,KR,extended,expanding,LSTM:L22|1DCNN:L22|TST:L60,Pre-Lehman,0.18315125509690378,0.1409735385914659,0.012517105028477365,0.16028956714490494,275
equal_weight,LSTM+1DCNN+TST,3,gfc,KR,extended,expanding,LSTM:L22|1DCNN:L22|TST:L60,Lehman Crisis,0.493542523915171,0.3294253257198045,0.01592830548405672,0.21194369943652638,118
equal_weight,LSTM+1DCNN+TST,3,gfc,KR,extended,expanding,LSTM:L22|1DCNN:L22|TST:L60,Recovery,0.26414494738606303,0.1448482821081543,0.009279729963612862,0.19908895820165937,80
equal_weight,LSTM+TCN+TST,3,gfc,KR,extended,expanding,LSTM:L22|TCN:L22|TST:L60,Full Test,0.29692337371437555,0.19274530985718338,0.01319888285118877,0.20203674380114076,473
equal_weight,LSTM+TCN+TST,3,gfc,KR,extended,expanding,LSTM:L22|TCN:L22|TST:L60,Pre-Lehman,0.1818512127017641,0.14213511148457839,0.012923937880999775,0.15915180135303686,275
equal_weight,LSTM+TCN+TST,3,gfc,KR,extended,expanding,LSTM:L22|TCN:L22|TST:L60,Lehman Crisis,0.48557440442484345,0.331643764200061,0.015990185496155145,0.20852192189862456,118
equal_weight,LSTM+TCN+TST,3,gfc,KR,extended,expanding,LSTM:L22|TCN:L22|TST:L60,Recovery,0.24456039540511104,0.16184264660726866,0.010026834784888038,0.18432786551630406,80
equal_weight,1DCNN+TCN+TST,3,gfc,KR,extended,expanding,1DCNN:L22|TCN:L22|TST:L60,Full Test,0.2978642599946166,0.19934086225463815,0.014340203038231768,0.20267695476860043,473
equal_weight,1DCNN+TCN+TST,3,gfc,KR,extended,expanding,1DCNN:L22|TCN:L22|TST:L60,Pre-Lehman,0.1994019264590726,0.15281611007835627,0.014850077841044803,0.17451176331319196,275
equal_weight,1DCNN+TCN+TST,3,gfc,KR,extended,expanding,1DCNN:L22|TCN:L22|TST:L60,Lehman Crisis,0.4639517851268885,0.32608679981270394,0.015081216005411822,0.19923644455178527,118
equal_weight,1DCNN+TCN+TST,3,gfc,KR,extended,expanding,1DCNN:L22|TCN:L22|TST:L60,Recovery,0.2653317662172928,0.17231943996246019,0.011494514276971382,0.19998347663565502,80
equal_weight,LSTM+1DCNN+TCN+TST,4,gfc,KR,extended,expanding,LSTM:L22|1DCNN:L22|TCN:L22|TST:L60,Full Test,0.2822616436679627,0.18739995831296175,0.013008667251299044,0.19206040492282098,473
equal_weight,LSTM+1DCNN+TCN+TST,4,gfc,KR,extended,expanding,LSTM:L22|1DCNN:L22|TCN:L22|TST:L60,Pre-Lehman,0.18620216129294218,0.14370026341891104,0.013250780378419164,0.16295964676463762,275
equal_weight,LSTM+1DCNN+TCN+TST,4,gfc,KR,extended,expanding,LSTM:L22|1DCNN:L22|TCN:L22|TST:L60,Lehman Crisis,0.44025509109049266,0.3110450050008735,0.014556634634851264,0.18906029000557145,118
equal_weight,LSTM+1DCNN+TCN+TST,4,gfc,KR,extended,expanding,LSTM:L22|1DCNN:L22|TCN:L22|TST:L60,Recovery,0.25687533232046245,0.1552412156465912,0.009893151486084117,0.19360976920236272,80
equal_weight,LSTM+1DCNN,2,gfc,KR,extended,static,LSTM:L22|1DCNN:L22,Full Test,0.35384374485765363,0.22745011163847778,0.01645236549499388,0.24076729701579389,473
equal_weight,LSTM+1DCNN,2,gfc,KR,extended,static,LSTM:L22|1DCNN:L22,Pre-Lehman,0.1987087361597052,0.14936424885454544,0.014484766329773881,0.1739051000426716,275
equal_weight,LSTM+1DCNN,2,gfc,KR,extended,static,LSTM:L22|1DCNN:L22,Lehman Crisis,0.5648601671913579,0.41746517033898317,0.01929137542415949,0.24256988578633537,118
equal_weight,LSTM+1DCNN,2,gfc,KR,extended,static,LSTM:L22|1DCNN:L22,Recovery,0.3659546710103873,0.21559805337500001,0.019028447979918338,0.2758240693586238,80
equal_weight,LSTM+TCN,2,gfc,KR,extended,static,LSTM:L22|TCN:L22,Full Test,0.3284547284577685,0.21691373517970403,0.01578174079805341,0.2234917482988055,473
equal_weight,LSTM+TCN,2,gfc,KR,extended,static,LSTM:L22|TCN:L22,Pre-Lehman,0.20604034261724127,0.16364112154545457,0.01579321236006757,0.18032154543461737,275
equal_weight,LSTM+TCN,2,gfc,KR,extended,static,LSTM:L22|TCN:L22,Lehman Crisis,0.5367324465951704,0.37748264067796616,0.019149751087358863,0.23049089992621938,118
equal_weight,LSTM+TCN,2,gfc,KR,extended,static,LSTM:L22|TCN:L22,Recovery,0.25885112648664316,0.16319920893749998,0.0107744921269042,0.19509894727804475,80
equal_weight,LSTM+TST,2,gfc,KR,extended,static,LSTM:L22|TST:L60,Full Test,0.41410657284842667,0.21640365987315013,0.016328509367691788,0.2817721711070486,473
equal_weight,LSTM+TST,2,gfc,KR,extended,static,LSTM:L22|TST:L60,Pre-Lehman,0.1854337006825231,0.14939027827272727,0.013800548899635378,0.1622871087185563,275
equal_weight,LSTM+TST,2,gfc,KR,extended,static,LSTM:L22|TST:L60,Lehman Crisis,0.7447376697421538,0.4132130919491526,0.026213956791580735,0.31981531356403226,118
equal_weight,LSTM+TST,2,gfc,KR,extended,static,LSTM:L22|TST:L60,Recovery,0.2785938128229938,0.1564682468125,0.010437338526399512,0.20997922758797571,80
equal_weight,1DCNN+TCN,2,gfc,KR,extended,static,1DCNN:L22|TCN:L22,Full Test,0.6055254603920373,0.3512976470295983,0.027055525513093773,0.41202008087350683,473
equal_weight,1DCNN+TCN,2,gfc,KR,extended,static,1DCNN:L22|TCN:L22,Pre-Lehman,0.22088346885708451,0.1694179301090909,0.01772348797768604,0.1933118920271865,275
equal_weight,1DCNN+TCN,2,gfc,KR,extended,static,1DCNN:L22|TCN:L22,Lehman Crisis,1.1018841776092927,0.7665060550847459,0.04258974245416361,0.4731859929891433,118
equal_weight,1DCNN+TCN,2,gfc,KR,extended,static,1DCNN:L22|TCN:L22,Recovery,0.457493532050687,0.3640767720625,0.03622143455297989,0.3448179179324883,80
equal_weight,1DCNN+TST,2,gfc,KR,extended,static,1DCNN:L22|TST:L60,Full Test,0.3613044730114624,0.24156855958773782,0.01869934969604756,0.24584382974377753,473
equal_weight,1DCNN+TST,2,gfc,KR,extended,static,1DCNN:L22|TST:L60,Pre-Lehman,0.21173600306057896,0.16062785414545455,0.016248352928140874,0.18530625027623865,275
equal_weight,1DCNN+TST,2,gfc,KR,extended,static,1DCNN:L22|TST:L60,Lehman Crisis,0.5615811861658999,0.4133576665254238,0.020089882835182864,0.24116178144646702,118
equal_weight,1DCNN+TST,2,gfc,KR,extended,static,1DCNN:L22|TST:L60,Recovery,0.3905597666329193,0.2664133018125,0.025073614705502234,0.29436920114455534,80
equal_weight,TCN+TST,2,gfc,KR,extended,static,TCN:L22|TST:L60,Full Test,0.33118948573431234,0.23367087306553916,0.019280989179602782,0.22535256999492623,473
equal_weight,TCN+TST,2,gfc,KR,extended,static,TCN:L22|TST:L60,Pre-Lehman,0.23135645204087688,0.18830647225454547,0.020681799492913728,0.2024775946707724,275
equal_weight,TCN+TST,2,gfc,KR,extended,static,TCN:L22|TST:L60,Lehman Crisis,0.5124290808038799,0.36047419364406774,0.0191392717820408,0.22005422018381562,118
equal_weight,TCN+TST,2,gfc,KR,extended,static,TCN:L22|TST:L60,Recovery,0.27787689053697767,0.202576103,0.01467473688900033,0.2094388753585674,80
equal_weight,LSTM+1DCNN+TCN,3,gfc,KR,extended,static,LSTM:L22|1DCNN:L22|TCN:L22,Full Test,0.3935714082472513,0.25304307360817474,0.01771763460888809,0.2677993479424385,473
equal_weight,LSTM+1DCNN+TCN,3,gfc,KR,extended,static,LSTM:L22|1DCNN:L22|TCN:L22,Pre-Lehman,0.19413416585171875,0.15310150612121212,0.014510392412108726,0.16990154628636753,275
equal_weight,LSTM+1DCNN+TCN,3,gfc,KR,extended,static,LSTM:L22|1DCNN:L22|TCN:L22,Lehman Crisis,0.6723295321121666,0.4989447892655367,0.024087848495847775,0.2887208326728755,118
equal_weight,LSTM+1DCNN+TCN,3,gfc,KR,extended,static,LSTM:L22|1DCNN:L22|TCN:L22,Recovery,0.3457521156173708,0.23388718125,0.019346464177051624,0.26059718067167315,80
equal_weight,LSTM+1DCNN+TST,3,gfc,KR,extended,static,LSTM:L22|1DCNN:L22|TST:L60,Full Test,0.31475891619930707,0.20367335085976038,0.013985429412740669,0.21417265266456706,473
equal_weight,LSTM+1DCNN+TST,3,gfc,KR,extended,static,LSTM:L22|1DCNN:L22|TST:L60,Pre-Lehman,0.18620226846531288,0.14501545540606062,0.013360895303565934,0.16295974073131395,275
equal_weight,LSTM+1DCNN+TST,3,gfc,KR,extended,static,LSTM:L22|1DCNN:L22|TST:L60,Lehman Crisis,0.49459652905915075,0.3508300240112994,0.014904165080478158,0.2123963248475129,118
equal_weight,LSTM+1DCNN+TST,3,gfc,KR,extended,static,LSTM:L22|1DCNN:L22|TST:L60,Recovery,0.32521479211701376,0.18825377358333334,0.014777130303116013,0.24511797357216275,80
equal_weight,LSTM+TCN+TST,3,gfc,KR,extended,static,LSTM:L22|TCN:L22|TST:L60,Full Test,0.2968305074976672,0.20180244300211414,0.014939239830846229,0.20197355471350745,473
equal_weight,LSTM+TCN+TST,3,gfc,KR,extended,static,LSTM:L22|TCN:L22|TST:L60,Pre-Lehman,0.20324546792068324,0.16284489147878786,0.016163013127025064,0.1778755384139647,275
equal_weight,LSTM+TCN+TST,3,gfc,KR,extended,static,LSTM:L22|TCN:L22|TST:L60,Lehman Crisis,0.461802662286884,0.3234300878531073,0.01561220213898842,0.1983135394441899,118
equal_weight,LSTM+TCN+TST,3,gfc,KR,extended,static,LSTM:L22|TCN:L22|TST:L60,Recovery,0.2537338936463228,0.15631825020833331,0.009739899720721751,0.19124203248043944,80
equal_weight,1DCNN+TCN+TST,3,gfc,KR,extended,static,1DCNN:L22|TCN:L22|TST:L60,Full Test,0.387905455896758,0.2626312655602537,0.01979736087193483,0.2639440416037682,473
equal_weight,1DCNN+TCN+TST,3,gfc,KR,extended,static,1DCNN:L22|TCN:L22|TST:L60,Pre-Lehman,0.20713922806948137,0.16396421488484852,0.016693277666737817,0.1812832635160693,275
equal_weight,1DCNN+TCN+TST,3,gfc,KR,extended,static,1DCNN:L22|TCN:L22|TST:L60,Lehman Crisis,0.6420806483812611,0.4856895302259887,0.024308682010180566,0.27573094827678896,118
equal_weight,1DCNN+TCN+TST,3,gfc,KR,extended,static,1DCNN:L22|TCN:L22|TST:L60,Recovery,0.366157592309595,0.272788311875,0.02381344821088709,0.27597701337858255,80
equal_weight,LSTM+1DCNN+TCN+TST,4,gfc,KR,extended,static,LSTM:L22|1DCNN:L22|TCN:L22|TST:L60,Full Test,0.3168881451312519,0.21821008699260042,0.015543619436090145,0.21562145231730195,473
equal_weight,LSTM+1DCNN+TCN+TST,4,gfc,KR,extended,static,LSTM:L22|1DCNN:L22|TCN:L22|TST:L60,Pre-Lehman,0.19172798321846013,0.15307890897272727,0.014573564085555817,0.16779571319797495,275
equal_weight,LSTM+1DCNN+TCN+TST,4,gfc,KR,extended,static,LSTM:L22|1DCNN:L22|TCN:L22|TST:L60,Lehman Crisis,0.4996607409210255,0.37938916631355935,0.017677367649621033,0.21457106713646,118
equal_weight,LSTM+1DCNN+TCN+TST,4,gfc,KR,extended,static,LSTM:L22|1DCNN:L22|TCN:L22|TST:L60,Recovery,0.3148190605355881,0.20435936943749997,0.015730906088593833,0.23728259608994065,80
equal_weight,LSTM+1DCNN,2,gfc,KR,momentum,expanding,LSTM:L22|1DCNN:L22,Full Test,0.2853216128189464,0.18031865345751255,0.011281089190408409,0.19414251181680836,473
equal_weight,LSTM+1DCNN,2,gfc,KR,momentum,expanding,LSTM:L22|1DCNN:L22,Pre-Lehman,0.1750376218410791,0.13637254942547192,0.011350595577122065,0.1531887107414883,275
equal_weight,LSTM+1DCNN,2,gfc,KR,momentum,expanding,LSTM:L22|1DCNN:L22,Lehman Crisis,0.4607450184320134,0.3072372811325526,0.012907157869291195,0.1978593514673837,118
equal_weight,LSTM+1DCNN,2,gfc,KR,momentum,expanding,LSTM:L22|1DCNN:L22,Recovery,0.25077237607463015,0.14417841024696826,0.008643709684728103,0.18900990381422328,80
equal_weight,LSTM+TCN,2,gfc,KR,momentum,expanding,LSTM:L22|TCN:L22,Full Test,0.3007339484103579,0.1859100650657307,0.011831476042343414,0.20462958819044058,473
equal_weight,LSTM+TCN,2,gfc,KR,momentum,expanding,LSTM:L22|TCN:L22,Pre-Lehman,0.17913564320805586,0.1385959961197593,0.011787552022657376,0.15677520033838313,275
equal_weight,LSTM+TCN,2,gfc,KR,momentum,expanding,LSTM:L22|TCN:L22,Lehman Crisis,0.5046542376630676,0.32136799117266124,0.014062745634363005,0.21671544169720683,118
equal_weight,LSTM+TCN,2,gfc,KR,momentum,expanding,LSTM:L22|TCN:L22,Recovery,0.22085512981574348,0.1487517360597849,0.008691342211785278,0.16646094556654226,80
equal_weight,LSTM+TST,2,gfc,KR,momentum,expanding,LSTM:L22|TST:L22,Full Test,0.3581775372906094,0.19387190348407174,0.01237817837825751,0.2437161562313302,473
equal_weight,LSTM+TST,2,gfc,KR,momentum,expanding,LSTM:L22|TST:L22,Pre-Lehman,0.16977653155442024,0.13429684334662614,0.010871179913893515,0.1485843312393515,275
equal_weight,LSTM+TST,2,gfc,KR,momentum,expanding,LSTM:L22|TST:L22,Lehman Crisis,0.6384488903646522,0.37128231734046935,0.019087152854413855,0.2741713493127237,118
equal_weight,LSTM+TST,2,gfc,KR,momentum,expanding,LSTM:L22|TST:L22,Recovery,0.2412542583250915,0.1369808122683544,0.007662748247178145,0.18183599355946156,80
equal_weight,1DCNN+TCN,2,gfc,KR,momentum,expanding,1DCNN:L22|TCN:L22,Full Test,0.4984477130493066,0.21844151962635128,0.01334665331269889,0.3391607458848285,473
equal_weight,1DCNN+TCN,2,gfc,KR,momentum,expanding,1DCNN:L22|TCN:L22,Pre-Lehman,0.18531613372571726,0.14187023249539463,0.012809744529161476,0.16218421677834682,275
equal_weight,1DCNN+TCN,2,gfc,KR,momentum,expanding,1DCNN:L22|TCN:L22,Lehman Crisis,0.9408131994565732,0.440929179979583,0.01753241210476616,0.40401671651258364,118
equal_weight,1DCNN+TCN,2,gfc,KR,momentum,expanding,1DCNN:L22|TCN:L22,Recovery,0.21294250163927111,0.1534860201179981,0.009018283037809521,0.1604971104984099,80
equal_weight,1DCNN+TST,2,gfc,KR,momentum,expanding,1DCNN:L22|TST:L22,Full Test,0.2829139074134223,0.1794567211248721,0.011253909848472283,0.19250422731909672,473
equal_weight,1DCNN+TST,2,gfc,KR,momentum,expanding,1DCNN:L22|TST:L22,Pre-Lehman,0.17568568199467263,0.13556073782494035,0.01156445318255333,0.1537558773789673,275
equal_weight,1DCNN+TST,2,gfc,KR,momentum,expanding,1DCNN:L22|TST:L22,Lehman Crisis,0.4629168521355176,0.310135020839536,0.013086644459762861,0.1987920096424688,118
equal_weight,1DCNN+TST,2,gfc,KR,momentum,expanding,1DCNN:L22|TST:L22,Recovery,0.2259588837010732,0.13759867163925837,0.007483133585915072,0.17030770112254717,80
equal_weight,TCN+TST,2,gfc,KR,momentum,expanding,TCN:L22|TST:L22,Full Test,0.2963568839303011,0.18538218089179284,0.012016012951855132,0.2016512849201531,473
equal_weight,TCN+TST,2,gfc,KR,momentum,expanding,TCN:L22|TST:L22,Pre-Lehman,0.18332322208847474,0.14119878056428223,0.012411036776835268,0.16044006851399212,275
equal_weight,TCN+TST,2,gfc,KR,momentum,expanding,TCN:L22|TST:L22,Lehman Crisis,0.4964162623834148,0.3176513865041248,0.013914981925668436,0.2131777790399231,118
equal_weight,TCN+TST,2,gfc,KR,momentum,expanding,TCN:L22|TST:L22,Recovery,0.20067669787916373,0.14216554123942088,0.007857139317111291,0.15125223901299523,80
equal_weight,LSTM+1DCNN+TCN,3,gfc,KR,momentum,expanding,LSTM:L22|1DCNN:L22|TCN:L22,Full Test,0.3401521367274526,0.189608992889282,0.011695506656836926,0.23145106173932614,473
equal_weight,LSTM+1DCNN+TCN,3,gfc,KR,momentum,expanding,LSTM:L22|1DCNN:L22|TCN:L22,Pre-Lehman,0.17626998247386597,0.13661525585434653,0.01159682093889666,0.15426724308510403,275
equal_weight,LSTM+1DCNN+TCN,3,gfc,KR,momentum,expanding,LSTM:L22|1DCNN:L22|TCN:L22,Lehman Crisis,0.5977057082306139,0.3420407475724732,0.014126969154752351,0.2566748615130453,118
equal_weight,LSTM+1DCNN+TCN,3,gfc,KR,momentum,expanding,LSTM:L22|1DCNN:L22|TCN:L22,Recovery,0.22437247061635823,0.14693812578916549,0.008448331627831337,0.16911200409544572,80
equal_weight,LSTM+1DCNN+TST,3,gfc,KR,momentum,expanding,LSTM:L22|1DCNN:L22|TST:L22,Full Test,0.2720228875888956,0.17473828250501836,0.010885517172971586,0.1850936076885327,473
equal_weight,LSTM+1DCNN+TST,3,gfc,KR,momentum,expanding,LSTM:L22|1DCNN:L22|TST:L22,Pre-Lehman,0.17063063495873693,0.13376921552375923,0.010958023585333314,0.14933182196717903,275
equal_weight,LSTM+1DCNN+TST,3,gfc,KR,momentum,expanding,LSTM:L22|1DCNN:L22|TST:L22,Lehman Crisis,0.4364324341384383,0.29619429111035456,0.01285689215908787,0.18741871300493512,118
equal_weight,LSTM+1DCNN+TST,3,gfc,KR,momentum,expanding,LSTM:L22|1DCNN:L22|TST:L22,Recovery,0.23764211415910644,0.1364218375602258,0.007728498275956633,0.17911348068917332,80
equal_weight,LSTM+TCN+TST,3,gfc,KR,momentum,expanding,LSTM:L22|TCN:L22|TST:L22,Full Test,0.2726395957555156,0.1748129203358262,0.011219603253713588,0.18551323686188076,473
equal_weight,LSTM+TCN+TST,3,gfc,KR,momentum,expanding,LSTM:L22|TCN:L22|TST:L22,Pre-Lehman,0.17475118867503586,0.13563322771269026,0.011415761414368992,0.15293803133349448,275
equal_weight,LSTM+TCN+TST,3,gfc,KR,momentum,expanding,LSTM:L22|TCN:L22|TST:L22,Lehman Crisis,0.44140278014167034,0.28982460761867024,0.013121528279725422,0.1895531461456661,118
equal_weight,LSTM+TCN+TST,3,gfc,KR,momentum,expanding,LSTM:L22|TCN:L22|TST:L22,Recovery,0.2170990653876386,0.1398508749856612,0.007739970163093185,0.16362995840843178,80
equal_weight,1DCNN+TCN+TST,3,gfc,KR,momentum,expanding,1DCNN:L22|TCN:L22|TST:L22,Full Test,0.33401392164918603,0.187697258488356,0.011709589668791721,0.22727441181227462,473
equal_weight,1DCNN+TCN+TST,3,gfc,KR,momentum,expanding,1DCNN:L22|TCN:L22|TST:L22,Pre-Lehman,0.17768860833005137,0.1371294105896848,0.011894061118108264,0.15550879026592035,275
equal_weight,1DCNN+TCN+TST,3,gfc,KR,momentum,expanding,1DCNN:L22|TCN:L22|TST:L22,Lehman Crisis,0.5864422055263889,0.3363653800668016,0.01394157230047214,0.25183793598774434,118
equal_weight,1DCNN+TCN+TST,3,gfc,KR,momentum,expanding,1DCNN:L22|TCN:L22|TST:L22,Recovery,0.20933940983899046,0.1422387563118312,0.007783294680037497,0.15778142049592658,80
equal_weight,LSTM+1DCNN+TCN+TST,4,gfc,KR,momentum,expanding,LSTM:L22|1DCNN:L22|TCN:L22|TST:L22,Full Test,0.2848582705128534,0.17821902921057373,0.011108337016221916,0.19382723798161883,473
equal_weight,LSTM+1DCNN+TCN+TST,4,gfc,KR,momentum,expanding,LSTM:L22|1DCNN:L22|TCN:L22|TST:L22,Pre-Lehman,0.1731979548061209,0.13473179883392655,0.011302739045704361,0.15157867846205794,275
equal_weight,LSTM+1DCNN+TCN+TST,4,gfc,KR,momentum,expanding,LSTM:L22|1DCNN:L22|TCN:L22|TST:L22,Lehman Crisis,0.4715854208398653,0.3055555337910408,0.012915937317091702,0.20251458354642474,118
equal_weight,LSTM+1DCNN+TCN+TST,4,gfc,KR,momentum,expanding,LSTM:L22|1DCNN:L22|TCN:L22|TST:L22,Recovery,0.22049802036268376,0.13988503937410926,0.007773869596093083,0.16619178823577677,80
equal_weight,LSTM+1DCNN,2,gfc,KR,momentum,static,LSTM:L22|1DCNN:L22,Full Test,0.28518967950302204,0.18241006465116277,0.01170870374403671,0.19405274013919865,473
equal_weight,LSTM+1DCNN,2,gfc,KR,momentum,static,LSTM:L22|1DCNN:L22,Pre-Lehman,0.17527293136816308,0.13545434454545455,0.011705905924414279,0.1533946481339139,275
equal_weight,LSTM+1DCNN,2,gfc,KR,momentum,static,LSTM:L22|1DCNN:L22,Lehman Crisis,0.45183206085847855,0.3098130122881356,0.012838067784040681,0.19403182904896912,118
equal_weight,LSTM+1DCNN,2,gfc,KR,momentum,static,LSTM:L22|1DCNN:L22,Recovery,0.2723154295867242,0.15590100475000002,0.010052509289982955,0.20524714093790075,80
equal_weight,LSTM+TCN,2,gfc,KR,momentum,static,LSTM:L22|TCN:L22,Full Test,0.30158757053584945,0.19419439066596192,0.012620241346401885,0.20521042190723907,473
equal_weight,LSTM+TCN,2,gfc,KR,momentum,static,LSTM:L22|TCN:L22,Pre-Lehman,0.1826488088577309,0.14003160794545455,0.012611550618886712,0.15984983846683845,275
equal_weight,LSTM+TCN,2,gfc,KR,momentum,static,LSTM:L22|TCN:L22,Lehman Crisis,0.48566168115961794,0.33940380550847454,0.01363453550786513,0.20855940172849655,118
equal_weight,LSTM+TCN,2,gfc,KR,momentum,static,LSTM:L22|TCN:L22,Recovery,0.2742089860096487,0.166195069375,0.011154031834077021,0.2066743352860127,80
equal_weight,LSTM+TST,2,gfc,KR,momentum,static,LSTM:L22|TST:L22,Full Test,0.3912305072348614,0.1985722440591966,0.013629903761123293,0.26620651941989,473
equal_weight,LSTM+TST,2,gfc,KR,momentum,static,LSTM:L22|TST:L22,Pre-Lehman,0.17261867149984825,0.13390843256363635,0.011124500214385585,0.1510717038242709,275
equal_weight,LSTM+TST,2,gfc,KR,momentum,static,LSTM:L22|TST:L22,Lehman Crisis,0.6987767562399737,0.38299688177966096,0.02185926172489584,0.30007815703147994,118
equal_weight,LSTM+TST,2,gfc,KR,momentum,static,LSTM:L22|TST:L22,Recovery,0.28691617357424165,0.14882775543750001,0.010103925456469662,0.2162518826212941,80
equal_weight,1DCNN+TCN,2,gfc,KR,momentum,static,1DCNN:L22|TCN:L22,Full Test,0.508546899686392,0.22666872189217763,0.013439085955133268,0.3460325757419031,473
equal_weight,1DCNN+TCN,2,gfc,KR,momentum,static,1DCNN:L22|TCN:L22,Pre-Lehman,0.180369499832818,0.13698480154545456,0.012360091737270689,0.15785504210475468,275
equal_weight,1DCNN+TCN,2,gfc,KR,momentum,static,1DCNN:L22|TCN:L22,Lehman Crisis,0.9628213338128571,0.48430962118644066,0.018976223516428796,0.4134677474903474,118
equal_weight,1DCNN+TCN,2,gfc,KR,momentum,static,1DCNN:L22|TCN:L22,Recovery,0.22337404933987978,0.154936871625,0.008980850676124964,0.16835948317842583,80
equal_weight,1DCNN+TST,2,gfc,KR,momentum,static,1DCNN:L22|TST:L22,Full Test,0.2735492429812757,0.17466128475687104,0.0106457782770349,0.18613219193634076,473
equal_weight,1DCNN+TST,2,gfc,KR,momentum,static,1DCNN:L22|TST:L22,Pre-Lehman,0.17085288861652154,0.1319409871090909,0.010945751527838863,0.14952633317316996,275
equal_weight,1DCNN+TST,2,gfc,KR,momentum,static,1DCNN:L22|TST:L22,Lehman Crisis,0.4438712228917952,0.3020864127118645,0.012351224495303336,0.1906131784368297,118
equal_weight,1DCNN+TST,2,gfc,KR,momentum,static,1DCNN:L22|TST:L22,Recovery,0.22688666720779588,0.1335602441875,0.007099087055450334,0.17100698198409875,80
equal_weight,TCN+TST,2,gfc,KR,momentum,static,TCN:L22|TST:L22,Full Test,0.31908646115722944,0.19724410867864692,0.012022815288478898,0.21711726117432736,473
equal_weight,TCN+TST,2,gfc,KR,momentum,static,TCN:L22|TST:L22,Pre-Lehman,0.18150261520965114,0.13687027418181816,0.011979492014517904,0.1588467173917923,275
equal_weight,TCN+TST,2,gfc,KR,momentum,static,TCN:L22|TST:L22,Lehman Crisis,0.5434500957156266,0.3731116923728814,0.014638843912617001,0.23337568358516292,118
equal_weight,TCN+TST,2,gfc,KR,momentum,static,TCN:L22|TST:L22,Recovery,0.23048274553293022,0.1453744788125,0.008313096822116114,0.17371738585633884,80
equal_weight,LSTM+1DCNN+TCN,3,gfc,KR,momentum,static,LSTM:L22|1DCNN:L22|TCN:L22,Full Test,0.3229250117294735,0.18996651595489783,0.011809471715949397,0.21972914130268578,473
equal_weight,LSTM+1DCNN+TCN,3,gfc,KR,momentum,static,LSTM:L22|1DCNN:L22|TCN:L22,Pre-Lehman,0.17675560909848975,0.13554571206060606,0.011880304149645304,0.15469225197361758,275
equal_weight,LSTM+1DCNN+TCN,3,gfc,KR,momentum,static,LSTM:L22|1DCNN:L22|TCN:L22,Lehman Crisis,0.5493350027050651,0.3400833675141243,0.013082335133137175,0.23590285986560278,118
equal_weight,LSTM+1DCNN+TCN,3,gfc,KR,momentum,static,LSTM:L22|1DCNN:L22|TCN:L22,Recovery,0.25308770441156925,0.15561567329166667,0.009688511684767745,0.19075499253143877,80
equal_weight,LSTM+1DCNN+TST,3,gfc,KR,momentum,static,LSTM:L22|1DCNN:L22|TST:L22,Full Test,0.28321433232223714,0.17723824092318533,0.01113215075600825,0.1927086468542469,473
equal_weight,LSTM+1DCNN+TST,3,gfc,KR,momentum,static,LSTM:L22|1DCNN:L22|TST:L22,Pre-Lehman,0.17103057185320733,0.13247130408484847,0.011046772139742197,0.14968183726246634,275
equal_weight,LSTM+1DCNN+TST,3,gfc,KR,momentum,static,LSTM:L22|1DCNN:L22|TST:L22,Lehman Crisis,0.4554545269424705,0.303563445480226,0.012914185181550917,0.19558743738408674,118
equal_weight,LSTM+1DCNN+TST,3,gfc,KR,momentum,static,LSTM:L22|1DCNN:L22|TST:L22,Recovery,0.26022988222915383,0.14479490958333333,0.008797138971747373,0.19613813067882194,80
equal_weight,LSTM+TCN+TST,3,gfc,KR,momentum,static,LSTM:L22|TCN:L22|TST:L22,Full Test,0.26993066357946716,0.178789786906272,0.011276071989424345,0.18366998766038004,473
equal_weight,LSTM+TCN+TST,3,gfc,KR,momentum,static,LSTM:L22|TCN:L22|TST:L22,Pre-Lehman,0.176016922186169,0.13478468858181816,0.011582227330372874,0.15404577097902203,275
equal_weight,LSTM+TCN+TST,3,gfc,KR,momentum,static,LSTM:L22|TCN:L22|TST:L22,Lehman Crisis,0.41699442551589805,0.30031994265536727,0.011819546136031624,0.1790713809293322,118
equal_weight,LSTM+TCN+TST,3,gfc,KR,momentum,static,LSTM:L22|TCN:L22|TST:L22,Recovery,0.2604227527388371,0.15080033266666665,0.009422038638668037,0.196283499307929,80
equal_weight,1DCNN+TCN+TST,3,gfc,KR,momentum,static,1DCNN:L22|TCN:L22|TST:L22,Full Test,0.3346903620532157,0.1916380014094433,0.011378642951802508,0.2277346850972521,473
equal_weight,1DCNN+TCN+TST,3,gfc,KR,momentum,static,1DCNN:L22|TCN:L22|TST:L22,Pre-Lehman,0.17510538709364667,0.13334792116363633,0.0114446615919129,0.1532480174201141,275
equal_weight,1DCNN+TCN+TST,3,gfc,KR,momentum,static,1DCNN:L22|TCN:L22|TST:L22,Lehman Crisis,0.5863671890173884,0.36149342655367234,0.013650884073602395,0.25180572171699517,118
equal_weight,1DCNN+TCN+TST,3,gfc,KR,momentum,static,1DCNN:L22|TCN:L22|TST:L22,Recovery,0.22306940465386485,0.1414734001666667,0.0078001482217682026,0.16812986912056144,80
equal_weight,LSTM+1DCNN+TCN+TST,4,gfc,KR,momentum,static,LSTM:L22|1DCNN:L22|TCN:L22|TST:L22,Full Test,0.2740977957643152,0.17731328818710362,0.010982283289704416,0.18650544587331808,473
equal_weight,LSTM+1DCNN+TCN+TST,4,gfc,KR,momentum,static,LSTM:L22|1DCNN:L22|TCN:L22|TST:L22,Pre-Lehman,0.17346346639651578,0.1329213869272727,0.011339825081689051,0.15181104797118564,275
equal_weight,LSTM+1DCNN+TCN+TST,4,gfc,KR,momentum,static,LSTM:L22|1DCNN:L22|TCN:L22|TST:L22,Lehman Crisis,0.43526243873459197,0.30136822648305084,0.01166191982950914,0.186916278016049,118
equal_weight,LSTM+1DCNN+TCN+TST,4,gfc,KR,momentum,static,LSTM:L22|1DCNN:L22|TCN:L22|TST:L22,Recovery,0.24764310487837324,0.14692941478125002,0.00875076948354526,0.18665133784893967,80
equal_weight,LSTM+1DCNN,2,gfc,US,core,expanding,LSTM:L60|1DCNN:L252,Full Test,0.3802439066973965,0.24476685780669344,0.01803565639410078,0.2352374019784108,483
equal_weight,LSTM+1DCNN,2,gfc,US,core,expanding,LSTM:L60|1DCNN:L252,Pre-Lehman,0.24479011853738392,0.16388056514119934,0.016995622530063526,0.21957832882063508,283
equal_weight,LSTM+1DCNN,2,gfc,US,core,expanding,LSTM:L60|1DCNN:L252,Lehman Crisis,0.6245809432277214,0.46675182059407233,0.02403579078531363,0.22084493001836858,120
equal_weight,LSTM+1DCNN,2,gfc,US,core,expanding,LSTM:L60|1DCNN:L252,Recovery,0.27533198695845895,0.19792467392981053,0.012714574601313306,0.17500430770453138,80
equal_weight,LSTM+TCN,2,gfc,US,core,expanding,LSTM:L60|TCN:L252,Full Test,0.4026622899417608,0.2596356044398085,0.018897970821052334,0.2491065058301063,483
equal_weight,LSTM+TCN,2,gfc,US,core,expanding,LSTM:L60|TCN:L252,Pre-Lehman,0.24325434259864606,0.168180435369377,0.017325000812899848,0.21820072781253105,283
equal_weight,LSTM+TCN,2,gfc,US,core,expanding,LSTM:L60|TCN:L252,Lehman Crisis,0.679662459058213,0.5127777633567651,0.026120779154209236,0.2403211462570946,120
equal_weight,LSTM+TCN,2,gfc,US,core,expanding,LSTM:L60|TCN:L252,Recovery,0.2768875711583558,0.20344502665102482,0.013628139725156382,0.1759930556483732,80
equal_weight,LSTM+TST,2,gfc,US,core,expanding,LSTM:L60|TST:L252,Full Test,0.530280292916421,0.28199787571127766,0.023487780977065803,0.32805721861384307,483
equal_weight,LSTM+TST,2,gfc,US,core,expanding,LSTM:L60|TST:L252,Pre-Lehman,0.23407929898014526,0.16159588695175264,0.017012807650162932,0.20997065399809656,283
equal_weight,LSTM+TST,2,gfc,US,core,expanding,LSTM:L60|TST:L252,Lehman Crisis,0.979950634155941,0.631570706095794,0.04662559204909566,0.34649973164922404,120
equal_weight,LSTM+TST,2,gfc,US,core,expanding,LSTM:L60|TST:L252,Recovery,0.2518779569101795,0.18356066537132265,0.011686282512939928,0.1600966453699705,80
equal_weight,1DCNN+TCN,2,gfc,US,core,expanding,1DCNN:L252|TCN:L252,Full Test,0.5385249393295638,0.29660523085860735,0.021341383033517444,0.33315775847338586,483
equal_weight,1DCNN+TCN,2,gfc,US,core,expanding,1DCNN:L252|TCN:L252,Pre-Lehman,0.25471849535214103,0.17195175351186692,0.01810659803479635,0.22848414741295284,283
equal_weight,1DCNN+TCN,2,gfc,US,core,expanding,1DCNN:L252|TCN:L252,Lehman Crisis,0.9767317198776769,0.6448002268870672,0.03410700211500825,0.3453615590773158,120
equal_weight,1DCNN+TCN,2,gfc,US,core,expanding,1DCNN:L252|TCN:L252,Recovery,0.3006732048857263,0.21527441293001176,0.013636006344257092,0.19111148925194887,80
equal_weight,1DCNN+TST,2,gfc,US,core,expanding,1DCNN:L252|TST:L252,Full Test,0.3816747802692166,0.24438822669922247,0.017698182337209132,0.23612261006634053,483
equal_weight,1DCNN+TST,2,gfc,US,core,expanding,1DCNN:L252|TST:L252,Pre-Lehman,0.24123815093646156,0.16184730708933437,0.017004635635764084,0.21639219077513033,283
equal_weight,1DCNN+TST,2,gfc,US,core,expanding,1DCNN:L252|TST:L252,Lehman Crisis,0.632752808641247,0.4739808275560125,0.023429021118852065,0.22373441146178752,120
equal_weight,1DCNN+TST,2,gfc,US,core,expanding,1DCNN:L252|TST:L252,Recovery,0.2703417932486294,0.19198782853401664,0.011555345621106605,0.17183248083055472,80
equal_weight,TCN+TST,2,gfc,US,core,expanding,TCN:L252|TST:L252,Full Test,0.4054592334225432,0.2599541941530705,0.01886847893854433,0.2508368313036011,483
equal_weight,TCN+TST,2,gfc,US,core,expanding,TCN:L252|TST:L252,Pre-Lehman,0.24232301914153856,0.16714504347531334,0.017871189843661327,0.21736532461274097,283
equal_weight,TCN+TST,2,gfc,US,core,expanding,TCN:L252|TST:L252,Lehman Crisis,0.6885845159578592,0.5225883165806453,0.025510436486037267,0.24347588713253607,120
equal_weight,TCN+TST,2,gfc,US,core,expanding,TCN:L252|TST:L252,Recovery,0.27129597246036924,0.1943153810342741,0.012433452790453544,0.17243896856276936,80
equal_weight,LSTM+1DCNN+TCN,3,gfc,US,core,expanding,LSTM:L60|1DCNN:L252|TCN:L252,Full Test,0.41017917200511644,0.25858201311735385,0.018531126308823042,0.2537568152142067,483
equal_weight,LSTM+1DCNN+TCN,3,gfc,US,core,expanding,LSTM:L60|1DCNN:L252|TCN:L252,Pre-Lehman,0.24499052564611945,0.1664834656479502,0.017021525460996962,0.21975809530092788,283
equal_weight,LSTM+1DCNN+TCN,3,gfc,US,core,expanding,LSTM:L60|1DCNN:L252|TCN:L252,Lehman Crisis,0.695220187666487,0.5124620975719557,0.025832717660764417,0.24582218743197135,120
equal_weight,LSTM+1DCNN+TCN,3,gfc,US,core,expanding,LSTM:L60|1DCNN:L252|TCN:L252,Recovery,0.28012907811561466,0.20356049810846644,0.012918952280095732,0.17805339628384065,80
equal_weight,LSTM+1DCNN+TST,3,gfc,US,core,expanding,LSTM:L60|1DCNN:L252|TST:L252,Full Test,0.39826620660079487,0.24518301763229575,0.01774008878931834,0.2463868745466197,483
equal_weight,LSTM+1DCNN+TST,3,gfc,US,core,expanding,LSTM:L60|1DCNN:L252|TST:L252,Pre-Lehman,0.23506675420861478,0.159385362371729,0.016270964673248255,0.210856407761966,283
equal_weight,LSTM+1DCNN+TST,3,gfc,US,core,expanding,LSTM:L60|1DCNN:L252|TST:L252,Lehman Crisis,0.6800290337648979,0.4845786567301284,0.025257423287817157,0.24045076302866303,120
equal_weight,LSTM+1DCNN+TST,3,gfc,US,core,expanding,LSTM:L60|1DCNN:L252|TST:L252,Recovery,0.26175419045577925,0.18959876446980156,0.011661113602168057,0.1663740976684451,80
equal_weight,LSTM+TCN+TST,3,gfc,US,core,expanding,LSTM:L60|TCN:L252|TST:L252,Full Test,0.4070123565276473,0.25611273659839845,0.018249699892037903,0.25179766890747124,483
equal_weight,LSTM+TCN+TST,3,gfc,US,core,expanding,LSTM:L60|TCN:L252|TST:L252,Pre-Lehman,0.2353152200786703,0.16203075390737445,0.016654003177967898,0.21107928326381117,283
equal_weight,LSTM+TCN+TST,3,gfc,US,core,expanding,LSTM:L60|TCN:L252|TST:L252,Lehman Crisis,0.7002159973507118,0.5211847731550958,0.026066172240321143,0.24758865061350244,120
equal_weight,LSTM+TCN+TST,3,gfc,US,core,expanding,LSTM:L60|TCN:L252|TST:L252,Recovery,0.2623547573128895,0.19131969553284964,0.012169768495635691,0.16675582515394324,80
equal_weight,1DCNN+TCN+TST,3,gfc,US,core,expanding,1DCNN:L252|TCN:L252|TST:L252,Full Test,0.3995012553528532,0.2540276260413351,0.01798066210793929,0.24715093586261624,483
equal_weight,1DCNN+TCN+TST,3,gfc,US,core,expanding,1DCNN:L252|TCN:L252|TST:L252,Pre-Lehman,0.2406593293153236,0.16373460477744176,0.016786241578496612,0.21587298401542074,283
equal_weight,1DCNN+TCN+TST,3,gfc,US,core,expanding,1DCNN:L252|TCN:L252|TST:L252,Lehman Crisis,0.6742746804180404,0.5047241911873415,0.024690954336405183,0.2384160871776511,120
equal_weight,1DCNN+TCN+TST,3,gfc,US,core,expanding,1DCNN:L252|TCN:L252|TST:L252,Recovery,0.277023409115689,0.1973943410433483,0.012140486388143943,0.17607939588056234,80
equal_weight,LSTM+1DCNN+TCN+TST,4,gfc,US,core,expanding,LSTM:L60|1DCNN:L252|TCN:L252|TST:L252,Full Test,0.38150503337214214,0.24754619860853883,0.017413118275880494,0.23601759636761094,483
equal_weight,LSTM+1DCNN+TCN+TST,4,gfc,US,core,expanding,LSTM:L60|1DCNN:L252|TCN:L252|TST:L252,Pre-Lehman,0.23679549216472975,0.16155783255861,0.016324200498745688,0.21240709695497997,283
equal_weight,LSTM+1DCNN+TCN+TST,4,gfc,US,core,expanding,LSTM:L60|1DCNN:L252|TCN:L252|TST:L252,Lehman Crisis,0.636877929388084,0.48588135517625014,0.02356935786308804,0.22519300864207384,120
equal_weight,LSTM+1DCNN+TCN+TST,4,gfc,US,core,expanding,LSTM:L60|1DCNN:L252|TCN:L252|TST:L252,Recovery,0.268252127830369,0.1942273086585951,0.012030805531683545,0.1705042644692936,80
equal_weight,LSTM+1DCNN,2,gfc,US,core,static,LSTM:L60|1DCNN:L252,Full Test,0.4245141712338711,0.26567111326086956,0.02202585205974825,0.2626251437407472,483
equal_weight,LSTM+1DCNN,2,gfc,US,core,static,LSTM:L60|1DCNN:L252,Pre-Lehman,0.25933750584006976,0.16744254238515902,0.018613206049626133,0.23262743008232242,283
equal_weight,LSTM+1DCNN,2,gfc,US,core,static,LSTM:L60|1DCNN:L252,Lehman Crisis,0.7126082348343349,0.5410501775000001,0.032584168316426486,0.251970408446878,120
equal_weight,LSTM+1DCNN,2,gfc,US,core,static,LSTM:L60|1DCNN:L252,Recovery,0.29731802989831846,0.20008608637500003,0.018260612935537882,0.18897889958103467,80
equal_weight,LSTM+TCN,2,gfc,US,core,static,LSTM:L60|TCN:L252,Full Test,0.4153751763944534,0.2605600574327122,0.020710338147971324,0.2569713163870645,483
equal_weight,LSTM+TCN,2,gfc,US,core,static,LSTM:L60|TCN:L252,Pre-Lehman,0.24284759067326683,0.16090990579505302,0.017355299373038497,0.21783586888833725,283
equal_weight,LSTM+TCN,2,gfc,US,core,static,LSTM:L60|TCN:L252,Lehman Crisis,0.7031746998860785,0.5322299688750001,0.03045220346493506,0.24863481458503797,120
equal_weight,LSTM+TCN,2,gfc,US,core,static,LSTM:L60|TCN:L252,Recovery,0.3022969757469832,0.20556760168750002,0.017965989838850605,0.1921435771751786,80
equal_weight,LSTM+TST,2,gfc,US,core,static,LSTM:L60|TST:L252,Full Test,0.5571993500576893,0.2915579782505176,0.025938655305572295,0.34471065824686853,483
equal_weight,LSTM+TST,2,gfc,US,core,static,LSTM:L60|TST:L252,Pre-Lehman,0.2390713906225111,0.1591680422614841,0.017246011085346024,0.21444859287348358,283
equal_weight,LSTM+TST,2,gfc,US,core,static,LSTM:L60|TST:L252,Lehman Crisis,1.0346432355952615,0.6815703614999999,0.05487807532785925,0.36583843116876713,120
equal_weight,LSTM+TST,2,gfc,US,core,static,LSTM:L60|TST:L252,Recovery,0.2579789757034105,0.17486880193749998,0.013279754201192307,0.1639745257297251,80
equal_weight,1DCNN+TCN,2,gfc,US,core,static,1DCNN:L252|TCN:L252,Full Test,0.4805164563445055,0.2764963623913043,0.02163231959404859,0.297270885093132,483
equal_weight,1DCNN+TCN,2,gfc,US,core,static,1DCNN:L252|TCN:L252,Pre-Lehman,0.25809960364282925,0.1658081269081272,0.017919370042651577,0.23151702375715744,283
equal_weight,1DCNN+TCN,2,gfc,US,core,static,1DCNN:L252|TCN:L252,Lehman Crisis,0.8411589935227176,0.5846972617916667,0.03285755686692705,0.2974245382050024,120
equal_weight,1DCNN+TCN,2,gfc,US,core,static,1DCNN:L252|TCN:L252,Recovery,0.3115450467543319,0.2057546463125,0.01792902272279783,0.1980217618342581,80
equal_weight,1DCNN+TST,2,gfc,US,core,static,1DCNN:L252|TST:L252,Full Test,0.43038425711840445,0.2602224120910973,0.02004750333701108,0.26625666479154103,483
equal_weight,1DCNN+TST,2,gfc,US,core,static,1DCNN:L252|TST:L252,Pre-Lehman,0.2516200878548796,0.16226775644876326,0.017456737916031383,0.22570485593728914,283
equal_weight,1DCNN+TST,2,gfc,US,core,static,1DCNN:L252|TST:L252,Lehman Crisis,0.7418065468526106,0.54715759025,0.03099698404870827,0.2622946093830553,120
equal_weight,1DCNN+TST,2,gfc,US,core,static,1DCNN:L252|TST:L252,Recovery,0.26257533363942476,0.17633423918749996,0.012788114946180956,0.1668960258658776,80
equal_weight,TCN+TST,2,gfc,US,core,static,TCN:L252|TST:L252,Full Test,0.4167114194166844,0.258835201231884,0.019208644180400063,0.2577979814069058,483
equal_weight,TCN+TST,2,gfc,US,core,static,TCN:L252|TST:L252,Pre-Lehman,0.2395380418021201,0.15954034155477032,0.01666343824394043,0.2148671820177945,283
equal_weight,TCN+TST,2,gfc,US,core,static,TCN:L252|TST:L252,Lehman Crisis,0.7141804982666498,0.5341297549583334,0.028569004377060336,0.25252634344715,120
equal_weight,TCN+TST,2,gfc,US,core,static,TCN:L252|TST:L252,Recovery,0.2834523445672968,0.19714893675000003,0.014171769885635635,0.18016570397130488,80
equal_weight,LSTM+1DCNN+TCN,3,gfc,US,core,static,LSTM:L60|1DCNN:L252|TCN:L252,Full Test,0.4123630266794366,0.25939066031746033,0.020482633198899404,0.2551078538562951,483
equal_weight,LSTM+1DCNN+TCN,3,gfc,US,core,static,LSTM:L60|1DCNN:L252|TCN:L252,Pre-Lehman,0.2514733825880232,0.16264980306242635,0.017531483093646702,0.22557326035840133,283
equal_weight,LSTM+1DCNN+TCN,3,gfc,US,core,static,LSTM:L60|1DCNN:L252|TCN:L252,Lehman Crisis,0.6897187867803977,0.5296978988333333,0.029450436850636405,0.24387695219231345,120
equal_weight,LSTM+1DCNN+TCN,3,gfc,US,core,static,LSTM:L60|1DCNN:L252|TCN:L252,Recovery,0.2989326596183903,0.1961505850833333,0.017470621218625353,0.19000517756301363,80
equal_weight,LSTM+1DCNN+TST,3,gfc,US,core,static,LSTM:L60|1DCNN:L252|TST:L252,Full Test,0.45317732925300025,0.26351987154589374,0.021038997273968105,0.28035756942858236,483
equal_weight,LSTM+1DCNN+TST,3,gfc,US,core,static,LSTM:L60|1DCNN:L252|TST:L252,Pre-Lehman,0.24776252624849904,0.16081048584216723,0.017303905217343898,0.22224459807767225,283
equal_weight,LSTM+1DCNN+TST,3,gfc,US,core,static,LSTM:L60|1DCNN:L252|TST:L252,Lehman Crisis,0.7960140525631397,0.5625313444722223,0.03442437976605951,0.2814617852408306,120
equal_weight,LSTM+1DCNN+TST,3,gfc,US,core,static,LSTM:L60|1DCNN:L252|TST:L252,Recovery,0.268901521134158,0.17833711408333336,0.014173811686139126,0.17091702638073655,80
equal_weight,LSTM+TCN+TST,3,gfc,US,core,static,LSTM:L60|TCN:L252|TST:L252,Full Test,0.43104843073199317,0.2583983177501726,0.0198113068270134,0.2666675549397558,483
equal_weight,LSTM+TCN+TST,3,gfc,US,core,static,LSTM:L60|TCN:L252|TST:L252,Pre-Lehman,0.23813018651744208,0.15739564128386335,0.016547564940023872,0.21360432666742174,283
equal_weight,LSTM+TCN+TST,3,gfc,US,core,static,LSTM:L60|TCN:L252|TST:L252,Lehman Crisis,0.7505159010264473,0.5431302776111111,0.031065550230901726,0.2653741409141501,120
equal_weight,LSTM+TCN+TST,3,gfc,US,core,static,LSTM:L60|TCN:L252|TST:L252,Recovery,0.27618019456022774,0.18859734595833336,0.01447542864640634,0.17554343835763148,80
equal_weight,1DCNN+TCN+TST,3,gfc,US,core,static,1DCNN:L252|TCN:L252|TST:L252,Full Test,0.4041607133011853,0.2552624057073844,0.018977084666689466,0.25003350327876595,483
equal_weight,1DCNN+TCN+TST,3,gfc,US,core,static,1DCNN:L252|TCN:L252|TST:L252,Pre-Lehman,0.24712093497598364,0.1603206415312132,0.016803912687504186,0.22166908653180065,283
equal_weight,1DCNN+TCN+TST,3,gfc,US,core,static,1DCNN:L252|TCN:L252|TST:L252,Lehman Crisis,0.67894698196987,0.5242206373333332,0.027251219137574455,0.240068160874529,120
equal_weight,1DCNN+TCN+TST,3,gfc,US,core,static,1DCNN:L252|TCN:L252|TST:L252,Recovery,0.28056466459366713,0.18768154904166667,0.01425347883672989,0.17833026000598146,80
equal_weight,LSTM+1DCNN+TCN+TST,4,gfc,US,core,static,LSTM:L60|1DCNN:L252|TCN:L252|TST:L252,Full Test,0.4090163135386051,0.2548195913871636,0.019383255354321737,0.25303741409426017,483
equal_weight,LSTM+1DCNN+TCN+TST,4,gfc,US,core,static,LSTM:L60|1DCNN:L252|TCN:L252|TST:L252,Pre-Lehman,0.24496715095438432,0.15920297954947,0.016797547032320035,0.21973712825112682,283
equal_weight,LSTM+1DCNN+TCN+TST,4,gfc,US,core,static,LSTM:L60|1DCNN:L252|TCN:L252|TST:L252,Lehman Crisis,0.6928527846874906,0.5270794474791667,0.028554874442071058,0.24498509926965592,120
equal_weight,LSTM+1DCNN+TCN+TST,4,gfc,US,core,static,LSTM:L60|1DCNN:L252|TCN:L252|TST:L252,Recovery,0.27873039463878824,0.184673571625,0.014772769911778772,0.1771643760610148,80
equal_weight,LSTM+1DCNN,2,gfc,US,extended,expanding,LSTM:L252|1DCNN:L60,Full Test,0.4174641525896179,0.2643993596544424,0.021143741151159745,0.2582636590478018,483
equal_weight,LSTM+1DCNN,2,gfc,US,extended,expanding,LSTM:L252|1DCNN:L60,Pre-Lehman,0.27292202540977456,0.19439285714508367,0.02097845837222942,0.24481283229849465,283
equal_weight,LSTM+1DCNN,2,gfc,US,extended,expanding,LSTM:L252|1DCNN:L60,Lehman Crisis,0.6939087083238488,0.47903943757216133,0.02720185000768188,0.2453584628070273,120
equal_weight,LSTM+1DCNN,2,gfc,US,extended,expanding,LSTM:L252|1DCNN:L60,Recovery,0.2577471199982177,0.1900872454047203,0.012641265696842579,0.16382715570541542,80
equal_weight,LSTM+TCN,2,gfc,US,extended,expanding,LSTM:L252|TCN:L252,Full Test,0.42675176404970316,0.2646723774957854,0.020638137033412888,0.2640094278871538,483
equal_weight,LSTM+TCN,2,gfc,US,extended,expanding,LSTM:L252|TCN:L252,Pre-Lehman,0.2573857675580083,0.182044406714372,0.01863740891360931,0.23087670793366938,283
equal_weight,LSTM+TCN,2,gfc,US,extended,expanding,LSTM:L252|TCN:L252,Lehman Crisis,0.7249803689570833,0.4996355836590131,0.029945995885958216,0.25634505916816425,120
equal_weight,LSTM+TCN,2,gfc,US,extended,expanding,LSTM:L252|TCN:L252,Recovery,0.2771041325326454,0.20452401489019395,0.013753924478400053,0.17613070465095276,80
equal_weight,LSTM+TST,2,gfc,US,extended,expanding,LSTM:L252|TST:L60,Full Test,0.5588954967887316,0.2965186000841063,0.025769892495470098,0.34575997754683985,483
equal_weight,LSTM+TST,2,gfc,US,extended,expanding,LSTM:L252|TST:L60,Pre-Lehman,0.23794754374436988,0.16740523303959376,0.01624359638900303,0.21344049471663806,283
equal_weight,LSTM+TST,2,gfc,US,extended,expanding,LSTM:L252|TST:L60,Lehman Crisis,1.036021277502639,0.6648598091135342,0.055109280557241624,0.36632569246383634,120
equal_weight,LSTM+TST,2,gfc,US,extended,expanding,LSTM:L252|TST:L60,Recovery,0.2749522725337817,0.20074532245992754,0.015460082879440059,0.17476295666954939,80
equal_weight,1DCNN+TCN,2,gfc,US,extended,expanding,1DCNN:L60|TCN:L252,Full Test,0.43330214775328757,0.28385871877087815,0.02322723558854017,0.268061814308744,483
equal_weight,1DCNN+TCN,2,gfc,US,extended,expanding,1DCNN:L60|TCN:L252,Pre-Lehman,0.2855782164196824,0.21005846554735946,0.023857595986259687,0.2561655179697747,283
equal_weight,1DCNN+TCN,2,gfc,US,extended,expanding,1DCNN:L60|TCN:L252,Lehman Crisis,0.7160105164667704,0.5172450408339501,0.028793162264862067,0.2531734182992305,120
equal_weight,1DCNN+TCN,2,gfc,US,extended,expanding,1DCNN:L60|TCN:L252,Recovery,0.2757499769363019,0.19484763145446776,0.012648445667124553,0.17526998713941255,80
equal_weight,1DCNN+TST,2,gfc,US,extended,expanding,1DCNN:L60|TST:L60,Full Test,0.4263506295765485,0.2671296247447523,0.0218526182123733,0.26376126656320664,483
equal_weight,1DCNN+TST,2,gfc,US,extended,expanding,1DCNN:L60|TST:L60,Pre-Lehman,0.2622267748619487,0.18972024697995754,0.020612360397820637,0.23521912297868428,283
equal_weight,1DCNN+TST,2,gfc,US,extended,expanding,1DCNN:L60|TST:L60,Lehman Crisis,0.718154659195685,0.49019108668971384,0.028913631534194257,0.253931563510113,120
equal_weight,1DCNN+TST,2,gfc,US,extended,expanding,1DCNN:L60|TST:L60,Recovery,0.28389760184823903,0.20637310567027187,0.015648510248621902,0.18044871509216903,80
equal_weight,TCN+TST,2,gfc,US,extended,expanding,TCN:L252|TST:L60,Full Test,0.4433009272933303,0.27551791380262686,0.022630877015922698,0.2742475463626342,483
equal_weight,TCN+TST,2,gfc,US,extended,expanding,TCN:L252|TST:L60,Pre-Lehman,0.2639763613861428,0.18892394131146487,0.02026471516350145,0.23678851347289645,283
equal_weight,TCN+TST,2,gfc,US,extended,expanding,TCN:L252|TST:L60,Lehman Crisis,0.7532077749729237,0.5156350014271418,0.03205039653919894,0.2663259584795534,120
equal_weight,TCN+TST,2,gfc,US,extended,expanding,TCN:L252|TST:L60,Recovery,0.29828716674833144,0.22166846005333998,0.01687189528394848,0.18959489484167283,80
equal_weight,LSTM+1DCNN+TCN,3,gfc,US,extended,expanding,LSTM:L252|1DCNN:L60|TCN:L252,Full Test,0.40153531207687954,0.26111709816526596,0.020335568985284342,0.24840930242894088,483
equal_weight,LSTM+1DCNN+TCN,3,gfc,US,extended,expanding,LSTM:L252|1DCNN:L60|TCN:L252,Pre-Lehman,0.2630112332900263,0.1903372705333786,0.019892191825893888,0.2359227872919978,283
equal_weight,LSTM+1DCNN+TCN,3,gfc,US,extended,expanding,LSTM:L252|1DCNN:L60|TCN:L252,Lehman Crisis,0.6622828945268225,0.47319453193081756,0.02657432003239722,0.23417592400159387,120
equal_weight,LSTM+1DCNN+TCN,3,gfc,US,extended,expanding,LSTM:L252|1DCNN:L60|TCN:L252,Recovery,0.2660744261302244,0.19338458776474,0.012545889115958764,0.1691200911931305,80
equal_weight,LSTM+1DCNN+TST,3,gfc,US,extended,expanding,LSTM:L252|1DCNN:L60|TST:L60,Full Test,0.4510186809089888,0.26675640957082575,0.020894890222277706,0.27902212467323895,483
equal_weight,LSTM+1DCNN+TST,3,gfc,US,extended,expanding,LSTM:L252|1DCNN:L60|TST:L60,Pre-Lehman,0.24822927740551212,0.17971150509673983,0.018011845359334196,0.2226632766989414,283
equal_weight,LSTM+1DCNN+TST,3,gfc,US,extended,expanding,LSTM:L252|1DCNN:L60|TST:L60,Lehman Crisis,0.791403013223535,0.5226897004409917,0.03250579367215005,0.2798313732859986,120
equal_weight,LSTM+1DCNN+TST,3,gfc,US,extended,expanding,LSTM:L252|1DCNN:L60|TST:L60,Recovery,0.2658651960368932,0.19077782284265582,0.013677306250131882,0.16898710204051196,80
equal_weight,LSTM+TCN+TST,3,gfc,US,extended,expanding,LSTM:L252|TCN:L252|TST:L60,Full Test,0.4576487169676435,0.2684590951606624,0.021050439229076418,0.28312378792146103,483
equal_weight,LSTM+TCN+TST,3,gfc,US,extended,expanding,LSTM:L252|TCN:L252|TST:L60,Pre-Lehman,0.2484882255443144,0.1748336898607798,0.01751974068340542,0.22289555486404525,283
equal_weight,LSTM+TCN+TST,3,gfc,US,extended,expanding,LSTM:L252|TCN:L252|TST:L60,Lehman Crisis,0.8041431243990942,0.5334737387007141,0.03381588210707124,0.2843361360257205,120
equal_weight,LSTM+TCN+TST,3,gfc,US,extended,expanding,LSTM:L252|TCN:L252|TST:L60,Recovery,0.2758823052993023,0.20213700109891955,0.014392121017395332,0.17535409663142032,80
equal_weight,1DCNN+TCN+TST,3,gfc,US,extended,expanding,1DCNN:L60|TCN:L252|TST:L60,Full Test,0.406292376649507,0.26352427945802565,0.020900372777143718,0.25135225428536334,483
equal_weight,1DCNN+TCN+TST,3,gfc,US,extended,expanding,1DCNN:L60|TCN:L252|TST:L60,Pre-Lehman,0.26011965292324957,0.19061362690227182,0.020065151565859515,0.23332902089169913,283
equal_weight,1DCNN+TCN+TST,3,gfc,US,extended,expanding,1DCNN:L60|TCN:L252|TST:L60,Lehman Crisis,0.6729549653800531,0.47644588313591,0.0273860558253882,0.2379494505017027,120
equal_weight,1DCNN+TCN+TST,3,gfc,US,extended,expanding,1DCNN:L60|TCN:L252|TST:L60,Recovery,0.27923735006815004,0.2020633073571784,0.014126443239694841,0.17748660325942242,80
equal_weight,LSTM+1DCNN+TCN+TST,4,gfc,US,extended,expanding,LSTM:L252|1DCNN:L60|TCN:L252|TST:L60,Full Test,0.4174765929468084,0.2593751826336172,0.0199620088881208,0.2582713552587171,483
equal_weight,LSTM+1DCNN+TCN+TST,4,gfc,US,extended,expanding,LSTM:L252|1DCNN:L60|TCN:L252|TST:L60,Pre-Lehman,0.2505912509152199,0.1810929053968941,0.018240032156445474,0.22478198230306912,283
equal_weight,LSTM+1DCNN+TCN+TST,4,gfc,US,extended,expanding,LSTM:L252|1DCNN:L60|TCN:L252|TST:L60,Lehman Crisis,0.7108591373425883,0.487481527095445,0.028472204703106525,0.2513519474802541,120
equal_weight,LSTM+1DCNN+TCN+TST,4,gfc,US,extended,expanding,LSTM:L252|1DCNN:L60|TCN:L252|TST:L60,Recovery,0.2685780222033382,0.1941392216657834,0.013288207853943662,0.1707114068349748,80
equal_weight,LSTM+1DCNN,2,gfc,US,extended,static,LSTM:L252|1DCNN:L60,Full Test,0.5883337044976296,0.37936791487577637,0.03767860996351118,0.363971886408696,483
equal_weight,LSTM+1DCNN,2,gfc,US,extended,static,LSTM:L252|1DCNN:L60,Pre-Lehman,0.3260134920480805,0.22705385173144874,0.03790923877085217,0.2924362235290333,283
equal_weight,LSTM+1DCNN,2,gfc,US,extended,static,LSTM:L252|1DCNN:L60,Lehman Crisis,1.022952270657061,0.8027294595833332,0.04993080009103183,0.36170463497245836,120
equal_weight,LSTM+1DCNN,2,gfc,US,extended,static,LSTM:L252|1DCNN:L60,Recovery,0.3796971374527603,0.2831365961875,0.01848447536626144,0.24134004666461478,80
equal_weight,LSTM+TCN,2,gfc,US,extended,static,LSTM:L252|TCN:L252,Full Test,0.4400135374949708,0.27263038511387166,0.0230181659775759,0.27221380665953887,483
equal_weight,LSTM+TCN,2,gfc,US,extended,static,LSTM:L252|TCN:L252,Pre-Lehman,0.2660621834121612,0.1790504940812721,0.02014193271553992,0.2386595096176773,283
equal_weight,LSTM+TCN,2,gfc,US,extended,static,LSTM:L252|TCN:L252,Lehman Crisis,0.741927628891872,0.5252039179166667,0.0317992741033562,0.2623374226560389,120
equal_weight,LSTM+TCN,2,gfc,US,extended,static,LSTM:L252|TCN:L252,Recovery,0.30468118795935234,0.2248089504375,0.02002117895335772,0.19365901100344415,80
equal_weight,LSTM+TST,2,gfc,US,extended,static,LSTM:L252|TST:L60,Full Test,0.5942739440070145,0.3192358662732919,0.030876715480694702,0.3676468079088954,483
equal_weight,LSTM+TST,2,gfc,US,extended,static,LSTM:L252|TST:L60,Pre-Lehman,0.24949409105851927,0.16846685243816253,0.018183352429490394,0.22379782297844844,283
equal_weight,LSTM+TST,2,gfc,US,extended,static,LSTM:L252|TST:L60,Lehman Crisis,1.0978509974041548,0.7319456474999999,0.06386615711863333,0.3881879982681459,120
equal_weight,LSTM+TST,2,gfc,US,extended,static,LSTM:L252|TST:L60,Recovery,0.32264164712654236,0.23351658087500002,0.026295324817421983,0.2050748938900167,80
equal_weight,1DCNN+TCN,2,gfc,US,extended,static,1DCNN:L60|TCN:L252,Full Test,0.8374255583964386,0.48850566272256724,0.0421804226224463,0.518072240101681,483
equal_weight,1DCNN+TCN,2,gfc,US,extended,static,1DCNN:L60|TCN:L252,Pre-Lehman,0.3105793764597014,0.21260405849823324,0.03074363943889648,0.27859172142630895,283
equal_weight,1DCNN+TCN,2,gfc,US,extended,static,1DCNN:L60|TCN:L252,Lehman Crisis,1.5564163570691503,1.2187488395833335,0.08017780742332,0.55033164933224,120
equal_weight,1DCNN+TCN,2,gfc,US,extended,static,1DCNN:L60|TCN:L252,Recovery,0.509032399898651,0.36914282237500007,0.025641965932943205,0.3235470880014879,80
equal_weight,1DCNN+TST,2,gfc,US,extended,static,1DCNN:L60|TST:L60,Full Test,0.6345504817828264,0.40401179361283646,0.03405138679670468,0.39256383598361866,483
equal_weight,1DCNN+TST,2,gfc,US,extended,static,1DCNN:L60|TST:L60,Pre-Lehman,0.291156329105362,0.20144877526501764,0.02623014619029252,0.26116912157608274,283
equal_weight,1DCNN+TST,2,gfc,US,extended,static,1DCNN:L60|TST:L60,Lehman Crisis,1.1323195359052973,0.9340227824999999,0.06105752124410478,0.40037569313350047,120
equal_weight,1DCNN+TST,2,gfc,US,extended,static,1DCNN:L60|TST:L60,Recovery,0.4559859044373652,0.32556198768749994,0.021209823770787475,0.28983010036258644,80
equal_weight,TCN+TST,2,gfc,US,extended,static,TCN:L252|TST:L60,Full Test,0.4326706092294453,0.266883501863354,0.020022751796390355,0.26767111357203477,483
equal_weight,TCN+TST,2,gfc,US,extended,static,TCN:L252|TST:L60,Pre-Lehman,0.24643916245820124,0.17275636256183746,0.017018717728690323,0.2210575321474908,283
equal_weight,TCN+TST,2,gfc,US,extended,static,TCN:L252|TST:L60,Lehman Crisis,0.7417966429908798,0.51841344,0.030881124604897576,0.2622911074868331,120
equal_weight,TCN+TST,2,gfc,US,extended,static,TCN:L252|TST:L60,Recovery,0.3000158650219843,0.22256334993750002,0.01436196309811838,0.19069367588671582,80
equal_weight,LSTM+1DCNN+TCN,3,gfc,US,extended,static,LSTM:L252|1DCNN:L60|TCN:L252,Full Test,0.5397895646425067,0.3380907193305728,0.028908490673029755,0.3339401169858585,483
equal_weight,LSTM+1DCNN+TCN,3,gfc,US,extended,static,LSTM:L252|1DCNN:L60|TCN:L252,Pre-Lehman,0.2919088213112793,0.1970942358539458,0.026131807504071736,0.26184411198077756,283
equal_weight,LSTM+1DCNN+TCN,3,gfc,US,extended,static,LSTM:L252|1DCNN:L60|TCN:L252,Lehman Crisis,0.9441311987374876,0.7220442731944445,0.04415591154634037,0.33383437370553265,120
equal_weight,LSTM+1DCNN+TCN,3,gfc,US,extended,static,LSTM:L252|1DCNN:L60|TCN:L252,Recovery,0.3473535369186883,0.2609354488333333,0.01585987607325284,0.22078206691643787,80
equal_weight,LSTM+1DCNN+TST,3,gfc,US,extended,static,LSTM:L252|1DCNN:L60|TST:L60,Full Test,0.4703278923305191,0.3030921300828157,0.0256623982195174,0.29096774312520257,483
equal_weight,LSTM+1DCNN+TST,3,gfc,US,extended,static,LSTM:L252|1DCNN:L60|TST:L60,Pre-Lehman,0.27904720288247303,0.18964907636042402,0.02366075642821077,0.2503071565677886,283
equal_weight,LSTM+1DCNN+TST,3,gfc,US,extended,static,LSTM:L252|1DCNN:L60|TST:L60,Lehman Crisis,0.7973571553969993,0.6088366318055556,0.03725960684656203,0.28193669158219836,120
equal_weight,LSTM+1DCNN+TST,3,gfc,US,extended,static,LSTM:L252|1DCNN:L60|TST:L60,Recovery,0.32622369600458107,0.24578018004166666,0.01534739311569768,0.2073516870446355,80
equal_weight,LSTM+TCN+TST,3,gfc,US,extended,static,LSTM:L252|TCN:L252|TST:L60,Full Test,0.46108022137777316,0.26650286110420973,0.02128940519240544,0.285246683434373,483
equal_weight,LSTM+TCN+TST,3,gfc,US,extended,static,LSTM:L252|TCN:L252|TST:L60,Pre-Lehman,0.24812762876979716,0.16686682520612484,0.017045081137090284,0.22257209741476594,283
equal_weight,LSTM+TCN+TST,3,gfc,US,extended,static,LSTM:L252|TCN:L252|TST:L60,Lehman Crisis,0.8081551941111,0.5373429295833333,0.03366376522717476,0.28575475891880403,120
equal_weight,LSTM+TCN+TST,3,gfc,US,extended,static,LSTM:L252|TCN:L252|TST:L60,Recovery,0.2933862862418963,0.212705235375,0.01774216148592882,0.18647983623839284,80
equal_weight,1DCNN+TCN+TST,3,gfc,US,extended,static,1DCNN:L60|TCN:L252|TST:L60,Full Test,0.5664962109685427,0.35591245204278815,0.028032691838159804,0.35046214924174873,483
equal_weight,1DCNN+TCN+TST,3,gfc,US,extended,static,1DCNN:L60|TCN:L252|TST:L60,Pre-Lehman,0.2733502860897432,0.18525601714958775,0.0214341373516518,0.2451969851385051,283
equal_weight,1DCNN+TCN+TST,3,gfc,US,extended,static,1DCNN:L60|TCN:L252|TST:L60,Lehman Crisis,1.0058697399172827,0.8055243995833334,0.05061169723454059,0.3556644406028143,120
equal_weight,1DCNN+TCN+TST,3,gfc,US,extended,static,1DCNN:L60|TCN:L252|TST:L60,Recovery,0.3944083223511003,0.2851916691666667,0.017506570239610688,0.2506906519224668,80
equal_weight,LSTM+1DCNN+TCN+TST,4,gfc,US,extended,static,LSTM:L252|1DCNN:L60|TCN:L252|TST:L60,Full Test,0.45856419111891206,0.2927900656987577,0.023366243824628204,0.2836901445643774,483
equal_weight,LSTM+1DCNN+TCN+TST,4,gfc,US,extended,static,LSTM:L252|1DCNN:L60|TCN:L252|TST:L60,Pre-Lehman,0.2686169981443177,0.1809746251678445,0.020675736947563077,0.24095119505497203,283
equal_weight,LSTM+1DCNN+TCN+TST,4,gfc,US,extended,static,LSTM:L252|1DCNN:L60|TCN:L252|TST:L60,Lehman Crisis,0.7803430142457508,0.591877825625,0.035767592350048186,0.2759206790164026,120
equal_weight,LSTM+1DCNN+TCN+TST,4,gfc,US,extended,static,LSTM:L252|1DCNN:L60|TCN:L252|TST:L60,Recovery,0.31768031018144466,0.2397055466875,0.014281889114116111,0.20192140872581074,80
equal_weight,LSTM+1DCNN,2,gfc,US,momentum,expanding,LSTM:L60|1DCNN:L60,Full Test,0.3876863797908945,0.2518655754024198,0.018660798550155996,0.23984167834937176,483
equal_weight,LSTM+1DCNN,2,gfc,US,momentum,expanding,LSTM:L60|1DCNN:L60,Pre-Lehman,0.2474451480266835,0.16679673649818233,0.017281337721004455,0.22195990754494485,283
equal_weight,LSTM+1DCNN,2,gfc,US,momentum,expanding,LSTM:L60|1DCNN:L60,Lehman Crisis,0.6339200237668441,0.4770366643865903,0.02578978204645365,0.22414712585136964,120
equal_weight,LSTM+1DCNN,2,gfc,US,momentum,expanding,LSTM:L60|1DCNN:L60,Recovery,0.29675041905416316,0.21503995954990388,0.012847165988833098,0.18861811960641825,80
equal_weight,LSTM+TCN,2,gfc,US,momentum,expanding,LSTM:L60|TCN:L60,Full Test,0.4095548975779656,0.26301680866235533,0.019663406861680582,0.2533706086457964,483
equal_weight,LSTM+TCN,2,gfc,US,momentum,expanding,LSTM:L60|TCN:L60,Pre-Lehman,0.24911404598655226,0.16914516434652646,0.017557112519642905,0.2234569198720343,283
equal_weight,LSTM+TCN,2,gfc,US,momentum,expanding,LSTM:L60|TCN:L60,Lehman Crisis,0.6946724834502479,0.5276393458247185,0.028606862665642618,0.24562852526437304,120
equal_weight,LSTM+TCN,2,gfc,US,momentum,expanding,LSTM:L60|TCN:L60,Recovery,0.26328135319892326,0.19815394468605518,0.013699239390695834,0.16734478059405952,80
equal_weight,LSTM+TST,2,gfc,US,momentum,expanding,LSTM:L60|TST:L22,Full Test,0.5157270289096599,0.2791619157939769,0.023126206750795266,0.31905386062451746,483
equal_weight,LSTM+TST,2,gfc,US,momentum,expanding,LSTM:L60|TST:L22,Pre-Lehman,0.24388446931270344,0.16320586950077529,0.016982640825569457,0.21876595557435685,283
equal_weight,LSTM+TST,2,gfc,US,momentum,expanding,LSTM:L60|TST:L22,Lehman Crisis,0.9389502649751328,0.609875909860986,0.04427323242340548,0.3320024534971407,120
equal_weight,LSTM+TST,2,gfc,US,momentum,expanding,LSTM:L60|TST:L22,Recovery,0.2701289361858855,0.1932854384556637,0.013138532702366229,0.17169718633274858,80
equal_weight,1DCNN+TCN,2,gfc,US,momentum,expanding,1DCNN:L60|TCN:L60,Full Test,0.6252432591301582,0.3364337042251729,0.023934724262249834,0.38680593506352107,483
equal_weight,1DCNN+TCN,2,gfc,US,momentum,expanding,1DCNN:L60|TCN:L60,Pre-Lehman,0.2598583037971053,0.1817194188652106,0.01901158293864641,0.23309458902532978,283
equal_weight,1DCNN+TCN,2,gfc,US,momentum,expanding,1DCNN:L60|TCN:L60,Lehman Crisis,1.1581303205232558,0.7590470204750697,0.03914822841712664,0.40950210274804494,120
equal_weight,1DCNN+TCN,2,gfc,US,momentum,expanding,1DCNN:L60|TCN:L60,Recovery,0.33084960508365485,0.24981551431119442,0.018530080462181756,0.21029197054651835,80
equal_weight,1DCNN+TST,2,gfc,US,momentum,expanding,1DCNN:L60|TST:L22,Full Test,0.3920059228750292,0.2593475918544057,0.019445383118438336,0.24251395810178422,483
equal_weight,1DCNN+TST,2,gfc,US,momentum,expanding,1DCNN:L60|TST:L22,Pre-Lehman,0.2533382239992252,0.17417745493019507,0.018448512096856676,0.22724603502997293,283
equal_weight,1DCNN+TST,2,gfc,US,momentum,expanding,1DCNN:L60|TST:L22,Lehman Crisis,0.6286716883004427,0.4771266750684611,0.02449673399793776,0.22229137233958224,120
equal_weight,1DCNN+TST,2,gfc,US,momentum,expanding,1DCNN:L60|TST:L22,Recovery,0.32847320037663164,0.2339683264027176,0.01539478803803434,0.2087814992599361,80
equal_weight,TCN+TST,2,gfc,US,momentum,expanding,TCN:L60|TST:L22,Full Test,0.4074319787331978,0.269614933862417,0.01987604939502122,0.25205726764319725,483
equal_weight,TCN+TST,2,gfc,US,momentum,expanding,TCN:L60|TST:L22,Pre-Lehman,0.25157289300473684,0.1754970609177175,0.01802633994869413,0.22566252164348047,283
equal_weight,TCN+TST,2,gfc,US,momentum,expanding,TCN:L60|TST:L22,Lehman Crisis,0.680332118440283,0.5237216798554738,0.026670238123265227,0.24055793042570073,120
equal_weight,TCN+TST,2,gfc,US,momentum,expanding,TCN:L60|TST:L22,Recovery,0.2899442896364952,0.22139679041470622,0.016228113469037315,0.18429206225273295,80
equal_weight,LSTM+1DCNN+TCN,3,gfc,US,momentum,expanding,LSTM:L60|1DCNN:L60|TCN:L60,Full Test,0.428107184542591,0.2693045662755881,0.019461904198366065,0.264847957025213,483
equal_weight,LSTM+1DCNN+TCN,3,gfc,US,momentum,expanding,LSTM:L60|1DCNN:L60|TCN:L60,Pre-Lehman,0.24912665178964857,0.17023573315606944,0.017431490412642067,0.2234682273594193,283
equal_weight,LSTM+1DCNN+TCN,3,gfc,US,momentum,expanding,LSTM:L60|1DCNN:L60|TCN:L60,Lehman Crisis,0.7332374028106007,0.5405372983879514,0.02790784884001122,0.25926465523223197,120
equal_weight,LSTM+1DCNN+TCN,3,gfc,US,momentum,expanding,LSTM:L60|1DCNN:L60|TCN:L60,Recovery,0.2837605732663881,0.21291146526734037,0.013975576002896973,0.18036161808478,80
equal_weight,LSTM+1DCNN+TST,3,gfc,US,momentum,expanding,LSTM:L60|1DCNN:L60|TST:L22,Full Test,0.3778463206192147,0.24598503620622747,0.018331132101271845,0.23375413844645912,483
equal_weight,LSTM+1DCNN+TST,3,gfc,US,momentum,expanding,LSTM:L60|1DCNN:L60|TST:L22,Pre-Lehman,0.2453889694504347,0.16609176001713255,0.017090099526480967,0.22011550198549187,283
equal_weight,LSTM+1DCNN+TST,3,gfc,US,momentum,expanding,LSTM:L60|1DCNN:L60|TST:L22,Lehman Crisis,0.6139730214635162,0.4593281280379147,0.024912876745096523,0.2170940859283303,120
equal_weight,LSTM+1DCNN+TST,3,gfc,US,momentum,expanding,LSTM:L60|1DCNN:L60|TST:L22,Recovery,0.28896943929316593,0.20859286297761984,0.01284866786885756,0.1836724357017663,80
equal_weight,LSTM+TCN+TST,3,gfc,US,momentum,expanding,LSTM:L60|TCN:L60|TST:L22,Full Test,0.39476610366036635,0.25205141807289244,0.01855440782798094,0.24422154038120297,483
equal_weight,LSTM+TCN+TST,3,gfc,US,momentum,expanding,LSTM:L60|TCN:L60|TST:L22,Pre-Lehman,0.24468292484499948,0.16637307830757123,0.016923924066619106,0.21948217538121306,283
equal_weight,LSTM+TCN+TST,3,gfc,US,momentum,expanding,LSTM:L60|TCN:L60|TST:L22,Lehman Crisis,0.6623023136086442,0.4904254536407979,0.025819367972910685,0.23418279037465958,120
equal_weight,LSTM+TCN+TST,3,gfc,US,momentum,expanding,LSTM:L60|TCN:L60|TST:L22,Recovery,0.2667019967096867,0.19757749164085775,0.013424803916403813,0.1695189825678951,80
equal_weight,1DCNN+TCN+TST,3,gfc,US,momentum,expanding,1DCNN:L60|TCN:L60|TST:L22,Full Test,0.43331246283220526,0.2740511672215656,0.01994291804427753,0.2680681957189995,483
equal_weight,1DCNN+TCN+TST,3,gfc,US,momentum,expanding,1DCNN:L60|TCN:L60|TST:L22,Pre-Lehman,0.25174478054652205,0.1742097146797686,0.017950107322269173,0.22581670588668357,283
equal_weight,1DCNN+TCN+TST,3,gfc,US,momentum,expanding,1DCNN:L60|TCN:L60|TST:L22,Lehman Crisis,0.7372402934429795,0.5415433080309338,0.027302395516690267,0.26068003319270966,120
equal_weight,1DCNN+TCN+TST,3,gfc,US,momentum,expanding,1DCNN:L60|TCN:L60|TST:L22,Recovery,0.30679578874835045,0.2260020943741201,0.015953269764762988,0.19500307686615198,80
equal_weight,LSTM+1DCNN+TCN+TST,4,gfc,US,momentum,expanding,LSTM:L60|1DCNN:L60|TCN:L60|TST:L22,Full Test,0.37846038561721984,0.25386407990663984,0.018293894539350247,0.23413402896470895,483
equal_weight,LSTM+1DCNN+TCN+TST,4,gfc,US,momentum,expanding,LSTM:L60|1DCNN:L60|TCN:L60|TST:L22,Pre-Lehman,0.24615382327682891,0.16800799977347844,0.01707932608966058,0.22080158084355683,283
equal_weight,LSTM+1DCNN+TCN+TST,4,gfc,US,momentum,expanding,LSTM:L60|1DCNN:L60|TCN:L60|TST:L22,Lehman Crisis,0.6171207515266386,0.4870571260256036,0.02428882306441428,0.21820708854719748,120
equal_weight,LSTM+1DCNN+TCN+TST,4,gfc,US,momentum,expanding,LSTM:L60|1DCNN:L60|TCN:L60|TST:L22,Recovery,0.28136204860906966,0.20779039419925263,0.013598037642531396,0.17883708709292837,80
equal_weight,LSTM+1DCNN,2,gfc,US,momentum,static,LSTM:L60|1DCNN:L60,Full Test,0.4581834072924154,0.2879220439648033,0.027918519922064677,0.2834545731419272,483
equal_weight,LSTM+1DCNN,2,gfc,US,momentum,static,LSTM:L60|1DCNN:L60,Pre-Lehman,0.28319380001287575,0.18438396181978797,0.023584550151948748,0.25402668117302324,283
equal_weight,LSTM+1DCNN,2,gfc,US,momentum,static,LSTM:L60|1DCNN:L60,Lehman Crisis,0.7614000862030486,0.5606016330416668,0.039931468168162634,0.2692226686892989,120
equal_weight,LSTM+1DCNN,2,gfc,US,momentum,static,LSTM:L60|1DCNN:L60,Recovery,0.3378853668208477,0.24516862593750002,0.02523051561470286,0.21476398464020352,80
equal_weight,LSTM+TCN,2,gfc,US,momentum,static,LSTM:L60|TCN:L60,Full Test,0.435792443348325,0.271411332194617,0.02196040619929097,0.26960243221758806,483
equal_weight,LSTM+TCN,2,gfc,US,momentum,static,LSTM:L60|TCN:L60,Pre-Lehman,0.25436969676647136,0.16911244388692578,0.01949141434931763,0.22817127302093881,283
equal_weight,LSTM+TCN,2,gfc,US,momentum,static,LSTM:L60|TCN:L60,Lehman Crisis,0.7403353476520544,0.5474396654166667,0.031218864604885568,0.26177440957992365,120
equal_weight,LSTM+TCN,2,gfc,US,momentum,static,LSTM:L60|TCN:L60,Recovery,0.3091557844370603,0.21925114974999999,0.01680677726017978,0.1965031180988518,80
equal_weight,LSTM+TST,2,gfc,US,momentum,static,LSTM:L60|TST:L22,Full Test,0.5530093887873989,0.2998635081573499,0.027409839534704654,0.34211854411866444,483
equal_weight,LSTM+TST,2,gfc,US,momentum,static,LSTM:L60|TST:L22,Pre-Lehman,0.2615820660629831,0.1695147474558304,0.019359343336733295,0.23464081520619778,283
equal_weight,LSTM+TST,2,gfc,US,momentum,static,LSTM:L60|TST:L22,Lehman Crisis,1.007754125544052,0.6736222995833333,0.054050132084763176,0.35633073856688274,120
equal_weight,LSTM+TST,2,gfc,US,momentum,static,LSTM:L60|TST:L22,Recovery,0.28456616181533245,0.20033406199999995,0.015928031009940575,0.18087365954984866,80
equal_weight,1DCNN+TCN,2,gfc,US,momentum,static,1DCNN:L60|TCN:L60,Full Test,0.49909501520384103,0.3127332507556935,0.02916165566960884,0.30876448653580535,483
equal_weight,1DCNN+TCN,2,gfc,US,momentum,static,1DCNN:L60|TCN:L60,Pre-Lehman,0.2908818183714181,0.19206944581272087,0.025170157208750564,0.26092288366166877,283
equal_weight,1DCNN+TCN,2,gfc,US,momentum,static,1DCNN:L60|TCN:L60,Lehman Crisis,0.8487345641556034,0.6291412972083333,0.03959923534680039,0.3001031763869344,120
equal_weight,1DCNN+TCN,2,gfc,US,momentum,static,1DCNN:L60|TCN:L60,Recovery,0.3522425113262821,0.2649693910625,0.027625211959107693,0.22388955758541237,80
equal_weight,1DCNN+TST,2,gfc,US,momentum,static,1DCNN:L60|TST:L22,Full Test,0.5214836157996282,0.3325766411283643,0.035487831787732994,0.3226151653777692,483
equal_weight,1DCNN+TST,2,gfc,US,momentum,static,1DCNN:L60|TST:L22,Pre-Lehman,0.31624250508979473,0.2039348752826855,0.028732116418571332,0.28367158465386944,283
equal_weight,1DCNN+TST,2,gfc,US,momentum,static,1DCNN:L60|TST:L22,Lehman Crisis,0.8722601041447832,0.654881148875,0.052538561486191133,0.30842154773074165,120
equal_weight,1DCNN+TST,2,gfc,US,momentum,static,1DCNN:L60|TST:L22,Recovery,0.3831832489210057,0.3041901261875,0.033810080358455154,0.24355586085291392,80
equal_weight,TCN+TST,2,gfc,US,momentum,static,TCN:L60|TST:L22,Full Test,0.43801926961779647,0.27449914583850926,0.022936200656549874,0.2709800554130771,483
equal_weight,TCN+TST,2,gfc,US,momentum,static,TCN:L60|TST:L22,Pre-Lehman,0.2685177840550899,0.17397764469964663,0.0201868342684828,0.24086219937141187,283
equal_weight,TCN+TST,2,gfc,US,momentum,static,TCN:L60|TST:L22,Lehman Crisis,0.736971371429172,0.5529235820833333,0.03346737046413319,0.26058494470785076,120
equal_weight,TCN+TST,2,gfc,US,momentum,static,TCN:L60|TST:L22,Recovery,0.2976738889268912,0.21245730174999994,0.016865329542962142,0.18920508784028234,80
equal_weight,LSTM+1DCNN+TCN,3,gfc,US,momentum,static,LSTM:L60|1DCNN:L60|TCN:L60,Full Test,0.4305558800584588,0.2765049325810904,0.02396680370397093,0.2663628391017413,483
equal_weight,LSTM+1DCNN+TCN,3,gfc,US,momentum,static,LSTM:L60|1DCNN:L60|TCN:L60,Pre-Lehman,0.2693976969123369,0.17581440641931684,0.02110033838461077,0.24165148692939428,283
equal_weight,LSTM+1DCNN+TCN,3,gfc,US,momentum,static,LSTM:L60|1DCNN:L60|TCN:L60,Lehman Crisis,0.7126966259119003,0.5487202202222221,0.032945944432059934,0.2520016625565395,120
equal_weight,LSTM+1DCNN+TCN,3,gfc,US,momentum,static,LSTM:L60|1DCNN:L60|TCN:L60,Recovery,0.31714772446841744,0.22437473741666664,0.02063821367907398,0.2015828908699818,80
equal_weight,LSTM+1DCNN+TST,3,gfc,US,momentum,static,LSTM:L60|1DCNN:L60|TST:L22,Full Test,0.497815723021524,0.2985693821325051,0.027946368719146533,0.30797305407952036,483
equal_weight,LSTM+1DCNN+TST,3,gfc,US,momentum,static,LSTM:L60|1DCNN:L60|TST:L22,Pre-Lehman,0.28196624158011246,0.18056872924617196,0.02227858878917065,0.2529255532718946,283
equal_weight,LSTM+1DCNN+TST,3,gfc,US,momentum,static,LSTM:L60|1DCNN:L60|TST:L22,Lehman Crisis,0.8596040295562046,0.616351976888889,0.04483378008786338,0.3039464994117173,120
equal_weight,LSTM+1DCNN+TST,3,gfc,US,momentum,static,LSTM:L60|1DCNN:L60|TST:L22,Recovery,0.32647940316202584,0.23932279958333327,0.022665023168360943,0.20751421757547964,80
equal_weight,LSTM+TCN+TST,3,gfc,US,momentum,static,LSTM:L60|TCN:L60|TST:L22,Full Test,0.4329475024732403,0.26119667806763286,0.02142796321556788,0.26784241321967944,483
equal_weight,LSTM+TCN+TST,3,gfc,US,momentum,static,LSTM:L60|TCN:L60|TST:L22,Pre-Lehman,0.2568630884936576,0.16671623804475852,0.018665448235579835,0.23040786162313487,283
equal_weight,LSTM+TCN+TST,3,gfc,US,momentum,static,LSTM:L60|TCN:L60|TST:L22,Lehman Crisis,0.7374709596926868,0.5242462268055555,0.031999319216367755,0.2607615936050423,120
equal_weight,LSTM+TCN+TST,3,gfc,US,momentum,static,LSTM:L60|TCN:L60|TST:L22,Recovery,0.2872207974844304,0.20084691154166667,0.015343325956075793,0.182560977764981,80
equal_weight,1DCNN+TCN+TST,3,gfc,US,momentum,static,1DCNN:L60|TCN:L60|TST:L22,Full Test,0.4446045064449377,0.2886079404209799,0.02649953339713335,0.27505400367084226,483
equal_weight,1DCNN+TCN+TST,3,gfc,US,momentum,static,1DCNN:L60|TCN:L60|TST:L22,Pre-Lehman,0.2878364282676725,0.18496381320376915,0.023186657918005546,0.2581911489241975,283
equal_weight,1DCNN+TCN+TST,3,gfc,US,momentum,static,1DCNN:L60|TCN:L60|TST:L22,Lehman Crisis,0.725546965320756,0.559022334111111,0.03634052460795108,0.25654540077236737,120
equal_weight,1DCNN+TCN+TST,3,gfc,US,momentum,static,1DCNN:L60|TCN:L60|TST:L22,Recovery,0.3327806296335036,0.24962744991666663,0.02345734358832138,0.2115193525651,80
equal_weight,LSTM+1DCNN+TCN+TST,4,gfc,US,momentum,static,LSTM:L60|1DCNN:L60|TCN:L60|TST:L22,Full Test,0.4343435374852157,0.2711466969306418,0.023709037775044517,0.26870606847675016,483
equal_weight,LSTM+1DCNN+TCN+TST,4,gfc,US,momentum,static,LSTM:L60|1DCNN:L60|TCN:L60|TST:L22,Pre-Lehman,0.27142175204543784,0.174754263524735,0.020584093126426686,0.2434670775530219,283
equal_weight,LSTM+1DCNN+TCN+TST,4,gfc,US,momentum,static,LSTM:L60|1DCNN:L60|TCN:L60|TST:L22,Lehman Crisis,0.7222308309402168,0.5325831138125,0.03391541566485488,0.2553728522478286,120
equal_weight,LSTM+1DCNN+TCN+TST,4,gfc,US,momentum,static,LSTM:L60|1DCNN:L60|TCN:L60|TST:L22,Recovery,0.30978625806896204,0.21998030478125,0.019453962634814533,0.1969038546879258,80
equal_weight,LSTM+1DCNN,2,normal,JP,core,expanding,LSTM:L22|1DCNN:L22,Full Test,0.16498517413182712,0.10028296722328826,0.01640598831999842,0.24243240529609858,1460
equal_weight,LSTM+TCN,2,normal,JP,core,expanding,LSTM:L22|TCN:L60,Full Test,0.1607630219806068,0.09866741983449623,0.015496753472367022,0.2362282932785632,1460
equal_weight,LSTM+TST,2,normal,JP,core,expanding,LSTM:L22|TST:L252,Full Test,0.1619452724890324,0.10114755538584928,0.01599897830283673,0.2379655150375992,1460
equal_weight,1DCNN+TCN,2,normal,JP,core,expanding,1DCNN:L22|TCN:L60,Full Test,0.16301520317934032,0.09875650847815487,0.01648030322133612,0.2395376918838909,1460
equal_weight,1DCNN+TST,2,normal,JP,core,expanding,1DCNN:L22|TST:L252,Full Test,0.16337183860263688,0.10183887325318193,0.017204461087578365,0.24006173887137655,1460
equal_weight,TCN+TST,2,normal,JP,core,expanding,TCN:L60|TST:L252,Full Test,0.16171407949204958,0.10093612606179767,0.016224942567457525,0.23762579557710165,1460
equal_weight,LSTM+1DCNN+TCN,3,normal,JP,core,expanding,LSTM:L22|1DCNN:L22|TCN:L60,Full Test,0.16123551209475234,0.09830496605808878,0.015842885128297426,0.23692257938914066,1460
equal_weight,LSTM+1DCNN+TST,3,normal,JP,core,expanding,LSTM:L22|1DCNN:L22|TST:L252,Full Test,0.16179712269494678,0.10016066948412626,0.01621978052526276,0.2377478208652998,1460
equal_weight,LSTM+TCN+TST,3,normal,JP,core,expanding,LSTM:L22|TCN:L60|TST:L252,Full Test,0.1597057253026196,0.09904328221125393,0.015596773023764056,0.23467468109428774,1460
equal_weight,1DCNN+TCN+TST,3,normal,JP,core,expanding,1DCNN:L22|TCN:L60|TST:L252,Full Test,0.16099246429063327,0.09914251179717307,0.016238115619523173,0.2365654402457929,1460
equal_weight,LSTM+1DCNN+TCN+TST,4,normal,JP,core,expanding,LSTM:L22|1DCNN:L22|TCN:L60|TST:L252,Full Test,0.16007595229613167,0.09871188604659548,0.015810392660055305,0.23521869979787718,1460
equal_weight,LSTM+1DCNN,2,normal,JP,core,static,LSTM:L22|1DCNN:L22,Full Test,0.1637611607675663,0.1056083872020548,0.018673735646961804,0.24063381646352644,1460
equal_weight,LSTM+TCN,2,normal,JP,core,static,LSTM:L22|TCN:L60,Full Test,0.16298480820145272,0.10457008495890409,0.017653736142628516,0.23949302898968627,1460
equal_weight,LSTM+TST,2,normal,JP,core,static,LSTM:L22|TST:L252,Full Test,0.16183320809747267,0.10195868826369862,0.016339239589995603,0.23780084552712624,1460
equal_weight,1DCNN+TCN,2,normal,JP,core,static,1DCNN:L22|TCN:L60,Full Test,0.1747515100333494,0.11906267992123289,0.02414572074420047,0.2567832482072729,1460
equal_weight,1DCNN+TST,2,normal,JP,core,static,1DCNN:L22|TST:L252,Full Test,0.16625572065906363,0.11027954202054793,0.02016780998873666,0.24429937100817112,1460
equal_weight,TCN+TST,2,normal,JP,core,static,TCN:L60|TST:L252,Full Test,0.16635366617635242,0.10957559744863012,0.01918578226086651,0.24444329404535664,1460
equal_weight,LSTM+1DCNN+TCN,3,normal,JP,core,static,LSTM:L22|1DCNN:L22|TCN:L60,Full Test,0.16475406066468043,0.1082045806712329,0.01961553073265457,0.24209280277315534,1460
equal_weight,LSTM+1DCNN+TST,3,normal,JP,core,static,LSTM:L22|1DCNN:L22|TST:L252,Full Test,0.1615714069932465,0.1043518673584475,0.017675203376918025,0.23741614992183724,1460
equal_weight,LSTM+TCN+TST,3,normal,JP,core,static,LSTM:L22|TCN:L60|TST:L252,Full Test,0.16085116215371584,0.1030092787625571,0.016991096521619432,0.23635780822645552,1460
equal_weight,1DCNN+TCN+TST,3,normal,JP,core,static,1DCNN:L22|TCN:L60|TST:L252,Full Test,0.16634312192638137,0.11080968200228311,0.020503587907244335,0.2444278001205433,1460
equal_weight,LSTM+1DCNN+TCN+TST,4,normal,JP,core,static,LSTM:L22|1DCNN:L22|TCN:L60|TST:L252,Full Test,0.1620548333134463,0.1055649155239726,0.018370219042221234,0.23812650590529114,1460
equal_weight,LSTM+1DCNN,2,normal,JP,extended,expanding,LSTM:L252|1DCNN:L60,Full Test,0.17183860202102574,0.10623585062280093,0.019357312668642535,0.25250296476572837,1460
equal_weight,LSTM+TCN,2,normal,JP,extended,expanding,LSTM:L252|TCN:L252,Full Test,0.1726546658680808,0.1113505516252289,0.020000711682422064,0.2537021047633542,1460
equal_weight,LSTM+TST,2,normal,JP,extended,expanding,LSTM:L252|TST:L22,Full Test,0.17430603943972225,0.10814276685920457,0.019039483257615133,0.25612866502322074,1460
equal_weight,1DCNN+TCN,2,normal,JP,extended,expanding,1DCNN:L60|TCN:L252,Full Test,0.1760158243975384,0.11535431838607135,0.02227457968523557,0.2586410561034717,1460
equal_weight,1DCNN+TST,2,normal,JP,extended,expanding,1DCNN:L60|TST:L22,Full Test,0.1741680196956583,0.11126343439871592,0.020533212963559158,0.2559258561423146,1460
equal_weight,TCN+TST,2,normal,JP,extended,expanding,TCN:L252|TST:L22,Full Test,0.17578379462236124,0.11481703230254982,0.020863463163192243,0.2583001070649141,1460
equal_weight,LSTM+1DCNN+TCN,3,normal,JP,extended,expanding,LSTM:L252|1DCNN:L60|TCN:L252,Full Test,0.17051365859312964,0.10863418683885985,0.019793377739790053,0.2505560672714756,1460
equal_weight,LSTM+1DCNN+TST,3,normal,JP,extended,expanding,LSTM:L252|1DCNN:L60|TST:L22,Full Test,0.1699315632717173,0.10611974771947202,0.0188822055461618,0.24970072514983233,1460
equal_weight,LSTM+TCN+TST,3,normal,JP,extended,expanding,LSTM:L252|TCN:L252|TST:L22,Full Test,0.17009817108258612,0.10817282102868077,0.018839995119171345,0.24994554188892776,1460
equal_weight,1DCNN+TCN+TST,3,normal,JP,extended,expanding,1DCNN:L60|TCN:L252|TST:L22,Full Test,0.1711921983908635,0.11058181162724746,0.02019214228330129,0.25155312677163594,1460
equal_weight,LSTM+1DCNN+TCN+TST,4,normal,JP,extended,expanding,LSTM:L252|1DCNN:L60|TCN:L252|TST:L22,Full Test,0.1685542336959228,0.10695928869950987,0.018957975781901074,0.24767685043683227,1460
equal_weight,LSTM+1DCNN,2,normal,JP,extended,static,LSTM:L252|1DCNN:L60,Full Test,0.17317303113491375,0.11392198240753423,0.022239898140068694,0.25446380078910985,1460
equal_weight,LSTM+TCN,2,normal,JP,extended,static,LSTM:L252|TCN:L252,Full Test,0.18757655307311333,0.13707860108219178,0.03083964291165165,0.2756286144620204,1460
equal_weight,LSTM+TST,2,normal,JP,extended,static,LSTM:L252|TST:L22,Full Test,0.16697053934939635,0.10952818790068493,0.020210693329051465,0.2453497394149899,1460
equal_weight,1DCNN+TCN,2,normal,JP,extended,static,1DCNN:L60|TCN:L252,Full Test,0.20215646464632794,0.15309593899657534,0.03713931745736233,0.2970526184756646,1460
equal_weight,1DCNN+TST,2,normal,JP,extended,static,1DCNN:L60|TST:L22,Full Test,0.174147198346906,0.12038333343835617,0.024328737091404457,0.2558952609289659,1460
equal_weight,TCN+TST,2,normal,JP,extended,static,TCN:L252|TST:L22,Full Test,0.19701069424526732,0.14958020875,0.03498943245649901,0.2894913239388619,1460
equal_weight,LSTM+1DCNN+TCN,3,normal,JP,extended,static,LSTM:L252|1DCNN:L60|TCN:L252,Full Test,0.18289116421228238,0.13167057856621003,0.028899032908233382,0.268743813463341,1460
equal_weight,LSTM+1DCNN+TST,3,normal,JP,extended,static,LSTM:L252|1DCNN:L60|TST:L22,Full Test,0.16904567903483247,0.1134323775410959,0.02186031955264068,0.24839898979805336,1460
equal_weight,LSTM+TCN+TST,3,normal,JP,extended,static,LSTM:L252|TCN:L252|TST:L22,Full Test,0.17923782981321673,0.12879753666210045,0.02749785863773459,0.2633755332487642,1460
equal_weight,1DCNN+TCN+TST,3,normal,JP,extended,static,1DCNN:L60|TCN:L252|TST:L22,Full Test,0.1879314521343481,0.13904683443607307,0.03140296262610055,0.2761501100056766,1460
equal_weight,LSTM+1DCNN+TCN+TST,4,normal,JP,extended,static,LSTM:L252|1DCNN:L60|TCN:L252|TST:L22,Full Test,0.17784696252633256,0.12697315658561645,0.026959208237247047,0.26133176596066926,1460
equal_weight,LSTM+1DCNN,2,normal,JP,momentum,expanding,LSTM:L252|1DCNN:L252,Full Test,0.16611856845421544,0.101014185686634,0.016982429487830852,0.24409783683060723,1460
equal_weight,LSTM+TCN,2,normal,JP,momentum,expanding,LSTM:L252|TCN:L252,Full Test,0.16210034502373155,0.09902662200062243,0.01606907608013459,0.2381933816188257,1460
equal_weight,LSTM+TST,2,normal,JP,momentum,expanding,LSTM:L252|TST:L22,Full Test,0.16211454361617558,0.09789444946976376,0.015525946724939064,0.23821424530513047,1460
equal_weight,1DCNN+TCN,2,normal,JP,momentum,expanding,1DCNN:L252|TCN:L252,Full Test,0.1661802696889328,0.1009207306659385,0.01699134498988859,0.24418850181805823,1460
equal_weight,1DCNN+TST,2,normal,JP,momentum,expanding,1DCNN:L252|TST:L22,Full Test,0.1634103649758352,0.09942570105421493,0.016692571638558407,0.24011835026916395,1460
equal_weight,TCN+TST,2,normal,JP,momentum,expanding,TCN:L252|TST:L22,Full Test,0.16072472832448692,0.09821884664979717,0.015841677979057268,0.23617202383975103,1460
equal_weight,LSTM+1DCNN+TCN,3,normal,JP,momentum,expanding,LSTM:L252|1DCNN:L252|TCN:L252,Full Test,0.1631209501162866,0.09928105466033771,0.016364343215823564,0.23969307847793783,1460
equal_weight,LSTM+1DCNN+TST,3,normal,JP,momentum,expanding,LSTM:L252|1DCNN:L252|TST:L22,Full Test,0.16240577822764143,0.09858863772336297,0.01613181750799871,0.23864219107501358,1460
equal_weight,LSTM+TCN+TST,3,normal,JP,momentum,expanding,LSTM:L252|TCN:L252|TST:L22,Full Test,0.15996839746372188,0.09733651015450208,0.015483932182657988,0.23506065664727574,1460
equal_weight,1DCNN+TCN+TST,3,normal,JP,momentum,expanding,1DCNN:L252|TCN:L252|TST:L22,Full Test,0.1616679133024497,0.09800758270247845,0.016092469069077516,0.23755795808535762,1460
equal_weight,LSTM+1DCNN+TCN+TST,4,normal,JP,momentum,expanding,LSTM:L252|1DCNN:L252|TCN:L252|TST:L22,Full Test,0.16095881521842562,0.0977826763578152,0.015855051581634506,0.23651599564839673,1460
equal_weight,LSTM+1DCNN,2,normal,JP,momentum,static,LSTM:L252|1DCNN:L252,Full Test,0.16776898371161003,0.10426254099657534,0.01826646735119671,0.24652298900123318,1460
equal_weight,LSTM+TCN,2,normal,JP,momentum,static,LSTM:L252|TCN:L252,Full Test,0.1696836472782231,0.10650319865068492,0.018335899116296316,0.24933643267199287,1460
equal_weight,LSTM+TST,2,normal,JP,momentum,static,LSTM:L252|TST:L22,Full Test,0.16584964114179895,0.10262639141438358,0.01660037514267336,0.24370266991269124,1460
equal_weight,1DCNN+TCN,2,normal,JP,momentum,static,1DCNN:L252|TCN:L252,Full Test,0.1716102812138063,0.10515739315410957,0.018938398997443942,0.25216746583440164,1460
equal_weight,1DCNN+TST,2,normal,JP,momentum,static,1DCNN:L252|TST:L22,Full Test,0.16435328529392154,0.10118419706164383,0.01735615396143012,0.24150389569312322,1460
equal_weight,TCN+TST,2,normal,JP,momentum,static,TCN:L252|TST:L22,Full Test,0.1664936123079006,0.1035724422020548,0.017409543038106257,0.24464893359734752,1460
equal_weight,LSTM+1DCNN+TCN,3,normal,JP,momentum,static,LSTM:L252|1DCNN:L252|TCN:L252,Full Test,0.16775909426497207,0.1043489436917808,0.018198673737629012,0.24650845725710013,1460
equal_weight,LSTM+1DCNN+TST,3,normal,JP,momentum,static,LSTM:L252|1DCNN:L252|TST:L22,Full Test,0.16423216471167063,0.10184902262100456,0.017123680823659445,0.24132591876732035,1460
equal_weight,LSTM+TCN+TST,3,normal,JP,momentum,static,LSTM:L252|TCN:L252|TST:L22,Full Test,0.16544284893764855,0.1030318360022831,0.017106638104113784,0.24310492158131944,1460
equal_weight,1DCNN+TCN+TST,3,normal,JP,momentum,static,1DCNN:L252|TCN:L252|TST:L22,Full Test,0.16588919671562677,0.10208433759817352,0.01752771039166507,0.24376079363780395,1460
equal_weight,LSTM+1DCNN+TCN+TST,4,normal,JP,momentum,static,LSTM:L252|1DCNN:L252|TCN:L252|TST:L22,Full Test,0.164924014884269,0.10227463084246574,0.01732550344336138,0.2423425367900125,1460
equal_weight,LSTM+1DCNN,2,normal,KR,core,expanding,LSTM:L22|1DCNN:L252,Full Test,0.10059535743010259,0.07461739659309387,0.015098871301425197,0.18922712906688244,1475
equal_weight,LSTM+TCN,2,normal,KR,core,expanding,LSTM:L22|TCN:L22,Full Test,0.09728708091876116,0.07240663134445578,0.013989758001915644,0.18300402213239475,1475
equal_weight,LSTM+TST,2,normal,KR,core,expanding,LSTM:L22|TST:L60,Full Test,0.09619169263575347,0.0713314907641867,0.013498162869409242,0.18094351769856865,1475
equal_weight,1DCNN+TCN,2,normal,KR,core,expanding,1DCNN:L252|TCN:L22,Full Test,0.10094808818838436,0.07526759360806416,0.015385425184823541,0.18989064108600937,1475
equal_weight,1DCNN+TST,2,normal,KR,core,expanding,1DCNN:L252|TST:L60,Full Test,0.09964883747579409,0.07396488885254722,0.014794818358006737,0.18744665670579197,1475
equal_weight,TCN+TST,2,normal,KR,core,expanding,TCN:L22|TST:L60,Full Test,0.09611266642497852,0.07141031935252197,0.013584304864491302,0.18079486369138578,1475
equal_weight,LSTM+1DCNN+TCN,3,normal,KR,core,expanding,LSTM:L22|1DCNN:L252|TCN:L22,Full Test,0.09843396918994934,0.07324324618961853,0.014458616438944024,0.18516140176165066,1475
equal_weight,LSTM+1DCNN+TST,3,normal,KR,core,expanding,LSTM:L22|1DCNN:L252|TST:L60,Full Test,0.09770250199191663,0.0725005054630411,0.014117124886513673,0.18378545915926464,1475
equal_weight,LSTM+TCN+TST,3,normal,KR,core,expanding,LSTM:L22|TCN:L22|TST:L60,Full Test,0.09588669404654533,0.07124676432957279,0.013489121300725758,0.18036979333514158,1475
equal_weight,1DCNN+TCN+TST,3,normal,KR,core,expanding,1DCNN:L252|TCN:L22|TST:L60,Full Test,0.09766051624100375,0.07279282510730069,0.014212358874744917,0.18370648093094546,1475
equal_weight,LSTM+1DCNN+TCN+TST,4,normal,KR,core,expanding,LSTM:L22|1DCNN:L252|TCN:L22|TST:L60,Full Test,0.09689159447651391,0.07204602403667876,0.013907766658119164,0.18226008358529705,1475
equal_weight,LSTM+1DCNN,2,normal,KR,core,static,LSTM:L22|1DCNN:L252,Full Test,0.0964449114753988,0.07281490724745762,0.01400012342128307,0.18141984063261557,1475
equal_weight,LSTM+TCN,2,normal,KR,core,static,LSTM:L22|TCN:L22,Full Test,0.09537650241643877,0.07078936889830509,0.013146981422052272,0.17941008606659667,1475
equal_weight,LSTM+TST,2,normal,KR,core,static,LSTM:L22|TST:L60,Full Test,0.09608131310096653,0.07149178535254237,0.013242214519263306,0.1807358858429364,1475
equal_weight,1DCNN+TCN,2,normal,KR,core,static,1DCNN:L252|TCN:L22,Full Test,0.09833162434822058,0.07434110944745763,0.014772447418482116,0.18496888374407244,1475
equal_weight,1DCNN+TST,2,normal,KR,core,static,1DCNN:L252|TST:L60,Full Test,0.10110541387581101,0.0774153058,0.015682755598571383,0.19018658207927425,1475
equal_weight,TCN+TST,2,normal,KR,core,static,TCN:L22|TST:L60,Full Test,0.09676781406447352,0.07274745948474576,0.013645312305994571,0.18202724371229734,1475
equal_weight,LSTM+1DCNN+TCN,3,normal,KR,core,static,LSTM:L22|1DCNN:L252|TCN:L22,Full Test,0.0951939794230601,0.07164826974689265,0.013505799884767865,0.17906674714011536,1475
equal_weight,LSTM+1DCNN+TST,3,normal,KR,core,static,LSTM:L22|1DCNN:L252|TST:L60,Full Test,0.09643354377643855,0.07299927528361583,0.013900423390226456,0.18139845717026198,1475
equal_weight,LSTM+TCN+TST,3,normal,KR,core,static,LSTM:L22|TCN:L22|TST:L60,Full Test,0.09530407721594515,0.07112767501920905,0.013107482835163033,0.1792738490362512,1475
equal_weight,1DCNN+TCN+TST,3,normal,KR,core,static,1DCNN:L252|TCN:L22|TST:L60,Full Test,0.09765859933155287,0.07415341139887006,0.014409170617903982,0.18370287510351532,1475
equal_weight,LSTM+1DCNN+TCN+TST,4,normal,KR,core,static,LSTM:L22|1DCNN:L252|TCN:L22|TST:L60,Full Test,0.0955383521568328,0.07209393713220338,0.013554332078845077,0.1797145371118569,1475
equal_weight,LSTM+1DCNN,2,normal,KR,extended,expanding,LSTM:L22|1DCNN:L252,Full Test,0.10747622943888473,0.07907795448424453,0.01696263593902053,0.20217054602927287,1475
equal_weight,LSTM+TCN,2,normal,KR,extended,expanding,LSTM:L22|TCN:L60,Full Test,0.10377793992709744,0.0770195936146429,0.015748447733267865,0.1952137964868307,1475
equal_weight,LSTM+TST,2,normal,KR,extended,expanding,LSTM:L22|TST:L22,Full Test,0.10249937184057174,0.07463101973296783,0.01490303623731513,0.1928087176192706,1475
equal_weight,1DCNN+TCN,2,normal,KR,extended,expanding,1DCNN:L252|TCN:L60,Full Test,0.11002357355958282,0.0827915710311825,0.01772550498711187,0.20696228420705143,1475
equal_weight,1DCNN+TST,2,normal,KR,extended,expanding,1DCNN:L252|TST:L22,Full Test,0.10894230795382476,0.08029743194937977,0.017180048189147482,0.20492834554861453,1475
equal_weight,TCN+TST,2,normal,KR,extended,expanding,TCN:L60|TST:L22,Full Test,0.10529204827582352,0.07856600306051423,0.015775347888140404,0.198061943590684,1475
equal_weight,LSTM+1DCNN+TCN,3,normal,KR,extended,expanding,LSTM:L22|1DCNN:L252|TCN:L60,Full Test,0.10491393886878465,0.0778537503709901,0.016035484876399234,0.19735069250122036,1475
equal_weight,LSTM+1DCNN+TST,3,normal,KR,extended,expanding,LSTM:L22|1DCNN:L252|TST:L22,Full Test,0.10440633569012174,0.0764234692706202,0.01567544814287352,0.19639585427948286,1475
equal_weight,LSTM+TCN+TST,3,normal,KR,extended,expanding,LSTM:L22|TCN:L60|TST:L22,Full Test,0.1016976018689212,0.07484274646885829,0.01467974149311927,0.19130053042471853,1475
equal_weight,1DCNN+TCN+TST,3,normal,KR,extended,expanding,1DCNN:L252|TCN:L60|TST:L22,Full Test,0.10596498522390431,0.07892448780399364,0.016197488265990854,0.1993277865677502,1475
equal_weight,LSTM+1DCNN+TCN+TST,4,normal,KR,extended,expanding,LSTM:L22|1DCNN:L252|TCN:L60|TST:L22,Full Test,0.10318532664733268,0.0761254015656784,0.015284831136812931,0.19409904812824255,1475
equal_weight,LSTM+1DCNN,2,normal,KR,extended,static,LSTM:L22|1DCNN:L252,Full Test,0.11209387560643266,0.08476444600677967,0.019423041194665737,0.21085667182761192,1475
equal_weight,LSTM+TCN,2,normal,KR,extended,static,LSTM:L22|TCN:L60,Full Test,0.1056152426291977,0.07930924317966102,0.016151793587466302,0.19866989551907663,1475
equal_weight,LSTM+TST,2,normal,KR,extended,static,LSTM:L22|TST:L22,Full Test,0.12459342305491461,0.09119039037288135,0.026748842284046424,0.23436922289322049,1475
equal_weight,1DCNN+TCN,2,normal,KR,extended,static,1DCNN:L252|TCN:L60,Full Test,0.12380318729874881,0.09866502990508476,0.02325956132843043,0.23288273239048035,1475
equal_weight,1DCNN+TST,2,normal,KR,extended,static,1DCNN:L252|TST:L22,Full Test,0.1119151215961338,0.08310659832542373,0.01992944630528894,0.2105204226303784,1475
equal_weight,TCN+TST,2,normal,KR,extended,static,TCN:L60|TST:L22,Full Test,0.11387879985893064,0.08553359962033896,0.02068956712241579,0.21421424319634166,1475
equal_weight,LSTM+1DCNN+TCN,3,normal,KR,extended,static,LSTM:L22|1DCNN:L252|TCN:L60,Full Test,0.10799545767306841,0.08286596673672317,0.017588173143575723,0.20314725183911975,1475
equal_weight,LSTM+1DCNN+TST,3,normal,KR,extended,static,LSTM:L22|1DCNN:L252|TST:L22,Full Test,0.10777051126182156,0.07755100295367232,0.017380688829628326,0.2027241114011746,1475
equal_weight,LSTM+TCN+TST,3,normal,KR,extended,static,LSTM:L22|TCN:L60|TST:L22,Full Test,0.10525912746901067,0.0759186081062147,0.01630507370308199,0.19800001719558966,1475
equal_weight,1DCNN+TCN+TST,3,normal,KR,extended,static,1DCNN:L252|TCN:L60|TST:L22,Full Test,0.10752636915699816,0.081289786,0.017264786473083514,0.20226486247791678,1475
equal_weight,LSTM+1DCNN+TCN+TST,4,normal,KR,extended,static,LSTM:L22|1DCNN:L252|TCN:L60|TST:L22,Full Test,0.10270156385598611,0.07578973355254237,0.015379653264470286,0.19318905541456247,1475
equal_weight,LSTM+1DCNN,2,normal,KR,momentum,expanding,LSTM:L22|1DCNN:L22,Full Test,0.10162983041010465,0.07573311869370736,0.015455515576187595,0.19117304741842334,1475
equal_weight,LSTM+TCN,2,normal,KR,momentum,expanding,LSTM:L22|TCN:L60,Full Test,0.09823745186677235,0.07429051687151698,0.014293842003838183,0.1847917384906341,1475
equal_weight,LSTM+TST,2,normal,KR,momentum,expanding,LSTM:L22|TST:L60,Full Test,0.09626190925193336,0.07138383876949579,0.013430073343406611,0.18107560022237443,1475
equal_weight,1DCNN+TCN,2,normal,KR,momentum,expanding,1DCNN:L22|TCN:L60,Full Test,0.10239443162034027,0.07643794097132602,0.01572709209402013,0.19261131748962898,1475
equal_weight,1DCNN+TST,2,normal,KR,momentum,expanding,1DCNN:L22|TST:L60,Full Test,0.10006597721135663,0.07353015613613564,0.014727550102422382,0.18823132666071574,1475
equal_weight,TCN+TST,2,normal,KR,momentum,expanding,TCN:L60|TST:L60,Full Test,0.09698787947901348,0.07200638407106735,0.013699018108525642,0.18244120262558527,1475
equal_weight,LSTM+1DCNN+TCN,3,normal,KR,momentum,expanding,LSTM:L22|1DCNN:L22|TCN:L60,Full Test,0.0994677288968722,0.07462065818956343,0.014782430957765701,0.1871059783950401,1475
equal_weight,LSTM+1DCNN+TST,3,normal,KR,momentum,expanding,LSTM:L22|1DCNN:L22|TST:L60,Full Test,0.09795440828786435,0.07272457063741448,0.014147233975722002,0.18425931308646182,1475
equal_weight,LSTM+TCN+TST,3,normal,KR,momentum,expanding,LSTM:L22|TCN:L60|TST:L60,Full Test,0.09643809393083441,0.07210799846992619,0.013597672490589055,0.18140701632174244,1475
equal_weight,1DCNN+TCN+TST,3,normal,KR,momentum,expanding,1DCNN:L22|TCN:L60|TST:L60,Full Test,0.09833637892492669,0.07305113850340822,0.014282888680726717,0.1849778274283327,1475
equal_weight,LSTM+1DCNN+TCN+TST,4,normal,KR,momentum,expanding,LSTM:L22|1DCNN:L22|TCN:L60|TST:L60,Full Test,0.09743226615311909,0.07278256653801675,0.014026397188728862,0.1832771260388006,1475
equal_weight,LSTM+1DCNN,2,normal,KR,momentum,static,LSTM:L22|1DCNN:L22,Full Test,0.10325287481010414,0.07962483377966102,0.01700569426957765,0.19422611111719146,1475
equal_weight,LSTM+TCN,2,normal,KR,momentum,static,LSTM:L22|TCN:L60,Full Test,0.10182477778360496,0.07784023749491525,0.01552099743500565,0.1915397575191431,1475
equal_weight,LSTM+TST,2,normal,KR,momentum,static,LSTM:L22|TST:L60,Full Test,0.09730104889460127,0.07223525736271187,0.014179166446513786,0.1830302969208247,1475
equal_weight,1DCNN+TCN,2,normal,KR,momentum,static,1DCNN:L22|TCN:L60,Full Test,0.10695384952844114,0.08411916675932204,0.018433472710287592,0.2011879117276602,1475
equal_weight,1DCNN+TST,2,normal,KR,momentum,static,1DCNN:L22|TST:L60,Full Test,0.10323966476439574,0.07828885574576272,0.016796851341048753,0.1942012620676096,1475
equal_weight,TCN+TST,2,normal,KR,momentum,static,TCN:L60|TST:L60,Full Test,0.09921011898319768,0.07468079643050847,0.014774173664551403,0.1866213955690722,1475
equal_weight,LSTM+1DCNN+TCN,3,normal,KR,momentum,static,LSTM:L22|1DCNN:L22|TCN:L60,Full Test,0.10256229662132248,0.07943364260564972,0.016496985185177445,0.19292708369276287,1475
equal_weight,LSTM+1DCNN+TST,3,normal,KR,momentum,static,LSTM:L22|1DCNN:L22|TST:L60,Full Test,0.0997838448222786,0.0754750600361582,0.015465864920142427,0.18770061528839793,1475
equal_weight,LSTM+TCN+TST,3,normal,KR,momentum,static,LSTM:L22|TCN:L60|TST:L60,Full Test,0.09797730046433577,0.07392974610169492,0.014450342920889859,0.18430237494061827,1475
equal_weight,1DCNN+TCN+TST,3,normal,KR,momentum,static,1DCNN:L22|TCN:L60|TST:L60,Full Test,0.10112825935930071,0.07757008339661017,0.016044855954881414,0.1902295560828839,1475
equal_weight,LSTM+1DCNN+TCN+TST,4,normal,KR,momentum,static,LSTM:L22|1DCNN:L22|TCN:L60|TST:L60,Full Test,0.09955035875640604,0.0759995941559322,0.01535630871850751,0.1872614111436428,1475
equal_weight,LSTM+1DCNN,2,normal,US,core,expanding,LSTM:L60|1DCNN:L60,Full Test,0.16488619443082353,0.09179323697871915,0.019946882760464437,0.2818184573026007,1502
equal_weight,LSTM+TCN,2,normal,US,core,expanding,LSTM:L60|TCN:L252,Full Test,0.15740038854204183,0.08851795819167609,0.017203309992874536,0.2690239460669844,1502
equal_weight,LSTM+TST,2,normal,US,core,expanding,LSTM:L60|TST:L22,Full Test,0.16176194052924672,0.08979910947725234,0.017437102293699366,0.27647857777051893,1502
equal_weight,1DCNN+TCN,2,normal,US,core,expanding,1DCNN:L60|TCN:L252,Full Test,0.1603236869472537,0.09261304529485467,0.020352899947090847,0.2740203585903967,1502
equal_weight,1DCNN+TST,2,normal,US,core,expanding,1DCNN:L60|TST:L22,Full Test,0.1633756239382789,0.09295260494368332,0.020171642767729227,0.2792366362633968,1502
equal_weight,TCN+TST,2,normal,US,core,expanding,TCN:L252|TST:L22,Full Test,0.15650950038912773,0.09015093540759801,0.017566721671382953,0.2675012671929277,1502
equal_weight,LSTM+1DCNN+TCN,3,normal,US,core,expanding,LSTM:L60|1DCNN:L60|TCN:L252,Full Test,0.15942760411290902,0.09003821752810023,0.01870280869790315,0.2724888011251881,1502
equal_weight,LSTM+1DCNN+TST,3,normal,US,core,expanding,LSTM:L60|1DCNN:L60|TST:L22,Full Test,0.1617666453240045,0.090334930939593,0.018588190474967604,0.2764866190623029,1502
equal_weight,LSTM+TCN+TST,3,normal,US,core,expanding,LSTM:L60|TCN:L252|TST:L22,Full Test,0.1573918538302443,0.08870438559632317,0.017018187472234082,0.2690093587977433,1502
equal_weight,1DCNN+TCN+TST,3,normal,US,core,expanding,1DCNN:L60|TCN:L252|TST:L22,Full Test,0.1582390943877076,0.09062394759384963,0.01870827801607489,0.2704574365321632,1502
equal_weight,LSTM+1DCNN+TCN+TST,4,normal,US,core,expanding,LSTM:L60|1DCNN:L60|TCN:L252|TST:L22,Full Test,0.15844783591703085,0.08937003163730611,0.017987376136905608,0.27081421119102367,1502
equal_weight,LSTM+1DCNN,2,normal,US,core,static,LSTM:L60|1DCNN:L60,Full Test,0.16588080463932559,0.09557132216045272,0.021506256783008524,0.28351841483375034,1502
equal_weight,LSTM+TCN,2,normal,US,core,static,LSTM:L60|TCN:L252,Full Test,0.16294899842264868,0.09673740170106525,0.019539732150375393,0.27850746101688595,1502
equal_weight,LSTM+TST,2,normal,US,core,static,LSTM:L60|TST:L22,Full Test,0.16204620400048406,0.08874770796404795,0.017914598763803722,0.27696443230992135,1502
equal_weight,1DCNN+TCN,2,normal,US,core,static,1DCNN:L60|TCN:L252,Full Test,0.16037404524478707,0.09954968176431425,0.023405426195238232,0.2741064295362044,1502
equal_weight,1DCNN+TST,2,normal,US,core,static,1DCNN:L60|TST:L22,Full Test,0.16042237946222213,0.08854749492210388,0.018660670737349196,0.27418904090729834,1502
equal_weight,TCN+TST,2,normal,US,core,static,TCN:L252|TST:L22,Full Test,0.15578183551533306,0.08850471493142477,0.017022872777404278,0.266257564648493,1502
equal_weight,LSTM+1DCNN+TCN,3,normal,US,core,static,LSTM:L60|1DCNN:L60|TCN:L252,Full Test,0.16131223068287828,0.09633577453395473,0.021074269274340564,0.27570994748878536,1502
equal_weight,LSTM+1DCNN+TST,3,normal,US,core,static,LSTM:L60|1DCNN:L60|TST:L22,Full Test,0.15958681919467846,0.08692141798402131,0.01724848632166884,0.2727609267679491,1502
equal_weight,LSTM+TCN+TST,3,normal,US,core,static,LSTM:L60|TCN:L252|TST:L22,Full Test,0.15683660667808477,0.0872608984873502,0.016245232889304007,0.26806034736784334,1502
equal_weight,1DCNN+TCN+TST,3,normal,US,core,static,1DCNN:L60|TCN:L252|TST:L22,Full Test,0.15484385790564248,0.08792392449755881,0.01755072111285252,0.26465440190987927,1502
equal_weight,LSTM+1DCNN+TCN+TST,4,normal,US,core,static,LSTM:L60|1DCNN:L60|TCN:L252|TST:L22,Full Test,0.1565877659999059,0.0880438656584554,0.017266474373123872,0.26763503646597725,1502
equal_weight,LSTM+1DCNN,2,normal,US,extended,expanding,LSTM:L60|1DCNN:L252,Full Test,0.16358427663341638,0.09700498591547958,0.023251890155259202,0.27959325908957494,1502
equal_weight,LSTM+TCN,2,normal,US,extended,expanding,LSTM:L60|TCN:L252,Full Test,0.15778581335815384,0.09400223163557989,0.02068344009880924,0.26968270241379544,1502
equal_weight,LSTM+TST,2,normal,US,extended,expanding,LSTM:L60|TST:L22,Full Test,0.1623533016542042,0.0960978503315489,0.020929040210741327,0.27748931417886125,1502
equal_weight,1DCNN+TCN,2,normal,US,extended,expanding,1DCNN:L252|TCN:L252,Full Test,0.16632342515326223,0.0994762284941624,0.02385809039043104,0.28427492824235245,1502
equal_weight,1DCNN+TST,2,normal,US,extended,expanding,1DCNN:L252|TST:L22,Full Test,0.1675701374961892,0.09995766376797675,0.024237999516455094,0.2864057709754061,1502
equal_weight,TCN+TST,2,normal,US,extended,expanding,TCN:L252|TST:L22,Full Test,0.16094477939397742,0.09559645330407894,0.021363876235639328,0.2750819108676033,1502
equal_weight,LSTM+1DCNN+TCN,3,normal,US,extended,expanding,LSTM:L60|1DCNN:L252|TCN:L252,Full Test,0.15963531529296177,0.09414509920791103,0.021353092465203775,0.27284381474248354,1502
equal_weight,LSTM+1DCNN+TST,3,normal,US,extended,expanding,LSTM:L60|1DCNN:L252|TST:L22,Full Test,0.1621505458216084,0.09576414886750609,0.021964526191697677,0.27714277009038557,1502
equal_weight,LSTM+TCN+TST,3,normal,US,extended,expanding,LSTM:L60|TCN:L252|TST:L22,Full Test,0.15752780170405137,0.0927118108123512,0.019873292233325443,0.2692417167595613,1502
equal_weight,1DCNN+TCN+TST,3,normal,US,extended,expanding,1DCNN:L252|TCN:L252|TST:L22,Full Test,0.1619192884926029,0.09548142892363763,0.021728104453882725,0.27674751211305626,1502
equal_weight,LSTM+1DCNN+TCN+TST,4,normal,US,extended,expanding,LSTM:L60|1DCNN:L252|TCN:L252|TST:L22,Full Test,0.15889716587033145,0.09319711021831169,0.020658413816988394,0.2715821922503,1502
equal_weight,LSTM+1DCNN,2,normal,US,extended,static,LSTM:L60|1DCNN:L252,Full Test,0.16620722436634908,0.10273197399467376,0.02659471724726773,0.28407632148110107,1502
equal_weight,LSTM+TCN,2,normal,US,extended,static,LSTM:L60|TCN:L252,Full Test,0.16058029614798455,0.09607225746005328,0.021814290151994507,0.27445894729291365,1502
equal_weight,LSTM+TST,2,normal,US,extended,static,LSTM:L60|TST:L22,Full Test,0.179744224827372,0.12128463542463383,0.062060130119907894,0.3072133500279417,1502
equal_weight,1DCNN+TCN,2,normal,US,extended,static,1DCNN:L252|TCN:L252,Full Test,0.1653619724362852,0.10280864367177099,0.026345723856465147,0.2826316426475981,1502
equal_weight,1DCNN+TST,2,normal,US,extended,static,1DCNN:L252|TST:L22,Full Test,0.1793354601894454,0.11472710764167776,0.04211147645919258,0.30651470196895125,1502
equal_weight,TCN+TST,2,normal,US,extended,static,TCN:L252|TST:L22,Full Test,0.1799807229660365,0.124133934273502,0.07422623739769971,0.3076175654375009,1502
equal_weight,LSTM+1DCNN+TCN,3,normal,US,extended,static,LSTM:L60|1DCNN:L252|TCN:L252,Full Test,0.16170320744006006,0.09863883587217044,0.023885878062011513,0.27637819304422523,1502
equal_weight,LSTM+1DCNN+TST,3,normal,US,extended,static,LSTM:L60|1DCNN:L252|TST:L22,Full Test,0.16602024297411255,0.09853431313639592,0.02433716108230857,0.2837567385851441,1502
equal_weight,LSTM+TCN+TST,3,normal,US,extended,static,LSTM:L60|TCN:L252|TST:L22,Full Test,0.16493775851009282,0.10257405799325343,0.031076595410433342,0.2819065891360361,1502
equal_weight,1DCNN+TCN+TST,3,normal,US,extended,static,1DCNN:L252|TCN:L252|TST:L22,Full Test,0.1646740737833595,0.09912141038917001,0.025418050035422503,0.28145590723886393,1502
equal_weight,LSTM+1DCNN+TCN+TST,4,normal,US,extended,static,LSTM:L60|1DCNN:L252|TCN:L252|TST:L22,Full Test,0.16034579168819918,0.09336943281268309,0.020813904606828564,0.2740581394185224,1502
equal_weight,LSTM+1DCNN,2,normal,US,momentum,expanding,LSTM:L60|1DCNN:L252,Full Test,0.16693047229914354,0.09469220939076217,0.02088837757591673,0.2853124747195015,1502
equal_weight,LSTM+TCN,2,normal,US,momentum,expanding,LSTM:L60|TCN:L60,Full Test,0.1610994247468789,0.09031630044284657,0.01758664071975352,0.2753462259907351,1502
equal_weight,LSTM+TST,2,normal,US,momentum,expanding,LSTM:L60|TST:L60,Full Test,0.16079786395923656,0.09028171251365293,0.017506935569607994,0.2748308074849609,1502
equal_weight,1DCNN+TCN,2,normal,US,momentum,expanding,1DCNN:L252|TCN:L60,Full Test,0.1643529019375314,0.09318811651046441,0.02006382659019986,0.28090697002939724,1502
equal_weight,1DCNN+TST,2,normal,US,momentum,expanding,1DCNN:L252|TST:L60,Full Test,0.16427202967344587,0.09387349484141361,0.020641419086838385,0.28076874562084786,1502
equal_weight,TCN+TST,2,normal,US,momentum,expanding,TCN:L60|TST:L60,Full Test,0.15967633876315143,0.0901560935755582,0.017576972113127087,0.2729139308072151,1502
equal_weight,LSTM+1DCNN+TCN,3,normal,US,momentum,expanding,LSTM:L60|1DCNN:L252|TCN:L60,Full Test,0.16258916395422596,0.09130739120215084,0.018837721437536745,0.2778924428322784,1502
equal_weight,LSTM+1DCNN+TST,3,normal,US,momentum,expanding,LSTM:L60|1DCNN:L252|TST:L60,Full Test,0.16245994111919615,0.09170860865663644,0.01905764218029459,0.2776715791017394,1502
equal_weight,LSTM+TCN+TST,3,normal,US,momentum,expanding,LSTM:L60|TCN:L60|TST:L60,Full Test,0.15941386767257884,0.08939000777164197,0.017158562256755612,0.2724653232201031,1502
equal_weight,1DCNN+TCN+TST,3,normal,US,momentum,expanding,1DCNN:L252|TCN:L60|TST:L60,Full Test,0.16103673293049964,0.0907690189273024,0.01860527317521784,0.2752390750492115,1502
equal_weight,LSTM+1DCNN+TCN+TST,4,normal,US,momentum,expanding,LSTM:L60|1DCNN:L252|TCN:L60|TST:L60,Full Test,0.16062764579531422,0.09011832445972752,0.01809052907809276,0.2745398757879376,1502
equal_weight,LSTM+1DCNN,2,normal,US,momentum,static,LSTM:L60|1DCNN:L252,Full Test,0.16883935966572766,0.09956871605858855,0.02294638780789878,0.2885750869008274,1502
equal_weight,LSTM+TCN,2,normal,US,momentum,static,LSTM:L60|TCN:L60,Full Test,0.16362477086707056,0.09355020188082555,0.017937123954793636,0.2796624706796821,1502
equal_weight,LSTM+TST,2,normal,US,momentum,static,LSTM:L60|TST:L60,Full Test,0.16206641738025268,0.09253797171438083,0.018160125725685247,0.27699898040246823,1502
equal_weight,1DCNN+TCN,2,normal,US,momentum,static,1DCNN:L252|TCN:L60,Full Test,0.1634248516435316,0.09953461642809587,0.023002913119711622,0.27932077483684,1502
equal_weight,1DCNN+TST,2,normal,US,momentum,static,1DCNN:L252|TST:L60,Full Test,0.16303260650473766,0.09929939922436751,0.023984516771839774,0.278650361402212,1502
equal_weight,TCN+TST,2,normal,US,momentum,static,TCN:L60|TST:L60,Full Test,0.16010811972330977,0.09305251587882823,0.01852818219415827,0.27365191774096076,1502
equal_weight,LSTM+1DCNN+TCN,3,normal,US,momentum,static,LSTM:L60|1DCNN:L252|TCN:L60,Full Test,0.16374562989371771,0.09617076743009322,0.0205699821131614,0.27986903924394635,1502
equal_weight,LSTM+1DCNN+TST,3,normal,US,momentum,static,LSTM:L60|1DCNN:L252|TST:L60,Full Test,0.16313187179658184,0.09589127521526854,0.021087449093583035,0.2788200226131813,1502
equal_weight,LSTM+TCN+TST,3,normal,US,momentum,static,LSTM:L60|TCN:L60|TST:L60,Full Test,0.16042794959253334,0.0919567317909454,0.01782449723389587,0.27419856120423497,1502
equal_weight,1DCNN+TCN+TST,3,normal,US,momentum,static,1DCNN:L252|TCN:L60|TST:L60,Full Test,0.16038356840263596,0.09583607973146915,0.021134231276452992,0.2741227062273104,1502
equal_weight,LSTM+1DCNN+TCN+TST,4,normal,US,momentum,static,LSTM:L60|1DCNN:L252|TCN:L60|TST:L60,Full Test,0.16111944472073267,0.09425053631824236,0.019835778364274567,0.27538044359887737,1502
