date,feature_set,L,protocol,RV_target,RV_pred
2007-08-01,core,252,static,0.8801034,1.0455728
2007-08-02,core,252,static,1.4408923,1.1308069
2007-08-03,core,252,static,1.0649017,0.9422598
2007-08-06,core,252,static,0.9231945,1.0321372
2007-08-07,core,252,static,0.7631564,0.79777765
2007-08-08,core,252,static,0.7670764,0.74205154
2007-08-09,core,252,static,0.72914207,0.7702425
2007-08-10,core,252,static,1.1996056,0.9813157
2007-08-13,core,252,static,0.9357482,0.8740073
2007-08-14,core,252,static,0.60116553,0.66191036
2007-08-15,core,252,static,0.8692643,0.8901766
2007-08-16,core,252,static,1.7035085,1.3216412
2007-08-17,core,252,static,1.8911664,2.177013
2007-08-20,core,252,static,1.8842937,1.8685672
2007-08-21,core,252,static,1.2399241,1.3067298
2007-08-22,core,252,static,0.92904145,0.93093836
2007-08-23,core,252,static,1.2037963,1.1036061
2007-08-24,core,252,static,0.75902826,0.9297724
2007-08-27,core,252,static,0.7493133,0.80202353
2007-08-28,core,252,static,0.6436693,0.7655524
2007-08-29,core,252,static,1.3607227,0.91503465
2007-08-30,core,252,static,0.8844781,0.91421705
2007-08-31,core,252,static,0.76592296,0.94770753
2007-09-03,core,252,static,0.7356174,0.6552605
2007-09-04,core,252,static,0.6469597,0.67748904
2007-09-05,core,252,static,0.82220393,0.94324565
2007-09-06,core,252,static,1.2827791,1.2411745
2007-09-07,core,252,static,0.94838935,0.96750385
2007-09-10,core,252,static,1.3983003,0.9424707
2007-09-11,core,252,static,1.0835041,1.2172363
2007-09-12,core,252,static,1.3109461,1.0488982
2007-09-13,core,252,static,0.81548774,0.88894755
2007-09-14,core,252,static,0.82872677,0.8968401
2007-09-18,core,252,static,0.8804546,0.91735446
2007-09-19,core,252,static,1.3267688,1.0847588
2007-09-20,core,252,static,0.6548281,0.8798351
2007-09-21,core,252,static,0.64813536,0.67065823
2007-09-25,core,252,static,0.7388924,0.700786
2007-09-26,core,252,static,0.6000896,0.53668654
2007-09-27,core,252,static,0.7981365,0.96189487
2007-09-28,core,252,static,0.62373877,0.69525033
2007-10-01,core,252,static,0.8118753,0.69545805
2007-10-02,core,252,static,0.5797593,0.5869196
2007-10-03,core,252,static,0.6384781,0.6411505
2007-10-04,core,252,static,0.7074501,0.6015402
2007-10-05,core,252,static,0.5344448,0.56197774
2007-10-09,core,252,static,0.565423,0.46551713
2007-10-10,core,252,static,0.49269378,0.5411269
2007-10-11,core,252,static,1.0300627,0.8808929
2007-10-12,core,252,static,0.6092255,0.6784006
2007-10-15,core,252,static,0.62283504,0.53233105
2007-10-16,core,252,static,0.7858034,0.681883
2007-10-17,core,252,static,1.2261579,1.0082988
2007-10-18,core,252,static,0.84842515,0.87501305
2007-10-19,core,252,static,0.9328719,0.82596636
2007-10-22,core,252,static,1.5827135,1.0668876
2007-10-23,core,252,static,0.719069,0.91392374
2007-10-24,core,252,static,0.8917337,0.86704755
2007-10-25,core,252,static,0.9904997,0.9689752
2007-10-26,core,252,static,0.7622867,0.854477
2007-10-29,core,252,static,0.75400984,0.72632504
2007-10-30,core,252,static,0.7734535,0.7900019
2007-10-31,core,252,static,0.7115207,0.7007686
2007-11-01,core,252,static,0.6431613,0.6326646
2007-11-02,core,252,static,0.96520317,0.7111473
2007-11-05,core,252,static,0.84878254,0.823447
2007-11-06,core,252,static,0.86974025,0.90744483
2007-11-07,core,252,static,0.76526433,0.8220941
2007-11-08,core,252,static,1.0955954,0.9925125
2007-11-09,core,252,static,1.2420065,1.0590723
2007-11-12,core,252,static,1.4491807,1.3032982
2007-11-13,core,252,static,1.3986118,1.1369216
2007-11-14,core,252,static,0.83256733,1.0046563
2007-11-15,core,252,static,0.7714589,0.8673605
2007-11-16,core,252,static,1.2273935,0.9107894
2007-11-19,core,252,static,0.9978828,0.9402491
2007-11-20,core,252,static,1.379404,1.448134
2007-11-21,core,252,static,1.3258077,1.3099737
2007-11-22,core,252,static,1.4661254,1.2099361
2007-11-26,core,252,static,1.1383275,1.2394223
2007-11-27,core,252,static,2.463901,1.4739926
2007-11-28,core,252,static,1.0777344,1.2542322
2007-11-29,core,252,static,1.1031961,1.0145773
2007-11-30,core,252,static,0.77607155,0.9927009
2007-12-03,core,252,static,1.1192423,0.87316823
2007-12-04,core,252,static,0.8677149,1.020744
2007-12-05,core,252,static,0.8952151,0.9389003
2007-12-06,core,252,static,0.7495637,0.792429
2007-12-07,core,252,static,0.86016476,0.77394664
2007-12-10,core,252,static,0.87988734,0.7154904
2007-12-11,core,252,static,0.71187633,0.5947541
2007-12-12,core,252,static,1.000316,0.8695346
2007-12-13,core,252,static,0.89545405,1.0646404
2007-12-14,core,252,static,1.4914306,0.90461826
2007-12-17,core,252,static,1.033565,1.0717021
2007-12-18,core,252,static,1.3484181,1.0730085
2007-12-19,core,252,static,0.83504623,0.9786731
2007-12-20,core,252,static,0.71832126,0.82187855
2007-12-21,core,252,static,1.198401,1.0076011
2007-12-25,core,252,static,0.8315531,0.7709726
2007-12-26,core,252,static,0.40275282,0.690436
2007-12-27,core,252,static,0.51416916,0.5162145
2007-12-28,core,252,static,0.6100839,0.6835897
2008-01-04,core,252,static,1.6814002,1.577405
2008-01-07,core,252,static,1.1760688,1.1244751
2008-01-08,core,252,static,1.2171863,0.82699835
2008-01-09,core,252,static,1.2883667,1.148823
2008-01-10,core,252,static,0.8183584,0.99737823
2008-01-11,core,252,static,1.3772194,1.2386394
2008-01-15,core,252,static,1.2154658,1.2089556
2008-01-16,core,252,static,1.8376912,1.3005173
2008-01-17,core,252,static,1.6769547,1.4960982
2008-01-18,core,252,static,2.0982952,1.8856448
2008-01-21,core,252,static,1.8114805,1.6931471
2008-01-22,core,252,static,2.846119,2.4324906
2008-01-23,core,252,static,2.6428788,2.0871289
2008-01-24,core,252,static,1.705175,1.6317749
2008-01-25,core,252,static,1.282452,1.7845852
2008-01-28,core,252,static,1.1922202,1.7015359
2008-01-29,core,252,static,1.6987835,1.4334869
2008-01-30,core,252,static,1.470199,1.2584438
2008-01-31,core,252,static,1.6594957,1.6982024
2008-02-01,core,252,static,1.4009969,1.2870171
2008-02-04,core,252,static,1.2741902,1.1898295
2008-02-05,core,252,static,0.97218794,1.0424412
2008-02-06,core,252,static,1.716777,1.5909159
2008-02-07,core,252,static,1.2926532,1.1961195
2008-02-08,core,252,static,1.4193152,1.2473693
2008-02-12,core,252,static,1.1911092,1.0398926
2008-02-13,core,252,static,1.1491308,1.1348364
2008-02-14,core,252,static,1.3668795,1.4584576
2008-02-15,core,252,static,1.2876648,1.3794286
2008-02-18,core,252,static,1.3829021,1.0187836
2008-02-19,core,252,static,1.0288566,0.9810897
2008-02-20,core,252,static,1.2348869,1.3520174
2008-02-21,core,252,static,1.3892696,1.3516077
2008-02-22,core,252,static,1.3457806,1.0408857
2008-02-25,core,252,static,1.2751386,1.276016
2008-02-26,core,252,static,0.9564344,1.1151783
2008-02-27,core,252,static,1.203966,0.8548277
2008-02-28,core,252,static,0.99435985,0.88230485
2008-02-29,core,252,static,1.1301521,0.94454
2008-03-03,core,252,static,1.7108192,1.4808532
2008-03-04,core,252,static,1.4820001,1.1912951
2008-03-05,core,252,static,1.1221273,0.99370563
2008-03-06,core,252,static,1.0432024,1.2510102
2008-03-07,core,252,static,1.6545572,1.3348628
2008-03-10,core,252,static,1.3408215,1.2778387
2008-03-11,core,252,static,1.3021135,1.4126127
2008-03-12,core,252,static,1.7157757,1.303163
2008-03-13,core,252,static,1.6251465,1.7339076
2008-03-14,core,252,static,1.614607,1.7537653
2008-03-17,core,252,static,2.001694,2.057635
2008-03-18,core,252,static,1.999982,1.3619242
2008-03-19,core,252,static,2.039671,1.4013958
2008-03-21,core,252,static,0.89049405,1.329333
2008-03-24,core,252,static,1.0234107,0.9638165
2008-03-25,core,252,static,0.90599746,1.0902096
2008-03-26,core,252,static,0.92750955,0.81250894
2008-03-27,core,252,static,1.0831254,0.8098729
2008-03-28,core,252,static,1.3782159,1.2365288
2008-03-31,core,252,static,1.3233589,1.097363
2008-04-01,core,252,static,1.2880524,1.2125365
2008-04-02,core,252,static,1.621259,1.2136929
2008-04-03,core,252,static,1.0128379,1.3217932
2008-04-04,core,252,static,0.9192272,0.91885215
2008-04-07,core,252,static,1.0134681,1.0111455
2008-04-08,core,252,static,0.79805744,0.8861633
2008-04-09,core,252,static,1.1313485,1.1760101
2008-04-10,core,252,static,1.1032866,0.81507444
2008-04-11,core,252,static,1.0569413,1.1314328
2008-04-14,core,252,static,1.4995741,0.9900636
2008-04-15,core,252,static,0.9028159,1.0308938
2008-04-16,core,252,static,0.7043831,0.6845598
2008-04-17,core,252,static,0.96897554,0.8326448
2008-04-18,core,252,static,0.8219587,0.8874509
2008-04-21,core,252,static,0.99544686,0.6657345
2008-04-22,core,252,static,0.7392888,0.72398436
2008-04-23,core,252,static,1.0151398,1.0007808
2008-04-24,core,252,static,0.9876941,0.8468158
2008-04-25,core,252,static,1.1150815,1.036102
2008-04-28,core,252,static,0.9894523,0.920526
2008-04-30,core,252,static,0.92818063,0.9997239
2008-05-01,core,252,static,1.0319159,0.74602616
2008-05-02,core,252,static,0.8584468,0.78821313
2008-05-07,core,252,static,0.85936075,0.8742612
2008-05-08,core,252,static,0.7566445,0.7040303
2008-05-09,core,252,static,0.9570968,0.96015465
2008-05-12,core,252,static,0.79994583,1.0127288
2008-05-13,core,252,static,1.0803016,0.864552
2008-05-14,core,252,static,1.0343906,0.9799404
2008-05-15,core,252,static,0.8929005,0.8613986
2008-05-16,core,252,static,1.0157291,0.9023531
2008-05-19,core,252,static,0.8096849,0.6867925
2008-05-20,core,252,static,0.94519293,0.7817675
2008-05-21,core,252,static,0.85700375,0.9046743
2008-05-22,core,252,static,1.0711634,1.2409968
2008-05-23,core,252,static,1.1137314,1.0005109
2008-05-26,core,252,static,0.90227026,0.9257279
2008-05-27,core,252,static,0.90454996,0.85806096
2008-05-28,core,252,static,1.128666,1.0112499
2008-05-29,core,252,static,1.1789294,1.2485921
2008-05-30,core,252,static,0.99576324,0.97844636
2008-06-02,core,252,static,1.5123595,0.9677541
2008-06-03,core,252,static,1.1571387,0.9017023
2008-06-04,core,252,static,0.8997946,0.8589206
2008-06-05,core,252,static,0.9108968,0.7668503
2008-06-06,core,252,static,0.6596254,0.76711386
2008-06-09,core,252,static,1.3027848,0.7751988
2008-06-10,core,252,static,0.9825508,1.0788517
2008-06-11,core,252,static,0.99781346,0.9475546
2008-06-12,core,252,static,1.1354691,0.9616437
2008-06-13,core,252,static,1.1201208,1.0048234
2008-06-16,core,252,static,1.1563852,0.93935037
2008-06-17,core,252,static,0.8463808,0.74200237
2008-06-18,core,252,static,0.77250206,0.77986336
2008-06-19,core,252,static,0.8628132,0.9173234
2008-06-20,core,252,static,1.1801904,1.0258579
2008-06-23,core,252,static,1.0864068,1.05686
2008-06-24,core,252,static,0.8667414,0.8050691
2008-06-25,core,252,static,1.0348911,0.8920742
2008-06-26,core,252,static,0.98884976,0.80538076
2008-06-27,core,252,static,1.3256215,0.8640051
2008-06-30,core,252,static,0.7973037,0.86331034
2008-07-01,core,252,static,0.9060192,0.6928122
2008-07-02,core,252,static,1.0970969,0.9675115
2008-07-03,core,252,static,1.135586,0.9914237
2008-07-04,core,252,static,0.87046796,0.9534722
2008-07-07,core,252,static,0.88238806,0.8858001
2008-07-08,core,252,static,1.0845361,1.0407568
2008-07-09,core,252,static,1.076775,1.0484855
2008-07-10,core,252,static,1.2258283,1.0003053
2008-07-11,core,252,static,1.5754012,1.0362561
2008-07-14,core,252,static,1.3783153,1.0294949
2008-07-15,core,252,static,1.1607703,1.0406418
2008-07-16,core,252,static,1.0245421,0.93868804
2008-07-17,core,252,static,0.68464833,0.7889047
2008-07-18,core,252,static,0.8515759,0.9962134
2008-07-22,core,252,static,0.87311286,1.0244153
2008-07-23,core,252,static,0.88910645,0.84999216
2008-07-24,core,252,static,0.9936929,0.8307224
2008-07-25,core,252,static,0.6507649,0.75801873
2008-07-28,core,252,static,0.7511878,0.67107385
2008-07-29,core,252,static,0.92757744,0.86755514
2008-07-30,core,252,static,0.6542957,0.6752539
2008-07-31,core,252,static,0.94606847,0.7954312
2008-08-01,core,252,static,0.9989986,0.9699859
2008-08-04,core,252,static,1.1536596,0.8727374
2008-08-05,core,252,static,1.1621064,0.89137894
2008-08-06,core,252,static,0.9040831,1.0000062
2008-08-07,core,252,static,1.023522,0.9575919
2008-08-08,core,252,static,1.066766,1.1573801
2008-08-11,core,252,static,1.0211208,0.89156544
2008-08-12,core,252,static,0.81205696,0.76017886
2008-08-13,core,252,static,1.0847405,1.0663893
2008-08-14,core,252,static,0.9804105,0.87546086
2008-08-15,core,252,static,0.7222523,0.7329024
2008-08-18,core,252,static,1.1207627,0.9934455
2008-08-19,core,252,static,1.3125615,0.91566133
2008-08-20,core,252,static,1.1158078,0.9785475
2008-08-21,core,252,static,0.7614359,0.8429823
2008-08-22,core,252,static,0.9018456,0.77179027
2008-08-25,core,252,static,0.9735351,0.7763758
2008-08-26,core,252,static,0.70180887,0.83348316
2008-08-27,core,252,static,0.7436371,0.6602802
2008-08-28,core,252,static,0.6286275,0.71223336
2008-08-29,core,252,static,0.89517003,0.74812365
2008-09-01,core,252,static,0.7632984,0.6606697
2008-09-02,core,252,static,1.3825178,1.2974265
2008-09-03,core,252,static,1.1140538,0.9124698
2008-09-04,core,252,static,1.142962,0.924629
2008-09-05,core,252,static,1.4505955,1.0493245
2008-09-08,core,252,static,1.2813097,1.2398287
2008-09-09,core,252,static,0.8359504,0.98288214
2008-09-10,core,252,static,1.404522,1.1341712
2008-09-11,core,252,static,1.027894,1.0517299
2008-09-12,core,252,static,1.0699275,1.0252732
2008-09-16,core,252,static,2.202989,1.7122649
2008-09-17,core,252,static,1.5259703,1.1614716
2008-09-18,core,252,static,1.7204697,1.373749
2008-09-19,core,252,static,1.2890017,1.3999006
2008-09-22,core,252,static,1.5069917,1.2798693
2008-09-24,core,252,static,1.044532,1.2733488
2008-09-25,core,252,static,1.199916,0.94405836
2008-09-26,core,252,static,1.2409936,1.2548367
2008-09-29,core,252,static,1.4062872,1.3357627
2008-09-30,core,252,static,2.737126,1.7262292
2008-10-01,core,252,static,1.2443538,1.3196932
2008-10-02,core,252,static,1.3548816,1.448396
2008-10-03,core,252,static,1.456533,1.1770897
2008-10-06,core,252,static,1.7759069,2.1696212
2008-10-07,core,252,static,3.4029813,2.5612676
2008-10-08,core,252,static,3.450375,3.7298486
2008-10-09,core,252,static,3.0509899,3.0822845
2008-10-10,core,252,static,5.6823015,4.8822327
2008-10-14,core,252,static,3.8099234,6.8055243
2008-10-15,core,252,static,2.7114086,3.7365675
2008-10-16,core,252,static,4.3024616,5.848547
2008-10-17,core,252,static,2.850487,3.4327295
2008-10-20,core,252,static,2.174373,2.9933193
2008-10-21,core,252,static,2.1711078,1.660567
2008-10-22,core,252,static,2.4058497,3.1485853
2008-10-23,core,252,static,4.0929112,5.355835
2008-10-24,core,252,static,3.5913594,4.8526907
2008-10-27,core,252,static,5.3185167,7.6123285
2008-10-28,core,252,static,5.0085726,6.205739
2008-10-29,core,252,static,4.7653613,4.2102137
2008-10-30,core,252,static,3.6736653,5.3306427
2008-10-31,core,252,static,4.19866,3.8970845
2008-11-04,core,252,static,2.5840783,4.637105
2008-11-05,core,252,static,2.3868775,2.5318196
2008-11-06,core,252,static,2.917089,4.0687757
2008-11-07,core,252,static,4.5948935,4.9399595
2008-11-10,core,252,static,2.8803103,3.3865097
2008-11-11,core,252,static,2.4698524,2.393812
2008-11-12,core,252,static,2.7478178,2.8334024
2008-11-13,core,252,static,3.319518,2.7492924
2008-11-14,core,252,static,2.9744031,2.5540323
2008-11-17,core,252,static,3.2910516,3.5929043
2008-11-18,core,252,static,2.2085555,2.7361515
2008-11-19,core,252,static,2.0083358,2.5760212
2008-11-20,core,252,static,2.576389,2.92594
2008-11-21,core,252,static,3.4779298,5.3628583
2008-11-25,core,252,static,3.3344498,2.900802
2008-11-26,core,252,static,2.063779,1.8886724
2008-11-27,core,252,static,1.8840156,1.8727655
2008-11-28,core,252,static,1.4546449,1.9898446
2008-12-01,core,252,static,1.7256993,1.6559181
2008-12-02,core,252,static,2.8025696,2.4410088
2008-12-03,core,252,static,1.8094791,1.742051
2008-12-04,core,252,static,1.814151,2.0593755
2008-12-05,core,252,static,1.5385216,1.5890052
2008-12-08,core,252,static,2.1540542,2.4090343
2008-12-09,core,252,static,1.804119,1.8796889
2008-12-10,core,252,static,1.8551171,1.9786247
2008-12-11,core,252,static,1.6527811,1.8374565
2008-12-12,core,252,static,3.648414,2.6880164
2008-12-15,core,252,static,2.0559032,2.5109856
2008-12-16,core,252,static,1.7230003,1.7331476
2008-12-17,core,252,static,2.0847275,2.0267432
2008-12-18,core,252,static,1.7289696,2.0434036
2008-12-19,core,252,static,1.9618268,1.5941443
2008-12-22,core,252,static,1.6057793,1.5767652
2008-12-24,core,252,static,1.0738858,1.5092168
2008-12-25,core,252,static,0.7602034,1.2127895
2008-12-26,core,252,static,0.8490197,0.971267
2008-12-29,core,252,static,0.7873732,1.081137
2008-12-30,core,252,static,0.84290206,1.0329957
2009-01-05,core,252,static,1.2961918,0.8590578
2009-01-06,core,252,static,1.1724432,0.8949431
2009-01-07,core,252,static,1.2760441,1.243515
2009-01-08,core,252,static,1.5989891,1.5232787
2009-01-09,core,252,static,1.5512141,1.2695024
2009-01-13,core,252,static,1.8934695,1.8571737
2009-01-14,core,252,static,1.3425046,1.3822157
2009-01-15,core,252,static,2.0326946,1.9715693
2009-01-16,core,252,static,1.4396902,1.670579
2009-01-19,core,252,static,1.4434379,1.2902505
2009-01-20,core,252,static,1.6959974,1.7089579
2009-01-21,core,252,static,2.015061,1.4343691
2009-01-22,core,252,static,1.588521,1.746325
2009-01-23,core,252,static,1.5493271,1.5380125
2009-01-26,core,252,static,1.5152057,1.4267371
2009-01-27,core,252,static,1.8574178,1.9280405
2009-01-28,core,252,static,2.1188583,1.6871532
2009-01-29,core,252,static,1.7174796,1.6170236
2009-01-30,core,252,static,1.5122192,1.5687186
2009-02-02,core,252,static,1.7268994,1.381416
2009-02-03,core,252,static,2.296584,1.853504
2009-02-04,core,252,static,1.5387025,1.6887817
2009-02-05,core,252,static,1.591287,1.615458
2009-02-06,core,252,static,1.6763096,1.3856878
2009-02-09,core,252,static,1.5765513,1.6968694
2009-02-10,core,252,static,1.9428794,1.5983176
2009-02-12,core,252,static,1.6160334,1.3517485
2009-02-13,core,252,static,1.5890151,1.3304081
2009-02-16,core,252,static,1.1611589,1.1786287
2009-02-17,core,252,static,1.0789363,1.089595
2009-02-18,core,252,static,1.1156417,1.1146061
2009-02-19,core,252,static,1.0441029,0.9855464
2009-02-20,core,252,static,1.2374958,1.2357442
2009-02-23,core,252,static,1.9150304,1.3955691
2009-02-24,core,252,static,1.7093128,1.2256408
2009-02-25,core,252,static,1.7071655,1.3217331
2009-02-26,core,252,static,1.5436981,1.4477203
2009-02-27,core,252,static,1.5983825,1.4303192
2009-03-02,core,252,static,1.7572066,1.5324697
2009-03-03,core,252,static,1.6020874,1.6692525
2009-03-04,core,252,static,1.507304,1.6641495
2009-03-05,core,252,static,1.5417339,1.4922445
2009-03-06,core,252,static,2.0066836,1.486676
2009-03-09,core,252,static,1.8138407,1.7229728
2009-03-10,core,252,static,1.4142374,1.1013004
2009-03-11,core,252,static,1.79485,1.51106
2009-03-12,core,252,static,1.2807425,1.4542475
2009-03-13,core,252,static,1.8901838,1.773843
2009-03-16,core,252,static,1.1957861,1.3841157
2009-03-17,core,252,static,1.2577031,1.50969
2009-03-18,core,252,static,1.6082413,1.3076687
2009-03-19,core,252,static,1.121336,1.103183
2009-03-23,core,252,static,1.7457315,1.5101503
2009-03-24,core,252,static,1.6521703,1.5246681
2009-03-25,core,252,static,1.360538,1.2683709
2009-03-26,core,252,static,1.4826072,1.5132225
2009-03-27,core,252,static,1.8187875,1.460629
2009-03-30,core,252,static,1.9252088,2.0596592
2009-03-31,core,252,static,2.1894784,2.072567
2009-04-01,core,252,static,1.9490299,1.8491315
2009-04-02,core,252,static,1.6591791,1.707895
2009-04-03,core,252,static,1.7359531,1.7100164
2009-04-06,core,252,static,1.7490761,1.4555643
2009-04-07,core,252,static,1.3469167,1.1998541
2009-04-08,core,252,static,1.4092592,1.2754264
2009-04-09,core,252,static,1.5735135,1.6368421
2009-04-10,core,252,static,1.2686342,1.577936
2009-04-13,core,252,static,1.4242015,1.2585186
2009-04-14,core,252,static,1.764755,1.3020792
2009-04-15,core,252,static,1.3903584,1.2187831
2009-04-16,core,252,static,2.0027952,1.5017354
2009-04-17,core,252,static,1.4925804,1.385681
2009-04-20,core,252,static,1.2095697,1.2330998
2009-04-21,core,252,static,1.4736764,1.3214045
2009-04-22,core,252,static,1.1359831,1.132782
2009-04-23,core,252,static,1.2378409,1.2932551
2009-04-24,core,252,static,1.4418178,1.1997247
2009-04-27,core,252,static,1.5101802,1.3285094
2009-04-28,core,252,static,1.6652886,1.7095153
2009-04-30,core,252,static,1.5362196,1.5504825
2009-05-01,core,252,static,1.4797052,1.3473623
2009-05-07,core,252,static,1.8247906,1.6772509
2009-05-08,core,252,static,1.0258961,1.3271284
2009-05-11,core,252,static,1.2558868,1.022069
2009-05-12,core,252,static,1.0205218,0.8979454
2009-05-13,core,252,static,0.9673245,0.8629292
2009-05-14,core,252,static,1.2060112,1.0585929
2009-05-15,core,252,static,0.8059104,1.0768539
2009-05-18,core,252,static,1.1386284,0.990103
2009-05-19,core,252,static,1.370593,1.0128624
2009-05-20,core,252,static,0.6902754,0.8448416
2009-05-21,core,252,static,0.7701546,0.7452338
2009-05-22,core,252,static,0.8793909,0.90015185
2009-05-25,core,252,static,1.3176771,0.9225542
2009-05-26,core,252,static,1.038278,0.95097256
2009-05-27,core,252,static,0.70485467,0.73910356
2009-05-28,core,252,static,0.9350785,0.87311685
2009-05-29,core,252,static,0.82714176,0.8221386
2009-06-01,core,252,static,1.1669569,0.9375876
2009-06-02,core,252,static,0.7885883,0.7412683
2009-06-03,core,252,static,0.7024753,0.61861134
2009-06-04,core,252,static,0.69949126,0.68292046
2009-06-05,core,252,static,0.53476447,0.64300597
2009-06-08,core,252,static,0.74993527,0.64045644
2009-06-09,core,252,static,0.8636665,0.6473078
2009-06-10,core,252,static,0.7124315,0.87396455
2009-06-11,core,252,static,0.6494806,0.6429446
2009-06-12,core,252,static,0.75067997,0.7480067
2009-06-15,core,252,static,0.69446284,0.65444875
2009-06-16,core,252,static,0.94008124,0.9756315
2009-06-17,core,252,static,1.0355568,0.9027065
2009-06-18,core,252,static,0.86043465,0.8396938
2009-06-19,core,252,static,0.9910659,0.82354677
2009-06-22,core,252,static,0.87033856,0.81859046
2009-06-23,core,252,static,1.1709285,1.0458171
2009-06-24,core,252,static,0.8788145,0.8226857
2009-06-25,core,252,static,1.1259475,1.1859465
2009-06-26,core,252,static,0.7684205,0.91543907
2009-06-29,core,252,static,0.9948014,0.9389962
2009-06-30,core,252,static,0.8236498,0.75784266
2007-08-01,momentum,22,static,0.8801034,1.0014119
2007-08-02,momentum,22,static,1.4408923,1.184607
2007-08-03,momentum,22,static,1.0649017,0.97778285
2007-08-06,momentum,22,static,0.9231945,0.99857116
2007-08-07,momentum,22,static,0.7631564,0.77318615
2007-08-08,momentum,22,static,0.7670764,0.71923465
2007-08-09,momentum,22,static,0.72914207,0.62986237
2007-08-10,momentum,22,static,1.1996056,0.9228886
2007-08-13,momentum,22,static,0.9357482,0.8486356
2007-08-14,momentum,22,static,0.60116553,0.58031356
2007-08-15,momentum,22,static,0.8692643,0.85090965
2007-08-16,momentum,22,static,1.7035085,1.3347573
2007-08-17,momentum,22,static,1.8911664,2.1779134
2007-08-20,momentum,22,static,1.8842937,1.5096525
2007-08-21,momentum,22,static,1.2399241,1.386708
2007-08-22,momentum,22,static,0.92904145,1.0048246
2007-08-23,momentum,22,static,1.2037963,1.1156133
2007-08-24,momentum,22,static,0.75902826,1.020654
2007-08-27,momentum,22,static,0.7493133,0.9272968
2007-08-28,momentum,22,static,0.6436693,0.7794699
2007-08-29,momentum,22,static,1.3607227,0.9768004
2007-08-30,momentum,22,static,0.8844781,0.9689801
2007-08-31,momentum,22,static,0.76592296,1.0018426
2007-09-03,momentum,22,static,0.7356174,0.61306477
2007-09-04,momentum,22,static,0.6469597,0.58827376
2007-09-05,momentum,22,static,0.82220393,0.9224047
2007-09-06,momentum,22,static,1.2827791,1.1743002
2007-09-07,momentum,22,static,0.94838935,0.94944894
2007-09-10,momentum,22,static,1.3983003,0.9846919
2007-09-11,momentum,22,static,1.0835041,1.1218538
2007-09-12,momentum,22,static,1.3109461,1.1222782
2007-09-13,momentum,22,static,0.81548774,0.8971066
2007-09-14,momentum,22,static,0.82872677,0.9747464
2007-09-18,momentum,22,static,0.8804546,1.0050192
2007-09-19,momentum,22,static,1.3267688,1.1285163
2007-09-20,momentum,22,static,0.6548281,0.9269242
2007-09-21,momentum,22,static,0.64813536,0.65460366
2007-09-25,momentum,22,static,0.7388924,0.6527026
2007-09-26,momentum,22,static,0.6000896,0.5675527
2007-09-27,momentum,22,static,0.7981365,0.8288906
2007-09-28,momentum,22,static,0.62373877,0.6870331
2007-10-01,momentum,22,static,0.8118753,0.6056649
2007-10-02,momentum,22,static,0.5797593,0.5949291
2007-10-03,momentum,22,static,0.6384781,0.674667
2007-10-04,momentum,22,static,0.7074501,0.49069977
2007-10-05,momentum,22,static,0.5344448,0.5119041
2007-10-09,momentum,22,static,0.565423,0.49629608
2007-10-10,momentum,22,static,0.49269378,0.56338245
2007-10-11,momentum,22,static,1.0300627,0.86410445
2007-10-12,momentum,22,static,0.6092255,0.70995784
2007-10-15,momentum,22,static,0.62283504,0.5011716
2007-10-16,momentum,22,static,0.7858034,0.6144876
2007-10-17,momentum,22,static,1.2261579,0.83787256
2007-10-18,momentum,22,static,0.84842515,0.7962025
2007-10-19,momentum,22,static,0.9328719,0.83766454
2007-10-22,momentum,22,static,1.5827135,1.0408738
2007-10-23,momentum,22,static,0.719069,0.84816307
2007-10-24,momentum,22,static,0.8917337,0.864749
2007-10-25,momentum,22,static,0.9904997,0.9418918
2007-10-26,momentum,22,static,0.7622867,0.8818412
2007-10-29,momentum,22,static,0.75400984,0.7222244
2007-10-30,momentum,22,static,0.7734535,0.6219687
2007-10-31,momentum,22,static,0.7115207,0.62881905
2007-11-01,momentum,22,static,0.6431613,0.55966234
2007-11-02,momentum,22,static,0.96520317,0.6419432
2007-11-05,momentum,22,static,0.84878254,0.7807142
2007-11-06,momentum,22,static,0.86974025,0.8457292
2007-11-07,momentum,22,static,0.76526433,0.79564804
2007-11-08,momentum,22,static,1.0955954,1.0625502
2007-11-09,momentum,22,static,1.2420065,1.0987872
2007-11-12,momentum,22,static,1.4491807,1.2599086
2007-11-13,momentum,22,static,1.3986118,1.1670291
2007-11-14,momentum,22,static,0.83256733,1.1177505
2007-11-15,momentum,22,static,0.7714589,0.9556193
2007-11-16,momentum,22,static,1.2273935,0.93465734
2007-11-19,momentum,22,static,0.9978828,1.0061677
2007-11-20,momentum,22,static,1.379404,1.4637355
2007-11-21,momentum,22,static,1.3258077,1.2251647
2007-11-22,momentum,22,static,1.4661254,1.2694707
2007-11-26,momentum,22,static,1.1383275,1.2448678
2007-11-27,momentum,22,static,2.463901,1.3197577
2007-11-28,momentum,22,static,1.0777344,1.0821751
2007-11-29,momentum,22,static,1.1031961,1.0604469
2007-11-30,momentum,22,static,0.77607155,0.93023205
2007-12-03,momentum,22,static,1.1192423,0.86018455
2007-12-04,momentum,22,static,0.8677149,0.8772451
2007-12-05,momentum,22,static,0.8952151,0.98877364
2007-12-06,momentum,22,static,0.7495637,0.91561514
2007-12-07,momentum,22,static,0.86016476,0.70245045
2007-12-10,momentum,22,static,0.87988734,0.6872017
2007-12-11,momentum,22,static,0.71187633,0.5789861
2007-12-12,momentum,22,static,1.000316,0.90634054
2007-12-13,momentum,22,static,0.89545405,0.92896277
2007-12-14,momentum,22,static,1.4914306,0.9587884
2007-12-17,momentum,22,static,1.033565,0.9799939
2007-12-18,momentum,22,static,1.3484181,1.0741287
2007-12-19,momentum,22,static,0.83504623,1.0144583
2007-12-20,momentum,22,static,0.71832126,0.9289302
2007-12-21,momentum,22,static,1.198401,1.0372831
2007-12-25,momentum,22,static,0.8315531,0.86738497
2007-12-26,momentum,22,static,0.40275282,0.803335
2007-12-27,momentum,22,static,0.51416916,0.54233
2007-12-28,momentum,22,static,0.6100839,0.72624296
2008-01-04,momentum,22,static,1.6814002,1.6542192
2008-01-07,momentum,22,static,1.1760688,0.85046005
2008-01-08,momentum,22,static,1.2171863,1.0032743
2008-01-09,momentum,22,static,1.2883667,1.2371974
2008-01-10,momentum,22,static,0.8183584,1.2412236
2008-01-11,momentum,22,static,1.3772194,1.4039009
2008-01-15,momentum,22,static,1.2154658,1.2855504
2008-01-16,momentum,22,static,1.8376912,1.4975343
2008-01-17,momentum,22,static,1.6769547,1.5292697
2008-01-18,momentum,22,static,2.0982952,1.8128896
2008-01-21,momentum,22,static,1.8114805,1.4227355
2008-01-22,momentum,22,static,2.846119,1.9524887
2008-01-23,momentum,22,static,2.6428788,1.9886496
2008-01-24,momentum,22,static,1.705175,1.4729925
2008-01-25,momentum,22,static,1.282452,1.6639376
2008-01-28,momentum,22,static,1.1922202,1.667953
2008-01-29,momentum,22,static,1.6987835,1.2868124
2008-01-30,momentum,22,static,1.470199,1.33465
2008-01-31,momentum,22,static,1.6594957,1.6460598
2008-02-01,momentum,22,static,1.4009969,1.3534741
2008-02-04,momentum,22,static,1.2741902,1.1427288
2008-02-05,momentum,22,static,0.97218794,0.896108
2008-02-06,momentum,22,static,1.716777,1.5791736
2008-02-07,momentum,22,static,1.2926532,1.1532323
2008-02-08,momentum,22,static,1.4193152,1.2892468
2008-02-12,momentum,22,static,1.1911092,1.2628565
2008-02-13,momentum,22,static,1.1491308,1.1264943
2008-02-14,momentum,22,static,1.3668795,1.5426486
2008-02-15,momentum,22,static,1.2876648,1.3228118
2008-02-18,momentum,22,static,1.3829021,1.0304807
2008-02-19,momentum,22,static,1.0288566,0.9196749
2008-02-20,momentum,22,static,1.2348869,1.359867
2008-02-21,momentum,22,static,1.3892696,1.2334191
2008-02-22,momentum,22,static,1.3457806,0.9632643
2008-02-25,momentum,22,static,1.2751386,1.0723864
2008-02-26,momentum,22,static,0.9564344,0.95019275
2008-02-27,momentum,22,static,1.203966,0.9523377
2008-02-28,momentum,22,static,0.99435985,0.92128927
2008-02-29,momentum,22,static,1.1301521,0.960488
2008-03-03,momentum,22,static,1.7108192,1.462151
2008-03-04,momentum,22,static,1.4820001,1.008549
2008-03-05,momentum,22,static,1.1221273,1.1903206
2008-03-06,momentum,22,static,1.0432024,1.2803315
2008-03-07,momentum,22,static,1.6545572,1.2888747
2008-03-10,momentum,22,static,1.3408215,1.1189073
2008-03-11,momentum,22,static,1.3021135,1.3951132
2008-03-12,momentum,22,static,1.7157757,1.2756568
2008-03-13,momentum,22,static,1.6251465,1.5341542
2008-03-14,momentum,22,static,1.614607,1.5082855
2008-03-17,momentum,22,static,2.001694,1.7235236
2008-03-18,momentum,22,static,1.999982,1.3676765
2008-03-19,momentum,22,static,2.039671,1.3619152
2008-03-21,momentum,22,static,0.89049405,1.225574
2008-03-24,momentum,22,static,1.0234107,1.0455419
2008-03-25,momentum,22,static,0.90599746,1.1156446
2008-03-26,momentum,22,static,0.92750955,1.0123718
2008-03-27,momentum,22,static,1.0831254,0.9643114
2008-03-28,momentum,22,static,1.3782159,1.3644077
2008-03-31,momentum,22,static,1.3233589,1.2061099
2008-04-01,momentum,22,static,1.2880524,1.2021937
2008-04-02,momentum,22,static,1.621259,1.3008935
2008-04-03,momentum,22,static,1.0128379,1.3192778
2008-04-04,momentum,22,static,0.9192272,0.91904265
2008-04-07,momentum,22,static,1.0134681,1.0763854
2008-04-08,momentum,22,static,0.79805744,1.0031668
2008-04-09,momentum,22,static,1.1313485,1.2900703
2008-04-10,momentum,22,static,1.1032866,0.869082
2008-04-11,momentum,22,static,1.0569413,1.1542474
2008-04-14,momentum,22,static,1.4995741,1.0642198
2008-04-15,momentum,22,static,0.9028159,0.9571757
2008-04-16,momentum,22,static,0.7043831,0.91606843
2008-04-17,momentum,22,static,0.96897554,1.0715568
2008-04-18,momentum,22,static,0.8219587,0.9672431
2008-04-21,momentum,22,static,0.99544686,0.8391157
2008-04-22,momentum,22,static,0.7392888,0.7251299
2008-04-23,momentum,22,static,1.0151398,0.94923645
2008-04-24,momentum,22,static,0.9876941,0.8868485
2008-04-25,momentum,22,static,1.1150815,1.0310221
2008-04-28,momentum,22,static,0.9894523,0.89257306
2008-04-30,momentum,22,static,0.92818063,0.9953291
2008-05-01,momentum,22,static,1.0319159,0.88019866
2008-05-02,momentum,22,static,0.8584468,0.7615958
2008-05-07,momentum,22,static,0.85936075,0.83113045
2008-05-08,momentum,22,static,0.7566445,0.7167813
2008-05-09,momentum,22,static,0.9570968,0.93643314
2008-05-12,momentum,22,static,0.79994583,0.8587657
2008-05-13,momentum,22,static,1.0803016,0.7843903
2008-05-14,momentum,22,static,1.0343906,1.0223198
2008-05-15,momentum,22,static,0.8929005,0.9463475
2008-05-16,momentum,22,static,1.0157291,1.0002424
2008-05-19,momentum,22,static,0.8096849,0.62601316
2008-05-20,momentum,22,static,0.94519293,0.65952635
2008-05-21,momentum,22,static,0.85700375,0.78952175
2008-05-22,momentum,22,static,1.0711634,1.1746047
2008-05-23,momentum,22,static,1.1137314,0.97985137
2008-05-26,momentum,22,static,0.90227026,0.8622062
2008-05-27,momentum,22,static,0.90454996,0.83855337
2008-05-28,momentum,22,static,1.128666,0.9619126
2008-05-29,momentum,22,static,1.1789294,1.1017998
2008-05-30,momentum,22,static,0.99576324,0.91255
2008-06-02,momentum,22,static,1.5123595,0.9067897
2008-06-03,momentum,22,static,1.1571387,0.81179994
2008-06-04,momentum,22,static,0.8997946,0.8618682
2008-06-05,momentum,22,static,0.9108968,0.7084587
2008-06-06,momentum,22,static,0.6596254,0.6574444
2008-06-09,momentum,22,static,1.3027848,0.7028933
2008-06-10,momentum,22,static,0.9825508,0.89231545
2008-06-11,momentum,22,static,0.99781346,0.91359264
2008-06-12,momentum,22,static,1.1354691,0.8799983
2008-06-13,momentum,22,static,1.1201208,1.0547639
2008-06-16,momentum,22,static,1.1563852,0.9499307
2008-06-17,momentum,22,static,0.8463808,0.7390597
2008-06-18,momentum,22,static,0.77250206,0.85481256
2008-06-19,momentum,22,static,0.8628132,0.9051927
2008-06-20,momentum,22,static,1.1801904,1.0133183
2008-06-23,momentum,22,static,1.0864068,0.85793203
2008-06-24,momentum,22,static,0.8667414,0.80722606
2008-06-25,momentum,22,static,1.0348911,0.8654579
2008-06-26,momentum,22,static,0.98884976,0.85460466
2008-06-27,momentum,22,static,1.3256215,0.8910704
2008-06-30,momentum,22,static,0.7973037,0.87361705
2008-07-01,momentum,22,static,0.9060192,0.70403427
2008-07-02,momentum,22,static,1.0970969,0.9504054
2008-07-03,momentum,22,static,1.135586,1.0448523
2008-07-04,momentum,22,static,0.87046796,1.008933
2008-07-07,momentum,22,static,0.88238806,0.9180595
2008-07-08,momentum,22,static,1.0845361,0.96961147
2008-07-09,momentum,22,static,1.076775,1.0665544
2008-07-10,momentum,22,static,1.2258283,1.0009252
2008-07-11,momentum,22,static,1.5754012,1.0903947
2008-07-14,momentum,22,static,1.3783153,1.0035706
2008-07-15,momentum,22,static,1.1607703,0.8606572
2008-07-16,momentum,22,static,1.0245421,0.97400993
2008-07-17,momentum,22,static,0.68464833,0.81918114
2008-07-18,momentum,22,static,0.8515759,1.0314949
2008-07-22,momentum,22,static,0.87311286,0.8673426
2008-07-23,momentum,22,static,0.88910645,0.9146154
2008-07-24,momentum,22,static,0.9936929,0.9160581
2008-07-25,momentum,22,static,0.6507649,0.71140426
2008-07-28,momentum,22,static,0.7511878,0.6268138
2008-07-29,momentum,22,static,0.92757744,0.78935295
2008-07-30,momentum,22,static,0.6542957,0.6882704
2008-07-31,momentum,22,static,0.94606847,0.8372506
2008-08-01,momentum,22,static,0.9989986,0.9203929
2008-08-04,momentum,22,static,1.1536596,0.85055155
2008-08-05,momentum,22,static,1.1621064,0.7984064
2008-08-06,momentum,22,static,0.9040831,0.937421
2008-08-07,momentum,22,static,1.023522,0.92557263
2008-08-08,momentum,22,static,1.066766,1.0569054
2008-08-11,momentum,22,static,1.0211208,0.8633353
2008-08-12,momentum,22,static,0.81205696,0.7904305
2008-08-13,momentum,22,static,1.0847405,0.9123432
2008-08-14,momentum,22,static,0.9804105,0.82746345
2008-08-15,momentum,22,static,0.7222523,0.73730725
2008-08-18,momentum,22,static,1.1207627,1.0085819
2008-08-19,momentum,22,static,1.3125615,0.8859997
2008-08-20,momentum,22,static,1.1158078,0.86221
2008-08-21,momentum,22,static,0.7614359,0.83996814
2008-08-22,momentum,22,static,0.9018456,0.79824185
2008-08-25,momentum,22,static,0.9735351,0.83729887
2008-08-26,momentum,22,static,0.70180887,0.7574326
2008-08-27,momentum,22,static,0.7436371,0.639952
2008-08-28,momentum,22,static,0.6286275,0.67048734
2008-08-29,momentum,22,static,0.89517003,0.7654156
2008-09-01,momentum,22,static,0.7632984,0.64100283
2008-09-02,momentum,22,static,1.3825178,1.2790004
2008-09-03,momentum,22,static,1.1140538,0.7902549
2008-09-04,momentum,22,static,1.142962,0.8588461
2008-09-05,momentum,22,static,1.4505955,1.0752674
2008-09-08,momentum,22,static,1.2813097,1.2322347
2008-09-09,momentum,22,static,0.8359504,0.9075065
2008-09-10,momentum,22,static,1.404522,1.1165457
2008-09-11,momentum,22,static,1.027894,1.0397706
2008-09-12,momentum,22,static,1.0699275,1.0634029
2008-09-16,momentum,22,static,2.202989,1.6777573
2008-09-17,momentum,22,static,1.5259703,1.1700835
2008-09-18,momentum,22,static,1.7204697,1.4491935
2008-09-19,momentum,22,static,1.2890017,1.3207047
2008-09-22,momentum,22,static,1.5069917,1.1881278
2008-09-24,momentum,22,static,1.044532,1.0890578
2008-09-25,momentum,22,static,1.199916,0.9306252
2008-09-26,momentum,22,static,1.2409936,1.1882138
2008-09-29,momentum,22,static,1.4062872,1.3327802
2008-09-30,momentum,22,static,2.737126,1.5519735
2008-10-01,momentum,22,static,1.2443538,1.3139243
2008-10-02,momentum,22,static,1.3548816,1.4687397
2008-10-03,momentum,22,static,1.456533,1.200707
2008-10-06,momentum,22,static,1.7759069,2.1220343
2008-10-07,momentum,22,static,3.4029813,2.1144218
2008-10-08,momentum,22,static,3.450375,4.2156315
2008-10-09,momentum,22,static,3.0509899,3.4500005
2008-10-10,momentum,22,static,5.6823015,5.492961
2008-10-14,momentum,22,static,3.8099234,8.104456
2008-10-15,momentum,22,static,2.7114086,4.016416
2008-10-16,momentum,22,static,4.3024616,6.3949285
2008-10-17,momentum,22,static,2.850487,3.8931386
2008-10-20,momentum,22,static,2.174373,3.4752233
2008-10-21,momentum,22,static,2.1711078,2.4614358
2008-10-22,momentum,22,static,2.4058497,4.5407357
2008-10-23,momentum,22,static,4.0929112,4.7368827
2008-10-24,momentum,22,static,3.5913594,4.918956
2008-10-27,momentum,22,static,5.3185167,7.046365
2008-10-28,momentum,22,static,5.0085726,6.216782
2008-10-29,momentum,22,static,4.7653613,4.957127
2008-10-30,momentum,22,static,3.6736653,6.058225
2008-10-31,momentum,22,static,4.19866,4.937789
2008-11-04,momentum,22,static,2.5840783,3.7406132
2008-11-05,momentum,22,static,2.3868775,3.1392186
2008-11-06,momentum,22,static,2.917089,3.9364033
2008-11-07,momentum,22,static,4.5948935,4.1962056
2008-11-10,momentum,22,static,2.8803103,2.9778998
2008-11-11,momentum,22,static,2.4698524,2.60215
2008-11-12,momentum,22,static,2.7478178,2.481097
2008-11-13,momentum,22,static,3.319518,2.684367
2008-11-14,momentum,22,static,2.9744031,2.135556
2008-11-17,momentum,22,static,3.2910516,3.058058
2008-11-18,momentum,22,static,2.2085555,1.9488714
2008-11-19,momentum,22,static,2.0083358,2.5571258
2008-11-20,momentum,22,static,2.576389,2.7702484
2008-11-21,momentum,22,static,3.4779298,4.2727633
2008-11-25,momentum,22,static,3.3344498,2.621493
2008-11-26,momentum,22,static,2.063779,2.1791532
2008-11-27,momentum,22,static,1.8840156,2.1476834
2008-11-28,momentum,22,static,1.4546449,2.0715835
2008-12-01,momentum,22,static,1.7256993,1.4867152
2008-12-02,momentum,22,static,2.8025696,2.522564
2008-12-03,momentum,22,static,1.8094791,1.3546613
2008-12-04,momentum,22,static,1.814151,2.0683446
2008-12-05,momentum,22,static,1.5385216,1.6156366
2008-12-08,momentum,22,static,2.1540542,2.1806123
2008-12-09,momentum,22,static,1.804119,1.7634481
2008-12-10,momentum,22,static,1.8551171,2.1052647
2008-12-11,momentum,22,static,1.6527811,1.7075586
2008-12-12,momentum,22,static,3.648414,2.6480653
2008-12-15,momentum,22,static,2.0559032,1.9988465
2008-12-16,momentum,22,static,1.7230003,1.8976429
2008-12-17,momentum,22,static,2.0847275,1.8479112
2008-12-18,momentum,22,static,1.7289696,1.7666794
2008-12-19,momentum,22,static,1.9618268,1.480097
2008-12-22,momentum,22,static,1.6057793,1.4772569
2008-12-24,momentum,22,static,1.0738858,1.4905869
2008-12-25,momentum,22,static,0.7602034,1.3421915
2008-12-26,momentum,22,static,0.8490197,1.2516665
2008-12-29,momentum,22,static,0.7873732,1.1590669
2008-12-30,momentum,22,static,0.84290206,1.1369946
2009-01-05,momentum,22,static,1.2961918,1.0909286
2009-01-06,momentum,22,static,1.1724432,1.1287849
2009-01-07,momentum,22,static,1.2760441,1.4637094
2009-01-08,momentum,22,static,1.5989891,1.50681
2009-01-09,momentum,22,static,1.5512141,1.1568984
2009-01-13,momentum,22,static,1.8934695,1.6672823
2009-01-14,momentum,22,static,1.3425046,1.2785959
2009-01-15,momentum,22,static,2.0326946,1.8479892
2009-01-16,momentum,22,static,1.4396902,1.6233718
2009-01-19,momentum,22,static,1.4434379,1.4088587
2009-01-20,momentum,22,static,1.6959974,1.5537649
2009-01-21,momentum,22,static,2.015061,1.4148192
2009-01-22,momentum,22,static,1.588521,1.6635288
2009-01-23,momentum,22,static,1.5493271,1.492424
2009-01-26,momentum,22,static,1.5152057,1.1971915
2009-01-27,momentum,22,static,1.8574178,1.8155832
2009-01-28,momentum,22,static,2.1188583,1.559101
2009-01-29,momentum,22,static,1.7174796,1.4643979
2009-01-30,momentum,22,static,1.5122192,1.4586337
2009-02-02,momentum,22,static,1.7268994,1.1718276
2009-02-03,momentum,22,static,2.296584,1.5509727
2009-02-04,momentum,22,static,1.5387025,1.4871509
2009-02-05,momentum,22,static,1.591287,1.5641108
2009-02-06,momentum,22,static,1.6763096,1.2803202
2009-02-09,momentum,22,static,1.5765513,1.71996
2009-02-10,momentum,22,static,1.9428794,1.4561814
2009-02-12,momentum,22,static,1.6160334,1.2773511
2009-02-13,momentum,22,static,1.5890151,1.3961881
2009-02-16,momentum,22,static,1.1611589,1.1759503
2009-02-17,momentum,22,static,1.0789363,1.1407566
2009-02-18,momentum,22,static,1.1156417,1.1714038
2009-02-19,momentum,22,static,1.0441029,1.2347865
2009-02-20,momentum,22,static,1.2374958,1.440001
2009-02-23,momentum,22,static,1.9150304,1.3379475
2009-02-24,momentum,22,static,1.7093128,1.372884
2009-02-25,momentum,22,static,1.7071655,1.389503
2009-02-26,momentum,22,static,1.5436981,1.4013531
2009-02-27,momentum,22,static,1.5983825,1.4040525
2009-03-02,momentum,22,static,1.7572066,1.4750186
2009-03-03,momentum,22,static,1.6020874,1.2318506
2009-03-04,momentum,22,static,1.507304,1.5824919
2009-03-05,momentum,22,static,1.5417339,1.6189296
2009-03-06,momentum,22,static,2.0066836,1.4722733
2009-03-09,momentum,22,static,1.8138407,1.5181036
2009-03-10,momentum,22,static,1.4142374,1.226045
2009-03-11,momentum,22,static,1.79485,1.578021
2009-03-12,momentum,22,static,1.2807425,1.4555659
2009-03-13,momentum,22,static,1.8901838,1.6534822
2009-03-16,momentum,22,static,1.1957861,1.3545477
2009-03-17,momentum,22,static,1.2577031,1.6913356
2009-03-18,momentum,22,static,1.6082413,1.419908
2009-03-19,momentum,22,static,1.121336,1.408628
2009-03-23,momentum,22,static,1.7457315,1.4800766
2009-03-24,momentum,22,static,1.6521703,1.5141459
2009-03-25,momentum,22,static,1.360538,1.5237622
2009-03-26,momentum,22,static,1.4826072,1.5397357
2009-03-27,momentum,22,static,1.8187875,1.5345138
2009-03-30,momentum,22,static,1.9252088,1.930471
2009-03-31,momentum,22,static,2.1894784,1.4835991
2009-04-01,momentum,22,static,1.9490299,1.7502756
2009-04-02,momentum,22,static,1.6591791,1.9384215
2009-04-03,momentum,22,static,1.7359531,1.7604018
2009-04-06,momentum,22,static,1.7490761,1.6102283
2009-04-07,momentum,22,static,1.3469167,1.3393135
2009-04-08,momentum,22,static,1.4092592,1.4469614
2009-04-09,momentum,22,static,1.5735135,1.5693008
2009-04-10,momentum,22,static,1.2686342,1.4478797
2009-04-13,momentum,22,static,1.4242015,1.1470821
2009-04-14,momentum,22,static,1.764755,1.2224107
2009-04-15,momentum,22,static,1.3903584,1.1665769
2009-04-16,momentum,22,static,2.0027952,1.3788981
2009-04-17,momentum,22,static,1.4925804,1.1539538
2009-04-20,momentum,22,static,1.2095697,0.98099166
2009-04-21,momentum,22,static,1.4736764,1.2064234
2009-04-22,momentum,22,static,1.1359831,1.1974454
2009-04-23,momentum,22,static,1.2378409,1.1214802
2009-04-24,momentum,22,static,1.4418178,1.0357717
2009-04-27,momentum,22,static,1.5101802,0.9953489
2009-04-28,momentum,22,static,1.6652886,1.3586829
2009-04-30,momentum,22,static,1.5362196,1.3749781
2009-05-01,momentum,22,static,1.4797052,1.1743174
2009-05-07,momentum,22,static,1.8247906,1.4380311
2009-05-08,momentum,22,static,1.0258961,1.144789
2009-05-11,momentum,22,static,1.2558868,0.9624515
2009-05-12,momentum,22,static,1.0205218,0.8783061
2009-05-13,momentum,22,static,0.9673245,0.91749734
2009-05-14,momentum,22,static,1.2060112,1.0107776
2009-05-15,momentum,22,static,0.8059104,0.9620083
2009-05-18,momentum,22,static,1.1386284,0.87789994
2009-05-19,momentum,22,static,1.370593,0.9566602
2009-05-20,momentum,22,static,0.6902754,0.9202079
2009-05-21,momentum,22,static,0.7701546,0.9816387
2009-05-22,momentum,22,static,0.8793909,0.9708475
2009-05-25,momentum,22,static,1.3176771,0.8905655
2009-05-26,momentum,22,static,1.038278,0.9171334
2009-05-27,momentum,22,static,0.70485467,0.77301985
2009-05-28,momentum,22,static,0.9350785,0.9447728
2009-05-29,momentum,22,static,0.82714176,0.8220305
2009-06-01,momentum,22,static,1.1669569,1.0048406
2009-06-02,momentum,22,static,0.7885883,0.88956743
2009-06-03,momentum,22,static,0.7024753,0.84816563
2009-06-04,momentum,22,static,0.69949126,0.81752723
2009-06-05,momentum,22,static,0.53476447,0.7471798
2009-06-08,momentum,22,static,0.74993527,0.7392261
2009-06-09,momentum,22,static,0.8636665,0.77826005
2009-06-10,momentum,22,static,0.7124315,1.0184242
2009-06-11,momentum,22,static,0.6494806,0.7560057
2009-06-12,momentum,22,static,0.75067997,0.9399798
2009-06-15,momentum,22,static,0.69446284,0.7434266
2009-06-16,momentum,22,static,0.94008124,1.0108335
2009-06-17,momentum,22,static,1.0355568,0.9871564
2009-06-18,momentum,22,static,0.86043465,0.91057914
2009-06-19,momentum,22,static,0.9910659,0.8324138
2009-06-22,momentum,22,static,0.87033856,0.8785793
2009-06-23,momentum,22,static,1.1709285,1.0907156
2009-06-24,momentum,22,static,0.8788145,0.8642877
2009-06-25,momentum,22,static,1.1259475,1.1964965
2009-06-26,momentum,22,static,0.7684205,0.8803481
2009-06-29,momentum,22,static,0.9948014,0.90251607
2009-06-30,momentum,22,static,0.8236498,0.8163082
2007-08-01,extended,22,static,0.8801034,1.1156191
2007-08-02,extended,22,static,1.4408923,1.1195368
2007-08-03,extended,22,static,1.0649017,0.91830945
2007-08-06,extended,22,static,0.9231945,1.0295881
2007-08-07,extended,22,static,0.7631564,0.87407494
2007-08-08,extended,22,static,0.7670764,0.8283334
2007-08-09,extended,22,static,0.72914207,0.79888195
2007-08-10,extended,22,static,1.1996056,1.0122321
2007-08-13,extended,22,static,0.9357482,0.8831686
2007-08-14,extended,22,static,0.60116553,0.6320684
2007-08-15,extended,22,static,0.8692643,0.9266288
2007-08-16,extended,22,static,1.7035085,1.5431095
2007-08-17,extended,22,static,1.8911664,2.1605477
2007-08-20,extended,22,static,1.8842937,1.6904117
2007-08-21,extended,22,static,1.2399241,1.3338565
2007-08-22,extended,22,static,0.92904145,1.0283186
2007-08-23,extended,22,static,1.2037963,1.1059116
2007-08-24,extended,22,static,0.75902826,0.86683667
2007-08-27,extended,22,static,0.7493133,0.88671863
2007-08-28,extended,22,static,0.6436693,0.8186109
2007-08-29,extended,22,static,1.3607227,1.0320356
2007-08-30,extended,22,static,0.8844781,0.9946263
2007-08-31,extended,22,static,0.76592296,0.9625239
2007-09-03,extended,22,static,0.7356174,0.7030921
2007-09-04,extended,22,static,0.6469597,0.70636857
2007-09-05,extended,22,static,0.82220393,0.9801172
2007-09-06,extended,22,static,1.2827791,1.1337469
2007-09-07,extended,22,static,0.94838935,1.0071504
2007-09-10,extended,22,static,1.3983003,0.9204204
2007-09-11,extended,22,static,1.0835041,1.0880331
2007-09-12,extended,22,static,1.3109461,1.076973
2007-09-13,extended,22,static,0.81548774,0.8639699
2007-09-14,extended,22,static,0.82872677,0.97792053
2007-09-18,extended,22,static,0.8804546,0.79715836
2007-09-19,extended,22,static,1.3267688,1.1005033
2007-09-20,extended,22,static,0.6548281,0.9760354
2007-09-21,extended,22,static,0.64813536,0.69231915
2007-09-25,extended,22,static,0.7388924,0.763149
2007-09-26,extended,22,static,0.6000896,0.55076015
2007-09-27,extended,22,static,0.7981365,0.9842936
2007-09-28,extended,22,static,0.62373877,0.7337713
2007-10-01,extended,22,static,0.8118753,0.7394903
2007-10-02,extended,22,static,0.5797593,0.5798682
2007-10-03,extended,22,static,0.6384781,0.74100995
2007-10-04,extended,22,static,0.7074501,0.58503866
2007-10-05,extended,22,static,0.5344448,0.5765288
2007-10-09,extended,22,static,0.565423,0.5227569
2007-10-10,extended,22,static,0.49269378,0.5559149
2007-10-11,extended,22,static,1.0300627,0.8747871
2007-10-12,extended,22,static,0.6092255,0.7066499
2007-10-15,extended,22,static,0.62283504,0.72803015
2007-10-16,extended,22,static,0.7858034,0.7015497
2007-10-17,extended,22,static,1.2261579,0.9599039
2007-10-18,extended,22,static,0.84842515,0.9106126
2007-10-19,extended,22,static,0.9328719,0.84989524
2007-10-22,extended,22,static,1.5827135,1.1591488
2007-10-23,extended,22,static,0.719069,0.80588543
2007-10-24,extended,22,static,0.8917337,0.86312807
2007-10-25,extended,22,static,0.9904997,0.97971463
2007-10-26,extended,22,static,0.7622867,0.7914009
2007-10-29,extended,22,static,0.75400984,0.8791871
2007-10-30,extended,22,static,0.7734535,0.7517218
2007-10-31,extended,22,static,0.7115207,0.8206215
2007-11-01,extended,22,static,0.6431613,0.6388974
2007-11-02,extended,22,static,0.96520317,0.86855966
2007-11-05,extended,22,static,0.84878254,0.7956512
2007-11-06,extended,22,static,0.86974025,0.8373569
2007-11-07,extended,22,static,0.76526433,0.8175489
2007-11-08,extended,22,static,1.0955954,1.0758454
2007-11-09,extended,22,static,1.2420065,1.1025847
2007-11-12,extended,22,static,1.4491807,1.4449717
2007-11-13,extended,22,static,1.3986118,1.1734215
2007-11-14,extended,22,static,0.83256733,1.1081325
2007-11-15,extended,22,static,0.7714589,1.0059282
2007-11-16,extended,22,static,1.2273935,0.9438406
2007-11-19,extended,22,static,0.9978828,1.0201069
2007-11-20,extended,22,static,1.379404,1.5111612
2007-11-21,extended,22,static,1.3258077,1.3210596
2007-11-22,extended,22,static,1.4661254,1.311844
2007-11-26,extended,22,static,1.1383275,1.3073472
2007-11-27,extended,22,static,2.463901,1.6233902
2007-11-28,extended,22,static,1.0777344,1.2614063
2007-11-29,extended,22,static,1.1031961,1.1238031
2007-11-30,extended,22,static,0.77607155,1.1494144
2007-12-03,extended,22,static,1.1192423,1.0985727
2007-12-04,extended,22,static,0.8677149,1.023334
2007-12-05,extended,22,static,0.8952151,0.9855727
2007-12-06,extended,22,static,0.7495637,0.89214844
2007-12-07,extended,22,static,0.86016476,0.9269516
2007-12-10,extended,22,static,0.87988734,0.8222268
2007-12-11,extended,22,static,0.71187633,0.7120836
2007-12-12,extended,22,static,1.000316,0.9644487
2007-12-13,extended,22,static,0.89545405,1.0211865
2007-12-14,extended,22,static,1.4914306,1.074745
2007-12-17,extended,22,static,1.033565,1.0755289
2007-12-18,extended,22,static,1.3484181,1.1305045
2007-12-19,extended,22,static,0.83504623,0.9408817
2007-12-20,extended,22,static,0.71832126,0.7417021
2007-12-21,extended,22,static,1.198401,1.0421982
2007-12-25,extended,22,static,0.8315531,0.7600895
2007-12-26,extended,22,static,0.40275282,0.71858823
2007-12-27,extended,22,static,0.51416916,0.57989943
2007-12-28,extended,22,static,0.6100839,0.68425435
2008-01-04,extended,22,static,1.6814002,1.6932284
2008-01-07,extended,22,static,1.1760688,1.0287943
2008-01-08,extended,22,static,1.2171863,0.9939467
2008-01-09,extended,22,static,1.2883667,1.3364292
2008-01-10,extended,22,static,0.8183584,1.094924
2008-01-11,extended,22,static,1.3772194,1.2561457
2008-01-15,extended,22,static,1.2154658,1.305782
2008-01-16,extended,22,static,1.8376912,1.4371278
2008-01-17,extended,22,static,1.6769547,1.4236437
2008-01-18,extended,22,static,2.0982952,2.0121183
2008-01-21,extended,22,static,1.8114805,1.5075351
2008-01-22,extended,22,static,2.846119,1.957886
2008-01-23,extended,22,static,2.6428788,1.8886954
2008-01-24,extended,22,static,1.705175,1.5027778
2008-01-25,extended,22,static,1.282452,1.8142594
2008-01-28,extended,22,static,1.1922202,1.7134964
2008-01-29,extended,22,static,1.6987835,1.2577134
2008-01-30,extended,22,static,1.470199,1.2836362
2008-01-31,extended,22,static,1.6594957,1.6801022
2008-02-01,extended,22,static,1.4009969,1.3997658
2008-02-04,extended,22,static,1.2741902,1.3936497
2008-02-05,extended,22,static,0.97218794,1.055919
2008-02-06,extended,22,static,1.716777,1.6484054
2008-02-07,extended,22,static,1.2926532,1.1002513
2008-02-08,extended,22,static,1.4193152,1.4110096
2008-02-12,extended,22,static,1.1911092,1.1532425
2008-02-13,extended,22,static,1.1491308,1.1621727
2008-02-14,extended,22,static,1.3668795,1.5721868
2008-02-15,extended,22,static,1.2876648,1.3611501
2008-02-18,extended,22,static,1.3829021,1.1946226
2008-02-19,extended,22,static,1.0288566,1.1449295
2008-02-20,extended,22,static,1.2348869,1.4987346
2008-02-21,extended,22,static,1.3892696,1.2843058
2008-02-22,extended,22,static,1.3457806,1.0469652
2008-02-25,extended,22,static,1.2751386,1.3718556
2008-02-26,extended,22,static,0.9564344,1.1915823
2008-02-27,extended,22,static,1.203966,1.0095984
2008-02-28,extended,22,static,0.99435985,1.0804985
2008-02-29,extended,22,static,1.1301521,1.0758694
2008-03-03,extended,22,static,1.7108192,1.5122801
2008-03-04,extended,22,static,1.4820001,1.2299086
2008-03-05,extended,22,static,1.1221273,1.2063097
2008-03-06,extended,22,static,1.0432024,1.3775893
2008-03-07,extended,22,static,1.6545572,1.2713856
2008-03-10,extended,22,static,1.3408215,1.1870759
2008-03-11,extended,22,static,1.3021135,1.4208187
2008-03-12,extended,22,static,1.7157757,1.3796619
2008-03-13,extended,22,static,1.6251465,1.823277
2008-03-14,extended,22,static,1.614607,1.6925055
2008-03-17,extended,22,static,2.001694,1.8038713
2008-03-18,extended,22,static,1.999982,1.4475025
2008-03-19,extended,22,static,2.039671,1.5810224
2008-03-21,extended,22,static,0.89049405,1.3906277
2008-03-24,extended,22,static,1.0234107,1.111445
2008-03-25,extended,22,static,0.90599746,1.27818
2008-03-26,extended,22,static,0.92750955,1.1245159
2008-03-27,extended,22,static,1.0831254,1.1158439
2008-03-28,extended,22,static,1.3782159,1.3726584
2008-03-31,extended,22,static,1.3233589,1.2657106
2008-04-01,extended,22,static,1.2880524,1.2793156
2008-04-02,extended,22,static,1.621259,1.4983467
2008-04-03,extended,22,static,1.0128379,1.2451152
2008-04-04,extended,22,static,0.9192272,1.0944492
2008-04-07,extended,22,static,1.0134681,1.1974936
2008-04-08,extended,22,static,0.79805744,1.0018284
2008-04-09,extended,22,static,1.1313485,1.4110522
2008-04-10,extended,22,static,1.1032866,0.895314
2008-04-11,extended,22,static,1.0569413,1.2239927
2008-04-14,extended,22,static,1.4995741,1.1242049
2008-04-15,extended,22,static,0.9028159,0.99208987
2008-04-16,extended,22,static,0.7043831,0.85765505
2008-04-17,extended,22,static,0.96897554,1.0769027
2008-04-18,extended,22,static,0.8219587,1.0377107
2008-04-21,extended,22,static,0.99544686,0.903276
2008-04-22,extended,22,static,0.7392888,0.9219321
2008-04-23,extended,22,static,1.0151398,1.0489384
2008-04-24,extended,22,static,0.9876941,0.99568653
2008-04-25,extended,22,static,1.1150815,1.1254934
2008-04-28,extended,22,static,0.9894523,1.1971563
2008-04-30,extended,22,static,0.92818063,1.1359116
2008-05-01,extended,22,static,1.0319159,0.92789924
2008-05-02,extended,22,static,0.8584468,0.97711027
2008-05-07,extended,22,static,0.85936075,0.922273
2008-05-08,extended,22,static,0.7566445,0.8876264
2008-05-09,extended,22,static,0.9570968,1.1443986
2008-05-12,extended,22,static,0.79994583,1.1031963
2008-05-13,extended,22,static,1.0803016,1.0633374
2008-05-14,extended,22,static,1.0343906,1.0753438
2008-05-15,extended,22,static,0.8929005,1.0160857
2008-05-16,extended,22,static,1.0157291,1.0149848
2008-05-19,extended,22,static,0.8096849,0.8811612
2008-05-20,extended,22,static,0.94519293,0.9529127
2008-05-21,extended,22,static,0.85700375,0.96544373
2008-05-22,extended,22,static,1.0711634,1.2798527
2008-05-23,extended,22,static,1.1137314,1.1918446
2008-05-26,extended,22,static,0.90227026,1.023676
2008-05-27,extended,22,static,0.90454996,0.99083066
2008-05-28,extended,22,static,1.128666,1.2465446
2008-05-29,extended,22,static,1.1789294,1.3340209
2008-05-30,extended,22,static,0.99576324,1.1445897
2008-06-02,extended,22,static,1.5123595,1.1178597
2008-06-03,extended,22,static,1.1571387,0.9899818
2008-06-04,extended,22,static,0.8997946,1.0461102
2008-06-05,extended,22,static,0.9108968,0.96141887
2008-06-06,extended,22,static,0.6596254,0.9996444
2008-06-09,extended,22,static,1.3027848,0.9411224
2008-06-10,extended,22,static,0.9825508,1.4193027
2008-06-11,extended,22,static,0.99781346,1.1746961
2008-06-12,extended,22,static,1.1354691,1.0287031
2008-06-13,extended,22,static,1.1201208,1.2314118
2008-06-16,extended,22,static,1.1563852,1.2047222
2008-06-17,extended,22,static,0.8463808,0.92681754
2008-06-18,extended,22,static,0.77250206,0.8760886
2008-06-19,extended,22,static,0.8628132,1.1020002
2008-06-20,extended,22,static,1.1801904,1.1397661
2008-06-23,extended,22,static,1.0864068,1.2621182
2008-06-24,extended,22,static,0.8667414,0.86348766
2008-06-25,extended,22,static,1.0348911,1.0236168
2008-06-26,extended,22,static,0.98884976,0.99868274
2008-06-27,extended,22,static,1.3256215,0.8844534
2008-06-30,extended,22,static,0.7973037,0.92194307
2008-07-01,extended,22,static,0.9060192,0.8178973
2008-07-02,extended,22,static,1.0970969,1.0691355
2008-07-03,extended,22,static,1.135586,1.1460611
2008-07-04,extended,22,static,0.87046796,1.0428779
2008-07-07,extended,22,static,0.88238806,1.1111228
2008-07-08,extended,22,static,1.0845361,1.2297158
2008-07-09,extended,22,static,1.076775,1.148384
2008-07-10,extended,22,static,1.2258283,1.0548885
2008-07-11,extended,22,static,1.5754012,1.1281745
2008-07-14,extended,22,static,1.3783153,1.1285042
2008-07-15,extended,22,static,1.1607703,1.1198503
2008-07-16,extended,22,static,1.0245421,1.0037184
2008-07-17,extended,22,static,0.68464833,0.9948822
2008-07-18,extended,22,static,0.8515759,1.2399515
2008-07-22,extended,22,static,0.87311286,1.109344
2008-07-23,extended,22,static,0.88910645,0.9963686
2008-07-24,extended,22,static,0.9936929,1.0477921
2008-07-25,extended,22,static,0.6507649,0.8657805
2008-07-28,extended,22,static,0.7511878,0.838934
2008-07-29,extended,22,static,0.92757744,0.92888194
2008-07-30,extended,22,static,0.6542957,0.8235561
2008-07-31,extended,22,static,0.94606847,0.8883835
2008-08-01,extended,22,static,0.9989986,1.0653026
2008-08-04,extended,22,static,1.1536596,0.92504203
2008-08-05,extended,22,static,1.1621064,0.90810823
2008-08-06,extended,22,static,0.9040831,1.1659212
2008-08-07,extended,22,static,1.023522,1.0451764
2008-08-08,extended,22,static,1.066766,1.1058921
2008-08-11,extended,22,static,1.0211208,1.1873659
2008-08-12,extended,22,static,0.81205696,0.99598956
2008-08-13,extended,22,static,1.0847405,1.0876676
2008-08-14,extended,22,static,0.9804105,1.0505717
2008-08-15,extended,22,static,0.7222523,0.80451214
2008-08-18,extended,22,static,1.1207627,1.2516183
2008-08-19,extended,22,static,1.3125615,0.98297584
2008-08-20,extended,22,static,1.1158078,0.9854153
2008-08-21,extended,22,static,0.7614359,1.102787
2008-08-22,extended,22,static,0.9018456,0.8774779
2008-08-25,extended,22,static,0.9735351,0.92892134
2008-08-26,extended,22,static,0.70180887,0.9026671
2008-08-27,extended,22,static,0.7436371,0.68143916
2008-08-28,extended,22,static,0.6286275,0.71929383
2008-08-29,extended,22,static,0.89517003,0.86562467
2008-09-01,extended,22,static,0.7632984,0.72990894
2008-09-02,extended,22,static,1.3825178,1.4132797
2008-09-03,extended,22,static,1.1140538,0.8252238
2008-09-04,extended,22,static,1.142962,0.97168064
2008-09-05,extended,22,static,1.4505955,1.1751498
2008-09-08,extended,22,static,1.2813097,1.1530023
2008-09-09,extended,22,static,0.8359504,1.230754
2008-09-10,extended,22,static,1.404522,1.353272
2008-09-11,extended,22,static,1.027894,1.0618485
2008-09-12,extended,22,static,1.0699275,1.3133951
2008-09-16,extended,22,static,2.202989,1.8437185
2008-09-17,extended,22,static,1.5259703,1.307232
2008-09-18,extended,22,static,1.7204697,1.954247
2008-09-19,extended,22,static,1.2890017,1.7244371
2008-09-22,extended,22,static,1.5069917,1.6080922
2008-09-24,extended,22,static,1.044532,1.3422395
2008-09-25,extended,22,static,1.199916,1.212254
2008-09-26,extended,22,static,1.2409936,1.3489395
2008-09-29,extended,22,static,1.4062872,1.6827533
2008-09-30,extended,22,static,2.737126,1.8492495
2008-10-01,extended,22,static,1.2443538,1.3899679
2008-10-02,extended,22,static,1.3548816,1.6417516
2008-10-03,extended,22,static,1.456533,1.2146274
2008-10-06,extended,22,static,1.7759069,2.1826885
2008-10-07,extended,22,static,3.4029813,2.012742
2008-10-08,extended,22,static,3.450375,3.4758008
2008-10-09,extended,22,static,3.0509899,1.671765
2008-10-10,extended,22,static,5.6823015,3.7316186
2008-10-14,extended,22,static,3.8099234,5.8367248
2008-10-15,extended,22,static,2.7114086,3.1518376
2008-10-16,extended,22,static,4.3024616,4.0314603
2008-10-17,extended,22,static,2.850487,2.1424387
2008-10-20,extended,22,static,2.174373,2.4108307
2008-10-21,extended,22,static,2.1711078,2.051448
2008-10-22,extended,22,static,2.4058497,4.315206
2008-10-23,extended,22,static,4.0929112,2.5218964
2008-10-24,extended,22,static,3.5913594,4.1934304
2008-10-27,extended,22,static,5.3185167,4.2946906
2008-10-28,extended,22,static,5.0085726,4.505514
2008-10-29,extended,22,static,4.7653613,3.8001988
2008-10-30,extended,22,static,3.6736653,4.756783
2008-10-31,extended,22,static,4.19866,3.2515838
2008-11-04,extended,22,static,2.5840783,2.848233
2008-11-05,extended,22,static,2.3868775,2.5144966
2008-11-06,extended,22,static,2.917089,3.2448113
2008-11-07,extended,22,static,4.5948935,3.8220475
2008-11-10,extended,22,static,2.8803103,2.4773414
2008-11-11,extended,22,static,2.4698524,2.111758
2008-11-12,extended,22,static,2.7478178,1.7867768
2008-11-13,extended,22,static,3.319518,2.1632578
2008-11-14,extended,22,static,2.9744031,2.2677684
2008-11-17,extended,22,static,3.2910516,2.9657266
2008-11-18,extended,22,static,2.2085555,1.7786444
2008-11-19,extended,22,static,2.0083358,2.3109438
2008-11-20,extended,22,static,2.576389,2.7836592
2008-11-21,extended,22,static,3.4779298,3.2961972
2008-11-25,extended,22,static,3.3344498,2.5291922
2008-11-26,extended,22,static,2.063779,1.5312818
2008-11-27,extended,22,static,1.8840156,1.732097
2008-11-28,extended,22,static,1.4546449,1.7592307
2008-12-01,extended,22,static,1.7256993,1.4393094
2008-12-02,extended,22,static,2.8025696,2.5710528
2008-12-03,extended,22,static,1.8094791,1.2860028
2008-12-04,extended,22,static,1.814151,2.114783
2008-12-05,extended,22,static,1.5385216,1.5397006
2008-12-08,extended,22,static,2.1540542,2.3788192
2008-12-09,extended,22,static,1.804119,1.7389884
2008-12-10,extended,22,static,1.8551171,1.8519386
2008-12-11,extended,22,static,1.6527811,1.6521099
2008-12-12,extended,22,static,3.648414,2.2052786
2008-12-15,extended,22,static,2.0559032,1.9120219
2008-12-16,extended,22,static,1.7230003,1.641876
2008-12-17,extended,22,static,2.0847275,2.1194303
2008-12-18,extended,22,static,1.7289696,1.545988
2008-12-19,extended,22,static,1.9618268,1.2224897
2008-12-22,extended,22,static,1.6057793,1.6585876
2008-12-24,extended,22,static,1.0738858,1.3572363
2008-12-25,extended,22,static,0.7602034,0.8831934
2008-12-26,extended,22,static,0.8490197,1.1679763
2008-12-29,extended,22,static,0.7873732,1.0787123
2008-12-30,extended,22,static,0.84290206,0.87995803
2009-01-05,extended,22,static,1.2961918,1.6511617
2009-01-06,extended,22,static,1.1724432,0.8786715
2009-01-07,extended,22,static,1.2760441,1.1928748
2009-01-08,extended,22,static,1.5989891,1.467205
2009-01-09,extended,22,static,1.5512141,1.0809156
2009-01-13,extended,22,static,1.8934695,1.9052805
2009-01-14,extended,22,static,1.3425046,1.3489243
2009-01-15,extended,22,static,2.0326946,2.001842
2009-01-16,extended,22,static,1.4396902,1.5075262
2009-01-19,extended,22,static,1.4434379,1.2462945
2009-01-20,extended,22,static,1.6959974,1.4928466
2009-01-21,extended,22,static,2.015061,1.5064173
2009-01-22,extended,22,static,1.588521,1.5980458
2009-01-23,extended,22,static,1.5493271,1.7672428
2009-01-26,extended,22,static,1.5152057,1.070926
2009-01-27,extended,22,static,1.8574178,2.0416892
2009-01-28,extended,22,static,2.1188583,1.7616628
2009-01-29,extended,22,static,1.7174796,1.3660969
2009-01-30,extended,22,static,1.5122192,1.5407857
2009-02-02,extended,22,static,1.7268994,1.1996197
2009-02-03,extended,22,static,2.296584,1.8108693
2009-02-04,extended,22,static,1.5387025,1.7241929
2009-02-05,extended,22,static,1.591287,1.6659204
2009-02-06,extended,22,static,1.6763096,1.2909812
2009-02-09,extended,22,static,1.5765513,1.6723708
2009-02-10,extended,22,static,1.9428794,1.4075326
2009-02-12,extended,22,static,1.6160334,1.4001635
2009-02-13,extended,22,static,1.5890151,1.6156565
2009-02-16,extended,22,static,1.1611589,1.1124084
2009-02-17,extended,22,static,1.0789363,1.1520067
2009-02-18,extended,22,static,1.1156417,1.1070038
2009-02-19,extended,22,static,1.0441029,1.3550831
2009-02-20,extended,22,static,1.2374958,1.2811686
2009-02-23,extended,22,static,1.9150304,1.3211755
2009-02-24,extended,22,static,1.7093128,1.2562062
2009-02-25,extended,22,static,1.7071655,1.4207839
2009-02-26,extended,22,static,1.5436981,1.3416454
2009-02-27,extended,22,static,1.5983825,1.3755914
2009-03-02,extended,22,static,1.7572066,1.4878644
2009-03-03,extended,22,static,1.6020874,1.6077429
2009-03-04,extended,22,static,1.507304,1.7003566
2009-03-05,extended,22,static,1.5417339,1.5058892
2009-03-06,extended,22,static,2.0066836,1.6545066
2009-03-09,extended,22,static,1.8138407,1.4959873
2009-03-10,extended,22,static,1.4142374,1.0804604
2009-03-11,extended,22,static,1.79485,1.6281589
2009-03-12,extended,22,static,1.2807425,1.4568223
2009-03-13,extended,22,static,1.8901838,1.6063527
2009-03-16,extended,22,static,1.1957861,1.3420998
2009-03-17,extended,22,static,1.2577031,1.4567449
2009-03-18,extended,22,static,1.6082413,1.1422307
2009-03-19,extended,22,static,1.121336,1.5174061
2009-03-23,extended,22,static,1.7457315,1.6020925
2009-03-24,extended,22,static,1.6521703,1.6376132
2009-03-25,extended,22,static,1.360538,1.4252878
2009-03-26,extended,22,static,1.4826072,1.3122898
2009-03-27,extended,22,static,1.8187875,1.4113562
2009-03-30,extended,22,static,1.9252088,1.8602419
2009-03-31,extended,22,static,2.1894784,1.8232019
2009-04-01,extended,22,static,1.9490299,1.6976203
2009-04-02,extended,22,static,1.6591791,1.6919419
2009-04-03,extended,22,static,1.7359531,1.4521476
2009-04-06,extended,22,static,1.7490761,1.2916127
2009-04-07,extended,22,static,1.3469167,1.1708751
2009-04-08,extended,22,static,1.4092592,1.3416396
2009-04-09,extended,22,static,1.5735135,1.5099005
2009-04-10,extended,22,static,1.2686342,1.4044564
2009-04-13,extended,22,static,1.4242015,1.0789706
2009-04-14,extended,22,static,1.764755,1.2862824
2009-04-15,extended,22,static,1.3903584,1.1050502
2009-04-16,extended,22,static,2.0027952,1.3902794
2009-04-17,extended,22,static,1.4925804,1.176427
2009-04-20,extended,22,static,1.2095697,1.2227486
2009-04-21,extended,22,static,1.4736764,1.3172615
2009-04-22,extended,22,static,1.1359831,1.0213025
2009-04-23,extended,22,static,1.2378409,1.2808663
2009-04-24,extended,22,static,1.4418178,1.0799631
2009-04-27,extended,22,static,1.5101802,1.2659568
2009-04-28,extended,22,static,1.6652886,1.4930722
2009-04-30,extended,22,static,1.5362196,1.4599055
2009-05-01,extended,22,static,1.4797052,1.1572467
2009-05-07,extended,22,static,1.8247906,1.6314528
2009-05-08,extended,22,static,1.0258961,1.1605102
2009-05-11,extended,22,static,1.2558868,1.1743823
2009-05-12,extended,22,static,1.0205218,0.9121689
2009-05-13,extended,22,static,0.9673245,0.8777641
2009-05-14,extended,22,static,1.2060112,1.08458
2009-05-15,extended,22,static,0.8059104,1.0155735
2009-05-18,extended,22,static,1.1386284,1.0619286
2009-05-19,extended,22,static,1.370593,1.0250536
2009-05-20,extended,22,static,0.6902754,0.8558615
2009-05-21,extended,22,static,0.7701546,0.763041
2009-05-22,extended,22,static,0.8793909,0.9701692
2009-05-25,extended,22,static,1.3176771,0.977963
2009-05-26,extended,22,static,1.038278,0.99396634
2009-05-27,extended,22,static,0.70485467,0.8495052
2009-05-28,extended,22,static,0.9350785,0.9352025
2009-05-29,extended,22,static,0.82714176,0.860667
2009-06-01,extended,22,static,1.1669569,1.1051825
2009-06-02,extended,22,static,0.7885883,0.92168975
2009-06-03,extended,22,static,0.7024753,0.87056065
2009-06-04,extended,22,static,0.69949126,0.83758414
2009-06-05,extended,22,static,0.53476447,0.93709886
2009-06-08,extended,22,static,0.74993527,0.74815845
2009-06-09,extended,22,static,0.8636665,0.7928921
2009-06-10,extended,22,static,0.7124315,1.0134486
2009-06-11,extended,22,static,0.6494806,0.78369224
2009-06-12,extended,22,static,0.75067997,1.0096436
2009-06-15,extended,22,static,0.69446284,0.8292041
2009-06-16,extended,22,static,0.94008124,1.1525363
2009-06-17,extended,22,static,1.0355568,0.9402709
2009-06-18,extended,22,static,0.86043465,0.9411747
2009-06-19,extended,22,static,0.9910659,0.8942481
2009-06-22,extended,22,static,0.87033856,0.8987035
2009-06-23,extended,22,static,1.1709285,1.1028192
2009-06-24,extended,22,static,0.8788145,0.7797165
2009-06-25,extended,22,static,1.1259475,1.1351229
2009-06-26,extended,22,static,0.7684205,0.9057547
2009-06-29,extended,22,static,0.9948014,1.0414859
2009-06-30,extended,22,static,0.8236498,0.7767352
2007-08-01,core,252,expanding,0.8801034092903137,1.0546274185180664
2007-08-02,core,252,expanding,1.4408923387527466,1.1684199571609497
2007-08-03,core,252,expanding,1.0649017095565796,0.9941895008087158
2007-08-06,core,252,expanding,0.9231945276260376,1.0686030387878418
2007-08-07,core,252,expanding,0.7631564140319824,0.8170905709266663
2007-08-08,core,252,expanding,0.7670763731002808,0.7981675863265991
2007-08-09,core,252,expanding,0.7291420698165894,0.782617449760437
2007-08-10,core,252,expanding,1.1996055841445923,1.0119283199310303
2007-08-13,core,252,expanding,0.9357482194900513,0.8913289308547974
2007-08-14,core,252,expanding,0.6011655330657959,0.6986367702484131
2007-08-15,core,252,expanding,0.8692643046379089,0.9157509207725525
2007-08-16,core,252,expanding,1.7035084962844849,1.3455193042755127
2007-08-17,core,252,expanding,1.8911664485931396,2.2929160594940186
2007-08-20,core,252,expanding,1.8842936754226685,1.8924672603607178
2007-08-21,core,252,expanding,1.2399240732192993,1.2959362268447876
2007-08-22,core,252,expanding,0.9290414452552795,0.9919009208679199
2007-08-23,core,252,expanding,1.2037962675094604,1.1365114450454712
2007-08-24,core,252,expanding,0.7590282559394836,1.0786070823669434
2007-08-27,core,252,expanding,0.7493132948875427,0.8543761372566223
2007-08-28,core,252,expanding,0.6436693072319031,0.8276815414428711
2007-08-29,core,252,expanding,1.3607226610183716,0.9665420651435852
2007-08-30,core,252,expanding,0.8844780921936035,0.9799262285232544
2007-08-31,core,252,expanding,0.7659229636192322,0.9791873693466187
2007-09-03,core,252,expanding,0.7356173992156982,0.6777284741401672
2007-09-04,core,252,expanding,0.6469597220420837,0.7368031740188599
2007-09-05,core,252,expanding,0.8222039341926575,1.018271803855896
2007-09-06,core,252,expanding,1.2827790975570679,1.3189340829849243
2007-09-07,core,252,expanding,0.9483893513679504,1.0269814729690552
2007-09-10,core,252,expanding,1.398300290107727,1.0560871362686157
2007-09-11,core,252,expanding,1.0835040807724,1.1807266473770142
2007-09-12,core,252,expanding,1.3109461069107056,1.1018277406692505
2007-09-13,core,252,expanding,0.8154877424240112,0.9655100107192993
2007-09-14,core,252,expanding,0.8287267684936523,0.9889203310012817
2007-09-18,core,252,expanding,0.8804545998573303,0.9935818910598755
2007-09-19,core,252,expanding,1.3267687559127808,1.1696127653121948
2007-09-20,core,252,expanding,0.6548280715942383,1.0063865184783936
2007-09-21,core,252,expanding,0.6481353640556335,0.7617927193641663
2007-09-25,core,252,expanding,0.7388923764228821,0.7629868984222412
2007-09-26,core,252,expanding,0.6000896096229553,0.5896710753440857
2007-09-27,core,252,expanding,0.7981364727020264,0.9835875034332275
2007-09-28,core,252,expanding,0.6237387657165527,0.7797892689704895
2007-10-01,core,252,expanding,0.8118752837181091,0.7286291122436523
2007-10-02,core,252,expanding,0.5797592997550964,0.6215564012527466
2007-10-03,core,252,expanding,0.6384781002998352,0.6757276058197021
2007-10-04,core,252,expanding,0.7074500918388367,0.6337778568267822
2007-10-05,core,252,expanding,0.5344448089599609,0.6062510013580322
2007-10-09,core,252,expanding,0.5654230117797852,0.45993494987487793
2007-10-10,core,252,expanding,0.49269378185272217,0.5708750486373901
2007-10-11,core,252,expanding,1.0300626754760742,0.8676798343658447
2007-10-12,core,252,expanding,0.6092255115509033,0.7733999490737915
2007-10-15,core,252,expanding,0.6228350400924683,0.5979741811752319
2007-10-16,core,252,expanding,0.7858033776283264,0.6811981201171875
2007-10-17,core,252,expanding,1.2261579036712646,1.023625135421753
2007-10-18,core,252,expanding,0.8484251499176025,0.9187576770782471
2007-10-19,core,252,expanding,0.9328718781471252,0.8561311364173889
2007-10-22,core,252,expanding,1.5827134847640991,1.1002212762832642
2007-10-23,core,252,expanding,0.7190690040588379,0.9631446599960327
2007-10-24,core,252,expanding,0.891733705997467,0.9283026456832886
2007-10-25,core,252,expanding,0.9904996752738953,0.9915318489074707
2007-10-26,core,252,expanding,0.7622867226600647,0.9030449390411377
2007-10-29,core,252,expanding,0.7540098428726196,0.7659642100334167
2007-10-30,core,252,expanding,0.7734534740447998,0.8140299916267395
2007-10-31,core,252,expanding,0.7115206718444824,0.7651460766792297
2007-11-01,core,252,expanding,0.6431612968444824,0.6787147521972656
2007-11-02,core,252,expanding,0.9652031660079956,0.7325287461280823
2007-11-05,core,252,expanding,0.8487825393676758,0.8611915707588196
2007-11-06,core,252,expanding,0.8697402477264404,0.9314133524894714
2007-11-07,core,252,expanding,0.7652643322944641,0.8328441977500916
2007-11-08,core,252,expanding,1.095595359802246,0.9920564293861389
2007-11-09,core,252,expanding,1.242006540298462,1.11563241481781
2007-11-12,core,252,expanding,1.4491807222366333,1.3299883604049683
2007-11-13,core,252,expanding,1.3986117839813232,1.1708005666732788
2007-11-14,core,252,expanding,0.8325673341751099,1.015690565109253
2007-11-15,core,252,expanding,0.7714589238166809,0.868417501449585
2007-11-16,core,252,expanding,1.2273935079574585,0.9633892774581909
2007-11-19,core,252,expanding,0.9978827834129333,1.0134907960891724
2007-11-20,core,252,expanding,1.3794039487838745,1.5154975652694702
2007-11-21,core,252,expanding,1.3258076906204224,1.2987264394760132
2007-11-22,core,252,expanding,1.4661253690719604,1.248184084892273
2007-11-26,core,252,expanding,1.1383274793624878,1.2950900793075562
2007-11-27,core,252,expanding,2.4639010429382324,1.5221548080444336
2007-11-28,core,252,expanding,1.077734351158142,1.2788702249526978
2007-11-29,core,252,expanding,1.103196144104004,0.9973669648170471
2007-11-30,core,252,expanding,0.7760715484619141,0.9427415728569031
2007-12-03,core,252,expanding,1.1192423105239868,0.8632599711418152
2007-12-04,core,252,expanding,0.8677148818969727,0.9616912007331848
2007-12-05,core,252,expanding,0.8952150940895081,0.9361556172370911
2007-12-06,core,252,expanding,0.7495636940002441,0.749974250793457
2007-12-07,core,252,expanding,0.8601647615432739,0.7583244442939758
2007-12-10,core,252,expanding,0.8798873424530029,0.6978384256362915
2007-12-11,core,252,expanding,0.7118763327598572,0.5761640667915344
2007-12-12,core,252,expanding,1.0003160238265991,0.8721291422843933
2007-12-13,core,252,expanding,0.8954540491104126,1.0358855724334717
2007-12-14,core,252,expanding,1.491430640220642,0.8810558319091797
2007-12-17,core,252,expanding,1.0335650444030762,1.0688551664352417
2007-12-18,core,252,expanding,1.348418116569519,1.1024724245071411
2007-12-19,core,252,expanding,0.8350462317466736,1.00584077835083
2007-12-20,core,252,expanding,0.7183212637901306,0.8154927492141724
2007-12-21,core,252,expanding,1.1984009742736816,0.9723578095436096
2007-12-25,core,252,expanding,0.8315531015396118,0.803214967250824
2007-12-26,core,252,expanding,0.4027528166770935,0.7832914590835571
2007-12-27,core,252,expanding,0.5141691565513611,0.5395825505256653
2007-12-28,core,252,expanding,0.6100838780403137,0.7645359039306641
2008-01-04,core,252,expanding,1.681400179862976,1.7229068279266357
2008-01-07,core,252,expanding,1.1760687828063965,1.2751598358154297
2008-01-08,core,252,expanding,1.2171863317489624,1.0112502574920654
2008-01-09,core,252,expanding,1.288366675376892,1.3316428661346436
2008-01-10,core,252,expanding,0.8183584213256836,1.1094458103179932
2008-01-11,core,252,expanding,1.3772194385528564,1.3542165756225586
2008-01-15,core,252,expanding,1.215465784072876,1.3961601257324219
2008-01-16,core,252,expanding,1.8376911878585815,1.5452454090118408
2008-01-17,core,252,expanding,1.676954746246338,1.64065682888031
2008-01-18,core,252,expanding,2.098295211791992,1.918999433517456
2008-01-21,core,252,expanding,1.8114805221557617,1.638691782951355
2008-01-22,core,252,expanding,2.846118927001953,2.4903008937835693
2008-01-23,core,252,expanding,2.642878770828247,2.3132975101470947
2008-01-24,core,252,expanding,1.7051750421524048,1.6701107025146484
2008-01-25,core,252,expanding,1.2824519872665405,1.6952084302902222
2008-01-28,core,252,expanding,1.1922202110290527,1.758293628692627
2008-01-29,core,252,expanding,1.69878351688385,1.5080987215042114
2008-01-30,core,252,expanding,1.4701989889144897,1.3318150043487549
2008-01-31,core,252,expanding,1.6594957113265991,1.7026729583740234
2008-02-01,core,252,expanding,1.4009969234466553,1.3227871656417847
2008-02-04,core,252,expanding,1.2741901874542236,1.1625930070877075
2008-02-05,core,252,expanding,0.9721879363059998,0.9258023500442505
2008-02-06,core,252,expanding,1.716776967048645,1.5939607620239258
2008-02-07,core,252,expanding,1.292653203010559,1.413453221321106
2008-02-08,core,252,expanding,1.419315218925476,1.1665068864822388
2008-02-12,core,252,expanding,1.1911091804504395,1.1421773433685303
2008-02-13,core,252,expanding,1.1491308212280273,1.0734388828277588
2008-02-14,core,252,expanding,1.3668794631958008,1.4594398736953735
2008-02-15,core,252,expanding,1.287664771080017,1.286238670349121
2008-02-18,core,252,expanding,1.3829021453857422,1.0014358758926392
2008-02-19,core,252,expanding,1.028856635093689,0.8830517530441284
2008-02-20,core,252,expanding,1.234886884689331,1.2642968893051147
2008-02-21,core,252,expanding,1.3892695903778076,1.3580669164657593
2008-02-22,core,252,expanding,1.345780611038208,0.9909578561782837
2008-02-25,core,252,expanding,1.2751386165618896,1.1972259283065796
2008-02-26,core,252,expanding,0.956434428691864,1.0715088844299316
2008-02-27,core,252,expanding,1.2039660215377808,0.8676373362541199
2008-02-28,core,252,expanding,0.9943598508834839,0.9182183742523193
2008-02-29,core,252,expanding,1.1301521062850952,1.0437802076339722
2008-03-03,core,252,expanding,1.7108192443847656,1.551683783531189
2008-03-04,core,252,expanding,1.4820001125335693,1.2788528203964233
2008-03-05,core,252,expanding,1.1221272945404053,1.0587810277938843
2008-03-06,core,252,expanding,1.0432024002075195,1.266782283782959
2008-03-07,core,252,expanding,1.654557228088379,1.4088276624679565
2008-03-10,core,252,expanding,1.3408215045928955,1.4045453071594238
2008-03-11,core,252,expanding,1.3021135330200195,1.546632170677185
2008-03-12,core,252,expanding,1.715775728225708,1.3548938035964966
2008-03-13,core,252,expanding,1.625146508216858,1.7187016010284424
2008-03-14,core,252,expanding,1.6146069765090942,1.8306914567947388
2008-03-17,core,252,expanding,2.0016939640045166,2.234192132949829
2008-03-18,core,252,expanding,1.9999819993972778,1.4561794996261597
2008-03-19,core,252,expanding,2.039670944213867,1.434425950050354
2008-03-21,core,252,expanding,0.8904940485954285,1.3712611198425293
2008-03-24,core,252,expanding,1.023410677909851,0.9772902727127075
2008-03-25,core,252,expanding,0.9059974551200867,1.1001492738723755
2008-03-26,core,252,expanding,0.9275095462799072,0.830382227897644
2008-03-27,core,252,expanding,1.083125352859497,0.8560227155685425
2008-03-28,core,252,expanding,1.3782159090042114,1.287052035331726
2008-03-31,core,252,expanding,1.3233588933944702,1.1727657318115234
2008-04-01,core,252,expanding,1.2880524396896362,1.2690926790237427
2008-04-02,core,252,expanding,1.6212589740753174,1.2900999784469604
2008-04-03,core,252,expanding,1.0128378868103027,1.3478851318359375
2008-04-04,core,252,expanding,0.9192271828651428,0.9448847770690918
2008-04-07,core,252,expanding,1.0134681463241577,1.0906851291656494
2008-04-08,core,252,expanding,0.7980574369430542,0.8879720568656921
2008-04-09,core,252,expanding,1.1313484907150269,1.2888741493225098
2008-04-10,core,252,expanding,1.103286623954773,0.9009836316108704
2008-04-11,core,252,expanding,1.056941270828247,1.1874648332595825
2008-04-14,core,252,expanding,1.499574065208435,1.0540528297424316
2008-04-15,core,252,expanding,0.9028158783912659,1.063460350036621
2008-04-16,core,252,expanding,0.7043830752372742,0.815081000328064
2008-04-17,core,252,expanding,0.9689755439758301,0.8920947909355164
2008-04-18,core,252,expanding,0.8219587206840515,0.9550536274909973
2008-04-21,core,252,expanding,0.9954468607902527,0.7831658720970154
2008-04-22,core,252,expanding,0.7392888069152832,0.7743012309074402
2008-04-23,core,252,expanding,1.0151398181915283,1.0589830875396729
2008-04-24,core,252,expanding,0.9876940846443176,0.9168053269386292
2008-04-25,core,252,expanding,1.115081548690796,1.098663330078125
2008-04-28,core,252,expanding,0.9894523024559021,0.9775404930114746
2008-04-30,core,252,expanding,0.9281806349754333,1.0640915632247925
2008-05-01,core,252,expanding,1.0319159030914307,0.7763431072235107
2008-05-02,core,252,expanding,0.8584467768669128,0.8624063730239868
2008-05-07,core,252,expanding,0.8593607544898987,0.8806223273277283
2008-05-08,core,252,expanding,0.7566444873809814,0.7443381547927856
2008-05-09,core,252,expanding,0.9570968151092529,0.9804418683052063
2008-05-12,core,252,expanding,0.7999458312988281,1.1335314512252808
2008-05-13,core,252,expanding,1.0803016424179077,0.926745593547821
2008-05-14,core,252,expanding,1.0343905687332153,1.0350159406661987
2008-05-15,core,252,expanding,0.8929005265235901,0.8936575055122375
2008-05-16,core,252,expanding,1.0157290697097778,0.941536545753479
2008-05-19,core,252,expanding,0.8096848726272583,0.7421640753746033
2008-05-20,core,252,expanding,0.9451929330825806,0.8599327802658081
2008-05-21,core,252,expanding,0.8570037484169006,0.9364083409309387
2008-05-22,core,252,expanding,1.0711634159088135,1.263156771659851
2008-05-23,core,252,expanding,1.1137313842773438,1.0515515804290771
2008-05-26,core,252,expanding,0.9022702574729919,0.9603691697120667
2008-05-27,core,252,expanding,0.9045499563217163,0.893557608127594
2008-05-28,core,252,expanding,1.1286660432815552,1.0310864448547363
2008-05-29,core,252,expanding,1.1789294481277466,1.2309176921844482
2008-05-30,core,252,expanding,0.9957632422447205,1.0221738815307617
2008-06-02,core,252,expanding,1.5123594999313354,0.989754855632782
2008-06-03,core,252,expanding,1.157138705253601,0.9281601309776306
2008-06-04,core,252,expanding,0.8997945785522461,0.9109106659889221
2008-06-05,core,252,expanding,0.9108967781066895,0.8284199833869934
2008-06-06,core,252,expanding,0.6596254110336304,0.8062508702278137
2008-06-09,core,252,expanding,1.30278480052948,0.9064741730690002
2008-06-10,core,252,expanding,0.9825507998466492,1.091678261756897
2008-06-11,core,252,expanding,0.9978134632110596,1.042269229888916
2008-06-12,core,252,expanding,1.1354690790176392,0.9499960541725159
2008-06-13,core,252,expanding,1.1201207637786865,1.0226682424545288
2008-06-16,core,252,expanding,1.1563851833343506,0.9711371064186096
2008-06-17,core,252,expanding,0.8463807702064514,0.7922333478927612
2008-06-18,core,252,expanding,0.772502064704895,0.8520021438598633
2008-06-19,core,252,expanding,0.8628131747245789,0.9414631128311157
2008-06-20,core,252,expanding,1.1801904439926147,1.082784652709961
2008-06-23,core,252,expanding,1.0864068269729614,1.146477460861206
2008-06-24,core,252,expanding,0.866741418838501,0.8648822903633118
2008-06-25,core,252,expanding,1.034891128540039,0.9402370452880859
2008-06-26,core,252,expanding,0.9888497591018677,0.8641446828842163
2008-06-27,core,252,expanding,1.325621485710144,1.0139747858047485
2008-06-30,core,252,expanding,0.7973036766052246,0.8966286778450012
2008-07-01,core,252,expanding,0.9060192108154297,0.8168786764144897
2008-07-02,core,252,expanding,1.0970969200134277,0.9870785474777222
2008-07-03,core,252,expanding,1.1355860233306885,1.1487891674041748
2008-07-04,core,252,expanding,0.8704679608345032,0.9926506280899048
2008-07-07,core,252,expanding,0.8823880553245544,0.9922007322311401
2008-07-08,core,252,expanding,1.084536075592041,1.0435235500335693
2008-07-09,core,252,expanding,1.0767749547958374,1.187843918800354
2008-07-10,core,252,expanding,1.2258282899856567,1.0907739400863647
2008-07-11,core,252,expanding,1.5754011869430542,1.1419206857681274
2008-07-14,core,252,expanding,1.3783153295516968,1.0727002620697021
2008-07-15,core,252,expanding,1.160770297050476,1.0470706224441528
2008-07-16,core,252,expanding,1.0245420932769775,1.010216474533081
2008-07-17,core,252,expanding,0.684648334980011,0.8065506219863892
2008-07-18,core,252,expanding,0.8515759110450745,1.045477271080017
2008-07-22,core,252,expanding,0.8731128573417664,1.0032621622085571
2008-07-23,core,252,expanding,0.8891064524650574,0.9035624265670776
2008-07-24,core,252,expanding,0.9936928749084473,0.9327545762062073
2008-07-25,core,252,expanding,0.6507648825645447,0.8801433444023132
2008-07-28,core,252,expanding,0.751187801361084,0.7564849853515625
2008-07-29,core,252,expanding,0.9275774359703064,0.9252535104751587
2008-07-30,core,252,expanding,0.6542956829071045,0.7155178785324097
2008-07-31,core,252,expanding,0.9460684657096863,0.8434447050094604
2008-08-01,core,252,expanding,0.9989985823631287,1.05677330493927
2008-08-04,core,252,expanding,1.1536595821380615,0.9868630170822144
2008-08-05,core,252,expanding,1.1621063947677612,0.9879357814788818
2008-08-06,core,252,expanding,0.9040830731391907,1.0576597452163696
2008-08-07,core,252,expanding,1.0235220193862915,1.0493383407592773
2008-08-08,core,252,expanding,1.0667660236358643,1.28166663646698
2008-08-11,core,252,expanding,1.0211207866668701,1.0068544149398804
2008-08-12,core,252,expanding,0.8120569586753845,0.8825427889823914
2008-08-13,core,252,expanding,1.0847405195236206,1.1197277307510376
2008-08-14,core,252,expanding,0.9804105162620544,1.0143405199050903
2008-08-15,core,252,expanding,0.7222523093223572,0.8197170495986938
2008-08-18,core,252,expanding,1.1207627058029175,1.1277786493301392
2008-08-19,core,252,expanding,1.3125615119934082,1.0323166847229004
2008-08-20,core,252,expanding,1.1158077716827393,1.0948389768600464
2008-08-21,core,252,expanding,0.7614359259605408,0.8694655895233154
2008-08-22,core,252,expanding,0.9018455743789673,0.842769980430603
2008-08-25,core,252,expanding,0.9735351204872131,0.8164387345314026
2008-08-26,core,252,expanding,0.7018088698387146,0.9124565720558167
2008-08-27,core,252,expanding,0.7436370849609375,0.693230152130127
2008-08-28,core,252,expanding,0.6286274790763855,0.759573221206665
2008-08-29,core,252,expanding,0.8951700329780579,0.783158004283905
2008-09-01,core,252,expanding,0.7632983922958374,0.6930989623069763
2008-09-02,core,252,expanding,1.3825178146362305,1.4332774877548218
2008-09-03,core,252,expanding,1.1140538454055786,0.9706989526748657
2008-09-04,core,252,expanding,1.1429619789123535,0.9981437921524048
2008-09-05,core,252,expanding,1.450595498085022,1.1180469989776611
2008-09-08,core,252,expanding,1.281309723854065,1.311648964881897
2008-09-09,core,252,expanding,0.8359503746032715,1.0492054224014282
2008-09-10,core,252,expanding,1.4045219421386719,1.2577439546585083
2008-09-11,core,252,expanding,1.0278940200805664,1.0961300134658813
2008-09-12,core,252,expanding,1.069927453994751,1.0934089422225952
2008-09-16,core,252,expanding,2.202989101409912,1.8330130577087402
2008-09-17,core,252,expanding,1.5259703397750854,1.3084059953689575
2008-09-18,core,252,expanding,1.7204697132110596,1.4469273090362549
2008-09-19,core,252,expanding,1.289001703262329,1.4357942342758179
2008-09-22,core,252,expanding,1.5069917440414429,1.2757298946380615
2008-09-24,core,252,expanding,1.0445319414138794,1.3757966756820679
2008-09-25,core,252,expanding,1.1999160051345825,1.0484873056411743
2008-09-26,core,252,expanding,1.240993618965149,1.338148832321167
2008-09-29,core,252,expanding,1.4062871932983398,1.328845500946045
2008-09-30,core,252,expanding,2.737126111984253,1.84823739528656
2008-10-01,core,252,expanding,1.2443537712097168,1.4849953651428223
2008-10-02,core,252,expanding,1.3548816442489624,1.4385825395584106
2008-10-03,core,252,expanding,1.4565329551696777,1.2535353899002075
2008-10-06,core,252,expanding,1.7759069204330444,2.3165056705474854
2008-10-07,core,252,expanding,3.4029812812805176,2.793468475341797
2008-10-08,core,252,expanding,3.4503750801086426,3.8167808055877686
2008-10-09,core,252,expanding,3.050989866256714,3.517061710357666
2008-10-10,core,252,expanding,5.6823015213012695,4.984767913818359
2008-10-14,core,252,expanding,3.8099234104156494,6.838226318359375
2008-10-15,core,252,expanding,2.7114086151123047,3.991586685180664
2008-10-16,core,252,expanding,4.302461624145508,6.530787467956543
2008-10-17,core,252,expanding,2.850486993789673,3.3958847522735596
2008-10-20,core,252,expanding,2.174372911453247,2.724642753601074
2008-10-21,core,252,expanding,2.171107769012451,2.43243408203125
2008-10-22,core,252,expanding,2.4058496952056885,3.174327850341797
2008-10-23,core,252,expanding,4.092911243438721,5.482769966125488
2008-10-24,core,252,expanding,3.5913593769073486,4.3671183586120605
2008-10-27,core,252,expanding,5.318516731262207,8.002053260803223
2008-10-28,core,252,expanding,5.008572578430176,5.412406921386719
2008-10-29,core,252,expanding,4.765361309051514,3.8822999000549316
2008-10-30,core,252,expanding,3.6736652851104736,5.615292072296143
2008-10-31,core,252,expanding,4.198659896850586,4.752599716186523
2008-11-04,core,252,expanding,2.584078311920166,4.50290060043335
2008-11-05,core,252,expanding,2.3868775367736816,2.0194168090820312
2008-11-06,core,252,expanding,2.9170889854431152,3.9571642875671387
2008-11-07,core,252,expanding,4.594893455505371,4.489442348480225
2008-11-10,core,252,expanding,2.880310297012329,3.292644500732422
2008-11-11,core,252,expanding,2.4698524475097656,2.3445920944213867
2008-11-12,core,252,expanding,2.7478177547454834,2.1489953994750977
2008-11-13,core,252,expanding,3.3195180892944336,2.4831836223602295
2008-11-14,core,252,expanding,2.974403142929077,2.5622494220733643
2008-11-17,core,252,expanding,3.2910516262054443,3.722170829772949
2008-11-18,core,252,expanding,2.2085554599761963,2.587886095046997
2008-11-19,core,252,expanding,2.008335828781128,2.766420841217041
2008-11-20,core,252,expanding,2.5763890743255615,2.9181630611419678
2008-11-21,core,252,expanding,3.4779298305511475,5.72489595413208
2008-11-25,core,252,expanding,3.3344497680664062,3.0943102836608887
2008-11-26,core,252,expanding,2.06377911567688,2.3299834728240967
2008-11-27,core,252,expanding,1.8840155601501465,1.8251384496688843
2008-11-28,core,252,expanding,1.4546449184417725,2.204059362411499
2008-12-01,core,252,expanding,1.7256993055343628,1.5851207971572876
2008-12-02,core,252,expanding,2.802569627761841,2.5620715618133545
2008-12-03,core,252,expanding,1.8094791173934937,1.7683783769607544
2008-12-04,core,252,expanding,1.8141510486602783,2.3181939125061035
2008-12-05,core,252,expanding,1.538521647453308,1.5744211673736572
2008-12-08,core,252,expanding,2.1540541648864746,2.289377450942993
2008-12-09,core,252,expanding,1.8041189908981323,2.01873517036438
2008-12-10,core,252,expanding,1.8551170825958252,2.055755138397217
2008-12-11,core,252,expanding,1.6527811288833618,1.6688615083694458
2008-12-12,core,252,expanding,3.648413896560669,2.4796860218048096
2008-12-15,core,252,expanding,2.055903196334839,2.5834639072418213
2008-12-16,core,252,expanding,1.7230002880096436,1.734456181526184
2008-12-17,core,252,expanding,2.0847275257110596,1.9040864706039429
2008-12-18,core,252,expanding,1.7289695739746094,1.8570743799209595
2008-12-19,core,252,expanding,1.9618268013000488,1.5579663515090942
2008-12-22,core,252,expanding,1.6057792901992798,1.648881435394287
2008-12-24,core,252,expanding,1.0738857984542847,1.4843648672103882
2008-12-25,core,252,expanding,0.7602034211158752,1.1170108318328857
2008-12-26,core,252,expanding,0.8490197062492371,1.0325790643692017
2008-12-29,core,252,expanding,0.7873731851577759,1.187970757484436
2008-12-30,core,252,expanding,0.8429020643234253,1.019336462020874
2009-01-05,core,252,expanding,1.2961918115615845,0.7585736513137817
2009-01-06,core,252,expanding,1.172443151473999,0.9870468378067017
2009-01-07,core,252,expanding,1.2760441303253174,1.2552664279937744
2009-01-08,core,252,expanding,1.5989891290664673,1.5738049745559692
2009-01-09,core,252,expanding,1.5512140989303589,1.268324613571167
2009-01-13,core,252,expanding,1.8934694528579712,1.949853539466858
2009-01-14,core,252,expanding,1.342504620552063,1.5906282663345337
2009-01-15,core,252,expanding,2.0326945781707764,1.9891382455825806
2009-01-16,core,252,expanding,1.4396902322769165,1.7970969676971436
2009-01-19,core,252,expanding,1.443437933921814,1.373998999595642
2009-01-20,core,252,expanding,1.6959973573684692,1.7019304037094116
2009-01-21,core,252,expanding,2.0150609016418457,1.5835939645767212
2009-01-22,core,252,expanding,1.5885210037231445,1.9228029251098633
2009-01-23,core,252,expanding,1.5493271350860596,1.580661416053772
2009-01-26,core,252,expanding,1.51520574092865,1.4816654920578003
2009-01-27,core,252,expanding,1.8574178218841553,1.9488784074783325
2009-01-28,core,252,expanding,2.1188583374023438,1.9086613655090332
2009-01-29,core,252,expanding,1.7174795866012573,1.689734697341919
2009-01-30,core,252,expanding,1.5122191905975342,1.6176235675811768
2009-02-02,core,252,expanding,1.7268993854522705,1.5063451528549194
2009-02-03,core,252,expanding,2.296583890914917,1.9770351648330688
2009-02-04,core,252,expanding,1.5387024879455566,1.7545700073242188
2009-02-05,core,252,expanding,1.5912870168685913,1.6029722690582275
2009-02-06,core,252,expanding,1.676309585571289,1.367473840713501
2009-02-09,core,252,expanding,1.5765513181686401,1.7677172422409058
2009-02-10,core,252,expanding,1.9428794384002686,1.7642709016799927
2009-02-12,core,252,expanding,1.6160334348678589,1.5296131372451782
2009-02-13,core,252,expanding,1.5890151262283325,1.526980996131897
2009-02-16,core,252,expanding,1.1611589193344116,1.2467495203018188
2009-02-17,core,252,expanding,1.0789363384246826,1.155439019203186
2009-02-18,core,252,expanding,1.115641713142395,1.1970821619033813
2009-02-19,core,252,expanding,1.0441029071807861,1.039460301399231
2009-02-20,core,252,expanding,1.23749577999115,1.3782607316970825
2009-02-23,core,252,expanding,1.9150303602218628,1.539962887763977
2009-02-24,core,252,expanding,1.7093127965927124,1.3407492637634277
2009-02-25,core,252,expanding,1.7071654796600342,1.3540107011795044
2009-02-26,core,252,expanding,1.5436980724334717,1.5551677942276
2009-02-27,core,252,expanding,1.5983824729919434,1.5698679685592651
2009-03-02,core,252,expanding,1.7572065591812134,1.6630393266677856
2009-03-03,core,252,expanding,1.602087378501892,1.848379135131836
2009-03-04,core,252,expanding,1.5073039531707764,1.7646769285202026
2009-03-05,core,252,expanding,1.5417338609695435,1.5943691730499268
2009-03-06,core,252,expanding,2.006683588027954,1.5078462362289429
2009-03-09,core,252,expanding,1.8138407468795776,1.7836705446243286
2009-03-10,core,252,expanding,1.414237380027771,1.222089171409607
2009-03-11,core,252,expanding,1.7948499917984009,1.601038932800293
2009-03-12,core,252,expanding,1.2807425260543823,1.501346230506897
2009-03-13,core,252,expanding,1.8901838064193726,1.831222653388977
2009-03-16,core,252,expanding,1.1957861185073853,1.469774603843689
2009-03-17,core,252,expanding,1.2577030658721924,1.569077730178833
2009-03-18,core,252,expanding,1.608241319656372,1.3380264043807983
2009-03-19,core,252,expanding,1.1213359832763672,1.1408464908599854
2009-03-23,core,252,expanding,1.7457314729690552,1.5652400255203247
2009-03-24,core,252,expanding,1.6521703004837036,1.540204405784607
2009-03-25,core,252,expanding,1.3605380058288574,1.3594080209732056
2009-03-26,core,252,expanding,1.4826072454452515,1.554125189781189
2009-03-27,core,252,expanding,1.8187874555587769,1.4932360649108887
2009-03-30,core,252,expanding,1.9252088069915771,2.1248273849487305
2009-03-31,core,252,expanding,2.1894783973693848,2.321629762649536
2009-04-01,core,252,expanding,1.9490299224853516,1.9601293802261353
2009-04-02,core,252,expanding,1.6591790914535522,1.8047899007797241
2009-04-03,core,252,expanding,1.7359530925750732,1.76224946975708
2009-04-06,core,252,expanding,1.7490761280059814,1.7076655626296997
2009-04-07,core,252,expanding,1.346916675567627,1.2345231771469116
2009-04-08,core,252,expanding,1.4092592000961304,1.3822648525238037
2009-04-09,core,252,expanding,1.5735135078430176,1.6812766790390015
2009-04-10,core,252,expanding,1.2686342000961304,1.6204187870025635
2009-04-13,core,252,expanding,1.424201488494873,1.3007546663284302
2009-04-14,core,252,expanding,1.7647550106048584,1.3851372003555298
2009-04-15,core,252,expanding,1.3903584480285645,1.2305556535720825
2009-04-16,core,252,expanding,2.0027952194213867,1.6350840330123901
2009-04-17,core,252,expanding,1.4925804138183594,1.5415335893630981
2009-04-20,core,252,expanding,1.2095696926116943,1.229343295097351
2009-04-21,core,252,expanding,1.4736764430999756,1.34743070602417
2009-04-22,core,252,expanding,1.1359831094741821,1.120807409286499
2009-04-23,core,252,expanding,1.2378408908843994,1.3575220108032227
2009-04-24,core,252,expanding,1.4418177604675293,1.2044522762298584
2009-04-27,core,252,expanding,1.5101802349090576,1.3620164394378662
2009-04-28,core,252,expanding,1.6652885675430298,1.7465932369232178
2009-04-30,core,252,expanding,1.536219596862793,1.6510255336761475
2009-05-01,core,252,expanding,1.4797052145004272,1.402929425239563
2009-05-07,core,252,expanding,1.824790596961975,1.7102603912353516
2009-05-08,core,252,expanding,1.0258960723876953,1.4123473167419434
2009-05-11,core,252,expanding,1.2558867931365967,1.036794662475586
2009-05-12,core,252,expanding,1.0205217599868774,0.9320029616355896
2009-05-13,core,252,expanding,0.9673244953155518,0.9072731733322144
2009-05-14,core,252,expanding,1.206011176109314,1.103751540184021
2009-05-15,core,252,expanding,0.8059104084968567,1.1496938467025757
2009-05-18,core,252,expanding,1.138628363609314,1.0429446697235107
2009-05-19,core,252,expanding,1.3705929517745972,1.1985673904418945
2009-05-20,core,252,expanding,0.6902753710746765,0.85353022813797
2009-05-21,core,252,expanding,0.770154595375061,0.8674690127372742
2009-05-22,core,252,expanding,0.8793908953666687,1.0993714332580566
2009-05-25,core,252,expanding,1.3176771402359009,1.0803226232528687
2009-05-26,core,252,expanding,1.0382779836654663,0.9949083924293518
2009-05-27,core,252,expanding,0.7048546671867371,0.7192035913467407
2009-05-28,core,252,expanding,0.935078501701355,0.9323747158050537
2009-05-29,core,252,expanding,0.8271417617797852,0.8554335236549377
2009-06-01,core,252,expanding,1.166956901550293,1.0494577884674072
2009-06-02,core,252,expanding,0.788588285446167,0.7471225261688232
2009-06-03,core,252,expanding,0.7024753093719482,0.6130402088165283
2009-06-04,core,252,expanding,0.6994912624359131,0.737663209438324
2009-06-05,core,252,expanding,0.5347644686698914,0.7225390076637268
2009-06-08,core,252,expanding,0.7499352693557739,0.6854243874549866
2009-06-09,core,252,expanding,0.8636664748191833,0.6628507971763611
2009-06-10,core,252,expanding,0.7124314904212952,0.8803773522377014
2009-06-11,core,252,expanding,0.6494805812835693,0.6651018261909485
2009-06-12,core,252,expanding,0.7506799697875977,0.7881588935852051
2009-06-15,core,252,expanding,0.6944628357887268,0.746505618095398
2009-06-16,core,252,expanding,0.9400812387466431,1.0937318801879883
2009-06-17,core,252,expanding,1.0355567932128906,0.971855878829956
2009-06-18,core,252,expanding,0.8604346513748169,0.90176922082901
2009-06-19,core,252,expanding,0.9910659193992615,0.7871111631393433
2009-06-22,core,252,expanding,0.8703385591506958,0.8312819600105286
2009-06-23,core,252,expanding,1.1709284782409668,1.090044617652893
2009-06-24,core,252,expanding,0.8788145184516907,0.8806381225585938
2009-06-25,core,252,expanding,1.1259474754333496,1.221642255783081
2009-06-26,core,252,expanding,0.7684205174446106,0.8993107676506042
2009-06-29,core,252,expanding,0.99480140209198,0.9531081318855286
2009-06-30,core,252,expanding,0.8236498236656189,0.8040581941604614
2007-08-01,momentum,22,expanding,0.8801034092903137,1.0287046432495117
2007-08-02,momentum,22,expanding,1.4408923387527466,1.2334766387939453
2007-08-03,momentum,22,expanding,1.0649017095565796,1.0804641246795654
2007-08-06,momentum,22,expanding,0.9231945276260376,1.0812957286834717
2007-08-07,momentum,22,expanding,0.7631564140319824,0.8290169835090637
2007-08-08,momentum,22,expanding,0.7670763731002808,0.7912400960922241
2007-08-09,momentum,22,expanding,0.7291420698165894,0.7262767553329468
2007-08-10,momentum,22,expanding,1.1996055841445923,1.0613807439804077
2007-08-13,momentum,22,expanding,0.9357482194900513,0.9468384981155396
2007-08-14,momentum,22,expanding,0.6011655330657959,0.649908721446991
2007-08-15,momentum,22,expanding,0.8692643046379089,0.9578871726989746
2007-08-16,momentum,22,expanding,1.7035084962844849,1.498872995376587
2007-08-17,momentum,22,expanding,1.8911664485931396,2.2897582054138184
2007-08-20,momentum,22,expanding,1.8842936754226685,1.8604892492294312
2007-08-21,momentum,22,expanding,1.2399240732192993,1.6303569078445435
2007-08-22,momentum,22,expanding,0.9290414452552795,1.1332907676696777
2007-08-23,momentum,22,expanding,1.2037962675094604,1.1665481328964233
2007-08-24,momentum,22,expanding,0.7590282559394836,0.9797834753990173
2007-08-27,momentum,22,expanding,0.7493132948875427,1.063537359237671
2007-08-28,momentum,22,expanding,0.6436693072319031,0.9564250707626343
2007-08-29,momentum,22,expanding,1.3607226610183716,0.9860801696777344
2007-08-30,momentum,22,expanding,0.8844780921936035,0.9591795206069946
2007-08-31,momentum,22,expanding,0.7659229636192322,0.9998928904533386
2007-09-03,momentum,22,expanding,0.7356173992156982,0.6984987258911133
2007-09-04,momentum,22,expanding,0.6469597220420837,0.6485129594802856
2007-09-05,momentum,22,expanding,0.8222039341926575,1.0002820491790771
2007-09-06,momentum,22,expanding,1.2827790975570679,1.4432905912399292
2007-09-07,momentum,22,expanding,0.9483893513679504,1.0655571222305298
2007-09-10,momentum,22,expanding,1.398300290107727,1.0678447484970093
2007-09-11,momentum,22,expanding,1.0835040807724,1.1762415170669556
2007-09-12,momentum,22,expanding,1.3109461069107056,1.1370012760162354
2007-09-13,momentum,22,expanding,0.8154877424240112,0.9231233596801758
2007-09-14,momentum,22,expanding,0.8287267684936523,1.0031144618988037
2007-09-18,momentum,22,expanding,0.8804545998573303,1.0326895713806152
2007-09-19,momentum,22,expanding,1.3267687559127808,1.1215934753417969
2007-09-20,momentum,22,expanding,0.6548280715942383,0.9469770193099976
2007-09-21,momentum,22,expanding,0.6481353640556335,0.7764484286308289
2007-09-25,momentum,22,expanding,0.7388923764228821,0.7237255573272705
2007-09-26,momentum,22,expanding,0.6000896096229553,0.6884305477142334
2007-09-27,momentum,22,expanding,0.7981364727020264,0.9108809232711792
2007-09-28,momentum,22,expanding,0.6237387657165527,0.738029956817627
2007-10-01,momentum,22,expanding,0.8118752837181091,0.6900672912597656
2007-10-02,momentum,22,expanding,0.5797592997550964,0.6408001184463501
2007-10-03,momentum,22,expanding,0.6384781002998352,0.7073577642440796
2007-10-04,momentum,22,expanding,0.7074500918388367,0.5701892375946045
2007-10-05,momentum,22,expanding,0.5344448089599609,0.5670816898345947
2007-10-09,momentum,22,expanding,0.5654230117797852,0.566837728023529
2007-10-10,momentum,22,expanding,0.49269378185272217,0.5996531248092651
2007-10-11,momentum,22,expanding,1.0300626754760742,0.9547276496887207
2007-10-12,momentum,22,expanding,0.6092255115509033,0.7534662485122681
2007-10-15,momentum,22,expanding,0.6228350400924683,0.5935608148574829
2007-10-16,momentum,22,expanding,0.7858033776283264,0.7131986618041992
2007-10-17,momentum,22,expanding,1.2261579036712646,0.9087516069412231
2007-10-18,momentum,22,expanding,0.8484251499176025,0.8768908977508545
2007-10-19,momentum,22,expanding,0.9328718781471252,0.8988621234893799
2007-10-22,momentum,22,expanding,1.5827134847640991,1.1840556859970093
2007-10-23,momentum,22,expanding,0.7190690040588379,0.905936598777771
2007-10-24,momentum,22,expanding,0.891733705997467,0.938559889793396
2007-10-25,momentum,22,expanding,0.9904996752738953,0.9925352334976196
2007-10-26,momentum,22,expanding,0.7622867226600647,0.9346741437911987
2007-10-29,momentum,22,expanding,0.7540098428726196,0.824280321598053
2007-10-30,momentum,22,expanding,0.7734534740447998,0.7265804409980774
2007-10-31,momentum,22,expanding,0.7115206718444824,0.7054146528244019
2007-11-01,momentum,22,expanding,0.6431612968444824,0.6651567816734314
2007-11-02,momentum,22,expanding,0.9652031660079956,0.7165947556495667
2007-11-05,momentum,22,expanding,0.8487825393676758,0.8479717969894409
2007-11-06,momentum,22,expanding,0.8697402477264404,0.9002034068107605
2007-11-07,momentum,22,expanding,0.7652643322944641,0.8863234519958496
2007-11-08,momentum,22,expanding,1.095595359802246,1.1492801904678345
2007-11-09,momentum,22,expanding,1.242006540298462,1.1843470335006714
2007-11-12,momentum,22,expanding,1.4491807222366333,1.3182942867279053
2007-11-13,momentum,22,expanding,1.3986117839813232,1.2048416137695312
2007-11-14,momentum,22,expanding,0.8325673341751099,1.1546136140823364
2007-11-15,momentum,22,expanding,0.7714589238166809,1.0009948015213013
2007-11-16,momentum,22,expanding,1.2273935079574585,1.0501610040664673
2007-11-19,momentum,22,expanding,0.9978827834129333,1.0550906658172607
2007-11-20,momentum,22,expanding,1.3794039487838745,1.524799108505249
2007-11-21,momentum,22,expanding,1.3258076906204224,1.2176837921142578
2007-11-22,momentum,22,expanding,1.4661253690719604,1.4086005687713623
2007-11-26,momentum,22,expanding,1.1383274793624878,1.2354683876037598
2007-11-27,momentum,22,expanding,2.4639010429382324,1.3574488162994385
2007-11-28,momentum,22,expanding,1.077734351158142,0.9652854204177856
2007-11-29,momentum,22,expanding,1.103196144104004,1.0589840412139893
2007-11-30,momentum,22,expanding,0.7760715484619141,0.9010396003723145
2007-12-03,momentum,22,expanding,1.1192423105239868,0.8231432437896729
2007-12-04,momentum,22,expanding,0.8677148818969727,0.7951529026031494
2007-12-05,momentum,22,expanding,0.8952150940895081,0.9615989923477173
2007-12-06,momentum,22,expanding,0.7495636940002441,0.8753089904785156
2007-12-07,momentum,22,expanding,0.8601647615432739,0.7022836208343506
2007-12-10,momentum,22,expanding,0.8798873424530029,0.7296887636184692
2007-12-11,momentum,22,expanding,0.7118763327598572,0.6236057281494141
2007-12-12,momentum,22,expanding,1.0003160238265991,0.8946390151977539
2007-12-13,momentum,22,expanding,0.8954540491104126,0.9030511379241943
2007-12-14,momentum,22,expanding,1.491430640220642,0.9595797061920166
2007-12-17,momentum,22,expanding,1.0335650444030762,0.9749720096588135
2007-12-18,momentum,22,expanding,1.348418116569519,1.0473525524139404
2007-12-19,momentum,22,expanding,0.8350462317466736,0.9985016584396362
2007-12-20,momentum,22,expanding,0.7183212637901306,0.9600934982299805
2007-12-21,momentum,22,expanding,1.1984009742736816,1.0488324165344238
2007-12-25,momentum,22,expanding,0.8315531015396118,0.8934897184371948
2007-12-26,momentum,22,expanding,0.4027528166770935,0.9530763030052185
2007-12-27,momentum,22,expanding,0.5141691565513611,0.740090548992157
2007-12-28,momentum,22,expanding,0.6100838780403137,0.9270660877227783
2008-01-04,momentum,22,expanding,1.681400179862976,1.8781121969223022
2008-01-07,momentum,22,expanding,1.1760687828063965,1.4216092824935913
2008-01-08,momentum,22,expanding,1.2171863317489624,1.1829259395599365
2008-01-09,momentum,22,expanding,1.288366675376892,1.3060381412506104
2008-01-10,momentum,22,expanding,0.8183584213256836,1.3066563606262207
2008-01-11,momentum,22,expanding,1.3772194385528564,1.6047691106796265
2008-01-15,momentum,22,expanding,1.215465784072876,1.4874730110168457
2008-01-16,momentum,22,expanding,1.8376911878585815,1.6678978204727173
2008-01-17,momentum,22,expanding,1.676954746246338,1.6695245504379272
2008-01-18,momentum,22,expanding,2.098295211791992,1.8750097751617432
2008-01-21,momentum,22,expanding,1.8114805221557617,1.449273705482483
2008-01-22,momentum,22,expanding,2.846118927001953,2.401794910430908
2008-01-23,momentum,22,expanding,2.642878770828247,2.2325501441955566
2008-01-24,momentum,22,expanding,1.7051750421524048,1.6418943405151367
2008-01-25,momentum,22,expanding,1.2824519872665405,1.5847536325454712
2008-01-28,momentum,22,expanding,1.1922202110290527,1.7470794916152954
2008-01-29,momentum,22,expanding,1.69878351688385,1.4432616233825684
2008-01-30,momentum,22,expanding,1.4701989889144897,1.3178462982177734
2008-01-31,momentum,22,expanding,1.6594957113265991,1.7615159749984741
2008-02-01,momentum,22,expanding,1.4009969234466553,1.2980749607086182
2008-02-04,momentum,22,expanding,1.2741901874542236,1.0828317403793335
2008-02-05,momentum,22,expanding,0.9721879363059998,0.9511933326721191
2008-02-06,momentum,22,expanding,1.716776967048645,1.6665916442871094
2008-02-07,momentum,22,expanding,1.292653203010559,1.3847675323486328
2008-02-08,momentum,22,expanding,1.419315218925476,1.4205749034881592
2008-02-12,momentum,22,expanding,1.1911091804504395,1.3827621936798096
2008-02-13,momentum,22,expanding,1.1491308212280273,1.0909441709518433
2008-02-14,momentum,22,expanding,1.3668794631958008,1.4096109867095947
2008-02-15,momentum,22,expanding,1.287664771080017,1.2608736753463745
2008-02-18,momentum,22,expanding,1.3829021453857422,0.9829906225204468
2008-02-19,momentum,22,expanding,1.028856635093689,0.9060630798339844
2008-02-20,momentum,22,expanding,1.234886884689331,1.3747442960739136
2008-02-21,momentum,22,expanding,1.3892695903778076,1.3154981136322021
2008-02-22,momentum,22,expanding,1.345780611038208,0.9782981872558594
2008-02-25,momentum,22,expanding,1.2751386165618896,1.1151477098464966
2008-02-26,momentum,22,expanding,0.956434428691864,0.964737057685852
2008-02-27,momentum,22,expanding,1.2039660215377808,0.9471065998077393
2008-02-28,momentum,22,expanding,0.9943598508834839,1.0248783826828003
2008-02-29,momentum,22,expanding,1.1301521062850952,1.13094162940979
2008-03-03,momentum,22,expanding,1.7108192443847656,1.652426838874817
2008-03-04,momentum,22,expanding,1.4820001125335693,1.2922459840774536
2008-03-05,momentum,22,expanding,1.1221272945404053,1.2092701196670532
2008-03-06,momentum,22,expanding,1.0432024002075195,1.3629266023635864
2008-03-07,momentum,22,expanding,1.654557228088379,1.4195612668991089
2008-03-10,momentum,22,expanding,1.3408215045928955,1.3437633514404297
2008-03-11,momentum,22,expanding,1.3021135330200195,1.6961785554885864
2008-03-12,momentum,22,expanding,1.715775728225708,1.3108559846878052
2008-03-13,momentum,22,expanding,1.625146508216858,1.719173789024353
2008-03-14,momentum,22,expanding,1.6146069765090942,1.7873005867004395
2008-03-17,momentum,22,expanding,2.0016939640045166,2.134079694747925
2008-03-18,momentum,22,expanding,1.9999819993972778,1.620526909828186
2008-03-19,momentum,22,expanding,2.039670944213867,1.41304612159729
2008-03-21,momentum,22,expanding,0.8904940485954285,1.3187941312789917
2008-03-24,momentum,22,expanding,1.023410677909851,1.069212794303894
2008-03-25,momentum,22,expanding,0.9059974551200867,1.2740854024887085
2008-03-26,momentum,22,expanding,0.9275095462799072,1.0612351894378662
2008-03-27,momentum,22,expanding,1.083125352859497,0.95988929271698
2008-03-28,momentum,22,expanding,1.3782159090042114,1.364311695098877
2008-03-31,momentum,22,expanding,1.3233588933944702,1.3344112634658813
2008-04-01,momentum,22,expanding,1.2880524396896362,1.4391168355941772
2008-04-02,momentum,22,expanding,1.6212589740753174,1.3899123668670654
2008-04-03,momentum,22,expanding,1.0128378868103027,1.3936563730239868
2008-04-04,momentum,22,expanding,0.9192271828651428,1.0802578926086426
2008-04-07,momentum,22,expanding,1.0134681463241577,1.2216395139694214
2008-04-08,momentum,22,expanding,0.7980574369430542,1.039097785949707
2008-04-09,momentum,22,expanding,1.1313484907150269,1.3224515914916992
2008-04-10,momentum,22,expanding,1.103286623954773,0.9663733839988708
2008-04-11,momentum,22,expanding,1.056941270828247,1.2767423391342163
2008-04-14,momentum,22,expanding,1.499574065208435,1.2827030420303345
2008-04-15,momentum,22,expanding,0.9028158783912659,1.1523255109786987
2008-04-16,momentum,22,expanding,0.7043830752372742,0.9266878366470337
2008-04-17,momentum,22,expanding,0.9689755439758301,1.1061134338378906
2008-04-18,momentum,22,expanding,0.8219587206840515,1.0559207201004028
2008-04-21,momentum,22,expanding,0.9954468607902527,0.9038473963737488
2008-04-22,momentum,22,expanding,0.7392888069152832,0.8314565420150757
2008-04-23,momentum,22,expanding,1.0151398181915283,1.0290049314498901
2008-04-24,momentum,22,expanding,0.9876940846443176,0.9485257267951965
2008-04-25,momentum,22,expanding,1.115081548690796,1.0470569133758545
2008-04-28,momentum,22,expanding,0.9894523024559021,0.9587498307228088
2008-04-30,momentum,22,expanding,0.9281806349754333,1.0264596939086914
2008-05-01,momentum,22,expanding,1.0319159030914307,0.881629467010498
2008-05-02,momentum,22,expanding,0.8584467768669128,0.7844532132148743
2008-05-07,momentum,22,expanding,0.8593607544898987,0.8664466738700867
2008-05-08,momentum,22,expanding,0.7566444873809814,0.7709508538246155
2008-05-09,momentum,22,expanding,0.9570968151092529,0.9723617434501648
2008-05-12,momentum,22,expanding,0.7999458312988281,1.0052855014801025
2008-05-13,momentum,22,expanding,1.0803016424179077,0.8233964443206787
2008-05-14,momentum,22,expanding,1.0343905687332153,1.0586559772491455
2008-05-15,momentum,22,expanding,0.8929005265235901,0.9787642955780029
2008-05-16,momentum,22,expanding,1.0157290697097778,0.9572116732597351
2008-05-19,momentum,22,expanding,0.8096848726272583,0.6910964846611023
2008-05-20,momentum,22,expanding,0.9451929330825806,0.7293266654014587
2008-05-21,momentum,22,expanding,0.8570037484169006,0.8399300575256348
2008-05-22,momentum,22,expanding,1.0711634159088135,1.2431554794311523
2008-05-23,momentum,22,expanding,1.1137313842773438,1.0140929222106934
2008-05-26,momentum,22,expanding,0.9022702574729919,0.9270655512809753
2008-05-27,momentum,22,expanding,0.9045499563217163,0.8946660757064819
2008-05-28,momentum,22,expanding,1.1286660432815552,1.0398287773132324
2008-05-29,momentum,22,expanding,1.1789294481277466,1.2504724264144897
2008-05-30,momentum,22,expanding,0.9957632422447205,1.0351709127426147
2008-06-02,momentum,22,expanding,1.5123594999313354,1.0360546112060547
2008-06-03,momentum,22,expanding,1.157138705253601,0.9954908490180969
2008-06-04,momentum,22,expanding,0.8997945785522461,0.9125152230262756
2008-06-05,momentum,22,expanding,0.9108967781066895,0.7726364731788635
2008-06-06,momentum,22,expanding,0.6596254110336304,0.7129768133163452
2008-06-09,momentum,22,expanding,1.30278480052948,0.7847983241081238
2008-06-10,momentum,22,expanding,0.9825507998466492,1.1079063415527344
2008-06-11,momentum,22,expanding,0.9978134632110596,0.9965810775756836
2008-06-12,momentum,22,expanding,1.1354690790176392,0.9593659043312073
2008-06-13,momentum,22,expanding,1.1201207637786865,1.1550910472869873
2008-06-16,momentum,22,expanding,1.1563851833343506,1.0542101860046387
2008-06-17,momentum,22,expanding,0.8463807702064514,0.8543180823326111
2008-06-18,momentum,22,expanding,0.772502064704895,0.9249501824378967
2008-06-19,momentum,22,expanding,0.8628131747245789,0.9954790472984314
2008-06-20,momentum,22,expanding,1.1801904439926147,1.1747173070907593
2008-06-23,momentum,22,expanding,1.0864068269729614,1.1384308338165283
2008-06-24,momentum,22,expanding,0.866741418838501,0.8385030627250671
2008-06-25,momentum,22,expanding,1.034891128540039,0.8991245627403259
2008-06-26,momentum,22,expanding,0.9888497591018677,0.8467102646827698
2008-06-27,momentum,22,expanding,1.325621485710144,0.9201191663742065
2008-06-30,momentum,22,expanding,0.7973036766052246,1.0053274631500244
2008-07-01,momentum,22,expanding,0.9060192108154297,0.7632920145988464
2008-07-02,momentum,22,expanding,1.0970969200134277,1.0503613948822021
2008-07-03,momentum,22,expanding,1.1355860233306885,1.1551856994628906
2008-07-04,momentum,22,expanding,0.8704679608345032,1.0307519435882568
2008-07-07,momentum,22,expanding,0.8823880553245544,0.9963197112083435
2008-07-08,momentum,22,expanding,1.084536075592041,1.0853111743927002
2008-07-09,momentum,22,expanding,1.0767749547958374,1.2008891105651855
2008-07-10,momentum,22,expanding,1.2258282899856567,1.108872413635254
2008-07-11,momentum,22,expanding,1.5754011869430542,1.156172275543213
2008-07-14,momentum,22,expanding,1.3783153295516968,1.0923182964324951
2008-07-15,momentum,22,expanding,1.160770297050476,1.0623500347137451
2008-07-16,momentum,22,expanding,1.0245420932769775,1.1054909229278564
2008-07-17,momentum,22,expanding,0.684648334980011,0.8359151482582092
2008-07-18,momentum,22,expanding,0.8515759110450745,1.1148459911346436
2008-07-22,momentum,22,expanding,0.8731128573417664,0.9718636870384216
2008-07-23,momentum,22,expanding,0.8891064524650574,0.975644052028656
2008-07-24,momentum,22,expanding,0.9936928749084473,0.9535422325134277
2008-07-25,momentum,22,expanding,0.6507648825645447,0.8270291090011597
2008-07-28,momentum,22,expanding,0.751187801361084,0.7080706357955933
2008-07-29,momentum,22,expanding,0.9275774359703064,0.9238412380218506
2008-07-30,momentum,22,expanding,0.6542956829071045,0.7185033559799194
2008-07-31,momentum,22,expanding,0.9460684657096863,0.8878076076507568
2008-08-01,momentum,22,expanding,0.9989985823631287,1.0017765760421753
2008-08-04,momentum,22,expanding,1.1536595821380615,0.9608029127120972
2008-08-05,momentum,22,expanding,1.1621063947677612,0.9305009841918945
2008-08-06,momentum,22,expanding,0.9040830731391907,1.0059608221054077
2008-08-07,momentum,22,expanding,1.0235220193862915,1.0071824789047241
2008-08-08,momentum,22,expanding,1.0667660236358643,1.1802159547805786
2008-08-11,momentum,22,expanding,1.0211207866668701,0.9401266574859619
2008-08-12,momentum,22,expanding,0.8120569586753845,0.875881552696228
2008-08-13,momentum,22,expanding,1.0847405195236206,1.0998256206512451
2008-08-14,momentum,22,expanding,0.9804105162620544,0.9990524053573608
2008-08-15,momentum,22,expanding,0.7222523093223572,0.7816970348358154
2008-08-18,momentum,22,expanding,1.1207627058029175,1.1063917875289917
2008-08-19,momentum,22,expanding,1.3125615119934082,0.9914076328277588
2008-08-20,momentum,22,expanding,1.1158077716827393,1.0449345111846924
2008-08-21,momentum,22,expanding,0.7614359259605408,0.8893003463745117
2008-08-22,momentum,22,expanding,0.9018455743789673,0.8277097940444946
2008-08-25,momentum,22,expanding,0.9735351204872131,0.8568978309631348
2008-08-26,momentum,22,expanding,0.7018088698387146,0.7909435033798218
2008-08-27,momentum,22,expanding,0.7436370849609375,0.6114639043807983
2008-08-28,momentum,22,expanding,0.6286274790763855,0.6694995164871216
2008-08-29,momentum,22,expanding,0.8951700329780579,0.8012323379516602
2008-09-01,momentum,22,expanding,0.7632983922958374,0.6706150770187378
2008-09-02,momentum,22,expanding,1.3825178146362305,1.3536938428878784
2008-09-03,momentum,22,expanding,1.1140538454055786,0.901728630065918
2008-09-04,momentum,22,expanding,1.1429619789123535,0.9559719562530518
2008-09-05,momentum,22,expanding,1.450595498085022,1.1958926916122437
2008-09-08,momentum,22,expanding,1.281309723854065,1.3588035106658936
2008-09-09,momentum,22,expanding,0.8359503746032715,1.0132648944854736
2008-09-10,momentum,22,expanding,1.4045219421386719,1.2739742994308472
2008-09-11,momentum,22,expanding,1.0278940200805664,1.106733798980713
2008-09-12,momentum,22,expanding,1.069927453994751,1.1286931037902832
2008-09-16,momentum,22,expanding,2.202989101409912,1.7370892763137817
2008-09-17,momentum,22,expanding,1.5259703397750854,1.3794978857040405
2008-09-18,momentum,22,expanding,1.7204697132110596,1.5798314809799194
2008-09-19,momentum,22,expanding,1.289001703262329,1.44119393825531
2008-09-22,momentum,22,expanding,1.5069917440414429,1.2601633071899414
2008-09-24,momentum,22,expanding,1.0445319414138794,1.2615045309066772
2008-09-25,momentum,22,expanding,1.1999160051345825,1.0669218301773071
2008-09-26,momentum,22,expanding,1.240993618965149,1.3574626445770264
2008-09-29,momentum,22,expanding,1.4062871932983398,1.5002427101135254
2008-09-30,momentum,22,expanding,2.737126111984253,1.8577262163162231
2008-10-01,momentum,22,expanding,1.2443537712097168,1.4985990524291992
2008-10-02,momentum,22,expanding,1.3548816442489624,1.645641803741455
2008-10-03,momentum,22,expanding,1.4565329551696777,1.437205195426941
2008-10-06,momentum,22,expanding,1.7759069204330444,2.463224411010742
2008-10-07,momentum,22,expanding,3.4029812812805176,2.610783100128174
2008-10-08,momentum,22,expanding,3.4503750801086426,4.306411266326904
2008-10-09,momentum,22,expanding,3.050989866256714,4.693276882171631
2008-10-10,momentum,22,expanding,5.6823015213012695,5.161722660064697
2008-10-14,momentum,22,expanding,3.8099234104156494,8.5370512008667
2008-10-15,momentum,22,expanding,2.7114086151123047,4.25918436050415
2008-10-16,momentum,22,expanding,4.302461624145508,6.633279323577881
2008-10-17,momentum,22,expanding,2.850486993789673,5.738674640655518
2008-10-20,momentum,22,expanding,2.174372911453247,3.6834330558776855
2008-10-21,momentum,22,expanding,2.171107769012451,2.2044310569763184
2008-10-22,momentum,22,expanding,2.4058496952056885,3.701831817626953
2008-10-23,momentum,22,expanding,4.092911243438721,5.6379618644714355
2008-10-24,momentum,22,expanding,3.5913593769073486,4.878586292266846
2008-10-27,momentum,22,expanding,5.318516731262207,9.23232364654541
2008-10-28,momentum,22,expanding,5.008572578430176,6.646296977996826
2008-10-29,momentum,22,expanding,4.765361309051514,5.263190746307373
2008-10-30,momentum,22,expanding,3.6736652851104736,5.184484004974365
2008-10-31,momentum,22,expanding,4.198659896850586,4.600157260894775
2008-11-04,momentum,22,expanding,2.584078311920166,4.044828414916992
2008-11-05,momentum,22,expanding,2.3868775367736816,2.402224540710449
2008-11-06,momentum,22,expanding,2.9170889854431152,3.834833860397339
2008-11-07,momentum,22,expanding,4.594893455505371,4.957589626312256
2008-11-10,momentum,22,expanding,2.880310297012329,3.188518524169922
2008-11-11,momentum,22,expanding,2.4698524475097656,2.357781410217285
2008-11-12,momentum,22,expanding,2.7478177547454834,2.3697404861450195
2008-11-13,momentum,22,expanding,3.3195180892944336,2.810140609741211
2008-11-14,momentum,22,expanding,2.974403142929077,2.5187273025512695
2008-11-17,momentum,22,expanding,3.2910516262054443,3.367558002471924
2008-11-18,momentum,22,expanding,2.2085554599761963,2.2239933013916016
2008-11-19,momentum,22,expanding,2.008335828781128,2.3255584239959717
2008-11-20,momentum,22,expanding,2.5763890743255615,2.693175792694092
2008-11-21,momentum,22,expanding,3.4779298305511475,5.365780830383301
2008-11-25,momentum,22,expanding,3.3344497680664062,2.8042333126068115
2008-11-26,momentum,22,expanding,2.06377911567688,2.129934549331665
2008-11-27,momentum,22,expanding,1.8840155601501465,1.9586557149887085
2008-11-28,momentum,22,expanding,1.4546449184417725,1.8198028802871704
2008-12-01,momentum,22,expanding,1.7256993055343628,1.4674654006958008
2008-12-02,momentum,22,expanding,2.802569627761841,2.724595546722412
2008-12-03,momentum,22,expanding,1.8094791173934937,1.6658984422683716
2008-12-04,momentum,22,expanding,1.8141510486602783,1.9123390913009644
2008-12-05,momentum,22,expanding,1.538521647453308,1.772760272026062
2008-12-08,momentum,22,expanding,2.1540541648864746,2.2456324100494385
2008-12-09,momentum,22,expanding,1.8041189908981323,1.7221958637237549
2008-12-10,momentum,22,expanding,1.8551170825958252,1.955751657485962
2008-12-11,momentum,22,expanding,1.6527811288833618,1.9237656593322754
2008-12-12,momentum,22,expanding,3.648413896560669,2.6114625930786133
2008-12-15,momentum,22,expanding,2.055903196334839,2.5750391483306885
2008-12-16,momentum,22,expanding,1.7230002880096436,1.9699138402938843
2008-12-17,momentum,22,expanding,2.0847275257110596,2.069962501525879
2008-12-18,momentum,22,expanding,1.7289695739746094,1.8039594888687134
2008-12-19,momentum,22,expanding,1.9618268013000488,1.596173644065857
2008-12-22,momentum,22,expanding,1.6057792901992798,1.7966631650924683
2008-12-24,momentum,22,expanding,1.0738857984542847,1.6416155099868774
2008-12-25,momentum,22,expanding,0.7602034211158752,1.2867308855056763
2008-12-26,momentum,22,expanding,0.8490197062492371,1.2300411462783813
2008-12-29,momentum,22,expanding,0.7873731851577759,1.1325346231460571
2008-12-30,momentum,22,expanding,0.8429020643234253,1.221187710762024
2009-01-05,momentum,22,expanding,1.2961918115615845,1.0611189603805542
2009-01-06,momentum,22,expanding,1.172443151473999,1.0289944410324097
2009-01-07,momentum,22,expanding,1.2760441303253174,1.534229040145874
2009-01-08,momentum,22,expanding,1.5989891290664673,1.5916097164154053
2009-01-09,momentum,22,expanding,1.5512140989303589,1.491615653038025
2009-01-13,momentum,22,expanding,1.8934694528579712,2.042654514312744
2009-01-14,momentum,22,expanding,1.342504620552063,1.6157034635543823
2009-01-15,momentum,22,expanding,2.0326945781707764,2.0236294269561768
2009-01-16,momentum,22,expanding,1.4396902322769165,1.7509653568267822
2009-01-19,momentum,22,expanding,1.443437933921814,1.4509974718093872
2009-01-20,momentum,22,expanding,1.6959973573684692,1.8011972904205322
2009-01-21,momentum,22,expanding,2.0150609016418457,1.7404650449752808
2009-01-22,momentum,22,expanding,1.5885210037231445,1.7933603525161743
2009-01-23,momentum,22,expanding,1.5493271350860596,1.657682180404663
2009-01-26,momentum,22,expanding,1.51520574092865,1.5233646631240845
2009-01-27,momentum,22,expanding,1.8574178218841553,2.073054790496826
2009-01-28,momentum,22,expanding,2.1188583374023438,1.7667101621627808
2009-01-29,momentum,22,expanding,1.7174795866012573,1.6142921447753906
2009-01-30,momentum,22,expanding,1.5122191905975342,1.650993824005127
2009-02-02,momentum,22,expanding,1.7268993854522705,1.6034908294677734
2009-02-03,momentum,22,expanding,2.296583890914917,1.812241792678833
2009-02-04,momentum,22,expanding,1.5387024879455566,1.6755815744400024
2009-02-05,momentum,22,expanding,1.5912870168685913,1.7308684587478638
2009-02-06,momentum,22,expanding,1.676309585571289,1.3503226041793823
2009-02-09,momentum,22,expanding,1.5765513181686401,1.876054048538208
2009-02-10,momentum,22,expanding,1.9428794384002686,1.7309128046035767
2009-02-12,momentum,22,expanding,1.6160334348678589,1.543353796005249
2009-02-13,momentum,22,expanding,1.5890151262283325,1.6293071508407593
2009-02-16,momentum,22,expanding,1.1611589193344116,1.269135594367981
2009-02-17,momentum,22,expanding,1.0789363384246826,1.225036859512329
2009-02-18,momentum,22,expanding,1.115641713142395,1.1923335790634155
2009-02-19,momentum,22,expanding,1.0441029071807861,1.17547607421875
2009-02-20,momentum,22,expanding,1.23749577999115,1.4523091316223145
2009-02-23,momentum,22,expanding,1.9150303602218628,1.5850329399108887
2009-02-24,momentum,22,expanding,1.7093127965927124,1.5335516929626465
2009-02-25,momentum,22,expanding,1.7071654796600342,1.5383431911468506
2009-02-26,momentum,22,expanding,1.5436980724334717,1.452580451965332
2009-02-27,momentum,22,expanding,1.5983824729919434,1.4614462852478027
2009-03-02,momentum,22,expanding,1.7572065591812134,1.6021991968154907
2009-03-03,momentum,22,expanding,1.602087378501892,1.828866720199585
2009-03-04,momentum,22,expanding,1.5073039531707764,1.783511757850647
2009-03-05,momentum,22,expanding,1.5417338609695435,1.7436492443084717
2009-03-06,momentum,22,expanding,2.006683588027954,1.476191520690918
2009-03-09,momentum,22,expanding,1.8138407468795776,1.7918798923492432
2009-03-10,momentum,22,expanding,1.414237380027771,1.438122272491455
2009-03-11,momentum,22,expanding,1.7948499917984009,1.622904658317566
2009-03-12,momentum,22,expanding,1.2807425260543823,1.5046873092651367
2009-03-13,momentum,22,expanding,1.8901838064193726,1.7413703203201294
2009-03-16,momentum,22,expanding,1.1957861185073853,1.4832254648208618
2009-03-17,momentum,22,expanding,1.2577030658721924,1.8604679107666016
2009-03-18,momentum,22,expanding,1.608241319656372,1.2876261472702026
2009-03-19,momentum,22,expanding,1.1213359832763672,1.222563624382019
2009-03-23,momentum,22,expanding,1.7457314729690552,1.5048222541809082
2009-03-24,momentum,22,expanding,1.6521703004837036,1.6609262228012085
2009-03-25,momentum,22,expanding,1.3605380058288574,1.6217825412750244
2009-03-26,momentum,22,expanding,1.4826072454452515,1.6415560245513916
2009-03-27,momentum,22,expanding,1.8187874555587769,1.5709755420684814
2009-03-30,momentum,22,expanding,1.9252088069915771,1.8912701606750488
2009-03-31,momentum,22,expanding,2.1894783973693848,1.8984659910202026
2009-04-01,momentum,22,expanding,1.9490299224853516,1.9401066303253174
2009-04-02,momentum,22,expanding,1.6591790914535522,2.2102303504943848
2009-04-03,momentum,22,expanding,1.7359530925750732,1.8615280389785767
2009-04-06,momentum,22,expanding,1.7490761280059814,1.6176072359085083
2009-04-07,momentum,22,expanding,1.346916675567627,1.378339409828186
2009-04-08,momentum,22,expanding,1.4092592000961304,1.441001296043396
2009-04-09,momentum,22,expanding,1.5735135078430176,1.5998855829238892
2009-04-10,momentum,22,expanding,1.2686342000961304,1.5670303106307983
2009-04-13,momentum,22,expanding,1.424201488494873,1.1563154458999634
2009-04-14,momentum,22,expanding,1.7647550106048584,1.453593373298645
2009-04-15,momentum,22,expanding,1.3903584480285645,1.371315598487854
2009-04-16,momentum,22,expanding,2.0027952194213867,1.4473057985305786
2009-04-17,momentum,22,expanding,1.4925804138183594,1.5440925359725952
2009-04-20,momentum,22,expanding,1.2095696926116943,1.2110519409179688
2009-04-21,momentum,22,expanding,1.4736764430999756,1.2567336559295654
2009-04-22,momentum,22,expanding,1.1359831094741821,1.1109915971755981
2009-04-23,momentum,22,expanding,1.2378408908843994,1.2779823541641235
2009-04-24,momentum,22,expanding,1.4418177604675293,1.1479687690734863
2009-04-27,momentum,22,expanding,1.5101802349090576,1.2766191959381104
2009-04-28,momentum,22,expanding,1.6652885675430298,1.4447457790374756
2009-04-30,momentum,22,expanding,1.536219596862793,1.6506991386413574
2009-05-01,momentum,22,expanding,1.4797052145004272,1.4859192371368408
2009-05-07,momentum,22,expanding,1.824790596961975,1.767818808555603
2009-05-08,momentum,22,expanding,1.0258960723876953,1.3339316844940186
2009-05-11,momentum,22,expanding,1.2558867931365967,1.046774983406067
2009-05-12,momentum,22,expanding,1.0205217599868774,1.0091662406921387
2009-05-13,momentum,22,expanding,0.9673244953155518,0.9413368701934814
2009-05-14,momentum,22,expanding,1.206011176109314,1.141068458557129
2009-05-15,momentum,22,expanding,0.8059104084968567,1.0217478275299072
2009-05-18,momentum,22,expanding,1.138628363609314,0.9984890222549438
2009-05-19,momentum,22,expanding,1.3705929517745972,0.9769138097763062
2009-05-20,momentum,22,expanding,0.6902753710746765,0.8693998456001282
2009-05-21,momentum,22,expanding,0.770154595375061,0.9508084654808044
2009-05-22,momentum,22,expanding,0.8793908953666687,1.0717756748199463
2009-05-25,momentum,22,expanding,1.3176771402359009,0.9602138996124268
2009-05-26,momentum,22,expanding,1.0382779836654663,1.0016577243804932
2009-05-27,momentum,22,expanding,0.7048546671867371,0.7728328704833984
2009-05-28,momentum,22,expanding,0.935078501701355,0.925039529800415
2009-05-29,momentum,22,expanding,0.8271417617797852,0.8188086152076721
2009-06-01,momentum,22,expanding,1.166956901550293,1.022744059562683
2009-06-02,momentum,22,expanding,0.788588285446167,0.9056880474090576
2009-06-03,momentum,22,expanding,0.7024753093719482,0.8333868384361267
2009-06-04,momentum,22,expanding,0.6994912624359131,0.7699407339096069
2009-06-05,momentum,22,expanding,0.5347644686698914,0.7128709554672241
2009-06-08,momentum,22,expanding,0.7499352693557739,0.7623825073242188
2009-06-09,momentum,22,expanding,0.8636664748191833,0.7828238606452942
2009-06-10,momentum,22,expanding,0.7124314904212952,1.0328112840652466
2009-06-11,momentum,22,expanding,0.6494805812835693,0.7130467295646667
2009-06-12,momentum,22,expanding,0.7506799697875977,0.8786181211471558
2009-06-15,momentum,22,expanding,0.6944628357887268,0.7451915144920349
2009-06-16,momentum,22,expanding,0.9400812387466431,1.0642952919006348
2009-06-17,momentum,22,expanding,1.0355567932128906,0.9682043194770813
2009-06-18,momentum,22,expanding,0.8604346513748169,0.8903101682662964
2009-06-19,momentum,22,expanding,0.9910659193992615,0.8498141765594482
2009-06-22,momentum,22,expanding,0.8703385591506958,0.8742010593414307
2009-06-23,momentum,22,expanding,1.1709284782409668,1.1432017087936401
2009-06-24,momentum,22,expanding,0.8788145184516907,0.853840708732605
2009-06-25,momentum,22,expanding,1.1259474754333496,1.233786702156067
2009-06-26,momentum,22,expanding,0.7684205174446106,0.8577237129211426
2009-06-29,momentum,22,expanding,0.99480140209198,0.9654395580291748
2009-06-30,momentum,22,expanding,0.8236498236656189,0.8639646768569946
2007-08-01,extended,22,expanding,0.8801034092903137,1.385717749595642
2007-08-02,extended,22,expanding,1.4408923387527466,1.2478265762329102
2007-08-03,extended,22,expanding,1.0649017095565796,1.1146924495697021
2007-08-06,extended,22,expanding,0.9231945276260376,1.1790534257888794
2007-08-07,extended,22,expanding,0.7631564140319824,1.135318398475647
2007-08-08,extended,22,expanding,0.7670763731002808,1.1056253910064697
2007-08-09,extended,22,expanding,0.7291420698165894,1.0992530584335327
2007-08-10,extended,22,expanding,1.1996055841445923,1.1139674186706543
2007-08-13,extended,22,expanding,0.9357482194900513,1.1389960050582886
2007-08-14,extended,22,expanding,0.6011655330657959,0.9639809131622314
2007-08-15,extended,22,expanding,0.8692643046379089,1.1674284934997559
2007-08-16,extended,22,expanding,1.7035084962844849,1.6434004306793213
2007-08-17,extended,22,expanding,1.8911664485931396,2.063627004623413
2007-08-20,extended,22,expanding,1.8842936754226685,1.6673259735107422
2007-08-21,extended,22,expanding,1.2399240732192993,1.385068655014038
2007-08-22,extended,22,expanding,0.9290414452552795,1.1128689050674438
2007-08-23,extended,22,expanding,1.2037962675094604,1.2973283529281616
2007-08-24,extended,22,expanding,0.7590282559394836,1.176074743270874
2007-08-27,extended,22,expanding,0.7493132948875427,1.1426118612289429
2007-08-28,extended,22,expanding,0.6436693072319031,1.0659091472625732
2007-08-29,extended,22,expanding,1.3607226610183716,1.0826025009155273
2007-08-30,extended,22,expanding,0.8844780921936035,0.966488242149353
2007-08-31,extended,22,expanding,0.7659229636192322,0.9508697986602783
2007-09-03,extended,22,expanding,0.7356173992156982,0.8345264196395874
2007-09-04,extended,22,expanding,0.6469597220420837,0.7387842535972595
2007-09-05,extended,22,expanding,0.8222039341926575,1.1711457967758179
2007-09-06,extended,22,expanding,1.2827790975570679,1.111426591873169
2007-09-07,extended,22,expanding,0.9483893513679504,0.998380720615387
2007-09-10,extended,22,expanding,1.398300290107727,0.9281608462333679
2007-09-11,extended,22,expanding,1.0835040807724,1.1140906810760498
2007-09-12,extended,22,expanding,1.3109461069107056,1.0204012393951416
2007-09-13,extended,22,expanding,0.8154877424240112,0.9698559641838074
2007-09-14,extended,22,expanding,0.8287267684936523,0.9344351887702942
2007-09-18,extended,22,expanding,0.8804545998573303,0.8325639367103577
2007-09-19,extended,22,expanding,1.3267687559127808,1.0242772102355957
2007-09-20,extended,22,expanding,0.6548280715942383,1.0478448867797852
2007-09-21,extended,22,expanding,0.6481353640556335,0.6825201511383057
2007-09-25,extended,22,expanding,0.7388923764228821,0.8626829981803894
2007-09-26,extended,22,expanding,0.6000896096229553,0.7415698766708374
2007-09-27,extended,22,expanding,0.7981364727020264,0.9056565165519714
2007-09-28,extended,22,expanding,0.6237387657165527,0.9472945332527161
2007-10-01,extended,22,expanding,0.8118752837181091,0.9262151718139648
2007-10-02,extended,22,expanding,0.5797592997550964,1.0250427722930908
2007-10-03,extended,22,expanding,0.6384781002998352,1.011927843093872
2007-10-04,extended,22,expanding,0.7074500918388367,0.8532699942588806
2007-10-05,extended,22,expanding,0.5344448089599609,0.8231454491615295
2007-10-09,extended,22,expanding,0.5654230117797852,0.8322939276695251
2007-10-10,extended,22,expanding,0.49269378185272217,0.7794907093048096
2007-10-11,extended,22,expanding,1.0300626754760742,1.0772391557693481
2007-10-12,extended,22,expanding,0.6092255115509033,0.8313385844230652
2007-10-15,extended,22,expanding,0.6228350400924683,0.7758275866508484
2007-10-16,extended,22,expanding,0.7858033776283264,1.0208666324615479
2007-10-17,extended,22,expanding,1.2261579036712646,1.1782630681991577
2007-10-18,extended,22,expanding,0.8484251499176025,1.0631134510040283
2007-10-19,extended,22,expanding,0.9328718781471252,0.9832831025123596
2007-10-22,extended,22,expanding,1.5827134847640991,1.3074837923049927
2007-10-23,extended,22,expanding,0.7190690040588379,1.0324774980545044
2007-10-24,extended,22,expanding,0.891733705997467,1.1443549394607544
2007-10-25,extended,22,expanding,0.9904996752738953,1.1054966449737549
2007-10-26,extended,22,expanding,0.7622867226600647,0.9455624222755432
2007-10-29,extended,22,expanding,0.7540098428726196,0.8582298755645752
2007-10-30,extended,22,expanding,0.7734534740447998,0.7404045462608337
2007-10-31,extended,22,expanding,0.7115206718444824,0.8226360082626343
2007-11-01,extended,22,expanding,0.6431612968444824,0.7348029017448425
2007-11-02,extended,22,expanding,0.9652031660079956,0.7521965503692627
2007-11-05,extended,22,expanding,0.8487825393676758,0.8242150545120239
2007-11-06,extended,22,expanding,0.8697402477264404,0.7335351705551147
2007-11-07,extended,22,expanding,0.7652643322944641,0.8766559362411499
2007-11-08,extended,22,expanding,1.095595359802246,0.8753358125686646
2007-11-09,extended,22,expanding,1.242006540298462,1.0040478706359863
2007-11-12,extended,22,expanding,1.4491807222366333,1.236288070678711
2007-11-13,extended,22,expanding,1.3986117839813232,0.8241233229637146
2007-11-14,extended,22,expanding,0.8325673341751099,0.9071120023727417
2007-11-15,extended,22,expanding,0.7714589238166809,0.9510421752929688
2007-11-16,extended,22,expanding,1.2273935079574585,0.7541637420654297
2007-11-19,extended,22,expanding,0.9978827834129333,0.94915771484375
2007-11-20,extended,22,expanding,1.3794039487838745,1.186905860900879
2007-11-21,extended,22,expanding,1.3258076906204224,1.016683578491211
2007-11-22,extended,22,expanding,1.4661253690719604,0.9686874151229858
2007-11-26,extended,22,expanding,1.1383274793624878,0.9343526363372803
2007-11-27,extended,22,expanding,2.4639010429382324,1.543627142906189
2007-11-28,extended,22,expanding,1.077734351158142,1.2662659883499146
2007-11-29,extended,22,expanding,1.103196144104004,1.184393286705017
2007-11-30,extended,22,expanding,0.7760715484619141,1.1519664525985718
2007-12-03,extended,22,expanding,1.1192423105239868,1.0727880001068115
2007-12-04,extended,22,expanding,0.8677148818969727,1.005574345588684
2007-12-05,extended,22,expanding,0.8952150940895081,0.9805360436439514
2007-12-06,extended,22,expanding,0.7495636940002441,1.0106042623519897
2007-12-07,extended,22,expanding,0.8601647615432739,0.9786050915718079
2007-12-10,extended,22,expanding,0.8798873424530029,0.8353630304336548
2007-12-11,extended,22,expanding,0.7118763327598572,0.8928138017654419
2007-12-12,extended,22,expanding,1.0003160238265991,0.8740896582603455
2007-12-13,extended,22,expanding,0.8954540491104126,1.0778623819351196
2007-12-14,extended,22,expanding,1.491430640220642,0.9583500623703003
2007-12-17,extended,22,expanding,1.0335650444030762,1.0559711456298828
2007-12-18,extended,22,expanding,1.348418116569519,1.044013261795044
2007-12-19,extended,22,expanding,0.8350462317466736,0.9960050582885742
2007-12-20,extended,22,expanding,0.7183212637901306,0.817995548248291
2007-12-21,extended,22,expanding,1.1984009742736816,0.9404107928276062
2007-12-25,extended,22,expanding,0.8315531015396118,0.9416062235832214
2007-12-26,extended,22,expanding,0.4027528166770935,0.8342516422271729
2007-12-27,extended,22,expanding,0.5141691565513611,0.7573136687278748
2007-12-28,extended,22,expanding,0.6100838780403137,0.7547566890716553
2008-01-04,extended,22,expanding,1.681400179862976,1.6257542371749878
2008-01-07,extended,22,expanding,1.1760687828063965,0.771409809589386
2008-01-08,extended,22,expanding,1.2171863317489624,1.0089001655578613
2008-01-09,extended,22,expanding,1.288366675376892,1.3033685684204102
2008-01-10,extended,22,expanding,0.8183584213256836,1.177446961402893
2008-01-11,extended,22,expanding,1.3772194385528564,1.1647610664367676
2008-01-15,extended,22,expanding,1.215465784072876,1.1934897899627686
2008-01-16,extended,22,expanding,1.8376911878585815,1.2156121730804443
2008-01-17,extended,22,expanding,1.676954746246338,1.3405882120132446
2008-01-18,extended,22,expanding,2.098295211791992,1.583734154701233
2008-01-21,extended,22,expanding,1.8114805221557617,1.286893606185913
2008-01-22,extended,22,expanding,2.846118927001953,1.5293817520141602
2008-01-23,extended,22,expanding,2.642878770828247,1.7109204530715942
2008-01-24,extended,22,expanding,1.7051750421524048,1.3176852464675903
2008-01-25,extended,22,expanding,1.2824519872665405,1.5065128803253174
2008-01-28,extended,22,expanding,1.1922202110290527,1.3198108673095703
2008-01-29,extended,22,expanding,1.69878351688385,1.1605974435806274
2008-01-30,extended,22,expanding,1.4701989889144897,1.4085997343063354
2008-01-31,extended,22,expanding,1.6594957113265991,1.5080171823501587
2008-02-01,extended,22,expanding,1.4009969234466553,1.4783991575241089
2008-02-04,extended,22,expanding,1.2741901874542236,1.405813217163086
2008-02-05,extended,22,expanding,0.9721879363059998,1.171234130859375
2008-02-06,extended,22,expanding,1.716776967048645,1.6189334392547607
2008-02-07,extended,22,expanding,1.292653203010559,1.034158706665039
2008-02-08,extended,22,expanding,1.419315218925476,1.3469396829605103
2008-02-12,extended,22,expanding,1.1911091804504395,1.1600987911224365
2008-02-13,extended,22,expanding,1.1491308212280273,1.2208789587020874
2008-02-14,extended,22,expanding,1.3668794631958008,1.4589816331863403
2008-02-15,extended,22,expanding,1.287664771080017,1.381264090538025
2008-02-18,extended,22,expanding,1.3829021453857422,1.1778963804244995
2008-02-19,extended,22,expanding,1.028856635093689,1.1989132165908813
2008-02-20,extended,22,expanding,1.234886884689331,1.4462052583694458
2008-02-21,extended,22,expanding,1.3892695903778076,1.236151099205017
2008-02-22,extended,22,expanding,1.345780611038208,0.9940296411514282
2008-02-25,extended,22,expanding,1.2751386165618896,1.2599948644638062
2008-02-26,extended,22,expanding,0.956434428691864,1.2413138151168823
2008-02-27,extended,22,expanding,1.2039660215377808,1.1607481241226196
2008-02-28,extended,22,expanding,0.9943598508834839,1.236209750175476
2008-02-29,extended,22,expanding,1.1301521062850952,1.2615925073623657
2008-03-03,extended,22,expanding,1.7108192443847656,1.532018780708313
2008-03-04,extended,22,expanding,1.4820001125335693,1.2852002382278442
2008-03-05,extended,22,expanding,1.1221272945404053,1.3379216194152832
2008-03-06,extended,22,expanding,1.0432024002075195,1.3595675230026245
2008-03-07,extended,22,expanding,1.654557228088379,1.3738731145858765
2008-03-10,extended,22,expanding,1.3408215045928955,1.256435751914978
2008-03-11,extended,22,expanding,1.3021135330200195,1.4850994348526
2008-03-12,extended,22,expanding,1.715775728225708,1.5226894617080688
2008-03-13,extended,22,expanding,1.625146508216858,1.7632339000701904
2008-03-14,extended,22,expanding,1.6146069765090942,1.7413984537124634
2008-03-17,extended,22,expanding,2.0016939640045166,1.8425523042678833
2008-03-18,extended,22,expanding,1.9999819993972778,1.5917977094650269
2008-03-19,extended,22,expanding,2.039670944213867,1.644500494003296
2008-03-21,extended,22,expanding,0.8904940485954285,1.4510301351547241
2008-03-24,extended,22,expanding,1.023410677909851,1.3363826274871826
2008-03-25,extended,22,expanding,0.9059974551200867,1.3955987691879272
2008-03-26,extended,22,expanding,0.9275095462799072,1.2436448335647583
2008-03-27,extended,22,expanding,1.083125352859497,1.2557026147842407
2008-03-28,extended,22,expanding,1.3782159090042114,1.3157426118850708
2008-03-31,extended,22,expanding,1.3233588933944702,1.1999597549438477
2008-04-01,extended,22,expanding,1.2880524396896362,1.2400476932525635
2008-04-02,extended,22,expanding,1.6212589740753174,1.5176936388015747
2008-04-03,extended,22,expanding,1.0128378868103027,1.2800991535186768
2008-04-04,extended,22,expanding,0.9192271828651428,1.1517484188079834
2008-04-07,extended,22,expanding,1.0134681463241577,1.2190172672271729
2008-04-08,extended,22,expanding,0.7980574369430542,1.1000083684921265
2008-04-09,extended,22,expanding,1.1313484907150269,1.3626853227615356
2008-04-10,extended,22,expanding,1.103286623954773,0.9114313721656799
2008-04-11,extended,22,expanding,1.056941270828247,1.2406567335128784
2008-04-14,extended,22,expanding,1.499574065208435,1.1595735549926758
2008-04-15,extended,22,expanding,0.9028158783912659,0.9779061079025269
2008-04-16,extended,22,expanding,0.7043830752372742,0.94655841588974
2008-04-17,extended,22,expanding,0.9689755439758301,1.1729880571365356
2008-04-18,extended,22,expanding,0.8219587206840515,1.0849010944366455
2008-04-21,extended,22,expanding,0.9954468607902527,1.0203977823257446
2008-04-22,extended,22,expanding,0.7392888069152832,1.0370315313339233
2008-04-23,extended,22,expanding,1.0151398181915283,1.1175814867019653
2008-04-24,extended,22,expanding,0.9876940846443176,1.050136923789978
2008-04-25,extended,22,expanding,1.115081548690796,1.3445357084274292
2008-04-28,extended,22,expanding,0.9894523024559021,1.4197455644607544
2008-04-30,extended,22,expanding,0.9281806349754333,1.409169316291809
2008-05-01,extended,22,expanding,1.0319159030914307,1.1385657787322998
2008-05-02,extended,22,expanding,0.8584467768669128,1.1990288496017456
2008-05-07,extended,22,expanding,0.8593607544898987,1.3366632461547852
2008-05-08,extended,22,expanding,0.7566444873809814,1.1914480924606323
2008-05-09,extended,22,expanding,0.9570968151092529,1.2699898481369019
2008-05-12,extended,22,expanding,0.7999458312988281,1.404091238975525
2008-05-13,extended,22,expanding,1.0803016424179077,1.3136115074157715
2008-05-14,extended,22,expanding,1.0343905687332153,1.320966362953186
2008-05-15,extended,22,expanding,0.8929005265235901,1.1969810724258423
2008-05-16,extended,22,expanding,1.0157290697097778,1.2576550245285034
2008-05-19,extended,22,expanding,0.8096848726272583,1.0518406629562378
2008-05-20,extended,22,expanding,0.9451929330825806,1.1648346185684204
2008-05-21,extended,22,expanding,0.8570037484169006,1.2792274951934814
2008-05-22,extended,22,expanding,1.0711634159088135,1.4889370203018188
2008-05-23,extended,22,expanding,1.1137313842773438,1.1697651147842407
2008-05-26,extended,22,expanding,0.9022702574729919,1.133419394493103
2008-05-27,extended,22,expanding,0.9045499563217163,1.238752007484436
2008-05-28,extended,22,expanding,1.1286660432815552,1.2366572618484497
2008-05-29,extended,22,expanding,1.1789294481277466,1.280542016029358
2008-05-30,extended,22,expanding,0.9957632422447205,1.1647295951843262
2008-06-02,extended,22,expanding,1.5123594999313354,1.1642591953277588
2008-06-03,extended,22,expanding,1.157138705253601,0.9830976128578186
2008-06-04,extended,22,expanding,0.8997945785522461,1.0618846416473389
2008-06-05,extended,22,expanding,0.9108967781066895,1.0402647256851196
2008-06-06,extended,22,expanding,0.6596254110336304,1.0006976127624512
2008-06-09,extended,22,expanding,1.30278480052948,0.9133053421974182
2008-06-10,extended,22,expanding,0.9825507998466492,1.236629605293274
2008-06-11,extended,22,expanding,0.9978134632110596,1.0345529317855835
2008-06-12,extended,22,expanding,1.1354690790176392,0.9866346716880798
2008-06-13,extended,22,expanding,1.1201207637786865,1.1733777523040771
2008-06-16,extended,22,expanding,1.1563851833343506,1.1058478355407715
2008-06-17,extended,22,expanding,0.8463807702064514,0.9003171920776367
2008-06-18,extended,22,expanding,0.772502064704895,0.8930326104164124
2008-06-19,extended,22,expanding,0.8628131747245789,1.070218563079834
2008-06-20,extended,22,expanding,1.1801904439926147,1.0884478092193604
2008-06-23,extended,22,expanding,1.0864068269729614,1.1826164722442627
2008-06-24,extended,22,expanding,0.866741418838501,0.8013555407524109
2008-06-25,extended,22,expanding,1.034891128540039,0.9190420508384705
2008-06-26,extended,22,expanding,0.9888497591018677,1.0641582012176514
2008-06-27,extended,22,expanding,1.325621485710144,1.005519151687622
2008-06-30,extended,22,expanding,0.7973036766052246,0.9095719456672668
2008-07-01,extended,22,expanding,0.9060192108154297,0.8356214165687561
2008-07-02,extended,22,expanding,1.0970969200134277,1.1392052173614502
2008-07-03,extended,22,expanding,1.1355860233306885,1.1045925617218018
2008-07-04,extended,22,expanding,0.8704679608345032,0.9887295365333557
2008-07-07,extended,22,expanding,0.8823880553245544,1.0363624095916748
2008-07-08,extended,22,expanding,1.084536075592041,1.1643834114074707
2008-07-09,extended,22,expanding,1.0767749547958374,1.1644752025604248
2008-07-10,extended,22,expanding,1.2258282899856567,1.146648645401001
2008-07-11,extended,22,expanding,1.5754011869430542,1.1201286315917969
2008-07-14,extended,22,expanding,1.3783153295516968,1.103602409362793
2008-07-15,extended,22,expanding,1.160770297050476,1.1170392036437988
2008-07-16,extended,22,expanding,1.0245420932769775,0.9688733220100403
2008-07-17,extended,22,expanding,0.684648334980011,0.9932577013969421
2008-07-18,extended,22,expanding,0.8515759110450745,1.1834948062896729
2008-07-22,extended,22,expanding,0.8731128573417664,1.174837350845337
2008-07-23,extended,22,expanding,0.8891064524650574,1.0188255310058594
2008-07-24,extended,22,expanding,0.9936928749084473,1.025833010673523
2008-07-25,extended,22,expanding,0.6507648825645447,0.8643350005149841
2008-07-28,extended,22,expanding,0.751187801361084,0.7830032706260681
2008-07-29,extended,22,expanding,0.9275774359703064,0.8315008878707886
2008-07-30,extended,22,expanding,0.6542956829071045,0.8704449534416199
2008-07-31,extended,22,expanding,0.9460684657096863,0.8497689962387085
2008-08-01,extended,22,expanding,0.9989985823631287,0.9632402658462524
2008-08-04,extended,22,expanding,1.1536595821380615,0.9918094873428345
2008-08-05,extended,22,expanding,1.1621063947677612,0.9369820952415466
2008-08-06,extended,22,expanding,0.9040830731391907,1.0950218439102173
2008-08-07,extended,22,expanding,1.0235220193862915,1.0697144269943237
2008-08-08,extended,22,expanding,1.0667660236358643,1.1698617935180664
2008-08-11,extended,22,expanding,1.0211207866668701,1.1143919229507446
2008-08-12,extended,22,expanding,0.8120569586753845,0.9374905228614807
2008-08-13,extended,22,expanding,1.0847405195236206,1.001766562461853
2008-08-14,extended,22,expanding,0.9804105162620544,0.9427026510238647
2008-08-15,extended,22,expanding,0.7222523093223572,0.8016889095306396
2008-08-18,extended,22,expanding,1.1207627058029175,1.0397204160690308
2008-08-19,extended,22,expanding,1.3125615119934082,0.9270223379135132
2008-08-20,extended,22,expanding,1.1158077716827393,0.99358069896698
2008-08-21,extended,22,expanding,0.7614359259605408,1.1061999797821045
2008-08-22,extended,22,expanding,0.9018455743789673,0.9660016894340515
2008-08-25,extended,22,expanding,0.9735351204872131,0.9043599963188171
2008-08-26,extended,22,expanding,0.7018088698387146,0.8562756776809692
2008-08-27,extended,22,expanding,0.7436370849609375,0.7306023836135864
2008-08-28,extended,22,expanding,0.6286274790763855,0.7716812491416931
2008-08-29,extended,22,expanding,0.8951700329780579,0.7848544120788574
2008-09-01,extended,22,expanding,0.7632983922958374,0.7041209936141968
2008-09-02,extended,22,expanding,1.3825178146362305,1.5268079042434692
2008-09-03,extended,22,expanding,1.1140538454055786,0.8343124985694885
2008-09-04,extended,22,expanding,1.1429619789123535,0.9505290985107422
2008-09-05,extended,22,expanding,1.450595498085022,1.2485421895980835
2008-09-08,extended,22,expanding,1.281309723854065,1.1944961547851562
2008-09-09,extended,22,expanding,0.8359503746032715,1.1809523105621338
2008-09-10,extended,22,expanding,1.4045219421386719,1.2742174863815308
2008-09-11,extended,22,expanding,1.0278940200805664,1.1725242137908936
2008-09-12,extended,22,expanding,1.069927453994751,1.144200325012207
2008-09-16,extended,22,expanding,2.202989101409912,2.2200100421905518
2008-09-17,extended,22,expanding,1.5259703397750854,1.5284944772720337
2008-09-18,extended,22,expanding,1.7204697132110596,2.056854009628296
2008-09-19,extended,22,expanding,1.289001703262329,1.9365485906600952
2008-09-22,extended,22,expanding,1.5069917440414429,1.6251939535140991
2008-09-24,extended,22,expanding,1.0445319414138794,1.4358255863189697
2008-09-25,extended,22,expanding,1.1999160051345825,1.2592307329177856
2008-09-26,extended,22,expanding,1.240993618965149,1.3633995056152344
2008-09-29,extended,22,expanding,1.4062871932983398,1.827507495880127
2008-09-30,extended,22,expanding,2.737126111984253,2.311187505722046
2008-10-01,extended,22,expanding,1.2443537712097168,1.6930768489837646
2008-10-02,extended,22,expanding,1.3548816442489624,2.0054774284362793
2008-10-03,extended,22,expanding,1.4565329551696777,1.5570487976074219
2008-10-06,extended,22,expanding,1.7759069204330444,2.945596694946289
2008-10-07,extended,22,expanding,3.4029812812805176,2.7098312377929688
2008-10-08,extended,22,expanding,3.4503750801086426,5.634993076324463
2008-10-09,extended,22,expanding,3.050989866256714,4.5832743644714355
2008-10-10,extended,22,expanding,5.6823015213012695,7.648734092712402
2008-10-14,extended,22,expanding,3.8099234104156494,9.125893592834473
2008-10-15,extended,22,expanding,2.7114086151123047,4.741428375244141
2008-10-16,extended,22,expanding,4.302461624145508,7.564769268035889
2008-10-17,extended,22,expanding,2.850486993789673,4.873265743255615
2008-10-20,extended,22,expanding,2.174372911453247,4.109617710113525
2008-10-21,extended,22,expanding,2.171107769012451,2.4030234813690186
2008-10-22,extended,22,expanding,2.4058496952056885,4.893817901611328
2008-10-23,extended,22,expanding,4.092911243438721,4.006922721862793
2008-10-24,extended,22,expanding,3.5913593769073486,5.337644577026367
2008-10-27,extended,22,expanding,5.318516731262207,6.889137268066406
2008-10-28,extended,22,expanding,5.008572578430176,5.909025192260742
2008-10-29,extended,22,expanding,4.765361309051514,4.964657306671143
2008-10-30,extended,22,expanding,3.6736652851104736,5.59527587890625
2008-10-31,extended,22,expanding,4.198659896850586,4.4598283767700195
2008-11-04,extended,22,expanding,2.584078311920166,3.555126905441284
2008-11-05,extended,22,expanding,2.3868775367736816,3.2012312412261963
2008-11-06,extended,22,expanding,2.9170889854431152,3.9813392162323
2008-11-07,extended,22,expanding,4.594893455505371,4.695481300354004
2008-11-10,extended,22,expanding,2.880310297012329,3.2804436683654785
2008-11-11,extended,22,expanding,2.4698524475097656,2.8481881618499756
2008-11-12,extended,22,expanding,2.7478177547454834,2.3763515949249268
2008-11-13,extended,22,expanding,3.3195180892944336,3.240121364593506
2008-11-14,extended,22,expanding,2.974403142929077,2.836472272872925
2008-11-17,extended,22,expanding,3.2910516262054443,3.686635971069336
2008-11-18,extended,22,expanding,2.2085554599761963,1.9932812452316284
2008-11-19,extended,22,expanding,2.008335828781128,2.4067721366882324
2008-11-20,extended,22,expanding,2.5763890743255615,3.0485472679138184
2008-11-21,extended,22,expanding,3.4779298305511475,3.7209134101867676
2008-11-25,extended,22,expanding,3.3344497680664062,2.717435359954834
2008-11-26,extended,22,expanding,2.06377911567688,1.8259286880493164
2008-11-27,extended,22,expanding,1.8840155601501465,2.0791144371032715
2008-11-28,extended,22,expanding,1.4546449184417725,1.8708351850509644
2008-12-01,extended,22,expanding,1.7256993055343628,1.5590890645980835
2008-12-02,extended,22,expanding,2.802569627761841,2.6996006965637207
2008-12-03,extended,22,expanding,1.8094791173934937,1.425954818725586
2008-12-04,extended,22,expanding,1.8141510486602783,2.0881247520446777
2008-12-05,extended,22,expanding,1.538521647453308,1.5734868049621582
2008-12-08,extended,22,expanding,2.1540541648864746,2.3482282161712646
2008-12-09,extended,22,expanding,1.8041189908981323,1.8831226825714111
2008-12-10,extended,22,expanding,1.8551170825958252,1.931204915046692
2008-12-11,extended,22,expanding,1.6527811288833618,1.8147966861724854
2008-12-12,extended,22,expanding,3.648413896560669,2.222607135772705
2008-12-15,extended,22,expanding,2.055903196334839,2.1178486347198486
2008-12-16,extended,22,expanding,1.7230002880096436,1.791654109954834
2008-12-17,extended,22,expanding,2.0847275257110596,2.1148698329925537
2008-12-18,extended,22,expanding,1.7289695739746094,1.7312994003295898
2008-12-19,extended,22,expanding,1.9618268013000488,1.3127994537353516
2008-12-22,extended,22,expanding,1.6057792901992798,1.8456857204437256
2008-12-24,extended,22,expanding,1.0738857984542847,1.594799280166626
2008-12-25,extended,22,expanding,0.7602034211158752,1.0422319173812866
2008-12-26,extended,22,expanding,0.8490197062492371,1.2842589616775513
2008-12-29,extended,22,expanding,0.7873731851577759,1.1618272066116333
2008-12-30,extended,22,expanding,0.8429020643234253,1.002687931060791
2009-01-05,extended,22,expanding,1.2961918115615845,1.993852972984314
2009-01-06,extended,22,expanding,1.172443151473999,1.1347122192382812
2009-01-07,extended,22,expanding,1.2760441303253174,1.5528192520141602
2009-01-08,extended,22,expanding,1.5989891290664673,1.7192327976226807
2009-01-09,extended,22,expanding,1.5512140989303589,1.2461904287338257
2009-01-13,extended,22,expanding,1.8934694528579712,2.1458139419555664
2009-01-14,extended,22,expanding,1.342504620552063,1.6852515935897827
2009-01-15,extended,22,expanding,2.0326945781707764,2.010282278060913
2009-01-16,extended,22,expanding,1.4396902322769165,1.7354669570922852
2009-01-19,extended,22,expanding,1.443437933921814,1.2897422313690186
2009-01-20,extended,22,expanding,1.6959973573684692,1.5997319221496582
2009-01-21,extended,22,expanding,2.0150609016418457,1.9049744606018066
2009-01-22,extended,22,expanding,1.5885210037231445,1.8997670412063599
2009-01-23,extended,22,expanding,1.5493271350860596,2.0558300018310547
2009-01-26,extended,22,expanding,1.51520574092865,1.304281234741211
2009-01-27,extended,22,expanding,1.8574178218841553,2.317227602005005
2009-01-28,extended,22,expanding,2.1188583374023438,1.9892535209655762
2009-01-29,extended,22,expanding,1.7174795866012573,1.671454668045044
2009-01-30,extended,22,expanding,1.5122191905975342,1.8772443532943726
2009-02-02,extended,22,expanding,1.7268993854522705,1.4168891906738281
2009-02-03,extended,22,expanding,2.296583890914917,2.123411178588867
2009-02-04,extended,22,expanding,1.5387024879455566,1.964108943939209
2009-02-05,extended,22,expanding,1.5912870168685913,1.9423828125
2009-02-06,extended,22,expanding,1.676309585571289,1.493638038635254
2009-02-09,extended,22,expanding,1.5765513181686401,1.9658647775650024
2009-02-10,extended,22,expanding,1.9428794384002686,1.7203482389450073
2009-02-12,extended,22,expanding,1.6160334348678589,1.851807713508606
2009-02-13,extended,22,expanding,1.5890151262283325,1.8632210493087769
2009-02-16,extended,22,expanding,1.1611589193344116,1.3764219284057617
2009-02-17,extended,22,expanding,1.0789363384246826,1.429649829864502
2009-02-18,extended,22,expanding,1.115641713142395,1.3885438442230225
2009-02-19,extended,22,expanding,1.0441029071807861,1.6365633010864258
2009-02-20,extended,22,expanding,1.23749577999115,1.436531662940979
2009-02-23,extended,22,expanding,1.9150303602218628,1.3996424674987793
2009-02-24,extended,22,expanding,1.7093127965927124,1.5598797798156738
2009-02-25,extended,22,expanding,1.7071654796600342,1.5791206359863281
2009-02-26,extended,22,expanding,1.5436980724334717,1.5920461416244507
2009-02-27,extended,22,expanding,1.5983824729919434,1.5241379737854004
2009-03-02,extended,22,expanding,1.7572065591812134,1.6774052381515503
2009-03-03,extended,22,expanding,1.602087378501892,1.5950675010681152
2009-03-04,extended,22,expanding,1.5073039531707764,1.8748782873153687
2009-03-05,extended,22,expanding,1.5417338609695435,1.6832817792892456
2009-03-06,extended,22,expanding,2.006683588027954,1.7460228204727173
2009-03-09,extended,22,expanding,1.8138407468795776,1.575637936592102
2009-03-10,extended,22,expanding,1.414237380027771,1.2408230304718018
2009-03-11,extended,22,expanding,1.7948499917984009,1.8434276580810547
2009-03-12,extended,22,expanding,1.2807425260543823,1.7237344980239868
2009-03-13,extended,22,expanding,1.8901838064193726,1.7259725332260132
2009-03-16,extended,22,expanding,1.1957861185073853,1.39989173412323
2009-03-17,extended,22,expanding,1.2577030658721924,1.5841329097747803
2009-03-18,extended,22,expanding,1.608241319656372,1.4560626745224
2009-03-19,extended,22,expanding,1.1213359832763672,1.6124180555343628
2009-03-23,extended,22,expanding,1.7457314729690552,1.8719708919525146
2009-03-24,extended,22,expanding,1.6521703004837036,2.117431402206421
2009-03-25,extended,22,expanding,1.3605380058288574,1.5782170295715332
2009-03-26,extended,22,expanding,1.4826072454452515,1.588066577911377
2009-03-27,extended,22,expanding,1.8187874555587769,1.6769810914993286
2009-03-30,extended,22,expanding,1.9252088069915771,2.093928337097168
2009-03-31,extended,22,expanding,2.1894783973693848,2.1565117835998535
2009-04-01,extended,22,expanding,1.9490299224853516,1.9110217094421387
2009-04-02,extended,22,expanding,1.6591790914535522,2.012016534805298
2009-04-03,extended,22,expanding,1.7359530925750732,1.6542917490005493
2009-04-06,extended,22,expanding,1.7490761280059814,1.4940824508666992
2009-04-07,extended,22,expanding,1.346916675567627,1.3451135158538818
2009-04-08,extended,22,expanding,1.4092592000961304,1.4940966367721558
2009-04-09,extended,22,expanding,1.5735135078430176,1.6707301139831543
2009-04-10,extended,22,expanding,1.2686342000961304,1.5885183811187744
2009-04-13,extended,22,expanding,1.424201488494873,1.1612886190414429
2009-04-14,extended,22,expanding,1.7647550106048584,1.3930736780166626
2009-04-15,extended,22,expanding,1.3903584480285645,1.3045982122421265
2009-04-16,extended,22,expanding,2.0027952194213867,1.5678110122680664
2009-04-17,extended,22,expanding,1.4925804138183594,1.313988208770752
2009-04-20,extended,22,expanding,1.2095696926116943,1.375575065612793
2009-04-21,extended,22,expanding,1.4736764430999756,1.4322307109832764
2009-04-22,extended,22,expanding,1.1359831094741821,1.1129224300384521
2009-04-23,extended,22,expanding,1.2378408908843994,1.3643229007720947
2009-04-24,extended,22,expanding,1.4418177604675293,1.1201449632644653
2009-04-27,extended,22,expanding,1.5101802349090576,1.2948185205459595
2009-04-28,extended,22,expanding,1.6652885675430298,1.710762858390808
2009-04-30,extended,22,expanding,1.536219596862793,1.6275489330291748
2009-05-01,extended,22,expanding,1.4797052145004272,1.3581398725509644
2009-05-07,extended,22,expanding,1.824790596961975,1.7615054845809937
2009-05-08,extended,22,expanding,1.0258960723876953,1.3166027069091797
2009-05-11,extended,22,expanding,1.2558867931365967,1.3383510112762451
2009-05-12,extended,22,expanding,1.0205217599868774,1.0467851161956787
2009-05-13,extended,22,expanding,0.9673244953155518,1.019040822982788
2009-05-14,extended,22,expanding,1.206011176109314,1.1942124366760254
2009-05-15,extended,22,expanding,0.8059104084968567,1.0831036567687988
2009-05-18,extended,22,expanding,1.138628363609314,1.2271748781204224
2009-05-19,extended,22,expanding,1.3705929517745972,1.0243022441864014
2009-05-20,extended,22,expanding,0.6902753710746765,0.9523150324821472
2009-05-21,extended,22,expanding,0.770154595375061,0.9238056540489197
2009-05-22,extended,22,expanding,0.8793908953666687,1.1469281911849976
2009-05-25,extended,22,expanding,1.3176771402359009,1.0878846645355225
2009-05-26,extended,22,expanding,1.0382779836654663,1.125438928604126
2009-05-27,extended,22,expanding,0.7048546671867371,0.9465467929840088
2009-05-28,extended,22,expanding,0.935078501701355,0.9944530725479126
2009-05-29,extended,22,expanding,0.8271417617797852,0.9661412239074707
2009-06-01,extended,22,expanding,1.166956901550293,1.2239497900009155
2009-06-02,extended,22,expanding,0.788588285446167,1.042284369468689
2009-06-03,extended,22,expanding,0.7024753093719482,1.0414234399795532
2009-06-04,extended,22,expanding,0.6994912624359131,0.8904111385345459
2009-06-05,extended,22,expanding,0.5347644686698914,0.9971468448638916
2009-06-08,extended,22,expanding,0.7499352693557739,0.8882930278778076
2009-06-09,extended,22,expanding,0.8636664748191833,0.9696542024612427
2009-06-10,extended,22,expanding,0.7124314904212952,1.1087031364440918
2009-06-11,extended,22,expanding,0.6494805812835693,0.8526027202606201
2009-06-12,extended,22,expanding,0.7506799697875977,1.0813814401626587
2009-06-15,extended,22,expanding,0.6944628357887268,0.8932539224624634
2009-06-16,extended,22,expanding,0.9400812387466431,1.3672529458999634
2009-06-17,extended,22,expanding,1.0355567932128906,1.0546972751617432
2009-06-18,extended,22,expanding,0.8604346513748169,1.0092633962631226
2009-06-19,extended,22,expanding,0.9910659193992615,0.8672394752502441
2009-06-22,extended,22,expanding,0.8703385591506958,0.8838964104652405
2009-06-23,extended,22,expanding,1.1709284782409668,1.2256263494491577
2009-06-24,extended,22,expanding,0.8788145184516907,0.8308227062225342
2009-06-25,extended,22,expanding,1.1259474754333496,1.1568421125411987
2009-06-26,extended,22,expanding,0.7684205174446106,0.8948683142662048
2009-06-29,extended,22,expanding,0.99480140209198,1.185665488243103
2009-06-30,extended,22,expanding,0.8236498236656189,0.7837989926338196
