date,feature_set,L,protocol,RV_target,RV_pred
2007-08-01,core,252,static,1.6718278,1.2895867
2007-08-02,core,252,static,1.0545318,0.9884017
2007-08-03,core,252,static,1.2634865,1.2401137
2007-08-06,core,252,static,1.5228378,1.2301452
2007-08-07,core,252,static,1.5802648,1.329921
2007-08-08,core,252,static,1.177296,1.3333617
2007-08-09,core,252,static,2.1938667,1.5626931
2007-08-10,core,252,static,2.0329282,1.5986758
2007-08-13,core,252,static,1.0790513,0.9381521
2007-08-14,core,252,static,1.2419599,1.2420971
2007-08-15,core,252,static,1.4086285,1.450805
2007-08-16,core,252,static,2.3308847,1.857124
2007-08-17,core,252,static,2.2522154,1.4655623
2007-08-20,core,252,static,1.090452,1.0651151
2007-08-21,core,252,static,0.98857677,0.85176635
2007-08-22,core,252,static,1.1598293,0.82966274
2007-08-23,core,252,static,0.9439304,1.0793778
2007-08-24,core,252,static,0.59175897,0.8184609
2007-08-27,core,252,static,0.61759686,0.6648727
2007-08-28,core,252,static,0.7875693,0.97700536
2007-08-29,core,252,static,1.0595468,0.9230686
2007-08-30,core,252,static,1.145752,1.2146207
2007-08-31,core,252,static,1.3263122,1.136867
2007-09-04,core,252,static,0.6176023,1.0019381
2007-09-05,core,252,static,1.0097556,1.0526851
2007-09-06,core,252,static,0.75078577,0.79811466
2007-09-07,core,252,static,1.3905553,1.0427716
2007-09-10,core,252,static,1.0879066,1.2494882
2007-09-11,core,252,static,0.8977413,0.8177046
2007-09-12,core,252,static,0.76248676,0.956173
2007-09-13,core,252,static,0.8040983,0.9306703
2007-09-14,core,252,static,0.82566416,0.70635456
2007-09-17,core,252,static,0.56728804,0.69391465
2007-09-18,core,252,static,1.4727147,0.9925743
2007-09-19,core,252,static,0.9417224,1.0064893
2007-09-20,core,252,static,0.6428541,0.7592721
2007-09-21,core,252,static,0.6494903,0.65714306
2007-09-24,core,252,static,0.6367967,0.7574025
2007-09-25,core,252,static,0.7038576,0.7163169
2007-09-26,core,252,static,0.61366844,0.6072504
2007-09-27,core,252,static,0.5321781,0.48920515
2007-09-28,core,252,static,0.50032914,0.4599723
2007-10-01,core,252,static,0.54628026,0.5944187
2007-10-02,core,252,static,0.43112338,0.5002906
2007-10-03,core,252,static,0.58972424,0.48264858
2007-10-04,core,252,static,0.38272768,0.4366605
2007-10-05,core,252,static,0.71397245,0.6650656
2007-10-08,core,252,static,0.39922196,0.43525997
2007-10-09,core,252,static,0.57080454,0.47254786
2007-10-10,core,252,static,0.5209761,0.5035196
2007-10-11,core,252,static,0.92419004,1.0056418
2007-10-12,core,252,static,0.5672472,0.48072556
2007-10-15,core,252,static,0.7145553,0.8080193
2007-10-16,core,252,static,0.67439115,0.6361619
2007-10-17,core,252,static,0.91757625,0.89607793
2007-10-18,core,252,static,0.6790737,0.6225962
2007-10-19,core,252,static,1.1055093,1.0338284
2007-10-22,core,252,static,1.0594828,0.8535153
2007-10-23,core,252,static,0.8465984,0.8894426
2007-10-24,core,252,static,1.4033185,1.1636392
2007-10-25,core,252,static,1.1932651,1.1076665
2007-10-26,core,252,static,0.80886334,0.69822186
2007-10-29,core,252,static,0.60953456,0.4436476
2007-10-30,core,252,static,0.5387273,0.53358805
2007-10-31,core,252,static,1.1165581,0.78000826
2007-11-01,core,252,static,1.4491733,1.1232566
2007-11-02,core,252,static,1.4267976,1.1253158
2007-11-05,core,252,static,1.2828665,1.1247518
2007-11-06,core,252,static,0.88201135,1.0364493
2007-11-07,core,252,static,1.4051869,1.3285122
2007-11-08,core,252,static,1.8736414,1.4731525
2007-11-09,core,252,static,1.560577,1.2738501
2007-11-12,core,252,static,1.3244675,1.365423
2007-11-13,core,252,static,1.122503,1.2404908
2007-11-14,core,252,static,1.1282958,1.1783767
2007-11-15,core,252,static,1.194422,1.2489899
2007-11-16,core,252,static,1.3042824,0.96225744
2007-11-19,core,252,static,1.2105434,1.1035892
2007-11-20,core,252,static,1.7195501,1.3404813
2007-11-21,core,252,static,1.4897027,1.2252305
2007-11-23,core,252,static,0.958754,1.1904267
2007-11-26,core,252,static,1.1303153,1.4659961
2007-11-27,core,252,static,1.427426,1.16519
2007-11-28,core,252,static,1.10864,1.3964407
2007-11-29,core,252,static,1.0607367,1.0128802
2007-11-30,core,252,static,1.302144,0.8841664
2007-12-03,core,252,static,0.8708776,0.78413874
2007-12-04,core,252,static,0.8663291,0.6935834
2007-12-05,core,252,static,1.1051176,0.87583274
2007-12-06,core,252,static,0.6471775,1.0558116
2007-12-07,core,252,static,0.5555198,0.6072727
2007-12-10,core,252,static,0.5558142,0.5106979
2007-12-11,core,252,static,1.5148305,1.2918032
2007-12-12,core,252,static,2.1373532,1.641844
2007-12-13,core,252,static,1.0571756,1.2542535
2007-12-14,core,252,static,1.0063825,1.0224997
2007-12-17,core,252,static,1.0156853,1.0906011
2007-12-18,core,252,static,1.213597,0.98571724
2007-12-19,core,252,static,0.9898298,1.0173658
2007-12-20,core,252,static,0.8427926,0.9002713
2007-12-21,core,252,static,0.94438356,0.8236359
2007-12-24,core,252,static,0.4441711,0.53300303
2007-12-26,core,252,static,0.4618206,0.702977
2007-12-27,core,252,static,0.6217016,0.73394275
2007-12-28,core,252,static,0.7754581,0.8034988
2007-12-31,core,252,static,0.61130553,0.5911204
2008-01-02,core,252,static,1.0530771,1.083036
2008-01-03,core,252,static,0.80877495,0.87055624
2008-01-04,core,252,static,1.2991108,1.0635151
2008-01-07,core,252,static,1.3807558,0.98438746
2008-01-08,core,252,static,1.5058283,1.4468578
2008-01-09,core,252,static,1.5742716,1.530205
2008-01-10,core,252,static,1.8811376,1.6110184
2008-01-11,core,252,static,1.4951758,1.2289366
2008-01-14,core,252,static,0.95996803,0.7363579
2008-01-15,core,252,static,1.2201732,1.08872
2008-01-16,core,252,static,1.5963427,1.3913504
2008-01-17,core,252,static,1.7128186,1.8078622
2008-01-18,core,252,static,1.9202243,2.0891857
2008-01-22,core,252,static,3.9248676,2.267946
2008-01-23,core,252,static,3.5173955,2.933908
2008-01-24,core,252,static,1.7193947,1.7870619
2008-01-25,core,252,static,1.6763679,1.8984458
2008-01-28,core,252,static,1.4217528,1.2204868
2008-01-29,core,252,static,1.0022706,1.0883987
2008-01-30,core,252,static,1.5117798,1.4973952
2008-01-31,core,252,static,2.2185607,1.8032794
2008-02-01,core,252,static,1.17771,1.2759641
2008-02-04,core,252,static,0.8220022,0.76344955
2008-02-05,core,252,static,1.8209659,1.2877396
2008-02-06,core,252,static,1.1819025,1.5889153
2008-02-07,core,252,static,1.6257067,1.7771717
2008-02-08,core,252,static,1.2564852,1.5506063
2008-02-11,core,252,static,0.9540772,1.0249649
2008-02-12,core,252,static,1.261581,0.9913009
2008-02-13,core,252,static,1.1396948,0.86164016
2008-02-14,core,252,static,1.0863839,1.094266
2008-02-15,core,252,static,0.86097443,0.9361189
2008-02-19,core,252,static,1.1692086,1.1012975
2008-02-20,core,252,static,1.4265395,1.4303252
2008-02-21,core,252,static,1.0697027,1.3456419
2008-02-22,core,252,static,1.2396327,1.3100048
2008-02-25,core,252,static,1.3419789,1.1270279
2008-02-26,core,252,static,0.9973722,1.1785468
2008-02-27,core,252,static,1.082386,1.0259346
2008-02-28,core,252,static,1.0218838,0.9674997
2008-02-29,core,252,static,1.2593355,1.3227434
2008-03-03,core,252,static,1.0989679,0.8468818
2008-03-04,core,252,static,1.4312714,1.4200413
2008-03-05,core,252,static,1.2723385,1.3332705
2008-03-06,core,252,static,1.234841,1.3306074
2008-03-07,core,252,static,1.8052349,1.5314708
2008-03-10,core,252,static,1.222146,1.1284517
2008-03-11,core,252,static,2.320334,1.6902102
2008-03-12,core,252,static,1.0775645,1.6569754
2008-03-13,core,252,static,2.0191429,2.1180623
2008-03-14,core,252,static,2.3841417,2.0188353
2008-03-17,core,252,static,2.2045317,1.8739663
2008-03-18,core,252,static,2.3845148,2.0258658
2008-03-19,core,252,static,1.6087004,1.8646575
2008-03-20,core,252,static,1.1801345,2.0496554
2008-03-24,core,252,static,1.0612916,1.3246397
2008-03-25,core,252,static,0.9686494,0.89623326
2008-03-26,core,252,static,1.0520736,1.0244297
2008-03-27,core,252,static,1.1229486,1.0029694
2008-03-28,core,252,static,0.9389823,1.1302849
2008-03-31,core,252,static,0.91788596,0.70193547
2008-04-01,core,252,static,1.3439156,1.3687118
2008-04-02,core,252,static,0.8817394,1.1013187
2008-04-03,core,252,static,0.8856404,1.0960974
2008-04-04,core,252,static,0.85713655,1.0584977
2008-04-07,core,252,static,0.8542979,0.90384007
2008-04-08,core,252,static,0.8799234,0.7902042
2008-04-09,core,252,static,0.71123165,0.9149479
2008-04-10,core,252,static,0.8668627,0.8269335
2008-04-11,core,252,static,1.1842502,0.8664054
2008-04-14,core,252,static,0.7099435,0.8531006
2008-04-15,core,252,static,0.8432462,0.76046354
2008-04-16,core,252,static,1.0010043,1.0076185
2008-04-17,core,252,static,0.7720801,0.84032696
2008-04-18,core,252,static,1.6248907,1.0354513
2008-04-21,core,252,static,0.59707934,0.72084755
2008-04-22,core,252,static,0.7977572,0.8687009
2008-04-23,core,252,static,0.79788005,0.9544769
2008-04-24,core,252,static,1.0890502,1.205757
2008-04-25,core,252,static,0.9663892,1.028783
2008-04-28,core,252,static,0.6196455,0.585059
2008-04-29,core,252,static,0.57439303,0.71079016
2008-04-30,core,252,static,1.1776272,0.847814
2008-05-01,core,252,static,0.8206019,1.0171999
2008-05-02,core,252,static,1.2258779,0.7968182
2008-05-05,core,252,static,0.67501754,0.75737894
2008-05-06,core,252,static,0.8485956,0.8693539
2008-05-07,core,252,static,0.7097915,0.96728927
2008-05-08,core,252,static,0.859231,0.822854
2008-05-09,core,252,static,0.9795941,0.74179834
2008-05-12,core,252,static,0.60077935,0.8932954
2008-05-13,core,252,static,0.52369165,0.5871653
2008-05-14,core,252,static,0.6433611,0.6731671
2008-05-15,core,252,static,0.6959373,0.631746
2008-05-16,core,252,static,0.6224373,0.61611915
2008-05-19,core,252,static,0.7479857,0.7845582
2008-05-20,core,252,static,0.8097821,0.6791363
2008-05-21,core,252,static,0.9861004,1.012656
2008-05-22,core,252,static,0.6671489,0.71039087
2008-05-23,core,252,static,0.7917137,0.87850016
2008-05-27,core,252,static,0.77967155,0.8263217
2008-05-28,core,252,static,0.74578756,0.7180814
2008-05-29,core,252,static,0.6745463,0.8632846
2008-05-30,core,252,static,0.6231141,0.39914516
2008-06-02,core,252,static,0.7787525,0.7939648
2008-06-03,core,252,static,0.87531495,0.9919713
2008-06-04,core,252,static,1.0268135,0.83538556
2008-06-05,core,252,static,0.8476007,0.97032124
2008-06-06,core,252,static,1.3171287,1.183453
2008-06-09,core,252,static,1.0381751,1.0569026
2008-06-10,core,252,static,1.1607271,1.1493021
2008-06-11,core,252,static,1.0310018,1.029852
2008-06-12,core,252,static,1.0975835,1.185445
2008-06-13,core,252,static,1.1124655,0.8534402
2008-06-16,core,252,static,0.8265463,0.6339359
2008-06-17,core,252,static,0.8965383,0.788639
2008-06-18,core,252,static,1.0684395,0.8942864
2008-06-19,core,252,static,0.8632503,0.91428626
2008-06-20,core,252,static,1.1721535,1.1132089
2008-06-23,core,252,static,0.7635774,0.77080655
2008-06-24,core,252,static,0.95811963,1.0113426
2008-06-25,core,252,static,1.0744005,1.0587095
2008-06-26,core,252,static,1.1540706,1.175532
2008-06-27,core,252,static,1.0761385,1.0938429
2008-06-30,core,252,static,0.9365819,0.9448886
2008-07-01,core,252,static,1.5240563,1.2657397
2008-07-02,core,252,static,1.1890116,1.3812298
2008-07-03,core,252,static,1.3173423,1.1893252
2008-07-07,core,252,static,1.601295,1.3639209
2008-07-08,core,252,static,1.2554853,1.3733172
2008-07-09,core,252,static,1.1477916,1.5055927
2008-07-10,core,252,static,1.688679,1.3064114
2008-07-11,core,252,static,2.3083982,1.5987228
2008-07-14,core,252,static,1.5208642,1.5788175
2008-07-15,core,252,static,1.7954342,1.7593205
2008-07-16,core,252,static,1.4291751,1.5593454
2008-07-17,core,252,static,1.3366069,1.201053
2008-07-18,core,252,static,0.9092453,0.7859736
2008-07-21,core,252,static,0.7031121,0.6618397
2008-07-22,core,252,static,1.0761218,1.0158023
2008-07-23,core,252,static,1.1627371,0.9013208
2008-07-24,core,252,static,0.9752411,1.1829289
2008-07-25,core,252,static,1.0933106,0.75572485
2008-07-28,core,252,static,0.8555648,1.061275
2008-07-29,core,252,static,0.9752488,1.1589273
2008-07-30,core,252,static,1.2601446,1.1212934
2008-07-31,core,252,static,1.1173534,1.016704
2008-08-01,core,252,static,1.0689243,0.89152294
2008-08-04,core,252,static,0.83743495,0.8569437
2008-08-05,core,252,static,0.8706089,1.1841785
2008-08-06,core,252,static,0.78499955,0.93623275
2008-08-07,core,252,static,1.1400515,1.0401168
2008-08-08,core,252,static,0.8982277,1.230805
2008-08-11,core,252,static,0.84126157,1.008212
2008-08-12,core,252,static,0.9052927,1.0717373
2008-08-13,core,252,static,1.0556539,1.1785357
2008-08-14,core,252,static,0.9407297,1.2545891
2008-08-15,core,252,static,0.8759848,0.7320985
2008-08-18,core,252,static,0.9083198,0.97437066
2008-08-19,core,252,static,0.95954853,0.8827972
2008-08-20,core,252,static,1.0361773,0.8384601
2008-08-21,core,252,static,0.98858386,0.94901264
2008-08-22,core,252,static,0.9252074,0.86862004
2008-08-25,core,252,static,0.9087024,0.93713427
2008-08-26,core,252,static,0.8230844,0.8400472
2008-08-27,core,252,static,0.77126145,0.8700634
2008-08-28,core,252,static,0.87900865,0.90067446
2008-08-29,core,252,static,0.7496418,0.7876857
2008-09-02,core,252,static,1.2319531,1.381374
2008-09-03,core,252,static,1.0995353,0.9021093
2008-09-04,core,252,static,1.2038983,1.3482178
2008-09-05,core,252,static,1.2989593,1.5303078
2008-09-08,core,252,static,2.5495,1.2156566
2008-09-09,core,252,static,1.4697345,1.7275418
2008-09-10,core,252,static,1.3546624,1.3964723
2008-09-11,core,252,static,1.9478952,1.9946743
2008-09-12,core,252,static,1.4416677,1.2442116
2008-09-15,core,252,static,3.0239663,2.109092
2008-09-16,core,252,static,3.5327346,2.1550121
2008-09-17,core,252,static,3.1532457,2.518279
2008-09-18,core,252,static,4.041712,3.81163
2008-09-19,core,252,static,3.5335634,3.153337
2008-09-22,core,252,static,1.6703459,2.1852806
2008-09-23,core,252,static,1.9916995,1.8776778
2008-09-24,core,252,static,1.5598605,2.06004
2008-09-25,core,252,static,1.672311,1.6747533
2008-09-26,core,252,static,2.0559895,1.4218441
2008-09-29,core,252,static,4.4667163,3.9563212
2008-09-30,core,252,static,2.552127,2.0554924
2008-10-01,core,252,static,2.272052,5.6700196
2008-10-02,core,252,static,2.0999002,3.2369587
2008-10-03,core,252,static,3.2951825,5.0575356
2008-10-06,core,252,static,4.2527885,5.650789
2008-10-07,core,252,static,3.012908,3.7504344
2008-10-08,core,252,static,4.996453,5.556502
2008-10-09,core,252,static,4.1916947,7.962801
2008-10-10,core,252,static,8.802125,8.718809
2008-10-13,core,252,static,4.027474,8.339716
2008-10-14,core,252,static,5.237396,5.2910647
2008-10-15,core,252,static,4.146789,6.361485
2008-10-16,core,252,static,5.7170253,6.6658792
2008-10-17,core,252,static,4.2947683,6.998114
2008-10-20,core,252,static,2.846681,3.3306172
2008-10-21,core,252,static,2.813511,2.360353
2008-10-22,core,252,static,3.7902324,4.0977182
2008-10-23,core,252,static,5.6097016,4.492023
2008-10-24,core,252,static,5.945595,5.1085176
2008-10-27,core,252,static,4.3658338,4.1924663
2008-10-28,core,252,static,5.035435,6.987144
2008-10-29,core,252,static,5.0140386,5.7019773
2008-10-30,core,252,static,3.6886523,3.2912016
2008-10-31,core,252,static,3.0657432,2.9423199
2008-11-03,core,252,static,1.5781788,1.4457561
2008-11-04,core,252,static,2.3712213,1.5482525
2008-11-05,core,252,static,2.7218072,2.6551275
2008-11-06,core,252,static,2.5916624,3.233642
2008-11-07,core,252,static,2.7305174,2.2417202
2008-11-10,core,252,static,2.8229842,4.0524755
2008-11-11,core,252,static,3.363194,2.7776256
2008-11-12,core,252,static,2.6164079,3.136121
2008-11-13,core,252,static,5.415312,6.8321137
2008-11-14,core,252,static,4.2349067,4.2618356
2008-11-17,core,252,static,3.910969,4.022245
2008-11-18,core,252,static,3.609559,3.639865
2008-11-19,core,252,static,3.423545,4.555022
2008-11-20,core,252,static,5.02206,5.251225
2008-11-21,core,252,static,5.5095563,5.110553
2008-11-24,core,252,static,3.7179196,6.480491
2008-11-25,core,252,static,3.5112157,2.1188974
2008-11-26,core,252,static,2.6839263,3.599451
2008-11-28,core,252,static,1.1677424,1.303205
2008-12-01,core,252,static,3.6852376,2.9078565
2008-12-02,core,252,static,3.3038785,2.0546956
2008-12-03,core,252,static,3.3214934,6.0344925
2008-12-04,core,252,static,2.9897301,3.939067
2008-12-05,core,252,static,3.3611126,5.3780675
2008-12-08,core,252,static,2.7651768,2.8701334
2008-12-09,core,252,static,2.763897,1.7858787
2008-12-10,core,252,static,2.3830123,2.049295
2008-12-11,core,252,static,2.3930767,3.8727949
2008-12-12,core,252,static,3.2557008,2.9963698
2008-12-15,core,252,static,1.8790005,3.2062602
2008-12-16,core,252,static,2.4977417,2.7037144
2008-12-17,core,252,static,2.428164,2.6139636
2008-12-18,core,252,static,2.0424714,2.407753
2008-12-19,core,252,static,2.0223343,1.9271833
2008-12-22,core,252,static,1.6751102,2.3212166
2008-12-23,core,252,static,1.5709935,2.3042936
2008-12-24,core,252,static,0.5831701,1.6285795
2008-12-26,core,252,static,0.67893845,0.98471063
2008-12-29,core,252,static,1.1034229,1.0672399
2008-12-30,core,252,static,1.200775,1.4374548
2008-12-31,core,252,static,1.2032403,1.4400183
2009-01-02,core,252,static,1.221229,1.7182904
2009-01-05,core,252,static,1.4744877,1.4831954
2009-01-06,core,252,static,1.6127517,1.4710994
2009-01-07,core,252,static,1.4974548,1.4856805
2009-01-08,core,252,static,1.539986,1.2724041
2009-01-09,core,252,static,1.7396296,1.6983343
2009-01-12,core,252,static,1.4322989,1.6058408
2009-01-13,core,252,static,1.8444904,1.4066247
2009-01-14,core,252,static,2.2332013,1.741237
2009-01-15,core,252,static,2.4630482,2.5194535
2009-01-16,core,252,static,2.5986543,2.268251
2009-01-20,core,252,static,2.6278307,2.6275618
2009-01-21,core,252,static,2.6791694,2.5848413
2009-01-22,core,252,static,3.295134,3.1403728
2009-01-23,core,252,static,3.304938,2.9048095
2009-01-26,core,252,static,2.223016,2.4019551
2009-01-27,core,252,static,1.9122373,1.2665913
2009-01-28,core,252,static,2.4215827,1.4429877
2009-01-29,core,252,static,1.5614471,1.5617355
2009-01-30,core,252,static,1.7965508,2.3432996
2009-02-02,core,252,static,2.0106192,1.4320071
2009-02-03,core,252,static,1.6486613,1.9106715
2009-02-04,core,252,static,1.6369843,1.8806763
2009-02-05,core,252,static,2.0993435,2.3038254
2009-02-06,core,252,static,1.5920151,1.7055429
2009-02-09,core,252,static,1.5355989,1.1090426
2009-02-10,core,252,static,2.5891292,2.628912
2009-02-11,core,252,static,1.8213227,1.5423964
2009-02-12,core,252,static,2.6972837,3.0068
2009-02-13,core,252,static,1.7835042,1.8028632
2009-02-17,core,252,static,2.9150891,2.524453
2009-02-18,core,252,static,2.1753054,1.4705538
2009-02-19,core,252,static,1.9916345,2.0242624
2009-02-20,core,252,static,2.604157,2.3997447
2009-02-23,core,252,static,1.9441153,2.7711492
2009-02-24,core,252,static,2.367481,2.2551546
2009-02-25,core,252,static,2.4533172,2.7110167
2009-02-26,core,252,static,2.3536034,2.5534644
2009-02-27,core,252,static,2.9553084,1.86158
2009-03-02,core,252,static,2.3722649,2.0811927
2009-03-03,core,252,static,2.5955446,2.0368009
2009-03-04,core,252,static,2.2299466,3.0170865
2009-03-05,core,252,static,2.713462,2.3895426
2009-03-06,core,252,static,2.9256618,3.238413
2009-03-09,core,252,static,2.3832529,2.447384
2009-03-10,core,252,static,2.729985,2.8573036
2009-03-11,core,252,static,2.2275276,2.4504666
2009-03-12,core,252,static,1.7503701,3.3595011
2009-03-13,core,252,static,1.8969994,1.6242933
2009-03-16,core,252,static,1.8606906,2.0077944
2009-03-17,core,252,static,1.9127212,2.0267715
2009-03-18,core,252,static,2.8516605,2.3262267
2009-03-19,core,252,static,2.063448,2.196966
2009-03-20,core,252,static,1.7233617,1.6137836
2009-03-23,core,252,static,2.4960635,2.9021025
2009-03-24,core,252,static,1.7698369,1.9059697
2009-03-25,core,252,static,2.3847575,3.028806
2009-03-26,core,252,static,2.2984889,1.972175
2009-03-27,core,252,static,1.7756114,1.5651402
2009-03-30,core,252,static,2.3465297,1.6992872
2009-03-31,core,252,static,1.7583565,1.5612376
2009-04-01,core,252,static,2.2095551,2.5564723
2009-04-02,core,252,static,2.4170802,1.8069392
2009-04-03,core,252,static,1.53685,1.6177179
2009-04-06,core,252,static,1.6953963,1.3833262
2009-04-07,core,252,static,2.326289,1.1467085
2009-04-08,core,252,static,1.5155185,1.5043104
2009-04-09,core,252,static,2.2163987,1.8916818
2009-04-13,core,252,static,1.5761986,1.5676988
2009-04-14,core,252,static,1.6240464,1.2136879
2009-04-15,core,252,static,1.291941,1.4368476
2009-04-16,core,252,static,1.3717922,1.5078121
2009-04-17,core,252,static,1.183714,1.306127
2009-04-20,core,252,static,2.0597003,1.9063317
2009-04-21,core,252,static,1.4308261,1.6508902
2009-04-22,core,252,static,1.744994,2.2346694
2009-04-23,core,252,static,1.5992795,1.7872095
2009-04-24,core,252,static,1.4508177,1.4617504
2009-04-27,core,252,static,1.6014925,1.161234
2009-04-28,core,252,static,1.4122853,1.1576006
2009-04-29,core,252,static,1.5792121,1.4434308
2009-04-30,core,252,static,1.6268842,1.8056649
2009-05-01,core,252,static,1.230238,1.229917
2009-05-04,core,252,static,1.410236,1.6868641
2009-05-05,core,252,static,1.0988348,1.1143283
2009-05-06,core,252,static,1.7786391,1.2861191
2009-05-07,core,252,static,1.9022394,1.6683761
2009-05-08,core,252,static,1.793143,1.5167055
2009-05-11,core,252,static,1.362831,0.9517007
2009-05-12,core,252,static,1.3729221,1.5050776
2009-05-13,core,252,static,1.8909968,1.4539504
2009-05-14,core,252,static,1.2825612,1.4669012
2009-05-15,core,252,static,1.1501622,1.5285922
2009-05-18,core,252,static,1.2645183,1.5036522
2009-05-19,core,252,static,1.184815,0.9496414
2009-05-20,core,252,static,1.6729054,1.6866214
2009-05-21,core,252,static,1.509529,1.4178152
2009-05-22,core,252,static,1.1197933,1.4531548
2009-05-26,core,252,static,1.3851373,1.6370534
2009-05-27,core,252,static,1.3693912,1.4293436
2009-05-28,core,252,static,1.750999,1.86159
2009-05-29,core,252,static,1.4489887,1.1630945
2009-06-01,core,252,static,1.2878876,1.3504643
2009-06-02,core,252,static,1.1630156,0.92567986
2009-06-03,core,252,static,1.2123674,1.2244166
2009-06-04,core,252,static,0.8954287,1.0723798
2009-06-05,core,252,static,1.5055118,1.217369
2009-06-08,core,252,static,1.2523662,1.4198439
2009-06-09,core,252,static,0.97601277,0.9086235
2009-06-10,core,252,static,1.3372606,1.4502385
2009-06-11,core,252,static,1.1946477,1.2056857
2009-06-12,core,252,static,0.9835573,1.0142294
2009-06-15,core,252,static,1.3957874,1.083628
2009-06-16,core,252,static,1.0399935,1.0864402
2009-06-17,core,252,static,1.2463961,1.2457527
2009-06-18,core,252,static,0.96054405,1.1213875
2009-06-19,core,252,static,0.9590874,1.0157609
2009-06-22,core,252,static,1.3873374,1.1649848
2009-06-23,core,252,static,1.2636722,0.81162447
2009-06-24,core,252,static,1.1783017,1.4073486
2009-06-25,core,252,static,1.1450677,1.5639256
2009-06-26,core,252,static,0.994955,1.0371565
2009-06-29,core,252,static,0.81822544,1.0102419
2009-06-30,core,252,static,0.98671573,1.0006018
2007-08-01,momentum,60,static,1.6718278,1.3754278
2007-08-02,momentum,60,static,1.0545318,0.96854293
2007-08-03,momentum,60,static,1.2634865,1.0147836
2007-08-06,momentum,60,static,1.5228378,1.2494146
2007-08-07,momentum,60,static,1.5802648,1.1083298
2007-08-08,momentum,60,static,1.177296,1.1238722
2007-08-09,momentum,60,static,2.1938667,1.5778289
2007-08-10,momentum,60,static,2.0329282,1.730211
2007-08-13,momentum,60,static,1.0790513,0.8765486
2007-08-14,momentum,60,static,1.2419599,1.0122906
2007-08-15,momentum,60,static,1.4086285,1.5668281
2007-08-16,momentum,60,static,2.3308847,2.0965247
2007-08-17,momentum,60,static,2.2522154,1.4345976
2007-08-20,momentum,60,static,1.090452,1.2227671
2007-08-21,momentum,60,static,0.98857677,0.93993497
2007-08-22,momentum,60,static,1.1598293,1.2292372
2007-08-23,momentum,60,static,0.9439304,1.3675711
2007-08-24,momentum,60,static,0.59175897,0.9227929
2007-08-27,momentum,60,static,0.61759686,0.78718114
2007-08-28,momentum,60,static,0.7875693,1.1332506
2007-08-29,momentum,60,static,1.0595468,1.2441292
2007-08-30,momentum,60,static,1.145752,0.9791937
2007-08-31,momentum,60,static,1.3263122,0.99230677
2007-09-04,momentum,60,static,0.6176023,1.1208391
2007-09-05,momentum,60,static,1.0097556,1.0767609
2007-09-06,momentum,60,static,0.75078577,0.708246
2007-09-07,momentum,60,static,1.3905553,1.0577381
2007-09-10,momentum,60,static,1.0879066,1.0154271
2007-09-11,momentum,60,static,0.8977413,0.8886737
2007-09-12,momentum,60,static,0.76248676,0.8343866
2007-09-13,momentum,60,static,0.8040983,0.829714
2007-09-14,momentum,60,static,0.82566416,0.7601221
2007-09-17,momentum,60,static,0.56728804,0.65471876
2007-09-18,momentum,60,static,1.4727147,1.0992694
2007-09-19,momentum,60,static,0.9417224,0.8600018
2007-09-20,momentum,60,static,0.6428541,0.6285727
2007-09-21,momentum,60,static,0.6494903,0.6514215
2007-09-24,momentum,60,static,0.6367967,0.8415998
2007-09-25,momentum,60,static,0.7038576,0.6896334
2007-09-26,momentum,60,static,0.61366844,0.43738163
2007-09-27,momentum,60,static,0.5321781,0.3115424
2007-09-28,momentum,60,static,0.50032914,0.4286626
2007-10-01,momentum,60,static,0.54628026,0.55452776
2007-10-02,momentum,60,static,0.43112338,0.535793
2007-10-03,momentum,60,static,0.58972424,0.50708705
2007-10-04,momentum,60,static,0.38272768,0.35462698
2007-10-05,momentum,60,static,0.71397245,0.68016124
2007-10-08,momentum,60,static,0.39922196,0.4078501
2007-10-09,momentum,60,static,0.57080454,0.4800006
2007-10-10,momentum,60,static,0.5209761,0.45828065
2007-10-11,momentum,60,static,0.92419004,0.8909511
2007-10-12,momentum,60,static,0.5672472,0.48584622
2007-10-15,momentum,60,static,0.7145553,0.69721174
2007-10-16,momentum,60,static,0.67439115,0.5611188
2007-10-17,momentum,60,static,0.91757625,0.89784753
2007-10-18,momentum,60,static,0.6790737,0.5855418
2007-10-19,momentum,60,static,1.1055093,1.0453913
2007-10-22,momentum,60,static,1.0594828,0.90134734
2007-10-23,momentum,60,static,0.8465984,0.6692519
2007-10-24,momentum,60,static,1.4033185,1.0431261
2007-10-25,momentum,60,static,1.1932651,1.189508
2007-10-26,momentum,60,static,0.80886334,0.79353106
2007-10-29,momentum,60,static,0.60953456,0.5217627
2007-10-30,momentum,60,static,0.5387273,0.4559257
2007-10-31,momentum,60,static,1.1165581,0.73629284
2007-11-01,momentum,60,static,1.4491733,1.1388352
2007-11-02,momentum,60,static,1.4267976,1.0347534
2007-11-05,momentum,60,static,1.2828665,0.95683116
2007-11-06,momentum,60,static,0.88201135,0.9824815
2007-11-07,momentum,60,static,1.4051869,1.36467
2007-11-08,momentum,60,static,1.8736414,1.5789301
2007-11-09,momentum,60,static,1.560577,1.1099203
2007-11-12,momentum,60,static,1.3244675,1.2200512
2007-11-13,momentum,60,static,1.122503,1.45832
2007-11-14,momentum,60,static,1.1282958,1.2280173
2007-11-15,momentum,60,static,1.194422,1.1066868
2007-11-16,momentum,60,static,1.3042824,0.91722643
2007-11-19,momentum,60,static,1.2105434,0.9307765
2007-11-20,momentum,60,static,1.7195501,1.4190185
2007-11-21,momentum,60,static,1.4897027,1.0247089
2007-11-23,momentum,60,static,0.958754,1.1642374
2007-11-26,momentum,60,static,1.1303153,1.414202
2007-11-27,momentum,60,static,1.427426,1.1183528
2007-11-28,momentum,60,static,1.10864,1.2484946
2007-11-29,momentum,60,static,1.0607367,1.2040706
2007-11-30,momentum,60,static,1.302144,1.0751019
2007-12-03,momentum,60,static,0.8708776,1.0083973
2007-12-04,momentum,60,static,0.8663291,0.8968016
2007-12-05,momentum,60,static,1.1051176,1.0518262
2007-12-06,momentum,60,static,0.6471775,1.0206159
2007-12-07,momentum,60,static,0.5555198,0.56173986
2007-12-10,momentum,60,static,0.5558142,0.6805247
2007-12-11,momentum,60,static,1.5148305,1.3915055
2007-12-12,momentum,60,static,2.1373532,1.7759519
2007-12-13,momentum,60,static,1.0571756,1.232734
2007-12-14,momentum,60,static,1.0063825,0.8606552
2007-12-17,momentum,60,static,1.0156853,1.1065422
2007-12-18,momentum,60,static,1.213597,1.1096027
2007-12-19,momentum,60,static,0.9898298,0.9109729
2007-12-20,momentum,60,static,0.8427926,0.8108568
2007-12-21,momentum,60,static,0.94438356,0.79674184
2007-12-24,momentum,60,static,0.4441711,0.67439204
2007-12-26,momentum,60,static,0.4618206,0.69864607
2007-12-27,momentum,60,static,0.6217016,0.68477726
2007-12-28,momentum,60,static,0.7754581,0.8592082
2007-12-31,momentum,60,static,0.61130553,0.6130874
2008-01-02,momentum,60,static,1.0530771,0.87963295
2008-01-03,momentum,60,static,0.80877495,0.82832414
2008-01-04,momentum,60,static,1.2991108,1.2253247
2008-01-07,momentum,60,static,1.3807558,0.9700268
2008-01-08,momentum,60,static,1.5058283,1.5162698
2008-01-09,momentum,60,static,1.5742716,1.5148318
2008-01-10,momentum,60,static,1.8811376,1.6442051
2008-01-11,momentum,60,static,1.4951758,1.2946413
2008-01-14,momentum,60,static,0.95996803,1.0112273
2008-01-15,momentum,60,static,1.2201732,1.1438903
2008-01-16,momentum,60,static,1.5963427,1.3704658
2008-01-17,momentum,60,static,1.7128186,1.8293966
2008-01-18,momentum,60,static,1.9202243,1.8419377
2008-01-22,momentum,60,static,3.9248676,1.9808741
2008-01-23,momentum,60,static,3.5173955,3.2351356
2008-01-24,momentum,60,static,1.7193947,2.0942743
2008-01-25,momentum,60,static,1.6763679,1.7626547
2008-01-28,momentum,60,static,1.4217528,1.5100129
2008-01-29,momentum,60,static,1.0022706,1.5948505
2008-01-30,momentum,60,static,1.5117798,1.5310367
2008-01-31,momentum,60,static,2.2185607,1.8866895
2008-02-01,momentum,60,static,1.17771,1.2553649
2008-02-04,momentum,60,static,0.8220022,0.77478325
2008-02-05,momentum,60,static,1.8209659,1.418196
2008-02-06,momentum,60,static,1.1819025,1.575988
2008-02-07,momentum,60,static,1.6257067,1.638166
2008-02-08,momentum,60,static,1.2564852,1.2994359
2008-02-11,momentum,60,static,0.9540772,1.2196543
2008-02-12,momentum,60,static,1.261581,1.2486795
2008-02-13,momentum,60,static,1.1396948,1.0928822
2008-02-14,momentum,60,static,1.0863839,1.0146317
2008-02-15,momentum,60,static,0.86097443,0.8220238
2008-02-19,momentum,60,static,1.1692086,1.3032299
2008-02-20,momentum,60,static,1.4265395,1.2841374
2008-02-21,momentum,60,static,1.0697027,1.2295712
2008-02-22,momentum,60,static,1.2396327,1.1937203
2008-02-25,momentum,60,static,1.3419789,1.0464585
2008-02-26,momentum,60,static,0.9973722,1.2302514
2008-02-27,momentum,60,static,1.082386,1.0080576
2008-02-28,momentum,60,static,1.0218838,0.9107486
2008-02-29,momentum,60,static,1.2593355,1.2553608
2008-03-03,momentum,60,static,1.0989679,0.74469954
2008-03-04,momentum,60,static,1.4312714,1.3115311
2008-03-05,momentum,60,static,1.2723385,1.300674
2008-03-06,momentum,60,static,1.234841,1.4947779
2008-03-07,momentum,60,static,1.8052349,1.5964074
2008-03-10,momentum,60,static,1.222146,1.0907867
2008-03-11,momentum,60,static,2.320334,1.6712577
2008-03-12,momentum,60,static,1.0775645,1.353684
2008-03-13,momentum,60,static,2.0191429,1.8491131
2008-03-14,momentum,60,static,2.3841417,1.8941811
2008-03-17,momentum,60,static,2.2045317,1.6307153
2008-03-18,momentum,60,static,2.3845148,2.0186117
2008-03-19,momentum,60,static,1.6087004,1.7299597
2008-03-20,momentum,60,static,1.1801345,1.8360221
2008-03-24,momentum,60,static,1.0612916,1.4478716
2008-03-25,momentum,60,static,0.9686494,1.0971065
2008-03-26,momentum,60,static,1.0520736,1.1594195
2008-03-27,momentum,60,static,1.1229486,1.0406168
2008-03-28,momentum,60,static,0.9389823,1.134514
2008-03-31,momentum,60,static,0.91788596,0.92726916
2008-04-01,momentum,60,static,1.3439156,1.3683826
2008-04-02,momentum,60,static,0.8817394,1.1712339
2008-04-03,momentum,60,static,0.8856404,1.1608448
2008-04-04,momentum,60,static,0.85713655,1.12218
2008-04-07,momentum,60,static,0.8542979,0.9618848
2008-04-08,momentum,60,static,0.8799234,0.91473806
2008-04-09,momentum,60,static,0.71123165,1.0060651
2008-04-10,momentum,60,static,0.8668627,0.8318697
2008-04-11,momentum,60,static,1.1842502,0.94563305
2008-04-14,momentum,60,static,0.7099435,0.87263936
2008-04-15,momentum,60,static,0.8432462,0.97304654
2008-04-16,momentum,60,static,1.0010043,1.0346811
2008-04-17,momentum,60,static,0.7720801,0.795372
2008-04-18,momentum,60,static,1.6248907,1.042238
2008-04-21,momentum,60,static,0.59707934,0.72371626
2008-04-22,momentum,60,static,0.7977572,0.77200675
2008-04-23,momentum,60,static,0.79788005,0.8388994
2008-04-24,momentum,60,static,1.0890502,1.0420897
2008-04-25,momentum,60,static,0.9663892,0.8119836
2008-04-28,momentum,60,static,0.6196455,0.5284635
2008-04-29,momentum,60,static,0.57439303,0.70188665
2008-04-30,momentum,60,static,1.1776272,0.9193618
2008-05-01,momentum,60,static,0.8206019,0.96430755
2008-05-02,momentum,60,static,1.2258779,0.75695765
2008-05-05,momentum,60,static,0.67501754,0.6386024
2008-05-06,momentum,60,static,0.8485956,0.9265883
2008-05-07,momentum,60,static,0.7097915,0.93146884
2008-05-08,momentum,60,static,0.859231,0.7469857
2008-05-09,momentum,60,static,0.9795941,0.576857
2008-05-12,momentum,60,static,0.60077935,0.66310143
2008-05-13,momentum,60,static,0.52369165,0.6989229
2008-05-14,momentum,60,static,0.6433611,0.681299
2008-05-15,momentum,60,static,0.6959373,0.68486667
2008-05-16,momentum,60,static,0.6224373,0.695153
2008-05-19,momentum,60,static,0.7479857,0.6674686
2008-05-20,momentum,60,static,0.8097821,0.57515764
2008-05-21,momentum,60,static,0.9861004,0.91214484
2008-05-22,momentum,60,static,0.6671489,0.6823707
2008-05-23,momentum,60,static,0.7917137,0.7488893
2008-05-27,momentum,60,static,0.77967155,0.69892675
2008-05-28,momentum,60,static,0.74578756,0.7010431
2008-05-29,momentum,60,static,0.6745463,0.785172
2008-05-30,momentum,60,static,0.6231141,0.4603199
2008-06-02,momentum,60,static,0.7787525,0.65960395
2008-06-03,momentum,60,static,0.87531495,0.88520676
2008-06-04,momentum,60,static,1.0268135,0.8096998
2008-06-05,momentum,60,static,0.8476007,0.9178059
2008-06-06,momentum,60,static,1.3171287,0.95250773
2008-06-09,momentum,60,static,1.0381751,0.97382474
2008-06-10,momentum,60,static,1.1607271,0.89882636
2008-06-11,momentum,60,static,1.0310018,0.9037319
2008-06-12,momentum,60,static,1.0975835,1.3933616
2008-06-13,momentum,60,static,1.1124655,0.8789603
2008-06-16,momentum,60,static,0.8265463,0.59747756
2008-06-17,momentum,60,static,0.8965383,0.77371067
2008-06-18,momentum,60,static,1.0684395,0.77591133
2008-06-19,momentum,60,static,0.8632503,0.9871624
2008-06-20,momentum,60,static,1.1721535,0.9857963
2008-06-23,momentum,60,static,0.7635774,0.7172893
2008-06-24,momentum,60,static,0.95811963,1.0887687
2008-06-25,momentum,60,static,1.0744005,1.254836
2008-06-26,momentum,60,static,1.1540706,1.213474
2008-06-27,momentum,60,static,1.0761385,0.93694717
2008-06-30,momentum,60,static,0.9365819,0.84780896
2008-07-01,momentum,60,static,1.5240563,1.4059181
2008-07-02,momentum,60,static,1.1890116,1.4303364
2008-07-03,momentum,60,static,1.3173423,1.29525
2008-07-07,momentum,60,static,1.601295,1.1774532
2008-07-08,momentum,60,static,1.2554853,1.2666143
2008-07-09,momentum,60,static,1.1477916,1.3089588
2008-07-10,momentum,60,static,1.688679,1.2731702
2008-07-11,momentum,60,static,2.3083982,1.4464729
2008-07-14,momentum,60,static,1.5208642,1.3889269
2008-07-15,momentum,60,static,1.7954342,1.8575494
2008-07-16,momentum,60,static,1.4291751,1.6806839
2008-07-17,momentum,60,static,1.3366069,1.3493359
2008-07-18,momentum,60,static,0.9092453,0.95653343
2008-07-21,momentum,60,static,0.7031121,0.9290943
2008-07-22,momentum,60,static,1.0761218,1.4897647
2008-07-23,momentum,60,static,1.1627371,1.0451343
2008-07-24,momentum,60,static,0.9752411,1.3132446
2008-07-25,momentum,60,static,1.0933106,0.88277906
2008-07-28,momentum,60,static,0.8555648,1.2730153
2008-07-29,momentum,60,static,0.9752488,1.1987591
2008-07-30,momentum,60,static,1.2601446,1.0944265
2008-07-31,momentum,60,static,1.1173534,1.064884
2008-08-01,momentum,60,static,1.0689243,0.99366456
2008-08-04,momentum,60,static,0.83743495,0.9497696
2008-08-05,momentum,60,static,0.8706089,0.9873644
2008-08-06,momentum,60,static,0.78499955,0.9221102
2008-08-07,momentum,60,static,1.1400515,0.9631862
2008-08-08,momentum,60,static,0.8982277,1.1042053
2008-08-11,momentum,60,static,0.84126157,1.0089912
2008-08-12,momentum,60,static,0.9052927,0.88915515
2008-08-13,momentum,60,static,1.0556539,1.0417027
2008-08-14,momentum,60,static,0.9407297,1.1801484
2008-08-15,momentum,60,static,0.8759848,0.72517824
2008-08-18,momentum,60,static,0.9083198,0.9105779
2008-08-19,momentum,60,static,0.95954853,0.8218504
2008-08-20,momentum,60,static,1.0361773,0.85274816
2008-08-21,momentum,60,static,0.98858386,0.89430183
2008-08-22,momentum,60,static,0.9252074,0.90069133
2008-08-25,momentum,60,static,0.9087024,0.953374
2008-08-26,momentum,60,static,0.8230844,0.7580807
2008-08-27,momentum,60,static,0.77126145,0.72766197
2008-08-28,momentum,60,static,0.87900865,0.74745935
2008-08-29,momentum,60,static,0.7496418,0.8252272
2008-09-02,momentum,60,static,1.2319531,1.3046985
2008-09-03,momentum,60,static,1.0995353,0.786247
2008-09-04,momentum,60,static,1.2038983,1.3696175
2008-09-05,momentum,60,static,1.2989593,1.2458892
2008-09-08,momentum,60,static,2.5495,1.0754247
2008-09-09,momentum,60,static,1.4697345,1.5741129
2008-09-10,momentum,60,static,1.3546624,1.3048851
2008-09-11,momentum,60,static,1.9478952,1.6029134
2008-09-12,momentum,60,static,1.4416677,1.2780623
2008-09-15,momentum,60,static,3.0239663,2.352611
2008-09-16,momentum,60,static,3.5327346,2.1310673
2008-09-17,momentum,60,static,3.1532457,2.6153612
2008-09-18,momentum,60,static,4.041712,3.9291794
2008-09-19,momentum,60,static,3.5335634,2.5312693
2008-09-22,momentum,60,static,1.6703459,2.1721873
2008-09-23,momentum,60,static,1.9916995,2.4340045
2008-09-24,momentum,60,static,1.5598605,2.2580802
2008-09-25,momentum,60,static,1.672311,1.7732233
2008-09-26,momentum,60,static,2.0559895,1.5329446
2008-09-29,momentum,60,static,4.4667163,4.668335
2008-09-30,momentum,60,static,2.552127,1.9416642
2008-10-01,momentum,60,static,2.272052,3.3431263
2008-10-02,momentum,60,static,2.0999002,2.211442
2008-10-03,momentum,60,static,3.2951825,6.0576496
2008-10-06,momentum,60,static,4.2527885,7.08932
2008-10-07,momentum,60,static,3.012908,3.9250593
2008-10-08,momentum,60,static,4.996453,4.3982925
2008-10-09,momentum,60,static,4.1916947,7.5381503
2008-10-10,momentum,60,static,8.802125,9.879046
2008-10-13,momentum,60,static,4.027474,7.272958
2008-10-14,momentum,60,static,5.237396,5.870296
2008-10-15,momentum,60,static,4.146789,8.433289
2008-10-16,momentum,60,static,5.7170253,7.536083
2008-10-17,momentum,60,static,4.2947683,6.5643806
2008-10-20,momentum,60,static,2.846681,2.5414767
2008-10-21,momentum,60,static,2.813511,2.9988213
2008-10-22,momentum,60,static,3.7902324,5.1639066
2008-10-23,momentum,60,static,5.6097016,4.986312
2008-10-24,momentum,60,static,5.945595,3.6676583
2008-10-27,momentum,60,static,4.3658338,3.9335918
2008-10-28,momentum,60,static,5.035435,8.409526
2008-10-29,momentum,60,static,5.0140386,5.235711
2008-10-30,momentum,60,static,3.6886523,3.1448803
2008-10-31,momentum,60,static,3.0657432,3.2442095
2008-11-03,momentum,60,static,1.5781788,3.5801728
2008-11-04,momentum,60,static,2.3712213,2.367565
2008-11-05,momentum,60,static,2.7218072,2.5105932
2008-11-06,momentum,60,static,2.5916624,3.2363744
2008-11-07,momentum,60,static,2.7305174,2.2687805
2008-11-10,momentum,60,static,2.8229842,3.8416538
2008-11-11,momentum,60,static,3.363194,2.8280733
2008-11-12,momentum,60,static,2.6164079,3.6761494
2008-11-13,momentum,60,static,5.415312,8.176035
2008-11-14,momentum,60,static,4.2349067,3.2682097
2008-11-17,momentum,60,static,3.910969,2.9021251
2008-11-18,momentum,60,static,3.609559,3.589569
2008-11-19,momentum,60,static,3.423545,5.705078
2008-11-20,momentum,60,static,5.02206,6.055089
2008-11-21,momentum,60,static,5.5095563,4.824985
2008-11-24,momentum,60,static,3.7179196,5.648035
2008-11-25,momentum,60,static,3.5112157,2.6947563
2008-11-26,momentum,60,static,2.6839263,5.062232
2008-11-28,momentum,60,static,1.1677424,3.4433594
2008-12-01,momentum,60,static,3.6852376,4.676837
2008-12-02,momentum,60,static,3.3038785,1.6127882
2008-12-03,momentum,60,static,3.3214934,4.781442
2008-12-04,momentum,60,static,2.9897301,3.241333
2008-12-05,momentum,60,static,3.3611126,7.4589653
2008-12-08,momentum,60,static,2.7651768,3.6715882
2008-12-09,momentum,60,static,2.763897,2.110216
2008-12-10,momentum,60,static,2.3830123,2.127784
2008-12-11,momentum,60,static,2.3930767,2.4692926
2008-12-12,momentum,60,static,3.2557008,2.8740358
2008-12-15,momentum,60,static,1.8790005,2.2481823
2008-12-16,momentum,60,static,2.4977417,2.8626046
2008-12-17,momentum,60,static,2.428164,2.296731
2008-12-18,momentum,60,static,2.0424714,2.3459063
2008-12-19,momentum,60,static,2.0223343,2.0944676
2008-12-22,momentum,60,static,1.6751102,1.9181688
2008-12-23,momentum,60,static,1.5709935,1.8420496
2008-12-24,momentum,60,static,0.5831701,1.9125308
2008-12-26,momentum,60,static,0.67893845,1.1989822
2008-12-29,momentum,60,static,1.1034229,1.2526829
2008-12-30,momentum,60,static,1.200775,1.3720098
2008-12-31,momentum,60,static,1.2032403,1.5728773
2009-01-02,momentum,60,static,1.221229,1.8277359
2009-01-05,momentum,60,static,1.4744877,1.3907845
2009-01-06,momentum,60,static,1.6127517,1.5805968
2009-01-07,momentum,60,static,1.4974548,1.3792434
2009-01-08,momentum,60,static,1.539986,1.2460084
2009-01-09,momentum,60,static,1.7396296,1.2813483
2009-01-12,momentum,60,static,1.4322989,1.4117265
2009-01-13,momentum,60,static,1.8444904,1.6776118
2009-01-14,momentum,60,static,2.2332013,2.1337163
2009-01-15,momentum,60,static,2.4630482,2.5965219
2009-01-16,momentum,60,static,2.5986543,2.096439
2009-01-20,momentum,60,static,2.6278307,2.4234014
2009-01-21,momentum,60,static,2.6791694,2.4208388
2009-01-22,momentum,60,static,3.295134,2.200943
2009-01-23,momentum,60,static,3.304938,2.6906557
2009-01-26,momentum,60,static,2.223016,2.8522222
2009-01-27,momentum,60,static,1.9122373,1.8702362
2009-01-28,momentum,60,static,2.4215827,2.090364
2009-01-29,momentum,60,static,1.5614471,1.4324625
2009-01-30,momentum,60,static,1.7965508,1.8795452
2009-02-02,momentum,60,static,2.0106192,1.4047194
2009-02-03,momentum,60,static,1.6486613,1.6304232
2009-02-04,momentum,60,static,1.6369843,1.8826172
2009-02-05,momentum,60,static,2.0993435,2.0749931
2009-02-06,momentum,60,static,1.5920151,1.8381442
2009-02-09,momentum,60,static,1.5355989,1.4676205
2009-02-10,momentum,60,static,2.5891292,2.1012757
2009-02-11,momentum,60,static,1.8213227,1.4320636
2009-02-12,momentum,60,static,2.6972837,2.5385427
2009-02-13,momentum,60,static,1.7835042,1.4705243
2009-02-17,momentum,60,static,2.9150891,2.419853
2009-02-18,momentum,60,static,2.1753054,1.5943003
2009-02-19,momentum,60,static,1.9916345,1.9514186
2009-02-20,momentum,60,static,2.604157,2.1121352
2009-02-23,momentum,60,static,1.9441153,2.7066185
2009-02-24,momentum,60,static,2.367481,2.5114465
2009-02-25,momentum,60,static,2.4533172,2.127723
2009-02-26,momentum,60,static,2.3536034,2.2855287
2009-02-27,momentum,60,static,2.9553084,2.1332777
2009-03-02,momentum,60,static,2.3722649,2.2474442
2009-03-03,momentum,60,static,2.5955446,1.9793026
2009-03-04,momentum,60,static,2.2299466,2.5752695
2009-03-05,momentum,60,static,2.713462,2.5525835
2009-03-06,momentum,60,static,2.9256618,3.8522992
2009-03-09,momentum,60,static,2.3832529,2.3881123
2009-03-10,momentum,60,static,2.729985,2.973608
2009-03-11,momentum,60,static,2.2275276,2.976318
2009-03-12,momentum,60,static,1.7503701,3.2167008
2009-03-13,momentum,60,static,1.8969994,2.3040066
2009-03-16,momentum,60,static,1.8606906,2.316742
2009-03-17,momentum,60,static,1.9127212,1.9899704
2009-03-18,momentum,60,static,2.8516605,2.5664954
2009-03-19,momentum,60,static,2.063448,2.1540494
2009-03-20,momentum,60,static,1.7233617,1.564097
2009-03-23,momentum,60,static,2.4960635,3.2469404
2009-03-24,momentum,60,static,1.7698369,1.7723906
2009-03-25,momentum,60,static,2.3847575,3.1159763
2009-03-26,momentum,60,static,2.2984889,1.8231655
2009-03-27,momentum,60,static,1.7756114,1.8454051
2009-03-30,momentum,60,static,2.3465297,1.7548176
2009-03-31,momentum,60,static,1.7583565,1.5400031
2009-04-01,momentum,60,static,2.2095551,2.1866937
2009-04-02,momentum,60,static,2.4170802,1.9482816
2009-04-03,momentum,60,static,1.53685,1.6027675
2009-04-06,momentum,60,static,1.6953963,1.7377979
2009-04-07,momentum,60,static,2.326289,1.4398625
2009-04-08,momentum,60,static,1.5155185,1.4362122
2009-04-09,momentum,60,static,2.2163987,1.625451
2009-04-13,momentum,60,static,1.5761986,1.5113013
2009-04-14,momentum,60,static,1.6240464,1.1476568
2009-04-15,momentum,60,static,1.291941,1.3241856
2009-04-16,momentum,60,static,1.3717922,1.4339812
2009-04-17,momentum,60,static,1.183714,1.0252757
2009-04-20,momentum,60,static,2.0597003,1.5727621
2009-04-21,momentum,60,static,1.4308261,1.3043256
2009-04-22,momentum,60,static,1.744994,1.6517603
2009-04-23,momentum,60,static,1.5992795,1.4313123
2009-04-24,momentum,60,static,1.4508177,1.3338591
2009-04-27,momentum,60,static,1.6014925,1.412727
2009-04-28,momentum,60,static,1.4122853,1.3927245
2009-04-29,momentum,60,static,1.5792121,1.4307221
2009-04-30,momentum,60,static,1.6268842,1.6192752
2009-05-01,momentum,60,static,1.230238,1.3775762
2009-05-04,momentum,60,static,1.410236,1.5684361
2009-05-05,momentum,60,static,1.0988348,1.2467636
2009-05-06,momentum,60,static,1.7786391,1.0994836
2009-05-07,momentum,60,static,1.9022394,1.6649055
2009-05-08,momentum,60,static,1.793143,1.3887285
2009-05-11,momentum,60,static,1.362831,0.8681574
2009-05-12,momentum,60,static,1.3729221,1.3742621
2009-05-13,momentum,60,static,1.8909968,1.3090582
2009-05-14,momentum,60,static,1.2825612,1.2769349
2009-05-15,momentum,60,static,1.1501622,1.2491138
2009-05-18,momentum,60,static,1.2645183,1.0875261
2009-05-19,momentum,60,static,1.184815,1.1894367
2009-05-20,momentum,60,static,1.6729054,1.7643174
2009-05-21,momentum,60,static,1.509529,1.2571182
2009-05-22,momentum,60,static,1.1197933,1.5255036
2009-05-26,momentum,60,static,1.3851373,1.6173887
2009-05-27,momentum,60,static,1.3693912,1.1351086
2009-05-28,momentum,60,static,1.750999,1.4993415
2009-05-29,momentum,60,static,1.4489887,1.0578628
2009-06-01,momentum,60,static,1.2878876,1.4754938
2009-06-02,momentum,60,static,1.1630156,1.218376
2009-06-03,momentum,60,static,1.2123674,1.2924669
2009-06-04,momentum,60,static,0.8954287,1.235396
2009-06-05,momentum,60,static,1.5055118,1.5320234
2009-06-08,momentum,60,static,1.2523662,1.5553852
2009-06-09,momentum,60,static,0.97601277,1.0578587
2009-06-10,momentum,60,static,1.3372606,1.423574
2009-06-11,momentum,60,static,1.1946477,1.1978375
2009-06-12,momentum,60,static,0.9835573,1.043599
2009-06-15,momentum,60,static,1.3957874,0.96591985
2009-06-16,momentum,60,static,1.0399935,1.1519636
2009-06-17,momentum,60,static,1.2463961,1.1392119
2009-06-18,momentum,60,static,0.96054405,0.9846739
2009-06-19,momentum,60,static,0.9590874,0.78053665
2009-06-22,momentum,60,static,1.3873374,0.91756606
2009-06-23,momentum,60,static,1.2636722,0.89454705
2009-06-24,momentum,60,static,1.1783017,1.041672
2009-06-25,momentum,60,static,1.1450677,1.3478427
2009-06-26,momentum,60,static,0.994955,0.84453213
2009-06-29,momentum,60,static,0.81822544,1.0466051
2009-06-30,momentum,60,static,0.98671573,1.0811163
2007-08-01,extended,252,static,1.6718278,1.1712375
2007-08-02,extended,252,static,1.0545318,1.0663713
2007-08-03,extended,252,static,1.2634865,1.4058006
2007-08-06,extended,252,static,1.5228378,1.1807916
2007-08-07,extended,252,static,1.5802648,1.137368
2007-08-08,extended,252,static,1.177296,0.93365383
2007-08-09,extended,252,static,2.1938667,1.7256881
2007-08-10,extended,252,static,2.0329282,1.4543815
2007-08-13,extended,252,static,1.0790513,1.1764076
2007-08-14,extended,252,static,1.2419599,1.3057332
2007-08-15,extended,252,static,1.4086285,1.7397268
2007-08-16,extended,252,static,2.3308847,2.0576026
2007-08-17,extended,252,static,2.2522154,1.4064628
2007-08-20,extended,252,static,1.090452,1.0838912
2007-08-21,extended,252,static,0.98857677,1.0243938
2007-08-22,extended,252,static,1.1598293,0.86012197
2007-08-23,extended,252,static,0.9439304,0.90114784
2007-08-24,extended,252,static,0.59175897,0.84775376
2007-08-27,extended,252,static,0.61759686,0.6753398
2007-08-28,extended,252,static,0.7875693,1.2271342
2007-08-29,extended,252,static,1.0595468,1.1053078
2007-08-30,extended,252,static,1.145752,1.0434229
2007-08-31,extended,252,static,1.3263122,0.8282702
2007-09-04,extended,252,static,0.6176023,0.6610682
2007-09-05,extended,252,static,1.0097556,0.85255194
2007-09-06,extended,252,static,0.75078577,0.72475016
2007-09-07,extended,252,static,1.3905553,1.0436829
2007-09-10,extended,252,static,1.0879066,0.93989336
2007-09-11,extended,252,static,0.8977413,0.84058666
2007-09-12,extended,252,static,0.76248676,0.7937484
2007-09-13,extended,252,static,0.8040983,0.6751064
2007-09-14,extended,252,static,0.82566416,0.64169526
2007-09-17,extended,252,static,0.56728804,0.5727283
2007-09-18,extended,252,static,1.4727147,1.0044715
2007-09-19,extended,252,static,0.9417224,0.7595897
2007-09-20,extended,252,static,0.6428541,0.7988728
2007-09-21,extended,252,static,0.6494903,0.5226331
2007-09-24,extended,252,static,0.6367967,0.55369425
2007-09-25,extended,252,static,0.7038576,0.57101417
2007-09-26,extended,252,static,0.61366844,0.49691123
2007-09-27,extended,252,static,0.5321781,0.46071735
2007-09-28,extended,252,static,0.50032914,0.46501872
2007-10-01,extended,252,static,0.54628026,0.62140334
2007-10-02,extended,252,static,0.43112338,0.46965203
2007-10-03,extended,252,static,0.58972424,0.46460328
2007-10-04,extended,252,static,0.38272768,0.4303837
2007-10-05,extended,252,static,0.71397245,0.68906116
2007-10-08,extended,252,static,0.39922196,0.43184504
2007-10-09,extended,252,static,0.57080454,0.51124644
2007-10-10,extended,252,static,0.5209761,0.47464713
2007-10-11,extended,252,static,0.92419004,0.85696876
2007-10-12,extended,252,static,0.5672472,0.52837527
2007-10-15,extended,252,static,0.7145553,0.75181985
2007-10-16,extended,252,static,0.67439115,0.58358705
2007-10-17,extended,252,static,0.91757625,0.9129616
2007-10-18,extended,252,static,0.6790737,0.6950964
2007-10-19,extended,252,static,1.1055093,1.2126582
2007-10-22,extended,252,static,1.0594828,0.8968301
2007-10-23,extended,252,static,0.8465984,0.918653
2007-10-24,extended,252,static,1.4033185,1.0178243
2007-10-25,extended,252,static,1.1932651,0.99551666
2007-10-26,extended,252,static,0.80886334,0.7368499
2007-10-29,extended,252,static,0.60953456,0.5346478
2007-10-30,extended,252,static,0.5387273,0.5582247
2007-10-31,extended,252,static,1.1165581,0.7408613
2007-11-01,extended,252,static,1.4491733,1.3308245
2007-11-02,extended,252,static,1.4267976,1.0389702
2007-11-05,extended,252,static,1.2828665,1.0612518
2007-11-06,extended,252,static,0.88201135,0.91719687
2007-11-07,extended,252,static,1.4051869,1.552829
2007-11-08,extended,252,static,1.8736414,1.4344463
2007-11-09,extended,252,static,1.560577,1.4291196
2007-11-12,extended,252,static,1.3244675,1.4103869
2007-11-13,extended,252,static,1.122503,1.3072423
2007-11-14,extended,252,static,1.1282958,1.0308924
2007-11-15,extended,252,static,1.194422,1.3536562
2007-11-16,extended,252,static,1.3042824,0.9223908
2007-11-19,extended,252,static,1.2105434,1.0644569
2007-11-20,extended,252,static,1.7195501,1.2982748
2007-11-21,extended,252,static,1.4897027,1.3582432
2007-11-23,extended,252,static,0.958754,1.2352304
2007-11-26,extended,252,static,1.1303153,1.43802
2007-11-27,extended,252,static,1.427426,1.1275847
2007-11-28,extended,252,static,1.10864,1.1887555
2007-11-29,extended,252,static,1.0607367,0.9453362
2007-11-30,extended,252,static,1.302144,1.1072483
2007-12-03,extended,252,static,0.8708776,0.7681899
2007-12-04,extended,252,static,0.8663291,0.8112155
2007-12-05,extended,252,static,1.1051176,0.88236284
2007-12-06,extended,252,static,0.6471775,1.0218366
2007-12-07,extended,252,static,0.5555198,0.63403654
2007-12-10,extended,252,static,0.5558142,0.59783816
2007-12-11,extended,252,static,1.5148305,1.3945004
2007-12-12,extended,252,static,2.1373532,1.4008183
2007-12-13,extended,252,static,1.0571756,1.2210265
2007-12-14,extended,252,static,1.0063825,1.0085865
2007-12-17,extended,252,static,1.0156853,1.1789911
2007-12-18,extended,252,static,1.213597,1.1148535
2007-12-19,extended,252,static,0.9898298,0.98212576
2007-12-20,extended,252,static,0.8427926,0.7589761
2007-12-21,extended,252,static,0.94438356,0.7575612
2007-12-24,extended,252,static,0.4441711,0.5789839
2007-12-26,extended,252,static,0.4618206,0.63482356
2007-12-27,extended,252,static,0.6217016,0.8763311
2007-12-28,extended,252,static,0.7754581,0.73660564
2007-12-31,extended,252,static,0.61130553,0.596609
2008-01-02,extended,252,static,1.0530771,1.1613672
2008-01-03,extended,252,static,0.80877495,0.87272704
2008-01-04,extended,252,static,1.2991108,1.3189629
2008-01-07,extended,252,static,1.3807558,1.1847502
2008-01-08,extended,252,static,1.5058283,1.6354373
2008-01-09,extended,252,static,1.5742716,1.4161977
2008-01-10,extended,252,static,1.8811376,1.589048
2008-01-11,extended,252,static,1.4951758,1.4846513
2008-01-14,extended,252,static,0.95996803,0.94289005
2008-01-15,extended,252,static,1.2201732,1.3657342
2008-01-16,extended,252,static,1.5963427,1.5312527
2008-01-17,extended,252,static,1.7128186,2.1315737
2008-01-18,extended,252,static,1.9202243,2.0153122
2008-01-22,extended,252,static,3.9248676,2.1996357
2008-01-23,extended,252,static,3.5173955,2.8956957
2008-01-24,extended,252,static,1.7193947,1.7144927
2008-01-25,extended,252,static,1.6763679,1.8488185
2008-01-28,extended,252,static,1.4217528,1.5172291
2008-01-29,extended,252,static,1.0022706,1.0693765
2008-01-30,extended,252,static,1.5117798,1.5027375
2008-01-31,extended,252,static,2.2185607,1.9349439
2008-02-01,extended,252,static,1.17771,1.3422253
2008-02-04,extended,252,static,0.8220022,1.0265818
2008-02-05,extended,252,static,1.8209659,1.8024822
2008-02-06,extended,252,static,1.1819025,1.8139536
2008-02-07,extended,252,static,1.6257067,1.8854014
2008-02-08,extended,252,static,1.2564852,1.5549388
2008-02-11,extended,252,static,0.9540772,1.2276366
2008-02-12,extended,252,static,1.261581,1.0685519
2008-02-13,extended,252,static,1.1396948,1.034212
2008-02-14,extended,252,static,1.0863839,1.1786555
2008-02-15,extended,252,static,0.86097443,1.0488837
2008-02-19,extended,252,static,1.1692086,1.1653017
2008-02-20,extended,252,static,1.4265395,1.1964574
2008-02-21,extended,252,static,1.0697027,1.3610702
2008-02-22,extended,252,static,1.2396327,1.2991728
2008-02-25,extended,252,static,1.3419789,1.1510926
2008-02-26,extended,252,static,0.9973722,1.1804998
2008-02-27,extended,252,static,1.082386,0.9855628
2008-02-28,extended,252,static,1.0218838,1.0721018
2008-02-29,extended,252,static,1.2593355,1.3824561
2008-03-03,extended,252,static,1.0989679,1.1047461
2008-03-04,extended,252,static,1.4312714,1.5666163
2008-03-05,extended,252,static,1.2723385,1.3759909
2008-03-06,extended,252,static,1.234841,1.6228247
2008-03-07,extended,252,static,1.8052349,1.7273077
2008-03-10,extended,252,static,1.222146,1.402214
2008-03-11,extended,252,static,2.320334,1.5699252
2008-03-12,extended,252,static,1.0775645,1.591773
2008-03-13,extended,252,static,2.0191429,1.8958058
2008-03-14,extended,252,static,2.3841417,2.0039856
2008-03-17,extended,252,static,2.2045317,1.8174446
2008-03-18,extended,252,static,2.3845148,1.9091613
2008-03-19,extended,252,static,1.6087004,2.1470013
2008-03-20,extended,252,static,1.1801345,2.0343614
2008-03-24,extended,252,static,1.0612916,1.3792176
2008-03-25,extended,252,static,0.9686494,1.149162
2008-03-26,extended,252,static,1.0520736,1.0682243
2008-03-27,extended,252,static,1.1229486,1.1752231
2008-03-28,extended,252,static,0.9389823,1.3814633
2008-03-31,extended,252,static,0.91788596,1.0799072
2008-04-01,extended,252,static,1.3439156,1.5314393
2008-04-02,extended,252,static,0.8817394,0.9943671
2008-04-03,extended,252,static,0.8856404,1.0254271
2008-04-04,extended,252,static,0.85713655,0.95650303
2008-04-07,extended,252,static,0.8542979,0.9743037
2008-04-08,extended,252,static,0.8799234,0.86187816
2008-04-09,extended,252,static,0.71123165,0.9264777
2008-04-10,extended,252,static,0.8668627,0.97263455
2008-04-11,extended,252,static,1.1842502,1.0100988
2008-04-14,extended,252,static,0.7099435,0.80769026
2008-04-15,extended,252,static,0.8432462,0.9140495
2008-04-16,extended,252,static,1.0010043,1.2384104
2008-04-17,extended,252,static,0.7720801,0.809937
2008-04-18,extended,252,static,1.6248907,1.2368331
2008-04-21,extended,252,static,0.59707934,0.6755099
2008-04-22,extended,252,static,0.7977572,0.9250436
2008-04-23,extended,252,static,0.79788005,0.8302747
2008-04-24,extended,252,static,1.0890502,1.2809635
2008-04-25,extended,252,static,0.9663892,0.9320358
2008-04-28,extended,252,static,0.6196455,0.67849064
2008-04-29,extended,252,static,0.57439303,0.69544053
2008-04-30,extended,252,static,1.1776272,0.970037
2008-05-01,extended,252,static,0.8206019,1.1136047
2008-05-02,extended,252,static,1.2258779,0.8225962
2008-05-05,extended,252,static,0.67501754,0.7207675
2008-05-06,extended,252,static,0.8485956,0.9541757
2008-05-07,extended,252,static,0.7097915,0.9830059
2008-05-08,extended,252,static,0.859231,0.8188982
2008-05-09,extended,252,static,0.9795941,0.7516302
2008-05-12,extended,252,static,0.60077935,0.82642865
2008-05-13,extended,252,static,0.52369165,0.7143295
2008-05-14,extended,252,static,0.6433611,0.63416743
2008-05-15,extended,252,static,0.6959373,0.6460608
2008-05-16,extended,252,static,0.6224373,0.70938194
2008-05-19,extended,252,static,0.7479857,0.690048
2008-05-20,extended,252,static,0.8097821,0.70387995
2008-05-21,extended,252,static,0.9861004,1.0798483
2008-05-22,extended,252,static,0.6671489,0.79926836
2008-05-23,extended,252,static,0.7917137,0.8678037
2008-05-27,extended,252,static,0.77967155,0.766361
2008-05-28,extended,252,static,0.74578756,0.6816497
2008-05-29,extended,252,static,0.6745463,0.9267136
2008-05-30,extended,252,static,0.6231141,0.5624893
2008-06-02,extended,252,static,0.7787525,0.8473692
2008-06-03,extended,252,static,0.87531495,0.9544747
2008-06-04,extended,252,static,1.0268135,0.8492919
2008-06-05,extended,252,static,0.8476007,1.10093
2008-06-06,extended,252,static,1.3171287,1.4815295
2008-06-09,extended,252,static,1.0381751,1.2253493
2008-06-10,extended,252,static,1.1607271,1.1323621
2008-06-11,extended,252,static,1.0310018,1.0610588
2008-06-12,extended,252,static,1.0975835,1.4095075
2008-06-13,extended,252,static,1.1124655,0.9819944
2008-06-16,extended,252,static,0.8265463,0.722957
2008-06-17,extended,252,static,0.8965383,0.7073808
2008-06-18,extended,252,static,1.0684395,0.80925524
2008-06-19,extended,252,static,0.8632503,0.99572396
2008-06-20,extended,252,static,1.1721535,1.1093087
2008-06-23,extended,252,static,0.7635774,0.8935107
2008-06-24,extended,252,static,0.95811963,1.2005727
2008-06-25,extended,252,static,1.0744005,1.1378851
2008-06-26,extended,252,static,1.1540706,1.409415
2008-06-27,extended,252,static,1.0761385,1.3338201
2008-06-30,extended,252,static,0.9365819,1.2302046
2008-07-01,extended,252,static,1.5240563,1.2639047
2008-07-02,extended,252,static,1.1890116,1.6475458
2008-07-03,extended,252,static,1.3173423,1.4992089
2008-07-07,extended,252,static,1.601295,1.6183691
2008-07-08,extended,252,static,1.2554853,1.4580171
2008-07-09,extended,252,static,1.1477916,1.5256702
2008-07-10,extended,252,static,1.688679,1.4088097
2008-07-11,extended,252,static,2.3083982,1.5845236
2008-07-14,extended,252,static,1.5208642,1.5990736
2008-07-15,extended,252,static,1.7954342,1.8793796
2008-07-16,extended,252,static,1.4291751,1.642977
2008-07-17,extended,252,static,1.3366069,1.3646964
2008-07-18,extended,252,static,0.9092453,1.0302823
2008-07-21,extended,252,static,0.7031121,0.8604913
2008-07-22,extended,252,static,1.0761218,1.2394772
2008-07-23,extended,252,static,1.1627371,1.0430377
2008-07-24,extended,252,static,0.9752411,1.4662902
2008-07-25,extended,252,static,1.0933106,0.89157224
2008-07-28,extended,252,static,0.8555648,1.2761089
2008-07-29,extended,252,static,0.9752488,1.1378202
2008-07-30,extended,252,static,1.2601446,1.0200013
2008-07-31,extended,252,static,1.1173534,1.0411941
2008-08-01,extended,252,static,1.0689243,0.9818773
2008-08-04,extended,252,static,0.83743495,1.0661619
2008-08-05,extended,252,static,0.8706089,1.1231623
2008-08-06,extended,252,static,0.78499955,0.8575816
2008-08-07,extended,252,static,1.1400515,1.041965
2008-08-08,extended,252,static,0.8982277,1.4952211
2008-08-11,extended,252,static,0.84126157,1.0850708
2008-08-12,extended,252,static,0.9052927,0.9883759
2008-08-13,extended,252,static,1.0556539,1.0956999
2008-08-14,extended,252,static,0.9407297,1.1196604
2008-08-15,extended,252,static,0.8759848,0.82031155
2008-08-18,extended,252,static,0.9083198,1.1119635
2008-08-19,extended,252,static,0.95954853,0.8037249
2008-08-20,extended,252,static,1.0361773,0.8472321
2008-08-21,extended,252,static,0.98858386,1.0760231
2008-08-22,extended,252,static,0.9252074,0.938287
2008-08-25,extended,252,static,0.9087024,0.98748827
2008-08-26,extended,252,static,0.8230844,0.7818732
2008-08-27,extended,252,static,0.77126145,0.8707651
2008-08-28,extended,252,static,0.87900865,0.76439977
2008-08-29,extended,252,static,0.7496418,0.7892344
2008-09-02,extended,252,static,1.2319531,1.4448891
2008-09-03,extended,252,static,1.0995353,0.8286066
2008-09-04,extended,252,static,1.2038983,1.7035574
2008-09-05,extended,252,static,1.2989593,1.5653455
2008-09-08,extended,252,static,2.5495,1.2116764
2008-09-09,extended,252,static,1.4697345,1.9513404
2008-09-10,extended,252,static,1.3546624,1.4870856
2008-09-11,extended,252,static,1.9478952,1.8964481
2008-09-12,extended,252,static,1.4416677,1.4460243
2008-09-15,extended,252,static,3.0239663,2.601178
2008-09-16,extended,252,static,3.5327346,1.9436617
2008-09-17,extended,252,static,3.1532457,3.0781446
2008-09-18,extended,252,static,4.041712,3.299378
2008-09-19,extended,252,static,3.5335634,2.578251
2008-09-22,extended,252,static,1.6703459,2.5597658
2008-09-23,extended,252,static,1.9916995,2.3823576
2008-09-24,extended,252,static,1.5598605,1.864965
2008-09-25,extended,252,static,1.672311,1.6550493
2008-09-26,extended,252,static,2.0559895,1.6645693
2008-09-29,extended,252,static,4.4667163,5.4376717
2008-09-30,extended,252,static,2.552127,2.095904
2008-10-01,extended,252,static,2.272052,4.7954373
2008-10-02,extended,252,static,2.0999002,3.8385673
2008-10-03,extended,252,static,3.2951825,3.971887
2008-10-06,extended,252,static,4.2527885,4.5803547
2008-10-07,extended,252,static,3.012908,4.009365
2008-10-08,extended,252,static,4.996453,4.5807643
2008-10-09,extended,252,static,4.1916947,7.4747787
2008-10-10,extended,252,static,8.802125,6.6108403
2008-10-13,extended,252,static,4.027474,5.2437305
2008-10-14,extended,252,static,5.237396,5.4521775
2008-10-15,extended,252,static,4.146789,6.955685
2008-10-16,extended,252,static,5.7170253,5.4378695
2008-10-17,extended,252,static,4.2947683,6.043505
2008-10-20,extended,252,static,2.846681,4.993135
2008-10-21,extended,252,static,2.813511,2.7549415
2008-10-22,extended,252,static,3.7902324,4.982572
2008-10-23,extended,252,static,5.6097016,4.3343463
2008-10-24,extended,252,static,5.945595,4.4284015
2008-10-27,extended,252,static,4.3658338,4.7325835
2008-10-28,extended,252,static,5.035435,5.4175496
2008-10-29,extended,252,static,5.0140386,4.4855313
2008-10-30,extended,252,static,3.6886523,3.1069713
2008-10-31,extended,252,static,3.0657432,3.7000797
2008-11-03,extended,252,static,1.5781788,3.0701313
2008-11-04,extended,252,static,2.3712213,2.4430723
2008-11-05,extended,252,static,2.7218072,3.0971372
2008-11-06,extended,252,static,2.5916624,3.6160827
2008-11-07,extended,252,static,2.7305174,2.94366
2008-11-10,extended,252,static,2.8229842,4.0422134
2008-11-11,extended,252,static,3.363194,2.959003
2008-11-12,extended,252,static,2.6164079,3.2374778
2008-11-13,extended,252,static,5.415312,6.0546083
2008-11-14,extended,252,static,4.2349067,3.6253672
2008-11-17,extended,252,static,3.910969,3.7588146
2008-11-18,extended,252,static,3.609559,3.6493616
2008-11-19,extended,252,static,3.423545,4.5426154
2008-11-20,extended,252,static,5.02206,5.8234205
2008-11-21,extended,252,static,5.5095563,5.923995
2008-11-24,extended,252,static,3.7179196,5.3441405
2008-11-25,extended,252,static,3.5112157,3.3259747
2008-11-26,extended,252,static,2.6839263,3.8584008
2008-11-28,extended,252,static,1.1677424,2.758481
2008-12-01,extended,252,static,3.6852376,5.38738
2008-12-02,extended,252,static,3.3038785,2.5901847
2008-12-03,extended,252,static,3.3214934,5.776977
2008-12-04,extended,252,static,2.9897301,4.4596796
2008-12-05,extended,252,static,3.3611126,4.4295516
2008-12-08,extended,252,static,2.7651768,3.0430567
2008-12-09,extended,252,static,2.763897,2.2777438
2008-12-10,extended,252,static,2.3830123,2.4139698
2008-12-11,extended,252,static,2.3930767,3.1028848
2008-12-12,extended,252,static,3.2557008,2.9008288
2008-12-15,extended,252,static,1.8790005,2.6521091
2008-12-16,extended,252,static,2.4977417,2.6990454
2008-12-17,extended,252,static,2.428164,2.4767199
2008-12-18,extended,252,static,2.0424714,2.5892556
2008-12-19,extended,252,static,2.0223343,2.326936
2008-12-22,extended,252,static,1.6751102,2.2183242
2008-12-23,extended,252,static,1.5709935,2.6506166
2008-12-24,extended,252,static,0.5831701,1.9275299
2008-12-26,extended,252,static,0.67893845,1.4665914
2008-12-29,extended,252,static,1.1034229,1.7013149
2008-12-30,extended,252,static,1.200775,1.5129807
2008-12-31,extended,252,static,1.2032403,1.9076822
2009-01-02,extended,252,static,1.221229,2.095367
2009-01-05,extended,252,static,1.4744877,1.7102228
2009-01-06,extended,252,static,1.6127517,1.6853781
2009-01-07,extended,252,static,1.4974548,1.7894627
2009-01-08,extended,252,static,1.539986,1.6522439
2009-01-09,extended,252,static,1.7396296,1.7453313
2009-01-12,extended,252,static,1.4322989,1.8047163
2009-01-13,extended,252,static,1.8444904,1.7676148
2009-01-14,extended,252,static,2.2332013,2.2479901
2009-01-15,extended,252,static,2.4630482,2.8788478
2009-01-16,extended,252,static,2.5986543,2.5619402
2009-01-20,extended,252,static,2.6278307,3.0503025
2009-01-21,extended,252,static,2.6791694,2.3989782
2009-01-22,extended,252,static,3.295134,3.2189744
2009-01-23,extended,252,static,3.304938,3.476861
2009-01-26,extended,252,static,2.223016,2.475213
2009-01-27,extended,252,static,1.9122373,2.0008283
2009-01-28,extended,252,static,2.4215827,1.9625363
2009-01-29,extended,252,static,1.5614471,1.9242251
2009-01-30,extended,252,static,1.7965508,2.559058
2009-02-02,extended,252,static,2.0106192,1.9757285
2009-02-03,extended,252,static,1.6486613,1.9021637
2009-02-04,extended,252,static,1.6369843,2.2139187
2009-02-05,extended,252,static,2.0993435,2.3002415
2009-02-06,extended,252,static,1.5920151,1.9467
2009-02-09,extended,252,static,1.5355989,1.7340323
2009-02-10,extended,252,static,2.5891292,2.678763
2009-02-11,extended,252,static,1.8213227,2.001419
2009-02-12,extended,252,static,2.6972837,2.8489347
2009-02-13,extended,252,static,1.7835042,2.111682
2009-02-17,extended,252,static,2.9150891,2.1838155
2009-02-18,extended,252,static,2.1753054,2.3244908
2009-02-19,extended,252,static,1.9916345,2.488337
2009-02-20,extended,252,static,2.604157,2.9579115
2009-02-23,extended,252,static,1.9441153,2.87563
2009-02-24,extended,252,static,2.367481,2.6614993
2009-02-25,extended,252,static,2.4533172,2.4550276
2009-02-26,extended,252,static,2.3536034,2.9668646
2009-02-27,extended,252,static,2.9553084,2.284408
2009-03-02,extended,252,static,2.3722649,2.6762762
2009-03-03,extended,252,static,2.5955446,2.4104736
2009-03-04,extended,252,static,2.2299466,3.2600484
2009-03-05,extended,252,static,2.713462,2.9115493
2009-03-06,extended,252,static,2.9256618,3.7665935
2009-03-09,extended,252,static,2.3832529,2.9583712
2009-03-10,extended,252,static,2.729985,2.9995935
2009-03-11,extended,252,static,2.2275276,2.5919292
2009-03-12,extended,252,static,1.7503701,3.269425
2009-03-13,extended,252,static,1.8969994,1.7572824
2009-03-16,extended,252,static,1.8606906,2.5605216
2009-03-17,extended,252,static,1.9127212,2.0958066
2009-03-18,extended,252,static,2.8516605,2.7407775
2009-03-19,extended,252,static,2.063448,2.3377056
2009-03-20,extended,252,static,1.7233617,1.7808837
2009-03-23,extended,252,static,2.4960635,2.93964
2009-03-24,extended,252,static,1.7698369,1.6849174
2009-03-25,extended,252,static,2.3847575,3.3624659
2009-03-26,extended,252,static,2.2984889,1.8573494
2009-03-27,extended,252,static,1.7756114,1.7440319
2009-03-30,extended,252,static,2.3465297,2.1430542
2009-03-31,extended,252,static,1.7583565,2.0658052
2009-04-01,extended,252,static,2.2095551,2.573758
2009-04-02,extended,252,static,2.4170802,2.3042262
2009-04-03,extended,252,static,1.53685,1.8252244
2009-04-06,extended,252,static,1.6953963,2.4130244
2009-04-07,extended,252,static,2.326289,1.5816507
2009-04-08,extended,252,static,1.5155185,1.7348149
2009-04-09,extended,252,static,2.2163987,2.0724678
2009-04-13,extended,252,static,1.5761986,1.7596121
2009-04-14,extended,252,static,1.6240464,1.3483983
2009-04-15,extended,252,static,1.291941,1.525177
2009-04-16,extended,252,static,1.3717922,1.9180725
2009-04-17,extended,252,static,1.183714,1.5688632
2009-04-20,extended,252,static,2.0597003,2.0279324
2009-04-21,extended,252,static,1.4308261,1.607442
2009-04-22,extended,252,static,1.744994,1.7941685
2009-04-23,extended,252,static,1.5992795,1.8930899
2009-04-24,extended,252,static,1.4508177,1.4079489
2009-04-27,extended,252,static,1.6014925,1.3167784
2009-04-28,extended,252,static,1.4122853,1.561544
2009-04-29,extended,252,static,1.5792121,1.5879507
2009-04-30,extended,252,static,1.6268842,1.8003315
2009-05-01,extended,252,static,1.230238,1.5652726
2009-05-04,extended,252,static,1.410236,1.6710094
2009-05-05,extended,252,static,1.0988348,1.2253574
2009-05-06,extended,252,static,1.7786391,1.2857192
2009-05-07,extended,252,static,1.9022394,1.7025201
2009-05-08,extended,252,static,1.793143,1.5121262
2009-05-11,extended,252,static,1.362831,1.024871
2009-05-12,extended,252,static,1.3729221,1.5369213
2009-05-13,extended,252,static,1.8909968,1.5064803
2009-05-14,extended,252,static,1.2825612,1.4109993
2009-05-15,extended,252,static,1.1501622,1.6206526
2009-05-18,extended,252,static,1.2645183,1.6204594
2009-05-19,extended,252,static,1.184815,1.092436
2009-05-20,extended,252,static,1.6729054,1.6703404
2009-05-21,extended,252,static,1.509529,1.3497533
2009-05-22,extended,252,static,1.1197933,1.3674922
2009-05-26,extended,252,static,1.3851373,1.6756016
2009-05-27,extended,252,static,1.3693912,1.3504279
2009-05-28,extended,252,static,1.750999,1.7549505
2009-05-29,extended,252,static,1.4489887,1.2869401
2009-06-01,extended,252,static,1.2878876,1.6935909
2009-06-02,extended,252,static,1.1630156,1.1227269
2009-06-03,extended,252,static,1.2123674,1.2824447
2009-06-04,extended,252,static,0.8954287,1.335294
2009-06-05,extended,252,static,1.5055118,1.4825462
2009-06-08,extended,252,static,1.2523662,1.5598502
2009-06-09,extended,252,static,0.97601277,1.0244085
2009-06-10,extended,252,static,1.3372606,1.4449254
2009-06-11,extended,252,static,1.1946477,1.5062153
2009-06-12,extended,252,static,0.9835573,1.0391822
2009-06-15,extended,252,static,1.3957874,1.2831055
2009-06-16,extended,252,static,1.0399935,1.2301251
2009-06-17,extended,252,static,1.2463961,1.3139051
2009-06-18,extended,252,static,0.96054405,1.178076
2009-06-19,extended,252,static,0.9590874,0.9879923
2009-06-22,extended,252,static,1.3873374,1.2619102
2009-06-23,extended,252,static,1.2636722,1.0511037
2009-06-24,extended,252,static,1.1783017,1.3270094
2009-06-25,extended,252,static,1.1450677,1.6571456
2009-06-26,extended,252,static,0.994955,0.9838437
2009-06-29,extended,252,static,0.81822544,1.153322
2009-06-30,extended,252,static,0.98671573,1.040344
2007-08-01,core,252,expanding,1.671827793121338,1.2340734004974365
2007-08-02,core,252,expanding,1.0545318126678467,0.9603468775749207
2007-08-03,core,252,expanding,1.2634865045547485,1.5216684341430664
2007-08-06,core,252,expanding,1.52283775806427,1.2182520627975464
2007-08-07,core,252,expanding,1.5802648067474365,1.256500244140625
2007-08-08,core,252,expanding,1.1772960424423218,1.1693097352981567
2007-08-09,core,252,expanding,2.193866729736328,1.8238794803619385
2007-08-10,core,252,expanding,2.032928228378296,1.5562164783477783
2007-08-13,core,252,expanding,1.0790512561798096,0.8458738327026367
2007-08-14,core,252,expanding,1.2419599294662476,1.3800772428512573
2007-08-15,core,252,expanding,1.4086284637451172,1.6008877754211426
2007-08-16,core,252,expanding,2.3308846950531006,1.7900043725967407
2007-08-17,core,252,expanding,2.2522153854370117,1.3922929763793945
2007-08-20,core,252,expanding,1.090451955795288,1.0285816192626953
2007-08-21,core,252,expanding,0.9885767698287964,0.8241803646087646
2007-08-22,core,252,expanding,1.1598292589187622,0.8480132222175598
2007-08-23,core,252,expanding,0.9439303874969482,1.0478489398956299
2007-08-24,core,252,expanding,0.5917589664459229,0.8623839020729065
2007-08-27,core,252,expanding,0.6175968647003174,0.7018373608589172
2007-08-28,core,252,expanding,0.7875692844390869,1.1820650100708008
2007-08-29,core,252,expanding,1.0595468282699585,1.1463747024536133
2007-08-30,core,252,expanding,1.145751953125,1.1434324979782104
2007-08-31,core,252,expanding,1.3263121843338013,1.2671680450439453
2007-09-04,core,252,expanding,0.6176022887229919,1.2247538566589355
2007-09-05,core,252,expanding,1.0097556114196777,1.153347134590149
2007-09-06,core,252,expanding,0.750785768032074,0.9837248921394348
2007-09-07,core,252,expanding,1.3905552625656128,1.2062188386917114
2007-09-10,core,252,expanding,1.0879065990447998,1.2888579368591309
2007-09-11,core,252,expanding,0.8977413177490234,0.9761970639228821
2007-09-12,core,252,expanding,0.7624867558479309,1.0309503078460693
2007-09-13,core,252,expanding,0.8040983080863953,0.9908896088600159
2007-09-14,core,252,expanding,0.8256641626358032,0.8112581968307495
2007-09-17,core,252,expanding,0.5672880411148071,0.8081019520759583
2007-09-18,core,252,expanding,1.4727146625518799,1.122634768486023
2007-09-19,core,252,expanding,0.9417223930358887,1.1183950901031494
2007-09-20,core,252,expanding,0.6428540945053101,0.9702720046043396
2007-09-21,core,252,expanding,0.6494902968406677,0.7149129509925842
2007-09-24,core,252,expanding,0.6367967128753662,0.8718899488449097
2007-09-25,core,252,expanding,0.7038576006889343,0.7363978028297424
2007-09-26,core,252,expanding,0.6136684417724609,0.7010756134986877
2007-09-27,core,252,expanding,0.5321781039237976,0.4863910377025604
2007-09-28,core,252,expanding,0.5003291368484497,0.4405868947505951
2007-10-01,core,252,expanding,0.5462802648544312,0.5921180844306946
2007-10-02,core,252,expanding,0.43112337589263916,0.48865607380867004
2007-10-03,core,252,expanding,0.5897242426872253,0.5189968943595886
2007-10-04,core,252,expanding,0.3827276825904846,0.45280709862709045
2007-10-05,core,252,expanding,0.7139724493026733,0.6955385804176331
2007-10-08,core,252,expanding,0.3992219567298889,0.4383644759654999
2007-10-09,core,252,expanding,0.5708045363426208,0.48499825596809387
2007-10-10,core,252,expanding,0.5209761261940002,0.5313249230384827
2007-10-11,core,252,expanding,0.9241900444030762,1.0043503046035767
2007-10-12,core,252,expanding,0.567247211933136,0.473542183637619
2007-10-15,core,252,expanding,0.7145553231239319,0.8031524419784546
2007-10-16,core,252,expanding,0.6743911504745483,0.6782220005989075
2007-10-17,core,252,expanding,0.917576253414154,0.8942543268203735
2007-10-18,core,252,expanding,0.679073691368103,0.6167601346969604
2007-10-19,core,252,expanding,1.1055092811584473,1.1315973997116089
2007-10-22,core,252,expanding,1.0594828128814697,0.876978874206543
2007-10-23,core,252,expanding,0.8465983867645264,0.7707106471061707
2007-10-24,core,252,expanding,1.4033185243606567,1.1315321922302246
2007-10-25,core,252,expanding,1.1932650804519653,0.9797641634941101
2007-10-26,core,252,expanding,0.8088633418083191,0.7385085225105286
2007-10-29,core,252,expanding,0.6095345616340637,0.5339294672012329
2007-10-30,core,252,expanding,0.5387272834777832,0.6222324967384338
2007-10-31,core,252,expanding,1.1165580749511719,0.6288807988166809
2007-11-01,core,252,expanding,1.4491733312606812,1.0834943056106567
2007-11-02,core,252,expanding,1.42679762840271,1.0566655397415161
2007-11-05,core,252,expanding,1.2828664779663086,1.1511425971984863
2007-11-06,core,252,expanding,0.882011353969574,0.9548843502998352
2007-11-07,core,252,expanding,1.4051868915557861,1.268133521080017
2007-11-08,core,252,expanding,1.8736413717269897,1.379520058631897
2007-11-09,core,252,expanding,1.5605770349502563,1.55945885181427
2007-11-12,core,252,expanding,1.3244675397872925,1.3421919345855713
2007-11-13,core,252,expanding,1.1225030422210693,1.3685365915298462
2007-11-14,core,252,expanding,1.1282957792282104,1.223678708076477
2007-11-15,core,252,expanding,1.1944220066070557,1.2311680316925049
2007-11-16,core,252,expanding,1.3042824268341064,0.9359948039054871
2007-11-19,core,252,expanding,1.2105433940887451,1.0891112089157104
2007-11-20,core,252,expanding,1.7195501327514648,1.2562134265899658
2007-11-21,core,252,expanding,1.4897027015686035,1.1720038652420044
2007-11-23,core,252,expanding,0.9587540030479431,1.0878952741622925
2007-11-26,core,252,expanding,1.1303153038024902,1.5982863903045654
2007-11-27,core,252,expanding,1.4274259805679321,1.1658759117126465
2007-11-28,core,252,expanding,1.1086399555206299,1.35616934299469
2007-11-29,core,252,expanding,1.0607366561889648,1.0481634140014648
2007-11-30,core,252,expanding,1.3021440505981445,1.0130953788757324
2007-12-03,core,252,expanding,0.8708776235580444,0.8139582276344299
2007-12-04,core,252,expanding,0.8663290739059448,0.797247588634491
2007-12-05,core,252,expanding,1.1051175594329834,0.8805537223815918
2007-12-06,core,252,expanding,0.647177517414093,0.9913451671600342
2007-12-07,core,252,expanding,0.5555198192596436,0.6916955709457397
2007-12-10,core,252,expanding,0.5558142066001892,0.5215083360671997
2007-12-11,core,252,expanding,1.514830470085144,1.339831829071045
2007-12-12,core,252,expanding,2.1373531818389893,1.5655272006988525
2007-12-13,core,252,expanding,1.057175636291504,1.0848822593688965
2007-12-14,core,252,expanding,1.0063824653625488,1.13263738155365
2007-12-17,core,252,expanding,1.0156853199005127,1.2778959274291992
2007-12-18,core,252,expanding,1.213597059249878,1.0697338581085205
2007-12-19,core,252,expanding,0.9898297786712646,1.0480746030807495
2007-12-20,core,252,expanding,0.8427925705909729,0.9245967864990234
2007-12-21,core,252,expanding,0.9443835616111755,0.887333333492279
2007-12-24,core,252,expanding,0.44417110085487366,0.6546898484230042
2007-12-26,core,252,expanding,0.4618206024169922,0.7303572297096252
2007-12-27,core,252,expanding,0.6217015981674194,0.8436172008514404
2007-12-28,core,252,expanding,0.7754580974578857,0.8865954279899597
2007-12-31,core,252,expanding,0.6113055348396301,0.7243487238883972
2008-01-02,core,252,expanding,1.0530771017074585,1.13700270652771
2008-01-03,core,252,expanding,0.8087749481201172,0.9222726821899414
2008-01-04,core,252,expanding,1.299110770225525,1.3740345239639282
2008-01-07,core,252,expanding,1.3807557821273804,1.0143319368362427
2008-01-08,core,252,expanding,1.5058282613754272,1.6145764589309692
2008-01-09,core,252,expanding,1.574271559715271,1.3564345836639404
2008-01-10,core,252,expanding,1.8811376094818115,1.482513666152954
2008-01-11,core,252,expanding,1.495175838470459,1.402491569519043
2008-01-14,core,252,expanding,0.9599680304527283,0.8455008268356323
2008-01-15,core,252,expanding,1.2201732397079468,1.5125806331634521
2008-01-16,core,252,expanding,1.59634268283844,1.4726399183273315
2008-01-17,core,252,expanding,1.7128186225891113,2.2012522220611572
2008-01-18,core,252,expanding,1.9202243089675903,2.1001431941986084
2008-01-22,core,252,expanding,3.924867630004883,2.298391580581665
2008-01-23,core,252,expanding,3.517395496368408,2.9016261100769043
2008-01-24,core,252,expanding,1.7193946838378906,1.810042381286621
2008-01-25,core,252,expanding,1.6763678789138794,2.1667332649230957
2008-01-28,core,252,expanding,1.4217528104782104,1.3537930250167847
2008-01-29,core,252,expanding,1.0022705793380737,1.2208170890808105
2008-01-30,core,252,expanding,1.51177978515625,1.5027602910995483
2008-01-31,core,252,expanding,2.2185606956481934,1.9896191358566284
2008-02-01,core,252,expanding,1.1777100563049316,1.2724894285202026
2008-02-04,core,252,expanding,0.8220021724700928,0.944024384021759
2008-02-05,core,252,expanding,1.8209658861160278,1.5885981321334839
2008-02-06,core,252,expanding,1.181902527809143,1.594678521156311
2008-02-07,core,252,expanding,1.625706672668457,1.5216745138168335
2008-02-08,core,252,expanding,1.2564852237701416,1.6723662614822388
2008-02-11,core,252,expanding,0.9540771842002869,1.097457766532898
2008-02-12,core,252,expanding,1.2615809440612793,0.9742046594619751
2008-02-13,core,252,expanding,1.1396948099136353,0.9207013845443726
2008-02-14,core,252,expanding,1.0863839387893677,1.1636064052581787
2008-02-15,core,252,expanding,0.8609744310379028,0.8156979084014893
2008-02-19,core,252,expanding,1.1692086458206177,1.104324221611023
2008-02-20,core,252,expanding,1.4265395402908325,1.3844447135925293
2008-02-21,core,252,expanding,1.0697027444839478,1.3244972229003906
2008-02-22,core,252,expanding,1.2396327257156372,1.3380370140075684
2008-02-25,core,252,expanding,1.341978907585144,1.1065622568130493
2008-02-26,core,252,expanding,0.9973722100257874,1.2345267534255981
2008-02-27,core,252,expanding,1.0823860168457031,1.0304900407791138
2008-02-28,core,252,expanding,1.0218838453292847,1.0685888528823853
2008-02-29,core,252,expanding,1.2593355178833008,1.3558756113052368
2008-03-03,core,252,expanding,1.0989679098129272,0.9534357190132141
2008-03-04,core,252,expanding,1.4312714338302612,1.3484649658203125
2008-03-05,core,252,expanding,1.2723385095596313,1.3706390857696533
2008-03-06,core,252,expanding,1.234840989112854,1.3659268617630005
2008-03-07,core,252,expanding,1.8052349090576172,1.6169310808181763
2008-03-10,core,252,expanding,1.2221460342407227,1.1438294649124146
2008-03-11,core,252,expanding,2.320333957672119,1.6663836240768433
2008-03-12,core,252,expanding,1.0775644779205322,1.6507530212402344
2008-03-13,core,252,expanding,2.0191428661346436,2.093843698501587
2008-03-14,core,252,expanding,2.384141683578491,1.9784411191940308
2008-03-17,core,252,expanding,2.204531669616699,1.9582557678222656
2008-03-18,core,252,expanding,2.384514808654785,2.0338308811187744
2008-03-19,core,252,expanding,1.6087003946304321,1.9066323041915894
2008-03-20,core,252,expanding,1.1801345348358154,1.9968432188034058
2008-03-24,core,252,expanding,1.0612915754318237,1.3499605655670166
2008-03-25,core,252,expanding,0.9686493873596191,1.0708903074264526
2008-03-26,core,252,expanding,1.05207359790802,1.1138361692428589
2008-03-27,core,252,expanding,1.1229486465454102,1.093821406364441
2008-03-28,core,252,expanding,0.9389823079109192,1.2735399007797241
2008-03-31,core,252,expanding,0.917885959148407,0.7888582348823547
2008-04-01,core,252,expanding,1.343915581703186,1.360632300376892
2008-04-02,core,252,expanding,0.8817393779754639,1.1464197635650635
2008-04-03,core,252,expanding,0.8856403827667236,1.1623027324676514
2008-04-04,core,252,expanding,0.8571365475654602,1.043289065361023
2008-04-07,core,252,expanding,0.8542978763580322,0.9616524577140808
2008-04-08,core,252,expanding,0.879923403263092,0.8380404114723206
2008-04-09,core,252,expanding,0.7112316489219666,0.9787022471427917
2008-04-10,core,252,expanding,0.8668627142906189,0.9214648604393005
2008-04-11,core,252,expanding,1.1842502355575562,0.9492296576499939
2008-04-14,core,252,expanding,0.7099434733390808,0.9429106116294861
2008-04-15,core,252,expanding,0.8432462215423584,0.8371507525444031
2008-04-16,core,252,expanding,1.0010043382644653,1.0669560432434082
2008-04-17,core,252,expanding,0.77208012342453,0.8865463733673096
2008-04-18,core,252,expanding,1.624890685081482,1.0187091827392578
2008-04-21,core,252,expanding,0.597079336643219,0.7606777548789978
2008-04-22,core,252,expanding,0.7977572083473206,0.8885982632637024
2008-04-23,core,252,expanding,0.7978800535202026,0.8964546918869019
2008-04-24,core,252,expanding,1.0890501737594604,1.2833943367004395
2008-04-25,core,252,expanding,0.9663891792297363,1.0643970966339111
2008-04-28,core,252,expanding,0.6196454763412476,0.6191161870956421
2008-04-29,core,252,expanding,0.5743930339813232,0.7475170493125916
2008-04-30,core,252,expanding,1.1776272058486938,0.8852194547653198
2008-05-01,core,252,expanding,0.8206018805503845,1.072539210319519
2008-05-02,core,252,expanding,1.2258778810501099,0.8211576342582703
2008-05-05,core,252,expanding,0.6750175356864929,0.8094508647918701
2008-05-06,core,252,expanding,0.8485956192016602,0.960115909576416
2008-05-07,core,252,expanding,0.7097914814949036,1.057811975479126
2008-05-08,core,252,expanding,0.8592309951782227,0.8463479280471802
2008-05-09,core,252,expanding,0.9795941114425659,0.7850027084350586
2008-05-12,core,252,expanding,0.6007793545722961,0.8533118963241577
2008-05-13,core,252,expanding,0.5236916542053223,0.644906759262085
2008-05-14,core,252,expanding,0.6433610916137695,0.6628581285476685
2008-05-15,core,252,expanding,0.6959372758865356,0.671249508857727
2008-05-16,core,252,expanding,0.6224372982978821,0.6510086059570312
2008-05-19,core,252,expanding,0.7479857206344604,0.721323549747467
2008-05-20,core,252,expanding,0.809782087802887,0.6786438822746277
2008-05-21,core,252,expanding,0.9861003756523132,0.9822147488594055
2008-05-22,core,252,expanding,0.6671488881111145,0.7033780813217163
2008-05-23,core,252,expanding,0.7917137145996094,0.8400094509124756
2008-05-27,core,252,expanding,0.7796715497970581,0.8612357378005981
2008-05-28,core,252,expanding,0.7457875609397888,0.7412890195846558
2008-05-29,core,252,expanding,0.6745463013648987,0.8306570053100586
2008-05-30,core,252,expanding,0.6231141090393066,0.4326719641685486
2008-06-02,core,252,expanding,0.7787525057792664,0.7851849794387817
2008-06-03,core,252,expanding,0.8753149509429932,1.007032871246338
2008-06-04,core,252,expanding,1.0268135070800781,0.8349354267120361
2008-06-05,core,252,expanding,0.8476006984710693,0.9708001613616943
2008-06-06,core,252,expanding,1.3171286582946777,1.1166595220565796
2008-06-09,core,252,expanding,1.038175106048584,1.1127628087997437
2008-06-10,core,252,expanding,1.1607271432876587,1.0397781133651733
2008-06-11,core,252,expanding,1.0310018062591553,1.0361442565917969
2008-06-12,core,252,expanding,1.097583532333374,1.227712631225586
2008-06-13,core,252,expanding,1.112465500831604,0.8346577882766724
2008-06-16,core,252,expanding,0.826546311378479,0.7099663019180298
2008-06-17,core,252,expanding,0.8965383172035217,0.8402464985847473
2008-06-18,core,252,expanding,1.0684394836425781,0.9017120599746704
2008-06-19,core,252,expanding,0.8632503151893616,0.9346780180931091
2008-06-20,core,252,expanding,1.1721534729003906,1.1097325086593628
2008-06-23,core,252,expanding,0.763577401638031,0.757880449295044
2008-06-24,core,252,expanding,0.9581196308135986,0.9993805885314941
2008-06-25,core,252,expanding,1.074400544166565,1.0213274955749512
2008-06-26,core,252,expanding,1.1540706157684326,1.4395999908447266
2008-06-27,core,252,expanding,1.0761384963989258,1.1333229541778564
2008-06-30,core,252,expanding,0.9365819096565247,0.940406084060669
2008-07-01,core,252,expanding,1.524056315422058,1.3035285472869873
2008-07-02,core,252,expanding,1.189011573791504,1.4258532524108887
2008-07-03,core,252,expanding,1.3173422813415527,1.1709611415863037
2008-07-07,core,252,expanding,1.601294994354248,1.460803747177124
2008-07-08,core,252,expanding,1.2554852962493896,1.3901841640472412
2008-07-09,core,252,expanding,1.1477916240692139,1.62424898147583
2008-07-10,core,252,expanding,1.6886789798736572,1.3124468326568604
2008-07-11,core,252,expanding,2.3083982467651367,1.546965479850769
2008-07-14,core,252,expanding,1.5208642482757568,1.6153836250305176
2008-07-15,core,252,expanding,1.7954342365264893,1.8658642768859863
2008-07-16,core,252,expanding,1.4291751384735107,1.6225547790527344
2008-07-17,core,252,expanding,1.3366068601608276,1.3071571588516235
2008-07-18,core,252,expanding,0.9092453122138977,0.9071567058563232
2008-07-21,core,252,expanding,0.7031121253967285,0.7354764342308044
2008-07-22,core,252,expanding,1.0761218070983887,1.0907148122787476
2008-07-23,core,252,expanding,1.1627371311187744,0.9661500453948975
2008-07-24,core,252,expanding,0.9752411246299744,1.356446623802185
2008-07-25,core,252,expanding,1.0933105945587158,0.7732867002487183
2008-07-28,core,252,expanding,0.8555647730827332,1.010216474533081
2008-07-29,core,252,expanding,0.9752488136291504,1.0933879613876343
2008-07-30,core,252,expanding,1.260144591331482,1.0814169645309448
2008-07-31,core,252,expanding,1.1173534393310547,1.1393107175827026
2008-08-01,core,252,expanding,1.0689243078231812,0.959263265132904
2008-08-04,core,252,expanding,0.8374349474906921,0.8857001066207886
2008-08-05,core,252,expanding,0.870608925819397,1.1535139083862305
2008-08-06,core,252,expanding,0.7849995493888855,0.9820201396942139
2008-08-07,core,252,expanding,1.1400514841079712,1.1861292123794556
2008-08-08,core,252,expanding,0.8982276916503906,1.3001471757888794
2008-08-11,core,252,expanding,0.8412615656852722,1.0789766311645508
2008-08-12,core,252,expanding,0.9052926898002625,1.1112620830535889
2008-08-13,core,252,expanding,1.0556539297103882,1.2331655025482178
2008-08-14,core,252,expanding,0.9407296776771545,1.329416036605835
2008-08-15,core,252,expanding,0.875984787940979,0.8263002634048462
2008-08-18,core,252,expanding,0.9083197712898254,1.040111780166626
2008-08-19,core,252,expanding,0.9595485329627991,0.9821741580963135
2008-08-20,core,252,expanding,1.0361772775650024,0.9692368507385254
2008-08-21,core,252,expanding,0.9885838627815247,0.9697407484054565
2008-08-22,core,252,expanding,0.9252073764801025,0.8831915855407715
2008-08-25,core,252,expanding,0.9087023735046387,0.9939076900482178
2008-08-26,core,252,expanding,0.8230844140052795,0.899243950843811
2008-08-27,core,252,expanding,0.77126145362854,0.9041147232055664
2008-08-28,core,252,expanding,0.8790086507797241,0.958660364151001
2008-08-29,core,252,expanding,0.7496417760848999,0.8357253074645996
2008-09-02,core,252,expanding,1.2319531440734863,1.3841745853424072
2008-09-03,core,252,expanding,1.099535346031189,0.995942234992981
2008-09-04,core,252,expanding,1.203898310661316,1.521795392036438
2008-09-05,core,252,expanding,1.2989592552185059,1.453122615814209
2008-09-08,core,252,expanding,2.549499988555908,1.3401541709899902
2008-09-09,core,252,expanding,1.4697345495224,1.8983418941497803
2008-09-10,core,252,expanding,1.3546624183654785,1.5314387083053589
2008-09-11,core,252,expanding,1.9478951692581177,1.7976387739181519
2008-09-12,core,252,expanding,1.4416676759719849,1.2794193029403687
2008-09-15,core,252,expanding,3.0239663124084473,2.2147789001464844
2008-09-16,core,252,expanding,3.5327346324920654,2.3372859954833984
2008-09-17,core,252,expanding,3.153245687484741,2.550898313522339
2008-09-18,core,252,expanding,4.041711807250977,4.2595062255859375
2008-09-19,core,252,expanding,3.5335633754730225,3.0891318321228027
2008-09-22,core,252,expanding,1.6703459024429321,2.4109599590301514
2008-09-23,core,252,expanding,1.991699457168579,2.581205368041992
2008-09-24,core,252,expanding,1.5598604679107666,2.086336374282837
2008-09-25,core,252,expanding,1.6723109483718872,2.295257568359375
2008-09-26,core,252,expanding,2.0559895038604736,1.7722162008285522
2008-09-29,core,252,expanding,4.466716289520264,5.0960001945495605
2008-09-30,core,252,expanding,2.552126884460449,3.014816999435425
2008-10-01,core,252,expanding,2.272052049636841,4.369569301605225
2008-10-02,core,252,expanding,2.099900245666504,3.5678210258483887
2008-10-03,core,252,expanding,3.295182466506958,7.071233749389648
2008-10-06,core,252,expanding,4.252788543701172,5.467315196990967
2008-10-07,core,252,expanding,3.0129079818725586,4.423614978790283
2008-10-08,core,252,expanding,4.996452808380127,4.741211891174316
2008-10-09,core,252,expanding,4.191694736480713,6.220714092254639
2008-10-10,core,252,expanding,8.802124977111816,8.914589881896973
2008-10-13,core,252,expanding,4.0274739265441895,8.868075370788574
2008-10-14,core,252,expanding,5.237395763397217,6.012880325317383
2008-10-15,core,252,expanding,4.146789073944092,5.899283409118652
2008-10-16,core,252,expanding,5.717025279998779,7.640067100524902
2008-10-17,core,252,expanding,4.294768333435059,7.794097900390625
2008-10-20,core,252,expanding,2.8466811180114746,5.525569915771484
2008-10-21,core,252,expanding,2.8135108947753906,2.7491302490234375
2008-10-22,core,252,expanding,3.7902324199676514,4.232580661773682
2008-10-23,core,252,expanding,5.609701633453369,4.971445560455322
2008-10-24,core,252,expanding,5.945594787597656,5.43556022644043
2008-10-27,core,252,expanding,4.365833759307861,3.287858724594116
2008-10-28,core,252,expanding,5.035435199737549,7.8615570068359375
2008-10-29,core,252,expanding,5.014038562774658,5.513525009155273
2008-10-30,core,252,expanding,3.688652276992798,3.1234793663024902
2008-10-31,core,252,expanding,3.0657432079315186,2.442695140838623
2008-11-03,core,252,expanding,1.5781787633895874,1.5775964260101318
2008-11-04,core,252,expanding,2.3712213039398193,2.0578842163085938
2008-11-05,core,252,expanding,2.7218072414398193,2.920854330062866
2008-11-06,core,252,expanding,2.5916624069213867,3.09002423286438
2008-11-07,core,252,expanding,2.7305173873901367,2.2556746006011963
2008-11-10,core,252,expanding,2.822984218597412,4.136384963989258
2008-11-11,core,252,expanding,3.363193988800049,3.5570340156555176
2008-11-12,core,252,expanding,2.616407871246338,4.142600059509277
2008-11-13,core,252,expanding,5.415311813354492,7.06120491027832
2008-11-14,core,252,expanding,4.2349066734313965,4.3972392082214355
2008-11-17,core,252,expanding,3.9109690189361572,4.141288757324219
2008-11-18,core,252,expanding,3.6095590591430664,3.309382677078247
2008-11-19,core,252,expanding,3.4235448837280273,4.504590034484863
2008-11-20,core,252,expanding,5.022059917449951,6.148980617523193
2008-11-21,core,252,expanding,5.509556293487549,5.658689498901367
2008-11-24,core,252,expanding,3.7179195880889893,6.145544528961182
2008-11-25,core,252,expanding,3.5112156867980957,3.115989923477173
2008-11-26,core,252,expanding,2.6839263439178467,4.059000492095947
2008-11-28,core,252,expanding,1.167742371559143,1.2296137809753418
2008-12-01,core,252,expanding,3.6852376461029053,4.302050590515137
2008-12-02,core,252,expanding,3.3038785457611084,2.75553297996521
2008-12-03,core,252,expanding,3.32149338722229,4.531230926513672
2008-12-04,core,252,expanding,2.9897301197052,4.80019998550415
2008-12-05,core,252,expanding,3.361112594604492,6.215225696563721
2008-12-08,core,252,expanding,2.765176773071289,3.4355156421661377
2008-12-09,core,252,expanding,2.763896942138672,2.5322823524475098
2008-12-10,core,252,expanding,2.383012294769287,2.2366511821746826
2008-12-11,core,252,expanding,2.3930766582489014,4.400296688079834
2008-12-12,core,252,expanding,3.2557008266448975,3.2964460849761963
2008-12-15,core,252,expanding,1.8790005445480347,2.799039840698242
2008-12-16,core,252,expanding,2.49774169921875,2.801802635192871
2008-12-17,core,252,expanding,2.428164005279541,2.7637410163879395
2008-12-18,core,252,expanding,2.042471408843994,2.8172569274902344
2008-12-19,core,252,expanding,2.022334337234497,2.311058759689331
2008-12-22,core,252,expanding,1.6751102209091187,2.744739294052124
2008-12-23,core,252,expanding,1.5709935426712036,2.3972437381744385
2008-12-24,core,252,expanding,0.5831701159477234,1.7468013763427734
2008-12-26,core,252,expanding,0.6789384484291077,1.092545747756958
2008-12-29,core,252,expanding,1.1034228801727295,1.2943012714385986
2008-12-30,core,252,expanding,1.2007750272750854,1.4749990701675415
2008-12-31,core,252,expanding,1.2032402753829956,1.6005046367645264
2009-01-02,core,252,expanding,1.2212289571762085,1.8348042964935303
2009-01-05,core,252,expanding,1.4744876623153687,1.3657639026641846
2009-01-06,core,252,expanding,1.6127517223358154,1.3797757625579834
2009-01-07,core,252,expanding,1.4974547624588013,1.5433578491210938
2009-01-08,core,252,expanding,1.53998601436615,1.471340298652649
2009-01-09,core,252,expanding,1.7396296262741089,1.673779010772705
2009-01-12,core,252,expanding,1.4322988986968994,1.702247142791748
2009-01-13,core,252,expanding,1.8444904088974,1.387026071548462
2009-01-14,core,252,expanding,2.233201265335083,1.703233003616333
2009-01-15,core,252,expanding,2.463048219680786,2.4624855518341064
2009-01-16,core,252,expanding,2.598654270172119,1.990868330001831
2009-01-20,core,252,expanding,2.627830743789673,2.6941046714782715
2009-01-21,core,252,expanding,2.6791694164276123,2.748107671737671
2009-01-22,core,252,expanding,3.2951340675354004,2.642549753189087
2009-01-23,core,252,expanding,3.3049380779266357,2.8314998149871826
2009-01-26,core,252,expanding,2.2230160236358643,2.428814649581909
2009-01-27,core,252,expanding,1.912237286567688,1.334120750427246
2009-01-28,core,252,expanding,2.4215826988220215,1.706968069076538
2009-01-29,core,252,expanding,1.5614471435546875,1.6974351406097412
2009-01-30,core,252,expanding,1.7965507507324219,2.243189811706543
2009-02-02,core,252,expanding,2.0106191635131836,1.3413158655166626
2009-02-03,core,252,expanding,1.6486612558364868,1.9669321775436401
2009-02-04,core,252,expanding,1.6369843482971191,1.892905354499817
2009-02-05,core,252,expanding,2.0993435382843018,2.232059955596924
2009-02-06,core,252,expanding,1.5920151472091675,2.0063419342041016
2009-02-09,core,252,expanding,1.535598874092102,1.2906712293624878
2009-02-10,core,252,expanding,2.5891292095184326,2.70974063873291
2009-02-11,core,252,expanding,1.8213226795196533,1.631055235862732
2009-02-12,core,252,expanding,2.6972837448120117,2.7300658226013184
2009-02-13,core,252,expanding,1.7835042476654053,1.831894040107727
2009-02-17,core,252,expanding,2.9150891304016113,2.6123199462890625
2009-02-18,core,252,expanding,2.1753053665161133,1.5811361074447632
2009-02-19,core,252,expanding,1.991634488105774,2.163494348526001
2009-02-20,core,252,expanding,2.604156970977783,2.5304622650146484
2009-02-23,core,252,expanding,1.9441152811050415,2.7250146865844727
2009-02-24,core,252,expanding,2.367480993270874,2.5838682651519775
2009-02-25,core,252,expanding,2.453317165374756,3.0542140007019043
2009-02-26,core,252,expanding,2.3536033630371094,2.648393154144287
2009-02-27,core,252,expanding,2.955308437347412,1.8632004261016846
2009-03-02,core,252,expanding,2.372264862060547,2.3169360160827637
2009-03-03,core,252,expanding,2.5955445766448975,2.357860803604126
2009-03-04,core,252,expanding,2.2299466133117676,2.620558500289917
2009-03-05,core,252,expanding,2.7134621143341064,2.636248826980591
2009-03-06,core,252,expanding,2.92566180229187,3.50583815574646
2009-03-09,core,252,expanding,2.3832528591156006,2.7262794971466064
2009-03-10,core,252,expanding,2.729984998703003,2.845958948135376
2009-03-11,core,252,expanding,2.227527618408203,2.3810958862304688
2009-03-12,core,252,expanding,1.7503701448440552,3.082568645477295
2009-03-13,core,252,expanding,1.8969993591308594,2.0595502853393555
2009-03-16,core,252,expanding,1.8606905937194824,2.120347738265991
2009-03-17,core,252,expanding,1.9127211570739746,1.9002685546875
2009-03-18,core,252,expanding,2.8516604900360107,2.475135564804077
2009-03-19,core,252,expanding,2.063447952270508,2.342425584793091
2009-03-20,core,252,expanding,1.7233617305755615,1.8079689741134644
2009-03-23,core,252,expanding,2.496063470840454,2.9653303623199463
2009-03-24,core,252,expanding,1.7698369026184082,2.322813034057617
2009-03-25,core,252,expanding,2.3847575187683105,3.110534429550171
2009-03-26,core,252,expanding,2.2984888553619385,2.086627960205078
2009-03-27,core,252,expanding,1.775611400604248,1.7084146738052368
2009-03-30,core,252,expanding,2.346529722213745,2.1786131858825684
2009-03-31,core,252,expanding,1.7583564519882202,1.6193480491638184
2009-04-01,core,252,expanding,2.209555149078369,2.100327730178833
2009-04-02,core,252,expanding,2.4170801639556885,1.913183331489563
2009-04-03,core,252,expanding,1.5368499755859375,1.4991037845611572
2009-04-06,core,252,expanding,1.6953963041305542,1.3593710660934448
2009-04-07,core,252,expanding,2.326288938522339,1.3612111806869507
2009-04-08,core,252,expanding,1.5155185461044312,1.5520613193511963
2009-04-09,core,252,expanding,2.2163987159729004,1.5554684400558472
2009-04-13,core,252,expanding,1.5761985778808594,1.5352916717529297
2009-04-14,core,252,expanding,1.6240464448928833,1.369621992111206
2009-04-15,core,252,expanding,1.2919410467147827,1.3932225704193115
2009-04-16,core,252,expanding,1.371792197227478,1.5278565883636475
2009-04-17,core,252,expanding,1.1837140321731567,1.3820158243179321
2009-04-20,core,252,expanding,2.0597002506256104,1.9233094453811646
2009-04-21,core,252,expanding,1.4308260679244995,1.926461100578308
2009-04-22,core,252,expanding,1.744994044303894,1.848940372467041
2009-04-23,core,252,expanding,1.599279522895813,1.75923752784729
2009-04-24,core,252,expanding,1.4508177042007446,1.2811625003814697
2009-04-27,core,252,expanding,1.6014925241470337,1.387768030166626
2009-04-28,core,252,expanding,1.412285327911377,1.2983691692352295
2009-04-29,core,252,expanding,1.5792120695114136,1.570261001586914
2009-04-30,core,252,expanding,1.6268842220306396,1.7311146259307861
2009-05-01,core,252,expanding,1.2302379608154297,1.322784185409546
2009-05-04,core,252,expanding,1.4102360010147095,1.6790900230407715
2009-05-05,core,252,expanding,1.098834753036499,1.1215953826904297
2009-05-06,core,252,expanding,1.7786390781402588,1.1822762489318848
2009-05-07,core,252,expanding,1.902239441871643,1.7338594198226929
2009-05-08,core,252,expanding,1.7931430339813232,1.6629372835159302
2009-05-11,core,252,expanding,1.3628309965133667,1.0460772514343262
2009-05-12,core,252,expanding,1.3729220628738403,1.6633381843566895
2009-05-13,core,252,expanding,1.8909968137741089,1.4260953664779663
2009-05-14,core,252,expanding,1.282561182975769,1.5249278545379639
2009-05-15,core,252,expanding,1.1501622200012207,1.5167790651321411
2009-05-18,core,252,expanding,1.2645182609558105,1.550510287284851
2009-05-19,core,252,expanding,1.1848150491714478,0.8722935318946838
2009-05-20,core,252,expanding,1.672905445098877,1.7594530582427979
2009-05-21,core,252,expanding,1.5095289945602417,1.4982174634933472
2009-05-22,core,252,expanding,1.1197932958602905,1.4850242137908936
2009-05-26,core,252,expanding,1.3851373195648193,1.6010597944259644
2009-05-27,core,252,expanding,1.3693912029266357,1.5200875997543335
2009-05-28,core,252,expanding,1.7509989738464355,1.6345750093460083
2009-05-29,core,252,expanding,1.448988676071167,1.169368863105774
2009-06-01,core,252,expanding,1.2878875732421875,1.459365963935852
2009-06-02,core,252,expanding,1.163015604019165,0.9323601722717285
2009-06-03,core,252,expanding,1.2123674154281616,1.2108979225158691
2009-06-04,core,252,expanding,0.8954287171363831,1.116252064704895
2009-06-05,core,252,expanding,1.50551176071167,1.265568733215332
2009-06-08,core,252,expanding,1.2523661851882935,1.3939783573150635
2009-06-09,core,252,expanding,0.9760127663612366,0.9057919979095459
2009-06-10,core,252,expanding,1.3372606039047241,1.4545587301254272
2009-06-11,core,252,expanding,1.1946476697921753,1.2572693824768066
2009-06-12,core,252,expanding,0.9835572838783264,1.0689185857772827
2009-06-15,core,252,expanding,1.3957873582839966,1.1333954334259033
2009-06-16,core,252,expanding,1.0399935245513916,1.1058775186538696
2009-06-17,core,252,expanding,1.2463960647583008,1.1520254611968994
2009-06-18,core,252,expanding,0.9605440497398376,1.0975768566131592
2009-06-19,core,252,expanding,0.9590873718261719,1.0494006872177124
2009-06-22,core,252,expanding,1.3873374462127686,1.281093716621399
2009-06-23,core,252,expanding,1.2636722326278687,1.0778099298477173
2009-06-24,core,252,expanding,1.1783016920089722,1.1496329307556152
2009-06-25,core,252,expanding,1.1450676918029785,1.498888373374939
2009-06-26,core,252,expanding,0.9949550032615662,0.9293240308761597
2009-06-29,core,252,expanding,0.8182254433631897,0.9843215942382812
2009-06-30,core,252,expanding,0.9867157340049744,1.0992751121520996
2007-08-01,momentum,60,expanding,1.671827793121338,1.1902166604995728
2007-08-02,momentum,60,expanding,1.0545318126678467,0.9165522456169128
2007-08-03,momentum,60,expanding,1.2634865045547485,1.2226446866989136
2007-08-06,momentum,60,expanding,1.52283775806427,1.2879081964492798
2007-08-07,momentum,60,expanding,1.5802648067474365,1.1367182731628418
2007-08-08,momentum,60,expanding,1.1772960424423218,0.9962974190711975
2007-08-09,momentum,60,expanding,2.193866729736328,1.5479742288589478
2007-08-10,momentum,60,expanding,2.032928228378296,1.6281574964523315
2007-08-13,momentum,60,expanding,1.0790512561798096,0.9669240117073059
2007-08-14,momentum,60,expanding,1.2419599294662476,1.0833905935287476
2007-08-15,momentum,60,expanding,1.4086284637451172,1.7273958921432495
2007-08-16,momentum,60,expanding,2.3308846950531006,2.0002291202545166
2007-08-17,momentum,60,expanding,2.2522153854370117,1.2444740533828735
2007-08-20,momentum,60,expanding,1.090451955795288,1.0193288326263428
2007-08-21,momentum,60,expanding,0.9885767698287964,0.7610243558883667
2007-08-22,momentum,60,expanding,1.1598292589187622,0.9713556170463562
2007-08-23,momentum,60,expanding,0.9439303874969482,1.058912754058838
2007-08-24,momentum,60,expanding,0.5917589664459229,0.8210246562957764
2007-08-27,momentum,60,expanding,0.6175968647003174,0.6836709380149841
2007-08-28,momentum,60,expanding,0.7875692844390869,1.0746625661849976
2007-08-29,momentum,60,expanding,1.0595468282699585,1.2670717239379883
2007-08-30,momentum,60,expanding,1.145751953125,1.063462734222412
2007-08-31,momentum,60,expanding,1.3263121843338013,0.9835085272789001
2007-09-04,momentum,60,expanding,0.6176022887229919,0.9884695410728455
2007-09-05,momentum,60,expanding,1.0097556114196777,1.0959426164627075
2007-09-06,momentum,60,expanding,0.750785768032074,0.7436564564704895
2007-09-07,momentum,60,expanding,1.3905552625656128,1.1232939958572388
2007-09-10,momentum,60,expanding,1.0879065990447998,1.1171038150787354
2007-09-11,momentum,60,expanding,0.8977413177490234,0.8585891127586365
2007-09-12,momentum,60,expanding,0.7624867558479309,0.8456461429595947
2007-09-13,momentum,60,expanding,0.8040983080863953,0.8102115988731384
2007-09-14,momentum,60,expanding,0.8256641626358032,0.8177836537361145
2007-09-17,momentum,60,expanding,0.5672880411148071,0.7108073830604553
2007-09-18,momentum,60,expanding,1.4727146625518799,1.1422111988067627
2007-09-19,momentum,60,expanding,0.9417223930358887,0.9797828793525696
2007-09-20,momentum,60,expanding,0.6428540945053101,0.6737865805625916
2007-09-21,momentum,60,expanding,0.6494902968406677,0.6622195243835449
2007-09-24,momentum,60,expanding,0.6367967128753662,0.7681244611740112
2007-09-25,momentum,60,expanding,0.7038576006889343,0.7571278214454651
2007-09-26,momentum,60,expanding,0.6136684417724609,0.5587013363838196
2007-09-27,momentum,60,expanding,0.5321781039237976,0.3883744478225708
2007-09-28,momentum,60,expanding,0.5003291368484497,0.5310661792755127
2007-10-01,momentum,60,expanding,0.5462802648544312,0.5477034449577332
2007-10-02,momentum,60,expanding,0.43112337589263916,0.5836000442504883
2007-10-03,momentum,60,expanding,0.5897242426872253,0.5450539588928223
2007-10-04,momentum,60,expanding,0.3827276825904846,0.4096211791038513
2007-10-05,momentum,60,expanding,0.7139724493026733,0.6323114633560181
2007-10-08,momentum,60,expanding,0.3992219567298889,0.4698684811592102
2007-10-09,momentum,60,expanding,0.5708045363426208,0.5246291160583496
2007-10-10,momentum,60,expanding,0.5209761261940002,0.5047592520713806
2007-10-11,momentum,60,expanding,0.9241900444030762,0.969153642654419
2007-10-12,momentum,60,expanding,0.567247211933136,0.47025883197784424
2007-10-15,momentum,60,expanding,0.7145553231239319,0.7631013989448547
2007-10-16,momentum,60,expanding,0.6743911504745483,0.6177264451980591
2007-10-17,momentum,60,expanding,0.917576253414154,0.9518381953239441
2007-10-18,momentum,60,expanding,0.679073691368103,0.5856925249099731
2007-10-19,momentum,60,expanding,1.1055092811584473,1.1121622323989868
2007-10-22,momentum,60,expanding,1.0594828128814697,1.048751950263977
2007-10-23,momentum,60,expanding,0.8465983867645264,0.7967482209205627
2007-10-24,momentum,60,expanding,1.4033185243606567,1.0426913499832153
2007-10-25,momentum,60,expanding,1.1932650804519653,1.0709481239318848
2007-10-26,momentum,60,expanding,0.8088633418083191,0.8009665608406067
2007-10-29,momentum,60,expanding,0.6095345616340637,0.638918399810791
2007-10-30,momentum,60,expanding,0.5387272834777832,0.600631594657898
2007-10-31,momentum,60,expanding,1.1165580749511719,0.8327042460441589
2007-11-01,momentum,60,expanding,1.4491733312606812,1.2059272527694702
2007-11-02,momentum,60,expanding,1.42679762840271,1.0523580312728882
2007-11-05,momentum,60,expanding,1.2828664779663086,0.9674752354621887
2007-11-06,momentum,60,expanding,0.882011353969574,0.9441938996315002
2007-11-07,momentum,60,expanding,1.4051868915557861,1.5228209495544434
2007-11-08,momentum,60,expanding,1.8736413717269897,1.578723669052124
2007-11-09,momentum,60,expanding,1.5605770349502563,1.2692937850952148
2007-11-12,momentum,60,expanding,1.3244675397872925,1.491247296333313
2007-11-13,momentum,60,expanding,1.1225030422210693,1.403198480606079
2007-11-14,momentum,60,expanding,1.1282957792282104,1.4038883447647095
2007-11-15,momentum,60,expanding,1.1944220066070557,1.2328689098358154
2007-11-16,momentum,60,expanding,1.3042824268341064,1.0318732261657715
2007-11-19,momentum,60,expanding,1.2105433940887451,1.0936752557754517
2007-11-20,momentum,60,expanding,1.7195501327514648,1.4061459302902222
2007-11-21,momentum,60,expanding,1.4897027015686035,1.179801106452942
2007-11-23,momentum,60,expanding,0.9587540030479431,1.1810672283172607
2007-11-26,momentum,60,expanding,1.1303153038024902,1.2699673175811768
2007-11-27,momentum,60,expanding,1.4274259805679321,1.0745383501052856
2007-11-28,momentum,60,expanding,1.1086399555206299,1.2298966646194458
2007-11-29,momentum,60,expanding,1.0607366561889648,0.9886338710784912
2007-11-30,momentum,60,expanding,1.3021440505981445,0.8716671466827393
2007-12-03,momentum,60,expanding,0.8708776235580444,0.7620333433151245
2007-12-04,momentum,60,expanding,0.8663290739059448,0.8008377552032471
2007-12-05,momentum,60,expanding,1.1051175594329834,0.970333993434906
2007-12-06,momentum,60,expanding,0.647177517414093,0.9055236577987671
2007-12-07,momentum,60,expanding,0.5555198192596436,0.6283474564552307
2007-12-10,momentum,60,expanding,0.5558142066001892,0.6116229295730591
2007-12-11,momentum,60,expanding,1.514830470085144,1.1839858293533325
2007-12-12,momentum,60,expanding,2.1373531818389893,1.5648024082183838
2007-12-13,momentum,60,expanding,1.057175636291504,1.0292624235153198
2007-12-14,momentum,60,expanding,1.0063824653625488,1.0860106945037842
2007-12-17,momentum,60,expanding,1.0156853199005127,1.1636197566986084
2007-12-18,momentum,60,expanding,1.213597059249878,1.1038252115249634
2007-12-19,momentum,60,expanding,0.9898297786712646,1.0469200611114502
2007-12-20,momentum,60,expanding,0.8427925705909729,0.880013108253479
2007-12-21,momentum,60,expanding,0.9443835616111755,0.9847241044044495
2007-12-24,momentum,60,expanding,0.44417110085487366,0.7291654944419861
2007-12-26,momentum,60,expanding,0.4618206024169922,0.7654355764389038
2007-12-27,momentum,60,expanding,0.6217015981674194,0.8580069541931152
2007-12-28,momentum,60,expanding,0.7754580974578857,0.8561174869537354
2007-12-31,momentum,60,expanding,0.6113055348396301,0.7633532285690308
2008-01-02,momentum,60,expanding,1.0530771017074585,1.1682497262954712
2008-01-03,momentum,60,expanding,0.8087749481201172,0.9232548475265503
2008-01-04,momentum,60,expanding,1.299110770225525,1.5811716318130493
2008-01-07,momentum,60,expanding,1.3807557821273804,1.1427621841430664
2008-01-08,momentum,60,expanding,1.5058282613754272,1.9000693559646606
2008-01-09,momentum,60,expanding,1.574271559715271,1.5758224725723267
2008-01-10,momentum,60,expanding,1.8811376094818115,1.6465224027633667
2008-01-11,momentum,60,expanding,1.495175838470459,1.5615602731704712
2008-01-14,momentum,60,expanding,0.9599680304527283,0.9908339977264404
2008-01-15,momentum,60,expanding,1.2201732397079468,1.6358416080474854
2008-01-16,momentum,60,expanding,1.59634268283844,1.6278830766677856
2008-01-17,momentum,60,expanding,1.7128186225891113,2.4383394718170166
2008-01-18,momentum,60,expanding,1.9202243089675903,2.242093086242676
2008-01-22,momentum,60,expanding,3.924867630004883,2.5222644805908203
2008-01-23,momentum,60,expanding,3.517395496368408,2.9081549644470215
2008-01-24,momentum,60,expanding,1.7193946838378906,1.6812353134155273
2008-01-25,momentum,60,expanding,1.6763678789138794,2.306445598602295
2008-01-28,momentum,60,expanding,1.4217528104782104,1.6261422634124756
2008-01-29,momentum,60,expanding,1.0022705793380737,1.5155525207519531
2008-01-30,momentum,60,expanding,1.51177978515625,1.555314302444458
2008-01-31,momentum,60,expanding,2.2185606956481934,2.060246706008911
2008-02-01,momentum,60,expanding,1.1777100563049316,1.2592594623565674
2008-02-04,momentum,60,expanding,0.8220021724700928,1.2097194194793701
2008-02-05,momentum,60,expanding,1.8209658861160278,1.489293098449707
2008-02-06,momentum,60,expanding,1.181902527809143,1.9107608795166016
2008-02-07,momentum,60,expanding,1.625706672668457,1.8042349815368652
2008-02-08,momentum,60,expanding,1.2564852237701416,1.5478699207305908
2008-02-11,momentum,60,expanding,0.9540771842002869,1.309159755706787
2008-02-12,momentum,60,expanding,1.2615809440612793,1.3428692817687988
2008-02-13,momentum,60,expanding,1.1396948099136353,1.147714376449585
2008-02-14,momentum,60,expanding,1.0863839387893677,1.2632427215576172
2008-02-15,momentum,60,expanding,0.8609744310379028,0.9873302578926086
2008-02-19,momentum,60,expanding,1.1692086458206177,1.3087902069091797
2008-02-20,momentum,60,expanding,1.4265395402908325,1.2063477039337158
2008-02-21,momentum,60,expanding,1.0697027444839478,1.3685290813446045
2008-02-22,momentum,60,expanding,1.2396327257156372,1.3358418941497803
2008-02-25,momentum,60,expanding,1.341978907585144,1.1183242797851562
2008-02-26,momentum,60,expanding,0.9973722100257874,1.0557260513305664
2008-02-27,momentum,60,expanding,1.0823860168457031,1.0102267265319824
2008-02-28,momentum,60,expanding,1.0218838453292847,0.9567704796791077
2008-02-29,momentum,60,expanding,1.2593355178833008,1.6393437385559082
2008-03-03,momentum,60,expanding,1.0989679098129272,1.0521059036254883
2008-03-04,momentum,60,expanding,1.4312714338302612,1.5218145847320557
2008-03-05,momentum,60,expanding,1.2723385095596313,1.403435230255127
2008-03-06,momentum,60,expanding,1.234840989112854,1.7397992610931396
2008-03-07,momentum,60,expanding,1.8052349090576172,1.85652756690979
2008-03-10,momentum,60,expanding,1.2221460342407227,1.5218234062194824
2008-03-11,momentum,60,expanding,2.320333957672119,1.6444370746612549
2008-03-12,momentum,60,expanding,1.0775644779205322,1.6998448371887207
2008-03-13,momentum,60,expanding,2.0191428661346436,1.968614101409912
2008-03-14,momentum,60,expanding,2.384141683578491,2.065469741821289
2008-03-17,momentum,60,expanding,2.204531669616699,1.7514128684997559
2008-03-18,momentum,60,expanding,2.384514808654785,2.056105136871338
2008-03-19,momentum,60,expanding,1.6087003946304321,2.0299386978149414
2008-03-20,momentum,60,expanding,1.1801345348358154,1.8071744441986084
2008-03-24,momentum,60,expanding,1.0612915754318237,1.3767285346984863
2008-03-25,momentum,60,expanding,0.9686493873596191,1.125183343887329
2008-03-26,momentum,60,expanding,1.05207359790802,1.0660650730133057
2008-03-27,momentum,60,expanding,1.1229486465454102,1.2537992000579834
2008-03-28,momentum,60,expanding,0.9389823079109192,1.3190383911132812
2008-03-31,momentum,60,expanding,0.917885959148407,1.0088040828704834
2008-04-01,momentum,60,expanding,1.343915581703186,1.4590766429901123
2008-04-02,momentum,60,expanding,0.8817393779754639,1.1978495121002197
2008-04-03,momentum,60,expanding,0.8856403827667236,1.156738519668579
2008-04-04,momentum,60,expanding,0.8571365475654602,1.0941438674926758
2008-04-07,momentum,60,expanding,0.8542978763580322,0.988702118396759
2008-04-08,momentum,60,expanding,0.879923403263092,0.976879894733429
2008-04-09,momentum,60,expanding,0.7112316489219666,1.0787010192871094
2008-04-10,momentum,60,expanding,0.8668627142906189,1.083723783493042
2008-04-11,momentum,60,expanding,1.1842502355575562,1.2229137420654297
2008-04-14,momentum,60,expanding,0.7099434733390808,1.0217825174331665
2008-04-15,momentum,60,expanding,0.8432462215423584,1.0083506107330322
2008-04-16,momentum,60,expanding,1.0010043382644653,1.1789045333862305
2008-04-17,momentum,60,expanding,0.77208012342453,0.9996268153190613
2008-04-18,momentum,60,expanding,1.624890685081482,1.104799509048462
2008-04-21,momentum,60,expanding,0.597079336643219,0.8488581776618958
2008-04-22,momentum,60,expanding,0.7977572083473206,0.8957237005233765
2008-04-23,momentum,60,expanding,0.7978800535202026,0.9222407341003418
2008-04-24,momentum,60,expanding,1.0890501737594604,1.1154863834381104
2008-04-25,momentum,60,expanding,0.9663891792297363,0.9132246375083923
2008-04-28,momentum,60,expanding,0.6196454763412476,0.6420325040817261
2008-04-29,momentum,60,expanding,0.5743930339813232,0.7192617058753967
2008-04-30,momentum,60,expanding,1.1776272058486938,0.9392408728599548
2008-05-01,momentum,60,expanding,0.8206018805503845,1.0231001377105713
2008-05-02,momentum,60,expanding,1.2258778810501099,0.7926316261291504
2008-05-05,momentum,60,expanding,0.6750175356864929,0.7261490225791931
2008-05-06,momentum,60,expanding,0.8485956192016602,0.8984871506690979
2008-05-07,momentum,60,expanding,0.7097914814949036,1.0605089664459229
2008-05-08,momentum,60,expanding,0.8592309951782227,0.8985530138015747
2008-05-09,momentum,60,expanding,0.9795941114425659,0.7211886048316956
2008-05-12,momentum,60,expanding,0.6007793545722961,0.8042847514152527
2008-05-13,momentum,60,expanding,0.5236916542053223,0.6967718601226807
2008-05-14,momentum,60,expanding,0.6433610916137695,0.7233563661575317
2008-05-15,momentum,60,expanding,0.6959372758865356,0.7424007058143616
2008-05-16,momentum,60,expanding,0.6224372982978821,0.6623802781105042
2008-05-19,momentum,60,expanding,0.7479857206344604,0.6933816075325012
2008-05-20,momentum,60,expanding,0.809782087802887,0.6354862451553345
2008-05-21,momentum,60,expanding,0.9861003756523132,1.040570616722107
2008-05-22,momentum,60,expanding,0.6671488881111145,0.7045366764068604
2008-05-23,momentum,60,expanding,0.7917137145996094,0.8434577584266663
2008-05-27,momentum,60,expanding,0.7796715497970581,0.7625463604927063
2008-05-28,momentum,60,expanding,0.7457875609397888,0.7550577521324158
2008-05-29,momentum,60,expanding,0.6745463013648987,0.8460283279418945
2008-05-30,momentum,60,expanding,0.6231141090393066,0.4325212836265564
2008-06-02,momentum,60,expanding,0.7787525057792664,0.7324020862579346
2008-06-03,momentum,60,expanding,0.8753149509429932,0.9757319688796997
2008-06-04,momentum,60,expanding,1.0268135070800781,0.8697786331176758
2008-06-05,momentum,60,expanding,0.8476006984710693,0.9924521446228027
2008-06-06,momentum,60,expanding,1.3171286582946777,1.0663678646087646
2008-06-09,momentum,60,expanding,1.038175106048584,1.0325567722320557
2008-06-10,momentum,60,expanding,1.1607271432876587,1.036576509475708
2008-06-11,momentum,60,expanding,1.0310018062591553,1.0657440423965454
2008-06-12,momentum,60,expanding,1.097583532333374,1.3878445625305176
2008-06-13,momentum,60,expanding,1.112465500831604,0.8933882713317871
2008-06-16,momentum,60,expanding,0.826546311378479,0.7291655540466309
2008-06-17,momentum,60,expanding,0.8965383172035217,0.7484393119812012
2008-06-18,momentum,60,expanding,1.0684394836425781,0.9741034507751465
2008-06-19,momentum,60,expanding,0.8632503151893616,0.9543503522872925
2008-06-20,momentum,60,expanding,1.1721534729003906,1.0625170469284058
2008-06-23,momentum,60,expanding,0.763577401638031,0.8282171487808228
2008-06-24,momentum,60,expanding,0.9581196308135986,1.0443270206451416
2008-06-25,momentum,60,expanding,1.074400544166565,1.2320764064788818
2008-06-26,momentum,60,expanding,1.1540706157684326,1.3712687492370605
2008-06-27,momentum,60,expanding,1.0761384963989258,1.198025107383728
2008-06-30,momentum,60,expanding,0.9365819096565247,1.030824899673462
2008-07-01,momentum,60,expanding,1.524056315422058,1.3698636293411255
2008-07-02,momentum,60,expanding,1.189011573791504,1.523868203163147
2008-07-03,momentum,60,expanding,1.3173422813415527,1.3941092491149902
2008-07-07,momentum,60,expanding,1.601294994354248,1.4018234014511108
2008-07-08,momentum,60,expanding,1.2554852962493896,1.232481598854065
2008-07-09,momentum,60,expanding,1.1477916240692139,1.5177903175354004
2008-07-10,momentum,60,expanding,1.6886789798736572,1.3667043447494507
2008-07-11,momentum,60,expanding,2.3083982467651367,1.4848910570144653
2008-07-14,momentum,60,expanding,1.5208642482757568,1.5192633867263794
2008-07-15,momentum,60,expanding,1.7954342365264893,2.050687789916992
2008-07-16,momentum,60,expanding,1.4291751384735107,1.7329435348510742
2008-07-17,momentum,60,expanding,1.3366068601608276,1.4096101522445679
2008-07-18,momentum,60,expanding,0.9092453122138977,0.9839327931404114
2008-07-21,momentum,60,expanding,0.7031121253967285,0.7878331542015076
2008-07-22,momentum,60,expanding,1.0761218070983887,1.1825472116470337
2008-07-23,momentum,60,expanding,1.1627371311187744,1.0060234069824219
2008-07-24,momentum,60,expanding,0.9752411246299744,1.5822128057479858
2008-07-25,momentum,60,expanding,1.0933105945587158,1.006925106048584
2008-07-28,momentum,60,expanding,0.8555647730827332,1.3936396837234497
2008-07-29,momentum,60,expanding,0.9752488136291504,1.2057262659072876
2008-07-30,momentum,60,expanding,1.260144591331482,1.2055915594100952
2008-07-31,momentum,60,expanding,1.1173534393310547,1.2089425325393677
2008-08-01,momentum,60,expanding,1.0689243078231812,1.1027792692184448
2008-08-04,momentum,60,expanding,0.8374349474906921,1.0180084705352783
2008-08-05,momentum,60,expanding,0.870608925819397,1.1411961317062378
2008-08-06,momentum,60,expanding,0.7849995493888855,0.982406735420227
2008-08-07,momentum,60,expanding,1.1400514841079712,1.1744502782821655
2008-08-08,momentum,60,expanding,0.8982276916503906,1.3912497758865356
2008-08-11,momentum,60,expanding,0.8412615656852722,1.1087324619293213
2008-08-12,momentum,60,expanding,0.9052926898002625,0.9424723386764526
2008-08-13,momentum,60,expanding,1.0556539297103882,1.1946098804473877
2008-08-14,momentum,60,expanding,0.9407296776771545,1.2321089506149292
2008-08-15,momentum,60,expanding,0.875984787940979,0.824272096157074
2008-08-18,momentum,60,expanding,0.9083197712898254,1.140154242515564
2008-08-19,momentum,60,expanding,0.9595485329627991,0.9960663318634033
2008-08-20,momentum,60,expanding,1.0361772775650024,1.0106730461120605
2008-08-21,momentum,60,expanding,0.9885838627815247,1.02247953414917
2008-08-22,momentum,60,expanding,0.9252073764801025,0.9138522148132324
2008-08-25,momentum,60,expanding,0.9087023735046387,1.0929664373397827
2008-08-26,momentum,60,expanding,0.8230844140052795,0.8511433601379395
2008-08-27,momentum,60,expanding,0.77126145362854,0.9972764253616333
2008-08-28,momentum,60,expanding,0.8790086507797241,0.941825270652771
2008-08-29,momentum,60,expanding,0.7496417760848999,0.9476471543312073
2008-09-02,momentum,60,expanding,1.2319531440734863,1.221766471862793
2008-09-03,momentum,60,expanding,1.099535346031189,0.9583067893981934
2008-09-04,momentum,60,expanding,1.203898310661316,1.6862561702728271
2008-09-05,momentum,60,expanding,1.2989592552185059,1.4394733905792236
2008-09-08,momentum,60,expanding,2.549499988555908,1.4585154056549072
2008-09-09,momentum,60,expanding,1.4697345495224,2.020092725753784
2008-09-10,momentum,60,expanding,1.3546624183654785,1.5388039350509644
2008-09-11,momentum,60,expanding,1.9478951692581177,1.9894300699234009
2008-09-12,momentum,60,expanding,1.4416676759719849,1.265187382698059
2008-09-15,momentum,60,expanding,3.0239663124084473,3.109405755996704
2008-09-16,momentum,60,expanding,3.5327346324920654,2.5193874835968018
2008-09-17,momentum,60,expanding,3.153245687484741,3.3425800800323486
2008-09-18,momentum,60,expanding,4.041711807250977,4.264383316040039
2008-09-19,momentum,60,expanding,3.5335633754730225,3.5200998783111572
2008-09-22,momentum,60,expanding,1.6703459024429321,2.8250391483306885
2008-09-23,momentum,60,expanding,1.991699457168579,2.9227283000946045
2008-09-24,momentum,60,expanding,1.5598604679107666,2.5629823207855225
2008-09-25,momentum,60,expanding,1.6723109483718872,2.1258301734924316
2008-09-26,momentum,60,expanding,2.0559895038604736,1.9588271379470825
2008-09-29,momentum,60,expanding,4.466716289520264,8.234777450561523
2008-09-30,momentum,60,expanding,2.552126884460449,3.931962251663208
2008-10-01,momentum,60,expanding,2.272052049636841,5.029319763183594
2008-10-02,momentum,60,expanding,2.099900245666504,4.066864013671875
2008-10-03,momentum,60,expanding,3.295182466506958,7.212660789489746
2008-10-06,momentum,60,expanding,4.252788543701172,6.983116149902344
2008-10-07,momentum,60,expanding,3.0129079818725586,5.924530982971191
2008-10-08,momentum,60,expanding,4.996452808380127,4.495365142822266
2008-10-09,momentum,60,expanding,4.191694736480713,7.848603248596191
2008-10-10,momentum,60,expanding,8.802124977111816,9.659083366394043
2008-10-13,momentum,60,expanding,4.0274739265441895,6.723998069763184
2008-10-14,momentum,60,expanding,5.237395763397217,5.464771747589111
2008-10-15,momentum,60,expanding,4.146789073944092,8.544438362121582
2008-10-16,momentum,60,expanding,5.717025279998779,8.503734588623047
2008-10-17,momentum,60,expanding,4.294768333435059,6.7394022941589355
2008-10-20,momentum,60,expanding,2.8466811180114746,2.915858507156372
2008-10-21,momentum,60,expanding,2.8135108947753906,3.400999069213867
2008-10-22,momentum,60,expanding,3.7902324199676514,5.037240505218506
2008-10-23,momentum,60,expanding,5.609701633453369,5.397315502166748
2008-10-24,momentum,60,expanding,5.945594787597656,4.014017581939697
2008-10-27,momentum,60,expanding,4.365833759307861,4.261385917663574
2008-10-28,momentum,60,expanding,5.035435199737549,7.6434831619262695
2008-10-29,momentum,60,expanding,5.014038562774658,4.533997058868408
2008-10-30,momentum,60,expanding,3.688652276992798,2.676560401916504
2008-10-31,momentum,60,expanding,3.0657432079315186,2.753281354904175
2008-11-03,momentum,60,expanding,1.5781787633895874,2.1681079864501953
2008-11-04,momentum,60,expanding,2.3712213039398193,2.13500714302063
2008-11-05,momentum,60,expanding,2.7218072414398193,3.1816718578338623
2008-11-06,momentum,60,expanding,2.5916624069213867,3.911681890487671
2008-11-07,momentum,60,expanding,2.7305173873901367,2.619415760040283
2008-11-10,momentum,60,expanding,2.822984218597412,3.840862989425659
2008-11-11,momentum,60,expanding,3.363193988800049,3.0830557346343994
2008-11-12,momentum,60,expanding,2.616407871246338,4.03519868850708
2008-11-13,momentum,60,expanding,5.415311813354492,7.624472618103027
2008-11-14,momentum,60,expanding,4.2349066734313965,3.7233266830444336
2008-11-17,momentum,60,expanding,3.9109690189361572,3.236384868621826
2008-11-18,momentum,60,expanding,3.6095590591430664,3.504622459411621
2008-11-19,momentum,60,expanding,3.4235448837280273,6.09130334854126
2008-11-20,momentum,60,expanding,5.022059917449951,6.580949783325195
2008-11-21,momentum,60,expanding,5.509556293487549,5.348935604095459
2008-11-24,momentum,60,expanding,3.7179195880889893,5.287156105041504
2008-11-25,momentum,60,expanding,3.5112156867980957,1.9569898843765259
2008-11-26,momentum,60,expanding,2.6839263439178467,4.062770843505859
2008-11-28,momentum,60,expanding,1.167742371559143,2.3614394664764404
2008-12-01,momentum,60,expanding,3.6852376461029053,5.3318376541137695
2008-12-02,momentum,60,expanding,3.3038785457611084,2.6348090171813965
2008-12-03,momentum,60,expanding,3.32149338722229,5.830303192138672
2008-12-04,momentum,60,expanding,2.9897301197052,3.2488436698913574
2008-12-05,momentum,60,expanding,3.361112594604492,5.631764888763428
2008-12-08,momentum,60,expanding,2.765176773071289,3.7520668506622314
2008-12-09,momentum,60,expanding,2.763896942138672,2.209476947784424
2008-12-10,momentum,60,expanding,2.383012294769287,2.0180256366729736
2008-12-11,momentum,60,expanding,2.3930766582489014,2.8975703716278076
2008-12-12,momentum,60,expanding,3.2557008266448975,2.6469643115997314
2008-12-15,momentum,60,expanding,1.8790005445480347,2.293894052505493
2008-12-16,momentum,60,expanding,2.49774169921875,2.5174429416656494
2008-12-17,momentum,60,expanding,2.428164005279541,2.105137348175049
2008-12-18,momentum,60,expanding,2.042471408843994,2.429859161376953
2008-12-19,momentum,60,expanding,2.022334337234497,2.004912853240967
2008-12-22,momentum,60,expanding,1.6751102209091187,2.155665636062622
2008-12-23,momentum,60,expanding,1.5709935426712036,2.2518863677978516
2008-12-24,momentum,60,expanding,0.5831701159477234,2.183157205581665
2008-12-26,momentum,60,expanding,0.6789384484291077,1.40385103225708
2008-12-29,momentum,60,expanding,1.1034228801727295,1.2986339330673218
2008-12-30,momentum,60,expanding,1.2007750272750854,1.3945828676223755
2008-12-31,momentum,60,expanding,1.2032402753829956,1.3899929523468018
2009-01-02,momentum,60,expanding,1.2212289571762085,1.8500779867172241
2009-01-05,momentum,60,expanding,1.4744876623153687,1.5752341747283936
2009-01-06,momentum,60,expanding,1.6127517223358154,1.593773365020752
2009-01-07,momentum,60,expanding,1.4974547624588013,1.5332658290863037
2009-01-08,momentum,60,expanding,1.53998601436615,1.3439679145812988
2009-01-09,momentum,60,expanding,1.7396296262741089,1.572935938835144
2009-01-12,momentum,60,expanding,1.4322988986968994,1.640338659286499
2009-01-13,momentum,60,expanding,1.8444904088974,1.6319258213043213
2009-01-14,momentum,60,expanding,2.233201265335083,2.1343436241149902
2009-01-15,momentum,60,expanding,2.463048219680786,2.645448923110962
2009-01-16,momentum,60,expanding,2.598654270172119,2.242551565170288
2009-01-20,momentum,60,expanding,2.627830743789673,2.6470727920532227
2009-01-21,momentum,60,expanding,2.6791694164276123,2.820875883102417
2009-01-22,momentum,60,expanding,3.2951340675354004,2.610475778579712
2009-01-23,momentum,60,expanding,3.3049380779266357,3.0819833278656006
2009-01-26,momentum,60,expanding,2.2230160236358643,2.433793783187866
2009-01-27,momentum,60,expanding,1.912237286567688,1.4382588863372803
2009-01-28,momentum,60,expanding,2.4215826988220215,1.753298044204712
2009-01-29,momentum,60,expanding,1.5614471435546875,1.6640831232070923
2009-01-30,momentum,60,expanding,1.7965507507324219,2.2845826148986816
2009-02-02,momentum,60,expanding,2.0106191635131836,1.5423457622528076
2009-02-03,momentum,60,expanding,1.6486612558364868,1.6148765087127686
2009-02-04,momentum,60,expanding,1.6369843482971191,1.9782567024230957
2009-02-05,momentum,60,expanding,2.0993435382843018,2.1446385383605957
2009-02-06,momentum,60,expanding,1.5920151472091675,1.6643344163894653
2009-02-09,momentum,60,expanding,1.535598874092102,1.2278716564178467
2009-02-10,momentum,60,expanding,2.5891292095184326,2.2473831176757812
2009-02-11,momentum,60,expanding,1.8213226795196533,1.6357553005218506
2009-02-12,momentum,60,expanding,2.6972837448120117,2.4485976696014404
2009-02-13,momentum,60,expanding,1.7835042476654053,1.7418198585510254
2009-02-17,momentum,60,expanding,2.9150891304016113,2.6763391494750977
2009-02-18,momentum,60,expanding,2.1753053665161133,1.7791388034820557
2009-02-19,momentum,60,expanding,1.991634488105774,2.241215229034424
2009-02-20,momentum,60,expanding,2.604156970977783,2.465719699859619
2009-02-23,momentum,60,expanding,1.9441152811050415,2.866206169128418
2009-02-24,momentum,60,expanding,2.367480993270874,2.458719491958618
2009-02-25,momentum,60,expanding,2.453317165374756,2.365067481994629
2009-02-26,momentum,60,expanding,2.3536033630371094,2.2535510063171387
2009-02-27,momentum,60,expanding,2.955308437347412,2.0231680870056152
2009-03-02,momentum,60,expanding,2.372264862060547,2.315098285675049
2009-03-03,momentum,60,expanding,2.5955445766448975,2.1826326847076416
2009-03-04,momentum,60,expanding,2.2299466133117676,2.410724401473999
2009-03-05,momentum,60,expanding,2.7134621143341064,2.718214750289917
2009-03-06,momentum,60,expanding,2.92566180229187,3.537874698638916
2009-03-09,momentum,60,expanding,2.3832528591156006,2.2571706771850586
2009-03-10,momentum,60,expanding,2.729984998703003,2.5986361503601074
2009-03-11,momentum,60,expanding,2.227527618408203,1.9902422428131104
2009-03-12,momentum,60,expanding,1.7503701448440552,2.7719547748565674
2009-03-13,momentum,60,expanding,1.8969993591308594,1.618823528289795
2009-03-16,momentum,60,expanding,1.8606905937194824,2.0986499786376953
2009-03-17,momentum,60,expanding,1.9127211570739746,1.7335996627807617
2009-03-18,momentum,60,expanding,2.8516604900360107,2.3387508392333984
2009-03-19,momentum,60,expanding,2.063447952270508,1.9515480995178223
2009-03-20,momentum,60,expanding,1.7233617305755615,1.6928963661193848
2009-03-23,momentum,60,expanding,2.496063470840454,2.9409122467041016
2009-03-24,momentum,60,expanding,1.7698369026184082,1.6022624969482422
2009-03-25,momentum,60,expanding,2.3847575187683105,2.7244465351104736
2009-03-26,momentum,60,expanding,2.2984888553619385,1.655043125152588
2009-03-27,momentum,60,expanding,1.775611400604248,1.629425287246704
2009-03-30,momentum,60,expanding,2.346529722213745,1.9800753593444824
2009-03-31,momentum,60,expanding,1.7583564519882202,1.6943750381469727
2009-04-01,momentum,60,expanding,2.209555149078369,2.2199110984802246
2009-04-02,momentum,60,expanding,2.4170801639556885,2.242112874984741
2009-04-03,momentum,60,expanding,1.5368499755859375,1.7217344045639038
2009-04-06,momentum,60,expanding,1.6953963041305542,1.8379216194152832
2009-04-07,momentum,60,expanding,2.326288938522339,1.5334112644195557
2009-04-08,momentum,60,expanding,1.5155185461044312,1.5965187549591064
2009-04-09,momentum,60,expanding,2.2163987159729004,1.820272445678711
2009-04-13,momentum,60,expanding,1.5761985778808594,1.5660052299499512
2009-04-14,momentum,60,expanding,1.6240464448928833,1.3058996200561523
2009-04-15,momentum,60,expanding,1.2919410467147827,1.366037368774414
2009-04-16,momentum,60,expanding,1.371792197227478,1.5170139074325562
2009-04-17,momentum,60,expanding,1.1837140321731567,1.3905341625213623
2009-04-20,momentum,60,expanding,2.0597002506256104,1.8405916690826416
2009-04-21,momentum,60,expanding,1.4308260679244995,1.6667410135269165
2009-04-22,momentum,60,expanding,1.744994044303894,1.8059287071228027
2009-04-23,momentum,60,expanding,1.599279522895813,1.714922547340393
2009-04-24,momentum,60,expanding,1.4508177042007446,1.068866491317749
2009-04-27,momentum,60,expanding,1.6014925241470337,1.3557263612747192
2009-04-28,momentum,60,expanding,1.412285327911377,1.3381245136260986
2009-04-29,momentum,60,expanding,1.5792120695114136,1.4509721994400024
2009-04-30,momentum,60,expanding,1.6268842220306396,1.6054521799087524
2009-05-01,momentum,60,expanding,1.2302379608154297,1.347514033317566
2009-05-04,momentum,60,expanding,1.4102360010147095,1.5971614122390747
2009-05-05,momentum,60,expanding,1.098834753036499,1.184198260307312
2009-05-06,momentum,60,expanding,1.7786390781402588,1.155765414237976
2009-05-07,momentum,60,expanding,1.902239441871643,1.6649212837219238
2009-05-08,momentum,60,expanding,1.7931430339813232,1.5055030584335327
2009-05-11,momentum,60,expanding,1.3628309965133667,0.9231013059616089
2009-05-12,momentum,60,expanding,1.3729220628738403,1.4790804386138916
2009-05-13,momentum,60,expanding,1.8909968137741089,1.3660471439361572
2009-05-14,momentum,60,expanding,1.282561182975769,1.4338529109954834
2009-05-15,momentum,60,expanding,1.1501622200012207,1.449499487876892
2009-05-18,momentum,60,expanding,1.2645182609558105,1.4050089120864868
2009-05-19,momentum,60,expanding,1.1848150491714478,0.9436696171760559
2009-05-20,momentum,60,expanding,1.672905445098877,1.8419314622879028
2009-05-21,momentum,60,expanding,1.5095289945602417,1.3333197832107544
2009-05-22,momentum,60,expanding,1.1197932958602905,1.4883217811584473
2009-05-26,momentum,60,expanding,1.3851373195648193,1.6343075037002563
2009-05-27,momentum,60,expanding,1.3693912029266357,1.250792145729065
2009-05-28,momentum,60,expanding,1.7509989738464355,1.5660022497177124
2009-05-29,momentum,60,expanding,1.448988676071167,1.5222467184066772
2009-06-01,momentum,60,expanding,1.2878875732421875,1.7978196144104004
2009-06-02,momentum,60,expanding,1.163015604019165,1.437821626663208
2009-06-03,momentum,60,expanding,1.2123674154281616,1.6906614303588867
2009-06-04,momentum,60,expanding,0.8954287171363831,1.5581921339035034
2009-06-05,momentum,60,expanding,1.50551176071167,1.7675549983978271
2009-06-08,momentum,60,expanding,1.2523661851882935,1.7994414567947388
2009-06-09,momentum,60,expanding,0.9760127663612366,1.335207223892212
2009-06-10,momentum,60,expanding,1.3372606039047241,1.7867317199707031
2009-06-11,momentum,60,expanding,1.1946476697921753,1.700074315071106
2009-06-12,momentum,60,expanding,0.9835572838783264,1.4859607219696045
2009-06-15,momentum,60,expanding,1.3957873582839966,1.3967915773391724
2009-06-16,momentum,60,expanding,1.0399935245513916,1.5706082582473755
2009-06-17,momentum,60,expanding,1.2463960647583008,1.4796288013458252
2009-06-18,momentum,60,expanding,0.9605440497398376,1.2647560834884644
2009-06-19,momentum,60,expanding,0.9590873718261719,1.1408307552337646
2009-06-22,momentum,60,expanding,1.3873374462127686,1.2217451333999634
2009-06-23,momentum,60,expanding,1.2636722326278687,1.1376538276672363
2009-06-24,momentum,60,expanding,1.1783016920089722,1.327483892440796
2009-06-25,momentum,60,expanding,1.1450676918029785,1.626633882522583
2009-06-26,momentum,60,expanding,0.9949550032615662,0.85700523853302
2009-06-29,momentum,60,expanding,0.8182254433631897,0.9925336837768555
2009-06-30,momentum,60,expanding,0.9867157340049744,1.0986049175262451
2007-08-01,extended,252,expanding,1.671827793121338,1.1861783266067505
2007-08-02,extended,252,expanding,1.0545318126678467,1.013329267501831
2007-08-03,extended,252,expanding,1.2634865045547485,1.2492846250534058
2007-08-06,extended,252,expanding,1.52283775806427,1.1970710754394531
2007-08-07,extended,252,expanding,1.5802648067474365,1.121689796447754
2007-08-08,extended,252,expanding,1.1772960424423218,0.9459375739097595
2007-08-09,extended,252,expanding,2.193866729736328,1.6313986778259277
2007-08-10,extended,252,expanding,2.032928228378296,1.4586962461471558
2007-08-13,extended,252,expanding,1.0790512561798096,1.010634183883667
2007-08-14,extended,252,expanding,1.2419599294662476,1.2799022197723389
2007-08-15,extended,252,expanding,1.4086284637451172,1.7204644680023193
2007-08-16,extended,252,expanding,2.3308846950531006,2.018770933151245
2007-08-17,extended,252,expanding,2.2522153854370117,1.3623974323272705
2007-08-20,extended,252,expanding,1.090451955795288,1.0068106651306152
2007-08-21,extended,252,expanding,0.9885767698287964,1.058631420135498
2007-08-22,extended,252,expanding,1.1598292589187622,0.7039804458618164
2007-08-23,extended,252,expanding,0.9439303874969482,0.8970493674278259
2007-08-24,extended,252,expanding,0.5917589664459229,0.811479389667511
2007-08-27,extended,252,expanding,0.6175968647003174,0.5399230718612671
2007-08-28,extended,252,expanding,0.7875692844390869,1.1265442371368408
2007-08-29,extended,252,expanding,1.0595468282699585,0.9423808455467224
2007-08-30,extended,252,expanding,1.145751953125,0.7834128737449646
2007-08-31,extended,252,expanding,1.3263121843338013,0.7283099293708801
2007-09-04,extended,252,expanding,0.6176022887229919,0.6931336522102356
2007-09-05,extended,252,expanding,1.0097556114196777,0.7308439612388611
2007-09-06,extended,252,expanding,0.750785768032074,0.6731271147727966
2007-09-07,extended,252,expanding,1.3905552625656128,0.9416150450706482
2007-09-10,extended,252,expanding,1.0879065990447998,0.7744916081428528
2007-09-11,extended,252,expanding,0.8977413177490234,0.7377737164497375
2007-09-12,extended,252,expanding,0.7624867558479309,0.7498555183410645
2007-09-13,extended,252,expanding,0.8040983080863953,0.6399170160293579
2007-09-14,extended,252,expanding,0.8256641626358032,0.5616469383239746
2007-09-17,extended,252,expanding,0.5672880411148071,0.501419723033905
2007-09-18,extended,252,expanding,1.4727146625518799,1.0591202974319458
2007-09-19,extended,252,expanding,0.9417223930358887,0.7207236886024475
2007-09-20,extended,252,expanding,0.6428540945053101,0.8041052222251892
2007-09-21,extended,252,expanding,0.6494902968406677,0.5247783064842224
2007-09-24,extended,252,expanding,0.6367967128753662,0.47387853264808655
2007-09-25,extended,252,expanding,0.7038576006889343,0.4979039132595062
2007-09-26,extended,252,expanding,0.6136684417724609,0.5001959800720215
2007-09-27,extended,252,expanding,0.5321781039237976,0.4874841272830963
2007-09-28,extended,252,expanding,0.5003291368484497,0.4679587781429291
2007-10-01,extended,252,expanding,0.5462802648544312,0.596534788608551
2007-10-02,extended,252,expanding,0.43112337589263916,0.5427875518798828
2007-10-03,extended,252,expanding,0.5897242426872253,0.5111321210861206
2007-10-04,extended,252,expanding,0.3827276825904846,0.44001784920692444
2007-10-05,extended,252,expanding,0.7139724493026733,0.5706282258033752
2007-10-08,extended,252,expanding,0.3992219567298889,0.47878843545913696
2007-10-09,extended,252,expanding,0.5708045363426208,0.5067918300628662
2007-10-10,extended,252,expanding,0.5209761261940002,0.49265071749687195
2007-10-11,extended,252,expanding,0.9241900444030762,0.8413745760917664
2007-10-12,extended,252,expanding,0.567247211933136,0.5203544497489929
2007-10-15,extended,252,expanding,0.7145553231239319,0.7326032519340515
2007-10-16,extended,252,expanding,0.6743911504745483,0.5981433391571045
2007-10-17,extended,252,expanding,0.917576253414154,0.8251228928565979
2007-10-18,extended,252,expanding,0.679073691368103,0.6729561686515808
2007-10-19,extended,252,expanding,1.1055092811584473,1.4137992858886719
2007-10-22,extended,252,expanding,1.0594828128814697,0.9568485617637634
2007-10-23,extended,252,expanding,0.8465983867645264,0.8669876456260681
2007-10-24,extended,252,expanding,1.4033185243606567,1.1006064414978027
2007-10-25,extended,252,expanding,1.1932650804519653,0.996886134147644
2007-10-26,extended,252,expanding,0.8088633418083191,0.7599908709526062
2007-10-29,extended,252,expanding,0.6095345616340637,0.5525229573249817
2007-10-30,extended,252,expanding,0.5387272834777832,0.5776354074478149
2007-10-31,extended,252,expanding,1.1165580749511719,0.8292315006256104
2007-11-01,extended,252,expanding,1.4491733312606812,1.354210615158081
2007-11-02,extended,252,expanding,1.42679762840271,1.0568029880523682
2007-11-05,extended,252,expanding,1.2828664779663086,0.9061498641967773
2007-11-06,extended,252,expanding,0.882011353969574,0.9670619964599609
2007-11-07,extended,252,expanding,1.4051868915557861,1.5991969108581543
2007-11-08,extended,252,expanding,1.8736413717269897,1.573475956916809
2007-11-09,extended,252,expanding,1.5605770349502563,1.4313817024230957
2007-11-12,extended,252,expanding,1.3244675397872925,1.5815799236297607
2007-11-13,extended,252,expanding,1.1225030422210693,1.541717290878296
2007-11-14,extended,252,expanding,1.1282957792282104,1.0485693216323853
2007-11-15,extended,252,expanding,1.1944220066070557,1.3824268579483032
2007-11-16,extended,252,expanding,1.3042824268341064,0.8716988563537598
2007-11-19,extended,252,expanding,1.2105433940887451,1.151510238647461
2007-11-20,extended,252,expanding,1.7195501327514648,1.333889365196228
2007-11-21,extended,252,expanding,1.4897027015686035,1.2776756286621094
2007-11-23,extended,252,expanding,0.9587540030479431,1.3055641651153564
2007-11-26,extended,252,expanding,1.1303153038024902,1.83915376663208
2007-11-27,extended,252,expanding,1.4274259805679321,1.2286908626556396
2007-11-28,extended,252,expanding,1.1086399555206299,1.4976019859313965
2007-11-29,extended,252,expanding,1.0607366561889648,0.906926155090332
2007-11-30,extended,252,expanding,1.3021440505981445,1.2213037014007568
2007-12-03,extended,252,expanding,0.8708776235580444,0.7778582572937012
2007-12-04,extended,252,expanding,0.8663290739059448,1.0280938148498535
2007-12-05,extended,252,expanding,1.1051175594329834,0.8157349824905396
2007-12-06,extended,252,expanding,0.647177517414093,1.0500907897949219
2007-12-07,extended,252,expanding,0.5555198192596436,0.6593985557556152
2007-12-10,extended,252,expanding,0.5558142066001892,0.6648143529891968
2007-12-11,extended,252,expanding,1.514830470085144,1.4718327522277832
2007-12-12,extended,252,expanding,2.1373531818389893,1.387882947921753
2007-12-13,extended,252,expanding,1.057175636291504,1.0583713054656982
2007-12-14,extended,252,expanding,1.0063824653625488,1.2608227729797363
2007-12-17,extended,252,expanding,1.0156853199005127,1.4213597774505615
2007-12-18,extended,252,expanding,1.213597059249878,1.0214686393737793
2007-12-19,extended,252,expanding,0.9898297786712646,1.1124472618103027
2007-12-20,extended,252,expanding,0.8427925705909729,0.7959046363830566
2007-12-21,extended,252,expanding,0.9443835616111755,0.8000764846801758
2007-12-24,extended,252,expanding,0.44417110085487366,0.6512520909309387
2007-12-26,extended,252,expanding,0.4618206024169922,0.6175768971443176
2007-12-27,extended,252,expanding,0.6217015981674194,0.7994086742401123
2007-12-28,extended,252,expanding,0.7754580974578857,0.8642941117286682
2007-12-31,extended,252,expanding,0.6113055348396301,0.6390406489372253
2008-01-02,extended,252,expanding,1.0530771017074585,1.1308821439743042
2008-01-03,extended,252,expanding,0.8087749481201172,0.9206603169441223
2008-01-04,extended,252,expanding,1.299110770225525,1.371738076210022
2008-01-07,extended,252,expanding,1.3807557821273804,1.250410556793213
2008-01-08,extended,252,expanding,1.5058282613754272,1.7417391538619995
2008-01-09,extended,252,expanding,1.574271559715271,1.5449795722961426
2008-01-10,extended,252,expanding,1.8811376094818115,1.7563085556030273
2008-01-11,extended,252,expanding,1.495175838470459,1.4852086305618286
2008-01-14,extended,252,expanding,0.9599680304527283,1.0282227993011475
2008-01-15,extended,252,expanding,1.2201732397079468,1.4643945693969727
2008-01-16,extended,252,expanding,1.59634268283844,1.5683434009552002
2008-01-17,extended,252,expanding,1.7128186225891113,2.3413517475128174
2008-01-18,extended,252,expanding,1.9202243089675903,2.247680902481079
2008-01-22,extended,252,expanding,3.924867630004883,2.430691957473755
2008-01-23,extended,252,expanding,3.517395496368408,3.5842342376708984
2008-01-24,extended,252,expanding,1.7193946838378906,1.9656565189361572
2008-01-25,extended,252,expanding,1.6763678789138794,2.2570436000823975
2008-01-28,extended,252,expanding,1.4217528104782104,1.7154922485351562
2008-01-29,extended,252,expanding,1.0022705793380737,1.2139661312103271
2008-01-30,extended,252,expanding,1.51177978515625,1.6495370864868164
2008-01-31,extended,252,expanding,2.2185606956481934,2.062222957611084
2008-02-01,extended,252,expanding,1.1777100563049316,1.4250481128692627
2008-02-04,extended,252,expanding,0.8220021724700928,1.247867226600647
2008-02-05,extended,252,expanding,1.8209658861160278,1.9824554920196533
2008-02-06,extended,252,expanding,1.181902527809143,2.105314016342163
2008-02-07,extended,252,expanding,1.625706672668457,1.9353901147842407
2008-02-08,extended,252,expanding,1.2564852237701416,1.8057113885879517
2008-02-11,extended,252,expanding,0.9540771842002869,1.5155434608459473
2008-02-12,extended,252,expanding,1.2615809440612793,1.149007797241211
2008-02-13,extended,252,expanding,1.1396948099136353,1.1943656206130981
2008-02-14,extended,252,expanding,1.0863839387893677,1.3554539680480957
2008-02-15,extended,252,expanding,0.8609744310379028,1.0942363739013672
2008-02-19,extended,252,expanding,1.1692086458206177,1.2487075328826904
2008-02-20,extended,252,expanding,1.4265395402908325,1.275050163269043
2008-02-21,extended,252,expanding,1.0697027444839478,1.4478139877319336
2008-02-22,extended,252,expanding,1.2396327257156372,1.2669278383255005
2008-02-25,extended,252,expanding,1.341978907585144,1.1189520359039307
2008-02-26,extended,252,expanding,0.9973722100257874,1.1365910768508911
2008-02-27,extended,252,expanding,1.0823860168457031,1.0964174270629883
2008-02-28,extended,252,expanding,1.0218838453292847,1.0863763093948364
2008-02-29,extended,252,expanding,1.2593355178833008,1.678735375404358
2008-03-03,extended,252,expanding,1.0989679098129272,1.1673017740249634
2008-03-04,extended,252,expanding,1.4312714338302612,1.4771031141281128
2008-03-05,extended,252,expanding,1.2723385095596313,1.4266622066497803
2008-03-06,extended,252,expanding,1.234840989112854,1.6066563129425049
2008-03-07,extended,252,expanding,1.8052349090576172,1.8747204542160034
2008-03-10,extended,252,expanding,1.2221460342407227,1.5420464277267456
2008-03-11,extended,252,expanding,2.320333957672119,1.8324629068374634
2008-03-12,extended,252,expanding,1.0775644779205322,1.6727780103683472
2008-03-13,extended,252,expanding,2.0191428661346436,1.8903387784957886
2008-03-14,extended,252,expanding,2.384141683578491,2.159104824066162
2008-03-17,extended,252,expanding,2.204531669616699,2.021824359893799
2008-03-18,extended,252,expanding,2.384514808654785,2.301567792892456
2008-03-19,extended,252,expanding,1.6087003946304321,2.20584774017334
2008-03-20,extended,252,expanding,1.1801345348358154,2.1722304821014404
2008-03-24,extended,252,expanding,1.0612915754318237,1.4936884641647339
2008-03-25,extended,252,expanding,0.9686493873596191,1.4006935358047485
2008-03-26,extended,252,expanding,1.05207359790802,1.2551919221878052
2008-03-27,extended,252,expanding,1.1229486465454102,1.2503753900527954
2008-03-28,extended,252,expanding,0.9389823079109192,1.4209476709365845
2008-03-31,extended,252,expanding,0.917885959148407,1.143518090248108
2008-04-01,extended,252,expanding,1.343915581703186,1.7827390432357788
2008-04-02,extended,252,expanding,0.8817393779754639,1.0606645345687866
2008-04-03,extended,252,expanding,0.8856403827667236,1.0513170957565308
2008-04-04,extended,252,expanding,0.8571365475654602,0.9297511577606201
2008-04-07,extended,252,expanding,0.8542978763580322,0.9851493835449219
2008-04-08,extended,252,expanding,0.879923403263092,0.9877473711967468
2008-04-09,extended,252,expanding,0.7112316489219666,1.0846668481826782
2008-04-10,extended,252,expanding,0.8668627142906189,1.056632399559021
2008-04-11,extended,252,expanding,1.1842502355575562,1.0925368070602417
2008-04-14,extended,252,expanding,0.7099434733390808,0.9350477457046509
2008-04-15,extended,252,expanding,0.8432462215423584,0.9403447508811951
2008-04-16,extended,252,expanding,1.0010043382644653,1.331093430519104
2008-04-17,extended,252,expanding,0.77208012342453,0.8445372581481934
2008-04-18,extended,252,expanding,1.624890685081482,1.3289872407913208
2008-04-21,extended,252,expanding,0.597079336643219,0.7273914217948914
2008-04-22,extended,252,expanding,0.7977572083473206,0.9688118100166321
2008-04-23,extended,252,expanding,0.7978800535202026,0.9392895698547363
2008-04-24,extended,252,expanding,1.0890501737594604,1.3065645694732666
2008-04-25,extended,252,expanding,0.9663891792297363,0.9406771063804626
2008-04-28,extended,252,expanding,0.6196454763412476,0.7779364585876465
2008-04-29,extended,252,expanding,0.5743930339813232,0.7835886478424072
2008-04-30,extended,252,expanding,1.1776272058486938,1.0202882289886475
2008-05-01,extended,252,expanding,0.8206018805503845,1.1751651763916016
2008-05-02,extended,252,expanding,1.2258778810501099,0.8382770419120789
2008-05-05,extended,252,expanding,0.6750175356864929,0.7094313502311707
2008-05-06,extended,252,expanding,0.8485956192016602,0.9050589203834534
2008-05-07,extended,252,expanding,0.7097914814949036,1.0306758880615234
2008-05-08,extended,252,expanding,0.8592309951782227,0.9269577860832214
2008-05-09,extended,252,expanding,0.9795941114425659,0.753416121006012
2008-05-12,extended,252,expanding,0.6007793545722961,0.8217825293540955
2008-05-13,extended,252,expanding,0.5236916542053223,0.7138792872428894
2008-05-14,extended,252,expanding,0.6433610916137695,0.6781233549118042
2008-05-15,extended,252,expanding,0.6959372758865356,0.6440708041191101
2008-05-16,extended,252,expanding,0.6224372982978821,0.6799764633178711
2008-05-19,extended,252,expanding,0.7479857206344604,0.6675782203674316
2008-05-20,extended,252,expanding,0.809782087802887,0.7743905186653137
2008-05-21,extended,252,expanding,0.9861003756523132,1.0958235263824463
2008-05-22,extended,252,expanding,0.6671488881111145,0.8300715684890747
2008-05-23,extended,252,expanding,0.7917137145996094,0.8888971209526062
2008-05-27,extended,252,expanding,0.7796715497970581,0.8813807368278503
2008-05-28,extended,252,expanding,0.7457875609397888,0.7277761101722717
2008-05-29,extended,252,expanding,0.6745463013648987,0.9675828218460083
2008-05-30,extended,252,expanding,0.6231141090393066,0.6214818358421326
2008-06-02,extended,252,expanding,0.7787525057792664,0.8859372138977051
2008-06-03,extended,252,expanding,0.8753149509429932,0.8921502232551575
2008-06-04,extended,252,expanding,1.0268135070800781,0.7824400663375854
2008-06-05,extended,252,expanding,0.8476006984710693,1.1760451793670654
2008-06-06,extended,252,expanding,1.3171286582946777,1.6452832221984863
2008-06-09,extended,252,expanding,1.038175106048584,1.1076602935791016
2008-06-10,extended,252,expanding,1.1607271432876587,1.129052758216858
2008-06-11,extended,252,expanding,1.0310018062591553,1.3307452201843262
2008-06-12,extended,252,expanding,1.097583532333374,1.4501938819885254
2008-06-13,extended,252,expanding,1.112465500831604,1.0153937339782715
2008-06-16,extended,252,expanding,0.826546311378479,0.7422022819519043
2008-06-17,extended,252,expanding,0.8965383172035217,0.7582364678382874
2008-06-18,extended,252,expanding,1.0684394836425781,1.0048549175262451
2008-06-19,extended,252,expanding,0.8632503151893616,0.9835785627365112
2008-06-20,extended,252,expanding,1.1721534729003906,1.1170417070388794
2008-06-23,extended,252,expanding,0.763577401638031,1.02379310131073
2008-06-24,extended,252,expanding,0.9581196308135986,1.1800580024719238
2008-06-25,extended,252,expanding,1.074400544166565,1.1154245138168335
2008-06-26,extended,252,expanding,1.1540706157684326,1.5821337699890137
2008-06-27,extended,252,expanding,1.0761384963989258,1.3791693449020386
2008-06-30,extended,252,expanding,0.9365819096565247,1.2332872152328491
2008-07-01,extended,252,expanding,1.524056315422058,1.33504319190979
2008-07-02,extended,252,expanding,1.189011573791504,1.8232258558273315
2008-07-03,extended,252,expanding,1.3173422813415527,1.5854297876358032
2008-07-07,extended,252,expanding,1.601294994354248,1.818625807762146
2008-07-08,extended,252,expanding,1.2554852962493896,1.585626482963562
2008-07-09,extended,252,expanding,1.1477916240692139,1.6991430521011353
2008-07-10,extended,252,expanding,1.6886789798736572,1.4742728471755981
2008-07-11,extended,252,expanding,2.3083982467651367,1.6448348760604858
2008-07-14,extended,252,expanding,1.5208642482757568,1.7900718450546265
2008-07-15,extended,252,expanding,1.7954342365264893,1.9864493608474731
2008-07-16,extended,252,expanding,1.4291751384735107,1.812081217765808
2008-07-17,extended,252,expanding,1.3366068601608276,1.3771508932113647
2008-07-18,extended,252,expanding,0.9092453122138977,1.0503343343734741
2008-07-21,extended,252,expanding,0.7031121253967285,0.8853298425674438
2008-07-22,extended,252,expanding,1.0761218070983887,1.3070164918899536
2008-07-23,extended,252,expanding,1.1627371311187744,1.0686159133911133
2008-07-24,extended,252,expanding,0.9752411246299744,1.4961178302764893
2008-07-25,extended,252,expanding,1.0933105945587158,0.9879079461097717
2008-07-28,extended,252,expanding,0.8555647730827332,1.3134535551071167
2008-07-29,extended,252,expanding,0.9752488136291504,1.145822525024414
2008-07-30,extended,252,expanding,1.260144591331482,1.0653507709503174
2008-07-31,extended,252,expanding,1.1173534393310547,1.0262378454208374
2008-08-01,extended,252,expanding,1.0689243078231812,0.9764958620071411
2008-08-04,extended,252,expanding,0.8374349474906921,1.0958153009414673
2008-08-05,extended,252,expanding,0.870608925819397,1.1752969026565552
2008-08-06,extended,252,expanding,0.7849995493888855,0.8385500907897949
2008-08-07,extended,252,expanding,1.1400514841079712,1.0250285863876343
2008-08-08,extended,252,expanding,0.8982276916503906,1.5023008584976196
2008-08-11,extended,252,expanding,0.8412615656852722,1.1948550939559937
2008-08-12,extended,252,expanding,0.9052926898002625,0.9594138860702515
2008-08-13,extended,252,expanding,1.0556539297103882,1.1063566207885742
2008-08-14,extended,252,expanding,0.9407296776771545,1.1164054870605469
2008-08-15,extended,252,expanding,0.875984787940979,0.7388942837715149
2008-08-18,extended,252,expanding,0.9083197712898254,0.9943589568138123
2008-08-19,extended,252,expanding,0.9595485329627991,0.8600702285766602
2008-08-20,extended,252,expanding,1.0361772775650024,0.8689740300178528
2008-08-21,extended,252,expanding,0.9885838627815247,1.0431756973266602
2008-08-22,extended,252,expanding,0.9252073764801025,0.9142608642578125
2008-08-25,extended,252,expanding,0.9087023735046387,0.8842073678970337
2008-08-26,extended,252,expanding,0.8230844140052795,0.8342143297195435
2008-08-27,extended,252,expanding,0.77126145362854,0.8751744031906128
2008-08-28,extended,252,expanding,0.8790086507797241,0.7582688331604004
2008-08-29,extended,252,expanding,0.7496417760848999,0.7705208659172058
2008-09-02,extended,252,expanding,1.2319531440734863,1.411152720451355
2008-09-03,extended,252,expanding,1.099535346031189,0.8826723694801331
2008-09-04,extended,252,expanding,1.203898310661316,1.5728334188461304
2008-09-05,extended,252,expanding,1.2989592552185059,1.6125868558883667
2008-09-08,extended,252,expanding,2.549499988555908,1.178805947303772
2008-09-09,extended,252,expanding,1.4697345495224,1.7375844717025757
2008-09-10,extended,252,expanding,1.3546624183654785,1.5243898630142212
2008-09-11,extended,252,expanding,1.9478951692581177,1.8419630527496338
2008-09-12,extended,252,expanding,1.4416676759719849,1.3408329486846924
2008-09-15,extended,252,expanding,3.0239663124084473,2.2785255908966064
2008-09-16,extended,252,expanding,3.5327346324920654,1.924437165260315
2008-09-17,extended,252,expanding,3.153245687484741,2.7789807319641113
2008-09-18,extended,252,expanding,4.041711807250977,3.0811691284179688
2008-09-19,extended,252,expanding,3.5335633754730225,2.4966535568237305
2008-09-22,extended,252,expanding,1.6703459024429321,2.381269693374634
2008-09-23,extended,252,expanding,1.991699457168579,2.4653871059417725
2008-09-24,extended,252,expanding,1.5598604679107666,1.7555183172225952
2008-09-25,extended,252,expanding,1.6723109483718872,1.8369945287704468
2008-09-26,extended,252,expanding,2.0559895038604736,1.5994517803192139
2008-09-29,extended,252,expanding,4.466716289520264,4.933254718780518
2008-09-30,extended,252,expanding,2.552126884460449,2.274718761444092
2008-10-01,extended,252,expanding,2.272052049636841,4.122669219970703
2008-10-02,extended,252,expanding,2.099900245666504,3.6658105850219727
2008-10-03,extended,252,expanding,3.295182466506958,4.628901958465576
2008-10-06,extended,252,expanding,4.252788543701172,4.759847164154053
2008-10-07,extended,252,expanding,3.0129079818725586,4.0735015869140625
2008-10-08,extended,252,expanding,4.996452808380127,4.276515960693359
2008-10-09,extended,252,expanding,4.191694736480713,6.079890251159668
2008-10-10,extended,252,expanding,8.802124977111816,5.96105432510376
2008-10-13,extended,252,expanding,4.0274739265441895,5.843026161193848
2008-10-14,extended,252,expanding,5.237395763397217,5.227407932281494
2008-10-15,extended,252,expanding,4.146789073944092,6.2566633224487305
2008-10-16,extended,252,expanding,5.717025279998779,5.865110397338867
2008-10-17,extended,252,expanding,4.294768333435059,5.706270217895508
2008-10-20,extended,252,expanding,2.8466811180114746,4.052583694458008
2008-10-21,extended,252,expanding,2.8135108947753906,3.0826573371887207
2008-10-22,extended,252,expanding,3.7902324199676514,4.183591842651367
2008-10-23,extended,252,expanding,5.609701633453369,4.489912986755371
2008-10-24,extended,252,expanding,5.945594787597656,3.8449738025665283
2008-10-27,extended,252,expanding,4.365833759307861,4.239780426025391
2008-10-28,extended,252,expanding,5.035435199737549,5.794316291809082
2008-10-29,extended,252,expanding,5.014038562774658,4.429689884185791
2008-10-30,extended,252,expanding,3.688652276992798,3.271812915802002
2008-10-31,extended,252,expanding,3.0657432079315186,3.139308452606201
2008-11-03,extended,252,expanding,1.5781787633895874,2.903912305831909
2008-11-04,extended,252,expanding,2.3712213039398193,2.4443581104278564
2008-11-05,extended,252,expanding,2.7218072414398193,2.5033206939697266
2008-11-06,extended,252,expanding,2.5916624069213867,3.4643454551696777
2008-11-07,extended,252,expanding,2.7305173873901367,2.9939849376678467
2008-11-10,extended,252,expanding,2.822984218597412,3.902970552444458
2008-11-11,extended,252,expanding,3.363193988800049,3.1767354011535645
2008-11-12,extended,252,expanding,2.616407871246338,2.954437494277954
2008-11-13,extended,252,expanding,5.415311813354492,6.478499889373779
2008-11-14,extended,252,expanding,4.2349066734313965,3.178166151046753
2008-11-17,extended,252,expanding,3.9109690189361572,3.367770195007324
2008-11-18,extended,252,expanding,3.6095590591430664,3.5484228134155273
2008-11-19,extended,252,expanding,3.4235448837280273,3.770676612854004
2008-11-20,extended,252,expanding,5.022059917449951,5.1543354988098145
2008-11-21,extended,252,expanding,5.509556293487549,5.924688816070557
2008-11-24,extended,252,expanding,3.7179195880889893,5.2499680519104
2008-11-25,extended,252,expanding,3.5112156867980957,3.693140745162964
2008-11-26,extended,252,expanding,2.6839263439178467,3.5887579917907715
2008-11-28,extended,252,expanding,1.167742371559143,2.7466917037963867
2008-12-01,extended,252,expanding,3.6852376461029053,4.263753890991211
2008-12-02,extended,252,expanding,3.3038785457611084,3.460095167160034
2008-12-03,extended,252,expanding,3.32149338722229,5.462244510650635
2008-12-04,extended,252,expanding,2.9897301197052,3.799448013305664
2008-12-05,extended,252,expanding,3.361112594604492,4.97184419631958
2008-12-08,extended,252,expanding,2.765176773071289,2.9804818630218506
2008-12-09,extended,252,expanding,2.763896942138672,2.2003257274627686
2008-12-10,extended,252,expanding,2.383012294769287,2.435997247695923
2008-12-11,extended,252,expanding,2.3930766582489014,2.8098464012145996
2008-12-12,extended,252,expanding,3.2557008266448975,2.786909580230713
2008-12-15,extended,252,expanding,1.8790005445480347,2.8322391510009766
2008-12-16,extended,252,expanding,2.49774169921875,2.7332098484039307
2008-12-17,extended,252,expanding,2.428164005279541,2.4540412425994873
2008-12-18,extended,252,expanding,2.042471408843994,2.490536689758301
2008-12-19,extended,252,expanding,2.022334337234497,2.2585010528564453
2008-12-22,extended,252,expanding,1.6751102209091187,2.095440149307251
2008-12-23,extended,252,expanding,1.5709935426712036,2.821577787399292
2008-12-24,extended,252,expanding,0.5831701159477234,1.906530499458313
2008-12-26,extended,252,expanding,0.6789384484291077,1.4472168684005737
2008-12-29,extended,252,expanding,1.1034228801727295,1.4702507257461548
2008-12-30,extended,252,expanding,1.2007750272750854,1.5267771482467651
2008-12-31,extended,252,expanding,1.2032402753829956,1.8302394151687622
2009-01-02,extended,252,expanding,1.2212289571762085,2.04767107963562
2009-01-05,extended,252,expanding,1.4744876623153687,1.5764989852905273
2009-01-06,extended,252,expanding,1.6127517223358154,1.6898448467254639
2009-01-07,extended,252,expanding,1.4974547624588013,1.435828685760498
2009-01-08,extended,252,expanding,1.53998601436615,1.5098520517349243
2009-01-09,extended,252,expanding,1.7396296262741089,1.5687761306762695
2009-01-12,extended,252,expanding,1.4322988986968994,1.6371324062347412
2009-01-13,extended,252,expanding,1.8444904088974,1.6201086044311523
2009-01-14,extended,252,expanding,2.233201265335083,1.8359146118164062
2009-01-15,extended,252,expanding,2.463048219680786,2.7221832275390625
2009-01-16,extended,252,expanding,2.598654270172119,2.514094829559326
2009-01-20,extended,252,expanding,2.627830743789673,2.6926491260528564
2009-01-21,extended,252,expanding,2.6791694164276123,2.7707481384277344
2009-01-22,extended,252,expanding,3.2951340675354004,2.9544079303741455
2009-01-23,extended,252,expanding,3.3049380779266357,3.273120641708374
2009-01-26,extended,252,expanding,2.2230160236358643,2.2125210762023926
2009-01-27,extended,252,expanding,1.912237286567688,1.621436357498169
2009-01-28,extended,252,expanding,2.4215826988220215,1.8540316820144653
2009-01-29,extended,252,expanding,1.5614471435546875,1.7581408023834229
2009-01-30,extended,252,expanding,1.7965507507324219,2.3527674674987793
2009-02-02,extended,252,expanding,2.0106191635131836,1.8261510133743286
2009-02-03,extended,252,expanding,1.6486612558364868,1.749899983406067
2009-02-04,extended,252,expanding,1.6369843482971191,1.9478201866149902
2009-02-05,extended,252,expanding,2.0993435382843018,2.1164755821228027
2009-02-06,extended,252,expanding,1.5920151472091675,1.90556800365448
2009-02-09,extended,252,expanding,1.535598874092102,1.3240694999694824
2009-02-10,extended,252,expanding,2.5891292095184326,1.9497860670089722
2009-02-11,extended,252,expanding,1.8213226795196533,1.8668849468231201
2009-02-12,extended,252,expanding,2.6972837448120117,2.693337917327881
2009-02-13,extended,252,expanding,1.7835042476654053,2.0626277923583984
2009-02-17,extended,252,expanding,2.9150891304016113,1.9696760177612305
2009-02-18,extended,252,expanding,2.1753053665161133,2.3756213188171387
2009-02-19,extended,252,expanding,1.991634488105774,2.250192880630493
2009-02-20,extended,252,expanding,2.604156970977783,2.733847141265869
2009-02-23,extended,252,expanding,1.9441152811050415,2.3529748916625977
2009-02-24,extended,252,expanding,2.367480993270874,2.5465893745422363
2009-02-25,extended,252,expanding,2.453317165374756,2.3424642086029053
2009-02-26,extended,252,expanding,2.3536033630371094,2.6623823642730713
2009-02-27,extended,252,expanding,2.955308437347412,2.004326820373535
2009-03-02,extended,252,expanding,2.372264862060547,2.1116788387298584
2009-03-03,extended,252,expanding,2.5955445766448975,2.3260245323181152
2009-03-04,extended,252,expanding,2.2299466133117676,2.9593942165374756
2009-03-05,extended,252,expanding,2.7134621143341064,2.255234718322754
2009-03-06,extended,252,expanding,2.92566180229187,3.6323041915893555
2009-03-09,extended,252,expanding,2.3832528591156006,2.824411392211914
2009-03-10,extended,252,expanding,2.729984998703003,3.0610101222991943
2009-03-11,extended,252,expanding,2.227527618408203,2.2976772785186768
2009-03-12,extended,252,expanding,1.7503701448440552,3.1493332386016846
2009-03-13,extended,252,expanding,1.8969993591308594,1.6927844285964966
2009-03-16,extended,252,expanding,1.8606905937194824,2.2349355220794678
2009-03-17,extended,252,expanding,1.9127211570739746,2.0596818923950195
2009-03-18,extended,252,expanding,2.8516604900360107,2.6308460235595703
2009-03-19,extended,252,expanding,2.063447952270508,2.245551586151123
2009-03-20,extended,252,expanding,1.7233617305755615,1.6650216579437256
2009-03-23,extended,252,expanding,2.496063470840454,3.152162551879883
2009-03-24,extended,252,expanding,1.7698369026184082,1.3441331386566162
2009-03-25,extended,252,expanding,2.3847575187683105,2.85040020942688
2009-03-26,extended,252,expanding,2.2984888553619385,1.7308728694915771
2009-03-27,extended,252,expanding,1.775611400604248,1.4028098583221436
2009-03-30,extended,252,expanding,2.346529722213745,1.7116117477416992
2009-03-31,extended,252,expanding,1.7583564519882202,1.9944113492965698
2009-04-01,extended,252,expanding,2.209555149078369,2.2626357078552246
2009-04-02,extended,252,expanding,2.4170801639556885,2.2232723236083984
2009-04-03,extended,252,expanding,1.5368499755859375,1.598644495010376
2009-04-06,extended,252,expanding,1.6953963041305542,1.7373087406158447
2009-04-07,extended,252,expanding,2.326288938522339,1.538905382156372
2009-04-08,extended,252,expanding,1.5155185461044312,1.5509904623031616
2009-04-09,extended,252,expanding,2.2163987159729004,2.075239419937134
2009-04-13,extended,252,expanding,1.5761985778808594,1.5269584655761719
2009-04-14,extended,252,expanding,1.6240464448928833,1.3072972297668457
2009-04-15,extended,252,expanding,1.2919410467147827,1.41383695602417
2009-04-16,extended,252,expanding,1.371792197227478,1.6889604330062866
2009-04-17,extended,252,expanding,1.1837140321731567,1.3475626707077026
2009-04-20,extended,252,expanding,2.0597002506256104,1.7011020183563232
2009-04-21,extended,252,expanding,1.4308260679244995,1.65646493434906
2009-04-22,extended,252,expanding,1.744994044303894,1.7085151672363281
2009-04-23,extended,252,expanding,1.599279522895813,1.50395929813385
2009-04-24,extended,252,expanding,1.4508177042007446,1.4911164045333862
2009-04-27,extended,252,expanding,1.6014925241470337,1.2921992540359497
2009-04-28,extended,252,expanding,1.412285327911377,1.4279413223266602
2009-04-29,extended,252,expanding,1.5792120695114136,1.6390440464019775
2009-04-30,extended,252,expanding,1.6268842220306396,1.6696391105651855
2009-05-01,extended,252,expanding,1.2302379608154297,1.4693373441696167
2009-05-04,extended,252,expanding,1.4102360010147095,1.5910075902938843
2009-05-05,extended,252,expanding,1.098834753036499,1.158732533454895
2009-05-06,extended,252,expanding,1.7786390781402588,1.3079960346221924
2009-05-07,extended,252,expanding,1.902239441871643,1.6669816970825195
2009-05-08,extended,252,expanding,1.7931430339813232,1.5783895254135132
2009-05-11,extended,252,expanding,1.3628309965133667,1.0058860778808594
2009-05-12,extended,252,expanding,1.3729220628738403,1.5040581226348877
2009-05-13,extended,252,expanding,1.8909968137741089,1.313698649406433
2009-05-14,extended,252,expanding,1.282561182975769,1.3423322439193726
2009-05-15,extended,252,expanding,1.1501622200012207,1.579161524772644
2009-05-18,extended,252,expanding,1.2645182609558105,1.598360300064087
2009-05-19,extended,252,expanding,1.1848150491714478,1.1914944648742676
2009-05-20,extended,252,expanding,1.672905445098877,1.6259979009628296
2009-05-21,extended,252,expanding,1.5095289945602417,1.3336007595062256
2009-05-22,extended,252,expanding,1.1197932958602905,1.3149514198303223
2009-05-26,extended,252,expanding,1.3851373195648193,1.6695207357406616
2009-05-27,extended,252,expanding,1.3693912029266357,1.235200047492981
2009-05-28,extended,252,expanding,1.7509989738464355,1.726962924003601
2009-05-29,extended,252,expanding,1.448988676071167,1.3257044553756714
2009-06-01,extended,252,expanding,1.2878875732421875,1.6627776622772217
2009-06-02,extended,252,expanding,1.163015604019165,1.1766835451126099
2009-06-03,extended,252,expanding,1.2123674154281616,1.2323765754699707
2009-06-04,extended,252,expanding,0.8954287171363831,1.3851542472839355
2009-06-05,extended,252,expanding,1.50551176071167,1.4327703714370728
2009-06-08,extended,252,expanding,1.2523661851882935,1.509060025215149
2009-06-09,extended,252,expanding,0.9760127663612366,1.100061058998108
2009-06-10,extended,252,expanding,1.3372606039047241,1.3918343782424927
2009-06-11,extended,252,expanding,1.1946476697921753,1.445478916168213
2009-06-12,extended,252,expanding,0.9835572838783264,1.0699189901351929
2009-06-15,extended,252,expanding,1.3957873582839966,1.168704628944397
2009-06-16,extended,252,expanding,1.0399935245513916,1.1318081617355347
2009-06-17,extended,252,expanding,1.2463960647583008,1.2238868474960327
2009-06-18,extended,252,expanding,0.9605440497398376,1.121855616569519
2009-06-19,extended,252,expanding,0.9590873718261719,1.0477436780929565
2009-06-22,extended,252,expanding,1.3873374462127686,1.2405864000320435
2009-06-23,extended,252,expanding,1.2636722326278687,1.0541490316390991
2009-06-24,extended,252,expanding,1.1783016920089722,1.2003730535507202
2009-06-25,extended,252,expanding,1.1450676918029785,1.4798065423965454
2009-06-26,extended,252,expanding,0.9949550032615662,0.8997054696083069
2009-06-29,extended,252,expanding,0.8182254433631897,1.0690397024154663
2009-06-30,extended,252,expanding,0.9867157340049744,1.0190069675445557
