date,feature_set,L,protocol,RV_target,RV_pred
2007-08-01,core,22,static,2.05777,1.8694556
2007-08-02,core,22,static,2.6701517,2.5343187
2007-08-03,core,22,static,1.363984,1.4476163
2007-08-06,core,22,static,1.2901113,1.3130413
2007-08-07,core,22,static,1.1834062,1.3579602
2007-08-08,core,22,static,0.9152647,1.1609529
2007-08-09,core,22,static,1.280956,1.1109648
2007-08-10,core,22,static,1.2562598,1.3610542
2007-08-13,core,22,static,1.3104532,1.2371304
2007-08-14,core,22,static,1.4153055,1.567098
2007-08-16,core,22,static,2.237005,2.3382585
2007-08-17,core,22,static,2.4822638,2.346541
2007-08-20,core,22,static,1.287377,1.6059158
2007-08-21,core,22,static,1.8663054,1.5368073
2007-08-22,core,22,static,1.1827067,1.5494888
2007-08-23,core,22,static,0.99989235,1.0469569
2007-08-24,core,22,static,1.2254853,1.124167
2007-08-27,core,22,static,0.90142137,1.0519836
2007-08-28,core,22,static,1.2708368,1.0349793
2007-08-29,core,22,static,1.4099318,1.6304047
2007-08-30,core,22,static,1.1340998,1.2185512
2007-08-31,core,22,static,1.1562414,0.9756002
2007-09-03,core,22,static,1.1932604,0.8550689
2007-09-04,core,22,static,1.01928,1.1267056
2007-09-05,core,22,static,1.2170386,1.1376011
2007-09-06,core,22,static,1.2430456,1.2219744
2007-09-07,core,22,static,1.1114899,1.141058
2007-09-10,core,22,static,1.3573148,1.2146618
2007-09-11,core,22,static,1.0158844,1.1578748
2007-09-12,core,22,static,1.1811479,1.2525878
2007-09-13,core,22,static,1.7420055,1.2204528
2007-09-14,core,22,static,0.93704087,1.0006704
2007-09-17,core,22,static,1.0048081,0.91932136
2007-09-18,core,22,static,1.0260617,1.0948398
2007-09-19,core,22,static,0.8076436,0.71939725
2007-09-20,core,22,static,1.1965716,0.9230956
2007-09-21,core,22,static,0.8722111,0.79450774
2007-09-27,core,22,static,0.7664867,0.7327927
2007-09-28,core,22,static,0.8080792,0.64397836
2007-10-01,core,22,static,0.55029327,0.61800176
2007-10-02,core,22,static,0.73205364,0.59019774
2007-10-04,core,22,static,0.8805932,0.78871495
2007-10-05,core,22,static,0.95414627,0.7329809
2007-10-08,core,22,static,0.7031264,0.6145367
2007-10-09,core,22,static,0.8863164,0.68759483
2007-10-10,core,22,static,0.71955174,0.57901484
2007-10-11,core,22,static,0.9430567,0.7343598
2007-10-12,core,22,static,1.0431364,0.97562116
2007-10-15,core,22,static,1.0965738,0.9303283
2007-10-16,core,22,static,1.2687054,1.0506554
2007-10-17,core,22,static,2.190527,1.6286168
2007-10-18,core,22,static,1.457985,1.1554152
2007-10-19,core,22,static,1.4555875,1.2399648
2007-10-22,core,22,static,1.6968491,1.3142163
2007-10-23,core,22,static,1.1384182,1.4016869
2007-10-24,core,22,static,2.0703144,2.0189755
2007-10-25,core,22,static,1.6585242,1.279324
2007-10-26,core,22,static,1.4482919,1.3892932
2007-10-29,core,22,static,1.0666195,1.114105
2007-10-30,core,22,static,1.2415206,1.2347958
2007-10-31,core,22,static,1.0872763,1.0352982
2007-11-01,core,22,static,1.2955594,1.2214204
2007-11-02,core,22,static,1.2118694,1.1383144
2007-11-05,core,22,static,1.3327944,1.1655499
2007-11-06,core,22,static,0.8215985,0.9572663
2007-11-07,core,22,static,1.1780224,1.0921191
2007-11-08,core,22,static,1.5529814,1.3361058
2007-11-09,core,22,static,1.9720455,1.4932573
2007-11-12,core,22,static,1.654565,1.5617526
2007-11-13,core,22,static,1.8451928,1.7345665
2007-11-14,core,22,static,1.0495719,1.1413734
2007-11-15,core,22,static,1.4030455,1.4680675
2007-11-16,core,22,static,1.318906,1.3962984
2007-11-19,core,22,static,1.3881841,1.3525776
2007-11-20,core,22,static,1.5132523,1.659985
2007-11-21,core,22,static,1.9621775,1.7130023
2007-11-22,core,22,static,2.1563525,1.9156494
2007-11-23,core,22,static,2.3852265,2.1395216
2007-11-26,core,22,static,1.2843764,1.7526445
2007-11-27,core,22,static,2.5158398,2.1932492
2007-11-28,core,22,static,1.972666,1.9525928
2007-11-29,core,22,static,1.0736676,1.3655694
2007-11-30,core,22,static,1.0982945,1.164804
2007-12-03,core,22,static,1.1432711,1.2662191
2007-12-04,core,22,static,1.0152545,1.0478812
2007-12-05,core,22,static,0.946601,1.1165196
2007-12-06,core,22,static,0.9068366,0.8942321
2007-12-07,core,22,static,1.0303735,1.0852643
2007-12-10,core,22,static,1.1731564,1.0050029
2007-12-11,core,22,static,1.1103985,0.87896377
2007-12-12,core,22,static,1.0512801,1.0691249
2007-12-13,core,22,static,1.5374365,1.2373316
2007-12-14,core,22,static,1.1925555,1.2948442
2007-12-17,core,22,static,1.236179,1.2936001
2007-12-18,core,22,static,1.4378381,1.6601591
2007-12-20,core,22,static,1.6452428,1.4861994
2007-12-21,core,22,static,1.4536052,1.3472369
2007-12-24,core,22,static,0.9410586,0.99071926
2007-12-26,core,22,static,1.0318445,1.118952
2007-12-27,core,22,static,0.86023796,1.026534
2007-12-28,core,22,static,0.87665683,0.93242806
2008-01-02,core,22,static,1.0612322,1.1568635
2008-01-03,core,22,static,1.334792,1.1833835
2008-01-04,core,22,static,1.251795,1.1851447
2008-01-07,core,22,static,0.9978981,1.0181412
2008-01-08,core,22,static,1.0890847,0.93705875
2008-01-09,core,22,static,1.0940617,1.1877574
2008-01-10,core,22,static,1.2355698,1.1812823
2008-01-11,core,22,static,1.3557851,1.5646858
2008-01-14,core,22,static,1.6360885,1.4198773
2008-01-15,core,22,static,1.6973455,1.6802088
2008-01-16,core,22,static,1.553334,1.3410401
2008-01-17,core,22,static,1.630197,1.5283895
2008-01-18,core,22,static,1.5269089,1.6728722
2008-01-21,core,22,static,1.615431,1.6035359
2008-01-22,core,22,static,2.3567367,1.7577748
2008-01-23,core,22,static,2.046865,2.0188026
2008-01-24,core,22,static,1.3832077,1.3897663
2008-01-25,core,22,static,1.0376173,1.0467706
2008-01-28,core,22,static,1.1668031,1.5449631
2008-01-29,core,22,static,1.5260189,1.7245346
2008-01-30,core,22,static,2.0415008,1.9787892
2008-01-31,core,22,static,2.031805,2.0675952
2008-02-01,core,22,static,1.2811161,1.2825952
2008-02-04,core,22,static,1.0596933,1.2593818
2008-02-05,core,22,static,1.042306,1.2073537
2008-02-11,core,22,static,1.0512664,1.2202998
2008-02-12,core,22,static,0.94236434,1.0775639
2008-02-13,core,22,static,1.0275909,1.137038
2008-02-14,core,22,static,0.7526247,0.9674738
2008-02-15,core,22,static,0.96943927,1.0756986
2008-02-18,core,22,static,1.3434831,1.0072991
2008-02-19,core,22,static,0.713919,0.78252995
2008-02-20,core,22,static,1.0903367,0.98190737
2008-02-21,core,22,static,0.99236196,0.89837486
2008-02-22,core,22,static,0.916679,0.9927817
2008-02-25,core,22,static,0.68167835,0.6602319
2008-02-26,core,22,static,0.7038082,0.75532216
2008-02-27,core,22,static,0.8071035,0.631795
2008-02-28,core,22,static,0.945067,0.83513004
2008-02-29,core,22,static,0.7695022,0.8122364
2008-03-03,core,22,static,0.8726147,0.87410206
2008-03-04,core,22,static,0.98186886,0.77755624
2008-03-05,core,22,static,0.6185771,0.8268349
2008-03-06,core,22,static,0.71502817,0.71883386
2008-03-07,core,22,static,1.5105511,0.9368021
2008-03-10,core,22,static,0.90956914,1.0671648
2008-03-11,core,22,static,1.1042689,1.1268915
2008-03-12,core,22,static,0.71705884,0.9666102
2008-03-13,core,22,static,1.3794587,1.219626
2008-03-14,core,22,static,1.6007447,1.8310678
2008-03-17,core,22,static,2.0240762,1.6221039
2008-03-18,core,22,static,1.3853577,1.2184662
2008-03-19,core,22,static,0.8115984,0.8797047
2008-03-20,core,22,static,1.1329504,1.3036451
2008-03-21,core,22,static,0.6696522,0.8706298
2008-03-24,core,22,static,0.78539735,0.80788773
2008-03-25,core,22,static,0.53431225,0.64944935
2008-03-26,core,22,static,0.6995645,0.6333855
2008-03-27,core,22,static,0.74563044,0.7323093
2008-03-28,core,22,static,0.8535481,0.86947167
2008-03-31,core,22,static,0.9022797,0.8288993
2008-04-01,core,22,static,1.1180917,0.76579994
2008-04-02,core,22,static,0.47044745,0.5618376
2008-04-03,core,22,static,0.8979987,0.7212544
2008-04-04,core,22,static,0.8288102,0.6476858
2008-04-07,core,22,static,0.6982692,0.7588157
2008-04-08,core,22,static,0.9023342,0.7404515
2008-04-10,core,22,static,1.1930537,0.8147077
2008-04-11,core,22,static,1.0341176,0.7477227
2008-04-14,core,22,static,0.7467988,0.82945496
2008-04-15,core,22,static,1.0453998,0.75120527
2008-04-16,core,22,static,0.64282775,0.69011456
2008-04-17,core,22,static,0.5591644,0.6552271
2008-04-18,core,22,static,0.66471505,0.6508078
2008-04-21,core,22,static,0.45434564,0.46986613
2008-04-22,core,22,static,0.5677563,0.6133522
2008-04-23,core,22,static,0.6517403,0.6088947
2008-04-24,core,22,static,0.7261488,0.6884937
2008-04-25,core,22,static,0.61676633,0.5795123
2008-04-28,core,22,static,0.7638444,0.62578386
2008-04-29,core,22,static,0.7550253,0.74928755
2008-04-30,core,22,static,0.7941717,0.65559024
2008-05-02,core,22,static,0.5573992,0.51420796
2008-05-06,core,22,static,0.59590334,0.4707459
2008-05-07,core,22,static,0.79133636,0.73648083
2008-05-08,core,22,static,0.98555124,0.7821793
2008-05-09,core,22,static,0.97730815,0.95767146
2008-05-13,core,22,static,0.8500095,0.71675414
2008-05-14,core,22,static,0.8006348,0.68249553
2008-05-15,core,22,static,0.7532399,0.76335496
2008-05-16,core,22,static,0.83624816,0.7645163
2008-05-19,core,22,static,0.8252607,0.81898564
2008-05-20,core,22,static,0.944792,0.898213
2008-05-21,core,22,static,0.70233095,0.7171217
2008-05-22,core,22,static,0.90382814,0.878774
2008-05-23,core,22,static,0.89558846,0.7269901
2008-05-26,core,22,static,0.8993676,0.84862375
2008-05-27,core,22,static,0.7033643,0.6301457
2008-05-28,core,22,static,0.9764389,0.9109427
2008-05-29,core,22,static,0.75541925,0.68839353
2008-05-30,core,22,static,0.75536764,0.68578166
2008-06-02,core,22,static,1.0120367,0.7325414
2008-06-03,core,22,static,0.79283166,0.80637187
2008-06-04,core,22,static,0.855316,0.7062277
2008-06-05,core,22,static,0.8571471,0.6955331
2008-06-09,core,22,static,0.5882102,0.82564425
2008-06-10,core,22,static,1.0633144,0.99017805
2008-06-11,core,22,static,1.2709352,0.9232966
2008-06-12,core,22,static,0.8263117,0.9917665
2008-06-13,core,22,static,1.3489836,1.0372208
2008-06-16,core,22,static,0.90263325,0.7318245
2008-06-17,core,22,static,1.088445,0.9500653
2008-06-18,core,22,static,0.888909,0.9274855
2008-06-19,core,22,static,0.7467622,1.0107634
2008-06-20,core,22,static,1.1097677,1.1339121
2008-06-23,core,22,static,0.7963465,0.9553492
2008-06-24,core,22,static,0.8756586,0.768578
2008-06-25,core,22,static,0.88929886,0.7460269
2008-06-26,core,22,static,0.7492434,0.76941365
2008-06-27,core,22,static,0.81333834,0.8024715
2008-06-30,core,22,static,0.82842183,0.7522399
2008-07-01,core,22,static,0.91123456,0.8655104
2008-07-02,core,22,static,1.4800203,1.3406882
2008-07-03,core,22,static,1.3363113,1.3569562
2008-07-04,core,22,static,1.2512078,1.2525046
2008-07-07,core,22,static,1.1285374,1.1127846
2008-07-08,core,22,static,1.5028406,1.5862296
2008-07-09,core,22,static,1.5171376,1.7258937
2008-07-10,core,22,static,1.7798518,1.5348232
2008-07-11,core,22,static,1.6829154,1.5501168
2008-07-14,core,22,static,1.3640827,1.2936777
2008-07-15,core,22,static,1.4477009,1.461735
2008-07-16,core,22,static,1.6837325,1.7739699
2008-07-17,core,22,static,0.9919469,1.2002237
2008-07-18,core,22,static,1.1980042,1.4285259
2008-07-21,core,22,static,1.1891367,1.1898713
2008-07-22,core,22,static,1.086999,1.0835321
2008-07-23,core,22,static,0.8138403,0.90307325
2008-07-24,core,22,static,0.8643359,0.92772406
2008-07-25,core,22,static,1.0322571,1.0490441
2008-07-28,core,22,static,0.9946734,0.9042147
2008-07-29,core,22,static,0.8866473,1.0357366
2008-07-30,core,22,static,0.94933975,0.9075696
2008-07-31,core,22,static,1.0539662,0.8852475
2008-08-01,core,22,static,0.9552935,1.0593829
2008-08-04,core,22,static,1.2856175,1.1201942
2008-08-05,core,22,static,1.1888,1.0711033
2008-08-06,core,22,static,0.5858207,0.8169599
2008-08-07,core,22,static,1.2624954,1.0857892
2008-08-08,core,22,static,1.0283619,1.0824046
2008-08-11,core,22,static,0.76011384,0.7695579
2008-08-12,core,22,static,1.1456537,0.81459147
2008-08-13,core,22,static,1.0993321,0.9658385
2008-08-14,core,22,static,0.83550394,1.0213708
2008-08-18,core,22,static,0.9135329,0.86134976
2008-08-19,core,22,static,0.93569404,0.93583
2008-08-20,core,22,static,1.1306378,0.9658
2008-08-21,core,22,static,0.8996864,1.0345362
2008-08-22,core,22,static,1.1111183,1.1423683
2008-08-25,core,22,static,1.0274926,0.80977756
2008-08-26,core,22,static,1.0266616,1.0176377
2008-08-27,core,22,static,1.2827327,1.0796366
2008-08-28,core,22,static,1.147203,1.1703415
2008-08-29,core,22,static,1.1708245,1.0740052
2008-09-01,core,22,static,1.389266,1.3931496
2008-09-02,core,22,static,1.727935,1.7622974
2008-09-03,core,22,static,1.6843599,1.375424
2008-09-04,core,22,static,1.4928567,1.2061087
2008-09-05,core,22,static,0.99398124,1.173389
2008-09-08,core,22,static,1.0625709,1.2322783
2008-09-09,core,22,static,1.0871599,1.3092177
2008-09-10,core,22,static,1.2300684,1.2546706
2008-09-11,core,22,static,1.566694,1.2691269
2008-09-12,core,22,static,1.1266183,0.87935215
2008-09-16,core,22,static,1.8428541,1.6501992
2008-09-17,core,22,static,1.2696145,1.6482158
2008-09-18,core,22,static,1.8457545,1.6026018
2008-09-19,core,22,static,1.1422226,0.9908432
2008-09-22,core,22,static,1.5307953,1.2708324
2008-09-23,core,22,static,1.1555961,1.315023
2008-09-24,core,22,static,1.4955124,1.3476019
2008-09-25,core,22,static,1.4978162,1.3501409
2008-09-26,core,22,static,1.222903,1.3445631
2008-09-29,core,22,static,1.3921235,1.469064
2008-09-30,core,22,static,1.6711236,2.4876041
2008-10-01,core,22,static,1.7675389,1.4609394
2008-10-02,core,22,static,1.6100246,1.762397
2008-10-06,core,22,static,1.5780243,1.6171287
2008-10-07,core,22,static,1.9322414,2.230418
2008-10-08,core,22,static,1.9627397,2.2465894
2008-10-09,core,22,static,2.6117134,2.9534724
2008-10-10,core,22,static,4.0166817,2.7500298
2008-10-13,core,22,static,2.6425257,2.4116027
2008-10-14,core,22,static,1.6828978,1.5734832
2008-10-15,core,22,static,1.7299061,1.8954871
2008-10-16,core,22,static,2.4141748,3.5142772
2008-10-17,core,22,static,3.764086,3.9363964
2008-10-20,core,22,static,3.3035545,3.6194127
2008-10-21,core,22,static,2.7861674,2.3744123
2008-10-22,core,22,static,3.571619,4.1010685
2008-10-23,core,22,static,4.994897,3.3461168
2008-10-24,core,22,static,5.0380163,7.850272
2008-10-27,core,22,static,6.1347313,7.335623
2008-10-28,core,22,static,4.9312334,8.741613
2008-10-29,core,22,static,7.709535,15.388066
2008-10-30,core,22,static,4.4385405,8.707943
2008-10-31,core,22,static,6.013627,7.6313634
2008-11-03,core,22,static,3.6612735,5.660247
2008-11-04,core,22,static,3.2215602,5.5000076
2008-11-05,core,22,static,3.1964486,4.845461
2008-11-06,core,22,static,3.0373478,4.3457575
2008-11-07,core,22,static,4.652531,6.651924
2008-11-10,core,22,static,4.2994223,4.486539
2008-11-11,core,22,static,2.9501524,3.783918
2008-11-12,core,22,static,3.009757,3.4345381
2008-11-13,core,22,static,2.995827,3.2514732
2008-11-14,core,22,static,2.927419,3.2975776
2008-11-17,core,22,static,3.315483,3.4087713
2008-11-18,core,22,static,3.1176517,2.5438507
2008-11-19,core,22,static,2.9421957,3.2193272
2008-11-20,core,22,static,2.7181911,2.8214045
2008-11-21,core,22,static,3.802748,7.550602
2008-11-24,core,22,static,3.9760864,3.9394038
2008-11-25,core,22,static,3.7629263,4.425995
2008-11-26,core,22,static,2.5999577,3.0378826
2008-11-27,core,22,static,2.5752861,2.9740818
2008-11-28,core,22,static,2.4370975,2.0412207
2008-12-01,core,22,static,2.1184118,2.3062751
2008-12-02,core,22,static,2.2298238,2.2165744
2008-12-03,core,22,static,2.036717,2.3153594
2008-12-04,core,22,static,2.0408802,2.6834939
2008-12-05,core,22,static,2.1053696,1.7113297
2008-12-08,core,22,static,2.0291648,3.3339407
2008-12-09,core,22,static,2.67254,2.4001005
2008-12-10,core,22,static,2.1134245,2.601426
2008-12-11,core,22,static,2.2942324,2.2256153
2008-12-12,core,22,static,2.9049158,2.9234831
2008-12-15,core,22,static,1.7442645,2.290092
2008-12-16,core,22,static,1.9697535,2.0713198
2008-12-17,core,22,static,2.2679183,2.5901282
2008-12-18,core,22,static,1.8898249,2.1277692
2008-12-19,core,22,static,1.821173,1.550935
2008-12-22,core,22,static,1.8542088,1.7534598
2008-12-23,core,22,static,1.782336,1.8205464
2008-12-24,core,22,static,2.1892316,1.9530895
2008-12-26,core,22,static,1.9993567,1.754695
2008-12-29,core,22,static,1.8800206,1.8514929
2008-12-30,core,22,static,1.96248,1.517001
2009-01-02,core,22,static,2.022692,1.7265506
2009-01-05,core,22,static,1.7057502,1.3686984
2009-01-06,core,22,static,1.4364231,1.4045757
2009-01-07,core,22,static,1.4117517,1.5410091
2009-01-08,core,22,static,1.4797893,1.5181952
2009-01-09,core,22,static,2.2851918,1.7568233
2009-01-12,core,22,static,1.806301,1.6457747
2009-01-13,core,22,static,1.6150223,1.7043943
2009-01-14,core,22,static,1.5001497,1.6194587
2009-01-15,core,22,static,1.5293182,2.0824459
2009-01-16,core,22,static,1.5516858,1.7392063
2009-01-19,core,22,static,1.6823956,1.4321313
2009-01-20,core,22,static,1.5145608,1.3380389
2009-01-21,core,22,static,1.3976837,1.6047843
2009-01-22,core,22,static,1.3566236,1.2537644
2009-01-23,core,22,static,1.2475181,1.346945
2009-01-28,core,22,static,1.1314869,1.3219304
2009-01-29,core,22,static,1.3038927,1.2852131
2009-01-30,core,22,static,1.2532796,1.0884249
2009-02-02,core,22,static,1.5204495,1.471833
2009-02-03,core,22,static,1.7948081,1.5089949
2009-02-04,core,22,static,1.1679505,1.1255648
2009-02-05,core,22,static,1.3390117,1.3729706
2009-02-06,core,22,static,1.4627136,1.1530318
2009-02-09,core,22,static,1.3283446,1.3950915
2009-02-10,core,22,static,1.652502,1.489939
2009-02-11,core,22,static,1.1333555,1.5900748
2009-02-12,core,22,static,1.5471514,1.3686203
2009-02-13,core,22,static,1.6792893,1.2685027
2009-02-16,core,22,static,1.3316264,1.3652408
2009-02-17,core,22,static,1.7122798,1.75919
2009-02-18,core,22,static,2.1118956,1.8344347
2009-02-19,core,22,static,1.9229051,1.6639746
2009-02-20,core,22,static,2.2041473,2.0417705
2009-02-23,core,22,static,2.0287821,2.326442
2009-02-24,core,22,static,1.8271141,1.6198055
2009-02-25,core,22,static,1.5681121,1.969063
2009-02-26,core,22,static,2.505594,3.266368
2009-02-27,core,22,static,1.6536344,2.043329
2009-03-02,core,22,static,1.8615177,1.7363796
2009-03-03,core,22,static,2.3999257,2.3673737
2009-03-04,core,22,static,2.1506052,2.7943566
2009-03-05,core,22,static,2.0809553,1.8579179
2009-03-06,core,22,static,1.7582152,1.5109539
2009-03-09,core,22,static,1.718836,1.4661136
2009-03-10,core,22,static,1.6518766,1.9756434
2009-03-11,core,22,static,1.100946,1.0262158
2009-03-12,core,22,static,1.4630047,1.5129819
2009-03-13,core,22,static,1.6035855,1.3134577
2009-03-16,core,22,static,1.5891353,1.3667653
2009-03-17,core,22,static,1.3110144,1.3190594
2009-03-18,core,22,static,1.4432815,1.2984576
2009-03-19,core,22,static,1.396091,1.4467257
2009-03-20,core,22,static,1.3092469,1.0354601
2009-03-23,core,22,static,0.8993243,1.0508564
2009-03-24,core,22,static,1.0440336,1.0476238
2009-03-25,core,22,static,1.2199814,1.0220287
2009-03-26,core,22,static,1.2991985,1.2117782
2009-03-27,core,22,static,1.2714564,1.1913047
2009-03-30,core,22,static,1.3824704,1.644396
2009-03-31,core,22,static,1.5211267,1.5226772
2009-04-01,core,22,static,1.7022407,1.4814036
2009-04-02,core,22,static,1.1602211,1.2904689
2009-04-03,core,22,static,1.4673213,1.2005426
2009-04-06,core,22,static,1.3774768,1.1904349
2009-04-07,core,22,static,1.2850552,1.2860061
2009-04-08,core,22,static,1.0922126,1.2694411
2009-04-09,core,22,static,1.2033241,1.5338094
2009-04-10,core,22,static,1.9422812,1.494082
2009-04-13,core,22,static,1.7382475,1.2779477
2009-04-14,core,22,static,1.8123646,1.377724
2009-04-15,core,22,static,1.6033925,1.5684158
2009-04-16,core,22,static,1.6804605,1.618786
2009-04-17,core,22,static,1.8010653,1.7815714
2009-04-20,core,22,static,1.5988209,1.3661927
2009-04-21,core,22,static,1.4490888,1.5067656
2009-04-22,core,22,static,1.373566,1.2528327
2009-04-23,core,22,static,1.2601601,1.171222
2009-04-24,core,22,static,1.4340091,1.2817149
2009-04-27,core,22,static,1.4905878,1.3328805
2009-04-28,core,22,static,1.80499,1.6624542
2009-04-29,core,22,static,1.3402842,1.6183536
2009-04-30,core,22,static,1.4210255,1.26546
2009-05-04,core,22,static,0.92873853,1.0176253
2009-05-06,core,22,static,1.3117257,1.2540836
2009-05-07,core,22,static,1.1507859,1.2040267
2009-05-08,core,22,static,1.1152061,0.9815172
2009-05-11,core,22,static,1.1903025,0.873977
2009-05-12,core,22,static,1.0273106,0.9733162
2009-05-13,core,22,static,0.8636084,0.75725114
2009-05-14,core,22,static,1.0069555,1.0213566
2009-05-15,core,22,static,0.8070037,0.83309984
2009-05-18,core,22,static,0.91641676,0.91683596
2009-05-19,core,22,static,0.75858253,0.5692259
2009-05-20,core,22,static,0.7307867,0.7003959
2009-05-21,core,22,static,0.9412818,0.86529976
2009-05-22,core,22,static,1.184935,1.0297647
2009-05-25,core,22,static,4.6778917,3.9367483
2009-05-26,core,22,static,1.7639909,2.3249657
2009-05-27,core,22,static,1.7943904,1.8736293
2009-05-28,core,22,static,1.9288714,1.8324969
2009-05-29,core,22,static,1.5330756,1.934472
2009-06-01,core,22,static,1.2002968,1.4762625
2009-06-02,core,22,static,1.2983886,1.4886222
2009-06-03,core,22,static,1.2660316,1.2633338
2009-06-04,core,22,static,1.2887971,1.5867798
2009-06-05,core,22,static,1.3074434,1.1504414
2009-06-08,core,22,static,1.1587206,1.173935
2009-06-09,core,22,static,1.3394527,1.328387
2009-06-10,core,22,static,1.1353219,1.2645915
2009-06-11,core,22,static,1.5764868,1.2359203
2009-06-12,core,22,static,0.91019195,1.0237164
2009-06-15,core,22,static,1.124328,1.0454445
2009-06-16,core,22,static,1.0960275,1.0508927
2009-06-17,core,22,static,0.8887717,0.96082884
2009-06-18,core,22,static,1.0513397,1.0886867
2009-06-19,core,22,static,0.942095,0.910722
2009-06-22,core,22,static,0.9040094,0.81259495
2009-06-23,core,22,static,0.9320225,1.0068011
2009-06-24,core,22,static,1.0125498,0.93262786
2009-06-25,core,22,static,1.0436,1.1214236
2009-06-26,core,22,static,0.90632653,0.8693024
2009-06-29,core,22,static,0.85776013,0.9158706
2009-06-30,core,22,static,1.006849,0.91954124
2007-08-01,momentum,22,static,2.05777,2.0073202
2007-08-02,momentum,22,static,2.6701517,2.4766839
2007-08-03,momentum,22,static,1.363984,1.3063318
2007-08-06,momentum,22,static,1.2901113,1.3204036
2007-08-07,momentum,22,static,1.1834062,1.3270893
2007-08-08,momentum,22,static,0.9152647,1.1836011
2007-08-09,momentum,22,static,1.280956,1.2214214
2007-08-10,momentum,22,static,1.2562598,1.2021916
2007-08-13,momentum,22,static,1.3104532,1.2011372
2007-08-14,momentum,22,static,1.4153055,1.5692424
2007-08-16,momentum,22,static,2.237005,2.3728127
2007-08-17,momentum,22,static,2.4822638,2.6824822
2007-08-20,momentum,22,static,1.287377,1.7232332
2007-08-21,momentum,22,static,1.8663054,1.8340106
2007-08-22,momentum,22,static,1.1827067,1.4197626
2007-08-23,momentum,22,static,0.99989235,1.3360287
2007-08-24,momentum,22,static,1.2254853,1.2085063
2007-08-27,momentum,22,static,0.90142137,1.1580429
2007-08-28,momentum,22,static,1.2708368,1.1816305
2007-08-29,momentum,22,static,1.4099318,1.7601825
2007-08-30,momentum,22,static,1.1340998,1.3305154
2007-08-31,momentum,22,static,1.1562414,1.0688957
2007-09-03,momentum,22,static,1.1932604,1.0145907
2007-09-04,momentum,22,static,1.01928,1.0731255
2007-09-05,momentum,22,static,1.2170386,1.2431237
2007-09-06,momentum,22,static,1.2430456,1.2395632
2007-09-07,momentum,22,static,1.1114899,0.87756574
2007-09-10,momentum,22,static,1.3573148,1.1054091
2007-09-11,momentum,22,static,1.0158844,1.0213315
2007-09-12,momentum,22,static,1.1811479,1.2399249
2007-09-13,momentum,22,static,1.7420055,1.2333132
2007-09-14,momentum,22,static,0.93704087,0.91380954
2007-09-17,momentum,22,static,1.0048081,0.87593865
2007-09-18,momentum,22,static,1.0260617,1.060252
2007-09-19,momentum,22,static,0.8076436,0.85814846
2007-09-20,momentum,22,static,1.1965716,0.949625
2007-09-21,momentum,22,static,0.8722111,0.8526357
2007-09-27,momentum,22,static,0.7664867,0.79355705
2007-09-28,momentum,22,static,0.8080792,0.7957345
2007-10-01,momentum,22,static,0.55029327,0.7956865
2007-10-02,momentum,22,static,0.73205364,0.9189931
2007-10-04,momentum,22,static,0.8805932,0.89672005
2007-10-05,momentum,22,static,0.95414627,0.8554596
2007-10-08,momentum,22,static,0.7031264,0.74482954
2007-10-09,momentum,22,static,0.8863164,0.88217187
2007-10-10,momentum,22,static,0.71955174,0.7111726
2007-10-11,momentum,22,static,0.9430567,0.8242979
2007-10-12,momentum,22,static,1.0431364,1.1165369
2007-10-15,momentum,22,static,1.0965738,0.9429124
2007-10-16,momentum,22,static,1.2687054,1.048527
2007-10-17,momentum,22,static,2.190527,1.5733216
2007-10-18,momentum,22,static,1.457985,1.0834785
2007-10-19,momentum,22,static,1.4555875,1.1097453
2007-10-22,momentum,22,static,1.6968491,1.1561029
2007-10-23,momentum,22,static,1.1384182,1.203684
2007-10-24,momentum,22,static,2.0703144,1.911425
2007-10-25,momentum,22,static,1.6585242,1.2837938
2007-10-26,momentum,22,static,1.4482919,1.2748146
2007-10-29,momentum,22,static,1.0666195,1.1494833
2007-10-30,momentum,22,static,1.2415206,1.1565936
2007-10-31,momentum,22,static,1.0872763,1.0830425
2007-11-01,momentum,22,static,1.2955594,1.2445962
2007-11-02,momentum,22,static,1.2118694,1.1657646
2007-11-05,momentum,22,static,1.3327944,1.1460085
2007-11-06,momentum,22,static,0.8215985,1.049724
2007-11-07,momentum,22,static,1.1780224,1.1602433
2007-11-08,momentum,22,static,1.5529814,1.2548122
2007-11-09,momentum,22,static,1.9720455,1.3658639
2007-11-12,momentum,22,static,1.654565,1.2801917
2007-11-13,momentum,22,static,1.8451928,1.4556587
2007-11-14,momentum,22,static,1.0495719,1.1126778
2007-11-15,momentum,22,static,1.4030455,1.4373547
2007-11-16,momentum,22,static,1.318906,1.2775218
2007-11-19,momentum,22,static,1.3881841,1.183049
2007-11-20,momentum,22,static,1.5132523,1.4299635
2007-11-21,momentum,22,static,1.9621775,1.603661
2007-11-22,momentum,22,static,2.1563525,1.6462286
2007-11-23,momentum,22,static,2.3852265,1.9198723
2007-11-26,momentum,22,static,1.2843764,1.5936979
2007-11-27,momentum,22,static,2.5158398,2.0236287
2007-11-28,momentum,22,static,1.972666,1.7554076
2007-11-29,momentum,22,static,1.0736676,1.2482053
2007-11-30,momentum,22,static,1.0982945,1.1948655
2007-12-03,momentum,22,static,1.1432711,1.1010044
2007-12-04,momentum,22,static,1.0152545,0.99533975
2007-12-05,momentum,22,static,0.946601,1.2588044
2007-12-06,momentum,22,static,0.9068366,1.0754265
2007-12-07,momentum,22,static,1.0303735,1.158334
2007-12-10,momentum,22,static,1.1731564,1.0634335
2007-12-11,momentum,22,static,1.1103985,0.9278513
2007-12-12,momentum,22,static,1.0512801,1.1355331
2007-12-13,momentum,22,static,1.5374365,1.1382478
2007-12-14,momentum,22,static,1.1925555,1.1811159
2007-12-17,momentum,22,static,1.236179,1.1791292
2007-12-18,momentum,22,static,1.4378381,1.3848
2007-12-20,momentum,22,static,1.6452428,1.3381766
2007-12-21,momentum,22,static,1.4536052,1.2863967
2007-12-24,momentum,22,static,0.9410586,0.95141
2007-12-26,momentum,22,static,1.0318445,1.0587703
2007-12-27,momentum,22,static,0.86023796,0.9312541
2007-12-28,momentum,22,static,0.87665683,0.90260625
2008-01-02,momentum,22,static,1.0612322,1.1391585
2008-01-03,momentum,22,static,1.334792,1.097823
2008-01-04,momentum,22,static,1.251795,1.1533314
2008-01-07,momentum,22,static,0.9978981,1.0851231
2008-01-08,momentum,22,static,1.0890847,0.99942017
2008-01-09,momentum,22,static,1.0940617,1.1487765
2008-01-10,momentum,22,static,1.2355698,1.1785772
2008-01-11,momentum,22,static,1.3557851,1.5412837
2008-01-14,momentum,22,static,1.6360885,1.3208935
2008-01-15,momentum,22,static,1.6973455,1.5033805
2008-01-16,momentum,22,static,1.553334,1.3513488
2008-01-17,momentum,22,static,1.630197,1.4969325
2008-01-18,momentum,22,static,1.5269089,1.5329529
2008-01-21,momentum,22,static,1.615431,1.5418628
2008-01-22,momentum,22,static,2.3567367,1.6547039
2008-01-23,momentum,22,static,2.046865,1.915446
2008-01-24,momentum,22,static,1.3832077,1.421218
2008-01-25,momentum,22,static,1.0376173,1.3353388
2008-01-28,momentum,22,static,1.1668031,1.5206436
2008-01-29,momentum,22,static,1.5260189,1.4565278
2008-01-30,momentum,22,static,2.0415008,1.9233198
2008-01-31,momentum,22,static,2.031805,2.1017253
2008-02-01,momentum,22,static,1.2811161,1.4385102
2008-02-04,momentum,22,static,1.0596933,1.4102526
2008-02-05,momentum,22,static,1.042306,1.1620655
2008-02-11,momentum,22,static,1.0512664,1.2263415
2008-02-12,momentum,22,static,0.94236434,1.313299
2008-02-13,momentum,22,static,1.0275909,1.476079
2008-02-14,momentum,22,static,0.7526247,1.1921018
2008-02-15,momentum,22,static,0.96943927,1.2118493
2008-02-18,momentum,22,static,1.3434831,1.0575284
2008-02-19,momentum,22,static,0.713919,0.8784757
2008-02-20,momentum,22,static,1.0903367,1.167522
2008-02-21,momentum,22,static,0.99236196,1.0837091
2008-02-22,momentum,22,static,0.916679,1.0316298
2008-02-25,momentum,22,static,0.68167835,0.84172595
2008-02-26,momentum,22,static,0.7038082,0.90330946
2008-02-27,momentum,22,static,0.8071035,0.81085014
2008-02-28,momentum,22,static,0.945067,0.9857765
2008-02-29,momentum,22,static,0.7695022,0.9171864
2008-03-03,momentum,22,static,0.8726147,0.9348856
2008-03-04,momentum,22,static,0.98186886,0.91844165
2008-03-05,momentum,22,static,0.6185771,0.9419552
2008-03-06,momentum,22,static,0.71502817,0.8977841
2008-03-07,momentum,22,static,1.5105511,1.0557436
2008-03-10,momentum,22,static,0.90956914,1.0561737
2008-03-11,momentum,22,static,1.1042689,1.1890109
2008-03-12,momentum,22,static,0.71705884,1.1309615
2008-03-13,momentum,22,static,1.3794587,1.4678485
2008-03-14,momentum,22,static,1.6007447,1.6481755
2008-03-17,momentum,22,static,2.0240762,1.4384968
2008-03-18,momentum,22,static,1.3853577,1.1836056
2008-03-19,momentum,22,static,0.8115984,1.1056254
2008-03-20,momentum,22,static,1.1329504,1.2406967
2008-03-21,momentum,22,static,0.6696522,0.8840196
2008-03-24,momentum,22,static,0.78539735,0.8689953
2008-03-25,momentum,22,static,0.53431225,0.7783904
2008-03-26,momentum,22,static,0.6995645,0.79072547
2008-03-27,momentum,22,static,0.74563044,0.82099664
2008-03-28,momentum,22,static,0.8535481,0.9415504
2008-03-31,momentum,22,static,0.9022797,0.9004838
2008-04-01,momentum,22,static,1.1180917,0.82478225
2008-04-02,momentum,22,static,0.47044745,0.6758113
2008-04-03,momentum,22,static,0.8979987,0.8842753
2008-04-04,momentum,22,static,0.8288102,0.8129624
2008-04-07,momentum,22,static,0.6982692,0.8525243
2008-04-08,momentum,22,static,0.9023342,0.8630084
2008-04-10,momentum,22,static,1.1930537,1.0021752
2008-04-11,momentum,22,static,1.0341176,0.8904153
2008-04-14,momentum,22,static,0.7467988,0.93362224
2008-04-15,momentum,22,static,1.0453998,0.9028834
2008-04-16,momentum,22,static,0.64282775,0.8018427
2008-04-17,momentum,22,static,0.5591644,0.87253875
2008-04-18,momentum,22,static,0.66471505,0.7967787
2008-04-21,momentum,22,static,0.45434564,0.55072635
2008-04-22,momentum,22,static,0.5677563,0.7195166
2008-04-23,momentum,22,static,0.6517403,0.7495563
2008-04-24,momentum,22,static,0.7261488,0.75055087
2008-04-25,momentum,22,static,0.61676633,0.6562387
2008-04-28,momentum,22,static,0.7638444,0.65427876
2008-04-29,momentum,22,static,0.7550253,0.7568872
2008-04-30,momentum,22,static,0.7941717,0.76020706
2008-05-02,momentum,22,static,0.5573992,0.58660823
2008-05-06,momentum,22,static,0.59590334,0.56360036
2008-05-07,momentum,22,static,0.79133636,0.8156365
2008-05-08,momentum,22,static,0.98555124,0.74677324
2008-05-09,momentum,22,static,0.97730815,1.012015
2008-05-13,momentum,22,static,0.8500095,0.7471194
2008-05-14,momentum,22,static,0.8006348,0.73859215
2008-05-15,momentum,22,static,0.7532399,0.8399087
2008-05-16,momentum,22,static,0.83624816,0.74794865
2008-05-19,momentum,22,static,0.8252607,0.70769
2008-05-20,momentum,22,static,0.944792,0.7967608
2008-05-21,momentum,22,static,0.70233095,0.6761292
2008-05-22,momentum,22,static,0.90382814,0.8031839
2008-05-23,momentum,22,static,0.89558846,0.72336173
2008-05-26,momentum,22,static,0.8993676,0.8583904
2008-05-27,momentum,22,static,0.7033643,0.67868835
2008-05-28,momentum,22,static,0.9764389,0.95101154
2008-05-29,momentum,22,static,0.75541925,0.77263355
2008-05-30,momentum,22,static,0.75536764,0.6291369
2008-06-02,momentum,22,static,1.0120367,0.6071056
2008-06-03,momentum,22,static,0.79283166,0.68332124
2008-06-04,momentum,22,static,0.855316,0.66140425
2008-06-05,momentum,22,static,0.8571471,0.67696345
2008-06-09,momentum,22,static,0.5882102,0.74965835
2008-06-10,momentum,22,static,1.0633144,1.0616562
2008-06-11,momentum,22,static,1.2709352,0.8535235
2008-06-12,momentum,22,static,0.8263117,0.95602834
2008-06-13,momentum,22,static,1.3489836,1.083359
2008-06-16,momentum,22,static,0.90263325,0.74616146
2008-06-17,momentum,22,static,1.088445,0.89292204
2008-06-18,momentum,22,static,0.888909,0.8960636
2008-06-19,momentum,22,static,0.7467622,0.9207054
2008-06-20,momentum,22,static,1.1097677,1.0599269
2008-06-23,momentum,22,static,0.7963465,0.8292686
2008-06-24,momentum,22,static,0.8756586,0.77257645
2008-06-25,momentum,22,static,0.88929886,0.8386222
2008-06-26,momentum,22,static,0.7492434,0.86898637
2008-06-27,momentum,22,static,0.81333834,0.8185241
2008-06-30,momentum,22,static,0.82842183,0.7903811
2008-07-01,momentum,22,static,0.91123456,0.87044317
2008-07-02,momentum,22,static,1.4800203,1.490004
2008-07-03,momentum,22,static,1.3363113,1.3465936
2008-07-04,momentum,22,static,1.2512078,1.2384398
2008-07-07,momentum,22,static,1.1285374,1.2650287
2008-07-08,momentum,22,static,1.5028406,1.721709
2008-07-09,momentum,22,static,1.5171376,1.746153
2008-07-10,momentum,22,static,1.7798518,1.5775887
2008-07-11,momentum,22,static,1.6829154,1.5020851
2008-07-14,momentum,22,static,1.3640827,1.4013081
2008-07-15,momentum,22,static,1.4477009,1.3369113
2008-07-16,momentum,22,static,1.6837325,1.4681506
2008-07-17,momentum,22,static,0.9919469,1.2443203
2008-07-18,momentum,22,static,1.1980042,1.5396503
2008-07-21,momentum,22,static,1.1891367,1.2498416
2008-07-22,momentum,22,static,1.086999,1.0619265
2008-07-23,momentum,22,static,0.8138403,1.0250728
2008-07-24,momentum,22,static,0.8643359,1.0362905
2008-07-25,momentum,22,static,1.0322571,1.0419506
2008-07-28,momentum,22,static,0.9946734,0.9840531
2008-07-29,momentum,22,static,0.8866473,1.0231612
2008-07-30,momentum,22,static,0.94933975,1.0411168
2008-07-31,momentum,22,static,1.0539662,1.0222968
2008-08-01,momentum,22,static,0.9552935,1.0679238
2008-08-04,momentum,22,static,1.2856175,1.2045248
2008-08-05,momentum,22,static,1.1888,1.1403372
2008-08-06,momentum,22,static,0.5858207,1.0304979
2008-08-07,momentum,22,static,1.2624954,1.1565355
2008-08-08,momentum,22,static,1.0283619,1.0619137
2008-08-11,momentum,22,static,0.76011384,0.84319365
2008-08-12,momentum,22,static,1.1456537,0.82137316
2008-08-13,momentum,22,static,1.0993321,0.95125896
2008-08-14,momentum,22,static,0.83550394,1.0291864
2008-08-18,momentum,22,static,0.9135329,0.95737445
2008-08-19,momentum,22,static,0.93569404,0.99523735
2008-08-20,momentum,22,static,1.1306378,0.99459165
2008-08-21,momentum,22,static,0.8996864,1.131978
2008-08-22,momentum,22,static,1.1111183,1.2006029
2008-08-25,momentum,22,static,1.0274926,1.0016239
2008-08-26,momentum,22,static,1.0266616,1.0679767
2008-08-27,momentum,22,static,1.2827327,1.1009294
2008-08-28,momentum,22,static,1.147203,1.1632965
2008-08-29,momentum,22,static,1.1708245,1.0950359
2008-09-01,momentum,22,static,1.389266,1.3448042
2008-09-02,momentum,22,static,1.727935,1.5088972
2008-09-03,momentum,22,static,1.6843599,1.4277431
2008-09-04,momentum,22,static,1.4928567,1.3517174
2008-09-05,momentum,22,static,0.99398124,1.242789
2008-09-08,momentum,22,static,1.0625709,1.3228508
2008-09-09,momentum,22,static,1.0871599,1.194339
2008-09-10,momentum,22,static,1.2300684,1.3488696
2008-09-11,momentum,22,static,1.566694,1.1561763
2008-09-12,momentum,22,static,1.1266183,1.0240507
2008-09-16,momentum,22,static,1.8428541,1.6410255
2008-09-17,momentum,22,static,1.2696145,1.5760443
2008-09-18,momentum,22,static,1.8457545,1.4966694
2008-09-19,momentum,22,static,1.1422226,1.3760267
2008-09-22,momentum,22,static,1.5307953,1.3297646
2008-09-23,momentum,22,static,1.1555961,1.4136612
2008-09-24,momentum,22,static,1.4955124,1.3189855
2008-09-25,momentum,22,static,1.4978162,1.5401322
2008-09-26,momentum,22,static,1.222903,1.2664535
2008-09-29,momentum,22,static,1.3921235,1.5726627
2008-09-30,momentum,22,static,1.6711236,2.2904894
2008-10-01,momentum,22,static,1.7675389,1.6325016
2008-10-02,momentum,22,static,1.6100246,1.8088057
2008-10-06,momentum,22,static,1.5780243,1.7020934
2008-10-07,momentum,22,static,1.9322414,1.9930539
2008-10-08,momentum,22,static,1.9627397,2.2303197
2008-10-09,momentum,22,static,2.6117134,2.5639782
2008-10-10,momentum,22,static,4.0166817,2.563762
2008-10-13,momentum,22,static,2.6425257,2.4426613
2008-10-14,momentum,22,static,1.6828978,1.7178962
2008-10-15,momentum,22,static,1.7299061,1.9011066
2008-10-16,momentum,22,static,2.4141748,4.496122
2008-10-17,momentum,22,static,3.764086,4.5722284
2008-10-20,momentum,22,static,3.3035545,3.1808584
2008-10-21,momentum,22,static,2.7861674,3.01174
2008-10-22,momentum,22,static,3.571619,4.617979
2008-10-23,momentum,22,static,4.994897,4.3558307
2008-10-24,momentum,22,static,5.0380163,8.160031
2008-10-27,momentum,22,static,6.1347313,7.415703
2008-10-28,momentum,22,static,4.9312334,8.647623
2008-10-29,momentum,22,static,7.709535,14.218495
2008-10-30,momentum,22,static,4.4385405,9.845958
2008-10-31,momentum,22,static,6.013627,8.913346
2008-11-03,momentum,22,static,3.6612735,6.734523
2008-11-04,momentum,22,static,3.2215602,6.051967
2008-11-05,momentum,22,static,3.1964486,5.122179
2008-11-06,momentum,22,static,3.0373478,5.771286
2008-11-07,momentum,22,static,4.652531,6.8158693
2008-11-10,momentum,22,static,4.2994223,4.996603
2008-11-11,momentum,22,static,2.9501524,4.3305016
2008-11-12,momentum,22,static,3.009757,4.113764
2008-11-13,momentum,22,static,2.995827,3.8379314
2008-11-14,momentum,22,static,2.927419,3.3543317
2008-11-17,momentum,22,static,3.315483,3.0606186
2008-11-18,momentum,22,static,3.1176517,3.2631052
2008-11-19,momentum,22,static,2.9421957,3.6522262
2008-11-20,momentum,22,static,2.7181911,3.8533576
2008-11-21,momentum,22,static,3.802748,6.942732
2008-11-24,momentum,22,static,3.9760864,3.7780201
2008-11-25,momentum,22,static,3.7629263,4.5577765
2008-11-26,momentum,22,static,2.5999577,2.9993498
2008-11-27,momentum,22,static,2.5752861,3.601309
2008-11-28,momentum,22,static,2.4370975,2.099482
2008-12-01,momentum,22,static,2.1184118,2.7279675
2008-12-02,momentum,22,static,2.2298238,2.1171901
2008-12-03,momentum,22,static,2.036717,2.7481296
2008-12-04,momentum,22,static,2.0408802,2.7414544
2008-12-05,momentum,22,static,2.1053696,2.2750366
2008-12-08,momentum,22,static,2.0291648,3.3628178
2008-12-09,momentum,22,static,2.67254,2.8987758
2008-12-10,momentum,22,static,2.1134245,2.9952006
2008-12-11,momentum,22,static,2.2942324,2.5790823
2008-12-12,momentum,22,static,2.9049158,2.9342072
2008-12-15,momentum,22,static,1.7442645,2.2760904
2008-12-16,momentum,22,static,1.9697535,2.4677465
2008-12-17,momentum,22,static,2.2679183,2.5357203
2008-12-18,momentum,22,static,1.8898249,2.4711368
2008-12-19,momentum,22,static,1.821173,2.1404426
2008-12-22,momentum,22,static,1.8542088,2.017034
2008-12-23,momentum,22,static,1.782336,2.0899441
2008-12-24,momentum,22,static,2.1892316,2.213973
2008-12-26,momentum,22,static,1.9993567,1.8947003
2008-12-29,momentum,22,static,1.8800206,1.8613968
2008-12-30,momentum,22,static,1.96248,1.7670828
2009-01-02,momentum,22,static,2.022692,1.9653299
2009-01-05,momentum,22,static,1.7057502,1.6445364
2009-01-06,momentum,22,static,1.4364231,1.7875621
2009-01-07,momentum,22,static,1.4117517,1.9546117
2009-01-08,momentum,22,static,1.4797893,1.7761011
2009-01-09,momentum,22,static,2.2851918,2.050114
2009-01-12,momentum,22,static,1.806301,1.7411168
2009-01-13,momentum,22,static,1.6150223,1.7029006
2009-01-14,momentum,22,static,1.5001497,1.7485328
2009-01-15,momentum,22,static,1.5293182,2.2684639
2009-01-16,momentum,22,static,1.5516858,2.0225046
2009-01-19,momentum,22,static,1.6823956,1.6211452
2009-01-20,momentum,22,static,1.5145608,1.4937327
2009-01-21,momentum,22,static,1.3976837,1.6163903
2009-01-22,momentum,22,static,1.3566236,1.6257751
2009-01-23,momentum,22,static,1.2475181,1.526871
2009-01-28,momentum,22,static,1.1314869,1.6922541
2009-01-29,momentum,22,static,1.3038927,1.5763748
2009-01-30,momentum,22,static,1.2532796,1.5525899
2009-02-02,momentum,22,static,1.5204495,1.6036673
2009-02-03,momentum,22,static,1.7948081,1.6096723
2009-02-04,momentum,22,static,1.1679505,1.4596491
2009-02-05,momentum,22,static,1.3390117,1.6049836
2009-02-06,momentum,22,static,1.4627136,1.2723296
2009-02-09,momentum,22,static,1.3283446,1.4557713
2009-02-10,momentum,22,static,1.652502,1.3185143
2009-02-11,momentum,22,static,1.1333555,1.5637996
2009-02-12,momentum,22,static,1.5471514,1.5292542
2009-02-13,momentum,22,static,1.6792893,1.3687928
2009-02-16,momentum,22,static,1.3316264,1.3458254
2009-02-17,momentum,22,static,1.7122798,1.7288601
2009-02-18,momentum,22,static,2.1118956,1.7445254
2009-02-19,momentum,22,static,1.9229051,1.6160431
2009-02-20,momentum,22,static,2.2041473,2.1633675
2009-02-23,momentum,22,static,2.0287821,2.3262336
2009-02-24,momentum,22,static,1.8271141,1.5196419
2009-02-25,momentum,22,static,1.5681121,1.9185746
2009-02-26,momentum,22,static,2.505594,2.7986395
2009-02-27,momentum,22,static,1.6536344,2.0506983
2009-03-02,momentum,22,static,1.8615177,1.8048918
2009-03-03,momentum,22,static,2.3999257,1.9508233
2009-03-04,momentum,22,static,2.1506052,2.500557
2009-03-05,momentum,22,static,2.0809553,2.1013565
2009-03-06,momentum,22,static,1.7582152,1.7933549
2009-03-09,momentum,22,static,1.718836,1.4246749
2009-03-10,momentum,22,static,1.6518766,1.8485289
2009-03-11,momentum,22,static,1.100946,1.3877448
2009-03-12,momentum,22,static,1.4630047,1.7837741
2009-03-13,momentum,22,static,1.6035855,1.465786
2009-03-16,momentum,22,static,1.5891353,1.4267778
2009-03-17,momentum,22,static,1.3110144,1.5424905
2009-03-18,momentum,22,static,1.4432815,1.569467
2009-03-19,momentum,22,static,1.396091,1.760083
2009-03-20,momentum,22,static,1.3092469,1.4470408
2009-03-23,momentum,22,static,0.8993243,1.3515625
2009-03-24,momentum,22,static,1.0440336,1.3391278
2009-03-25,momentum,22,static,1.2199814,1.5403725
2009-03-26,momentum,22,static,1.2991985,1.7192938
2009-03-27,momentum,22,static,1.2714564,1.6376191
2009-03-30,momentum,22,static,1.3824704,1.8083385
2009-03-31,momentum,22,static,1.5211267,1.622113
2009-04-01,momentum,22,static,1.7022407,1.6999757
2009-04-02,momentum,22,static,1.1602211,1.5733066
2009-04-03,momentum,22,static,1.4673213,1.5773745
2009-04-06,momentum,22,static,1.3774768,1.5535586
2009-04-07,momentum,22,static,1.2850552,1.4976844
2009-04-08,momentum,22,static,1.0922126,1.567236
2009-04-09,momentum,22,static,1.2033241,1.9249682
2009-04-10,momentum,22,static,1.9422812,1.7040064
2009-04-13,momentum,22,static,1.7382475,1.494452
2009-04-14,momentum,22,static,1.8123646,1.61971
2009-04-15,momentum,22,static,1.6033925,1.791682
2009-04-16,momentum,22,static,1.6804605,1.6513572
2009-04-17,momentum,22,static,1.8010653,1.883393
2009-04-20,momentum,22,static,1.5988209,1.4542923
2009-04-21,momentum,22,static,1.4490888,1.580146
2009-04-22,momentum,22,static,1.373566,1.3100312
2009-04-23,momentum,22,static,1.2601601,1.1825277
2009-04-24,momentum,22,static,1.4340091,1.495614
2009-04-27,momentum,22,static,1.4905878,1.4975632
2009-04-28,momentum,22,static,1.80499,1.7223814
2009-04-29,momentum,22,static,1.3402842,1.5340767
2009-04-30,momentum,22,static,1.4210255,1.2460109
2009-05-04,momentum,22,static,0.92873853,1.0858703
2009-05-06,momentum,22,static,1.3117257,1.3068134
2009-05-07,momentum,22,static,1.1507859,1.1891246
2009-05-08,momentum,22,static,1.1152061,1.072578
2009-05-11,momentum,22,static,1.1903025,0.9962843
2009-05-12,momentum,22,static,1.0273106,1.0698133
2009-05-13,momentum,22,static,0.8636084,0.9689361
2009-05-14,momentum,22,static,1.0069555,1.0191447
2009-05-15,momentum,22,static,0.8070037,0.9267081
2009-05-18,momentum,22,static,0.91641676,1.0315355
2009-05-19,momentum,22,static,0.75858253,0.7892971
2009-05-20,momentum,22,static,0.7307867,0.8945557
2009-05-21,momentum,22,static,0.9412818,1.1373947
2009-05-22,momentum,22,static,1.184935,1.1894562
2009-05-25,momentum,22,static,4.6778917,3.61897
2009-05-26,momentum,22,static,1.7639909,2.0911646
2009-05-27,momentum,22,static,1.7943904,1.9012482
2009-05-28,momentum,22,static,1.9288714,1.7207778
2009-05-29,momentum,22,static,1.5330756,1.6163481
2009-06-01,momentum,22,static,1.2002968,1.3390718
2009-06-02,momentum,22,static,1.2983886,1.5398407
2009-06-03,momentum,22,static,1.2660316,1.3200376
2009-06-04,momentum,22,static,1.2887971,1.6207054
2009-06-05,momentum,22,static,1.3074434,1.2943252
2009-06-08,momentum,22,static,1.1587206,1.1894575
2009-06-09,momentum,22,static,1.3394527,1.3786156
2009-06-10,momentum,22,static,1.1353219,1.4868629
2009-06-11,momentum,22,static,1.5764868,1.3360677
2009-06-12,momentum,22,static,0.91019195,1.1019694
2009-06-15,momentum,22,static,1.124328,1.157168
2009-06-16,momentum,22,static,1.0960275,1.2040168
2009-06-17,momentum,22,static,0.8887717,0.9683895
2009-06-18,momentum,22,static,1.0513397,1.126535
2009-06-19,momentum,22,static,0.942095,1.0260084
2009-06-22,momentum,22,static,0.9040094,0.9639211
2009-06-23,momentum,22,static,0.9320225,0.873665
2009-06-24,momentum,22,static,1.0125498,1.0013807
2009-06-25,momentum,22,static,1.0436,1.1859641
2009-06-26,momentum,22,static,0.90632653,0.9025961
2009-06-29,momentum,22,static,0.85776013,0.90459836
2009-06-30,momentum,22,static,1.006849,0.89579976
2007-08-01,extended,22,static,2.05777,1.9463568
2007-08-02,extended,22,static,2.6701517,2.677982
2007-08-03,extended,22,static,1.363984,1.5199921
2007-08-06,extended,22,static,1.2901113,1.4008255
2007-08-07,extended,22,static,1.1834062,1.3273268
2007-08-08,extended,22,static,0.9152647,1.2857705
2007-08-09,extended,22,static,1.280956,1.1780405
2007-08-10,extended,22,static,1.2562598,1.4397151
2007-08-13,extended,22,static,1.3104532,1.3212645
2007-08-14,extended,22,static,1.4153055,1.4706125
2007-08-16,extended,22,static,2.237005,2.6002536
2007-08-17,extended,22,static,2.4822638,2.715787
2007-08-20,extended,22,static,1.287377,1.6057681
2007-08-21,extended,22,static,1.8663054,1.700779
2007-08-22,extended,22,static,1.1827067,1.4996729
2007-08-23,extended,22,static,0.99989235,1.2160491
2007-08-24,extended,22,static,1.2254853,1.4986715
2007-08-27,extended,22,static,0.90142137,1.1835787
2007-08-28,extended,22,static,1.2708368,1.3366416
2007-08-29,extended,22,static,1.4099318,2.070599
2007-08-30,extended,22,static,1.1340998,1.288721
2007-08-31,extended,22,static,1.1562414,1.1479437
2007-09-03,extended,22,static,1.1932604,1.1152029
2007-09-04,extended,22,static,1.01928,1.3969225
2007-09-05,extended,22,static,1.2170386,1.1733892
2007-09-06,extended,22,static,1.2430456,1.5586567
2007-09-07,extended,22,static,1.1114899,1.2499111
2007-09-10,extended,22,static,1.3573148,1.0961646
2007-09-11,extended,22,static,1.0158844,1.1291895
2007-09-12,extended,22,static,1.1811479,1.3261311
2007-09-13,extended,22,static,1.7420055,1.3945495
2007-09-14,extended,22,static,0.93704087,1.2148123
2007-09-17,extended,22,static,1.0048081,1.1297481
2007-09-18,extended,22,static,1.0260617,1.2027754
2007-09-19,extended,22,static,0.8076436,1.0015659
2007-09-20,extended,22,static,1.1965716,1.0515201
2007-09-21,extended,22,static,0.8722111,1.0166197
2007-09-27,extended,22,static,0.7664867,0.85864264
2007-09-28,extended,22,static,0.8080792,0.83105683
2007-10-01,extended,22,static,0.55029327,0.9847465
2007-10-02,extended,22,static,0.73205364,1.1293572
2007-10-04,extended,22,static,0.8805932,1.0888221
2007-10-05,extended,22,static,0.95414627,0.93572044
2007-10-08,extended,22,static,0.7031264,0.8665726
2007-10-09,extended,22,static,0.8863164,0.99586946
2007-10-10,extended,22,static,0.71955174,0.92986345
2007-10-11,extended,22,static,0.9430567,0.98289156
2007-10-12,extended,22,static,1.0431364,1.0114651
2007-10-15,extended,22,static,1.0965738,1.0623951
2007-10-16,extended,22,static,1.2687054,1.1673281
2007-10-17,extended,22,static,2.190527,1.9419363
2007-10-18,extended,22,static,1.457985,1.3994819
2007-10-19,extended,22,static,1.4555875,1.2430881
2007-10-22,extended,22,static,1.6968491,1.3483939
2007-10-23,extended,22,static,1.1384182,1.4621719
2007-10-24,extended,22,static,2.0703144,2.1803288
2007-10-25,extended,22,static,1.6585242,1.6085007
2007-10-26,extended,22,static,1.4482919,1.5736895
2007-10-29,extended,22,static,1.0666195,1.362175
2007-10-30,extended,22,static,1.2415206,1.330888
2007-10-31,extended,22,static,1.0872763,1.2896051
2007-11-01,extended,22,static,1.2955594,1.4062898
2007-11-02,extended,22,static,1.2118694,1.3697603
2007-11-05,extended,22,static,1.3327944,1.1766984
2007-11-06,extended,22,static,0.8215985,1.2777636
2007-11-07,extended,22,static,1.1780224,1.2879626
2007-11-08,extended,22,static,1.5529814,1.303143
2007-11-09,extended,22,static,1.9720455,1.5974045
2007-11-12,extended,22,static,1.654565,1.6317153
2007-11-13,extended,22,static,1.8451928,1.7991364
2007-11-14,extended,22,static,1.0495719,1.2672993
2007-11-15,extended,22,static,1.4030455,1.8381848
2007-11-16,extended,22,static,1.318906,1.5220158
2007-11-19,extended,22,static,1.3881841,1.4132383
2007-11-20,extended,22,static,1.5132523,1.9015268
2007-11-21,extended,22,static,1.9621775,1.7888485
2007-11-22,extended,22,static,2.1563525,2.1074474
2007-11-23,extended,22,static,2.3852265,2.4337368
2007-11-26,extended,22,static,1.2843764,1.8740579
2007-11-27,extended,22,static,2.5158398,2.560104
2007-11-28,extended,22,static,1.972666,2.210822
2007-11-29,extended,22,static,1.0736676,1.5813302
2007-11-30,extended,22,static,1.0982945,1.4332347
2007-12-03,extended,22,static,1.1432711,1.2389014
2007-12-04,extended,22,static,1.0152545,1.3258556
2007-12-05,extended,22,static,0.946601,1.2862558
2007-12-06,extended,22,static,0.9068366,1.2349288
2007-12-07,extended,22,static,1.0303735,1.2902875
2007-12-10,extended,22,static,1.1731564,1.1055455
2007-12-11,extended,22,static,1.1103985,1.1554933
2007-12-12,extended,22,static,1.0512801,1.5087738
2007-12-13,extended,22,static,1.5374365,1.3297678
2007-12-14,extended,22,static,1.1925555,1.3971674
2007-12-17,extended,22,static,1.236179,1.3015081
2007-12-18,extended,22,static,1.4378381,1.8676472
2007-12-20,extended,22,static,1.6452428,1.4543703
2007-12-21,extended,22,static,1.4536052,1.3742309
2007-12-24,extended,22,static,0.9410586,1.165577
2007-12-26,extended,22,static,1.0318445,1.1858661
2007-12-27,extended,22,static,0.86023796,1.1014469
2007-12-28,extended,22,static,0.87665683,0.991704
2008-01-02,extended,22,static,1.0612322,1.138056
2008-01-03,extended,22,static,1.334792,1.4638128
2008-01-04,extended,22,static,1.251795,1.2886801
2008-01-07,extended,22,static,0.9978981,1.1540533
2008-01-08,extended,22,static,1.0890847,1.1851616
2008-01-09,extended,22,static,1.0940617,1.5521121
2008-01-10,extended,22,static,1.2355698,1.1800445
2008-01-11,extended,22,static,1.3557851,1.6555619
2008-01-14,extended,22,static,1.6360885,1.4290049
2008-01-15,extended,22,static,1.6973455,1.8387098
2008-01-16,extended,22,static,1.553334,1.5607266
2008-01-17,extended,22,static,1.630197,1.7873025
2008-01-18,extended,22,static,1.5269089,2.062244
2008-01-21,extended,22,static,1.615431,1.4891016
2008-01-22,extended,22,static,2.3567367,1.7775118
2008-01-23,extended,22,static,2.046865,2.53407
2008-01-24,extended,22,static,1.3832077,1.5872594
2008-01-25,extended,22,static,1.0376173,1.320578
2008-01-28,extended,22,static,1.1668031,1.5207255
2008-01-29,extended,22,static,1.5260189,1.7897208
2008-01-30,extended,22,static,2.0415008,2.2214208
2008-01-31,extended,22,static,2.031805,2.4975429
2008-02-01,extended,22,static,1.2811161,1.7254647
2008-02-04,extended,22,static,1.0596933,1.6666777
2008-02-05,extended,22,static,1.042306,1.3302426
2008-02-11,extended,22,static,1.0512664,1.5163224
2008-02-12,extended,22,static,0.94236434,1.4133685
2008-02-13,extended,22,static,1.0275909,1.3662837
2008-02-14,extended,22,static,0.7526247,1.4248668
2008-02-15,extended,22,static,0.96943927,1.1347992
2008-02-18,extended,22,static,1.3434831,1.3206761
2008-02-19,extended,22,static,0.713919,1.1357272
2008-02-20,extended,22,static,1.0903367,1.1289923
2008-02-21,extended,22,static,0.99236196,1.123718
2008-02-22,extended,22,static,0.916679,0.9801706
2008-02-25,extended,22,static,0.68167835,0.90155315
2008-02-26,extended,22,static,0.7038082,0.93907064
2008-02-27,extended,22,static,0.8071035,1.0240759
2008-02-28,extended,22,static,0.945067,1.0237044
2008-02-29,extended,22,static,0.7695022,0.8720393
2008-03-03,extended,22,static,0.8726147,0.9669703
2008-03-04,extended,22,static,0.98186886,1.0193195
2008-03-05,extended,22,static,0.6185771,1.0006393
2008-03-06,extended,22,static,0.71502817,0.8679768
2008-03-07,extended,22,static,1.5105511,0.89114964
2008-03-10,extended,22,static,0.90956914,1.1927655
2008-03-11,extended,22,static,1.1042689,1.3347118
2008-03-12,extended,22,static,0.71705884,1.165778
2008-03-13,extended,22,static,1.3794587,1.4362743
2008-03-14,extended,22,static,1.6007447,1.9459772
2008-03-17,extended,22,static,2.0240762,1.9213867
2008-03-18,extended,22,static,1.3853577,1.9739871
2008-03-19,extended,22,static,0.8115984,1.5897266
2008-03-20,extended,22,static,1.1329504,1.5522394
2008-03-21,extended,22,static,0.6696522,0.8989607
2008-03-24,extended,22,static,0.78539735,1.0971781
2008-03-25,extended,22,static,0.53431225,0.9401752
2008-03-26,extended,22,static,0.6995645,0.9039649
2008-03-27,extended,22,static,0.74563044,0.8071998
2008-03-28,extended,22,static,0.8535481,1.0364722
2008-03-31,extended,22,static,0.9022797,0.7682344
2008-04-01,extended,22,static,1.1180917,1.1856813
2008-04-02,extended,22,static,0.47044745,0.9433012
2008-04-03,extended,22,static,0.8979987,0.9344747
2008-04-04,extended,22,static,0.8288102,0.7943489
2008-04-07,extended,22,static,0.6982692,1.0771735
2008-04-08,extended,22,static,0.9023342,0.84445024
2008-04-10,extended,22,static,1.1930537,1.081278
2008-04-11,extended,22,static,1.0341176,0.9977318
2008-04-14,extended,22,static,0.7467988,0.88871396
2008-04-15,extended,22,static,1.0453998,0.9960506
2008-04-16,extended,22,static,0.64282775,0.8635488
2008-04-17,extended,22,static,0.5591644,0.9658634
2008-04-18,extended,22,static,0.66471505,0.8458011
2008-04-21,extended,22,static,0.45434564,0.8159443
2008-04-22,extended,22,static,0.5677563,0.92289937
2008-04-23,extended,22,static,0.6517403,0.9017503
2008-04-24,extended,22,static,0.7261488,0.7880526
2008-04-25,extended,22,static,0.61676633,0.67174304
2008-04-28,extended,22,static,0.7638444,0.83745515
2008-04-29,extended,22,static,0.7550253,0.98004466
2008-04-30,extended,22,static,0.7941717,0.84705937
2008-05-02,extended,22,static,0.5573992,0.68064785
2008-05-06,extended,22,static,0.59590334,0.7520716
2008-05-07,extended,22,static,0.79133636,0.92571056
2008-05-08,extended,22,static,0.98555124,0.9674108
2008-05-09,extended,22,static,0.97730815,1.3511097
2008-05-13,extended,22,static,0.8500095,1.0467856
2008-05-14,extended,22,static,0.8006348,0.80092186
2008-05-15,extended,22,static,0.7532399,0.7570231
2008-05-16,extended,22,static,0.83624816,0.73320043
2008-05-19,extended,22,static,0.8252607,0.8239813
2008-05-20,extended,22,static,0.944792,0.9607553
2008-05-21,extended,22,static,0.70233095,0.9133959
2008-05-22,extended,22,static,0.90382814,0.85453916
2008-05-23,extended,22,static,0.89558846,0.79720724
2008-05-26,extended,22,static,0.8993676,0.89425117
2008-05-27,extended,22,static,0.7033643,0.81532496
2008-05-28,extended,22,static,0.9764389,0.9506403
2008-05-29,extended,22,static,0.75541925,0.8584249
2008-05-30,extended,22,static,0.75536764,0.7556818
2008-06-02,extended,22,static,1.0120367,0.8616265
2008-06-03,extended,22,static,0.79283166,0.77679014
2008-06-04,extended,22,static,0.855316,0.89153486
2008-06-05,extended,22,static,0.8571471,0.90001154
2008-06-09,extended,22,static,0.5882102,0.88850826
2008-06-10,extended,22,static,1.0633144,1.078134
2008-06-11,extended,22,static,1.2709352,1.0282639
2008-06-12,extended,22,static,0.8263117,1.0610003
2008-06-13,extended,22,static,1.3489836,1.0071305
2008-06-16,extended,22,static,0.90263325,0.80432945
2008-06-17,extended,22,static,1.088445,1.0159961
2008-06-18,extended,22,static,0.888909,1.0790856
2008-06-19,extended,22,static,0.7467622,1.1060169
2008-06-20,extended,22,static,1.1097677,1.1082535
2008-06-23,extended,22,static,0.7963465,1.0096536
2008-06-24,extended,22,static,0.8756586,0.9102849
2008-06-25,extended,22,static,0.88929886,0.8292726
2008-06-26,extended,22,static,0.7492434,0.9163519
2008-06-27,extended,22,static,0.81333834,0.97543025
2008-06-30,extended,22,static,0.82842183,1.0206441
2008-07-01,extended,22,static,0.91123456,1.000029
2008-07-02,extended,22,static,1.4800203,1.5315387
2008-07-03,extended,22,static,1.3363113,1.585971
2008-07-04,extended,22,static,1.2512078,1.3831205
2008-07-07,extended,22,static,1.1285374,1.2469997
2008-07-08,extended,22,static,1.5028406,1.8355348
2008-07-09,extended,22,static,1.5171376,2.2063868
2008-07-10,extended,22,static,1.7798518,2.133814
2008-07-11,extended,22,static,1.6829154,1.9784821
2008-07-14,extended,22,static,1.3640827,1.5856392
2008-07-15,extended,22,static,1.4477009,1.3843565
2008-07-16,extended,22,static,1.6837325,2.040664
2008-07-17,extended,22,static,0.9919469,1.4192307
2008-07-18,extended,22,static,1.1980042,1.540745
2008-07-21,extended,22,static,1.1891367,1.2635633
2008-07-22,extended,22,static,1.086999,1.3272493
2008-07-23,extended,22,static,0.8138403,1.1964095
2008-07-24,extended,22,static,0.8643359,1.1074829
2008-07-25,extended,22,static,1.0322571,1.0065742
2008-07-28,extended,22,static,0.9946734,1.0039157
2008-07-29,extended,22,static,0.8866473,1.091314
2008-07-30,extended,22,static,0.94933975,1.1654848
2008-07-31,extended,22,static,1.0539662,0.97489357
2008-08-01,extended,22,static,0.9552935,1.0409032
2008-08-04,extended,22,static,1.2856175,1.2070538
2008-08-05,extended,22,static,1.1888,1.2017589
2008-08-06,extended,22,static,0.5858207,1.077016
2008-08-07,extended,22,static,1.2624954,1.1132339
2008-08-08,extended,22,static,1.0283619,1.1896834
2008-08-11,extended,22,static,0.76011384,1.3643217
2008-08-12,extended,22,static,1.1456537,1.1493571
2008-08-13,extended,22,static,1.0993321,1.2698319
2008-08-14,extended,22,static,0.83550394,1.1728346
2008-08-18,extended,22,static,0.9135329,0.85775167
2008-08-19,extended,22,static,0.93569404,1.0806231
2008-08-20,extended,22,static,1.1306378,1.0787838
2008-08-21,extended,22,static,0.8996864,1.2731485
2008-08-22,extended,22,static,1.1111183,1.1725252
2008-08-25,extended,22,static,1.0274926,0.9056641
2008-08-26,extended,22,static,1.0266616,1.3934999
2008-08-27,extended,22,static,1.2827327,1.2053769
2008-08-28,extended,22,static,1.147203,1.3540145
2008-08-29,extended,22,static,1.1708245,1.0966586
2008-09-01,extended,22,static,1.389266,1.4561751
2008-09-02,extended,22,static,1.727935,2.0350912
2008-09-03,extended,22,static,1.6843599,1.5086453
2008-09-04,extended,22,static,1.4928567,1.9240588
2008-09-05,extended,22,static,0.99398124,1.5505915
2008-09-08,extended,22,static,1.0625709,1.5877241
2008-09-09,extended,22,static,1.0871599,2.0021782
2008-09-10,extended,22,static,1.2300684,1.6539619
2008-09-11,extended,22,static,1.566694,1.480166
2008-09-12,extended,22,static,1.1266183,1.3087935
2008-09-16,extended,22,static,1.8428541,1.847601
2008-09-17,extended,22,static,1.2696145,2.278285
2008-09-18,extended,22,static,1.8457545,2.3554232
2008-09-19,extended,22,static,1.1422226,1.9601387
2008-09-22,extended,22,static,1.5307953,1.3714793
2008-09-23,extended,22,static,1.1555961,1.9452082
2008-09-24,extended,22,static,1.4955124,1.4112492
2008-09-25,extended,22,static,1.4978162,1.5256698
2008-09-26,extended,22,static,1.222903,1.3499317
2008-09-29,extended,22,static,1.3921235,1.8589038
2008-09-30,extended,22,static,1.6711236,3.630633
2008-10-01,extended,22,static,1.7675389,1.7872508
2008-10-02,extended,22,static,1.6100246,2.740859
2008-10-06,extended,22,static,1.5780243,1.8942653
2008-10-07,extended,22,static,1.9322414,3.1907127
2008-10-08,extended,22,static,1.9627397,3.009819
2008-10-09,extended,22,static,2.6117134,2.9379544
2008-10-10,extended,22,static,4.0166817,3.1472206
2008-10-13,extended,22,static,2.6425257,3.1689534
2008-10-14,extended,22,static,1.6828978,3.859619
2008-10-15,extended,22,static,1.7299061,3.0914636
2008-10-16,extended,22,static,2.4141748,3.5224547
2008-10-17,extended,22,static,3.764086,5.114277
2008-10-20,extended,22,static,3.3035545,3.7859573
2008-10-21,extended,22,static,2.7861674,3.6711361
2008-10-22,extended,22,static,3.571619,4.1914296
2008-10-23,extended,22,static,4.994897,3.713458
2008-10-24,extended,22,static,5.0380163,7.2374587
2008-10-27,extended,22,static,6.1347313,8.087281
2008-10-28,extended,22,static,4.9312334,8.73573
2008-10-29,extended,22,static,7.709535,13.064137
2008-10-30,extended,22,static,4.4385405,8.852466
2008-10-31,extended,22,static,6.013627,8.720313
2008-11-03,extended,22,static,3.6612735,6.104725
2008-11-04,extended,22,static,3.2215602,3.9645505
2008-11-05,extended,22,static,3.1964486,4.907203
2008-11-06,extended,22,static,3.0373478,3.5383708
2008-11-07,extended,22,static,4.652531,7.0331607
2008-11-10,extended,22,static,4.2994223,3.7419035
2008-11-11,extended,22,static,2.9501524,4.0221696
2008-11-12,extended,22,static,3.009757,3.808648
2008-11-13,extended,22,static,2.995827,3.1723175
2008-11-14,extended,22,static,2.927419,4.047909
2008-11-17,extended,22,static,3.315483,4.2950573
2008-11-18,extended,22,static,3.1176517,2.6552606
2008-11-19,extended,22,static,2.9421957,3.652315
2008-11-20,extended,22,static,2.7181911,3.0333962
2008-11-21,extended,22,static,3.802748,7.8940887
2008-11-24,extended,22,static,3.9760864,3.2640269
2008-11-25,extended,22,static,3.7629263,5.0428925
2008-11-26,extended,22,static,2.5999577,3.2392914
2008-11-27,extended,22,static,2.5752861,3.019153
2008-11-28,extended,22,static,2.4370975,2.664612
2008-12-01,extended,22,static,2.1184118,2.5901487
2008-12-02,extended,22,static,2.2298238,2.3525553
2008-12-03,extended,22,static,2.036717,2.2989135
2008-12-04,extended,22,static,2.0408802,3.3241005
2008-12-05,extended,22,static,2.1053696,2.2429638
2008-12-08,extended,22,static,2.0291648,3.6012337
2008-12-09,extended,22,static,2.67254,3.31076
2008-12-10,extended,22,static,2.1134245,3.0362825
2008-12-11,extended,22,static,2.2942324,2.6831567
2008-12-12,extended,22,static,2.9049158,3.3452053
2008-12-15,extended,22,static,1.7442645,2.1799326
2008-12-16,extended,22,static,1.9697535,2.2452013
2008-12-17,extended,22,static,2.2679183,2.866197
2008-12-18,extended,22,static,1.8898249,2.5717072
2008-12-19,extended,22,static,1.821173,2.1469076
2008-12-22,extended,22,static,1.8542088,1.9243797
2008-12-23,extended,22,static,1.782336,1.8351238
2008-12-24,extended,22,static,2.1892316,2.3412466
2008-12-26,extended,22,static,1.9993567,1.8004384
2008-12-29,extended,22,static,1.8800206,2.3152752
2008-12-30,extended,22,static,1.96248,1.7521741
2009-01-02,extended,22,static,2.022692,2.1558247
2009-01-05,extended,22,static,1.7057502,2.7092495
2009-01-06,extended,22,static,1.4364231,1.7423662
2009-01-07,extended,22,static,1.4117517,2.208778
2009-01-08,extended,22,static,1.4797893,2.0479724
2009-01-09,extended,22,static,2.2851918,2.1533341
2009-01-12,extended,22,static,1.806301,1.9429104
2009-01-13,extended,22,static,1.6150223,2.2090852
2009-01-14,extended,22,static,1.5001497,1.6860616
2009-01-15,extended,22,static,1.5293182,1.9811726
2009-01-16,extended,22,static,1.5516858,2.1339002
2009-01-19,extended,22,static,1.6823956,1.393518
2009-01-20,extended,22,static,1.5145608,1.3973387
2009-01-21,extended,22,static,1.3976837,1.9406971
2009-01-22,extended,22,static,1.3566236,1.9151167
2009-01-23,extended,22,static,1.2475181,1.6160941
2009-01-28,extended,22,static,1.1314869,1.8620158
2009-01-29,extended,22,static,1.3038927,1.5374033
2009-01-30,extended,22,static,1.2532796,1.7662449
2009-02-02,extended,22,static,1.5204495,1.6052444
2009-02-03,extended,22,static,1.7948081,1.8502375
2009-02-04,extended,22,static,1.1679505,1.4139628
2009-02-05,extended,22,static,1.3390117,1.6635783
2009-02-06,extended,22,static,1.4627136,1.3361231
2009-02-09,extended,22,static,1.3283446,1.6190829
2009-02-10,extended,22,static,1.652502,1.8019006
2009-02-11,extended,22,static,1.1333555,2.1932983
2009-02-12,extended,22,static,1.5471514,1.6576537
2009-02-13,extended,22,static,1.6792893,1.4174075
2009-02-16,extended,22,static,1.3316264,1.5027313
2009-02-17,extended,22,static,1.7122798,1.796674
2009-02-18,extended,22,static,2.1118956,2.1223626
2009-02-19,extended,22,static,1.9229051,1.8463448
2009-02-20,extended,22,static,2.2041473,2.1430244
2009-02-23,extended,22,static,2.0287821,2.5788155
2009-02-24,extended,22,static,1.8271141,1.4421552
2009-02-25,extended,22,static,1.5681121,2.1436377
2009-02-26,extended,22,static,2.505594,3.2952628
2009-02-27,extended,22,static,1.6536344,2.4725313
2009-03-02,extended,22,static,1.8615177,1.9435538
2009-03-03,extended,22,static,2.3999257,2.9278078
2009-03-04,extended,22,static,2.1506052,2.6874225
2009-03-05,extended,22,static,2.0809553,2.4650602
2009-03-06,extended,22,static,1.7582152,2.1089287
2009-03-09,extended,22,static,1.718836,2.1071997
2009-03-10,extended,22,static,1.6518766,2.1569233
2009-03-11,extended,22,static,1.100946,1.9238969
2009-03-12,extended,22,static,1.4630047,2.2410748
2009-03-13,extended,22,static,1.6035855,1.768921
2009-03-16,extended,22,static,1.5891353,1.6265209
2009-03-17,extended,22,static,1.3110144,1.7542866
2009-03-18,extended,22,static,1.4432815,2.21191
2009-03-19,extended,22,static,1.396091,2.0752587
2009-03-20,extended,22,static,1.3092469,1.4715475
2009-03-23,extended,22,static,0.8993243,1.4292066
2009-03-24,extended,22,static,1.0440336,1.5244792
2009-03-25,extended,22,static,1.2199814,1.5024397
2009-03-26,extended,22,static,1.2991985,1.5872478
2009-03-27,extended,22,static,1.2714564,2.1023228
2009-03-30,extended,22,static,1.3824704,1.7228522
2009-03-31,extended,22,static,1.5211267,2.3644848
2009-04-01,extended,22,static,1.7022407,1.8038417
2009-04-02,extended,22,static,1.1602211,1.694906
2009-04-03,extended,22,static,1.4673213,1.7046779
2009-04-06,extended,22,static,1.3774768,1.6343184
2009-04-07,extended,22,static,1.2850552,1.7691376
2009-04-08,extended,22,static,1.0922126,1.3901763
2009-04-09,extended,22,static,1.2033241,1.9431483
2009-04-10,extended,22,static,1.9422812,1.6522706
2009-04-13,extended,22,static,1.7382475,1.8180004
2009-04-14,extended,22,static,1.8123646,1.6827967
2009-04-15,extended,22,static,1.6033925,2.0299542
2009-04-16,extended,22,static,1.6804605,1.9209793
2009-04-17,extended,22,static,1.8010653,2.1224804
2009-04-20,extended,22,static,1.5988209,1.8133657
2009-04-21,extended,22,static,1.4490888,2.0113485
2009-04-22,extended,22,static,1.373566,1.4033805
2009-04-23,extended,22,static,1.2601601,1.3200313
2009-04-24,extended,22,static,1.4340091,1.6463364
2009-04-27,extended,22,static,1.4905878,1.6761659
2009-04-28,extended,22,static,1.80499,1.7019613
2009-04-29,extended,22,static,1.3402842,1.8036883
2009-04-30,extended,22,static,1.4210255,1.3723309
2009-05-04,extended,22,static,0.92873853,1.4541714
2009-05-06,extended,22,static,1.3117257,1.6928647
2009-05-07,extended,22,static,1.1507859,1.4615395
2009-05-08,extended,22,static,1.1152061,1.2302405
2009-05-11,extended,22,static,1.1903025,1.0313611
2009-05-12,extended,22,static,1.0273106,1.2883713
2009-05-13,extended,22,static,0.8636084,0.98570347
2009-05-14,extended,22,static,1.0069555,1.0844296
2009-05-15,extended,22,static,0.8070037,1.2644165
2009-05-18,extended,22,static,0.91641676,1.1336472
2009-05-19,extended,22,static,0.75858253,0.91830397
2009-05-20,extended,22,static,0.7307867,1.1217582
2009-05-21,extended,22,static,0.9412818,1.2326769
2009-05-22,extended,22,static,1.184935,1.3048902
2009-05-25,extended,22,static,4.6778917,3.697824
2009-05-26,extended,22,static,1.7639909,2.3735442
2009-05-27,extended,22,static,1.7943904,1.863385
2009-05-28,extended,22,static,1.9288714,2.0721354
2009-05-29,extended,22,static,1.5330756,1.7116507
2009-06-01,extended,22,static,1.2002968,1.5399852
2009-06-02,extended,22,static,1.2983886,1.5049973
2009-06-03,extended,22,static,1.2660316,1.5942194
2009-06-04,extended,22,static,1.2887971,1.486855
2009-06-05,extended,22,static,1.3074434,1.4547735
2009-06-08,extended,22,static,1.1587206,1.2986145
2009-06-09,extended,22,static,1.3394527,1.4739585
2009-06-10,extended,22,static,1.1353219,1.3043854
2009-06-11,extended,22,static,1.5764868,1.3254384
2009-06-12,extended,22,static,0.91019195,1.2825441
2009-06-15,extended,22,static,1.124328,1.1516805
2009-06-16,extended,22,static,1.0960275,1.2882537
2009-06-17,extended,22,static,0.8887717,1.0724452
2009-06-18,extended,22,static,1.0513397,1.2310796
2009-06-19,extended,22,static,0.942095,1.0584185
2009-06-22,extended,22,static,0.9040094,0.95750535
2009-06-23,extended,22,static,0.9320225,1.001792
2009-06-24,extended,22,static,1.0125498,1.1513641
2009-06-25,extended,22,static,1.0436,1.2265291
2009-06-26,extended,22,static,0.90632653,1.0117928
2009-06-29,extended,22,static,0.85776013,1.0501918
2009-06-30,extended,22,static,1.006849,1.2171643
2007-08-01,core,22,expanding,2.057770013809204,1.688706398010254
2007-08-02,core,22,expanding,2.670151710510254,2.5478975772857666
2007-08-03,core,22,expanding,1.3639839887619019,1.4579064846038818
2007-08-06,core,22,expanding,1.2901113033294678,1.284444808959961
2007-08-07,core,22,expanding,1.1834062337875366,1.4384067058563232
2007-08-08,core,22,expanding,0.9152647256851196,1.0792728662490845
2007-08-09,core,22,expanding,1.2809560298919678,1.193816065788269
2007-08-10,core,22,expanding,1.256259799003601,1.2441494464874268
2007-08-13,core,22,expanding,1.310453176498413,1.1468136310577393
2007-08-14,core,22,expanding,1.415305495262146,1.6220803260803223
2007-08-16,core,22,expanding,2.2370049953460693,1.648813247680664
2007-08-17,core,22,expanding,2.4822638034820557,2.269923686981201
2007-08-20,core,22,expanding,1.2873769998550415,1.548852562904358
2007-08-21,core,22,expanding,1.8663053512573242,1.4633960723876953
2007-08-22,core,22,expanding,1.1827067136764526,1.6206564903259277
2007-08-23,core,22,expanding,0.9998923540115356,1.0798594951629639
2007-08-24,core,22,expanding,1.2254853248596191,1.0607973337173462
2007-08-27,core,22,expanding,0.9014213681221008,1.1099337339401245
2007-08-28,core,22,expanding,1.2708368301391602,1.0101860761642456
2007-08-29,core,22,expanding,1.4099317789077759,1.7266621589660645
2007-08-30,core,22,expanding,1.1340998411178589,1.4672397375106812
2007-08-31,core,22,expanding,1.1562414169311523,1.0769997835159302
2007-09-03,core,22,expanding,1.1932604312896729,1.0508123636245728
2007-09-04,core,22,expanding,1.019279956817627,1.3091987371444702
2007-09-05,core,22,expanding,1.217038631439209,1.2393096685409546
2007-09-06,core,22,expanding,1.2430455684661865,1.4082679748535156
2007-09-07,core,22,expanding,1.1114898920059204,1.2309749126434326
2007-09-10,core,22,expanding,1.3573148250579834,1.2474275827407837
2007-09-11,core,22,expanding,1.0158843994140625,1.259690761566162
2007-09-12,core,22,expanding,1.1811479330062866,1.3405417203903198
2007-09-13,core,22,expanding,1.742005467414856,1.371019721031189
2007-09-14,core,22,expanding,0.9370408654212952,1.1253665685653687
2007-09-17,core,22,expanding,1.0048080682754517,1.04761803150177
2007-09-18,core,22,expanding,1.0260616540908813,1.213220238685608
2007-09-19,core,22,expanding,0.8076435923576355,0.8183625936508179
2007-09-20,core,22,expanding,1.1965715885162354,0.9865013360977173
2007-09-21,core,22,expanding,0.8722110986709595,0.9134213328361511
2007-09-27,core,22,expanding,0.7664867043495178,0.8283783793449402
2007-09-28,core,22,expanding,0.808079183101654,0.7544219493865967
2007-10-01,core,22,expanding,0.5502932667732239,0.7645768523216248
2007-10-02,core,22,expanding,0.7320536375045776,0.6902499198913574
2007-10-04,core,22,expanding,0.8805931806564331,0.8326701521873474
2007-10-05,core,22,expanding,0.9541462659835815,0.8189249634742737
2007-10-08,core,22,expanding,0.7031263709068298,0.6782262325286865
2007-10-09,core,22,expanding,0.8863164186477661,0.7955224514007568
2007-10-10,core,22,expanding,0.7195517420768738,0.6475675702095032
2007-10-11,core,22,expanding,0.9430567026138306,0.751825749874115
2007-10-12,core,22,expanding,1.0431363582611084,1.0623016357421875
2007-10-15,core,22,expanding,1.096573829650879,1.0511629581451416
2007-10-16,core,22,expanding,1.2687053680419922,1.0764241218566895
2007-10-17,core,22,expanding,2.1905269622802734,1.6679465770721436
2007-10-18,core,22,expanding,1.4579850435256958,1.327894926071167
2007-10-19,core,22,expanding,1.4555875062942505,1.348913311958313
2007-10-22,core,22,expanding,1.6968491077423096,1.3339864015579224
2007-10-23,core,22,expanding,1.138418197631836,1.4330285787582397
2007-10-24,core,22,expanding,2.070314407348633,2.0073013305664062
2007-10-25,core,22,expanding,1.6585241556167603,1.5075733661651611
2007-10-26,core,22,expanding,1.4482918977737427,1.4391565322875977
2007-10-29,core,22,expanding,1.0666195154190063,1.2072378396987915
2007-10-30,core,22,expanding,1.241520643234253,1.288956880569458
2007-10-31,core,22,expanding,1.0872763395309448,1.1202569007873535
2007-11-01,core,22,expanding,1.2955594062805176,1.30534827709198
2007-11-02,core,22,expanding,1.2118693590164185,1.1471515893936157
2007-11-05,core,22,expanding,1.332794427871704,1.2586777210235596
2007-11-06,core,22,expanding,0.821598470211029,1.026764988899231
2007-11-07,core,22,expanding,1.1780223846435547,1.2628949880599976
2007-11-08,core,22,expanding,1.5529813766479492,1.3632243871688843
2007-11-09,core,22,expanding,1.9720455408096313,1.562720775604248
2007-11-12,core,22,expanding,1.6545649766921997,1.6204955577850342
2007-11-13,core,22,expanding,1.845192790031433,1.798039436340332
2007-11-14,core,22,expanding,1.0495718717575073,1.226501226425171
2007-11-15,core,22,expanding,1.4030455350875854,1.621188998222351
2007-11-16,core,22,expanding,1.3189059495925903,1.4837254285812378
2007-11-19,core,22,expanding,1.3881840705871582,1.449820876121521
2007-11-20,core,22,expanding,1.5132522583007812,1.7000921964645386
2007-11-21,core,22,expanding,1.9621775150299072,1.7990819215774536
2007-11-22,core,22,expanding,2.1563525199890137,1.9868308305740356
2007-11-23,core,22,expanding,2.3852264881134033,2.2906830310821533
2007-11-26,core,22,expanding,1.2843763828277588,1.9051622152328491
2007-11-27,core,22,expanding,2.5158398151397705,2.2662696838378906
2007-11-28,core,22,expanding,1.9726660251617432,2.034205675125122
2007-11-29,core,22,expanding,1.0736676454544067,1.3501365184783936
2007-11-30,core,22,expanding,1.0982944965362549,1.2454867362976074
2007-12-03,core,22,expanding,1.1432710886001587,1.1511937379837036
2007-12-04,core,22,expanding,1.0152544975280762,1.1741143465042114
2007-12-05,core,22,expanding,0.9466009736061096,1.1992807388305664
2007-12-06,core,22,expanding,0.9068366289138794,1.0027518272399902
2007-12-07,core,22,expanding,1.030373454093933,1.141823649406433
2007-12-10,core,22,expanding,1.1731563806533813,1.093827486038208
2007-12-11,core,22,expanding,1.110398530960083,0.9650039076805115
2007-12-12,core,22,expanding,1.05128014087677,1.1638106107711792
2007-12-13,core,22,expanding,1.5374364852905273,1.3307522535324097
2007-12-14,core,22,expanding,1.192555546760559,1.3794406652450562
2007-12-17,core,22,expanding,1.236178994178772,1.3352817296981812
2007-12-18,core,22,expanding,1.437838077545166,1.7469881772994995
2007-12-20,core,22,expanding,1.6452428102493286,1.5829600095748901
2007-12-21,core,22,expanding,1.4536051750183105,1.511366605758667
2007-12-24,core,22,expanding,0.9410585761070251,1.0956050157546997
2007-12-26,core,22,expanding,1.0318444967269897,1.2180043458938599
2007-12-27,core,22,expanding,0.8602379560470581,1.11207115650177
2007-12-28,core,22,expanding,0.8766568303108215,0.9805619120597839
2008-01-02,core,22,expanding,1.0612322092056274,1.0931473970413208
2008-01-03,core,22,expanding,1.3347920179367065,1.2269257307052612
2008-01-04,core,22,expanding,1.2517950534820557,1.2103132009506226
2008-01-07,core,22,expanding,0.9978981018066406,1.071146011352539
2008-01-08,core,22,expanding,1.0890847444534302,1.020464539527893
2008-01-09,core,22,expanding,1.0940617322921753,1.1801750659942627
2008-01-10,core,22,expanding,1.2355698347091675,1.2237906455993652
2008-01-11,core,22,expanding,1.3557851314544678,1.593222975730896
2008-01-14,core,22,expanding,1.636088490486145,1.451588749885559
2008-01-15,core,22,expanding,1.697345495223999,1.6958755254745483
2008-01-16,core,22,expanding,1.5533339977264404,1.336517572402954
2008-01-17,core,22,expanding,1.6301970481872559,1.5340675115585327
2008-01-18,core,22,expanding,1.5269088745117188,1.6949779987335205
2008-01-21,core,22,expanding,1.6154309511184692,1.5136641263961792
2008-01-22,core,22,expanding,2.356736660003662,1.5479423999786377
2008-01-23,core,22,expanding,2.0468649864196777,1.879546880722046
2008-01-24,core,22,expanding,1.3832076787948608,1.3944292068481445
2008-01-25,core,22,expanding,1.0376173257827759,1.116345763206482
2008-01-28,core,22,expanding,1.1668031215667725,1.390049934387207
2008-01-29,core,22,expanding,1.5260188579559326,1.6916979551315308
2008-01-30,core,22,expanding,2.0415008068084717,1.8517552614212036
2008-01-31,core,22,expanding,2.0318050384521484,2.1446890830993652
2008-02-01,core,22,expanding,1.2811161279678345,1.264847993850708
2008-02-04,core,22,expanding,1.0596933364868164,1.4076274633407593
2008-02-05,core,22,expanding,1.0423059463500977,1.2379223108291626
2008-02-11,core,22,expanding,1.0512664318084717,1.1994879245758057
2008-02-12,core,22,expanding,0.9423643350601196,1.0363277196884155
2008-02-13,core,22,expanding,1.0275908708572388,1.1252845525741577
2008-02-14,core,22,expanding,0.7526246905326843,1.0279370546340942
2008-02-15,core,22,expanding,0.9694392681121826,1.0961637496948242
2008-02-18,core,22,expanding,1.3434830904006958,1.0749975442886353
2008-02-19,core,22,expanding,0.7139189839363098,0.8283044099807739
2008-02-20,core,22,expanding,1.0903366804122925,1.0099419355392456
2008-02-21,core,22,expanding,0.9923619627952576,0.9336468577384949
2008-02-22,core,22,expanding,0.9166790246963501,1.0463709831237793
2008-02-25,core,22,expanding,0.6816783547401428,0.7590855956077576
2008-02-26,core,22,expanding,0.7038081884384155,0.8215765357017517
2008-02-27,core,22,expanding,0.8071035146713257,0.7492501139640808
2008-02-28,core,22,expanding,0.9450669884681702,0.9403955340385437
2008-02-29,core,22,expanding,0.7695022225379944,0.919125497341156
2008-03-03,core,22,expanding,0.8726146817207336,0.8490106463432312
2008-03-04,core,22,expanding,0.9818688631057739,0.8276503086090088
2008-03-05,core,22,expanding,0.6185771226882935,0.9025688767433167
2008-03-06,core,22,expanding,0.7150281667709351,0.8550503849983215
2008-03-07,core,22,expanding,1.51055109500885,0.9943227767944336
2008-03-10,core,22,expanding,0.9095691442489624,1.1229947805404663
2008-03-11,core,22,expanding,1.1042689085006714,1.1440132856369019
2008-03-12,core,22,expanding,0.7170588374137878,1.0725034475326538
2008-03-13,core,22,expanding,1.3794586658477783,1.225575566291809
2008-03-14,core,22,expanding,1.6007447242736816,1.8478353023529053
2008-03-17,core,22,expanding,2.024076223373413,1.5562165975570679
2008-03-18,core,22,expanding,1.3853577375411987,1.3515896797180176
2008-03-19,core,22,expanding,0.8115984201431274,0.9628536105155945
2008-03-20,core,22,expanding,1.1329504251480103,1.3620734214782715
2008-03-21,core,22,expanding,0.6696522235870361,0.9176867604255676
2008-03-24,core,22,expanding,0.7853973507881165,0.9302350878715515
2008-03-25,core,22,expanding,0.5343122482299805,0.777260422706604
2008-03-26,core,22,expanding,0.699564516544342,0.7556077241897583
2008-03-27,core,22,expanding,0.7456304430961609,0.8406552672386169
2008-03-28,core,22,expanding,0.8535481095314026,0.9086344838142395
2008-03-31,core,22,expanding,0.9022796750068665,0.8852949142456055
2008-04-01,core,22,expanding,1.1180917024612427,0.8710599541664124
2008-04-02,core,22,expanding,0.47044745087623596,0.6918801665306091
2008-04-03,core,22,expanding,0.8979986906051636,0.7936033010482788
2008-04-04,core,22,expanding,0.8288102149963379,0.7200754880905151
2008-04-07,core,22,expanding,0.6982691884040833,0.8283982276916504
2008-04-08,core,22,expanding,0.9023342132568359,0.8304799199104309
2008-04-10,core,22,expanding,1.1930537223815918,0.8735528588294983
2008-04-11,core,22,expanding,1.034117579460144,0.8045662045478821
2008-04-14,core,22,expanding,0.7467988133430481,0.8954871296882629
2008-04-15,core,22,expanding,1.045399785041809,0.8120038509368896
2008-04-16,core,22,expanding,0.6428277492523193,0.7891546487808228
2008-04-17,core,22,expanding,0.5591644048690796,0.757847785949707
2008-04-18,core,22,expanding,0.664715051651001,0.7231675386428833
2008-04-21,core,22,expanding,0.4543456435203552,0.5724465847015381
2008-04-22,core,22,expanding,0.5677562952041626,0.6631121635437012
2008-04-23,core,22,expanding,0.651740312576294,0.6396953463554382
2008-04-24,core,22,expanding,0.726148784160614,0.6797815561294556
2008-04-25,core,22,expanding,0.6167663335800171,0.6044341325759888
2008-04-28,core,22,expanding,0.76384437084198,0.6173994541168213
2008-04-29,core,22,expanding,0.755025327205658,0.760877788066864
2008-04-30,core,22,expanding,0.7941716909408569,0.6784742474555969
2008-05-02,core,22,expanding,0.5573992133140564,0.5729755759239197
2008-05-06,core,22,expanding,0.5959033370018005,0.5441200137138367
2008-05-07,core,22,expanding,0.7913363575935364,0.7455667853355408
2008-05-08,core,22,expanding,0.9855512380599976,0.7859136462211609
2008-05-09,core,22,expanding,0.9773081541061401,0.9980745911598206
2008-05-13,core,22,expanding,0.8500095009803772,0.7798105478286743
2008-05-14,core,22,expanding,0.8006348013877869,0.7213978171348572
2008-05-15,core,22,expanding,0.7532399296760559,0.8224133849143982
2008-05-16,core,22,expanding,0.8362481594085693,0.7851465344429016
2008-05-19,core,22,expanding,0.8252606987953186,0.8567622900009155
2008-05-20,core,22,expanding,0.9447919726371765,0.9153717160224915
2008-05-21,core,22,expanding,0.7023309469223022,0.7889538407325745
2008-05-22,core,22,expanding,0.9038281440734863,0.8917091488838196
2008-05-23,core,22,expanding,0.8955884575843811,0.7865093350410461
2008-05-26,core,22,expanding,0.8993675708770752,0.8794782757759094
2008-05-27,core,22,expanding,0.7033643126487732,0.6848470568656921
2008-05-28,core,22,expanding,0.9764388799667358,0.9294654726982117
2008-05-29,core,22,expanding,0.7554192543029785,0.7704187035560608
2008-05-30,core,22,expanding,0.755367636680603,0.7340127825737
2008-06-02,core,22,expanding,1.012036681175232,0.8314997553825378
2008-06-03,core,22,expanding,0.7928316593170166,0.8475548624992371
2008-06-04,core,22,expanding,0.8553159832954407,0.8092156648635864
2008-06-05,core,22,expanding,0.8571470975875854,0.7386379837989807
2008-06-09,core,22,expanding,0.5882102251052856,0.8798617720603943
2008-06-10,core,22,expanding,1.063314437866211,0.9832852482795715
2008-06-11,core,22,expanding,1.2709351778030396,0.9662106037139893
2008-06-12,core,22,expanding,0.8263117074966431,0.9810535907745361
2008-06-13,core,22,expanding,1.348983645439148,1.1399108171463013
2008-06-16,core,22,expanding,0.9026332497596741,0.736922562122345
2008-06-17,core,22,expanding,1.0884449481964111,1.0478934049606323
2008-06-18,core,22,expanding,0.8889089822769165,0.963687539100647
2008-06-19,core,22,expanding,0.746762216091156,1.0726820230484009
2008-06-20,core,22,expanding,1.1097676753997803,1.1711019277572632
2008-06-23,core,22,expanding,0.7963464856147766,0.962077260017395
2008-06-24,core,22,expanding,0.8756585717201233,0.8503878712654114
2008-06-25,core,22,expanding,0.8892988562583923,0.8528789281845093
2008-06-26,core,22,expanding,0.7492433786392212,0.8623965382575989
2008-06-27,core,22,expanding,0.8133383393287659,0.8186564445495605
2008-06-30,core,22,expanding,0.8284218311309814,0.8551038503646851
2008-07-01,core,22,expanding,0.9112345576286316,0.9257917404174805
2008-07-02,core,22,expanding,1.48002028465271,1.3694324493408203
2008-07-03,core,22,expanding,1.3363113403320312,1.4326764345169067
2008-07-04,core,22,expanding,1.2512078285217285,1.2901179790496826
2008-07-07,core,22,expanding,1.1285374164581299,1.1792895793914795
2008-07-08,core,22,expanding,1.5028406381607056,1.5498058795928955
2008-07-09,core,22,expanding,1.5171376466751099,1.7235395908355713
2008-07-10,core,22,expanding,1.7798517942428589,1.5887506008148193
2008-07-11,core,22,expanding,1.682915449142456,1.6050082445144653
2008-07-14,core,22,expanding,1.36408269405365,1.228822112083435
2008-07-15,core,22,expanding,1.44770085811615,1.4030994176864624
2008-07-16,core,22,expanding,1.683732509613037,1.651292324066162
2008-07-17,core,22,expanding,0.9919468760490417,1.2443866729736328
2008-07-18,core,22,expanding,1.1980042457580566,1.39793062210083
2008-07-21,core,22,expanding,1.1891367435455322,1.2119884490966797
2008-07-22,core,22,expanding,1.0869990587234497,1.210397481918335
2008-07-23,core,22,expanding,0.8138403296470642,0.9858917593955994
2008-07-24,core,22,expanding,0.8643358945846558,1.0265274047851562
2008-07-25,core,22,expanding,1.032257080078125,1.0343725681304932
2008-07-28,core,22,expanding,0.9946733713150024,0.9954414367675781
2008-07-29,core,22,expanding,0.8866472840309143,1.0812195539474487
2008-07-30,core,22,expanding,0.949339747428894,0.9622109532356262
2008-07-31,core,22,expanding,1.0539661645889282,1.0335081815719604
2008-08-01,core,22,expanding,0.9552934765815735,1.1282615661621094
2008-08-04,core,22,expanding,1.285617470741272,1.154853343963623
2008-08-05,core,22,expanding,1.1887999773025513,1.1456398963928223
2008-08-06,core,22,expanding,0.5858206748962402,0.9285130500793457
2008-08-07,core,22,expanding,1.2624953985214233,1.2060004472732544
2008-08-08,core,22,expanding,1.0283619165420532,1.1545902490615845
2008-08-11,core,22,expanding,0.7601138353347778,0.8789536952972412
2008-08-12,core,22,expanding,1.1456537246704102,0.968471884727478
2008-08-13,core,22,expanding,1.0993320941925049,1.086669683456421
2008-08-14,core,22,expanding,0.8355039358139038,1.0814597606658936
2008-08-18,core,22,expanding,0.9135329127311707,0.9630863070487976
2008-08-19,core,22,expanding,0.9356940388679504,1.0301299095153809
2008-08-20,core,22,expanding,1.130637764930725,1.0563559532165527
2008-08-21,core,22,expanding,0.8996863961219788,1.123060703277588
2008-08-22,core,22,expanding,1.1111183166503906,1.228877305984497
2008-08-25,core,22,expanding,1.027492642402649,0.8954944014549255
2008-08-26,core,22,expanding,1.0266616344451904,1.1077996492385864
2008-08-27,core,22,expanding,1.2827327251434326,1.1481983661651611
2008-08-28,core,22,expanding,1.147202968597412,1.2801942825317383
2008-08-29,core,22,expanding,1.1708245277404785,1.1652846336364746
2008-09-01,core,22,expanding,1.389266014099121,1.312673807144165
2008-09-02,core,22,expanding,1.7279349565505981,1.6854207515716553
2008-09-03,core,22,expanding,1.6843599081039429,1.4308722019195557
2008-09-04,core,22,expanding,1.492856740951538,1.3210082054138184
2008-09-05,core,22,expanding,0.9939812421798706,1.171148657798767
2008-09-08,core,22,expanding,1.0625709295272827,1.3324453830718994
2008-09-09,core,22,expanding,1.0871598720550537,1.2847232818603516
2008-09-10,core,22,expanding,1.2300684452056885,1.3355119228363037
2008-09-11,core,22,expanding,1.5666940212249756,1.2421644926071167
2008-09-12,core,22,expanding,1.1266182661056519,0.9279804825782776
2008-09-16,core,22,expanding,1.8428541421890259,1.4535486698150635
2008-09-17,core,22,expanding,1.2696144580841064,1.4894272089004517
2008-09-18,core,22,expanding,1.8457545042037964,1.5172384977340698
2008-09-19,core,22,expanding,1.1422226428985596,1.0229722261428833
2008-09-22,core,22,expanding,1.5307953357696533,1.1735665798187256
2008-09-23,core,22,expanding,1.155596137046814,1.403154969215393
2008-09-24,core,22,expanding,1.4955123662948608,1.238328218460083
2008-09-25,core,22,expanding,1.4978162050247192,1.399431824684143
2008-09-26,core,22,expanding,1.2229030132293701,1.2654919624328613
2008-09-29,core,22,expanding,1.3921234607696533,1.4569127559661865
2008-09-30,core,22,expanding,1.6711236238479614,2.564905881881714
2008-10-01,core,22,expanding,1.7675389051437378,1.5182738304138184
2008-10-02,core,22,expanding,1.6100245714187622,1.9083119630813599
2008-10-06,core,22,expanding,1.5780242681503296,1.5436855554580688
2008-10-07,core,22,expanding,1.932241439819336,2.1130549907684326
2008-10-08,core,22,expanding,1.9627397060394287,1.9752219915390015
2008-10-09,core,22,expanding,2.611713409423828,2.851078748703003
2008-10-10,core,22,expanding,4.016681671142578,2.6017892360687256
2008-10-13,core,22,expanding,2.6425256729125977,2.140547275543213
2008-10-14,core,22,expanding,1.6828978061676025,1.5231744050979614
2008-10-15,core,22,expanding,1.7299060821533203,1.8267139196395874
2008-10-16,core,22,expanding,2.414174795150757,2.741727352142334
2008-10-17,core,22,expanding,3.7640860080718994,3.633820056915283
2008-10-20,core,22,expanding,3.3035545349121094,3.1038405895233154
2008-10-21,core,22,expanding,2.7861673831939697,2.396667957305908
2008-10-22,core,22,expanding,3.5716190338134766,3.921276092529297
2008-10-23,core,22,expanding,4.99489688873291,2.889111280441284
2008-10-24,core,22,expanding,5.038016319274902,6.6293230056762695
2008-10-27,core,22,expanding,6.134731292724609,6.436546325683594
2008-10-28,core,22,expanding,4.9312334060668945,8.247995376586914
2008-10-29,core,22,expanding,7.709535121917725,15.084076881408691
2008-10-30,core,22,expanding,4.438540458679199,7.595345973968506
2008-10-31,core,22,expanding,6.013627052307129,6.956779479980469
2008-11-03,core,22,expanding,3.66127347946167,4.812734603881836
2008-11-04,core,22,expanding,3.22156023979187,4.290151596069336
2008-11-05,core,22,expanding,3.196448564529419,4.34931755065918
2008-11-06,core,22,expanding,3.0373477935791016,3.3530213832855225
2008-11-07,core,22,expanding,4.652531147003174,6.1363677978515625
2008-11-10,core,22,expanding,4.299422264099121,4.103480339050293
2008-11-11,core,22,expanding,2.9501523971557617,3.467608690261841
2008-11-12,core,22,expanding,3.0097570419311523,3.4252943992614746
2008-11-13,core,22,expanding,2.9958269596099854,2.728538751602173
2008-11-14,core,22,expanding,2.9274189472198486,2.9528019428253174
2008-11-17,core,22,expanding,3.3154830932617188,2.96988582611084
2008-11-18,core,22,expanding,3.1176517009735107,2.1772077083587646
2008-11-19,core,22,expanding,2.9421956539154053,2.789555549621582
2008-11-20,core,22,expanding,2.718191146850586,2.225191593170166
2008-11-21,core,22,expanding,3.802747964859009,6.960391044616699
2008-11-24,core,22,expanding,3.976086378097534,3.659536838531494
2008-11-25,core,22,expanding,3.7629263401031494,3.924224376678467
2008-11-26,core,22,expanding,2.5999577045440674,3.184206485748291
2008-11-27,core,22,expanding,2.5752861499786377,2.389963150024414
2008-11-28,core,22,expanding,2.4370975494384766,1.739131212234497
2008-12-01,core,22,expanding,2.1184117794036865,1.75900137424469
2008-12-02,core,22,expanding,2.2298238277435303,2.031277894973755
2008-12-03,core,22,expanding,2.036716938018799,2.0456509590148926
2008-12-04,core,22,expanding,2.0408802032470703,2.4400882720947266
2008-12-05,core,22,expanding,2.1053695678710938,1.6483510732650757
2008-12-08,core,22,expanding,2.0291647911071777,3.264516830444336
2008-12-09,core,22,expanding,2.6725399494171143,2.333256959915161
2008-12-10,core,22,expanding,2.11342453956604,2.356438398361206
2008-12-11,core,22,expanding,2.2942323684692383,2.060938835144043
2008-12-12,core,22,expanding,2.9049158096313477,2.433694362640381
2008-12-15,core,22,expanding,1.7442644834518433,1.999402642250061
2008-12-16,core,22,expanding,1.9697535037994385,1.7764514684677124
2008-12-17,core,22,expanding,2.267918348312378,2.576841115951538
2008-12-18,core,22,expanding,1.8898248672485352,2.1227643489837646
2008-12-19,core,22,expanding,1.8211729526519775,1.588122844696045
2008-12-22,core,22,expanding,1.8542088270187378,1.7879760265350342
2008-12-23,core,22,expanding,1.7823359966278076,1.7376817464828491
2008-12-24,core,22,expanding,2.1892316341400146,1.874665379524231
2008-12-26,core,22,expanding,1.999356746673584,1.7909623384475708
2008-12-29,core,22,expanding,1.8800206184387207,1.9277194738388062
2008-12-30,core,22,expanding,1.9624799489974976,1.5854753255844116
2009-01-02,core,22,expanding,2.0226919651031494,1.7302764654159546
2009-01-05,core,22,expanding,1.7057502269744873,1.3619874715805054
2009-01-06,core,22,expanding,1.4364230632781982,1.4004919528961182
2009-01-07,core,22,expanding,1.4117517471313477,1.5427930355072021
2009-01-08,core,22,expanding,1.4797892570495605,1.4729384183883667
2009-01-09,core,22,expanding,2.285191774368286,1.7809151411056519
2009-01-12,core,22,expanding,1.8063009977340698,1.6463133096694946
2009-01-13,core,22,expanding,1.6150223016738892,1.7411515712738037
2009-01-14,core,22,expanding,1.5001497268676758,1.6939890384674072
2009-01-15,core,22,expanding,1.5293182134628296,2.0827815532684326
2009-01-16,core,22,expanding,1.5516858100891113,1.4548627138137817
2009-01-19,core,22,expanding,1.682395577430725,1.33555269241333
2009-01-20,core,22,expanding,1.5145608186721802,1.3888291120529175
2009-01-21,core,22,expanding,1.3976837396621704,1.5407633781433105
2009-01-22,core,22,expanding,1.356623649597168,1.3100171089172363
2009-01-23,core,22,expanding,1.2475180625915527,1.2827094793319702
2009-01-28,core,22,expanding,1.1314868927001953,1.437744140625
2009-01-29,core,22,expanding,1.303892731666565,1.2227342128753662
2009-01-30,core,22,expanding,1.2532795667648315,1.2065861225128174
2009-02-02,core,22,expanding,1.5204495191574097,1.5246212482452393
2009-02-03,core,22,expanding,1.7948081493377686,1.5938613414764404
2009-02-04,core,22,expanding,1.1679505109786987,1.3017350435256958
2009-02-05,core,22,expanding,1.3390116691589355,1.452627420425415
2009-02-06,core,22,expanding,1.462713599205017,1.1581411361694336
2009-02-09,core,22,expanding,1.3283445835113525,1.4380078315734863
2009-02-10,core,22,expanding,1.6525019407272339,1.5770174264907837
2009-02-11,core,22,expanding,1.1333554983139038,1.6176679134368896
2009-02-12,core,22,expanding,1.5471514463424683,1.4467943906784058
2009-02-13,core,22,expanding,1.6792893409729004,1.3651282787322998
2009-02-16,core,22,expanding,1.3316264152526855,1.4250131845474243
2009-02-17,core,22,expanding,1.7122797966003418,1.7167896032333374
2009-02-18,core,22,expanding,2.1118955612182617,1.7188572883605957
2009-02-19,core,22,expanding,1.9229050874710083,1.7094368934631348
2009-02-20,core,22,expanding,2.2041473388671875,2.0271553993225098
2009-02-23,core,22,expanding,2.0287821292877197,2.18747615814209
2009-02-24,core,22,expanding,1.8271141052246094,1.594738483428955
2009-02-25,core,22,expanding,1.5681121349334717,1.913102388381958
2009-02-26,core,22,expanding,2.50559401512146,3.1763768196105957
2009-02-27,core,22,expanding,1.6536344289779663,1.9441249370574951
2009-03-02,core,22,expanding,1.8615176677703857,1.5630559921264648
2009-03-03,core,22,expanding,2.399925708770752,2.1632843017578125
2009-03-04,core,22,expanding,2.1506052017211914,2.432267665863037
2009-03-05,core,22,expanding,2.0809552669525146,2.000779867172241
2009-03-06,core,22,expanding,1.7582151889801025,1.52378249168396
2009-03-09,core,22,expanding,1.7188359498977661,1.3744325637817383
2009-03-10,core,22,expanding,1.6518765687942505,1.827056646347046
2009-03-11,core,22,expanding,1.1009459495544434,1.074004888534546
2009-03-12,core,22,expanding,1.4630047082901,1.5531738996505737
2009-03-13,core,22,expanding,1.6035854816436768,1.348850965499878
2009-03-16,core,22,expanding,1.5891352891921997,1.346303105354309
2009-03-17,core,22,expanding,1.3110144138336182,1.350214958190918
2009-03-18,core,22,expanding,1.4432815313339233,1.347008466720581
2009-03-19,core,22,expanding,1.3960909843444824,1.5026837587356567
2009-03-20,core,22,expanding,1.3092468976974487,1.1058727502822876
2009-03-23,core,22,expanding,0.8993242979049683,1.1213988065719604
2009-03-24,core,22,expanding,1.0440336465835571,1.0751696825027466
2009-03-25,core,22,expanding,1.2199814319610596,1.0672448873519897
2009-03-26,core,22,expanding,1.2991985082626343,1.3233246803283691
2009-03-27,core,22,expanding,1.2714563608169556,1.2741278409957886
2009-03-30,core,22,expanding,1.3824703693389893,1.6195549964904785
2009-03-31,core,22,expanding,1.5211267471313477,1.463624119758606
2009-04-01,core,22,expanding,1.7022407054901123,1.5117887258529663
2009-04-02,core,22,expanding,1.1602210998535156,1.418416142463684
2009-04-03,core,22,expanding,1.4673212766647339,1.1720783710479736
2009-04-06,core,22,expanding,1.3774768114089966,1.226321816444397
2009-04-07,core,22,expanding,1.285055160522461,1.2433797121047974
2009-04-08,core,22,expanding,1.0922125577926636,1.3134921789169312
2009-04-09,core,22,expanding,1.2033240795135498,1.5735307931900024
2009-04-10,core,22,expanding,1.9422812461853027,1.5077048540115356
2009-04-13,core,22,expanding,1.7382475137710571,1.3564163446426392
2009-04-14,core,22,expanding,1.8123645782470703,1.3929213285446167
2009-04-15,core,22,expanding,1.603392481803894,1.6315162181854248
2009-04-16,core,22,expanding,1.6804604530334473,1.6628544330596924
2009-04-17,core,22,expanding,1.8010653257369995,1.8596206903457642
2009-04-20,core,22,expanding,1.5988209247589111,1.4152681827545166
2009-04-21,core,22,expanding,1.4490888118743896,1.5887739658355713
2009-04-22,core,22,expanding,1.3735660314559937,1.2544463872909546
2009-04-23,core,22,expanding,1.2601600885391235,1.2115843296051025
2009-04-24,core,22,expanding,1.434009075164795,1.3566216230392456
2009-04-27,core,22,expanding,1.490587830543518,1.4108818769454956
2009-04-28,core,22,expanding,1.8049900531768799,1.7554272413253784
2009-04-29,core,22,expanding,1.3402842283248901,1.6590733528137207
2009-04-30,core,22,expanding,1.4210255146026611,1.4170809984207153
2009-05-04,core,22,expanding,0.928738534450531,1.1114561557769775
2009-05-06,core,22,expanding,1.3117257356643677,1.277015209197998
2009-05-07,core,22,expanding,1.1507859230041504,1.279261827468872
2009-05-08,core,22,expanding,1.1152061223983765,1.0296419858932495
2009-05-11,core,22,expanding,1.1903024911880493,0.9311331510543823
2009-05-12,core,22,expanding,1.0273106098175049,1.0113242864608765
2009-05-13,core,22,expanding,0.8636084198951721,0.8103920817375183
2009-05-14,core,22,expanding,1.0069555044174194,0.992633044719696
2009-05-15,core,22,expanding,0.8070036768913269,0.8852823376655579
2009-05-18,core,22,expanding,0.9164167642593384,0.9554383754730225
2009-05-19,core,22,expanding,0.7585825324058533,0.6588857769966125
2009-05-20,core,22,expanding,0.7307866811752319,0.7064099311828613
2009-05-21,core,22,expanding,0.941281795501709,0.9024792313575745
2009-05-22,core,22,expanding,1.1849349737167358,1.038828730583191
2009-05-25,core,22,expanding,4.677891731262207,3.9567766189575195
2009-05-26,core,22,expanding,1.763990879058838,2.25123929977417
2009-05-27,core,22,expanding,1.7943904399871826,1.838862657546997
2009-05-28,core,22,expanding,1.9288713932037354,1.760162353515625
2009-05-29,core,22,expanding,1.5330755710601807,1.6297253370285034
2009-06-01,core,22,expanding,1.2002967596054077,1.3792327642440796
2009-06-02,core,22,expanding,1.2983886003494263,1.4139583110809326
2009-06-03,core,22,expanding,1.2660316228866577,1.1690311431884766
2009-06-04,core,22,expanding,1.28879714012146,1.5647629499435425
2009-06-05,core,22,expanding,1.307443380355835,1.1892324686050415
2009-06-08,core,22,expanding,1.15872061252594,1.185250997543335
2009-06-09,core,22,expanding,1.3394527435302734,1.3911975622177124
2009-06-10,core,22,expanding,1.135321855545044,1.352892279624939
2009-06-11,core,22,expanding,1.5764868259429932,1.3726766109466553
2009-06-12,core,22,expanding,0.9101919531822205,1.1102834939956665
2009-06-15,core,22,expanding,1.1243280172348022,1.0908139944076538
2009-06-16,core,22,expanding,1.0960274934768677,1.0599868297576904
2009-06-17,core,22,expanding,0.8887717127799988,0.9746049642562866
2009-06-18,core,22,expanding,1.0513397455215454,1.1328541040420532
2009-06-19,core,22,expanding,0.9420949816703796,0.9707130193710327
2009-06-22,core,22,expanding,0.9040094017982483,0.8768987655639648
2009-06-23,core,22,expanding,0.9320225119590759,0.9962248802185059
2009-06-24,core,22,expanding,1.0125497579574585,0.988628625869751
2009-06-25,core,22,expanding,1.0435999631881714,1.1893093585968018
2009-06-26,core,22,expanding,0.9063265323638916,0.989526093006134
2009-06-29,core,22,expanding,0.8577601313591003,0.9240716695785522
2009-06-30,core,22,expanding,1.0068490505218506,0.9997079372406006
2007-08-01,momentum,22,expanding,2.057770013809204,2.1162664890289307
2007-08-02,momentum,22,expanding,2.670151710510254,2.704011917114258
2007-08-03,momentum,22,expanding,1.3639839887619019,1.441815733909607
2007-08-06,momentum,22,expanding,1.2901113033294678,1.460303544998169
2007-08-07,momentum,22,expanding,1.1834062337875366,1.4991768598556519
2007-08-08,momentum,22,expanding,0.9152647256851196,1.219995379447937
2007-08-09,momentum,22,expanding,1.2809560298919678,1.2941322326660156
2007-08-10,momentum,22,expanding,1.256259799003601,1.335495948791504
2007-08-13,momentum,22,expanding,1.310453176498413,1.2293407917022705
2007-08-14,momentum,22,expanding,1.415305495262146,1.764930248260498
2007-08-16,momentum,22,expanding,2.2370049953460693,2.338137626647949
2007-08-17,momentum,22,expanding,2.4822638034820557,2.7730774879455566
2007-08-20,momentum,22,expanding,1.2873769998550415,1.8322516679763794
2007-08-21,momentum,22,expanding,1.8663053512573242,1.9816571474075317
2007-08-22,momentum,22,expanding,1.1827067136764526,1.6784433126449585
2007-08-23,momentum,22,expanding,0.9998923540115356,1.4292919635772705
2007-08-24,momentum,22,expanding,1.2254853248596191,1.4188107252120972
2007-08-27,momentum,22,expanding,0.9014213681221008,1.2263994216918945
2007-08-28,momentum,22,expanding,1.2708368301391602,1.2487778663635254
2007-08-29,momentum,22,expanding,1.4099317789077759,1.8816527128219604
2007-08-30,momentum,22,expanding,1.1340998411178589,1.2640026807785034
2007-08-31,momentum,22,expanding,1.1562414169311523,1.0593622922897339
2007-09-03,momentum,22,expanding,1.1932604312896729,0.9359521865844727
2007-09-04,momentum,22,expanding,1.019279956817627,1.105350375175476
2007-09-05,momentum,22,expanding,1.217038631439209,1.1996581554412842
2007-09-06,momentum,22,expanding,1.2430455684661865,1.1980396509170532
2007-09-07,momentum,22,expanding,1.1114898920059204,1.071200966835022
2007-09-10,momentum,22,expanding,1.3573148250579834,1.1456207036972046
2007-09-11,momentum,22,expanding,1.0158843994140625,1.068630337715149
2007-09-12,momentum,22,expanding,1.1811479330062866,1.2248872518539429
2007-09-13,momentum,22,expanding,1.742005467414856,1.1884169578552246
2007-09-14,momentum,22,expanding,0.9370408654212952,0.9881918430328369
2007-09-17,momentum,22,expanding,1.0048080682754517,0.8923720121383667
2007-09-18,momentum,22,expanding,1.0260616540908813,1.1241110563278198
2007-09-19,momentum,22,expanding,0.8076435923576355,0.8346290588378906
2007-09-20,momentum,22,expanding,1.1965715885162354,0.9277633428573608
2007-09-21,momentum,22,expanding,0.8722110986709595,0.821108341217041
2007-09-27,momentum,22,expanding,0.7664867043495178,0.8141919374465942
2007-09-28,momentum,22,expanding,0.808079183101654,0.7871936559677124
2007-10-01,momentum,22,expanding,0.5502932667732239,0.7631332874298096
2007-10-02,momentum,22,expanding,0.7320536375045776,0.9037752747535706
2007-10-04,momentum,22,expanding,0.8805931806564331,0.8894753456115723
2007-10-05,momentum,22,expanding,0.9541462659835815,0.8604811429977417
2007-10-08,momentum,22,expanding,0.7031263709068298,0.7773556709289551
2007-10-09,momentum,22,expanding,0.8863164186477661,0.8936474323272705
2007-10-10,momentum,22,expanding,0.7195517420768738,0.7285907864570618
2007-10-11,momentum,22,expanding,0.9430567026138306,0.8614460825920105
2007-10-12,momentum,22,expanding,1.0431363582611084,1.1661001443862915
2007-10-15,momentum,22,expanding,1.096573829650879,0.9409423470497131
2007-10-16,momentum,22,expanding,1.2687053680419922,1.0835561752319336
2007-10-17,momentum,22,expanding,2.1905269622802734,1.5673497915267944
2007-10-18,momentum,22,expanding,1.4579850435256958,1.0327757596969604
2007-10-19,momentum,22,expanding,1.4555875062942505,1.140881896018982
2007-10-22,momentum,22,expanding,1.6968491077423096,1.14584481716156
2007-10-23,momentum,22,expanding,1.138418197631836,1.2685383558273315
2007-10-24,momentum,22,expanding,2.070314407348633,1.8351898193359375
2007-10-25,momentum,22,expanding,1.6585241556167603,1.2120628356933594
2007-10-26,momentum,22,expanding,1.4482918977737427,1.2355300188064575
2007-10-29,momentum,22,expanding,1.0666195154190063,1.1809242963790894
2007-10-30,momentum,22,expanding,1.241520643234253,1.1678389310836792
2007-10-31,momentum,22,expanding,1.0872763395309448,1.016395926475525
2007-11-01,momentum,22,expanding,1.2955594062805176,1.1657465696334839
2007-11-02,momentum,22,expanding,1.2118693590164185,1.0896958112716675
2007-11-05,momentum,22,expanding,1.332794427871704,1.1433417797088623
2007-11-06,momentum,22,expanding,0.821598470211029,0.9787248969078064
2007-11-07,momentum,22,expanding,1.1780223846435547,1.1263903379440308
2007-11-08,momentum,22,expanding,1.5529813766479492,1.2051624059677124
2007-11-09,momentum,22,expanding,1.9720455408096313,1.439934492111206
2007-11-12,momentum,22,expanding,1.6545649766921997,1.291765570640564
2007-11-13,momentum,22,expanding,1.845192790031433,1.5961806774139404
2007-11-14,momentum,22,expanding,1.0495718717575073,1.022101640701294
2007-11-15,momentum,22,expanding,1.4030455350875854,1.4439342021942139
2007-11-16,momentum,22,expanding,1.3189059495925903,1.276878833770752
2007-11-19,momentum,22,expanding,1.3881840705871582,1.1973848342895508
2007-11-20,momentum,22,expanding,1.5132522583007812,1.5518827438354492
2007-11-21,momentum,22,expanding,1.9621775150299072,1.6619091033935547
2007-11-22,momentum,22,expanding,2.1563525199890137,1.7264432907104492
2007-11-23,momentum,22,expanding,2.3852264881134033,2.1224725246429443
2007-11-26,momentum,22,expanding,1.2843763828277588,1.6890721321105957
2007-11-27,momentum,22,expanding,2.5158398151397705,2.041135311126709
2007-11-28,momentum,22,expanding,1.9726660251617432,2.036900520324707
2007-11-29,momentum,22,expanding,1.0736676454544067,1.2910847663879395
2007-11-30,momentum,22,expanding,1.0982944965362549,1.2904160022735596
2007-12-03,momentum,22,expanding,1.1432710886001587,1.1954565048217773
2007-12-04,momentum,22,expanding,1.0152544975280762,1.0646679401397705
2007-12-05,momentum,22,expanding,0.9466009736061096,1.2296082973480225
2007-12-06,momentum,22,expanding,0.9068366289138794,1.1301900148391724
2007-12-07,momentum,22,expanding,1.030373454093933,1.2116820812225342
2007-12-10,momentum,22,expanding,1.1731563806533813,1.1533260345458984
2007-12-11,momentum,22,expanding,1.110398530960083,1.0357236862182617
2007-12-12,momentum,22,expanding,1.05128014087677,1.2339541912078857
2007-12-13,momentum,22,expanding,1.5374364852905273,1.3810608386993408
2007-12-14,momentum,22,expanding,1.192555546760559,1.4352567195892334
2007-12-17,momentum,22,expanding,1.236178994178772,1.382016897201538
2007-12-18,momentum,22,expanding,1.437838077545166,1.6138901710510254
2007-12-20,momentum,22,expanding,1.6452428102493286,1.5543618202209473
2007-12-21,momentum,22,expanding,1.4536051750183105,1.4620442390441895
2007-12-24,momentum,22,expanding,0.9410585761070251,1.0690085887908936
2007-12-26,momentum,22,expanding,1.0318444967269897,1.1114506721496582
2007-12-27,momentum,22,expanding,0.8602379560470581,1.0151169300079346
2007-12-28,momentum,22,expanding,0.8766568303108215,0.9512720108032227
2008-01-02,momentum,22,expanding,1.0612322092056274,1.1789714097976685
2008-01-03,momentum,22,expanding,1.3347920179367065,1.1169381141662598
2008-01-04,momentum,22,expanding,1.2517950534820557,1.232521891593933
2008-01-07,momentum,22,expanding,0.9978981018066406,1.1976484060287476
2008-01-08,momentum,22,expanding,1.0890847444534302,1.1023128032684326
2008-01-09,momentum,22,expanding,1.0940617322921753,1.3194056749343872
2008-01-10,momentum,22,expanding,1.2355698347091675,1.3201112747192383
2008-01-11,momentum,22,expanding,1.3557851314544678,1.8079692125320435
2008-01-14,momentum,22,expanding,1.636088490486145,1.4833647012710571
2008-01-15,momentum,22,expanding,1.697345495223999,1.7624480724334717
2008-01-16,momentum,22,expanding,1.5533339977264404,1.5212228298187256
2008-01-17,momentum,22,expanding,1.6301970481872559,1.6191645860671997
2008-01-18,momentum,22,expanding,1.5269088745117188,1.7812144756317139
2008-01-21,momentum,22,expanding,1.6154309511184692,1.6959270238876343
2008-01-22,momentum,22,expanding,2.356736660003662,1.7709736824035645
2008-01-23,momentum,22,expanding,2.0468649864196777,1.9680253267288208
2008-01-24,momentum,22,expanding,1.3832076787948608,1.5103298425674438
2008-01-25,momentum,22,expanding,1.0376173257827759,1.2609723806381226
2008-01-28,momentum,22,expanding,1.1668031215667725,1.5840827226638794
2008-01-29,momentum,22,expanding,1.5260188579559326,1.5676671266555786
2008-01-30,momentum,22,expanding,2.0415008068084717,2.0401430130004883
2008-01-31,momentum,22,expanding,2.0318050384521484,2.163261651992798
2008-02-01,momentum,22,expanding,1.2811161279678345,1.4451030492782593
2008-02-04,momentum,22,expanding,1.0596933364868164,1.4749904870986938
2008-02-05,momentum,22,expanding,1.0423059463500977,1.2477387189865112
2008-02-11,momentum,22,expanding,1.0512664318084717,1.29596745967865
2008-02-12,momentum,22,expanding,0.9423643350601196,1.2081257104873657
2008-02-13,momentum,22,expanding,1.0275908708572388,1.4036086797714233
2008-02-14,momentum,22,expanding,0.7526246905326843,1.1456867456436157
2008-02-15,momentum,22,expanding,0.9694392681121826,1.175357460975647
2008-02-18,momentum,22,expanding,1.3434830904006958,1.158311128616333
2008-02-19,momentum,22,expanding,0.7139189839363098,0.9058749079704285
2008-02-20,momentum,22,expanding,1.0903366804122925,1.1246662139892578
2008-02-21,momentum,22,expanding,0.9923619627952576,1.0846822261810303
2008-02-22,momentum,22,expanding,0.9166790246963501,1.1461588144302368
2008-02-25,momentum,22,expanding,0.6816783547401428,0.8898513317108154
2008-02-26,momentum,22,expanding,0.7038081884384155,0.9169725179672241
2008-02-27,momentum,22,expanding,0.8071035146713257,0.7434589862823486
2008-02-28,momentum,22,expanding,0.9450669884681702,0.9487302303314209
2008-02-29,momentum,22,expanding,0.7695022225379944,0.890954852104187
2008-03-03,momentum,22,expanding,0.8726146817207336,0.9542077779769897
2008-03-04,momentum,22,expanding,0.9818688631057739,0.9484739303588867
2008-03-05,momentum,22,expanding,0.6185771226882935,0.9680318832397461
2008-03-06,momentum,22,expanding,0.7150281667709351,0.9053092002868652
2008-03-07,momentum,22,expanding,1.51055109500885,1.05967378616333
2008-03-10,momentum,22,expanding,0.9095691442489624,1.136649250984192
2008-03-11,momentum,22,expanding,1.1042689085006714,1.239802360534668
2008-03-12,momentum,22,expanding,0.7170588374137878,1.1272327899932861
2008-03-13,momentum,22,expanding,1.3794586658477783,1.503378987312317
2008-03-14,momentum,22,expanding,1.6007447242736816,1.8026635646820068
2008-03-17,momentum,22,expanding,2.024076223373413,1.5755174160003662
2008-03-18,momentum,22,expanding,1.3853577375411987,1.2694095373153687
2008-03-19,momentum,22,expanding,0.8115984201431274,1.1081058979034424
2008-03-20,momentum,22,expanding,1.1329504251480103,1.341402530670166
2008-03-21,momentum,22,expanding,0.6696522235870361,0.9502389430999756
2008-03-24,momentum,22,expanding,0.7853973507881165,0.8641828298568726
2008-03-25,momentum,22,expanding,0.5343122482299805,0.7757834196090698
2008-03-26,momentum,22,expanding,0.699564516544342,0.7421878576278687
2008-03-27,momentum,22,expanding,0.7456304430961609,0.7729203701019287
2008-03-28,momentum,22,expanding,0.8535481095314026,0.9396260380744934
2008-03-31,momentum,22,expanding,0.9022796750068665,0.8251015543937683
2008-04-01,momentum,22,expanding,1.1180917024612427,0.7671883702278137
2008-04-02,momentum,22,expanding,0.47044745087623596,0.5729914307594299
2008-04-03,momentum,22,expanding,0.8979986906051636,0.8199262022972107
2008-04-04,momentum,22,expanding,0.8288102149963379,0.7503524422645569
2008-04-07,momentum,22,expanding,0.6982691884040833,0.8188686966896057
2008-04-08,momentum,22,expanding,0.9023342132568359,0.8058626055717468
2008-04-10,momentum,22,expanding,1.1930537223815918,0.9416638016700745
2008-04-11,momentum,22,expanding,1.034117579460144,0.8841515183448792
2008-04-14,momentum,22,expanding,0.7467988133430481,0.9621531367301941
2008-04-15,momentum,22,expanding,1.045399785041809,0.863085925579071
2008-04-16,momentum,22,expanding,0.6428277492523193,0.7791102528572083
2008-04-17,momentum,22,expanding,0.5591644048690796,0.8273394703865051
2008-04-18,momentum,22,expanding,0.664715051651001,0.7280029654502869
2008-04-21,momentum,22,expanding,0.4543456435203552,0.5693793296813965
2008-04-22,momentum,22,expanding,0.5677562952041626,0.6854727864265442
2008-04-23,momentum,22,expanding,0.651740312576294,0.7243767976760864
2008-04-24,momentum,22,expanding,0.726148784160614,0.7198949456214905
2008-04-25,momentum,22,expanding,0.6167663335800171,0.6849201321601868
2008-04-28,momentum,22,expanding,0.76384437084198,0.6790382862091064
2008-04-29,momentum,22,expanding,0.755025327205658,0.8264451026916504
2008-04-30,momentum,22,expanding,0.7941716909408569,0.7456185817718506
2008-05-02,momentum,22,expanding,0.5573992133140564,0.5776981115341187
2008-05-06,momentum,22,expanding,0.5959033370018005,0.6556762456893921
2008-05-07,momentum,22,expanding,0.7913363575935364,0.7865055799484253
2008-05-08,momentum,22,expanding,0.9855512380599976,0.8344118595123291
2008-05-09,momentum,22,expanding,0.9773081541061401,1.040054202079773
2008-05-13,momentum,22,expanding,0.8500095009803772,0.7583135366439819
2008-05-14,momentum,22,expanding,0.8006348013877869,0.7501128911972046
2008-05-15,momentum,22,expanding,0.7532399296760559,0.9175604581832886
2008-05-16,momentum,22,expanding,0.8362481594085693,0.7882434129714966
2008-05-19,momentum,22,expanding,0.8252606987953186,0.8341689109802246
2008-05-20,momentum,22,expanding,0.9447919726371765,0.9098485708236694
2008-05-21,momentum,22,expanding,0.7023309469223022,0.7238845825195312
2008-05-22,momentum,22,expanding,0.9038281440734863,0.9020518064498901
2008-05-23,momentum,22,expanding,0.8955884575843811,0.7901841402053833
2008-05-26,momentum,22,expanding,0.8993675708770752,0.9299120903015137
2008-05-27,momentum,22,expanding,0.7033643126487732,0.687041163444519
2008-05-28,momentum,22,expanding,0.9764388799667358,0.9551452398300171
2008-05-29,momentum,22,expanding,0.7554192543029785,0.7865522503852844
2008-05-30,momentum,22,expanding,0.755367636680603,0.6544685959815979
2008-06-02,momentum,22,expanding,1.012036681175232,0.7128423452377319
2008-06-03,momentum,22,expanding,0.7928316593170166,0.8184467554092407
2008-06-04,momentum,22,expanding,0.8553159832954407,0.7456409335136414
2008-06-05,momentum,22,expanding,0.8571470975875854,0.7325736284255981
2008-06-09,momentum,22,expanding,0.5882102251052856,0.8365316390991211
2008-06-10,momentum,22,expanding,1.063314437866211,1.045702338218689
2008-06-11,momentum,22,expanding,1.2709351778030396,0.8854849338531494
2008-06-12,momentum,22,expanding,0.8263117074966431,1.1031538248062134
2008-06-13,momentum,22,expanding,1.348983645439148,1.1411211490631104
2008-06-16,momentum,22,expanding,0.9026332497596741,0.7336897253990173
2008-06-17,momentum,22,expanding,1.0884449481964111,1.033233404159546
2008-06-18,momentum,22,expanding,0.8889089822769165,0.896080493927002
2008-06-19,momentum,22,expanding,0.746762216091156,1.0592739582061768
2008-06-20,momentum,22,expanding,1.1097676753997803,1.1320827007293701
2008-06-23,momentum,22,expanding,0.7963464856147766,0.8863374590873718
2008-06-24,momentum,22,expanding,0.8756585717201233,0.8635832667350769
2008-06-25,momentum,22,expanding,0.8892988562583923,0.7770620584487915
2008-06-26,momentum,22,expanding,0.7492433786392212,0.8323894143104553
2008-06-27,momentum,22,expanding,0.8133383393287659,0.7879866361618042
2008-06-30,momentum,22,expanding,0.8284218311309814,0.7836854457855225
2008-07-01,momentum,22,expanding,0.9112345576286316,0.9175897836685181
2008-07-02,momentum,22,expanding,1.48002028465271,1.4756569862365723
2008-07-03,momentum,22,expanding,1.3363113403320312,1.4504224061965942
2008-07-04,momentum,22,expanding,1.2512078285217285,1.4057461023330688
2008-07-07,momentum,22,expanding,1.1285374164581299,1.2812143564224243
2008-07-08,momentum,22,expanding,1.5028406381607056,1.6208900213241577
2008-07-09,momentum,22,expanding,1.5171376466751099,1.8757997751235962
2008-07-10,momentum,22,expanding,1.7798517942428589,1.7933497428894043
2008-07-11,momentum,22,expanding,1.682915449142456,1.59548020362854
2008-07-14,momentum,22,expanding,1.36408269405365,1.3454509973526
2008-07-15,momentum,22,expanding,1.44770085811615,1.3302899599075317
2008-07-16,momentum,22,expanding,1.683732509613037,1.7028687000274658
2008-07-17,momentum,22,expanding,0.9919468760490417,1.30009925365448
2008-07-18,momentum,22,expanding,1.1980042457580566,1.4889461994171143
2008-07-21,momentum,22,expanding,1.1891367435455322,1.1642181873321533
2008-07-22,momentum,22,expanding,1.0869990587234497,1.0639922618865967
2008-07-23,momentum,22,expanding,0.8138403296470642,0.9558440446853638
2008-07-24,momentum,22,expanding,0.8643358945846558,0.9703423976898193
2008-07-25,momentum,22,expanding,1.032257080078125,0.9878621101379395
2008-07-28,momentum,22,expanding,0.9946733713150024,0.9150288105010986
2008-07-29,momentum,22,expanding,0.8866472840309143,0.9929968118667603
2008-07-30,momentum,22,expanding,0.949339747428894,0.963503360748291
2008-07-31,momentum,22,expanding,1.0539661645889282,1.0167536735534668
2008-08-01,momentum,22,expanding,0.9552934765815735,1.0726535320281982
2008-08-04,momentum,22,expanding,1.285617470741272,1.183432936668396
2008-08-05,momentum,22,expanding,1.1887999773025513,1.2002276182174683
2008-08-06,momentum,22,expanding,0.5858206748962402,0.9411160945892334
2008-08-07,momentum,22,expanding,1.2624953985214233,1.1535695791244507
2008-08-08,momentum,22,expanding,1.0283619165420532,1.0823525190353394
2008-08-11,momentum,22,expanding,0.7601138353347778,0.8211483955383301
2008-08-12,momentum,22,expanding,1.1456537246704102,0.8685314655303955
2008-08-13,momentum,22,expanding,1.0993320941925049,0.9782994985580444
2008-08-14,momentum,22,expanding,0.8355039358139038,1.0561408996582031
2008-08-18,momentum,22,expanding,0.9135329127311707,0.9732850790023804
2008-08-19,momentum,22,expanding,0.9356940388679504,0.9825344085693359
2008-08-20,momentum,22,expanding,1.130637764930725,0.9961951971054077
2008-08-21,momentum,22,expanding,0.8996863961219788,1.1789017915725708
2008-08-22,momentum,22,expanding,1.1111183166503906,1.2379930019378662
2008-08-25,momentum,22,expanding,1.027492642402649,0.9778013229370117
2008-08-26,momentum,22,expanding,1.0266616344451904,1.1761531829833984
2008-08-27,momentum,22,expanding,1.2827327251434326,1.2125812768936157
2008-08-28,momentum,22,expanding,1.147202968597412,1.3395472764968872
2008-08-29,momentum,22,expanding,1.1708245277404785,1.128485083580017
2008-09-01,momentum,22,expanding,1.389266014099121,1.3377203941345215
2008-09-02,momentum,22,expanding,1.7279349565505981,1.8160954713821411
2008-09-03,momentum,22,expanding,1.6843599081039429,1.559127926826477
2008-09-04,momentum,22,expanding,1.492856740951538,1.329535722732544
2008-09-05,momentum,22,expanding,0.9939812421798706,1.2545722723007202
2008-09-08,momentum,22,expanding,1.0625709295272827,1.4220972061157227
2008-09-09,momentum,22,expanding,1.0871598720550537,1.325057864189148
2008-09-10,momentum,22,expanding,1.2300684452056885,1.3449212312698364
2008-09-11,momentum,22,expanding,1.5666940212249756,1.176938772201538
2008-09-12,momentum,22,expanding,1.1266182661056519,0.9601792097091675
2008-09-16,momentum,22,expanding,1.8428541421890259,1.477329134941101
2008-09-17,momentum,22,expanding,1.2696144580841064,1.2917038202285767
2008-09-18,momentum,22,expanding,1.8457545042037964,1.4849714040756226
2008-09-19,momentum,22,expanding,1.1422226428985596,0.9937775135040283
2008-09-22,momentum,22,expanding,1.5307953357696533,1.2369195222854614
2008-09-23,momentum,22,expanding,1.155596137046814,1.419198989868164
2008-09-24,momentum,22,expanding,1.4955123662948608,1.364729642868042
2008-09-25,momentum,22,expanding,1.4978162050247192,1.5638165473937988
2008-09-26,momentum,22,expanding,1.2229030132293701,1.22796630859375
2008-09-29,momentum,22,expanding,1.3921234607696533,1.6061816215515137
2008-09-30,momentum,22,expanding,1.6711236238479614,2.6160762310028076
2008-10-01,momentum,22,expanding,1.7675389051437378,1.739898681640625
2008-10-02,momentum,22,expanding,1.6100245714187622,1.9704644680023193
2008-10-06,momentum,22,expanding,1.5780242681503296,1.6693873405456543
2008-10-07,momentum,22,expanding,1.932241439819336,2.136960029602051
2008-10-08,momentum,22,expanding,1.9627397060394287,2.1698265075683594
2008-10-09,momentum,22,expanding,2.611713409423828,2.778850793838501
2008-10-10,momentum,22,expanding,4.016681671142578,2.6965487003326416
2008-10-13,momentum,22,expanding,2.6425256729125977,2.438182830810547
2008-10-14,momentum,22,expanding,1.6828978061676025,1.4312489032745361
2008-10-15,momentum,22,expanding,1.7299060821533203,1.9404442310333252
2008-10-16,momentum,22,expanding,2.414174795150757,3.8610334396362305
2008-10-17,momentum,22,expanding,3.7640860080718994,4.181324481964111
2008-10-20,momentum,22,expanding,3.3035545349121094,3.434941053390503
2008-10-21,momentum,22,expanding,2.7861673831939697,2.838331937789917
2008-10-22,momentum,22,expanding,3.5716190338134766,3.933185577392578
2008-10-23,momentum,22,expanding,4.99489688873291,3.392086982727051
2008-10-24,momentum,22,expanding,5.038016319274902,7.055371284484863
2008-10-27,momentum,22,expanding,6.134731292724609,6.496432781219482
2008-10-28,momentum,22,expanding,4.9312334060668945,7.811978340148926
2008-10-29,momentum,22,expanding,7.709535121917725,15.060218811035156
2008-10-30,momentum,22,expanding,4.438540458679199,8.579774856567383
2008-10-31,momentum,22,expanding,6.013627052307129,7.094693660736084
2008-11-03,momentum,22,expanding,3.66127347946167,4.916815757751465
2008-11-04,momentum,22,expanding,3.22156023979187,4.14579439163208
2008-11-05,momentum,22,expanding,3.196448564529419,3.8370752334594727
2008-11-06,momentum,22,expanding,3.0373477935791016,3.787409782409668
2008-11-07,momentum,22,expanding,4.652531147003174,5.9546356201171875
2008-11-10,momentum,22,expanding,4.299422264099121,3.0905673503875732
2008-11-11,momentum,22,expanding,2.9501523971557617,2.8209218978881836
2008-11-12,momentum,22,expanding,3.0097570419311523,2.8937342166900635
2008-11-13,momentum,22,expanding,2.9958269596099854,2.8130788803100586
2008-11-14,momentum,22,expanding,2.9274189472198486,2.576369524002075
2008-11-17,momentum,22,expanding,3.3154830932617188,2.980525493621826
2008-11-18,momentum,22,expanding,3.1176517009735107,2.146113634109497
2008-11-19,momentum,22,expanding,2.9421956539154053,2.866083860397339
2008-11-20,momentum,22,expanding,2.718191146850586,2.4419655799865723
2008-11-21,momentum,22,expanding,3.802747964859009,7.455531120300293
2008-11-24,momentum,22,expanding,3.976086378097534,3.094895839691162
2008-11-25,momentum,22,expanding,3.7629263401031494,3.395793914794922
2008-11-26,momentum,22,expanding,2.5999577045440674,2.2648162841796875
2008-11-27,momentum,22,expanding,2.5752861499786377,2.5505714416503906
2008-11-28,momentum,22,expanding,2.4370975494384766,1.749444842338562
2008-12-01,momentum,22,expanding,2.1184117794036865,2.0456368923187256
2008-12-02,momentum,22,expanding,2.2298238277435303,1.8232356309890747
2008-12-03,momentum,22,expanding,2.036716938018799,1.8293535709381104
2008-12-04,momentum,22,expanding,2.0408802032470703,2.538144588470459
2008-12-05,momentum,22,expanding,2.1053695678710938,1.8128818273544312
2008-12-08,momentum,22,expanding,2.0291647911071777,3.4810800552368164
2008-12-09,momentum,22,expanding,2.6725399494171143,2.300203323364258
2008-12-10,momentum,22,expanding,2.11342453956604,2.491133689880371
2008-12-11,momentum,22,expanding,2.2942323684692383,1.9256654977798462
2008-12-12,momentum,22,expanding,2.9049158096313477,2.3692965507507324
2008-12-15,momentum,22,expanding,1.7442644834518433,1.9153426885604858
2008-12-16,momentum,22,expanding,1.9697535037994385,2.0661394596099854
2008-12-17,momentum,22,expanding,2.267918348312378,2.4191739559173584
2008-12-18,momentum,22,expanding,1.8898248672485352,2.250551462173462
2008-12-19,momentum,22,expanding,1.8211729526519775,1.5267921686172485
2008-12-22,momentum,22,expanding,1.8542088270187378,1.6650696992874146
2008-12-23,momentum,22,expanding,1.7823359966278076,1.809059500694275
2008-12-24,momentum,22,expanding,2.1892316341400146,1.6377760171890259
2008-12-26,momentum,22,expanding,1.999356746673584,1.7352012395858765
2008-12-29,momentum,22,expanding,1.8800206184387207,1.849035620689392
2008-12-30,momentum,22,expanding,1.9624799489974976,1.5207481384277344
2009-01-02,momentum,22,expanding,2.0226919651031494,1.817619800567627
2009-01-05,momentum,22,expanding,1.7057502269744873,1.4546175003051758
2009-01-06,momentum,22,expanding,1.4364230632781982,1.4049283266067505
2009-01-07,momentum,22,expanding,1.4117517471313477,1.6567116975784302
2009-01-08,momentum,22,expanding,1.4797892570495605,1.5707546472549438
2009-01-09,momentum,22,expanding,2.285191774368286,1.8095248937606812
2009-01-12,momentum,22,expanding,1.8063009977340698,1.60883629322052
2009-01-13,momentum,22,expanding,1.6150223016738892,1.6863518953323364
2009-01-14,momentum,22,expanding,1.5001497268676758,1.6615536212921143
2009-01-15,momentum,22,expanding,1.5293182134628296,1.8734887838363647
2009-01-16,momentum,22,expanding,1.5516858100891113,1.6913323402404785
2009-01-19,momentum,22,expanding,1.682395577430725,1.3240900039672852
2009-01-20,momentum,22,expanding,1.5145608186721802,1.4298139810562134
2009-01-21,momentum,22,expanding,1.3976837396621704,1.4136098623275757
2009-01-22,momentum,22,expanding,1.356623649597168,1.3879859447479248
2009-01-23,momentum,22,expanding,1.2475180625915527,1.2876832485198975
2009-01-28,momentum,22,expanding,1.1314868927001953,1.3909474611282349
2009-01-29,momentum,22,expanding,1.303892731666565,1.357873797416687
2009-01-30,momentum,22,expanding,1.2532795667648315,1.302137851715088
2009-02-02,momentum,22,expanding,1.5204495191574097,1.4785265922546387
2009-02-03,momentum,22,expanding,1.7948081493377686,1.6286587715148926
2009-02-04,momentum,22,expanding,1.1679505109786987,1.3541370630264282
2009-02-05,momentum,22,expanding,1.3390116691589355,1.549683690071106
2009-02-06,momentum,22,expanding,1.462713599205017,1.2584673166275024
2009-02-09,momentum,22,expanding,1.3283445835113525,1.3686074018478394
2009-02-10,momentum,22,expanding,1.6525019407272339,1.5743316411972046
2009-02-11,momentum,22,expanding,1.1333554983139038,1.636579990386963
2009-02-12,momentum,22,expanding,1.5471514463424683,1.503269076347351
2009-02-13,momentum,22,expanding,1.6792893409729004,1.4038147926330566
2009-02-16,momentum,22,expanding,1.3316264152526855,1.4220654964447021
2009-02-17,momentum,22,expanding,1.7122797966003418,1.6045947074890137
2009-02-18,momentum,22,expanding,2.1118955612182617,1.8378390073776245
2009-02-19,momentum,22,expanding,1.9229050874710083,1.818189024925232
2009-02-20,momentum,22,expanding,2.2041473388671875,2.18902325630188
2009-02-23,momentum,22,expanding,2.0287821292877197,2.2050540447235107
2009-02-24,momentum,22,expanding,1.8271141052246094,1.6086894273757935
2009-02-25,momentum,22,expanding,1.5681121349334717,1.9275563955307007
2009-02-26,momentum,22,expanding,2.50559401512146,3.0649778842926025
2009-02-27,momentum,22,expanding,1.6536344289779663,1.869139552116394
2009-03-02,momentum,22,expanding,1.8615176677703857,1.653041958808899
2009-03-03,momentum,22,expanding,2.399925708770752,2.236619234085083
2009-03-04,momentum,22,expanding,2.1506052017211914,2.5335147380828857
2009-03-05,momentum,22,expanding,2.0809552669525146,2.0123136043548584
2009-03-06,momentum,22,expanding,1.7582151889801025,1.4950071573257446
2009-03-09,momentum,22,expanding,1.7188359498977661,1.4182775020599365
2009-03-10,momentum,22,expanding,1.6518765687942505,1.8513422012329102
2009-03-11,momentum,22,expanding,1.1009459495544434,1.3887923955917358
2009-03-12,momentum,22,expanding,1.4630047082901,1.5651370286941528
2009-03-13,momentum,22,expanding,1.6035854816436768,1.374873399734497
2009-03-16,momentum,22,expanding,1.5891352891921997,1.3511825799942017
2009-03-17,momentum,22,expanding,1.3110144138336182,1.5291866064071655
2009-03-18,momentum,22,expanding,1.4432815313339233,1.5520094633102417
2009-03-19,momentum,22,expanding,1.3960909843444824,1.6993026733398438
2009-03-20,momentum,22,expanding,1.3092468976974487,1.1807924509048462
2009-03-23,momentum,22,expanding,0.8993242979049683,1.287835717201233
2009-03-24,momentum,22,expanding,1.0440336465835571,1.3173147439956665
2009-03-25,momentum,22,expanding,1.2199814319610596,1.3826677799224854
2009-03-26,momentum,22,expanding,1.2991985082626343,1.4545655250549316
2009-03-27,momentum,22,expanding,1.2714563608169556,1.4275010824203491
2009-03-30,momentum,22,expanding,1.3824703693389893,1.7019726037979126
2009-03-31,momentum,22,expanding,1.5211267471313477,1.5823737382888794
2009-04-01,momentum,22,expanding,1.7022407054901123,1.5467170476913452
2009-04-02,momentum,22,expanding,1.1602210998535156,1.581479787826538
2009-04-03,momentum,22,expanding,1.4673212766647339,1.5166480541229248
2009-04-06,momentum,22,expanding,1.3774768114089966,1.4703253507614136
2009-04-07,momentum,22,expanding,1.285055160522461,1.5096532106399536
2009-04-08,momentum,22,expanding,1.0922125577926636,1.4463967084884644
2009-04-09,momentum,22,expanding,1.2033240795135498,1.7658337354660034
2009-04-10,momentum,22,expanding,1.9422812461853027,1.6590393781661987
2009-04-13,momentum,22,expanding,1.7382475137710571,1.5419577360153198
2009-04-14,momentum,22,expanding,1.8123645782470703,1.6769407987594604
2009-04-15,momentum,22,expanding,1.603392481803894,1.6002216339111328
2009-04-16,momentum,22,expanding,1.6804604530334473,1.58412766456604
2009-04-17,momentum,22,expanding,1.8010653257369995,1.8664696216583252
2009-04-20,momentum,22,expanding,1.5988209247589111,1.352172613143921
2009-04-21,momentum,22,expanding,1.4490888118743896,1.5697553157806396
2009-04-22,momentum,22,expanding,1.3735660314559937,1.1589654684066772
2009-04-23,momentum,22,expanding,1.2601600885391235,1.1339082717895508
2009-04-24,momentum,22,expanding,1.434009075164795,1.4451160430908203
2009-04-27,momentum,22,expanding,1.490587830543518,1.4310829639434814
2009-04-28,momentum,22,expanding,1.8049900531768799,1.7585422992706299
2009-04-29,momentum,22,expanding,1.3402842283248901,1.3923182487487793
2009-04-30,momentum,22,expanding,1.4210255146026611,1.1977777481079102
2009-05-04,momentum,22,expanding,0.928738534450531,1.1149604320526123
2009-05-06,momentum,22,expanding,1.3117257356643677,1.287705421447754
2009-05-07,momentum,22,expanding,1.1507859230041504,1.2042222023010254
2009-05-08,momentum,22,expanding,1.1152061223983765,1.0482432842254639
2009-05-11,momentum,22,expanding,1.1903024911880493,0.8845094442367554
2009-05-12,momentum,22,expanding,1.0273106098175049,1.0019147396087646
2009-05-13,momentum,22,expanding,0.8636084198951721,0.8149418234825134
2009-05-14,momentum,22,expanding,1.0069555044174194,1.0460553169250488
2009-05-15,momentum,22,expanding,0.8070036768913269,0.9380894303321838
2009-05-18,momentum,22,expanding,0.9164167642593384,1.153174877166748
2009-05-19,momentum,22,expanding,0.7585825324058533,0.8309115171432495
2009-05-20,momentum,22,expanding,0.7307866811752319,1.0067880153656006
2009-05-21,momentum,22,expanding,0.941281795501709,1.100331425666809
2009-05-22,momentum,22,expanding,1.1849349737167358,1.181925892829895
2009-05-25,momentum,22,expanding,4.677891731262207,4.096184730529785
2009-05-26,momentum,22,expanding,1.763990879058838,2.4157590866088867
2009-05-27,momentum,22,expanding,1.7943904399871826,1.9696557521820068
2009-05-28,momentum,22,expanding,1.9288713932037354,1.8647862672805786
2009-05-29,momentum,22,expanding,1.5330755710601807,1.5704002380371094
2009-06-01,momentum,22,expanding,1.2002967596054077,1.3966072797775269
2009-06-02,momentum,22,expanding,1.2983886003494263,1.543053150177002
2009-06-03,momentum,22,expanding,1.2660316228866577,1.3227909803390503
2009-06-04,momentum,22,expanding,1.28879714012146,1.4887454509735107
2009-06-05,momentum,22,expanding,1.307443380355835,1.2561242580413818
2009-06-08,momentum,22,expanding,1.15872061252594,1.2638211250305176
2009-06-09,momentum,22,expanding,1.3394527435302734,1.4360934495925903
2009-06-10,momentum,22,expanding,1.135321855545044,1.3013432025909424
2009-06-11,momentum,22,expanding,1.5764868259429932,1.3786728382110596
2009-06-12,momentum,22,expanding,0.9101919531822205,1.0510196685791016
2009-06-15,momentum,22,expanding,1.1243280172348022,1.1699482202529907
2009-06-16,momentum,22,expanding,1.0960274934768677,1.154581069946289
2009-06-17,momentum,22,expanding,0.8887717127799988,1.0406992435455322
2009-06-18,momentum,22,expanding,1.0513397455215454,1.2112847566604614
2009-06-19,momentum,22,expanding,0.9420949816703796,1.1091655492782593
2009-06-22,momentum,22,expanding,0.9040094017982483,0.9791026711463928
2009-06-23,momentum,22,expanding,0.9320225119590759,1.0200457572937012
2009-06-24,momentum,22,expanding,1.0125497579574585,1.0783833265304565
2009-06-25,momentum,22,expanding,1.0435999631881714,1.1870763301849365
2009-06-26,momentum,22,expanding,0.9063265323638916,1.062902808189392
2009-06-29,momentum,22,expanding,0.8577601313591003,1.0235772132873535
2009-06-30,momentum,22,expanding,1.0068490505218506,1.0547780990600586
2007-08-01,extended,22,expanding,2.057770013809204,1.491134524345398
2007-08-02,extended,22,expanding,2.670151710510254,2.117988109588623
2007-08-03,extended,22,expanding,1.3639839887619019,1.2596014738082886
2007-08-06,extended,22,expanding,1.2901113033294678,1.2088568210601807
2007-08-07,extended,22,expanding,1.1834062337875366,1.1568970680236816
2007-08-08,extended,22,expanding,0.9152647256851196,1.0536571741104126
2007-08-09,extended,22,expanding,1.2809560298919678,1.086215853691101
2007-08-10,extended,22,expanding,1.256259799003601,0.9160406589508057
2007-08-13,extended,22,expanding,1.310453176498413,1.0353705883026123
2007-08-14,extended,22,expanding,1.415305495262146,1.1968789100646973
2007-08-16,extended,22,expanding,2.2370049953460693,1.4513049125671387
2007-08-17,extended,22,expanding,2.4822638034820557,1.970916748046875
2007-08-20,extended,22,expanding,1.2873769998550415,1.163069486618042
2007-08-21,extended,22,expanding,1.8663053512573242,1.428928017616272
2007-08-22,extended,22,expanding,1.1827067136764526,1.2462096214294434
2007-08-23,extended,22,expanding,0.9998923540115356,1.0869561433792114
2007-08-24,extended,22,expanding,1.2254853248596191,1.3053007125854492
2007-08-27,extended,22,expanding,0.9014213681221008,0.9559865593910217
2007-08-28,extended,22,expanding,1.2708368301391602,0.8925237059593201
2007-08-29,extended,22,expanding,1.4099317789077759,1.6304574012756348
2007-08-30,extended,22,expanding,1.1340998411178589,1.0559931993484497
2007-08-31,extended,22,expanding,1.1562414169311523,0.9651471972465515
2007-09-03,extended,22,expanding,1.1932604312896729,0.8837903141975403
2007-09-04,extended,22,expanding,1.019279956817627,1.0759477615356445
2007-09-05,extended,22,expanding,1.217038631439209,1.0140198469161987
2007-09-06,extended,22,expanding,1.2430455684661865,1.207633376121521
2007-09-07,extended,22,expanding,1.1114898920059204,1.0000699758529663
2007-09-10,extended,22,expanding,1.3573148250579834,0.8890232443809509
2007-09-11,extended,22,expanding,1.0158843994140625,0.9051826596260071
2007-09-12,extended,22,expanding,1.1811479330062866,1.1820379495620728
2007-09-13,extended,22,expanding,1.742005467414856,1.1593002080917358
2007-09-14,extended,22,expanding,0.9370408654212952,1.002428650856018
2007-09-17,extended,22,expanding,1.0048080682754517,0.826416552066803
2007-09-18,extended,22,expanding,1.0260616540908813,0.986046552658081
2007-09-19,extended,22,expanding,0.8076435923576355,0.9221786856651306
2007-09-20,extended,22,expanding,1.1965715885162354,0.9221414923667908
2007-09-21,extended,22,expanding,0.8722110986709595,0.8008036017417908
2007-09-27,extended,22,expanding,0.7664867043495178,0.7849563956260681
2007-09-28,extended,22,expanding,0.808079183101654,0.7124577760696411
2007-10-01,extended,22,expanding,0.5502932667732239,0.7637966275215149
2007-10-02,extended,22,expanding,0.7320536375045776,1.002328634262085
2007-10-04,extended,22,expanding,0.8805931806564331,0.9421074986457825
2007-10-05,extended,22,expanding,0.9541462659835815,0.9091456532478333
2007-10-08,extended,22,expanding,0.7031263709068298,0.8900464177131653
2007-10-09,extended,22,expanding,0.8863164186477661,0.8818283081054688
2007-10-10,extended,22,expanding,0.7195517420768738,0.7780744433403015
2007-10-11,extended,22,expanding,0.9430567026138306,0.9024165272712708
2007-10-12,extended,22,expanding,1.0431363582611084,0.8671413064002991
2007-10-15,extended,22,expanding,1.096573829650879,0.8634655475616455
2007-10-16,extended,22,expanding,1.2687053680419922,1.0034594535827637
2007-10-17,extended,22,expanding,2.1905269622802734,1.6526061296463013
2007-10-18,extended,22,expanding,1.4579850435256958,1.1314338445663452
2007-10-19,extended,22,expanding,1.4555875062942505,1.0710937976837158
2007-10-22,extended,22,expanding,1.6968491077423096,0.9690026640892029
2007-10-23,extended,22,expanding,1.138418197631836,1.1514256000518799
2007-10-24,extended,22,expanding,2.070314407348633,1.7444366216659546
2007-10-25,extended,22,expanding,1.6585241556167603,1.2934744358062744
2007-10-26,extended,22,expanding,1.4482918977737427,1.194739818572998
2007-10-29,extended,22,expanding,1.0666195154190063,1.118053674697876
2007-10-30,extended,22,expanding,1.241520643234253,1.0406708717346191
2007-10-31,extended,22,expanding,1.0872763395309448,1.1212515830993652
2007-11-01,extended,22,expanding,1.2955594062805176,1.2504218816757202
2007-11-02,extended,22,expanding,1.2118693590164185,1.2208796739578247
2007-11-05,extended,22,expanding,1.332794427871704,1.0739752054214478
2007-11-06,extended,22,expanding,0.821598470211029,1.0805808305740356
2007-11-07,extended,22,expanding,1.1780223846435547,1.2718828916549683
2007-11-08,extended,22,expanding,1.5529813766479492,1.1807891130447388
2007-11-09,extended,22,expanding,1.9720455408096313,1.5162649154663086
2007-11-12,extended,22,expanding,1.6545649766921997,1.5967830419540405
2007-11-13,extended,22,expanding,1.845192790031433,1.541184425354004
2007-11-14,extended,22,expanding,1.0495718717575073,1.222061276435852
2007-11-15,extended,22,expanding,1.4030455350875854,1.7634754180908203
2007-11-16,extended,22,expanding,1.3189059495925903,1.404751181602478
2007-11-19,extended,22,expanding,1.3881840705871582,1.3726105690002441
2007-11-20,extended,22,expanding,1.5132522583007812,1.680115818977356
2007-11-21,extended,22,expanding,1.9621775150299072,1.7088450193405151
2007-11-22,extended,22,expanding,2.1563525199890137,1.882078766822815
2007-11-23,extended,22,expanding,2.3852264881134033,2.305990219116211
2007-11-26,extended,22,expanding,1.2843763828277588,1.6463452577590942
2007-11-27,extended,22,expanding,2.5158398151397705,2.231196880340576
2007-11-28,extended,22,expanding,1.9726660251617432,1.9833451509475708
2007-11-29,extended,22,expanding,1.0736676454544067,1.4868042469024658
2007-11-30,extended,22,expanding,1.0982944965362549,1.367582082748413
2007-12-03,extended,22,expanding,1.1432710886001587,1.127046823501587
2007-12-04,extended,22,expanding,1.0152544975280762,1.1968969106674194
2007-12-05,extended,22,expanding,0.9466009736061096,1.09830641746521
2007-12-06,extended,22,expanding,0.9068366289138794,1.1909687519073486
2007-12-07,extended,22,expanding,1.030373454093933,1.238937497138977
2007-12-10,extended,22,expanding,1.1731563806533813,0.9371110200881958
2007-12-11,extended,22,expanding,1.110398530960083,1.090983271598816
2007-12-12,extended,22,expanding,1.05128014087677,1.2598357200622559
2007-12-13,extended,22,expanding,1.5374364852905273,1.2802059650421143
2007-12-14,extended,22,expanding,1.192555546760559,1.242327094078064
2007-12-17,extended,22,expanding,1.236178994178772,1.232262372970581
2007-12-18,extended,22,expanding,1.437838077545166,1.6126434803009033
2007-12-20,extended,22,expanding,1.6452428102493286,1.4139666557312012
2007-12-21,extended,22,expanding,1.4536051750183105,1.281764268875122
2007-12-24,extended,22,expanding,0.9410585761070251,1.023934245109558
2007-12-26,extended,22,expanding,1.0318444967269897,1.1135015487670898
2007-12-27,extended,22,expanding,0.8602379560470581,1.027900218963623
2007-12-28,extended,22,expanding,0.8766568303108215,0.8572800159454346
2008-01-02,extended,22,expanding,1.0612322092056274,1.075465440750122
2008-01-03,extended,22,expanding,1.3347920179367065,1.3462390899658203
2008-01-04,extended,22,expanding,1.2517950534820557,1.2041783332824707
2008-01-07,extended,22,expanding,0.9978981018066406,1.0403773784637451
2008-01-08,extended,22,expanding,1.0890847444534302,1.0772128105163574
2008-01-09,extended,22,expanding,1.0940617322921753,1.3723431825637817
2008-01-10,extended,22,expanding,1.2355698347091675,1.0800817012786865
2008-01-11,extended,22,expanding,1.3557851314544678,1.5559450387954712
2008-01-14,extended,22,expanding,1.636088490486145,1.33539617061615
2008-01-15,extended,22,expanding,1.697345495223999,1.6722536087036133
2008-01-16,extended,22,expanding,1.5533339977264404,1.5280853509902954
2008-01-17,extended,22,expanding,1.6301970481872559,1.5535643100738525
2008-01-18,extended,22,expanding,1.5269088745117188,1.838343858718872
2008-01-21,extended,22,expanding,1.6154309511184692,1.4743075370788574
2008-01-22,extended,22,expanding,2.356736660003662,1.6351041793823242
2008-01-23,extended,22,expanding,2.0468649864196777,2.2101593017578125
2008-01-24,extended,22,expanding,1.3832076787948608,1.553477168083191
2008-01-25,extended,22,expanding,1.0376173257827759,1.238095760345459
2008-01-28,extended,22,expanding,1.1668031215667725,1.4588477611541748
2008-01-29,extended,22,expanding,1.5260188579559326,1.5390849113464355
2008-01-30,extended,22,expanding,2.0415008068084717,2.184303045272827
2008-01-31,extended,22,expanding,2.0318050384521484,2.183704137802124
2008-02-01,extended,22,expanding,1.2811161279678345,1.4691604375839233
2008-02-04,extended,22,expanding,1.0596933364868164,1.571694016456604
2008-02-05,extended,22,expanding,1.0423059463500977,1.1534286737442017
2008-02-11,extended,22,expanding,1.0512664318084717,1.325413465499878
2008-02-12,extended,22,expanding,0.9423643350601196,1.2173177003860474
2008-02-13,extended,22,expanding,1.0275908708572388,1.3571454286575317
2008-02-14,extended,22,expanding,0.7526246905326843,1.4473952054977417
2008-02-15,extended,22,expanding,0.9694392681121826,0.9703171253204346
2008-02-18,extended,22,expanding,1.3434830904006958,1.297369122505188
2008-02-19,extended,22,expanding,0.7139189839363098,1.1165119409561157
2008-02-20,extended,22,expanding,1.0903366804122925,1.0540183782577515
2008-02-21,extended,22,expanding,0.9923619627952576,1.1087312698364258
2008-02-22,extended,22,expanding,0.9166790246963501,0.83225417137146
2008-02-25,extended,22,expanding,0.6816783547401428,0.8215333819389343
2008-02-26,extended,22,expanding,0.7038081884384155,0.8059720993041992
2008-02-27,extended,22,expanding,0.8071035146713257,0.950511634349823
2008-02-28,extended,22,expanding,0.9450669884681702,0.9834873080253601
2008-02-29,extended,22,expanding,0.7695022225379944,0.8003404140472412
2008-03-03,extended,22,expanding,0.8726146817207336,0.9367945194244385
2008-03-04,extended,22,expanding,0.9818688631057739,0.9657352566719055
2008-03-05,extended,22,expanding,0.6185771226882935,0.96065354347229
2008-03-06,extended,22,expanding,0.7150281667709351,0.8772921562194824
2008-03-07,extended,22,expanding,1.51055109500885,0.8118431568145752
2008-03-10,extended,22,expanding,0.9095691442489624,1.1766146421432495
2008-03-11,extended,22,expanding,1.1042689085006714,1.2332319021224976
2008-03-12,extended,22,expanding,0.7170588374137878,1.1474220752716064
2008-03-13,extended,22,expanding,1.3794586658477783,1.4054381847381592
2008-03-14,extended,22,expanding,1.6007447242736816,1.7803452014923096
2008-03-17,extended,22,expanding,2.024076223373413,1.8253729343414307
2008-03-18,extended,22,expanding,1.3853577375411987,1.9016507863998413
2008-03-19,extended,22,expanding,0.8115984201431274,1.4069634675979614
2008-03-20,extended,22,expanding,1.1329504251480103,1.330169677734375
2008-03-21,extended,22,expanding,0.6696522235870361,0.9249751567840576
2008-03-24,extended,22,expanding,0.7853973507881165,0.975243330001831
2008-03-25,extended,22,expanding,0.5343122482299805,0.8980276584625244
2008-03-26,extended,22,expanding,0.699564516544342,0.8461443781852722
2008-03-27,extended,22,expanding,0.7456304430961609,0.8244466781616211
2008-03-28,extended,22,expanding,0.8535481095314026,0.9964507222175598
2008-03-31,extended,22,expanding,0.9022796750068665,0.6484447121620178
2008-04-01,extended,22,expanding,1.1180917024612427,1.1445772647857666
2008-04-02,extended,22,expanding,0.47044745087623596,0.7464153170585632
2008-04-03,extended,22,expanding,0.8979986906051636,0.8104456067085266
2008-04-04,extended,22,expanding,0.8288102149963379,0.6122182011604309
2008-04-07,extended,22,expanding,0.6982691884040833,0.9382274150848389
2008-04-08,extended,22,expanding,0.9023342132568359,0.710780143737793
2008-04-10,extended,22,expanding,1.1930537223815918,0.9865640997886658
2008-04-11,extended,22,expanding,1.034117579460144,0.9205729365348816
2008-04-14,extended,22,expanding,0.7467988133430481,0.7906268239021301
2008-04-15,extended,22,expanding,1.045399785041809,0.9587437510490417
2008-04-16,extended,22,expanding,0.6428277492523193,0.8593185544013977
2008-04-17,extended,22,expanding,0.5591644048690796,1.0372525453567505
2008-04-18,extended,22,expanding,0.664715051651001,0.8058200478553772
2008-04-21,extended,22,expanding,0.4543456435203552,0.7883386611938477
2008-04-22,extended,22,expanding,0.5677562952041626,0.7782577276229858
2008-04-23,extended,22,expanding,0.651740312576294,0.7917954325675964
2008-04-24,extended,22,expanding,0.726148784160614,0.7219348549842834
2008-04-25,extended,22,expanding,0.6167663335800171,0.6099859476089478
2008-04-28,extended,22,expanding,0.76384437084198,0.7875411510467529
2008-04-29,extended,22,expanding,0.755025327205658,0.8827027082443237
2008-04-30,extended,22,expanding,0.7941716909408569,0.7539578080177307
2008-05-02,extended,22,expanding,0.5573992133140564,0.6412811279296875
2008-05-06,extended,22,expanding,0.5959033370018005,0.7154613137245178
2008-05-07,extended,22,expanding,0.7913363575935364,0.9233748912811279
2008-05-08,extended,22,expanding,0.9855512380599976,0.8275214433670044
2008-05-09,extended,22,expanding,0.9773081541061401,1.2777917385101318
2008-05-13,extended,22,expanding,0.8500095009803772,0.9076948165893555
2008-05-14,extended,22,expanding,0.8006348013877869,0.8065232038497925
2008-05-15,extended,22,expanding,0.7532399296760559,0.7090772986412048
2008-05-16,extended,22,expanding,0.8362481594085693,0.6871417760848999
2008-05-19,extended,22,expanding,0.8252606987953186,0.7424260377883911
2008-05-20,extended,22,expanding,0.9447919726371765,0.8449987769126892
2008-05-21,extended,22,expanding,0.7023309469223022,0.8725044131278992
2008-05-22,extended,22,expanding,0.9038281440734863,0.8194206953048706
2008-05-23,extended,22,expanding,0.8955884575843811,0.6934729814529419
2008-05-26,extended,22,expanding,0.8993675708770752,0.9199386835098267
2008-05-27,extended,22,expanding,0.7033643126487732,0.7545497417449951
2008-05-28,extended,22,expanding,0.9764388799667358,0.922061562538147
2008-05-29,extended,22,expanding,0.7554192543029785,0.8139263987541199
2008-05-30,extended,22,expanding,0.755367636680603,0.6886892318725586
2008-06-02,extended,22,expanding,1.012036681175232,0.814601480960846
2008-06-03,extended,22,expanding,0.7928316593170166,0.7123952507972717
2008-06-04,extended,22,expanding,0.8553159832954407,0.8399519324302673
2008-06-05,extended,22,expanding,0.8571470975875854,0.8648970723152161
2008-06-09,extended,22,expanding,0.5882102251052856,0.8398963809013367
2008-06-10,extended,22,expanding,1.063314437866211,0.9852749705314636
2008-06-11,extended,22,expanding,1.2709351778030396,0.9339767098426819
2008-06-12,extended,22,expanding,0.8263117074966431,1.0680197477340698
2008-06-13,extended,22,expanding,1.348983645439148,0.9140557646751404
2008-06-16,extended,22,expanding,0.9026332497596741,0.7263925671577454
2008-06-17,extended,22,expanding,1.0884449481964111,1.0113294124603271
2008-06-18,extended,22,expanding,0.8889089822769165,0.942880392074585
2008-06-19,extended,22,expanding,0.746762216091156,1.0673235654830933
2008-06-20,extended,22,expanding,1.1097676753997803,1.0295990705490112
2008-06-23,extended,22,expanding,0.7963464856147766,0.9124900698661804
2008-06-24,extended,22,expanding,0.8756585717201233,0.8965928554534912
2008-06-25,extended,22,expanding,0.8892988562583923,0.7953341603279114
2008-06-26,extended,22,expanding,0.7492433786392212,0.8541584610939026
2008-06-27,extended,22,expanding,0.8133383393287659,0.9159351587295532
2008-06-30,extended,22,expanding,0.8284218311309814,0.8810150623321533
2008-07-01,extended,22,expanding,0.9112345576286316,0.9361250400543213
2008-07-02,extended,22,expanding,1.48002028465271,1.4843096733093262
2008-07-03,extended,22,expanding,1.3363113403320312,1.4498258829116821
2008-07-04,extended,22,expanding,1.2512078285217285,1.3687477111816406
2008-07-07,extended,22,expanding,1.1285374164581299,1.0868251323699951
2008-07-08,extended,22,expanding,1.5028406381607056,1.8187569379806519
2008-07-09,extended,22,expanding,1.5171376466751099,2.0417463779449463
2008-07-10,extended,22,expanding,1.7798517942428589,1.9761117696762085
2008-07-11,extended,22,expanding,1.682915449142456,1.7297701835632324
2008-07-14,extended,22,expanding,1.36408269405365,1.3316802978515625
2008-07-15,extended,22,expanding,1.44770085811615,1.1997332572937012
2008-07-16,extended,22,expanding,1.683732509613037,1.7642817497253418
2008-07-17,extended,22,expanding,0.9919468760490417,1.252798080444336
2008-07-18,extended,22,expanding,1.1980042457580566,1.517317771911621
2008-07-21,extended,22,expanding,1.1891367435455322,1.0309925079345703
2008-07-22,extended,22,expanding,1.0869990587234497,1.293290138244629
2008-07-23,extended,22,expanding,0.8138403296470642,0.9435385465621948
2008-07-24,extended,22,expanding,0.8643358945846558,0.9335110187530518
2008-07-25,extended,22,expanding,1.032257080078125,0.8878923654556274
2008-07-28,extended,22,expanding,0.9946733713150024,0.9560001492500305
2008-07-29,extended,22,expanding,0.8866472840309143,1.1043518781661987
2008-07-30,extended,22,expanding,0.949339747428894,1.1138916015625
2008-07-31,extended,22,expanding,1.0539661645889282,0.8771300911903381
2008-08-01,extended,22,expanding,0.9552934765815735,0.9503185749053955
2008-08-04,extended,22,expanding,1.285617470741272,1.0735608339309692
2008-08-05,extended,22,expanding,1.1887999773025513,1.0441086292266846
2008-08-06,extended,22,expanding,0.5858206748962402,0.943779468536377
2008-08-07,extended,22,expanding,1.2624953985214233,1.0272226333618164
2008-08-08,extended,22,expanding,1.0283619165420532,0.9641464948654175
2008-08-11,extended,22,expanding,0.7601138353347778,1.32760488986969
2008-08-12,extended,22,expanding,1.1456537246704102,1.1117044687271118
2008-08-13,extended,22,expanding,1.0993320941925049,1.1041021347045898
2008-08-14,extended,22,expanding,0.8355039358139038,1.0784549713134766
2008-08-18,extended,22,expanding,0.9135329127311707,0.8517642021179199
2008-08-19,extended,22,expanding,0.9356940388679504,1.0997462272644043
2008-08-20,extended,22,expanding,1.130637764930725,1.0030279159545898
2008-08-21,extended,22,expanding,0.8996863961219788,1.1782662868499756
2008-08-22,extended,22,expanding,1.1111183166503906,1.081307053565979
2008-08-25,extended,22,expanding,1.027492642402649,0.8343527317047119
2008-08-26,extended,22,expanding,1.0266616344451904,1.2740944623947144
2008-08-27,extended,22,expanding,1.2827327251434326,1.0746020078659058
2008-08-28,extended,22,expanding,1.147202968597412,1.2958418130874634
2008-08-29,extended,22,expanding,1.1708245277404785,0.9548888802528381
2008-09-01,extended,22,expanding,1.389266014099121,1.1951109170913696
2008-09-02,extended,22,expanding,1.7279349565505981,1.6956497430801392
2008-09-03,extended,22,expanding,1.6843599081039429,1.3996201753616333
2008-09-04,extended,22,expanding,1.492856740951538,1.7448776960372925
2008-09-05,extended,22,expanding,0.9939812421798706,1.3762297630310059
2008-09-08,extended,22,expanding,1.0625709295272827,1.4703208208084106
2008-09-09,extended,22,expanding,1.0871598720550537,1.7448598146438599
2008-09-10,extended,22,expanding,1.2300684452056885,1.2233949899673462
2008-09-11,extended,22,expanding,1.5666940212249756,1.3650580644607544
2008-09-12,extended,22,expanding,1.1266182661056519,1.2840700149536133
2008-09-16,extended,22,expanding,1.8428541421890259,1.4290200471878052
2008-09-17,extended,22,expanding,1.2696144580841064,1.9010186195373535
2008-09-18,extended,22,expanding,1.8457545042037964,2.109891176223755
2008-09-19,extended,22,expanding,1.1422226428985596,1.5599595308303833
2008-09-22,extended,22,expanding,1.5307953357696533,1.080920934677124
2008-09-23,extended,22,expanding,1.155596137046814,1.4919551610946655
2008-09-24,extended,22,expanding,1.4955123662948608,1.0612746477127075
2008-09-25,extended,22,expanding,1.4978162050247192,1.226306676864624
2008-09-26,extended,22,expanding,1.2229030132293701,1.145013451576233
2008-09-29,extended,22,expanding,1.3921234607696533,1.5178521871566772
2008-09-30,extended,22,expanding,1.6711236238479614,3.106316566467285
2008-10-01,extended,22,expanding,1.7675389051437378,1.5243730545043945
2008-10-02,extended,22,expanding,1.6100245714187622,2.288783311843872
2008-10-06,extended,22,expanding,1.5780242681503296,1.8488118648529053
2008-10-07,extended,22,expanding,1.932241439819336,2.7477025985717773
2008-10-08,extended,22,expanding,1.9627397060394287,2.529592752456665
2008-10-09,extended,22,expanding,2.611713409423828,2.509859800338745
2008-10-10,extended,22,expanding,4.016681671142578,2.759394645690918
2008-10-13,extended,22,expanding,2.6425256729125977,2.5201363563537598
2008-10-14,extended,22,expanding,1.6828978061676025,2.8897054195404053
2008-10-15,extended,22,expanding,1.7299060821533203,2.6357192993164062
2008-10-16,extended,22,expanding,2.414174795150757,2.793304204940796
2008-10-17,extended,22,expanding,3.7640860080718994,4.003406047821045
2008-10-20,extended,22,expanding,3.3035545349121094,2.9669878482818604
2008-10-21,extended,22,expanding,2.7861673831939697,2.7872872352600098
2008-10-22,extended,22,expanding,3.5716190338134766,4.061451435089111
2008-10-23,extended,22,expanding,4.99489688873291,3.248821258544922
2008-10-24,extended,22,expanding,5.038016319274902,6.182322025299072
2008-10-27,extended,22,expanding,6.134731292724609,6.214137077331543
2008-10-28,extended,22,expanding,4.9312334060668945,6.839823246002197
2008-10-29,extended,22,expanding,7.709535121917725,11.207359313964844
2008-10-30,extended,22,expanding,4.438540458679199,7.390327453613281
2008-10-31,extended,22,expanding,6.013627052307129,7.813527584075928
2008-11-03,extended,22,expanding,3.66127347946167,4.8137125968933105
2008-11-04,extended,22,expanding,3.22156023979187,3.2997422218322754
2008-11-05,extended,22,expanding,3.196448564529419,3.9822564125061035
2008-11-06,extended,22,expanding,3.0373477935791016,2.926936388015747
2008-11-07,extended,22,expanding,4.652531147003174,5.984118938446045
2008-11-10,extended,22,expanding,4.299422264099121,3.079103469848633
2008-11-11,extended,22,expanding,2.9501523971557617,3.494873523712158
2008-11-12,extended,22,expanding,3.0097570419311523,3.1742300987243652
2008-11-13,extended,22,expanding,2.9958269596099854,2.8766567707061768
2008-11-14,extended,22,expanding,2.9274189472198486,3.4534547328948975
2008-11-17,extended,22,expanding,3.3154830932617188,3.8872928619384766
2008-11-18,extended,22,expanding,3.1176517009735107,2.5041065216064453
2008-11-19,extended,22,expanding,2.9421956539154053,3.1519129276275635
2008-11-20,extended,22,expanding,2.718191146850586,2.331554651260376
2008-11-21,extended,22,expanding,3.802747964859009,6.278995037078857
2008-11-24,extended,22,expanding,3.976086378097534,2.8156399726867676
2008-11-25,extended,22,expanding,3.7629263401031494,3.9475395679473877
2008-11-26,extended,22,expanding,2.5999577045440674,2.468895196914673
2008-11-27,extended,22,expanding,2.5752861499786377,2.2239954471588135
2008-11-28,extended,22,expanding,2.4370975494384766,1.933780550956726
2008-12-01,extended,22,expanding,2.1184117794036865,2.3140463829040527
2008-12-02,extended,22,expanding,2.2298238277435303,1.7596553564071655
2008-12-03,extended,22,expanding,2.036716938018799,1.952004075050354
2008-12-04,extended,22,expanding,2.0408802032470703,2.670457601547241
2008-12-05,extended,22,expanding,2.1053695678710938,1.702797532081604
2008-12-08,extended,22,expanding,2.0291647911071777,3.0991904735565186
2008-12-09,extended,22,expanding,2.6725399494171143,2.6856391429901123
2008-12-10,extended,22,expanding,2.11342453956604,2.4450860023498535
2008-12-11,extended,22,expanding,2.2942323684692383,2.117223024368286
2008-12-12,extended,22,expanding,2.9049158096313477,2.5864365100860596
2008-12-15,extended,22,expanding,1.7442644834518433,1.7423096895217896
2008-12-16,extended,22,expanding,1.9697535037994385,1.9042024612426758
2008-12-17,extended,22,expanding,2.267918348312378,2.7533185482025146
2008-12-18,extended,22,expanding,1.8898248672485352,2.3366334438323975
2008-12-19,extended,22,expanding,1.8211729526519775,2.0747196674346924
2008-12-22,extended,22,expanding,1.8542088270187378,1.8149046897888184
2008-12-23,extended,22,expanding,1.7823359966278076,1.6437170505523682
2008-12-24,extended,22,expanding,2.1892316341400146,2.0869436264038086
2008-12-26,extended,22,expanding,1.999356746673584,1.8050504922866821
2008-12-29,extended,22,expanding,1.8800206184387207,2.280975103378296
2008-12-30,extended,22,expanding,1.9624799489974976,1.7484838962554932
2009-01-02,extended,22,expanding,2.0226919651031494,2.042855739593506
2009-01-05,extended,22,expanding,1.7057502269744873,2.5150697231292725
2009-01-06,extended,22,expanding,1.4364230632781982,1.6667962074279785
2009-01-07,extended,22,expanding,1.4117517471313477,2.1253206729888916
2009-01-08,extended,22,expanding,1.4797892570495605,1.927886962890625
2009-01-09,extended,22,expanding,2.285191774368286,2.1337387561798096
2009-01-12,extended,22,expanding,1.8063009977340698,1.881456732749939
2009-01-13,extended,22,expanding,1.6150223016738892,2.122534990310669
2009-01-14,extended,22,expanding,1.5001497268676758,1.6812498569488525
2009-01-15,extended,22,expanding,1.5293182134628296,1.888430118560791
2009-01-16,extended,22,expanding,1.5516858100891113,2.007533073425293
2009-01-19,extended,22,expanding,1.682395577430725,1.3757264614105225
2009-01-20,extended,22,expanding,1.5145608186721802,1.395578384399414
2009-01-21,extended,22,expanding,1.3976837396621704,1.8762801885604858
2009-01-22,extended,22,expanding,1.356623649597168,1.7994455099105835
2009-01-23,extended,22,expanding,1.2475180625915527,1.536312460899353
2009-01-28,extended,22,expanding,1.1314868927001953,1.6452206373214722
2009-01-29,extended,22,expanding,1.303892731666565,1.3296372890472412
2009-01-30,extended,22,expanding,1.2532795667648315,1.7229219675064087
2009-02-02,extended,22,expanding,1.5204495191574097,1.5210531949996948
2009-02-03,extended,22,expanding,1.7948081493377686,1.8035846948623657
2009-02-04,extended,22,expanding,1.1679505109786987,1.343427300453186
2009-02-05,extended,22,expanding,1.3390116691589355,1.7454121112823486
2009-02-06,extended,22,expanding,1.462713599205017,1.352399230003357
2009-02-09,extended,22,expanding,1.3283445835113525,1.5092873573303223
2009-02-10,extended,22,expanding,1.6525019407272339,1.8027092218399048
2009-02-11,extended,22,expanding,1.1333554983139038,1.9965482950210571
2009-02-12,extended,22,expanding,1.5471514463424683,1.4753766059875488
2009-02-13,extended,22,expanding,1.6792893409729004,1.4325860738754272
2009-02-16,extended,22,expanding,1.3316264152526855,1.5389145612716675
2009-02-17,extended,22,expanding,1.7122797966003418,1.7983661890029907
2009-02-18,extended,22,expanding,2.1118955612182617,1.8927489519119263
2009-02-19,extended,22,expanding,1.9229050874710083,1.8347703218460083
2009-02-20,extended,22,expanding,2.2041473388671875,2.0882880687713623
2009-02-23,extended,22,expanding,2.0287821292877197,2.2742578983306885
2009-02-24,extended,22,expanding,1.8271141052246094,1.3785673379898071
2009-02-25,extended,22,expanding,1.5681121349334717,2.3028640747070312
2009-02-26,extended,22,expanding,2.50559401512146,3.014770269393921
2009-02-27,extended,22,expanding,1.6536344289779663,2.301173210144043
2009-03-02,extended,22,expanding,1.8615176677703857,1.9514192342758179
2009-03-03,extended,22,expanding,2.399925708770752,2.8207030296325684
2009-03-04,extended,22,expanding,2.1506052017211914,2.6461923122406006
2009-03-05,extended,22,expanding,2.0809552669525146,2.536097764968872
2009-03-06,extended,22,expanding,1.7582151889801025,2.0327024459838867
2009-03-09,extended,22,expanding,1.7188359498977661,1.91523015499115
2009-03-10,extended,22,expanding,1.6518765687942505,2.046705961227417
2009-03-11,extended,22,expanding,1.1009459495544434,1.6278882026672363
2009-03-12,extended,22,expanding,1.4630047082901,2.087459087371826
2009-03-13,extended,22,expanding,1.6035854816436768,1.8222781419754028
2009-03-16,extended,22,expanding,1.5891352891921997,1.4979448318481445
2009-03-17,extended,22,expanding,1.3110144138336182,1.6590620279312134
2009-03-18,extended,22,expanding,1.4432815313339233,1.8461097478866577
2009-03-19,extended,22,expanding,1.3960909843444824,1.8262354135513306
2009-03-20,extended,22,expanding,1.3092468976974487,1.4244259595870972
2009-03-23,extended,22,expanding,0.8993242979049683,1.4198189973831177
2009-03-24,extended,22,expanding,1.0440336465835571,1.3848036527633667
2009-03-25,extended,22,expanding,1.2199814319610596,1.360528826713562
2009-03-26,extended,22,expanding,1.2991985082626343,1.5102289915084839
2009-03-27,extended,22,expanding,1.2714563608169556,1.6395748853683472
2009-03-30,extended,22,expanding,1.3824703693389893,1.5485093593597412
2009-03-31,extended,22,expanding,1.5211267471313477,2.09751033782959
2009-04-01,extended,22,expanding,1.7022407054901123,1.5238441228866577
2009-04-02,extended,22,expanding,1.1602210998535156,1.5750213861465454
2009-04-03,extended,22,expanding,1.4673212766647339,1.5000438690185547
2009-04-06,extended,22,expanding,1.3774768114089966,1.493835210800171
2009-04-07,extended,22,expanding,1.285055160522461,1.624436616897583
2009-04-08,extended,22,expanding,1.0922125577926636,1.193233609199524
2009-04-09,extended,22,expanding,1.2033240795135498,1.7251278162002563
2009-04-10,extended,22,expanding,1.9422812461853027,1.5072439908981323
2009-04-13,extended,22,expanding,1.7382475137710571,1.6256444454193115
2009-04-14,extended,22,expanding,1.8123645782470703,1.664693832397461
2009-04-15,extended,22,expanding,1.603392481803894,1.8978378772735596
2009-04-16,extended,22,expanding,1.6804604530334473,1.8268460035324097
2009-04-17,extended,22,expanding,1.8010653257369995,1.9570425748825073
2009-04-20,extended,22,expanding,1.5988209247589111,1.7133150100708008
2009-04-21,extended,22,expanding,1.4490888118743896,1.9508823156356812
2009-04-22,extended,22,expanding,1.3735660314559937,1.3791348934173584
2009-04-23,extended,22,expanding,1.2601600885391235,1.2634963989257812
2009-04-24,extended,22,expanding,1.434009075164795,1.6468923091888428
2009-04-27,extended,22,expanding,1.490587830543518,1.581525206565857
2009-04-28,extended,22,expanding,1.8049900531768799,1.6908438205718994
2009-04-29,extended,22,expanding,1.3402842283248901,1.803303837776184
2009-04-30,extended,22,expanding,1.4210255146026611,1.3475072383880615
2009-05-04,extended,22,expanding,0.928738534450531,1.3950164318084717
2009-05-06,extended,22,expanding,1.3117257356643677,1.5168976783752441
2009-05-07,extended,22,expanding,1.1507859230041504,1.4181287288665771
2009-05-08,extended,22,expanding,1.1152061223983765,1.2878576517105103
2009-05-11,extended,22,expanding,1.1903024911880493,1.0639963150024414
2009-05-12,extended,22,expanding,1.0273106098175049,1.3174241781234741
2009-05-13,extended,22,expanding,0.8636084198951721,1.02173912525177
2009-05-14,extended,22,expanding,1.0069555044174194,1.027069091796875
2009-05-15,extended,22,expanding,0.8070036768913269,1.3212144374847412
2009-05-18,extended,22,expanding,0.9164167642593384,1.151499629020691
2009-05-19,extended,22,expanding,0.7585825324058533,0.9954993724822998
2009-05-20,extended,22,expanding,0.7307866811752319,1.1021671295166016
2009-05-21,extended,22,expanding,0.941281795501709,1.2808372974395752
2009-05-22,extended,22,expanding,1.1849349737167358,1.3103067874908447
2009-05-25,extended,22,expanding,4.677891731262207,3.3896050453186035
2009-05-26,extended,22,expanding,1.763990879058838,2.130491018295288
2009-05-27,extended,22,expanding,1.7943904399871826,1.8006705045700073
2009-05-28,extended,22,expanding,1.9288713932037354,2.018315076828003
2009-05-29,extended,22,expanding,1.5330755710601807,1.6853070259094238
2009-06-01,extended,22,expanding,1.2002967596054077,1.471673607826233
2009-06-02,extended,22,expanding,1.2983886003494263,1.4261152744293213
2009-06-03,extended,22,expanding,1.2660316228866577,1.5271629095077515
2009-06-04,extended,22,expanding,1.28879714012146,1.3746414184570312
2009-06-05,extended,22,expanding,1.307443380355835,1.441815972328186
2009-06-08,extended,22,expanding,1.15872061252594,1.3001430034637451
2009-06-09,extended,22,expanding,1.3394527435302734,1.4572572708129883
2009-06-10,extended,22,expanding,1.135321855545044,1.2451729774475098
2009-06-11,extended,22,expanding,1.5764868259429932,1.3395124673843384
2009-06-12,extended,22,expanding,0.9101919531822205,1.31131911277771
2009-06-15,extended,22,expanding,1.1243280172348022,1.2338865995407104
2009-06-16,extended,22,expanding,1.0960274934768677,1.3807692527770996
2009-06-17,extended,22,expanding,0.8887717127799988,1.204825758934021
2009-06-18,extended,22,expanding,1.0513397455215454,1.343860387802124
2009-06-19,extended,22,expanding,0.9420949816703796,1.1338821649551392
2009-06-22,extended,22,expanding,0.9040094017982483,1.005566954612732
2009-06-23,extended,22,expanding,0.9320225119590759,1.0447345972061157
2009-06-24,extended,22,expanding,1.0125497579574585,1.2426259517669678
2009-06-25,extended,22,expanding,1.0435999631881714,1.2614492177963257
2009-06-26,extended,22,expanding,0.9063265323638916,1.0916470289230347
2009-06-29,extended,22,expanding,0.8577601313591003,1.1047908067703247
2009-06-30,extended,22,expanding,1.0068490505218506,1.3357592821121216
