date,feature_set,L,protocol,RV_target,RV_pred
2014-01-07,core,60,static,0.9929978,0.7943374
2014-01-08,core,60,static,0.55982196,0.85404664
2014-01-09,core,60,static,0.7221481,0.7872575
2014-01-10,core,60,static,0.8308182,0.7927083
2014-01-14,core,60,static,1.1166403,1.0449766
2014-01-15,core,60,static,0.7597656,0.7850733
2014-01-16,core,60,static,0.7385079,0.90472424
2014-01-17,core,60,static,0.9924829,0.77572435
2014-01-20,core,60,static,0.6351576,0.75168943
2014-01-21,core,60,static,0.68236524,0.7698883
2014-01-22,core,60,static,0.90556103,0.81968653
2014-01-23,core,60,static,0.8677156,1.0192581
2014-01-24,core,60,static,0.9876176,0.97670615
2014-01-27,core,60,static,1.0500518,0.8520539
2014-01-28,core,60,static,0.8367259,0.84830844
2014-01-29,core,60,static,0.7737801,0.83813155
2014-01-30,core,60,static,1.2759646,0.98731565
2014-01-31,core,60,static,1.1827918,1.3158164
2014-02-03,core,60,static,1.1922182,1.1184434
2014-02-04,core,60,static,1.6071959,1.2451814
2014-02-05,core,60,static,1.2378954,1.1105812
2014-02-06,core,60,static,0.9547833,0.95827365
2014-02-07,core,60,static,0.73973215,0.7329088
2014-02-10,core,60,static,0.70442957,0.6817905
2014-02-12,core,60,static,0.6793457,0.65762603
2014-02-13,core,60,static,0.7595481,1.0416021
2014-02-14,core,60,static,1.5592761,1.4625514
2014-02-17,core,60,static,1.0413496,1.0601655
2014-02-18,core,60,static,1.4758527,1.3085943
2014-02-19,core,60,static,0.79908484,1.0427386
2014-02-20,core,60,static,1.1217945,1.2576647
2014-02-21,core,60,static,0.84724355,1.0820005
2014-02-24,core,60,static,1.188368,1.1477083
2014-02-25,core,60,static,0.70223475,0.807883
2014-02-26,core,60,static,0.8268716,0.8614607
2014-02-27,core,60,static,0.8597349,0.7961828
2014-02-28,core,60,static,1.0540922,0.9814321
2014-03-03,core,60,static,1.2059813,0.99563396
2014-03-04,core,60,static,0.7824622,0.9509016
2014-03-05,core,60,static,0.69540536,0.6278572
2014-03-06,core,60,static,0.9321518,1.074837
2014-03-07,core,60,static,0.70667803,0.9000103
2014-03-10,core,60,static,0.83244985,0.81543076
2014-03-11,core,60,static,0.8417272,0.7505855
2014-03-12,core,60,static,0.77094215,0.82670677
2014-03-13,core,60,static,0.83867455,0.6787312
2014-03-14,core,60,static,1.1113584,0.9901078
2014-03-17,core,60,static,1.1761091,0.7755416
2014-03-18,core,60,static,0.88540554,0.83293635
2014-03-19,core,60,static,1.3912756,1.1488851
2014-03-25,core,60,static,0.9714549,0.9213078
2014-03-26,core,60,static,0.96506923,0.8717785
2014-03-27,core,60,static,1.3056054,1.451657
2014-03-28,core,60,static,0.89101136,1.0038733
2014-03-31,core,60,static,0.69621205,0.7872126
2014-04-01,core,60,static,0.7554367,0.7533108
2014-04-02,core,60,static,0.8529638,0.7751884
2014-04-03,core,60,static,0.7055742,0.8093446
2014-04-04,core,60,static,0.5401592,0.622543
2014-04-07,core,60,static,0.6578506,0.70494914
2014-04-08,core,60,static,0.9137992,0.7371357
2014-04-09,core,60,static,1.009909,0.9132605
2014-04-10,core,60,static,0.8897711,1.0326793
2014-04-11,core,60,static,1.0655437,0.94711745
2014-04-14,core,60,static,0.8920437,0.7739096
2014-04-15,core,60,static,0.7417469,0.7289529
2014-04-16,core,60,static,0.9056222,1.001961
2014-04-17,core,60,static,0.95001894,0.7624494
2014-04-18,core,60,static,0.5880501,0.670161
2014-04-21,core,60,static,0.68551946,0.7103474
2014-04-22,core,60,static,0.6050715,0.8912457
2014-04-23,core,60,static,0.6681907,0.56730735
2014-04-24,core,60,static,0.7531964,0.82896036
2014-04-25,core,60,static,0.8171542,0.84703803
2014-04-28,core,60,static,0.5202675,0.7007544
2014-04-30,core,60,static,0.7706513,0.6869039
2014-05-01,core,60,static,0.84712476,0.6816085
2014-05-02,core,60,static,0.44685054,0.5239005
2014-05-07,core,60,static,0.68703073,0.97593987
2014-05-08,core,60,static,0.6638346,0.6763555
2014-05-09,core,60,static,0.8249565,0.8715611
2014-05-12,core,60,static,0.64987975,0.6104325
2014-05-13,core,60,static,0.5705969,0.53700197
2014-05-14,core,60,static,0.44689208,0.50965774
2014-05-15,core,60,static,0.64376944,0.574582
2014-05-16,core,60,static,0.5206161,0.65754473
2014-05-19,core,60,static,0.6803092,0.7190344
2014-05-20,core,60,static,0.55800164,0.5877564
2014-05-21,core,60,static,0.6375392,0.59914744
2014-05-22,core,60,static,0.6842453,0.81235826
2014-05-23,core,60,static,0.44052288,0.6681285
2014-05-26,core,60,static,0.37913492,0.49993998
2014-05-27,core,60,static,0.6434642,0.6396563
2014-05-28,core,60,static,0.6203026,0.56462866
2014-05-29,core,60,static,0.61157197,0.6012402
2014-05-30,core,60,static,0.6328049,0.67393285
2014-06-02,core,60,static,0.6377771,0.7206727
2014-06-03,core,60,static,0.46424276,0.46908507
2014-06-04,core,60,static,0.62038946,0.5388474
2014-06-05,core,60,static,0.42855427,0.5446505
2014-06-06,core,60,static,0.48644966,0.5641423
2014-06-09,core,60,static,0.39111125,0.49886495
2014-06-10,core,60,static,0.62941206,0.7818768
2014-06-11,core,60,static,0.38836092,0.48631644
2014-06-12,core,60,static,0.55599385,0.5672046
2014-06-13,core,60,static,0.6853583,0.93014127
2014-06-16,core,60,static,0.6171051,0.8029669
2014-06-17,core,60,static,0.5108878,0.49851316
2014-06-18,core,60,static,0.5292312,0.5920296
2014-06-19,core,60,static,0.715569,0.7889645
2014-06-20,core,60,static,0.6328794,0.6449954
2014-06-23,core,60,static,0.54107994,0.5580455
2014-06-24,core,60,static,0.6010311,0.68933177
2014-06-25,core,60,static,0.4700113,0.52775633
2014-06-26,core,60,static,0.3968126,0.47017336
2014-06-27,core,60,static,0.84021884,0.999624
2014-06-30,core,60,static,0.57549506,0.6182571
2014-07-01,core,60,static,0.8379273,0.85097814
2014-07-02,core,60,static,0.3906125,0.6110306
2014-07-03,core,60,static,0.42104033,0.59660643
2014-07-04,core,60,static,0.33971897,0.51944447
2014-07-07,core,60,static,0.37034258,0.5660242
2014-07-08,core,60,static,0.61948246,0.6628451
2014-07-09,core,60,static,0.5096815,0.53622764
2014-07-10,core,60,static,0.40454504,0.5547024
2014-07-11,core,60,static,0.53335774,0.5907748
2014-07-14,core,60,static,0.44155797,0.6237831
2014-07-15,core,60,static,0.4875106,0.49276963
2014-07-16,core,60,static,0.34048226,0.46757957
2014-07-17,core,60,static,0.37393007,0.5153738
2014-07-18,core,60,static,0.5535996,0.5932021
2014-07-22,core,60,static,0.40292332,0.46475953
2014-07-23,core,60,static,0.30114886,0.4510321
2014-07-24,core,60,static,0.52046865,0.6006998
2014-07-25,core,60,static,0.3752552,0.5608325
2014-07-28,core,60,static,0.49145386,0.536121
2014-07-29,core,60,static,0.36667457,0.44974378
2014-07-30,core,60,static,0.41785625,0.41242525
2014-07-31,core,60,static,0.49558058,0.5249233
2014-08-01,core,60,static,0.4799793,0.5276209
2014-08-04,core,60,static,0.44888687,0.53538215
2014-08-05,core,60,static,0.5403825,0.792924
2014-08-06,core,60,static,0.6847517,0.6531662
2014-08-07,core,60,static,0.8375794,0.6842775
2014-08-08,core,60,static,1.195581,1.232119
2014-08-11,core,60,static,0.67873245,0.75624317
2014-08-12,core,60,static,0.50416714,0.68439186
2014-08-13,core,60,static,0.59598273,0.6360746
2014-08-14,core,60,static,0.41829088,0.4494498
2014-08-15,core,60,static,0.30149516,0.49556878
2014-08-18,core,60,static,0.42790744,0.45996225
2014-08-19,core,60,static,0.3051219,0.38031206
2014-08-20,core,60,static,0.30348796,0.3910893
2014-08-21,core,60,static,0.38702157,0.43606058
2014-08-22,core,60,static,0.31535682,0.5591966
2014-08-25,core,60,static,0.38037792,0.42238793
2014-08-26,core,60,static,0.31082103,0.49895427
2014-08-27,core,60,static,0.458984,0.5419466
2014-08-28,core,60,static,0.38679838,0.43255377
2014-08-29,core,60,static,0.39064065,0.50050396
2014-09-01,core,60,static,0.22931044,0.37109974
2014-09-02,core,60,static,0.5366238,0.6634937
2014-09-03,core,60,static,0.46095583,0.4666867
2014-09-04,core,60,static,0.40266037,0.43991065
2014-09-05,core,60,static,0.47743714,0.61800265
2014-09-08,core,60,static,0.3796941,0.4565442
2014-09-09,core,60,static,0.34021303,0.39842433
2014-09-10,core,60,static,0.39407885,0.48998764
2014-09-11,core,60,static,0.40020424,0.40236315
2014-09-12,core,60,static,0.5142043,0.51470435
2014-09-16,core,60,static,0.3597271,0.39925912
2014-09-17,core,60,static,0.35162345,0.44638675
2014-09-18,core,60,static,0.36179757,0.4744537
2014-09-19,core,60,static,0.5172682,0.685939
2014-09-22,core,60,static,0.35834184,0.56911093
2014-09-24,core,60,static,0.5036601,0.5064848
2014-09-25,core,60,static,0.3381999,0.45088777
2014-09-26,core,60,static,0.57338595,0.6517305
2014-09-29,core,60,static,0.4584803,0.46268585
2014-09-30,core,60,static,0.5464531,0.74016714
2014-10-01,core,60,static,0.64316356,0.64725095
2014-10-02,core,60,static,0.76328415,1.0452554
2014-10-03,core,60,static,1.0020511,0.7037581
2014-10-06,core,60,static,0.55427086,0.7927945
2014-10-07,core,60,static,0.61257577,0.7336143
2014-10-08,core,60,static,0.58714724,0.6479013
2014-10-09,core,60,static,0.91856515,0.94228894
2014-10-10,core,60,static,0.74708724,0.7855216
2014-10-14,core,60,static,0.7626068,0.85919046
2014-10-15,core,60,static,0.99067354,0.7497365
2014-10-16,core,60,static,0.98506254,0.8325442
2014-10-17,core,60,static,1.0517386,1.2124925
2014-10-20,core,60,static,0.9073313,0.99634826
2014-10-21,core,60,static,1.0882068,1.4103899
2014-10-22,core,60,static,0.79123354,0.9126063
2014-10-23,core,60,static,0.7146961,0.86872566
2014-10-24,core,60,static,0.7260992,0.8294987
2014-10-27,core,60,static,0.48718125,0.6089387
2014-10-28,core,60,static,0.46595663,0.66200364
2014-10-29,core,60,static,0.6780776,0.6924224
2014-10-30,core,60,static,0.4152505,0.6125791
2014-10-31,core,60,static,2.19771,1.7907939
2014-11-04,core,60,static,1.9115504,1.2958488
2014-11-05,core,60,static,1.0005338,1.1323352
2014-11-06,core,60,static,1.248813,1.1910627
2014-11-07,core,60,static,0.5483654,0.6698978
2014-11-10,core,60,static,0.5790799,0.7069397
2014-11-11,core,60,static,0.6575284,0.89337814
2014-11-12,core,60,static,1.0307268,0.8353086
2014-11-13,core,60,static,0.88764495,0.9976162
2014-11-14,core,60,static,0.9472582,0.90513647
2014-11-17,core,60,static,1.0509596,1.4499598
2014-11-18,core,60,static,0.6759118,0.8963201
2014-11-19,core,60,static,0.7302673,0.8899033
2014-11-20,core,60,static,0.56303227,0.72251755
2014-11-21,core,60,static,0.9204502,0.9388099
2014-11-25,core,60,static,0.50027895,0.62177956
2014-11-26,core,60,static,0.3856903,0.62129694
2014-11-27,core,60,static,0.50433457,0.5741867
2014-11-28,core,60,static,0.5068785,0.6115757
2014-12-01,core,60,static,0.6539518,0.6279013
2014-12-02,core,60,static,0.51602525,0.7356317
2014-12-03,core,60,static,0.6252871,0.61393565
2014-12-04,core,60,static,0.5004117,0.55732685
2014-12-05,core,60,static,0.42895722,0.6289966
2014-12-08,core,60,static,0.69132453,0.62821084
2014-12-09,core,60,static,0.47860804,0.5880165
2014-12-10,core,60,static,0.98193306,1.0058223
2014-12-11,core,60,static,0.926974,0.89902
2014-12-12,core,60,static,0.8396664,0.8885825
2014-12-15,core,60,static,0.9241034,0.9552446
2014-12-16,core,60,static,0.640895,0.83095354
2014-12-17,core,60,static,0.8817685,0.7668121
2014-12-18,core,60,static,0.65928036,0.6420731
2014-12-19,core,60,static,0.5467008,0.7388723
2014-12-22,core,60,static,0.54934204,0.57457244
2014-12-24,core,60,static,0.3262927,0.5362123
2014-12-25,core,60,static,0.29669535,0.49528334
2014-12-26,core,60,static,0.31702593,0.50013685
2014-12-29,core,60,static,0.988299,1.0163898
2014-12-30,core,60,static,0.67278767,0.9014827
2015-01-05,core,60,static,1.0581647,0.9903882
2015-01-06,core,60,static,0.8368668,0.86607814
2015-01-07,core,60,static,0.79040897,0.6748413
2015-01-08,core,60,static,0.6772492,0.85314226
2015-01-09,core,60,static,0.748735,0.8226162
2015-01-13,core,60,static,0.9260557,0.83240706
2015-01-14,core,60,static,0.8942583,0.981021
2015-01-15,core,60,static,0.918971,0.96540827
2015-01-16,core,60,static,1.0484915,1.0803374
2015-01-19,core,60,static,0.7981591,0.73922396
2015-01-20,core,60,static,0.7273282,0.9183733
2015-01-21,core,60,static,0.6536433,0.7638835
2015-01-22,core,60,static,0.6781052,0.6600405
2015-01-23,core,60,static,0.42885068,0.5308723
2015-01-26,core,60,static,0.58360314,0.7451069
2015-01-27,core,60,static,0.5117294,0.59905195
2015-01-28,core,60,static,0.56040734,0.7319434
2015-01-29,core,60,static,0.64788276,0.74091303
2015-01-30,core,60,static,0.60407484,0.65904605
2015-02-02,core,60,static,0.6687342,0.71195865
2015-02-03,core,60,static,0.8945028,1.1194713
2015-02-04,core,60,static,0.7012464,0.7811896
2015-02-05,core,60,static,0.75102514,0.7217355
2015-02-06,core,60,static,0.47369716,0.57459
2015-02-09,core,60,static,0.5304527,0.67589533
2015-02-10,core,60,static,0.45380566,0.6097113
2015-02-12,core,60,static,0.50001955,0.5197841
2015-02-13,core,60,static,0.5767446,0.5548852
2015-02-16,core,60,static,0.49525174,0.46461168
2015-02-17,core,60,static,0.41838494,0.4980799
2015-02-18,core,60,static,0.31954432,0.5075307
2015-02-19,core,60,static,0.372081,0.45956877
2015-02-20,core,60,static,0.36497542,0.43160036
2015-02-23,core,60,static,0.38877428,0.45964807
2015-02-24,core,60,static,0.43328205,0.51651347
2015-02-25,core,60,static,0.4532299,0.4696407
2015-02-26,core,60,static,0.49888864,0.55789703
2015-02-27,core,60,static,0.52715445,0.5601543
2015-03-02,core,60,static,0.4335555,0.5595512
2015-03-03,core,60,static,0.55336016,0.5856525
2015-03-04,core,60,static,0.5255971,0.5696905
2015-03-05,core,60,static,0.4201809,0.46810797
2015-03-06,core,60,static,0.5053212,0.6140723
2015-03-09,core,60,static,0.551227,0.58741474
2015-03-10,core,60,static,0.77416724,0.9413444
2015-03-11,core,60,static,0.60120213,0.71904325
2015-03-12,core,60,static,0.7062233,0.7464084
2015-03-13,core,60,static,0.64537174,0.8698707
2015-03-16,core,60,static,0.5888771,0.6001888
2015-03-17,core,60,static,0.31845242,0.54714954
2015-03-18,core,60,static,0.49470147,0.5153197
2015-03-19,core,60,static,0.83982056,0.67421794
2015-03-20,core,60,static,0.40309644,0.6155149
2015-03-23,core,60,static,0.49912554,0.6363864
2015-03-24,core,60,static,0.50451314,0.56041455
2015-03-25,core,60,static,0.60764873,0.6510853
2015-03-26,core,60,static,0.73930085,0.7990114
2015-03-27,core,60,static,1.2476948,1.2115123
2015-03-30,core,60,static,0.79197466,0.85945106
2015-03-31,core,60,static,0.8709823,1.2002673
2015-04-01,core,60,static,1.2389112,1.0003824
2015-04-02,core,60,static,0.8624422,0.9884572
2015-04-03,core,60,static,0.68748456,0.7202525
2015-04-06,core,60,static,0.7400669,0.71973085
2015-04-07,core,60,static,0.60862374,0.70355064
2015-04-08,core,60,static,0.5820112,0.6368139
2015-04-09,core,60,static,0.43787917,0.6048776
2015-04-10,core,60,static,0.62531537,0.69119287
2015-04-13,core,60,static,0.62615526,0.59963804
2015-04-14,core,60,static,0.4100186,0.49237248
2015-04-15,core,60,static,0.37868944,0.514897
2015-04-16,core,60,static,0.4510071,0.55071753
2015-04-17,core,60,static,0.7775562,0.6366862
2015-04-20,core,60,static,0.6633403,0.72636557
2015-04-21,core,60,static,0.48352942,0.7095233
2015-04-22,core,60,static,0.51101625,0.59370536
2015-04-23,core,60,static,0.35762784,0.5465475
2015-04-24,core,60,static,0.47648883,0.5520759
2015-04-27,core,60,static,0.63045996,0.587343
2015-04-28,core,60,static,0.41817966,0.45816442
2015-04-30,core,60,static,0.89850855,1.001514
2015-05-01,core,60,static,0.7258315,0.6285014
2015-05-07,core,60,static,0.79485816,0.77915657
2015-05-08,core,60,static,0.48748258,0.6655791
2015-05-11,core,60,static,0.40586707,0.45575485
2015-05-12,core,60,static,0.45552722,0.58549535
2015-05-13,core,60,static,0.6834728,0.7118147
2015-05-14,core,60,static,0.55556977,0.6622361
2015-05-15,core,60,static,0.54012537,0.5359218
2015-05-18,core,60,static,0.39015886,0.55528593
2015-05-19,core,60,static,0.41756612,0.56857455
2015-05-20,core,60,static,0.47765216,0.46938252
2015-05-21,core,60,static,0.5032436,0.5035655
2015-05-22,core,60,static,0.52883387,0.5544185
2015-05-25,core,60,static,0.29894543,0.43813705
2015-05-26,core,60,static,0.38567203,0.45389864
2015-05-27,core,60,static,0.39377263,0.48454997
2015-05-28,core,60,static,0.49497613,0.51717067
2015-05-29,core,60,static,0.59256136,0.4975728
2015-06-01,core,60,static,0.42241454,0.56099594
2015-06-02,core,60,static,0.45926872,0.52466065
2015-06-03,core,60,static,0.43745446,0.489337
2015-06-04,core,60,static,0.3522972,0.45109388
2015-06-05,core,60,static,0.42145154,0.51460576
2015-06-08,core,60,static,0.53755033,0.58215964
2015-06-09,core,60,static,0.45220372,0.72720873
2015-06-10,core,60,static,0.91094947,0.67876214
2015-06-11,core,60,static,0.624376,0.6304674
2015-06-12,core,60,static,0.5033268,0.5650787
2015-06-15,core,60,static,0.52865654,0.6487818
2015-06-16,core,60,static,0.61885947,0.59526664
2015-06-17,core,60,static,0.5089756,0.64171886
2015-06-18,core,60,static,0.640445,0.7100006
2015-06-19,core,60,static,0.53801465,0.5829942
2015-06-22,core,60,static,0.6066666,0.7501807
2015-06-23,core,60,static,0.58190143,0.7734657
2015-06-24,core,60,static,0.49102572,0.500759
2015-06-25,core,60,static,0.3753845,0.5422499
2015-06-26,core,60,static,0.5097278,0.5746872
2015-06-29,core,60,static,0.972158,0.787968
2015-06-30,core,60,static,0.6717302,0.59196067
2015-07-01,core,60,static,0.4418116,0.59267515
2015-07-02,core,60,static,0.44445065,0.5036471
2015-07-03,core,60,static,0.33597615,0.5723852
2015-07-06,core,60,static,0.77378774,0.9005904
2015-07-07,core,60,static,0.44051495,0.5113811
2015-07-08,core,60,static,1.2377485,1.4864447
2015-07-09,core,60,static,1.5454913,1.6606555
2015-07-10,core,60,static,1.0695367,1.1257173
2015-07-13,core,60,static,0.72223955,0.85036254
2015-07-14,core,60,static,0.59193826,0.55082625
2015-07-15,core,60,static,0.4642224,0.5427209
2015-07-16,core,60,static,0.37814215,0.500996
2015-07-17,core,60,static,0.26528454,0.46544427
2015-07-21,core,60,static,0.33021235,0.45711574
2015-07-22,core,60,static,0.41083354,0.4716286
2015-07-23,core,60,static,0.2849535,0.46230805
2015-07-24,core,60,static,0.39053702,0.4972067
2015-07-27,core,60,static,0.79140973,0.5915339
2015-07-28,core,60,static,1.1183492,0.8881364
2015-07-29,core,60,static,0.71525544,0.7863122
2015-07-30,core,60,static,0.45749187,0.63332295
2015-07-31,core,60,static,0.36149645,0.5770527
2015-08-03,core,60,static,0.49720716,0.6438098
2015-08-04,core,60,static,0.43941158,0.4739387
2015-08-05,core,60,static,0.55280465,0.63967884
2015-08-06,core,60,static,0.3892119,0.52074933
2015-08-07,core,60,static,0.6038485,0.62951636
2015-08-10,core,60,static,0.42110485,0.62668806
2015-08-11,core,60,static,0.92282,0.85921097
2015-08-12,core,60,static,1.0630121,1.1855803
2015-08-13,core,60,static,0.79066426,0.9337056
2015-08-14,core,60,static,0.57319975,0.6622269
2015-08-17,core,60,static,0.46934605,0.6360309
2015-08-18,core,60,static,0.41419494,0.56126875
2015-08-19,core,60,static,0.7090916,0.8630854
2015-08-20,core,60,static,0.8051279,0.7396474
2015-08-21,core,60,static,1.003589,0.9835518
2015-08-24,core,60,static,1.9622864,1.6657141
2015-08-25,core,60,static,3.6375158,2.9344368
2015-08-26,core,60,static,2.1537983,2.1883662
2015-08-27,core,60,static,1.343263,1.2460523
2015-08-28,core,60,static,1.1837245,0.8853947
2015-08-31,core,60,static,1.2183108,1.0517918
2015-09-01,core,60,static,1.3787259,1.7947989
2015-09-02,core,60,static,2.5988379,1.6208606
2015-09-03,core,60,static,1.2364727,1.3465867
2015-09-04,core,60,static,1.9289902,1.8244213
2015-09-07,core,60,static,2.2886379,1.6504711
2015-09-08,core,60,static,1.4039917,1.987879
2015-09-09,core,60,static,2.0893931,2.419842
2015-09-10,core,60,static,2.208182,1.8578782
2015-09-11,core,60,static,1.2127571,1.2570691
2015-09-14,core,60,static,1.2906139,1.5057602
2015-09-15,core,60,static,1.5159482,1.1013377
2015-09-16,core,60,static,0.9210177,1.0461624
2015-09-17,core,60,static,0.8303214,0.7704888
2015-09-18,core,60,static,1.0018258,0.96248484
2015-09-24,core,60,static,0.8564891,1.1012938
2015-09-25,core,60,static,1.4530584,1.1637658
2015-09-28,core,60,static,1.4043388,1.0997978
2015-09-29,core,60,static,1.3320951,1.2932047
2015-09-30,core,60,static,1.0513971,1.1134334
2015-10-01,core,60,static,1.3138632,1.2911826
2015-10-02,core,60,static,0.9131217,0.9724547
2015-10-05,core,60,static,0.89331156,0.7358033
2015-10-06,core,60,static,0.9813219,0.96240985
2015-10-07,core,60,static,1.1719656,1.0112603
2015-10-08,core,60,static,0.9694315,1.0452392
2015-10-09,core,60,static,0.8293682,0.9289556
2015-10-13,core,60,static,0.6571258,0.756457
2015-10-14,core,60,static,1.066236,0.94966376
2015-10-15,core,60,static,1.1353077,1.0886172
2015-10-16,core,60,static,0.81121343,0.83027697
2015-10-19,core,60,static,1.2732085,0.8769462
2015-10-20,core,60,static,0.41949713,0.7305106
2015-10-21,core,60,static,0.8440475,1.0479112
2015-10-22,core,60,static,0.69988835,0.85173655
2015-10-23,core,60,static,0.69817334,0.76253986
2015-10-26,core,60,static,0.49373117,0.6813873
2015-10-27,core,60,static,0.61924964,0.7002643
2015-10-28,core,60,static,0.63116956,0.5480455
2015-10-29,core,60,static,0.6804277,0.76903725
2015-10-30,core,60,static,1.2854456,1.0206935
2015-11-02,core,60,static,0.776822,0.8181442
2015-11-04,core,60,static,0.73631155,0.79927206
2015-11-05,core,60,static,0.56539214,0.6723038
2015-11-06,core,60,static,0.45689276,0.6148272
2015-11-09,core,60,static,0.63489103,0.7647618
2015-11-10,core,60,static,0.6183456,0.67780626
2015-11-11,core,60,static,0.58249396,0.5958364
2015-11-12,core,60,static,0.48512185,0.5508164
2015-11-13,core,60,static,0.6875196,0.7306643
2015-11-16,core,60,static,0.56040066,0.69872445
2015-11-17,core,60,static,0.4681071,0.48676518
2015-11-18,core,60,static,0.4827002,0.6081291
2015-11-19,core,60,static,0.74029607,0.57297885
2015-11-20,core,60,static,0.62474984,0.64796996
2015-11-24,core,60,static,0.38200238,0.48298165
2015-11-25,core,60,static,0.45989025,0.48928306
2015-11-26,core,60,static,0.3689866,0.41743857
2015-11-27,core,60,static,0.460528,0.60079366
2015-11-30,core,60,static,0.6064503,0.536506
2015-12-01,core,60,static,0.5101132,0.62668604
2015-12-02,core,60,static,0.3484324,0.45754877
2015-12-03,core,60,static,0.41625497,0.472724
2015-12-04,core,60,static,0.5892067,0.7974625
2015-12-07,core,60,static,0.44532096,0.5167528
2015-12-08,core,60,static,0.69298536,0.8774538
2015-12-09,core,60,static,0.6842573,0.74872464
2015-12-10,core,60,static,0.6658723,0.5804602
2015-12-11,core,60,static,0.7242001,0.79240566
2015-12-14,core,60,static,0.993687,1.0320008
2015-12-15,core,60,static,0.7940594,1.1525182
2015-12-16,core,60,static,0.59898436,0.7341328
2015-12-17,core,60,static,0.79549044,0.6388139
2015-12-18,core,60,static,3.4821787,2.0044544
2015-12-21,core,60,static,1.1900942,1.2480619
2015-12-22,core,60,static,0.5909654,0.87281275
2015-12-24,core,60,static,0.6499901,0.9906678
2015-12-25,core,60,static,0.5625556,0.6660898
2015-12-28,core,60,static,0.58563834,0.6748842
2015-12-29,core,60,static,0.5353645,0.66877127
2015-12-30,core,60,static,0.42151105,0.5179393
2016-01-04,core,60,static,1.0663047,1.4414077
2016-01-05,core,60,static,1.1846498,0.8819302
2016-01-06,core,60,static,1.300674,1.339184
2016-01-07,core,60,static,1.2326709,1.3511254
2016-01-08,core,60,static,1.5419734,1.4067795
2016-01-12,core,60,static,1.2476014,1.3537078
2016-01-13,core,60,static,0.9683815,1.123849
2016-01-14,core,60,static,1.8102406,1.5201687
2016-01-15,core,60,static,1.3014102,1.5875273
2016-01-18,core,60,static,1.6967285,1.398153
2016-01-19,core,60,static,1.508437,1.14057
2016-01-20,core,60,static,1.5436816,1.9369535
2016-01-21,core,60,static,2.3287778,2.1791036
2016-01-22,core,60,static,1.9137981,2.097103
2016-01-25,core,60,static,1.435103,1.3463466
2016-01-26,core,60,static,1.0102757,1.0326384
2016-01-27,core,60,static,1.4395558,1.196763
2016-01-28,core,60,static,1.1068257,1.2231807
2016-01-29,core,60,static,3.8436038,2.0081112
2016-02-01,core,60,static,0.8997224,1.3871274
2016-02-02,core,60,static,0.8825297,1.0081744
2016-02-03,core,60,static,1.4886774,1.4405942
2016-02-04,core,60,static,1.562095,1.190522
2016-02-05,core,60,static,1.3179773,1.2887263
2016-02-08,core,60,static,1.3071802,1.3282585
2016-02-09,core,60,static,2.0663784,1.6539193
2016-02-10,core,60,static,1.9661418,2.3645656
2016-02-12,core,60,static,3.2982578,1.4767556
2016-02-15,core,60,static,2.27796,2.5194018
2016-02-16,core,60,static,1.8272877,1.8558488
2016-02-17,core,60,static,2.137631,2.0521765
2016-02-18,core,60,static,1.5455956,1.2783356
2016-02-19,core,60,static,1.1936681,1.2210615
2016-02-22,core,60,static,1.535499,1.1922604
2016-02-23,core,60,static,1.134764,1.3964775
2016-02-24,core,60,static,1.3322545,1.1342489
2016-02-25,core,60,static,1.1607089,1.1193972
2016-02-26,core,60,static,1.20125,1.1396693
2016-02-29,core,60,static,1.2115248,1.3672811
2016-03-01,core,60,static,1.381525,1.0923675
2016-03-02,core,60,static,1.1011862,1.3822052
2016-03-03,core,60,static,1.1003551,1.0220294
2016-03-04,core,60,static,0.94597113,0.91327333
2016-03-07,core,60,static,0.74592596,0.7449038
2016-03-08,core,60,static,0.9384163,1.030396
2016-03-09,core,60,static,1.0458076,0.8944027
2016-03-10,core,60,static,0.67798346,0.8240793
2016-03-11,core,60,static,1.2453924,1.1977689
2016-03-14,core,60,static,0.59654444,0.7508693
2016-03-15,core,60,static,0.9777961,0.8742161
2016-03-16,core,60,static,0.81645334,0.78848463
2016-03-17,core,60,static,1.0355806,1.231271
2016-03-18,core,60,static,1.0119638,1.1346602
2016-03-22,core,60,static,1.2734379,0.9673343
2016-03-23,core,60,static,0.84351224,0.9970001
2016-03-24,core,60,static,0.88049823,0.89608765
2016-03-25,core,60,static,0.81009305,0.7660606
2016-03-28,core,60,static,0.91321725,0.8135779
2016-03-29,core,60,static,0.8510221,0.8265227
2016-03-30,core,60,static,0.72727734,0.83594877
2016-03-31,core,60,static,0.95609534,0.9504151
2016-04-01,core,60,static,1.3785911,1.8613715
2016-04-04,core,60,static,1.230529,1.0348327
2016-04-05,core,60,static,1.2038791,1.3326771
2016-04-06,core,60,static,1.1688818,0.92635655
2016-04-07,core,60,static,1.2000499,1.0098344
2016-04-08,core,60,static,1.4362235,1.5544174
2016-04-11,core,60,static,1.3981162,1.1613224
2016-04-12,core,60,static,1.1861942,1.1069272
2016-04-13,core,60,static,0.96622896,1.0551348
2016-04-14,core,60,static,0.92661256,1.1124156
2016-04-15,core,60,static,1.0565975,0.95339
2016-04-18,core,60,static,1.4364414,0.9510912
2016-04-19,core,60,static,1.4159002,1.1522597
2016-04-20,core,60,static,0.8986041,1.073586
2016-04-21,core,60,static,0.6656411,0.8569515
2016-04-22,core,60,static,1.4210418,1.1339433
2016-04-25,core,60,static,1.1113479,0.9384714
2016-04-26,core,60,static,0.82969475,0.983042
2016-04-27,core,60,static,0.7356243,0.836113
2016-04-28,core,60,static,4.0372705,2.5972354
2016-05-02,core,60,static,1.8852739,1.6018426
2016-05-06,core,60,static,0.94588685,1.607117
2016-05-09,core,60,static,0.68268716,0.69669724
2016-05-10,core,60,static,0.9034158,0.98037326
2016-05-11,core,60,static,1.0890074,1.0391998
2016-05-12,core,60,static,0.8878057,1.0349576
2016-05-13,core,60,static,1.1071229,1.2814922
2016-05-16,core,60,static,1.2055784,0.8936651
2016-05-17,core,60,static,0.89199615,0.917557
2016-05-18,core,60,static,1.2892364,1.0351493
2016-05-19,core,60,static,0.8933772,1.008397
2016-05-20,core,60,static,0.75895095,0.9626306
2016-05-23,core,60,static,0.9520477,0.9814706
2016-05-24,core,60,static,0.7333223,0.80185336
2016-05-25,core,60,static,0.45368457,0.5583496
2016-05-26,core,60,static,0.6399602,0.7348933
2016-05-27,core,60,static,0.47597343,0.58825606
2016-05-30,core,60,static,0.49137688,0.6335575
2016-05-31,core,60,static,0.51877546,0.7329134
2016-06-01,core,60,static,0.68378836,0.7245601
2016-06-02,core,60,static,0.9795602,0.91462684
2016-06-03,core,60,static,0.8666327,0.7444976
2016-06-06,core,60,static,0.86333805,0.90859973
2016-06-07,core,60,static,0.6715476,0.7236488
2016-06-08,core,60,static,0.8457897,0.763508
2016-06-09,core,60,static,0.6698671,0.8300097
2016-06-10,core,60,static,0.68568116,0.78142595
2016-06-13,core,60,static,0.7422822,1.0076141
2016-06-14,core,60,static,1.2516831,1.0956076
2016-06-15,core,60,static,1.0969523,1.0453244
2016-06-16,core,60,static,1.3885589,1.7390258
2016-06-17,core,60,static,1.1375909,0.8990526
2016-06-20,core,60,static,0.94790465,0.9508974
2016-06-21,core,60,static,0.910808,1.2845916
2016-06-22,core,60,static,0.8798401,0.8719502
2016-06-23,core,60,static,0.58569103,0.91470635
2016-06-24,core,60,static,4.8147125,5.2816596
2016-06-27,core,60,static,1.5696028,1.8315828
2016-06-28,core,60,static,1.5905483,1.997583
2016-06-29,core,60,static,1.0330293,0.8000189
2016-06-30,core,60,static,0.73769915,0.7771647
2016-07-01,core,60,static,0.8345629,0.7511388
2016-07-04,core,60,static,0.81727755,0.87669027
2016-07-05,core,60,static,0.58022016,0.71277535
2016-07-06,core,60,static,0.934505,1.0437026
2016-07-07,core,60,static,0.9601815,0.93020475
2016-07-08,core,60,static,0.8835568,1.3006294
2016-07-11,core,60,static,1.0997541,1.1532941
2016-07-12,core,60,static,1.2182275,1.4833969
2016-07-13,core,60,static,1.035591,1.0448658
2016-07-15,core,60,static,1.0242836,0.9084146
2016-07-19,core,60,static,0.6892655,0.8605934
2016-07-20,core,60,static,0.7020191,0.4223173
2016-07-21,core,60,static,0.6503659,0.7917743
2016-07-22,core,60,static,0.7570445,0.6817969
2016-07-25,core,60,static,0.7898124,0.72891665
2016-07-26,core,60,static,0.8631694,0.82259023
2016-07-27,core,60,static,1.3050355,0.91942847
2016-07-28,core,60,static,0.78175455,0.87449336
2016-07-29,core,60,static,2.9795308,1.3125689
2016-08-01,core,60,static,0.94941795,1.3527615
2016-08-02,core,60,static,0.7269504,0.9561446
2016-08-03,core,60,static,1.0554422,1.0641727
2016-08-04,core,60,static,1.177578,1.1369122
2016-08-05,core,60,static,0.7304077,0.8561319
2016-08-08,core,60,static,0.60464764,0.80363894
2016-08-09,core,60,static,0.62051404,0.69238657
2016-08-10,core,60,static,0.6798567,0.7931706
2016-08-12,core,60,static,0.4315864,0.6267791
2016-08-15,core,60,static,0.36528343,0.49709353
2016-08-16,core,60,static,1.1133907,0.81396484
2016-08-17,core,60,static,0.64029866,0.7593019
2016-08-18,core,60,static,0.9901672,0.91217947
2016-08-19,core,60,static,0.80744755,0.7254883
2016-08-22,core,60,static,0.5145022,0.6125654
2016-08-23,core,60,static,0.61862314,0.8360075
2016-08-24,core,60,static,0.5441618,0.527105
2016-08-25,core,60,static,0.5232685,0.60591805
2016-08-26,core,60,static,0.82039857,0.6837605
2016-08-29,core,60,static,0.5442261,0.62385094
2016-08-30,core,60,static,0.27583405,0.48590958
2016-08-31,core,60,static,0.36021188,0.4679279
2016-09-01,core,60,static,0.41836748,0.4664365
2016-09-02,core,60,static,0.5421878,0.5011653
2016-09-05,core,60,static,0.531212,0.52671355
2016-09-06,core,60,static,0.34169754,0.4371238
2016-09-07,core,60,static,0.48437196,0.52612764
2016-09-08,core,60,static,0.52005184,0.5534369
2016-09-09,core,60,static,0.5697178,0.5798131
2016-09-12,core,60,static,0.63466805,0.75827193
2016-09-13,core,60,static,0.60176,0.5571295
2016-09-14,core,60,static,0.5983334,0.6076971
2016-09-15,core,60,static,0.6458285,0.72066844
2016-09-16,core,60,static,0.40978447,0.6400083
2016-09-20,core,60,static,0.71522,0.67306906
2016-09-21,core,60,static,1.2611471,1.1712385
2016-09-23,core,60,static,0.42852885,0.6458008
2016-09-26,core,60,static,0.56844485,0.84297496
2016-09-27,core,60,static,0.925069,1.1306067
2016-09-28,core,60,static,0.5688468,0.7590766
2016-09-29,core,60,static,0.5725529,0.77644664
2016-09-30,core,60,static,0.5685191,0.6130653
2016-10-03,core,60,static,0.52732134,0.56636775
2016-10-04,core,60,static,0.5152956,0.58370864
2016-10-05,core,60,static,0.43121558,0.5918994
2016-10-06,core,60,static,0.46947375,0.47146046
2016-10-07,core,60,static,0.35322985,0.5191636
2016-10-11,core,60,static,0.5121108,0.51154727
2016-10-12,core,60,static,0.42569548,0.5441575
2016-10-13,core,60,static,0.7312415,0.75672144
2016-10-14,core,60,static,0.68341845,0.62671924
2016-10-17,core,60,static,0.58031684,0.56946594
2016-10-18,core,60,static,0.39912575,0.5752981
2016-10-19,core,60,static,0.35592905,0.4472303
2016-10-20,core,60,static,0.57490534,0.72822684
2016-10-21,core,60,static,0.53891,0.59482074
2016-10-24,core,60,static,0.39685786,0.4599003
2016-10-25,core,60,static,0.38756952,0.45128024
2016-10-26,core,60,static,0.38427106,0.4480408
2016-10-27,core,60,static,0.4545228,0.51387364
2016-10-28,core,60,static,0.28029293,0.41119054
2016-10-31,core,60,static,0.44426164,0.5002223
2016-11-01,core,60,static,0.5160277,0.49428242
2016-11-02,core,60,static,0.6027249,0.687608
2016-11-04,core,60,static,0.7548799,0.80810136
2016-11-07,core,60,static,0.6690884,0.58399355
2016-11-08,core,60,static,0.4833706,0.5406399
2016-11-09,core,60,static,3.8498626,3.9391248
2016-11-10,core,60,static,2.8114004,2.4013608
2016-11-11,core,60,static,0.96872044,1.6846157
2016-11-14,core,60,static,0.7010598,1.0040709
2016-11-15,core,60,static,0.60726297,0.55109006
2016-11-16,core,60,static,0.43696675,0.6188806
2016-11-17,core,60,static,0.6785653,0.5650116
2016-11-18,core,60,static,0.4660166,0.5245186
2016-11-21,core,60,static,0.42615148,0.545612
2016-11-22,core,60,static,0.5271358,0.5237665
2016-11-24,core,60,static,0.38145283,0.59521323
2016-11-25,core,60,static,0.6947545,0.6795099
2016-11-28,core,60,static,0.55887747,0.72920877
2016-11-29,core,60,static,0.41008577,0.43599126
2016-11-30,core,60,static,0.4469967,0.49836212
2016-12-01,core,60,static,0.7469646,0.7444031
2016-12-02,core,60,static,0.57304657,0.43676996
2016-12-05,core,60,static,0.5556623,0.567699
2016-12-06,core,60,static,0.5522758,0.6196456
2016-12-07,core,60,static,0.46742222,0.47812298
2016-12-08,core,60,static,0.4401746,0.5513243
2016-12-09,core,60,static,0.57476395,0.68115395
2016-12-12,core,60,static,0.72415924,0.6666348
2016-12-13,core,60,static,0.59733266,0.6242993
2016-12-14,core,60,static,0.5167465,0.49697486
2016-12-15,core,60,static,0.81240475,0.6736653
2016-12-16,core,60,static,0.4595463,0.5044826
2016-12-19,core,60,static,0.3910137,0.49094668
2016-12-20,core,60,static,0.3811475,0.5524318
2016-12-21,core,60,static,0.59280187,0.5863396
2016-12-22,core,60,static,0.53014773,0.49087805
2016-12-26,core,60,static,0.24589457,0.37477967
2016-12-27,core,60,static,0.46171603,0.49036965
2016-12-28,core,60,static,0.3596239,0.41783345
2016-12-29,core,60,static,0.5747139,0.6742023
2016-12-30,core,60,static,0.58985686,0.66214466
2017-01-04,core,60,static,0.5337348,0.8334429
2017-01-05,core,60,static,0.5212059,0.6128366
2017-01-06,core,60,static,0.41064432,0.5644722
2017-01-10,core,60,static,0.7592034,0.70515186
2017-01-11,core,60,static,0.3978282,0.45895672
2017-01-12,core,60,static,0.7079029,0.74177134
2017-01-13,core,60,static,0.5816324,0.60972476
2017-01-16,core,60,static,0.5695991,0.7193657
2017-01-17,core,60,static,0.90370893,0.83789784
2017-01-18,core,60,static,0.7296383,0.8259401
2017-01-19,core,60,static,0.5663988,0.6029643
2017-01-20,core,60,static,0.65713334,0.66624534
2017-01-23,core,60,static,0.6369923,0.688622
2017-01-24,core,60,static,0.6502918,0.6739793
2017-01-25,core,60,static,0.5679608,0.59081876
2017-01-26,core,60,static,0.47741336,0.60932857
2017-01-27,core,60,static,0.5001635,0.5390975
2017-01-30,core,60,static,0.42342958,0.50437796
2017-01-31,core,60,static,0.5440485,0.6445824
2017-02-01,core,60,static,0.5995547,0.6728966
2017-02-02,core,60,static,0.68228304,0.9019809
2017-02-03,core,60,static,0.9933477,0.79996085
2017-02-06,core,60,static,0.56061107,0.7179599
2017-02-07,core,60,static,0.44940534,0.693235
2017-02-08,core,60,static,0.5361541,0.5391143
2017-02-09,core,60,static,0.5198954,0.5666424
2017-02-10,core,60,static,0.45224953,0.7025018
2017-02-13,core,60,static,0.4883528,0.4997677
2017-02-14,core,60,static,0.6370822,0.80405897
2017-02-15,core,60,static,0.34015715,0.44848478
2017-02-16,core,60,static,0.55916286,0.5854082
2017-02-17,core,60,static,0.5008618,0.5378753
2017-02-20,core,60,static,0.48720175,0.59425676
2017-02-21,core,60,static,0.34451714,0.5435727
2017-02-22,core,60,static,0.39753926,0.4257124
2017-02-23,core,60,static,0.46620536,0.48232907
2017-02-24,core,60,static,0.5456718,0.58587873
2017-02-27,core,60,static,0.76514167,0.6350026
2017-02-28,core,60,static,0.5095508,0.58444476
2017-03-01,core,60,static,1.0389154,0.6924971
2017-03-02,core,60,static,0.48378822,0.5537455
2017-03-03,core,60,static,0.46790692,0.71133757
2017-03-06,core,60,static,0.38907683,0.4613947
2017-03-07,core,60,static,0.29343644,0.41711912
2017-03-08,core,60,static,0.4068936,0.5277975
2017-03-09,core,60,static,0.40720785,0.42969084
2017-03-10,core,60,static,0.4123994,0.6589148
2017-03-13,core,60,static,0.35490254,0.49299443
2017-03-14,core,60,static,0.19915147,0.3791903
2017-03-15,core,60,static,0.28464586,0.4216406
2017-03-16,core,60,static,0.47100025,0.5060273
2017-03-17,core,60,static,0.34942582,0.4168294
2017-03-21,core,60,static,0.38814583,0.5023405
2017-03-22,core,60,static,0.53271693,0.62469465
2017-03-23,core,60,static,0.5453265,0.47888288
2017-03-24,core,60,static,0.5885258,0.71657336
2017-03-27,core,60,static,0.5673146,0.6235963
2017-03-28,core,60,static,0.3235222,0.45277384
2017-03-29,core,60,static,0.43409023,0.43218288
2017-03-30,core,60,static,0.49224374,0.59389937
2017-03-31,core,60,static,0.6181417,0.87534773
2017-04-03,core,60,static,0.5546957,0.5792729
2017-04-04,core,60,static,0.85380816,0.83071864
2017-04-05,core,60,static,0.63993484,0.6264459
2017-04-06,core,60,static,0.746251,0.8898503
2017-04-07,core,60,static,1.2681001,0.8164891
2017-04-10,core,60,static,0.5491471,0.62403876
2017-04-11,core,60,static,0.49296948,0.6100953
2017-04-12,core,60,static,0.603078,0.64154255
2017-04-13,core,60,static,0.5938685,0.6418191
2017-04-14,core,60,static,0.85159314,0.84585977
2017-04-17,core,60,static,0.48604292,0.6313461
2017-04-18,core,60,static,0.5073957,0.66485864
2017-04-19,core,60,static,0.5813727,0.5879213
2017-04-20,core,60,static,0.435002,0.52835834
2017-04-21,core,60,static,0.3924119,0.5588994
2017-04-24,core,60,static,0.42685387,0.4221882
2017-04-25,core,60,static,0.49349895,0.6849808
2017-04-26,core,60,static,0.41140798,0.50329995
2017-04-27,core,60,static,0.34631532,0.48029366
2017-04-28,core,60,static,0.39321804,0.48996532
2017-05-01,core,60,static,0.37744063,0.55940485
2017-05-02,core,60,static,0.37212074,0.47438115
2017-05-08,core,60,static,0.44683367,0.6458522
2017-05-09,core,60,static,0.3935195,0.39269862
2017-05-10,core,60,static,0.42751917,0.39495426
2017-05-11,core,60,static,0.2977209,0.4111929
2017-05-12,core,60,static,0.3553415,0.542335
2017-05-15,core,60,static,0.34672463,0.5099573
2017-05-16,core,60,static,0.33642802,0.43979165
2017-05-17,core,60,static,0.37804452,0.42574057
2017-05-18,core,60,static,0.5265839,0.5314374
2017-05-19,core,60,static,0.44147795,0.5353632
2017-05-22,core,60,static,0.36917228,0.46647003
2017-05-23,core,60,static,0.34763867,0.4958132
2017-05-24,core,60,static,0.32782188,0.39355364
2017-05-25,core,60,static,0.4040407,0.4561496
2017-05-26,core,60,static,0.37133324,0.5082403
2017-05-29,core,60,static,0.3818655,0.48380098
2017-05-30,core,60,static,0.41505474,0.47635207
2017-05-31,core,60,static,0.35418144,0.42438045
2017-06-01,core,60,static,0.47901082,0.53042865
2017-06-02,core,60,static,0.5777615,0.7603859
2017-06-05,core,60,static,0.3939054,0.501476
2017-06-06,core,60,static,0.5546681,0.6942368
2017-06-07,core,60,static,0.42374673,0.45788255
2017-06-08,core,60,static,0.49789742,0.5241406
2017-06-09,core,60,static,0.6266584,0.60828626
2017-06-12,core,60,static,0.53057003,0.5374231
2017-06-13,core,60,static,0.31745735,0.44793302
2017-06-14,core,60,static,0.4122343,0.48394164
2017-06-15,core,60,static,0.69441575,0.5964986
2017-06-16,core,60,static,0.5459339,0.5656681
2017-06-19,core,60,static,0.37426636,0.52844864
2017-06-20,core,60,static,0.36895394,0.4785694
2017-06-21,core,60,static,0.3816809,0.45922005
2017-06-22,core,60,static,0.41244298,0.4384943
2017-06-23,core,60,static,0.35292026,0.42076507
2017-06-26,core,60,static,0.30464795,0.42343608
2017-06-27,core,60,static,0.2907677,0.39770153
2017-06-28,core,60,static,0.3737767,0.45768747
2017-06-29,core,60,static,0.31482515,0.39058772
2017-06-30,core,60,static,0.3880715,0.48415768
2017-07-03,core,60,static,0.31636024,0.39932176
2017-07-04,core,60,static,0.455114,0.6276513
2017-07-05,core,60,static,0.49905384,0.5947193
2017-07-06,core,60,static,0.4543602,0.4808745
2017-07-07,core,60,static,0.53335935,0.5268036
2017-07-10,core,60,static,0.34752047,0.48727417
2017-07-11,core,60,static,0.26377168,0.47245517
2017-07-12,core,60,static,0.3750652,0.45049605
2017-07-13,core,60,static,0.33310375,0.44205216
2017-07-14,core,60,static,0.29982182,0.42573598
2017-07-18,core,60,static,0.45818955,0.46613076
2017-07-19,core,60,static,0.260456,0.40650132
2017-07-20,core,60,static,0.32843867,0.46101263
2017-07-21,core,60,static,0.25747833,0.41562918
2017-07-24,core,60,static,0.32864457,0.46271074
2017-07-25,core,60,static,0.30891702,0.4225416
2017-07-26,core,60,static,0.301037,0.38963512
2017-07-27,core,60,static,0.4282688,0.5033333
2017-07-28,core,60,static,0.32698599,0.5316577
2017-07-31,core,60,static,0.34381336,0.46201494
2017-08-01,core,60,static,0.37012282,0.4204287
2017-08-02,core,60,static,0.3556901,0.39218616
2017-08-03,core,60,static,0.37953642,0.40922746
2017-08-04,core,60,static,0.2055078,0.39987907
2017-08-07,core,60,static,0.19880962,0.38553742
2017-08-08,core,60,static,0.29422396,0.45569545
2017-08-09,core,60,static,0.72054505,0.73108715
2017-08-10,core,60,static,0.46307757,0.51162946
2017-08-14,core,60,static,0.47307673,0.5299592
2017-08-15,core,60,static,0.48761597,0.52816516
2017-08-16,core,60,static,0.3033596,0.40477982
2017-08-17,core,60,static,0.32218087,0.42324182
2017-08-18,core,60,static,0.3928117,0.54651934
2017-08-21,core,60,static,0.396144,0.5544739
2017-08-22,core,60,static,0.37095007,0.44327873
2017-08-23,core,60,static,0.37556997,0.51428723
2017-08-24,core,60,static,0.33687985,0.40966582
2017-08-25,core,60,static,0.36104205,0.48865303
2017-08-28,core,60,static,0.39782664,0.49800536
2017-08-29,core,60,static,0.34371173,0.48138407
2017-08-30,core,60,static,0.3561752,0.41636568
2017-08-31,core,60,static,0.33029798,0.4362178
2017-09-01,core,60,static,0.3320307,0.50330585
2017-09-04,core,60,static,0.45324683,0.5535946
2017-09-05,core,60,static,0.530731,0.62149197
2017-09-06,core,60,static,0.4808514,0.47691932
2017-09-07,core,60,static,0.412511,0.46421826
2017-09-08,core,60,static,0.3551176,0.55859435
2017-09-11,core,60,static,0.41913727,0.49968687
2017-09-12,core,60,static,0.28892255,0.41800198
2017-09-13,core,60,static,0.22818257,0.35260898
2017-09-14,core,60,static,0.39802828,0.46313667
2017-09-15,core,60,static,0.43154255,0.5204859
2017-09-19,core,60,static,0.4198147,0.55702627
2017-09-20,core,60,static,0.37536982,0.39052424
2017-09-21,core,60,static,0.43986607,0.5021836
2017-09-22,core,60,static,0.42568973,0.57748747
2017-09-25,core,60,static,0.33988217,0.43820778
2017-09-26,core,60,static,0.30980334,0.4399609
2017-09-27,core,60,static,0.36211556,0.42353424
2017-09-28,core,60,static,0.44975764,0.41336954
2017-09-29,core,60,static,0.30817118,0.44902697
2017-10-02,core,60,static,0.28203008,0.3880634
2017-10-03,core,60,static,0.3789537,0.5504309
2017-10-04,core,60,static,0.35210857,0.39906874
2017-10-05,core,60,static,0.22345026,0.37642244
2017-10-06,core,60,static,0.20977941,0.39906877
2017-10-10,core,60,static,0.33375677,0.45764753
2017-10-11,core,60,static,0.24373098,0.38316986
2017-10-12,core,60,static,0.30423367,0.40263233
2017-10-13,core,60,static,0.55928123,0.69746995
2017-10-16,core,60,static,0.40989426,0.4994719
2017-10-17,core,60,static,0.4855568,0.4686956
2017-10-18,core,60,static,0.3365372,0.4158766
2017-10-19,core,60,static,0.40439326,0.42460656
2017-10-20,core,60,static,0.3449465,0.50569314
2017-10-23,core,60,static,0.4389392,0.44015297
2017-10-24,core,60,static,0.4182622,0.47991872
2017-10-25,core,60,static,0.6329922,0.6508327
2017-10-26,core,60,static,0.48329717,0.43634418
2017-10-27,core,60,static,0.48714587,0.6172458
2017-10-30,core,60,static,0.4703678,0.5615485
2017-10-31,core,60,static,0.38853675,0.540902
2017-11-01,core,60,static,0.55312204,0.7304417
2017-11-02,core,60,static,0.5724516,0.46124625
2017-11-06,core,60,static,0.4866372,0.5737657
2017-11-07,core,60,static,0.6887922,0.91036344
2017-11-08,core,60,static,0.46301168,0.5540605
2017-11-09,core,60,static,1.6643542,1.7566416
2017-11-10,core,60,static,0.85595256,0.93754756
2017-11-13,core,60,static,0.6097328,0.8691954
2017-11-14,core,60,static,0.8294748,0.79620814
2017-11-15,core,60,static,1.0065265,0.928676
2017-11-16,core,60,static,0.78493196,0.99108857
2017-11-17,core,60,static,1.3172126,1.0591571
2017-11-20,core,60,static,0.7679081,0.8259689
2017-11-21,core,60,static,0.57390606,0.72677493
2017-11-22,core,60,static,0.4886974,0.6617523
2017-11-24,core,60,static,0.4773725,0.7045066
2017-11-27,core,60,static,0.5906119,0.7003842
2017-11-28,core,60,static,0.655017,0.6370249
2017-11-29,core,60,static,0.48763257,0.5490174
2017-11-30,core,60,static,0.6091471,0.65298307
2017-12-01,core,60,static,0.7975608,0.8313507
2017-12-04,core,60,static,0.4878142,0.60618454
2017-12-05,core,60,static,0.47832805,0.6086035
2017-12-06,core,60,static,0.9541304,0.97315735
2017-12-07,core,60,static,0.6339752,0.66838026
2017-12-08,core,60,static,0.4935559,0.72101945
2017-12-11,core,60,static,0.4048252,0.5621159
2017-12-12,core,60,static,0.38422287,0.52379465
2017-12-13,core,60,static,0.507835,0.57071555
2017-12-14,core,60,static,0.4510389,0.5357822
2017-12-15,core,60,static,0.6832928,0.7263388
2017-12-18,core,60,static,0.44670153,0.5739906
2017-12-19,core,60,static,0.421937,0.49680293
2017-12-20,core,60,static,0.39326558,0.5250515
2017-12-21,core,60,static,0.42463416,0.49929413
2017-12-22,core,60,static,0.36153695,0.46324065
2017-12-25,core,60,static,0.2332794,0.41903022
2017-12-26,core,60,static,0.22867839,0.39806306
2017-12-27,core,60,static,0.24827373,0.3866972
2017-12-28,core,60,static,0.37999076,0.50444555
2017-12-29,core,60,static,0.3347525,0.47640485
2018-01-04,core,60,static,0.7297337,0.90511984
2018-01-05,core,60,static,0.53330004,0.6122472
2018-01-09,core,60,static,0.43904984,0.46458092
2018-01-10,core,60,static,0.36580616,0.45809528
2018-01-11,core,60,static,0.5198747,0.46968192
2018-01-12,core,60,static,0.4235796,0.54877543
2018-01-15,core,60,static,0.37978205,0.49103254
2018-01-16,core,60,static,0.4337761,0.60887194
2018-01-17,core,60,static,0.46935958,0.4944044
2018-01-18,core,60,static,0.8845772,0.80848694
2018-01-19,core,60,static,0.24005932,0.5491118
2018-01-22,core,60,static,0.4376075,0.50217223
2018-01-23,core,60,static,0.49888933,0.61341614
2018-01-24,core,60,static,0.38881522,0.5049523
2018-01-25,core,60,static,0.5492798,0.6076919
2018-01-26,core,60,static,0.48552188,0.6284923
2018-01-29,core,60,static,0.50084615,0.60568047
2018-01-30,core,60,static,0.69382685,0.9334396
2018-01-31,core,60,static,0.6818748,0.76266694
2018-02-01,core,60,static,0.5882115,0.726383
2018-02-02,core,60,static,0.7002306,0.77258384
2018-02-05,core,60,static,0.9624349,0.87440574
2018-02-06,core,60,static,2.6623769,2.8956816
2018-02-07,core,60,static,1.791453,1.703638
2018-02-08,core,60,static,1.1625701,1.2442055
2018-02-09,core,60,static,1.76034,1.2628868
2018-02-13,core,60,static,1.0245187,1.1860197
2018-02-14,core,60,static,1.376436,1.2618842
2018-02-15,core,60,static,1.0609125,0.95751995
2018-02-16,core,60,static,1.0465107,1.0399901
2018-02-19,core,60,static,0.68471855,0.8675581
2018-02-20,core,60,static,0.7512773,1.0011865
2018-02-21,core,60,static,0.85997933,0.9353832
2018-02-22,core,60,static,0.82763284,0.7258085
2018-02-23,core,60,static,0.53828216,0.7758825
2018-02-26,core,60,static,0.6468198,0.67413354
2018-02-27,core,60,static,0.5903192,0.6296108
2018-02-28,core,60,static,0.763949,0.76146865
2018-03-01,core,60,static,0.7273944,0.6887008
2018-03-02,core,60,static,1.1421468,0.8557631
2018-03-05,core,60,static,0.9346277,0.8853896
2018-03-06,core,60,static,0.6217878,0.6823207
2018-03-07,core,60,static,0.99159455,0.85060817
2018-03-08,core,60,static,0.6258847,0.68836486
2018-03-09,core,60,static,1.2000479,1.2168784
2018-03-12,core,60,static,0.955062,0.86674535
2018-03-13,core,60,static,0.6140462,0.83761597
2018-03-14,core,60,static,0.6640495,0.74415296
2018-03-15,core,60,static,0.7490876,0.81212395
2018-03-16,core,60,static,0.6029006,0.86272883
2018-03-19,core,60,static,0.8381118,0.8201281
2018-03-20,core,60,static,0.5868405,0.69682884
2018-03-22,core,60,static,0.7125631,0.74283993
2018-03-23,core,60,static,1.4400233,1.2884333
2018-03-26,core,60,static,1.1828986,0.999519
2018-03-27,core,60,static,0.87459755,1.1192579
2018-03-28,core,60,static,1.234854,0.80001867
2018-03-29,core,60,static,0.79648703,0.79570043
2018-03-30,core,60,static,0.751961,0.775982
2018-04-02,core,60,static,0.6645634,0.74852395
2018-04-03,core,60,static,0.7727485,0.8237828
2018-04-04,core,60,static,0.74343294,0.6778588
2018-04-05,core,60,static,0.6863859,0.7569841
2018-04-06,core,60,static,0.8401996,0.7883123
2018-04-09,core,60,static,0.643848,0.7462481
2018-04-10,core,60,static,0.884802,0.9229592
2018-04-11,core,60,static,0.42436504,0.7055229
2018-04-12,core,60,static,0.5920927,0.596349
2018-04-13,core,60,static,0.5822347,0.639856
2018-04-16,core,60,static,0.5365099,0.47172114
2018-04-17,core,60,static,0.47068092,0.5107639
2018-04-18,core,60,static,0.5260351,0.65326357
2018-04-19,core,60,static,0.46975893,0.6006821
2018-04-20,core,60,static,0.5371812,0.64011186
2018-04-23,core,60,static,0.50377494,0.5355029
2018-04-24,core,60,static,0.44211882,0.5119791
2018-04-25,core,60,static,0.4739097,0.5228281
2018-04-26,core,60,static,0.48155338,0.46553573
2018-04-27,core,60,static,0.5080339,0.5299549
2018-05-01,core,60,static,0.29642838,0.40715674
2018-05-02,core,60,static,0.34864056,0.48612615
2018-05-07,core,60,static,0.4484217,0.51735026
2018-05-08,core,60,static,0.31898147,0.44179478
2018-05-09,core,60,static,0.4115622,0.4406577
2018-05-10,core,60,static,0.33365634,0.4570145
2018-05-11,core,60,static,0.44257474,0.6185986
2018-05-14,core,60,static,0.38479322,0.54717624
2018-05-15,core,60,static,0.3051502,0.42403856
2018-05-16,core,60,static,0.34685257,0.4484934
2018-05-17,core,60,static,0.2752885,0.38718072
2018-05-18,core,60,static,0.34544373,0.42892116
2018-05-21,core,60,static,0.32600725,0.4389319
2018-05-22,core,60,static,0.27099055,0.38454816
2018-05-23,core,60,static,0.7105818,0.634802
2018-05-24,core,60,static,0.6187455,0.7078831
2018-05-25,core,60,static,0.70470554,0.63282686
2018-05-28,core,60,static,0.41661388,0.5764671
2018-05-29,core,60,static,0.583859,0.64187515
2018-05-30,core,60,static,0.6950573,0.6128275
2018-05-31,core,60,static,0.5134792,0.51586497
2018-06-01,core,60,static,0.6390248,0.6745419
2018-06-04,core,60,static,0.39114642,0.58105373
2018-06-05,core,60,static,0.5080658,0.49482352
2018-06-06,core,60,static,0.38480204,0.5489307
2018-06-07,core,60,static,0.36689994,0.4787701
2018-06-08,core,60,static,0.49647194,0.61138487
2018-06-11,core,60,static,0.44072446,0.54820144
2018-06-12,core,60,static,0.7177622,0.5689794
2018-06-13,core,60,static,0.35103443,0.49711773
2018-06-14,core,60,static,0.43332335,0.54111546
2018-06-15,core,60,static,0.39284953,0.50262535
2018-06-18,core,60,static,0.47820505,0.64439934
2018-06-19,core,60,static,0.583173,0.91600144
2018-06-20,core,60,static,0.6759943,0.9208017
2018-06-21,core,60,static,0.6864573,0.73697805
2018-06-22,core,60,static,0.6141884,0.6191209
2018-06-25,core,60,static,0.51628745,0.7409487
2018-06-26,core,60,static,0.7514771,0.7030453
2018-06-27,core,60,static,0.5138838,0.6002355
2018-06-28,core,60,static,0.7328671,0.6949192
2018-06-29,core,60,static,0.6111737,0.66984344
2018-07-02,core,60,static,0.7177536,1.3004067
2018-07-03,core,60,static,0.9753637,0.9597659
2018-07-04,core,60,static,0.6834386,0.7778003
2018-07-05,core,60,static,0.7831941,0.87549937
2018-07-06,core,60,static,0.8980387,0.8123012
2018-07-09,core,60,static,0.5908732,0.80463874
2018-07-10,core,60,static,0.63117605,0.58317375
2018-07-11,core,60,static,0.8431443,0.83545756
2018-07-12,core,60,static,0.58706784,0.6796861
2018-07-13,core,60,static,0.6552626,0.9645527
2018-07-17,core,60,static,0.58217335,0.7145766
2018-07-18,core,60,static,0.42970356,0.60705733
2018-07-19,core,60,static,0.47666436,0.618642
2018-07-20,core,60,static,0.8711857,0.8091685
2018-07-23,core,60,static,0.5568627,0.60448706
2018-07-24,core,60,static,0.50901514,0.5496885
2018-07-25,core,60,static,0.45103765,0.47783273
2018-07-26,core,60,static,0.56163347,0.5748534
2018-07-27,core,60,static,0.38895983,0.5414989
2018-07-30,core,60,static,0.4640936,0.44911012
2018-07-31,core,60,static,0.8510501,0.77268887
2018-08-01,core,60,static,0.34879497,0.56909287
2018-08-02,core,60,static,0.58208483,0.72100794
2018-08-03,core,60,static,0.47341737,0.5408845
2018-08-06,core,60,static,0.47783515,0.55850995
2018-08-07,core,60,static,0.38243112,0.5640845
2018-08-08,core,60,static,0.55111474,0.5069935
2018-08-09,core,60,static,0.41884863,0.53302574
2018-08-10,core,60,static,0.7488699,0.85882425
2018-08-13,core,60,static,0.68562347,0.83458775
2018-08-14,core,60,static,0.6557827,0.7855011
2018-08-15,core,60,static,0.63069713,0.7870934
2018-08-16,core,60,static,1.0435656,0.90213275
2018-08-17,core,60,static,0.46941277,0.60360086
2018-08-20,core,60,static,0.5433439,0.58326864
2018-08-21,core,60,static,0.450442,0.725188
2018-08-22,core,60,static,0.4967377,0.5814955
2018-08-23,core,60,static,0.39519086,0.48519325
2018-08-24,core,60,static,0.30395728,0.5539392
2018-08-27,core,60,static,0.34655192,0.54533947
2018-08-28,core,60,static,0.43439406,0.5325041
2018-08-29,core,60,static,0.5130409,0.49745053
2018-08-30,core,60,static,0.48486024,0.5317837
2018-08-31,core,60,static,0.4886008,0.60413945
2018-09-03,core,60,static,0.46903628,0.51140463
2018-09-04,core,60,static,0.5739396,0.4953029
2018-09-05,core,60,static,0.56312704,0.5011466
2018-09-06,core,60,static,0.51407224,0.48120221
2018-09-07,core,60,static,0.5780899,0.67290616
2018-09-10,core,60,static,0.5472758,0.5207951
2018-09-11,core,60,static,0.4658087,0.60706043
2018-09-12,core,60,static,0.52570134,0.57985824
2018-09-13,core,60,static,0.64364964,0.5666862
2018-09-14,core,60,static,0.46791348,0.5536783
2018-09-18,core,60,static,0.6939282,0.8704595
2018-09-19,core,60,static,0.5370126,0.59990585
2018-09-20,core,60,static,0.5405445,0.65369344
2018-09-21,core,60,static,0.6104194,0.6300964
2018-09-25,core,60,static,0.3487025,0.49557877
2018-09-26,core,60,static,0.4039608,0.56218433
2018-09-27,core,60,static,0.7073295,0.72459966
2018-09-28,core,60,static,0.7486138,0.6942873
2018-10-01,core,60,static,0.52835953,0.59747463
2018-10-02,core,60,static,0.702109,0.65412074
2018-10-03,core,60,static,0.69659317,0.67785513
2018-10-04,core,60,static,0.8494707,0.7973837
2018-10-05,core,60,static,0.7709392,0.7449344
2018-10-09,core,60,static,0.67623025,0.6568601
2018-10-10,core,60,static,0.70864975,0.69285095
2018-10-11,core,60,static,1.5159513,1.2921768
2018-10-12,core,60,static,1.3891196,0.94841516
2018-10-15,core,60,static,0.88253105,1.0219829
2018-10-16,core,60,static,0.8684406,0.71711963
2018-10-17,core,60,static,0.65558857,0.6707942
2018-10-18,core,60,static,0.6317755,0.80547166
2018-10-19,core,60,static,0.79058313,0.92851007
2018-10-22,core,60,static,0.82996047,0.9303371
2018-10-23,core,60,static,0.72797555,1.0899911
2018-10-24,core,60,static,1.2606153,0.8353079
2018-10-25,core,60,static,1.5454464,1.287501
2018-10-26,core,60,static,1.484606,1.1824328
2018-10-29,core,60,static,1.0702231,1.0679424
2018-10-30,core,60,static,1.1620659,1.2694441
2018-10-31,core,60,static,0.8137265,0.9868858
2018-11-01,core,60,static,0.97657365,0.9938765
2018-11-02,core,60,static,1.4086028,1.1581266
2018-11-05,core,60,static,0.9007157,0.8724458
2018-11-06,core,60,static,0.5100859,0.6911262
2018-11-07,core,60,static,1.5261915,1.0184891
2018-11-08,core,60,static,0.512499,0.7870573
2018-11-09,core,60,static,0.7320143,0.9450364
2018-11-12,core,60,static,0.6942641,0.75591916
2018-11-13,core,60,static,1.3598114,1.0671326
2018-11-14,core,60,static,1.0212226,0.8505721
2018-11-15,core,60,static,0.8335932,0.8212874
2018-11-16,core,60,static,0.7385747,0.8206749
2018-11-19,core,60,static,0.72898686,0.6989212
2018-11-20,core,60,static,0.6944359,0.7295277
2018-11-21,core,60,static,0.8096777,0.86106867
2018-11-22,core,60,static,0.65149546,0.69398
2018-11-26,core,60,static,0.72455263,0.67790365
2018-11-27,core,60,static,0.6399642,0.699077
2018-11-28,core,60,static,0.60096586,0.6542765
2018-11-29,core,60,static,0.5698913,0.6332053
2018-11-30,core,60,static,0.5698851,0.5494621
2018-12-03,core,60,static,0.6513042,0.54966414
2018-12-04,core,60,static,0.70848423,1.1492743
2018-12-05,core,60,static,0.99570787,0.8212309
2018-12-06,core,60,static,0.92729753,1.3010437
2018-12-07,core,60,static,0.84359527,0.82638264
2018-12-10,core,60,static,0.71485215,0.8459771
2018-12-11,core,60,static,0.88942516,0.7879257
2018-12-12,core,60,static,0.5442239,0.8492445
2018-12-13,core,60,static,0.54908,0.6412399
2018-12-14,core,60,static,0.9772078,1.0325352
2018-12-17,core,60,static,0.6323742,0.727393
2018-12-18,core,60,static,0.984139,0.8394754
2018-12-19,core,60,static,1.1640143,0.91169554
2018-12-20,core,60,static,1.2334836,1.45428
2018-12-21,core,60,static,1.310066,1.1206242
2018-12-25,core,60,static,1.9485438,1.4789851
2018-12-26,core,60,static,1.9721091,1.5073745
2018-12-27,core,60,static,1.7026261,1.4514208
2018-12-28,core,60,static,0.99343413,0.8598959
2019-01-04,core,60,static,1.634593,1.188149
2019-01-07,core,60,static,1.2393373,1.1577264
2019-01-08,core,60,static,0.8599104,0.9211068
2019-01-09,core,60,static,0.6318901,0.76043665
2019-01-10,core,60,static,0.6833488,0.89963114
2019-01-11,core,60,static,0.4249976,0.63431394
2019-01-15,core,60,static,0.73595697,0.93446225
2019-01-16,core,60,static,0.76745516,0.80461687
2019-01-17,core,60,static,0.781128,0.759171
2019-01-18,core,60,static,0.5580379,0.75825113
2019-01-21,core,60,static,0.70976454,0.7023676
2019-01-22,core,60,static,0.5835168,0.83659136
2019-01-23,core,60,static,0.6793827,0.73575366
2019-01-24,core,60,static,0.58549607,0.6833726
2019-01-25,core,60,static,0.72809726,0.7289509
2019-01-28,core,60,static,0.39257857,0.636369
2019-01-29,core,60,static,0.654314,0.70770097
2019-01-30,core,60,static,0.5871064,0.6279839
2019-01-31,core,60,static,0.5863899,0.6253488
2019-02-01,core,60,static,0.77070373,0.68741834
2019-02-04,core,60,static,0.5385923,0.49929956
2019-02-05,core,60,static,0.41029164,0.59963024
2019-02-06,core,60,static,0.43415076,0.46852568
2019-02-07,core,60,static,0.5166102,0.58757997
2019-02-08,core,60,static,0.63407224,0.82744616
2019-02-12,core,60,static,0.80469704,0.97889495
2019-02-13,core,60,static,0.6465683,0.74750304
2019-02-14,core,60,static,0.69244784,0.60564
2019-02-15,core,60,static,0.79405016,0.7172202
2019-02-18,core,60,static,0.48766485,0.5427067
2019-02-19,core,60,static,0.53814006,0.52958816
2019-02-20,core,60,static,0.55800116,0.6150156
2019-02-21,core,60,static,0.6649488,0.62315995
2019-02-22,core,60,static,0.45760533,0.5371363
2019-02-25,core,60,static,0.44281283,0.4549074
2019-02-26,core,60,static,0.4868513,0.6529248
2019-02-27,core,60,static,0.27050745,0.4442103
2019-02-28,core,60,static,0.5210132,0.5414634
2019-03-01,core,60,static,0.5411487,0.5524431
2019-03-04,core,60,static,0.3874281,0.478763
2019-03-05,core,60,static,0.5113566,0.52384424
2019-03-06,core,60,static,0.3758757,0.5399655
2019-03-07,core,60,static,0.36797136,0.43557298
2019-03-08,core,60,static,0.68772143,1.0450146
2019-03-11,core,60,static,0.6669575,0.6408586
2019-03-12,core,60,static,0.67965114,0.6804334
2019-03-13,core,60,static,0.6431709,0.7899107
2019-03-14,core,60,static,0.7514415,0.6472791
2019-03-15,core,60,static,0.4442136,0.6256219
2019-03-18,core,60,static,0.41718483,0.5228001
2019-03-19,core,60,static,0.5103182,0.5653664
2019-03-20,core,60,static,0.3640376,0.46132794
2019-03-22,core,60,static,0.69168925,0.59157515
2019-03-25,core,60,static,0.80777425,0.90713525
2019-03-26,core,60,static,0.5410814,0.7689357
2019-03-27,core,60,static,0.5850415,0.6462546
2019-03-28,core,60,static,0.89525205,0.80848956
2019-03-29,core,60,static,0.47916922,0.56295085
2019-04-01,core,60,static,0.5754616,0.62925744
2019-04-02,core,60,static,0.60123634,0.71748805
2019-04-03,core,60,static,0.722694,0.618701
2019-04-04,core,60,static,0.45924956,0.5497621
2019-04-05,core,60,static,0.6110471,0.5330088
2019-04-08,core,60,static,0.48535737,0.6462138
2019-04-09,core,60,static,0.46029332,0.48533705
2019-04-10,core,60,static,0.44074193,0.5142929
2019-04-11,core,60,static,0.38972965,0.4471397
2019-04-12,core,60,static,0.41197526,0.6129244
2019-04-15,core,60,static,0.41886684,0.4266099
2019-04-16,core,60,static,0.45664573,0.48955908
2019-04-17,core,60,static,0.6198656,0.5064205
2019-04-18,core,60,static,0.59688574,0.6395694
2019-04-19,core,60,static,0.30316633,0.4568834
2019-04-22,core,60,static,0.6234048,0.6019623
2019-04-23,core,60,static,0.38071892,0.53401357
2019-04-24,core,60,static,0.56213576,0.5697374
2019-04-25,core,60,static,0.43120065,0.5215181
2019-04-26,core,60,static,0.4447973,0.6184145
2019-05-07,core,60,static,0.6053192,0.8006667
2019-05-08,core,60,static,0.5159275,0.5890354
2019-05-09,core,60,static,0.68573725,0.7490345
2019-05-10,core,60,static,1.3596237,0.951965
2019-05-13,core,60,static,0.5313535,0.7330352
2019-05-14,core,60,static,0.8621692,0.9391219
2019-05-15,core,60,static,0.5814311,0.71195126
2019-05-16,core,60,static,0.60817397,0.69915223
2019-05-17,core,60,static,0.7820061,0.75292695
2019-05-20,core,60,static,0.74052775,0.6135386
2019-05-21,core,60,static,0.58022857,0.66385674
2019-05-22,core,60,static,0.3951507,0.5693754
2019-05-23,core,60,static,0.491179,0.56407845
2019-05-24,core,60,static,0.47718757,0.69516504
2019-05-27,core,60,static,0.37875375,0.4987636
2019-05-28,core,60,static,0.44813806,0.50893456
2019-05-29,core,60,static,0.63822204,0.5791322
2019-05-30,core,60,static,0.58383834,0.5471786
2019-05-31,core,60,static,0.6841982,0.8064673
2019-06-03,core,60,static,0.52742904,0.5993979
2019-06-04,core,60,static,0.57950807,0.621137
2019-06-05,core,60,static,0.49437496,0.5869752
2019-06-06,core,60,static,0.39556184,0.4689881
2019-06-07,core,60,static,0.39298657,0.49564785
2019-06-10,core,60,static,0.4080138,0.42282444
2019-06-11,core,60,static,0.35760587,0.51842344
2019-06-12,core,60,static,0.41765854,0.5097938
2019-06-13,core,60,static,0.6440891,0.5419585
2019-06-14,core,60,static,0.61559093,0.5429309
2019-06-17,core,60,static,0.40562356,0.5272485
2019-06-18,core,60,static,0.46921137,0.69734645
2019-06-19,core,60,static,0.42336938,0.51665163
2019-06-20,core,60,static,0.41648388,0.45754126
2019-06-21,core,60,static,0.7216322,0.75465465
2019-06-24,core,60,static,0.36197773,0.52267385
2019-06-25,core,60,static,0.5862561,0.63534284
2019-06-26,core,60,static,0.4408926,0.5178274
2019-06-27,core,60,static,0.47992194,0.5771563
2019-06-28,core,60,static,0.49072328,0.5529444
2019-07-01,core,60,static,0.45166978,0.58486426
2019-07-02,core,60,static,0.4195306,0.42905867
2019-07-03,core,60,static,0.37640965,0.53777486
2019-07-04,core,60,static,0.21248052,0.4119523
2019-07-05,core,60,static,0.3623406,0.47689775
2019-07-08,core,60,static,0.42506605,0.56413615
2019-07-09,core,60,static,0.45077518,0.4941629
2019-07-10,core,60,static,0.4159508,0.47613683
2019-07-11,core,60,static,0.30369458,0.4486062
2019-07-12,core,60,static,0.46530408,0.5362365
2019-07-17,core,60,static,0.46936965,0.46097597
2019-07-18,core,60,static,0.58231777,1.0072657
2019-07-19,core,60,static,0.487825,0.8776016
2019-07-22,core,60,static,0.5255823,0.54531056
2019-07-23,core,60,static,0.55537754,0.7073741
2019-07-24,core,60,static,0.37221032,0.37783697
2019-07-25,core,60,static,0.51707315,0.44300154
2019-07-26,core,60,static,0.45959008,0.5082964
2019-07-29,core,60,static,0.47967154,0.5326927
2019-07-30,core,60,static,0.49986103,0.48410657
2019-07-31,core,60,static,0.46011177,0.5105272
2019-08-01,core,60,static,0.5667791,0.6655941
2019-08-02,core,60,static,0.5981884,0.8553604
2019-08-05,core,60,static,0.8728148,1.2205641
2019-08-06,core,60,static,1.393106,1.2581137
2019-08-07,core,60,static,0.7813885,0.7909812
2019-08-08,core,60,static,0.74686027,0.7743734
2019-08-09,core,60,static,0.49181262,0.6208859
2019-08-13,core,60,static,0.6699737,0.6394731
2019-08-14,core,60,static,0.48938635,0.5908253
2019-08-15,core,60,static,0.71232545,0.7293588
2019-08-16,core,60,static,0.45247325,0.6540357
2019-08-19,core,60,static,0.42608678,0.59785235
2019-08-20,core,60,static,0.37085316,0.52330655
2019-08-21,core,60,static,0.33166265,0.51198334
2019-08-22,core,60,static,0.4063824,0.5383947
2019-08-23,core,60,static,0.37122044,0.55119264
2019-08-26,core,60,static,0.8774723,0.60206556
2019-08-27,core,60,static,0.3917015,0.5061476
2019-08-28,core,60,static,0.31036603,0.44355914
2019-08-29,core,60,static,0.49068415,0.5747243
2019-08-30,core,60,static,0.37855944,0.51853025
2019-09-02,core,60,static,0.30660436,0.38102683
2019-09-03,core,60,static,0.32768998,0.4112088
2019-09-04,core,60,static,0.39324135,0.45127216
2019-09-05,core,60,static,0.6591932,0.81771314
2019-09-06,core,60,static,0.4507893,0.467428
2019-09-09,core,60,static,0.5209246,0.5196986
2019-09-10,core,60,static,0.37950796,0.4310151
2019-09-11,core,60,static,0.50641793,0.47574747
2019-09-12,core,60,static,0.45478198,0.41806892
2019-09-13,core,60,static,0.4794492,0.58162093
2019-09-17,core,60,static,0.517651,0.48365483
2019-09-18,core,60,static,0.37057045,0.42531627
2019-09-19,core,60,static,0.9439046,0.62387764
2019-09-20,core,60,static,0.4229328,0.58406425
2019-09-25,core,60,static,0.5500051,0.49802738
2019-09-26,core,60,static,0.47077304,0.59438384
2019-09-27,core,60,static,0.64438444,0.711958
2019-09-30,core,60,static,0.53690845,0.5789349
2019-10-01,core,60,static,0.34838927,0.48976108
2019-10-02,core,60,static,0.32395723,0.4487313
2019-10-03,core,60,static,0.51655203,0.6289401
2019-10-04,core,60,static,0.414185,0.56202835
2019-10-07,core,60,static,0.40341,0.576585
2019-10-08,core,60,static,0.43005088,0.5251026
2019-10-09,core,60,static,0.38805678,0.46824655
2019-10-10,core,60,static,0.82208025,0.6856522
2019-10-11,core,60,static,0.5154887,0.58715487
2019-10-15,core,60,static,0.40126202,0.5151738
2019-10-16,core,60,static,0.7280756,0.5706041
2019-10-17,core,60,static,0.3956502,0.47615847
2019-10-18,core,60,static,0.566893,0.618811
2019-10-21,core,60,static,0.25843495,0.40143257
2019-10-23,core,60,static,0.61452776,0.5251758
2019-10-24,core,60,static,0.3160634,0.4208734
2019-10-25,core,60,static,0.26380095,0.45968297
2019-10-28,core,60,static,0.2490552,0.3922014
2019-10-29,core,60,static,0.33816895,0.35250565
2019-10-30,core,60,static,0.38163245,0.47244856
2019-10-31,core,60,static,0.43444324,0.41330466
2019-11-01,core,60,static,0.31177333,0.5341141
2019-11-05,core,60,static,0.5111768,0.53034425
2019-11-06,core,60,static,0.29941544,0.42548618
2019-11-07,core,60,static,0.30768433,0.413071
2019-11-08,core,60,static,0.56706184,0.6708838
2019-11-11,core,60,static,0.32009214,0.49119917
2019-11-12,core,60,static,0.34582698,0.56209046
2019-11-13,core,60,static,0.4571984,0.53917897
2019-11-14,core,60,static,0.7509282,0.66684335
2019-11-15,core,60,static,0.5414993,0.63858354
2019-11-18,core,60,static,0.4480201,0.531795
2019-11-19,core,60,static,0.48664826,0.5894661
2019-11-20,core,60,static,0.6214107,0.58003664
2019-11-21,core,60,static,0.9489152,0.8538385
2019-11-22,core,60,static,0.4684395,0.6641084
2019-11-25,core,60,static,0.32151935,0.4930404
2019-11-26,core,60,static,0.5775611,0.6932499
2019-11-27,core,60,static,0.3695195,0.41691947
2019-11-28,core,60,static,0.5102321,0.4751523
2019-11-29,core,60,static,0.45742804,0.6450097
2019-12-02,core,60,static,0.46741116,0.5513102
2019-12-03,core,60,static,0.46477246,0.6695107
2019-12-04,core,60,static,0.595267,0.5856339
2019-12-05,core,60,static,0.5120945,0.46457198
2019-12-06,core,60,static,0.26996678,0.44567946
2019-12-09,core,60,static,0.46566507,0.56713456
2019-12-10,core,60,static,0.32391986,0.46340868
2019-12-11,core,60,static,0.26391917,0.44126484
2019-12-12,core,60,static,0.3174908,0.42419943
2019-12-13,core,60,static,0.49971414,0.6764207
2019-12-16,core,60,static,0.37474844,0.4449853
2019-12-17,core,60,static,0.29989138,0.41184196
2019-12-18,core,60,static,0.2715722,0.45260468
2019-12-19,core,60,static,0.3609173,0.42676732
2019-12-20,core,60,static,0.4916653,0.53482896
2019-12-23,core,60,static,0.29422385,0.446963
2019-12-24,core,60,static,0.20277129,0.36031255
2019-12-25,core,60,static,0.14368884,0.33301643
2019-12-26,core,60,static,0.30584246,0.45008332
2019-12-27,core,60,static,0.2437419,0.47959352
2019-12-30,core,60,static,0.6504025,0.4575995
2014-01-07,momentum,252,static,0.9929978,0.643155
2014-01-08,momentum,252,static,0.55982196,0.7856409
2014-01-09,momentum,252,static,0.7221481,0.7892865
2014-01-10,momentum,252,static,0.8308182,0.71678984
2014-01-14,momentum,252,static,1.1166403,1.066762
2014-01-15,momentum,252,static,0.7597656,0.71092415
2014-01-16,momentum,252,static,0.7385079,0.8007885
2014-01-17,momentum,252,static,0.9924829,0.7301863
2014-01-20,momentum,252,static,0.6351576,0.79383636
2014-01-21,momentum,252,static,0.68236524,0.76272213
2014-01-22,momentum,252,static,0.90556103,0.77849203
2014-01-23,momentum,252,static,0.8677156,1.0134047
2014-01-24,momentum,252,static,0.9876176,0.94994634
2014-01-27,momentum,252,static,1.0500518,0.8615337
2014-01-28,momentum,252,static,0.8367259,0.7965118
2014-01-29,momentum,252,static,0.7737801,0.8208023
2014-01-30,momentum,252,static,1.2759646,1.1326588
2014-01-31,momentum,252,static,1.1827918,1.2787249
2014-02-03,momentum,252,static,1.1922182,1.0325056
2014-02-04,momentum,252,static,1.6071959,1.4911033
2014-02-05,momentum,252,static,1.2378954,1.133475
2014-02-06,momentum,252,static,0.9547833,0.97927153
2014-02-07,momentum,252,static,0.73973215,0.7587248
2014-02-10,momentum,252,static,0.70442957,0.59356636
2014-02-12,momentum,252,static,0.6793457,0.6617199
2014-02-13,momentum,252,static,0.7595481,1.120502
2014-02-14,momentum,252,static,1.5592761,1.373794
2014-02-17,momentum,252,static,1.0413496,1.0784525
2014-02-18,momentum,252,static,1.4758527,1.2630908
2014-02-19,momentum,252,static,0.79908484,0.94306636
2014-02-20,momentum,252,static,1.1217945,1.2616693
2014-02-21,momentum,252,static,0.84724355,0.9852146
2014-02-24,momentum,252,static,1.188368,0.8903675
2014-02-25,momentum,252,static,0.70223475,0.751866
2014-02-26,momentum,252,static,0.8268716,0.8391063
2014-02-27,momentum,252,static,0.8597349,0.6713338
2014-02-28,momentum,252,static,1.0540922,0.8363916
2014-03-03,momentum,252,static,1.2059813,0.9505557
2014-03-04,momentum,252,static,0.7824622,0.9269476
2014-03-05,momentum,252,static,0.69540536,0.60119087
2014-03-06,momentum,252,static,0.9321518,1.0404954
2014-03-07,momentum,252,static,0.70667803,0.84653324
2014-03-10,momentum,252,static,0.83244985,0.77139163
2014-03-11,momentum,252,static,0.8417272,0.743835
2014-03-12,momentum,252,static,0.77094215,0.79374826
2014-03-13,momentum,252,static,0.83867455,0.65029323
2014-03-14,momentum,252,static,1.1113584,1.0981513
2014-03-17,momentum,252,static,1.1761091,0.8591583
2014-03-18,momentum,252,static,0.88540554,0.82344466
2014-03-19,momentum,252,static,1.3912756,1.0449779
2014-03-25,momentum,252,static,0.9714549,0.85378426
2014-03-26,momentum,252,static,0.96506923,0.88841146
2014-03-27,momentum,252,static,1.3056054,1.2310174
2014-03-28,momentum,252,static,0.89101136,0.9838777
2014-03-31,momentum,252,static,0.69621205,0.6907935
2014-04-01,momentum,252,static,0.7554367,0.65202457
2014-04-02,momentum,252,static,0.8529638,0.74489105
2014-04-03,momentum,252,static,0.7055742,0.69350505
2014-04-04,momentum,252,static,0.5401592,0.5894324
2014-04-07,momentum,252,static,0.6578506,0.6936475
2014-04-08,momentum,252,static,0.9137992,0.7295532
2014-04-09,momentum,252,static,1.009909,1.033443
2014-04-10,momentum,252,static,0.8897711,1.0692496
2014-04-11,momentum,252,static,1.0655437,1.1541617
2014-04-14,momentum,252,static,0.8920437,0.841163
2014-04-15,momentum,252,static,0.7417469,0.7443055
2014-04-16,momentum,252,static,0.9056222,0.96949154
2014-04-17,momentum,252,static,0.95001894,0.6733948
2014-04-18,momentum,252,static,0.5880501,0.7124587
2014-04-21,momentum,252,static,0.68551946,0.6579453
2014-04-22,momentum,252,static,0.6050715,0.77075595
2014-04-23,momentum,252,static,0.6681907,0.61123335
2014-04-24,momentum,252,static,0.7531964,0.7887455
2014-04-25,momentum,252,static,0.8171542,0.8438679
2014-04-28,momentum,252,static,0.5202675,0.6725881
2014-04-30,momentum,252,static,0.7706513,0.6931961
2014-05-01,momentum,252,static,0.84712476,0.6559069
2014-05-02,momentum,252,static,0.44685054,0.60600877
2014-05-07,momentum,252,static,0.68703073,1.0735632
2014-05-08,momentum,252,static,0.6638346,0.65914273
2014-05-09,momentum,252,static,0.8249565,0.748681
2014-05-12,momentum,252,static,0.64987975,0.54761064
2014-05-13,momentum,252,static,0.5705969,0.51706314
2014-05-14,momentum,252,static,0.44689208,0.5022495
2014-05-15,momentum,252,static,0.64376944,0.6098126
2014-05-16,momentum,252,static,0.5206161,0.64192754
2014-05-19,momentum,252,static,0.6803092,0.7015007
2014-05-20,momentum,252,static,0.55800164,0.56961995
2014-05-21,momentum,252,static,0.6375392,0.5178409
2014-05-22,momentum,252,static,0.6842453,0.7705581
2014-05-23,momentum,252,static,0.44052288,0.61405015
2014-05-26,momentum,252,static,0.37913492,0.46477324
2014-05-27,momentum,252,static,0.6434642,0.6171453
2014-05-28,momentum,252,static,0.6203026,0.52170426
2014-05-29,momentum,252,static,0.61157197,0.6001826
2014-05-30,momentum,252,static,0.6328049,0.6081397
2014-06-02,momentum,252,static,0.6377771,0.67822015
2014-06-03,momentum,252,static,0.46424276,0.47383887
2014-06-04,momentum,252,static,0.62038946,0.4668706
2014-06-05,momentum,252,static,0.42855427,0.5001032
2014-06-06,momentum,252,static,0.48644966,0.45595706
2014-06-09,momentum,252,static,0.39111125,0.4421776
2014-06-10,momentum,252,static,0.62941206,0.7204617
2014-06-11,momentum,252,static,0.38836092,0.47437322
2014-06-12,momentum,252,static,0.55599385,0.5448169
2014-06-13,momentum,252,static,0.6853583,0.901363
2014-06-16,momentum,252,static,0.6171051,0.7253923
2014-06-17,momentum,252,static,0.5108878,0.50506866
2014-06-18,momentum,252,static,0.5292312,0.5554696
2014-06-19,momentum,252,static,0.715569,0.77588594
2014-06-20,momentum,252,static,0.6328794,0.6621385
2014-06-23,momentum,252,static,0.54107994,0.49086106
2014-06-24,momentum,252,static,0.6010311,0.6755688
2014-06-25,momentum,252,static,0.4700113,0.47938967
2014-06-26,momentum,252,static,0.3968126,0.42847073
2014-06-27,momentum,252,static,0.84021884,0.9781904
2014-06-30,momentum,252,static,0.57549506,0.53168344
2014-07-01,momentum,252,static,0.8379273,0.81287754
2014-07-02,momentum,252,static,0.3906125,0.52543354
2014-07-03,momentum,252,static,0.42104033,0.5123178
2014-07-04,momentum,252,static,0.33971897,0.48224396
2014-07-07,momentum,252,static,0.37034258,0.43647838
2014-07-08,momentum,252,static,0.61948246,0.61994976
2014-07-09,momentum,252,static,0.5096815,0.51822346
2014-07-10,momentum,252,static,0.40454504,0.52699465
2014-07-11,momentum,252,static,0.53335774,0.51331115
2014-07-14,momentum,252,static,0.44155797,0.5192334
2014-07-15,momentum,252,static,0.4875106,0.46902412
2014-07-16,momentum,252,static,0.34048226,0.38722324
2014-07-17,momentum,252,static,0.37393007,0.49779457
2014-07-18,momentum,252,static,0.5535996,0.59238434
2014-07-22,momentum,252,static,0.40292332,0.44956183
2014-07-23,momentum,252,static,0.30114886,0.4374537
2014-07-24,momentum,252,static,0.52046865,0.5873346
2014-07-25,momentum,252,static,0.3752552,0.524791
2014-07-28,momentum,252,static,0.49145386,0.49558437
2014-07-29,momentum,252,static,0.36667457,0.4055493
2014-07-30,momentum,252,static,0.41785625,0.3478539
2014-07-31,momentum,252,static,0.49558058,0.5395013
2014-08-01,momentum,252,static,0.4799793,0.51095337
2014-08-04,momentum,252,static,0.44888687,0.4662193
2014-08-05,momentum,252,static,0.5403825,0.7653917
2014-08-06,momentum,252,static,0.6847517,0.6899897
2014-08-07,momentum,252,static,0.8375794,0.64418316
2014-08-08,momentum,252,static,1.195581,1.2237619
2014-08-11,momentum,252,static,0.67873245,0.6891813
2014-08-12,momentum,252,static,0.50416714,0.5323522
2014-08-13,momentum,252,static,0.59598273,0.5652763
2014-08-14,momentum,252,static,0.41829088,0.4289903
2014-08-15,momentum,252,static,0.30149516,0.5501479
2014-08-18,momentum,252,static,0.42790744,0.3933226
2014-08-19,momentum,252,static,0.3051219,0.36214083
2014-08-20,momentum,252,static,0.30348796,0.36043203
2014-08-21,momentum,252,static,0.38702157,0.34944183
2014-08-22,momentum,252,static,0.31535682,0.49467343
2014-08-25,momentum,252,static,0.38037792,0.38506037
2014-08-26,momentum,252,static,0.31082103,0.50577676
2014-08-27,momentum,252,static,0.458984,0.55418444
2014-08-28,momentum,252,static,0.38679838,0.42222607
2014-08-29,momentum,252,static,0.39064065,0.44452
2014-09-01,momentum,252,static,0.22931044,0.28854424
2014-09-02,momentum,252,static,0.5366238,0.622801
2014-09-03,momentum,252,static,0.46095583,0.4778518
2014-09-04,momentum,252,static,0.40266037,0.45160955
2014-09-05,momentum,252,static,0.47743714,0.5794461
2014-09-08,momentum,252,static,0.3796941,0.37409902
2014-09-09,momentum,252,static,0.34021303,0.37761432
2014-09-10,momentum,252,static,0.39407885,0.4653631
2014-09-11,momentum,252,static,0.40020424,0.36026663
2014-09-12,momentum,252,static,0.5142043,0.46938145
2014-09-16,momentum,252,static,0.3597271,0.34052727
2014-09-17,momentum,252,static,0.35162345,0.39486933
2014-09-18,momentum,252,static,0.36179757,0.4385994
2014-09-19,momentum,252,static,0.5172682,0.62654877
2014-09-22,momentum,252,static,0.35834184,0.48736674
2014-09-24,momentum,252,static,0.5036601,0.4410903
2014-09-25,momentum,252,static,0.3381999,0.36146808
2014-09-26,momentum,252,static,0.57338595,0.6199545
2014-09-29,momentum,252,static,0.4584803,0.4381007
2014-09-30,momentum,252,static,0.5464531,0.60157454
2014-10-01,momentum,252,static,0.64316356,0.58263713
2014-10-02,momentum,252,static,0.76328415,1.0117563
2014-10-03,momentum,252,static,1.0020511,0.6414695
2014-10-06,momentum,252,static,0.55427086,0.66128504
2014-10-07,momentum,252,static,0.61257577,0.60915023
2014-10-08,momentum,252,static,0.58714724,0.61339664
2014-10-09,momentum,252,static,0.91856515,0.918973
2014-10-10,momentum,252,static,0.74708724,0.824286
2014-10-14,momentum,252,static,0.7626068,0.8701461
2014-10-15,momentum,252,static,0.99067354,0.7669891
2014-10-16,momentum,252,static,0.98506254,0.84941846
2014-10-17,momentum,252,static,1.0517386,1.215239
2014-10-20,momentum,252,static,0.9073313,1.0260168
2014-10-21,momentum,252,static,1.0882068,1.2681524
2014-10-22,momentum,252,static,0.79123354,0.84656894
2014-10-23,momentum,252,static,0.7146961,0.77869034
2014-10-24,momentum,252,static,0.7260992,0.7394997
2014-10-27,momentum,252,static,0.48718125,0.59672236
2014-10-28,momentum,252,static,0.46595663,0.59807664
2014-10-29,momentum,252,static,0.6780776,0.73333216
2014-10-30,momentum,252,static,0.4152505,0.57098097
2014-10-31,momentum,252,static,2.19771,1.5932841
2014-11-04,momentum,252,static,1.9115504,1.185669
2014-11-05,momentum,252,static,1.0005338,1.0286722
2014-11-06,momentum,252,static,1.248813,1.0512629
2014-11-07,momentum,252,static,0.5483654,0.69834894
2014-11-10,momentum,252,static,0.5790799,0.7776054
2014-11-11,momentum,252,static,0.6575284,0.8938302
2014-11-12,momentum,252,static,1.0307268,0.8415829
2014-11-13,momentum,252,static,0.88764495,1.1657919
2014-11-14,momentum,252,static,0.9472582,0.86560667
2014-11-17,momentum,252,static,1.0509596,1.3856885
2014-11-18,momentum,252,static,0.6759118,0.80683315
2014-11-19,momentum,252,static,0.7302673,0.70853275
2014-11-20,momentum,252,static,0.56303227,0.6176052
2014-11-21,momentum,252,static,0.9204502,0.92959255
2014-11-25,momentum,252,static,0.50027895,0.6682538
2014-11-26,momentum,252,static,0.3856903,0.49138212
2014-11-27,momentum,252,static,0.50433457,0.5952608
2014-11-28,momentum,252,static,0.5068785,0.51628107
2014-12-01,momentum,252,static,0.6539518,0.67887676
2014-12-02,momentum,252,static,0.51602525,0.74891096
2014-12-03,momentum,252,static,0.6252871,0.5622286
2014-12-04,momentum,252,static,0.5004117,0.6590086
2014-12-05,momentum,252,static,0.42895722,0.69017506
2014-12-08,momentum,252,static,0.69132453,0.6099961
2014-12-09,momentum,252,static,0.47860804,0.6154269
2014-12-10,momentum,252,static,0.98193306,1.029434
2014-12-11,momentum,252,static,0.926974,0.91654885
2014-12-12,momentum,252,static,0.8396664,0.81662893
2014-12-15,momentum,252,static,0.9241034,0.9616423
2014-12-16,momentum,252,static,0.640895,0.8611934
2014-12-17,momentum,252,static,0.8817685,0.69393724
2014-12-18,momentum,252,static,0.65928036,0.57044864
2014-12-19,momentum,252,static,0.5467008,0.7262376
2014-12-22,momentum,252,static,0.54934204,0.61375934
2014-12-24,momentum,252,static,0.3262927,0.48816872
2014-12-25,momentum,252,static,0.29669535,0.46522003
2014-12-26,momentum,252,static,0.31702593,0.44329494
2014-12-29,momentum,252,static,0.988299,0.9072379
2014-12-30,momentum,252,static,0.67278767,0.9085543
2015-01-05,momentum,252,static,1.0581647,0.83755314
2015-01-06,momentum,252,static,0.8368668,0.8587713
2015-01-07,momentum,252,static,0.79040897,0.71014637
2015-01-08,momentum,252,static,0.6772492,0.71433955
2015-01-09,momentum,252,static,0.748735,0.72015494
2015-01-13,momentum,252,static,0.9260557,0.76048553
2015-01-14,momentum,252,static,0.8942583,1.0853761
2015-01-15,momentum,252,static,0.918971,0.86406636
2015-01-16,momentum,252,static,1.0484915,1.0266572
2015-01-19,momentum,252,static,0.7981591,0.59805
2015-01-20,momentum,252,static,0.7273282,0.8962219
2015-01-21,momentum,252,static,0.6536433,0.7573327
2015-01-22,momentum,252,static,0.6781052,0.6100908
2015-01-23,momentum,252,static,0.42885068,0.55712664
2015-01-26,momentum,252,static,0.58360314,0.6209664
2015-01-27,momentum,252,static,0.5117294,0.5357863
2015-01-28,momentum,252,static,0.56040734,0.723222
2015-01-29,momentum,252,static,0.64788276,0.7528745
2015-01-30,momentum,252,static,0.60407484,0.60014504
2015-02-02,momentum,252,static,0.6687342,0.65813106
2015-02-03,momentum,252,static,0.8945028,1.0919415
2015-02-04,momentum,252,static,0.7012464,0.6877543
2015-02-05,momentum,252,static,0.75102514,0.66676325
2015-02-06,momentum,252,static,0.47369716,0.5223229
2015-02-09,momentum,252,static,0.5304527,0.5583667
2015-02-10,momentum,252,static,0.45380566,0.58817446
2015-02-12,momentum,252,static,0.50001955,0.469275
2015-02-13,momentum,252,static,0.5767446,0.5379645
2015-02-16,momentum,252,static,0.49525174,0.43119794
2015-02-17,momentum,252,static,0.41838494,0.4588372
2015-02-18,momentum,252,static,0.31954432,0.44679034
2015-02-19,momentum,252,static,0.372081,0.36237866
2015-02-20,momentum,252,static,0.36497542,0.41270125
2015-02-23,momentum,252,static,0.38877428,0.44021386
2015-02-24,momentum,252,static,0.43328205,0.4903856
2015-02-25,momentum,252,static,0.4532299,0.4167803
2015-02-26,momentum,252,static,0.49888864,0.5667584
2015-02-27,momentum,252,static,0.52715445,0.5933992
2015-03-02,momentum,252,static,0.4335555,0.5225944
2015-03-03,momentum,252,static,0.55336016,0.5917582
2015-03-04,momentum,252,static,0.5255971,0.5422723
2015-03-05,momentum,252,static,0.4201809,0.48025894
2015-03-06,momentum,252,static,0.5053212,0.5994011
2015-03-09,momentum,252,static,0.551227,0.5142118
2015-03-10,momentum,252,static,0.77416724,0.8130778
2015-03-11,momentum,252,static,0.60120213,0.70246613
2015-03-12,momentum,252,static,0.7062233,0.71264184
2015-03-13,momentum,252,static,0.64537174,0.9286572
2015-03-16,momentum,252,static,0.5888771,0.56538934
2015-03-17,momentum,252,static,0.31845242,0.4783566
2015-03-18,momentum,252,static,0.49470147,0.52162445
2015-03-19,momentum,252,static,0.83982056,0.6606634
2015-03-20,momentum,252,static,0.40309644,0.6621062
2015-03-23,momentum,252,static,0.49912554,0.61453456
2015-03-24,momentum,252,static,0.50451314,0.5252453
2015-03-25,momentum,252,static,0.60764873,0.6165468
2015-03-26,momentum,252,static,0.73930085,0.77069724
2015-03-27,momentum,252,static,1.2476948,1.1020007
2015-03-30,momentum,252,static,0.79197466,0.7357139
2015-03-31,momentum,252,static,0.8709823,1.0431701
2015-04-01,momentum,252,static,1.2389112,0.9412942
2015-04-02,momentum,252,static,0.8624422,0.96027726
2015-04-03,momentum,252,static,0.68748456,0.7328104
2015-04-06,momentum,252,static,0.7400669,0.63662934
2015-04-07,momentum,252,static,0.60862374,0.6121424
2015-04-08,momentum,252,static,0.5820112,0.5669798
2015-04-09,momentum,252,static,0.43787917,0.54166585
2015-04-10,momentum,252,static,0.62531537,0.64498794
2015-04-13,momentum,252,static,0.62615526,0.5901561
2015-04-14,momentum,252,static,0.4100186,0.4524961
2015-04-15,momentum,252,static,0.37868944,0.44507164
2015-04-16,momentum,252,static,0.4510071,0.47221047
2015-04-17,momentum,252,static,0.7775562,0.65548015
2015-04-20,momentum,252,static,0.6633403,0.67570007
2015-04-21,momentum,252,static,0.48352942,0.6819947
2015-04-22,momentum,252,static,0.51101625,0.56903535
2015-04-23,momentum,252,static,0.35762784,0.5323152
2015-04-24,momentum,252,static,0.47648883,0.62839115
2015-04-27,momentum,252,static,0.63045996,0.5447912
2015-04-28,momentum,252,static,0.41817966,0.50986767
2015-04-30,momentum,252,static,0.89850855,1.0388178
2015-05-01,momentum,252,static,0.7258315,0.5806659
2015-05-07,momentum,252,static,0.79485816,0.75016385
2015-05-08,momentum,252,static,0.48748258,0.6361816
2015-05-11,momentum,252,static,0.40586707,0.44561243
2015-05-12,momentum,252,static,0.45552722,0.52533126
2015-05-13,momentum,252,static,0.6834728,0.71044064
2015-05-14,momentum,252,static,0.55556977,0.70426625
2015-05-15,momentum,252,static,0.54012537,0.5094521
2015-05-18,momentum,252,static,0.39015886,0.55423045
2015-05-19,momentum,252,static,0.41756612,0.5203911
2015-05-20,momentum,252,static,0.47765216,0.48292416
2015-05-21,momentum,252,static,0.5032436,0.51162475
2015-05-22,momentum,252,static,0.52883387,0.54292244
2015-05-25,momentum,252,static,0.29894543,0.46015888
2015-05-26,momentum,252,static,0.38567203,0.4422831
2015-05-27,momentum,252,static,0.39377263,0.51339805
2015-05-28,momentum,252,static,0.49497613,0.5041642
2015-05-29,momentum,252,static,0.59256136,0.5112548
2015-06-01,momentum,252,static,0.42241454,0.53040665
2015-06-02,momentum,252,static,0.45926872,0.50513786
2015-06-03,momentum,252,static,0.43745446,0.42470807
2015-06-04,momentum,252,static,0.3522972,0.42647415
2015-06-05,momentum,252,static,0.42145154,0.45405358
2015-06-08,momentum,252,static,0.53755033,0.50129
2015-06-09,momentum,252,static,0.45220372,0.6756507
2015-06-10,momentum,252,static,0.91094947,0.6617501
2015-06-11,momentum,252,static,0.624376,0.5708516
2015-06-12,momentum,252,static,0.5033268,0.5633316
2015-06-15,momentum,252,static,0.52865654,0.57292414
2015-06-16,momentum,252,static,0.61885947,0.50870943
2015-06-17,momentum,252,static,0.5089756,0.65558195
2015-06-18,momentum,252,static,0.640445,0.74512786
2015-06-19,momentum,252,static,0.53801465,0.50188017
2015-06-22,momentum,252,static,0.6066666,0.68401337
2015-06-23,momentum,252,static,0.58190143,0.6768378
2015-06-24,momentum,252,static,0.49102572,0.46371633
2015-06-25,momentum,252,static,0.3753845,0.51280814
2015-06-26,momentum,252,static,0.5097278,0.5103618
2015-06-29,momentum,252,static,0.972158,0.8015835
2015-06-30,momentum,252,static,0.6717302,0.5416366
2015-07-01,momentum,252,static,0.4418116,0.51067966
2015-07-02,momentum,252,static,0.44445065,0.49138147
2015-07-03,momentum,252,static,0.33597615,0.48904282
2015-07-06,momentum,252,static,0.77378774,0.82185626
2015-07-07,momentum,252,static,0.44051495,0.43589252
2015-07-08,momentum,252,static,1.2377485,1.4574608
2015-07-09,momentum,252,static,1.5454913,1.5293698
2015-07-10,momentum,252,static,1.0695367,1.0538971
2015-07-13,momentum,252,static,0.72223955,0.86187387
2015-07-14,momentum,252,static,0.59193826,0.5573986
2015-07-15,momentum,252,static,0.4642224,0.61190957
2015-07-16,momentum,252,static,0.37814215,0.50045794
2015-07-17,momentum,252,static,0.26528454,0.4875161
2015-07-21,momentum,252,static,0.33021235,0.43270063
2015-07-22,momentum,252,static,0.41083354,0.4696511
2015-07-23,momentum,252,static,0.2849535,0.44343865
2015-07-24,momentum,252,static,0.39053702,0.5396236
2015-07-27,momentum,252,static,0.79140973,0.7050922
2015-07-28,momentum,252,static,1.1183492,0.8164608
2015-07-29,momentum,252,static,0.71525544,0.68048674
2015-07-30,momentum,252,static,0.45749187,0.51477695
2015-07-31,momentum,252,static,0.36149645,0.5511717
2015-08-03,momentum,252,static,0.49720716,0.5484836
2015-08-04,momentum,252,static,0.43941158,0.50484157
2015-08-05,momentum,252,static,0.55280465,0.69094485
2015-08-06,momentum,252,static,0.3892119,0.485731
2015-08-07,momentum,252,static,0.6038485,0.5808935
2015-08-10,momentum,252,static,0.42110485,0.58307654
2015-08-11,momentum,252,static,0.92282,0.7835003
2015-08-12,momentum,252,static,1.0630121,1.0874724
2015-08-13,momentum,252,static,0.79066426,0.87228125
2015-08-14,momentum,252,static,0.57319975,0.6337587
2015-08-17,momentum,252,static,0.46934605,0.5071164
2015-08-18,momentum,252,static,0.41419494,0.4934501
2015-08-19,momentum,252,static,0.7090916,0.8819049
2015-08-20,momentum,252,static,0.8051279,0.768322
2015-08-21,momentum,252,static,1.003589,1.079585
2015-08-24,momentum,252,static,1.9622864,1.8851138
2015-08-25,momentum,252,static,3.6375158,2.8827436
2015-08-26,momentum,252,static,2.1537983,2.113442
2015-08-27,momentum,252,static,1.343263,1.2393693
2015-08-28,momentum,252,static,1.1837245,1.1055962
2015-08-31,momentum,252,static,1.2183108,1.1651269
2015-09-01,momentum,252,static,1.3787259,2.081633
2015-09-02,momentum,252,static,2.5988379,1.4708363
2015-09-03,momentum,252,static,1.2364727,1.2306652
2015-09-04,momentum,252,static,1.9289902,1.9493105
2015-09-07,momentum,252,static,2.2886379,1.6520262
2015-09-08,momentum,252,static,1.4039917,2.0503411
2015-09-09,momentum,252,static,2.0893931,2.0625668
2015-09-10,momentum,252,static,2.208182,1.761587
2015-09-11,momentum,252,static,1.2127571,1.4650594
2015-09-14,momentum,252,static,1.2906139,1.4718003
2015-09-15,momentum,252,static,1.5159482,0.95986843
2015-09-16,momentum,252,static,0.9210177,1.0532829
2015-09-17,momentum,252,static,0.8303214,0.9716042
2015-09-18,momentum,252,static,1.0018258,0.9913995
2015-09-24,momentum,252,static,0.8564891,1.312868
2015-09-25,momentum,252,static,1.4530584,1.1378951
2015-09-28,momentum,252,static,1.4043388,1.1064333
2015-09-29,momentum,252,static,1.3320951,1.5353898
2015-09-30,momentum,252,static,1.0513971,1.1243
2015-10-01,momentum,252,static,1.3138632,1.3296043
2015-10-02,momentum,252,static,0.9131217,1.0099728
2015-10-05,momentum,252,static,0.89331156,0.80858094
2015-10-06,momentum,252,static,0.9813219,0.93621016
2015-10-07,momentum,252,static,1.1719656,0.85883594
2015-10-08,momentum,252,static,0.9694315,1.06292
2015-10-09,momentum,252,static,0.8293682,0.826285
2015-10-13,momentum,252,static,0.6571258,0.71907413
2015-10-14,momentum,252,static,1.066236,0.9967636
2015-10-15,momentum,252,static,1.1353077,1.0257058
2015-10-16,momentum,252,static,0.81121343,0.83973455
2015-10-19,momentum,252,static,1.2732085,0.9567468
2015-10-20,momentum,252,static,0.41949713,0.6954917
2015-10-21,momentum,252,static,0.8440475,1.0747776
2015-10-22,momentum,252,static,0.69988835,0.73673904
2015-10-23,momentum,252,static,0.69817334,0.7677982
2015-10-26,momentum,252,static,0.49373117,0.73379445
2015-10-27,momentum,252,static,0.61924964,0.60312545
2015-10-28,momentum,252,static,0.63116956,0.50335574
2015-10-29,momentum,252,static,0.6804277,0.7266824
2015-10-30,momentum,252,static,1.2854456,0.9873672
2015-11-02,momentum,252,static,0.776822,0.8184331
2015-11-04,momentum,252,static,0.73631155,0.83561057
2015-11-05,momentum,252,static,0.56539214,0.6137636
2015-11-06,momentum,252,static,0.45689276,0.6095855
2015-11-09,momentum,252,static,0.63489103,0.8388881
2015-11-10,momentum,252,static,0.6183456,0.5934854
2015-11-11,momentum,252,static,0.58249396,0.5505501
2015-11-12,momentum,252,static,0.48512185,0.48533887
2015-11-13,momentum,252,static,0.6875196,0.6350522
2015-11-16,momentum,252,static,0.56040066,0.6811059
2015-11-17,momentum,252,static,0.4681071,0.5230384
2015-11-18,momentum,252,static,0.4827002,0.58755046
2015-11-19,momentum,252,static,0.74029607,0.56145084
2015-11-20,momentum,252,static,0.62474984,0.6275279
2015-11-24,momentum,252,static,0.38200238,0.50626004
2015-11-25,momentum,252,static,0.45989025,0.44209725
2015-11-26,momentum,252,static,0.3689866,0.41150498
2015-11-27,momentum,252,static,0.460528,0.536267
2015-11-30,momentum,252,static,0.6064503,0.547434
2015-12-01,momentum,252,static,0.5101132,0.67940474
2015-12-02,momentum,252,static,0.3484324,0.38672906
2015-12-03,momentum,252,static,0.41625497,0.40912664
2015-12-04,momentum,252,static,0.5892067,0.68250513
2015-12-07,momentum,252,static,0.44532096,0.45432985
2015-12-08,momentum,252,static,0.69298536,0.85371995
2015-12-09,momentum,252,static,0.6842573,0.7752436
2015-12-10,momentum,252,static,0.6658723,0.6155732
2015-12-11,momentum,252,static,0.7242001,0.76968575
2015-12-14,momentum,252,static,0.993687,0.97998923
2015-12-15,momentum,252,static,0.7940594,1.0453426
2015-12-16,momentum,252,static,0.59898436,0.70537084
2015-12-17,momentum,252,static,0.79549044,0.5663089
2015-12-18,momentum,252,static,3.4821787,1.8356594
2015-12-21,momentum,252,static,1.1900942,1.3336278
2015-12-22,momentum,252,static,0.5909654,0.8490877
2015-12-24,momentum,252,static,0.6499901,1.0381589
2015-12-25,momentum,252,static,0.5625556,0.7781192
2015-12-28,momentum,252,static,0.58563834,0.72608113
2015-12-29,momentum,252,static,0.5353645,0.594105
2015-12-30,momentum,252,static,0.42151105,0.44443065
2016-01-04,momentum,252,static,1.0663047,1.4639658
2016-01-05,momentum,252,static,1.1846498,0.8700945
2016-01-06,momentum,252,static,1.300674,1.2165427
2016-01-07,momentum,252,static,1.2326709,1.4206104
2016-01-08,momentum,252,static,1.5419734,1.4905664
2016-01-12,momentum,252,static,1.2476014,1.3513718
2016-01-13,momentum,252,static,0.9683815,1.038011
2016-01-14,momentum,252,static,1.8102406,1.5153112
2016-01-15,momentum,252,static,1.3014102,1.4618402
2016-01-18,momentum,252,static,1.6967285,1.324809
2016-01-19,momentum,252,static,1.508437,1.1083984
2016-01-20,momentum,252,static,1.5436816,2.1767719
2016-01-21,momentum,252,static,2.3287778,2.2762487
2016-01-22,momentum,252,static,1.9137981,2.055923
2016-01-25,momentum,252,static,1.435103,1.1889719
2016-01-26,momentum,252,static,1.0102757,1.1205842
2016-01-27,momentum,252,static,1.4395558,1.1928684
2016-01-28,momentum,252,static,1.1068257,1.2444589
2016-01-29,momentum,252,static,3.8436038,1.6669296
2016-02-01,momentum,252,static,0.8997224,1.2934713
2016-02-02,momentum,252,static,0.8825297,1.1545798
2016-02-03,momentum,252,static,1.4886774,1.4790589
2016-02-04,momentum,252,static,1.562095,1.1071912
2016-02-05,momentum,252,static,1.3179773,1.2729584
2016-02-08,momentum,252,static,1.3071802,1.3670298
2016-02-09,momentum,252,static,2.0663784,2.3158863
2016-02-10,momentum,252,static,1.9661418,2.3332744
2016-02-12,momentum,252,static,3.2982578,2.3719296
2016-02-15,momentum,252,static,2.27796,2.400224
2016-02-16,momentum,252,static,1.8272877,1.6780647
2016-02-17,momentum,252,static,2.137631,1.9773356
2016-02-18,momentum,252,static,1.5455956,1.3038913
2016-02-19,momentum,252,static,1.1936681,1.180651
2016-02-22,momentum,252,static,1.535499,1.1795169
2016-02-23,momentum,252,static,1.134764,1.4219942
2016-02-24,momentum,252,static,1.3322545,1.1376143
2016-02-25,momentum,252,static,1.1607089,1.145554
2016-02-26,momentum,252,static,1.20125,1.2007924
2016-02-29,momentum,252,static,1.2115248,1.3345784
2016-03-01,momentum,252,static,1.381525,1.1106185
2016-03-02,momentum,252,static,1.1011862,1.4010965
2016-03-03,momentum,252,static,1.1003551,0.82370746
2016-03-04,momentum,252,static,0.94597113,0.85401684
2016-03-07,momentum,252,static,0.74592596,0.7104423
2016-03-08,momentum,252,static,0.9384163,0.86309457
2016-03-09,momentum,252,static,1.0458076,0.8225356
2016-03-10,momentum,252,static,0.67798346,0.8191153
2016-03-11,momentum,252,static,1.2453924,1.1516131
2016-03-14,momentum,252,static,0.59654444,0.8949496
2016-03-15,momentum,252,static,0.9777961,0.7678511
2016-03-16,momentum,252,static,0.81645334,0.651727
2016-03-17,momentum,252,static,1.0355806,1.1066021
2016-03-18,momentum,252,static,1.0119638,1.1335835
2016-03-22,momentum,252,static,1.2734379,1.0079455
2016-03-23,momentum,252,static,0.84351224,0.8458137
2016-03-24,momentum,252,static,0.88049823,0.7510587
2016-03-25,momentum,252,static,0.81009305,0.80193275
2016-03-28,momentum,252,static,0.91321725,0.7080388
2016-03-29,momentum,252,static,0.8510221,0.7559505
2016-03-30,momentum,252,static,0.72727734,0.7802886
2016-03-31,momentum,252,static,0.95609534,0.88894457
2016-04-01,momentum,252,static,1.3785911,1.6795889
2016-04-04,momentum,252,static,1.230529,1.0906634
2016-04-05,momentum,252,static,1.2038791,1.5728134
2016-04-06,momentum,252,static,1.1688818,1.0770575
2016-04-07,momentum,252,static,1.2000499,1.0204939
2016-04-08,momentum,252,static,1.4362235,1.4646512
2016-04-11,momentum,252,static,1.3981162,1.2303396
2016-04-12,momentum,252,static,1.1861942,1.0484762
2016-04-13,momentum,252,static,0.96622896,0.9177947
2016-04-14,momentum,252,static,0.92661256,1.1195315
2016-04-15,momentum,252,static,1.0565975,0.8844436
2016-04-18,momentum,252,static,1.4364414,0.921829
2016-04-19,momentum,252,static,1.4159002,1.0709871
2016-04-20,momentum,252,static,0.8986041,0.9499767
2016-04-21,momentum,252,static,0.6656411,0.97460365
2016-04-22,momentum,252,static,1.4210418,1.0577602
2016-04-25,momentum,252,static,1.1113479,0.8051187
2016-04-26,momentum,252,static,0.82969475,0.94146746
2016-04-27,momentum,252,static,0.7356243,0.8000212
2016-04-28,momentum,252,static,4.0372705,2.3744452
2016-05-02,momentum,252,static,1.8852739,1.576594
2016-05-06,momentum,252,static,0.94588685,1.400746
2016-05-09,momentum,252,static,0.68268716,0.7654685
2016-05-10,momentum,252,static,0.9034158,1.1940497
2016-05-11,momentum,252,static,1.0890074,1.0603696
2016-05-12,momentum,252,static,0.8878057,1.0184585
2016-05-13,momentum,252,static,1.1071229,1.3813897
2016-05-16,momentum,252,static,1.2055784,0.92419887
2016-05-17,momentum,252,static,0.89199615,0.98109686
2016-05-18,momentum,252,static,1.2892364,0.9621974
2016-05-19,momentum,252,static,0.8933772,0.99761397
2016-05-20,momentum,252,static,0.75895095,0.90467536
2016-05-23,momentum,252,static,0.9520477,0.93305624
2016-05-24,momentum,252,static,0.7333223,0.7700963
2016-05-25,momentum,252,static,0.45368457,0.6064216
2016-05-26,momentum,252,static,0.6399602,0.6724338
2016-05-27,momentum,252,static,0.47597343,0.5419098
2016-05-30,momentum,252,static,0.49137688,0.6149857
2016-05-31,momentum,252,static,0.51877546,0.8196568
2016-06-01,momentum,252,static,0.68378836,0.7617885
2016-06-02,momentum,252,static,0.9795602,0.94718236
2016-06-03,momentum,252,static,0.8666327,0.7687812
2016-06-06,momentum,252,static,0.86333805,0.9302204
2016-06-07,momentum,252,static,0.6715476,0.66918594
2016-06-08,momentum,252,static,0.8457897,0.78227997
2016-06-09,momentum,252,static,0.6698671,0.7978647
2016-06-10,momentum,252,static,0.68568116,0.7603817
2016-06-13,momentum,252,static,0.7422822,1.1094542
2016-06-14,momentum,252,static,1.2516831,1.1253537
2016-06-15,momentum,252,static,1.0969523,0.97949123
2016-06-16,momentum,252,static,1.3885589,1.7073036
2016-06-17,momentum,252,static,1.1375909,0.9676944
2016-06-20,momentum,252,static,0.94790465,0.8902947
2016-06-21,momentum,252,static,0.910808,1.0819582
2016-06-22,momentum,252,static,0.8798401,0.83013356
2016-06-23,momentum,252,static,0.58569103,0.91516805
2016-06-24,momentum,252,static,4.8147125,4.3189754
2016-06-27,momentum,252,static,1.5696028,1.4082402
2016-06-28,momentum,252,static,1.5905483,1.7709793
2016-06-29,momentum,252,static,1.0330293,1.0715654
2016-06-30,momentum,252,static,0.73769915,1.1420611
2016-07-01,momentum,252,static,0.8345629,1.0550433
2016-07-04,momentum,252,static,0.81727755,0.89705366
2016-07-05,momentum,252,static,0.58022016,0.60530806
2016-07-06,momentum,252,static,0.934505,1.1227686
2016-07-07,momentum,252,static,0.9601815,0.97987497
2016-07-08,momentum,252,static,0.8835568,1.1794575
2016-07-11,momentum,252,static,1.0997541,1.1881099
2016-07-12,momentum,252,static,1.2182275,1.6442314
2016-07-13,momentum,252,static,1.035591,1.0987401
2016-07-15,momentum,252,static,1.0242836,0.97245437
2016-07-19,momentum,252,static,0.6892655,0.8891684
2016-07-20,momentum,252,static,0.7020191,0.35832256
2016-07-21,momentum,252,static,0.6503659,0.7329172
2016-07-22,momentum,252,static,0.7570445,0.6694751
2016-07-25,momentum,252,static,0.7898124,0.70535064
2016-07-26,momentum,252,static,0.8631694,0.73571897
2016-07-27,momentum,252,static,1.3050355,0.9260354
2016-07-28,momentum,252,static,0.78175455,0.8995872
2016-07-29,momentum,252,static,2.9795308,1.2765483
2016-08-01,momentum,252,static,0.94941795,1.4481642
2016-08-02,momentum,252,static,0.7269504,0.8574372
2016-08-03,momentum,252,static,1.0554422,1.0377755
2016-08-04,momentum,252,static,1.177578,1.0220461
2016-08-05,momentum,252,static,0.7304077,0.91165125
2016-08-08,momentum,252,static,0.60464764,0.8407842
2016-08-09,momentum,252,static,0.62051404,0.7643626
2016-08-10,momentum,252,static,0.6798567,0.70181376
2016-08-12,momentum,252,static,0.4315864,0.6823884
2016-08-15,momentum,252,static,0.36528343,0.52596897
2016-08-16,momentum,252,static,1.1133907,0.92685103
2016-08-17,momentum,252,static,0.64029866,0.69545686
2016-08-18,momentum,252,static,0.9901672,0.87629056
2016-08-19,momentum,252,static,0.80744755,0.74429166
2016-08-22,momentum,252,static,0.5145022,0.58729345
2016-08-23,momentum,252,static,0.61862314,0.8040923
2016-08-24,momentum,252,static,0.5441618,0.5466174
2016-08-25,momentum,252,static,0.5232685,0.5849309
2016-08-26,momentum,252,static,0.82039857,0.72046435
2016-08-29,momentum,252,static,0.5442261,0.6149617
2016-08-30,momentum,252,static,0.27583405,0.5104341
2016-08-31,momentum,252,static,0.36021188,0.52343756
2016-09-01,momentum,252,static,0.41836748,0.42368066
2016-09-02,momentum,252,static,0.5421878,0.45466083
2016-09-05,momentum,252,static,0.531212,0.48859644
2016-09-06,momentum,252,static,0.34169754,0.43768144
2016-09-07,momentum,252,static,0.48437196,0.51038647
2016-09-08,momentum,252,static,0.52005184,0.57006454
2016-09-09,momentum,252,static,0.5697178,0.48645604
2016-09-12,momentum,252,static,0.63466805,0.73212767
2016-09-13,momentum,252,static,0.60176,0.55667055
2016-09-14,momentum,252,static,0.5983334,0.5501913
2016-09-15,momentum,252,static,0.6458285,0.71430385
2016-09-16,momentum,252,static,0.40978447,0.5690433
2016-09-20,momentum,252,static,0.71522,0.6382773
2016-09-21,momentum,252,static,1.2611471,1.1073922
2016-09-23,momentum,252,static,0.42852885,0.6163373
2016-09-26,momentum,252,static,0.56844485,0.75456774
2016-09-27,momentum,252,static,0.925069,1.0984187
2016-09-28,momentum,252,static,0.5688468,0.67488503
2016-09-29,momentum,252,static,0.5725529,0.73506683
2016-09-30,momentum,252,static,0.5685191,0.63182443
2016-10-03,momentum,252,static,0.52732134,0.49260497
2016-10-04,momentum,252,static,0.5152956,0.48175555
2016-10-05,momentum,252,static,0.43121558,0.53499407
2016-10-06,momentum,252,static,0.46947375,0.44240946
2016-10-07,momentum,252,static,0.35322985,0.48779547
2016-10-11,momentum,252,static,0.5121108,0.52816993
2016-10-12,momentum,252,static,0.42569548,0.53248954
2016-10-13,momentum,252,static,0.7312415,0.75165045
2016-10-14,momentum,252,static,0.68341845,0.5295859
2016-10-17,momentum,252,static,0.58031684,0.50979877
2016-10-18,momentum,252,static,0.39912575,0.5151309
2016-10-19,momentum,252,static,0.35592905,0.4084671
2016-10-20,momentum,252,static,0.57490534,0.71266985
2016-10-21,momentum,252,static,0.53891,0.5472496
2016-10-24,momentum,252,static,0.39685786,0.39916408
2016-10-25,momentum,252,static,0.38756952,0.4684409
2016-10-26,momentum,252,static,0.38427106,0.404234
2016-10-27,momentum,252,static,0.4545228,0.4866814
2016-10-28,momentum,252,static,0.28029293,0.35363442
2016-10-31,momentum,252,static,0.44426164,0.38136357
2016-11-01,momentum,252,static,0.5160277,0.50903416
2016-11-02,momentum,252,static,0.6027249,0.64754474
2016-11-04,momentum,252,static,0.7548799,0.83620095
2016-11-07,momentum,252,static,0.6690884,0.4831581
2016-11-08,momentum,252,static,0.4833706,0.46009487
2016-11-09,momentum,252,static,3.8498626,3.4259717
2016-11-10,momentum,252,static,2.8114004,2.1762035
2016-11-11,momentum,252,static,0.96872044,1.5549096
2016-11-14,momentum,252,static,0.7010598,1.0445173
2016-11-15,momentum,252,static,0.60726297,0.9136253
2016-11-16,momentum,252,static,0.43696675,1.0295986
2016-11-17,momentum,252,static,0.6785653,0.56202096
2016-11-18,momentum,252,static,0.4660166,0.558134
2016-11-21,momentum,252,static,0.42615148,0.48373365
2016-11-22,momentum,252,static,0.5271358,0.61730564
2016-11-24,momentum,252,static,0.38145283,0.46506125
2016-11-25,momentum,252,static,0.6947545,0.65441936
2016-11-28,momentum,252,static,0.55887747,0.7369008
2016-11-29,momentum,252,static,0.41008577,0.47793376
2016-11-30,momentum,252,static,0.4469967,0.43816888
2016-12-01,momentum,252,static,0.7469646,0.67835426
2016-12-02,momentum,252,static,0.57304657,0.47673798
2016-12-05,momentum,252,static,0.5556623,0.5990778
2016-12-06,momentum,252,static,0.5522758,0.6721628
2016-12-07,momentum,252,static,0.46742222,0.4707172
2016-12-08,momentum,252,static,0.4401746,0.52358115
2016-12-09,momentum,252,static,0.57476395,0.6683767
2016-12-12,momentum,252,static,0.72415924,0.64724594
2016-12-13,momentum,252,static,0.59733266,0.6003493
2016-12-14,momentum,252,static,0.5167465,0.45541042
2016-12-15,momentum,252,static,0.81240475,0.6836071
2016-12-16,momentum,252,static,0.4595463,0.5312723
2016-12-19,momentum,252,static,0.3910137,0.4666661
2016-12-20,momentum,252,static,0.3811475,0.51779675
2016-12-21,momentum,252,static,0.59280187,0.5646097
2016-12-22,momentum,252,static,0.53014773,0.48164093
2016-12-26,momentum,252,static,0.24589457,0.42277426
2016-12-27,momentum,252,static,0.46171603,0.48876077
2016-12-28,momentum,252,static,0.3596239,0.41274822
2016-12-29,momentum,252,static,0.5747139,0.7143897
2016-12-30,momentum,252,static,0.58985686,0.6215795
2017-01-04,momentum,252,static,0.5337348,0.8432519
2017-01-05,momentum,252,static,0.5212059,0.5724891
2017-01-06,momentum,252,static,0.41064432,0.50541747
2017-01-10,momentum,252,static,0.7592034,0.6631708
2017-01-11,momentum,252,static,0.3978282,0.5307616
2017-01-12,momentum,252,static,0.7079029,0.7907897
2017-01-13,momentum,252,static,0.5816324,0.56624854
2017-01-16,momentum,252,static,0.5695991,0.6740619
2017-01-17,momentum,252,static,0.90370893,0.8154682
2017-01-18,momentum,252,static,0.7296383,0.76974833
2017-01-19,momentum,252,static,0.5663988,0.54651725
2017-01-20,momentum,252,static,0.65713334,0.5540244
2017-01-23,momentum,252,static,0.6369923,0.6171831
2017-01-24,momentum,252,static,0.6502918,0.5767049
2017-01-25,momentum,252,static,0.5679608,0.5504165
2017-01-26,momentum,252,static,0.47741336,0.5415541
2017-01-27,momentum,252,static,0.5001635,0.5265927
2017-01-30,momentum,252,static,0.42342958,0.4783426
2017-01-31,momentum,252,static,0.5440485,0.63507026
2017-02-01,momentum,252,static,0.5995547,0.6729738
2017-02-02,momentum,252,static,0.68228304,0.8871074
2017-02-03,momentum,252,static,0.9933477,0.73804474
2017-02-06,momentum,252,static,0.56061107,0.6048863
2017-02-07,momentum,252,static,0.44940534,0.629156
2017-02-08,momentum,252,static,0.5361541,0.5847698
2017-02-09,momentum,252,static,0.5198954,0.5154432
2017-02-10,momentum,252,static,0.45224953,0.5936692
2017-02-13,momentum,252,static,0.4883528,0.46836698
2017-02-14,momentum,252,static,0.6370822,0.74838805
2017-02-15,momentum,252,static,0.34015715,0.46351147
2017-02-16,momentum,252,static,0.55916286,0.59405106
2017-02-17,momentum,252,static,0.5008618,0.53332627
2017-02-20,momentum,252,static,0.48720175,0.5259422
2017-02-21,momentum,252,static,0.34451714,0.50644666
2017-02-22,momentum,252,static,0.39753926,0.4182827
2017-02-23,momentum,252,static,0.46620536,0.43123114
2017-02-24,momentum,252,static,0.5456718,0.5145603
2017-02-27,momentum,252,static,0.76514167,0.5824741
2017-02-28,momentum,252,static,0.5095508,0.57621014
2017-03-01,momentum,252,static,1.0389154,0.67917526
2017-03-02,momentum,252,static,0.48378822,0.51141036
2017-03-03,momentum,252,static,0.46790692,0.6622159
2017-03-06,momentum,252,static,0.38907683,0.42738408
2017-03-07,momentum,252,static,0.29343644,0.39355195
2017-03-08,momentum,252,static,0.4068936,0.52044386
2017-03-09,momentum,252,static,0.40720785,0.43542922
2017-03-10,momentum,252,static,0.4123994,0.58855
2017-03-13,momentum,252,static,0.35490254,0.45292348
2017-03-14,momentum,252,static,0.19915147,0.31973052
2017-03-15,momentum,252,static,0.28464586,0.42483878
2017-03-16,momentum,252,static,0.47100025,0.48334092
2017-03-17,momentum,252,static,0.34942582,0.40641606
2017-03-21,momentum,252,static,0.38814583,0.5007224
2017-03-22,momentum,252,static,0.53271693,0.62612295
2017-03-23,momentum,252,static,0.5453265,0.5438639
2017-03-24,momentum,252,static,0.5885258,0.65193474
2017-03-27,momentum,252,static,0.5673146,0.6252242
2017-03-28,momentum,252,static,0.3235222,0.45714498
2017-03-29,momentum,252,static,0.43409023,0.42732507
2017-03-30,momentum,252,static,0.49224374,0.6136112
2017-03-31,momentum,252,static,0.6181417,0.8783798
2017-04-03,momentum,252,static,0.5546957,0.5002379
2017-04-04,momentum,252,static,0.85380816,0.7523074
2017-04-05,momentum,252,static,0.63993484,0.63409054
2017-04-06,momentum,252,static,0.746251,0.89164627
2017-04-07,momentum,252,static,1.2681001,0.8412274
2017-04-10,momentum,252,static,0.5491471,0.56366163
2017-04-11,momentum,252,static,0.49296948,0.555001
2017-04-12,momentum,252,static,0.603078,0.6508144
2017-04-13,momentum,252,static,0.5938685,0.6782242
2017-04-14,momentum,252,static,0.85159314,0.8602696
2017-04-17,momentum,252,static,0.48604292,0.5550715
2017-04-18,momentum,252,static,0.5073957,0.638202
2017-04-19,momentum,252,static,0.5813727,0.59470135
2017-04-20,momentum,252,static,0.435002,0.50204444
2017-04-21,momentum,252,static,0.3924119,0.5031142
2017-04-24,momentum,252,static,0.42685387,0.41948324
2017-04-25,momentum,252,static,0.49349895,0.6594588
2017-04-26,momentum,252,static,0.41140798,0.51755595
2017-04-27,momentum,252,static,0.34631532,0.39209598
2017-04-28,momentum,252,static,0.39321804,0.46649283
2017-05-01,momentum,252,static,0.37744063,0.5023153
2017-05-02,momentum,252,static,0.37212074,0.4867509
2017-05-08,momentum,252,static,0.44683367,0.5891903
2017-05-09,momentum,252,static,0.3935195,0.36285502
2017-05-10,momentum,252,static,0.42751917,0.34980297
2017-05-11,momentum,252,static,0.2977209,0.34548548
2017-05-12,momentum,252,static,0.3553415,0.4048804
2017-05-15,momentum,252,static,0.34672463,0.46962327
2017-05-16,momentum,252,static,0.33642802,0.47845846
2017-05-17,momentum,252,static,0.37804452,0.3729822
2017-05-18,momentum,252,static,0.5265839,0.5752592
2017-05-19,momentum,252,static,0.44147795,0.41569144
2017-05-22,momentum,252,static,0.36917228,0.36977115
2017-05-23,momentum,252,static,0.34763867,0.42419702
2017-05-24,momentum,252,static,0.32782188,0.4021467
2017-05-25,momentum,252,static,0.4040407,0.44603467
2017-05-26,momentum,252,static,0.37133324,0.4583828
2017-05-29,momentum,252,static,0.3818655,0.38078618
2017-05-30,momentum,252,static,0.41505474,0.44096464
2017-05-31,momentum,252,static,0.35418144,0.3734547
2017-06-01,momentum,252,static,0.47901082,0.5226732
2017-06-02,momentum,252,static,0.5777615,0.69640136
2017-06-05,momentum,252,static,0.3939054,0.44398493
2017-06-06,momentum,252,static,0.5546681,0.5615201
2017-06-07,momentum,252,static,0.42374673,0.46114457
2017-06-08,momentum,252,static,0.49789742,0.53619826
2017-06-09,momentum,252,static,0.6266584,0.5633405
2017-06-12,momentum,252,static,0.53057003,0.4365338
2017-06-13,momentum,252,static,0.31745735,0.42475998
2017-06-14,momentum,252,static,0.4122343,0.45275462
2017-06-15,momentum,252,static,0.69441575,0.5714818
2017-06-16,momentum,252,static,0.5459339,0.4997837
2017-06-19,momentum,252,static,0.37426636,0.4222176
2017-06-20,momentum,252,static,0.36895394,0.42343384
2017-06-21,momentum,252,static,0.3816809,0.39079285
2017-06-22,momentum,252,static,0.41244298,0.39980024
2017-06-23,momentum,252,static,0.35292026,0.3733269
2017-06-26,momentum,252,static,0.30464795,0.33312005
2017-06-27,momentum,252,static,0.2907677,0.3529871
2017-06-28,momentum,252,static,0.3737767,0.40638041
2017-06-29,momentum,252,static,0.31482515,0.33988407
2017-06-30,momentum,252,static,0.3880715,0.42866236
2017-07-03,momentum,252,static,0.31636024,0.31222394
2017-07-04,momentum,252,static,0.455114,0.5659666
2017-07-05,momentum,252,static,0.49905384,0.55425847
2017-07-06,momentum,252,static,0.4543602,0.50663435
2017-07-07,momentum,252,static,0.53335935,0.49592894
2017-07-10,momentum,252,static,0.34752047,0.39481193
2017-07-11,momentum,252,static,0.26377168,0.41681504
2017-07-12,momentum,252,static,0.3750652,0.39944196
2017-07-13,momentum,252,static,0.33310375,0.43318993
2017-07-14,momentum,252,static,0.29982182,0.38698688
2017-07-18,momentum,252,static,0.45818955,0.44344717
2017-07-19,momentum,252,static,0.260456,0.41995376
2017-07-20,momentum,252,static,0.32843867,0.42979974
2017-07-21,momentum,252,static,0.25747833,0.3391354
2017-07-24,momentum,252,static,0.32864457,0.39007896
2017-07-25,momentum,252,static,0.30891702,0.40213382
2017-07-26,momentum,252,static,0.301037,0.36257264
2017-07-27,momentum,252,static,0.4282688,0.5108155
2017-07-28,momentum,252,static,0.32698599,0.49133188
2017-07-31,momentum,252,static,0.34381336,0.36772406
2017-08-01,momentum,252,static,0.37012282,0.3917645
2017-08-02,momentum,252,static,0.3556901,0.3587662
2017-08-03,momentum,252,static,0.37953642,0.41112208
2017-08-04,momentum,252,static,0.2055078,0.38804728
2017-08-07,momentum,252,static,0.19880962,0.2830256
2017-08-08,momentum,252,static,0.29422396,0.3856584
2017-08-09,momentum,252,static,0.72054505,0.7422537
2017-08-10,momentum,252,static,0.46307757,0.529747
2017-08-14,momentum,252,static,0.47307673,0.51975685
2017-08-15,momentum,252,static,0.48761597,0.5110489
2017-08-16,momentum,252,static,0.3033596,0.38096064
2017-08-17,momentum,252,static,0.32218087,0.39286947
2017-08-18,momentum,252,static,0.3928117,0.5477109
2017-08-21,momentum,252,static,0.396144,0.507712
2017-08-22,momentum,252,static,0.37095007,0.3884513
2017-08-23,momentum,252,static,0.37556997,0.46242017
2017-08-24,momentum,252,static,0.33687985,0.43695498
2017-08-25,momentum,252,static,0.36104205,0.4322726
2017-08-28,momentum,252,static,0.39782664,0.4048617
2017-08-29,momentum,252,static,0.34371173,0.34618497
2017-08-30,momentum,252,static,0.3561752,0.40807444
2017-08-31,momentum,252,static,0.33029798,0.41032296
2017-09-01,momentum,252,static,0.3320307,0.46246994
2017-09-04,momentum,252,static,0.45324683,0.47835892
2017-09-05,momentum,252,static,0.530731,0.5442001
2017-09-06,momentum,252,static,0.4808514,0.42807508
2017-09-07,momentum,252,static,0.412511,0.46267384
2017-09-08,momentum,252,static,0.3551176,0.54101336
2017-09-11,momentum,252,static,0.41913727,0.40034443
2017-09-12,momentum,252,static,0.28892255,0.36077583
2017-09-13,momentum,252,static,0.22818257,0.294333
2017-09-14,momentum,252,static,0.39802828,0.44727373
2017-09-15,momentum,252,static,0.43154255,0.49861586
2017-09-19,momentum,252,static,0.4198147,0.50747144
2017-09-20,momentum,252,static,0.37536982,0.3533193
2017-09-21,momentum,252,static,0.43986607,0.44990373
2017-09-22,momentum,252,static,0.42568973,0.52245986
2017-09-25,momentum,252,static,0.33988217,0.37003118
2017-09-26,momentum,252,static,0.30980334,0.38679683
2017-09-27,momentum,252,static,0.36211556,0.34658736
2017-09-28,momentum,252,static,0.44975764,0.357197
2017-09-29,momentum,252,static,0.30817118,0.36792672
2017-10-02,momentum,252,static,0.28203008,0.24976857
2017-10-03,momentum,252,static,0.3789537,0.52283305
2017-10-04,momentum,252,static,0.35210857,0.36856169
2017-10-05,momentum,252,static,0.22345026,0.34984
2017-10-06,momentum,252,static,0.20977941,0.34816104
2017-10-10,momentum,252,static,0.33375677,0.42609084
2017-10-11,momentum,252,static,0.24373098,0.34300417
2017-10-12,momentum,252,static,0.30423367,0.3255635
2017-10-13,momentum,252,static,0.55928123,0.64898217
2017-10-16,momentum,252,static,0.40989426,0.48740274
2017-10-17,momentum,252,static,0.4855568,0.46888387
2017-10-18,momentum,252,static,0.3365372,0.3611589
2017-10-19,momentum,252,static,0.40439326,0.40282995
2017-10-20,momentum,252,static,0.3449465,0.49679226
2017-10-23,momentum,252,static,0.4389392,0.4054858
2017-10-24,momentum,252,static,0.4182622,0.49267006
2017-10-25,momentum,252,static,0.6329922,0.6083155
2017-10-26,momentum,252,static,0.48329717,0.44226277
2017-10-27,momentum,252,static,0.48714587,0.59718955
2017-10-30,momentum,252,static,0.4703678,0.51130235
2017-10-31,momentum,252,static,0.38853675,0.49427646
2017-11-01,momentum,252,static,0.55312204,0.7073431
2017-11-02,momentum,252,static,0.5724516,0.46420628
2017-11-06,momentum,252,static,0.4866372,0.60279757
2017-11-07,momentum,252,static,0.6887922,0.82199925
2017-11-08,momentum,252,static,0.46301168,0.49980593
2017-11-09,momentum,252,static,1.6643542,1.5203849
2017-11-10,momentum,252,static,0.85595256,1.0096467
2017-11-13,momentum,252,static,0.6097328,0.79770756
2017-11-14,momentum,252,static,0.8294748,0.7020109
2017-11-15,momentum,252,static,1.0065265,0.84657454
2017-11-16,momentum,252,static,0.78493196,1.0081489
2017-11-17,momentum,252,static,1.3172126,1.0498441
2017-11-20,momentum,252,static,0.7679081,0.8078467
2017-11-21,momentum,252,static,0.57390606,0.6433037
2017-11-22,momentum,252,static,0.4886974,0.550034
2017-11-24,momentum,252,static,0.4773725,0.5949283
2017-11-27,momentum,252,static,0.5906119,0.70534873
2017-11-28,momentum,252,static,0.655017,0.6094352
2017-11-29,momentum,252,static,0.48763257,0.4916559
2017-11-30,momentum,252,static,0.6091471,0.5849076
2017-12-01,momentum,252,static,0.7975608,0.7306652
2017-12-04,momentum,252,static,0.4878142,0.5974949
2017-12-05,momentum,252,static,0.47832805,0.5731233
2017-12-06,momentum,252,static,0.9541304,1.0573343
2017-12-07,momentum,252,static,0.6339752,0.5776504
2017-12-08,momentum,252,static,0.4935559,0.6617054
2017-12-11,momentum,252,static,0.4048252,0.52959144
2017-12-12,momentum,252,static,0.38422287,0.5411889
2017-12-13,momentum,252,static,0.507835,0.6081964
2017-12-14,momentum,252,static,0.4510389,0.47136438
2017-12-15,momentum,252,static,0.6832928,0.7126446
2017-12-18,momentum,252,static,0.44670153,0.55174667
2017-12-19,momentum,252,static,0.421937,0.42600864
2017-12-20,momentum,252,static,0.39326558,0.47098577
2017-12-21,momentum,252,static,0.42463416,0.45156407
2017-12-22,momentum,252,static,0.36153695,0.46302348
2017-12-25,momentum,252,static,0.2332794,0.36583626
2017-12-26,momentum,252,static,0.22867839,0.36667937
2017-12-27,momentum,252,static,0.24827373,0.40633494
2017-12-28,momentum,252,static,0.37999076,0.5337354
2017-12-29,momentum,252,static,0.3347525,0.42696095
2018-01-04,momentum,252,static,0.7297337,0.80555356
2018-01-05,momentum,252,static,0.53330004,0.6562331
2018-01-09,momentum,252,static,0.43904984,0.42239475
2018-01-10,momentum,252,static,0.36580616,0.4232638
2018-01-11,momentum,252,static,0.5198747,0.43359476
2018-01-12,momentum,252,static,0.4235796,0.5223852
2018-01-15,momentum,252,static,0.37978205,0.50987923
2018-01-16,momentum,252,static,0.4337761,0.63449246
2018-01-17,momentum,252,static,0.46935958,0.4350785
2018-01-18,momentum,252,static,0.8845772,0.74539375
2018-01-19,momentum,252,static,0.24005932,0.50535285
2018-01-22,momentum,252,static,0.4376075,0.3826226
2018-01-23,momentum,252,static,0.49888933,0.58841753
2018-01-24,momentum,252,static,0.38881522,0.48656625
2018-01-25,momentum,252,static,0.5492798,0.658174
2018-01-26,momentum,252,static,0.48552188,0.5694131
2018-01-29,momentum,252,static,0.50084615,0.5316242
2018-01-30,momentum,252,static,0.69382685,0.82632536
2018-01-31,momentum,252,static,0.6818748,0.6896639
2018-02-01,momentum,252,static,0.5882115,0.6478066
2018-02-02,momentum,252,static,0.7002306,0.7397357
2018-02-05,momentum,252,static,0.9624349,0.88305175
2018-02-06,momentum,252,static,2.6623769,2.6007612
2018-02-07,momentum,252,static,1.791453,1.6422338
2018-02-08,momentum,252,static,1.1625701,1.148064
2018-02-09,momentum,252,static,1.76034,1.4138988
2018-02-13,momentum,252,static,1.0245187,1.2268772
2018-02-14,momentum,252,static,1.376436,1.3765203
2018-02-15,momentum,252,static,1.0609125,0.879499
2018-02-16,momentum,252,static,1.0465107,1.0576243
2018-02-19,momentum,252,static,0.68471855,0.7849231
2018-02-20,momentum,252,static,0.7512773,0.91389006
2018-02-21,momentum,252,static,0.85997933,0.82276845
2018-02-22,momentum,252,static,0.82763284,0.79814327
2018-02-23,momentum,252,static,0.53828216,0.91570497
2018-02-26,momentum,252,static,0.6468198,0.6725527
2018-02-27,momentum,252,static,0.5903192,0.58653367
2018-02-28,momentum,252,static,0.763949,0.8638798
2018-03-01,momentum,252,static,0.7273944,0.7439009
2018-03-02,momentum,252,static,1.1421468,1.0232265
2018-03-05,momentum,252,static,0.9346277,0.88132393
2018-03-06,momentum,252,static,0.6217878,0.6894708
2018-03-07,momentum,252,static,0.99159455,0.8223821
2018-03-08,momentum,252,static,0.6258847,0.7166499
2018-03-09,momentum,252,static,1.2000479,1.0877299
2018-03-12,momentum,252,static,0.955062,0.7312304
2018-03-13,momentum,252,static,0.6140462,0.78338027
2018-03-14,momentum,252,static,0.6640495,0.6884261
2018-03-15,momentum,252,static,0.7490876,0.6851737
2018-03-16,momentum,252,static,0.6029006,0.76275843
2018-03-19,momentum,252,static,0.8381118,0.7944569
2018-03-20,momentum,252,static,0.5868405,0.71000403
2018-03-22,momentum,252,static,0.7125631,0.71238315
2018-03-23,momentum,252,static,1.4400233,1.4183961
2018-03-26,momentum,252,static,1.1828986,0.9864373
2018-03-27,momentum,252,static,0.87459755,0.98125607
2018-03-28,momentum,252,static,1.234854,0.8430995
2018-03-29,momentum,252,static,0.79648703,0.8109462
2018-03-30,momentum,252,static,0.751961,0.76010627
2018-04-02,momentum,252,static,0.6645634,0.70617473
2018-04-03,momentum,252,static,0.7727485,0.7575397
2018-04-04,momentum,252,static,0.74343294,0.5730489
2018-04-05,momentum,252,static,0.6863859,0.74868554
2018-04-06,momentum,252,static,0.8401996,0.6913464
2018-04-09,momentum,252,static,0.643848,0.6756295
2018-04-10,momentum,252,static,0.884802,0.8800787
2018-04-11,momentum,252,static,0.42436504,0.614481
2018-04-12,momentum,252,static,0.5920927,0.61789703
2018-04-13,momentum,252,static,0.5822347,0.60301
2018-04-16,momentum,252,static,0.5365099,0.36372352
2018-04-17,momentum,252,static,0.47068092,0.5110807
2018-04-18,momentum,252,static,0.5260351,0.6566356
2018-04-19,momentum,252,static,0.46975893,0.517189
2018-04-20,momentum,252,static,0.5371812,0.52206326
2018-04-23,momentum,252,static,0.50377494,0.4909073
2018-04-24,momentum,252,static,0.44211882,0.46594495
2018-04-25,momentum,252,static,0.4739097,0.45937252
2018-04-26,momentum,252,static,0.48155338,0.3747592
2018-04-27,momentum,252,static,0.5080339,0.41121235
2018-05-01,momentum,252,static,0.29642838,0.40875763
2018-05-02,momentum,252,static,0.34864056,0.46875542
2018-05-07,momentum,252,static,0.4484217,0.4667307
2018-05-08,momentum,252,static,0.31898147,0.46323878
2018-05-09,momentum,252,static,0.4115622,0.4163769
2018-05-10,momentum,252,static,0.33365634,0.4437607
2018-05-11,momentum,252,static,0.44257474,0.5179108
2018-05-14,momentum,252,static,0.38479322,0.5049487
2018-05-15,momentum,252,static,0.3051502,0.43271035
2018-05-16,momentum,252,static,0.34685257,0.4002213
2018-05-17,momentum,252,static,0.2752885,0.35810488
2018-05-18,momentum,252,static,0.34544373,0.333848
2018-05-21,momentum,252,static,0.32600725,0.35245654
2018-05-22,momentum,252,static,0.27099055,0.3637656
2018-05-23,momentum,252,static,0.7105818,0.6760053
2018-05-24,momentum,252,static,0.6187455,0.7819949
2018-05-25,momentum,252,static,0.70470554,0.5855953
2018-05-28,momentum,252,static,0.41661388,0.48900044
2018-05-29,momentum,252,static,0.583859,0.5579601
2018-05-30,momentum,252,static,0.6950573,0.56163186
2018-05-31,momentum,252,static,0.5134792,0.512315
2018-06-01,momentum,252,static,0.6390248,0.6215645
2018-06-04,momentum,252,static,0.39114642,0.44446987
2018-06-05,momentum,252,static,0.5080658,0.440095
2018-06-06,momentum,252,static,0.38480204,0.50543326
2018-06-07,momentum,252,static,0.36689994,0.4423563
2018-06-08,momentum,252,static,0.49647194,0.5859727
2018-06-11,momentum,252,static,0.44072446,0.47495627
2018-06-12,momentum,252,static,0.7177622,0.5457056
2018-06-13,momentum,252,static,0.35103443,0.43483788
2018-06-14,momentum,252,static,0.43332335,0.53211814
2018-06-15,momentum,252,static,0.39284953,0.4550706
2018-06-18,momentum,252,static,0.47820505,0.5162259
2018-06-19,momentum,252,static,0.583173,0.8221244
2018-06-20,momentum,252,static,0.6759943,0.8686544
2018-06-21,momentum,252,static,0.6864573,0.6898745
2018-06-22,momentum,252,static,0.6141884,0.6114909
2018-06-25,momentum,252,static,0.51628745,0.6742492
2018-06-26,momentum,252,static,0.7514771,0.65672404
2018-06-27,momentum,252,static,0.5138838,0.52015805
2018-06-28,momentum,252,static,0.7328671,0.6783329
2018-06-29,momentum,252,static,0.6111737,0.61920226
2018-07-02,momentum,252,static,0.7177536,1.2652017
2018-07-03,momentum,252,static,0.9753637,0.9358573
2018-07-04,momentum,252,static,0.6834386,0.61779994
2018-07-05,momentum,252,static,0.7831941,0.88394195
2018-07-06,momentum,252,static,0.8980387,0.784151
2018-07-09,momentum,252,static,0.5908732,0.72280276
2018-07-10,momentum,252,static,0.63117605,0.49936503
2018-07-11,momentum,252,static,0.8431443,0.81448734
2018-07-12,momentum,252,static,0.58706784,0.6296912
2018-07-13,momentum,252,static,0.6552626,0.90292186
2018-07-17,momentum,252,static,0.58217335,0.6333101
2018-07-18,momentum,252,static,0.42970356,0.58053267
2018-07-19,momentum,252,static,0.47666436,0.5636986
2018-07-20,momentum,252,static,0.8711857,0.70892024
2018-07-23,momentum,252,static,0.5568627,0.5820497
2018-07-24,momentum,252,static,0.50901514,0.55932593
2018-07-25,momentum,252,static,0.45103765,0.41065216
2018-07-26,momentum,252,static,0.56163347,0.50028664
2018-07-27,momentum,252,static,0.38895983,0.45970744
2018-07-30,momentum,252,static,0.4640936,0.36149555
2018-07-31,momentum,252,static,0.8510501,0.7528845
2018-08-01,momentum,252,static,0.34879497,0.53179836
2018-08-02,momentum,252,static,0.58208483,0.72988915
2018-08-03,momentum,252,static,0.47341737,0.48702943
2018-08-06,momentum,252,static,0.47783515,0.42004067
2018-08-07,momentum,252,static,0.38243112,0.5030653
2018-08-08,momentum,252,static,0.55111474,0.48823643
2018-08-09,momentum,252,static,0.41884863,0.5000245
2018-08-10,momentum,252,static,0.7488699,0.8769415
2018-08-13,momentum,252,static,0.68562347,0.8038493
2018-08-14,momentum,252,static,0.6557827,0.7818487
2018-08-15,momentum,252,static,0.63069713,0.6674185
2018-08-16,momentum,252,static,1.0435656,0.8415418
2018-08-17,momentum,252,static,0.46941277,0.6330722
2018-08-20,momentum,252,static,0.5433439,0.48825014
2018-08-21,momentum,252,static,0.450442,0.6681201
2018-08-22,momentum,252,static,0.4967377,0.6140821
2018-08-23,momentum,252,static,0.39519086,0.43417233
2018-08-24,momentum,252,static,0.30395728,0.45713037
2018-08-27,momentum,252,static,0.34655192,0.48970002
2018-08-28,momentum,252,static,0.43439406,0.5128683
2018-08-29,momentum,252,static,0.5130409,0.50211394
2018-08-30,momentum,252,static,0.48486024,0.52870053
2018-08-31,momentum,252,static,0.4886008,0.54751784
2018-09-03,momentum,252,static,0.46903628,0.43632293
2018-09-04,momentum,252,static,0.5739396,0.46795917
2018-09-05,momentum,252,static,0.56312704,0.45818585
2018-09-06,momentum,252,static,0.51407224,0.49866635
2018-09-07,momentum,252,static,0.5780899,0.66942465
2018-09-10,momentum,252,static,0.5472758,0.41918445
2018-09-11,momentum,252,static,0.4658087,0.54078645
2018-09-12,momentum,252,static,0.52570134,0.500372
2018-09-13,momentum,252,static,0.64364964,0.57084024
2018-09-14,momentum,252,static,0.46791348,0.50965065
2018-09-18,momentum,252,static,0.6939282,0.75335413
2018-09-19,momentum,252,static,0.5370126,0.5337518
2018-09-20,momentum,252,static,0.5405445,0.5563719
2018-09-21,momentum,252,static,0.6104194,0.5997046
2018-09-25,momentum,252,static,0.3487025,0.45198387
2018-09-26,momentum,252,static,0.4039608,0.5087285
2018-09-27,momentum,252,static,0.7073295,0.6935013
2018-09-28,momentum,252,static,0.7486138,0.66942644
2018-10-01,momentum,252,static,0.52835953,0.5798397
2018-10-02,momentum,252,static,0.702109,0.55557525
2018-10-03,momentum,252,static,0.69659317,0.5759157
2018-10-04,momentum,252,static,0.8494707,0.72314
2018-10-05,momentum,252,static,0.7709392,0.7125426
2018-10-09,momentum,252,static,0.67623025,0.6128754
2018-10-10,momentum,252,static,0.70864975,0.63898563
2018-10-11,momentum,252,static,1.5159513,1.3290979
2018-10-12,momentum,252,static,1.3891196,0.99724287
2018-10-15,momentum,252,static,0.88253105,1.0462492
2018-10-16,momentum,252,static,0.8684406,0.7668017
2018-10-17,momentum,252,static,0.65558857,0.66431105
2018-10-18,momentum,252,static,0.6317755,0.75643003
2018-10-19,momentum,252,static,0.79058313,0.9469228
2018-10-22,momentum,252,static,0.82996047,0.8636674
2018-10-23,momentum,252,static,0.72797555,1.0181236
2018-10-24,momentum,252,static,1.2606153,0.8199669
2018-10-25,momentum,252,static,1.5454464,1.5223387
2018-10-26,momentum,252,static,1.484606,1.2315524
2018-10-29,momentum,252,static,1.0702231,1.2151569
2018-10-30,momentum,252,static,1.1620659,1.156782
2018-10-31,momentum,252,static,0.8137265,0.93980855
2018-11-01,momentum,252,static,0.97657365,0.9345343
2018-11-02,momentum,252,static,1.4086028,1.1903707
2018-11-05,momentum,252,static,0.9007157,0.83140963
2018-11-06,momentum,252,static,0.5100859,0.76943374
2018-11-07,momentum,252,static,1.5261915,0.982315
2018-11-08,momentum,252,static,0.512499,0.69370174
2018-11-09,momentum,252,static,0.7320143,0.8299315
2018-11-12,momentum,252,static,0.6942641,0.67357194
2018-11-13,momentum,252,static,1.3598114,1.122305
2018-11-14,momentum,252,static,1.0212226,0.79082537
2018-11-15,momentum,252,static,0.8335932,0.80778444
2018-11-16,momentum,252,static,0.7385747,0.840737
2018-11-19,momentum,252,static,0.72898686,0.691788
2018-11-20,momentum,252,static,0.6944359,0.6675505
2018-11-21,momentum,252,static,0.8096777,0.8297011
2018-11-22,momentum,252,static,0.65149546,0.66271985
2018-11-26,momentum,252,static,0.72455263,0.62873006
2018-11-27,momentum,252,static,0.6399642,0.6298057
2018-11-28,momentum,252,static,0.60096586,0.6236675
2018-11-29,momentum,252,static,0.5698913,0.61230797
2018-11-30,momentum,252,static,0.5698851,0.50285316
2018-12-03,momentum,252,static,0.6513042,0.5029736
2018-12-04,momentum,252,static,0.70848423,1.1576339
2018-12-05,momentum,252,static,0.99570787,0.7660642
2018-12-06,momentum,252,static,0.92729753,1.2007414
2018-12-07,momentum,252,static,0.84359527,0.77293825
2018-12-10,momentum,252,static,0.71485215,0.9086713
2018-12-11,momentum,252,static,0.88942516,0.7841696
2018-12-12,momentum,252,static,0.5442239,0.8585911
2018-12-13,momentum,252,static,0.54908,0.58225983
2018-12-14,momentum,252,static,0.9772078,1.0120087
2018-12-17,momentum,252,static,0.6323742,0.6749699
2018-12-18,momentum,252,static,0.984139,0.7393389
2018-12-19,momentum,252,static,1.1640143,0.88601005
2018-12-20,momentum,252,static,1.2334836,1.6135174
2018-12-21,momentum,252,static,1.310066,1.1321723
2018-12-25,momentum,252,static,1.9485438,2.0380023
2018-12-26,momentum,252,static,1.9721091,1.4813844
2018-12-27,momentum,252,static,1.7026261,1.5205892
2018-12-28,momentum,252,static,0.99343413,0.9999014
2019-01-04,momentum,252,static,1.634593,1.2807095
2019-01-07,momentum,252,static,1.2393373,1.1770389
2019-01-08,momentum,252,static,0.8599104,0.8134335
2019-01-09,momentum,252,static,0.6318901,0.7336107
2019-01-10,momentum,252,static,0.6833488,0.83754647
2019-01-11,momentum,252,static,0.4249976,0.68482125
2019-01-15,momentum,252,static,0.73595697,0.85774285
2019-01-16,momentum,252,static,0.76745516,0.79522675
2019-01-17,momentum,252,static,0.781128,0.8445473
2019-01-18,momentum,252,static,0.5580379,0.73529094
2019-01-21,momentum,252,static,0.70976454,0.6305264
2019-01-22,momentum,252,static,0.5835168,0.71037495
2019-01-23,momentum,252,static,0.6793827,0.66634274
2019-01-24,momentum,252,static,0.58549607,0.5822221
2019-01-25,momentum,252,static,0.72809726,0.6778939
2019-01-28,momentum,252,static,0.39257857,0.64974105
2019-01-29,momentum,252,static,0.654314,0.7114581
2019-01-30,momentum,252,static,0.5871064,0.5785368
2019-01-31,momentum,252,static,0.5863899,0.54919523
2019-02-01,momentum,252,static,0.77070373,0.6023243
2019-02-04,momentum,252,static,0.5385923,0.4536723
2019-02-05,momentum,252,static,0.41029164,0.5435264
2019-02-06,momentum,252,static,0.43415076,0.45236367
2019-02-07,momentum,252,static,0.5166102,0.5764673
2019-02-08,momentum,252,static,0.63407224,0.776355
2019-02-12,momentum,252,static,0.80469704,0.96994674
2019-02-13,momentum,252,static,0.6465683,0.6553236
2019-02-14,momentum,252,static,0.69244784,0.48611456
2019-02-15,momentum,252,static,0.79405016,0.6649215
2019-02-18,momentum,252,static,0.48766485,0.5022845
2019-02-19,momentum,252,static,0.53814006,0.5441543
2019-02-20,momentum,252,static,0.55800116,0.5829901
2019-02-21,momentum,252,static,0.6649488,0.6336278
2019-02-22,momentum,252,static,0.45760533,0.47413564
2019-02-25,momentum,252,static,0.44281283,0.36430672
2019-02-26,momentum,252,static,0.4868513,0.6003859
2019-02-27,momentum,252,static,0.27050745,0.42157114
2019-02-28,momentum,252,static,0.5210132,0.5765042
2019-03-01,momentum,252,static,0.5411487,0.44727498
2019-03-04,momentum,252,static,0.3874281,0.398373
2019-03-05,momentum,252,static,0.5113566,0.46485335
2019-03-06,momentum,252,static,0.3758757,0.45727605
2019-03-07,momentum,252,static,0.36797136,0.41045922
2019-03-08,momentum,252,static,0.68772143,1.0012825
2019-03-11,momentum,252,static,0.6669575,0.579928
2019-03-12,momentum,252,static,0.67965114,0.61194485
2019-03-13,momentum,252,static,0.6431709,0.6750962
2019-03-14,momentum,252,static,0.7514415,0.66902584
2019-03-15,momentum,252,static,0.4442136,0.6485091
2019-03-18,momentum,252,static,0.41718483,0.4455009
2019-03-19,momentum,252,static,0.5103182,0.50797755
2019-03-20,momentum,252,static,0.3640376,0.41804475
2019-03-22,momentum,252,static,0.69168925,0.53463274
2019-03-25,momentum,252,static,0.80777425,0.80147207
2019-03-26,momentum,252,static,0.5410814,0.6844896
2019-03-27,momentum,252,static,0.5850415,0.50883114
2019-03-28,momentum,252,static,0.89525205,0.69258535
2019-03-29,momentum,252,static,0.47916922,0.559417
2019-04-01,momentum,252,static,0.5754616,0.6195047
2019-04-02,momentum,252,static,0.60123634,0.66539603
2019-04-03,momentum,252,static,0.722694,0.65341204
2019-04-04,momentum,252,static,0.45924956,0.50443393
2019-04-05,momentum,252,static,0.6110471,0.5042492
2019-04-08,momentum,252,static,0.48535737,0.5230237
2019-04-09,momentum,252,static,0.46029332,0.49509913
2019-04-10,momentum,252,static,0.44074193,0.5290243
2019-04-11,momentum,252,static,0.38972965,0.4073598
2019-04-12,momentum,252,static,0.41197526,0.522419
2019-04-15,momentum,252,static,0.41886684,0.41238207
2019-04-16,momentum,252,static,0.45664573,0.47086686
2019-04-17,momentum,252,static,0.6198656,0.49217165
2019-04-18,momentum,252,static,0.59688574,0.6720543
2019-04-19,momentum,252,static,0.30316633,0.44111526
2019-04-22,momentum,252,static,0.6234048,0.46142364
2019-04-23,momentum,252,static,0.38071892,0.5087875
2019-04-24,momentum,252,static,0.56213576,0.55715024
2019-04-25,momentum,252,static,0.43120065,0.51200414
2019-04-26,momentum,252,static,0.4447973,0.5512618
2019-05-07,momentum,252,static,0.6053192,0.7239333
2019-05-08,momentum,252,static,0.5159275,0.57720864
2019-05-09,momentum,252,static,0.68573725,0.7473613
2019-05-10,momentum,252,static,1.3596237,0.9560463
2019-05-13,momentum,252,static,0.5313535,0.7849666
2019-05-14,momentum,252,static,0.8621692,0.8960124
2019-05-15,momentum,252,static,0.5814311,0.68088996
2019-05-16,momentum,252,static,0.60817397,0.7180057
2019-05-17,momentum,252,static,0.7820061,0.6767453
2019-05-20,momentum,252,static,0.74052775,0.5145274
2019-05-21,momentum,252,static,0.58022857,0.55042744
2019-05-22,momentum,252,static,0.3951507,0.5548344
2019-05-23,momentum,252,static,0.491179,0.55477214
2019-05-24,momentum,252,static,0.47718757,0.63130033
2019-05-27,momentum,252,static,0.37875375,0.44259608
2019-05-28,momentum,252,static,0.44813806,0.47349602
2019-05-29,momentum,252,static,0.63822204,0.59786683
2019-05-30,momentum,252,static,0.58383834,0.52745354
2019-05-31,momentum,252,static,0.6841982,0.81898713
2019-06-03,momentum,252,static,0.52742904,0.5581182
2019-06-04,momentum,252,static,0.57950807,0.6047728
2019-06-05,momentum,252,static,0.49437496,0.5436534
2019-06-06,momentum,252,static,0.39556184,0.45749724
2019-06-07,momentum,252,static,0.39298657,0.4822309
2019-06-10,momentum,252,static,0.4080138,0.43251806
2019-06-11,momentum,252,static,0.35760587,0.48044837
2019-06-12,momentum,252,static,0.41765854,0.50530905
2019-06-13,momentum,252,static,0.6440891,0.56107897
2019-06-14,momentum,252,static,0.61559093,0.49026376
2019-06-17,momentum,252,static,0.40562356,0.42595226
2019-06-18,momentum,252,static,0.46921137,0.688071
2019-06-19,momentum,252,static,0.42336938,0.5174938
2019-06-20,momentum,252,static,0.41648388,0.41811234
2019-06-21,momentum,252,static,0.7216322,0.7272334
2019-06-24,momentum,252,static,0.36197773,0.42800242
2019-06-25,momentum,252,static,0.5862561,0.5583406
2019-06-26,momentum,252,static,0.4408926,0.50730056
2019-06-27,momentum,252,static,0.47992194,0.5475395
2019-06-28,momentum,252,static,0.49072328,0.5014723
2019-07-01,momentum,252,static,0.45166978,0.48601073
2019-07-02,momentum,252,static,0.4195306,0.37680382
2019-07-03,momentum,252,static,0.37640965,0.4855491
2019-07-04,momentum,252,static,0.21248052,0.35383338
2019-07-05,momentum,252,static,0.3623406,0.37944457
2019-07-08,momentum,252,static,0.42506605,0.5057766
2019-07-09,momentum,252,static,0.45077518,0.50405204
2019-07-10,momentum,252,static,0.4159508,0.42193043
2019-07-11,momentum,252,static,0.30369458,0.40934378
2019-07-12,momentum,252,static,0.46530408,0.4199264
2019-07-17,momentum,252,static,0.46936965,0.41427112
2019-07-18,momentum,252,static,0.58231777,0.93143404
2019-07-19,momentum,252,static,0.487825,0.79720175
2019-07-22,momentum,252,static,0.5255823,0.4524237
2019-07-23,momentum,252,static,0.55537754,0.5994324
2019-07-24,momentum,252,static,0.37221032,0.40208244
2019-07-25,momentum,252,static,0.51707315,0.41548616
2019-07-26,momentum,252,static,0.45959008,0.44410396
2019-07-29,momentum,252,static,0.47967154,0.4041617
2019-07-30,momentum,252,static,0.49986103,0.44561213
2019-07-31,momentum,252,static,0.46011177,0.45059943
2019-08-01,momentum,252,static,0.5667791,0.63989586
2019-08-02,momentum,252,static,0.5981884,0.8251613
2019-08-05,momentum,252,static,0.8728148,1.102046
2019-08-06,momentum,252,static,1.393106,1.2091627
2019-08-07,momentum,252,static,0.7813885,0.78322357
2019-08-08,momentum,252,static,0.74686027,0.7450668
2019-08-09,momentum,252,static,0.49181262,0.649241
2019-08-13,momentum,252,static,0.6699737,0.60716724
2019-08-14,momentum,252,static,0.48938635,0.5248677
2019-08-15,momentum,252,static,0.71232545,0.7554951
2019-08-16,momentum,252,static,0.45247325,0.6240178
2019-08-19,momentum,252,static,0.42608678,0.47843367
2019-08-20,momentum,252,static,0.37085316,0.44467086
2019-08-21,momentum,252,static,0.33166265,0.4840694
2019-08-22,momentum,252,static,0.4063824,0.49898374
2019-08-23,momentum,252,static,0.37122044,0.49828607
2019-08-26,momentum,252,static,0.8774723,0.5598097
2019-08-27,momentum,252,static,0.3917015,0.46551257
2019-08-28,momentum,252,static,0.31036603,0.39908993
2019-08-29,momentum,252,static,0.49068415,0.5179868
2019-08-30,momentum,252,static,0.37855944,0.46192074
2019-09-02,momentum,252,static,0.30660436,0.34835827
2019-09-03,momentum,252,static,0.32768998,0.42775393
2019-09-04,momentum,252,static,0.39324135,0.43803823
2019-09-05,momentum,252,static,0.6591932,0.78813523
2019-09-06,momentum,252,static,0.4507893,0.40477848
2019-09-09,momentum,252,static,0.5209246,0.48782396
2019-09-10,momentum,252,static,0.37950796,0.42589885
2019-09-11,momentum,252,static,0.50641793,0.48749912
2019-09-12,momentum,252,static,0.45478198,0.3921652
2019-09-13,momentum,252,static,0.4794492,0.54880565
2019-09-17,momentum,252,static,0.517651,0.47627926
2019-09-18,momentum,252,static,0.37057045,0.41053396
2019-09-19,momentum,252,static,0.9439046,0.5803287
2019-09-20,momentum,252,static,0.4229328,0.5919059
2019-09-25,momentum,252,static,0.5500051,0.4227789
2019-09-26,momentum,252,static,0.47077304,0.58862734
2019-09-27,momentum,252,static,0.64438444,0.60792005
2019-09-30,momentum,252,static,0.53690845,0.54228777
2019-10-01,momentum,252,static,0.34838927,0.45964682
2019-10-02,momentum,252,static,0.32395723,0.37740934
2019-10-03,momentum,252,static,0.51655203,0.5817197
2019-10-04,momentum,252,static,0.414185,0.45316666
2019-10-07,momentum,252,static,0.40341,0.42744356
2019-10-08,momentum,252,static,0.43005088,0.40933904
2019-10-09,momentum,252,static,0.38805678,0.3989111
2019-10-10,momentum,252,static,0.82208025,0.6586159
2019-10-11,momentum,252,static,0.5154887,0.5682254
2019-10-15,momentum,252,static,0.40126202,0.50446665
2019-10-16,momentum,252,static,0.7280756,0.5799374
2019-10-17,momentum,252,static,0.3956502,0.4420659
2019-10-18,momentum,252,static,0.566893,0.61107785
2019-10-21,momentum,252,static,0.25843495,0.40066326
2019-10-23,momentum,252,static,0.61452776,0.5099327
2019-10-24,momentum,252,static,0.3160634,0.42841285
2019-10-25,momentum,252,static,0.26380095,0.36278594
2019-10-28,momentum,252,static,0.2490552,0.33340883
2019-10-29,momentum,252,static,0.33816895,0.31908128
2019-10-30,momentum,252,static,0.38163245,0.4324805
2019-10-31,momentum,252,static,0.43444324,0.37936032
2019-11-01,momentum,252,static,0.31177333,0.45143336
2019-11-05,momentum,252,static,0.5111768,0.5481017
2019-11-06,momentum,252,static,0.29941544,0.38005316
2019-11-07,momentum,252,static,0.30768433,0.3545801
2019-11-08,momentum,252,static,0.56706184,0.64057356
2019-11-11,momentum,252,static,0.32009214,0.4704306
2019-11-12,momentum,252,static,0.34582698,0.56186515
2019-11-13,momentum,252,static,0.4571984,0.50522804
2019-11-14,momentum,252,static,0.7509282,0.69435996
2019-11-15,momentum,252,static,0.5414993,0.61056066
2019-11-18,momentum,252,static,0.4480201,0.43692642
2019-11-19,momentum,252,static,0.48664826,0.4961378
2019-11-20,momentum,252,static,0.6214107,0.5463399
2019-11-21,momentum,252,static,0.9489152,0.85002637
2019-11-22,momentum,252,static,0.4684395,0.64134294
2019-11-25,momentum,252,static,0.32151935,0.4230724
2019-11-26,momentum,252,static,0.5775611,0.63537776
2019-11-27,momentum,252,static,0.3695195,0.40211904
2019-11-28,momentum,252,static,0.5102321,0.43873298
2019-11-29,momentum,252,static,0.45742804,0.61646956
2019-12-02,momentum,252,static,0.46741116,0.49492526
2019-12-03,momentum,252,static,0.46477246,0.5952536
2019-12-04,momentum,252,static,0.595267,0.5803296
2019-12-05,momentum,252,static,0.5120945,0.42185152
2019-12-06,momentum,252,static,0.26996678,0.45562142
2019-12-09,momentum,252,static,0.46566507,0.42043346
2019-12-10,momentum,252,static,0.32391986,0.40719464
2019-12-11,momentum,252,static,0.26391917,0.44341207
2019-12-12,momentum,252,static,0.3174908,0.40291345
2019-12-13,momentum,252,static,0.49971414,0.6141805
2019-12-16,momentum,252,static,0.37474844,0.40250853
2019-12-17,momentum,252,static,0.29989138,0.34934902
2019-12-18,momentum,252,static,0.2715722,0.41577923
2019-12-19,momentum,252,static,0.3609173,0.4024735
2019-12-20,momentum,252,static,0.4916653,0.4618835
2019-12-23,momentum,252,static,0.29422385,0.405186
2019-12-24,momentum,252,static,0.20277129,0.3317225
2019-12-25,momentum,252,static,0.14368884,0.32938224
2019-12-26,momentum,252,static,0.30584246,0.4043607
2019-12-27,momentum,252,static,0.2437419,0.37690789
2019-12-30,momentum,252,static,0.6504025,0.35696524
2014-01-07,extended,252,static,0.9929978,0.8127891
2014-01-08,extended,252,static,0.55982196,0.6865666
2014-01-09,extended,252,static,0.7221481,0.67121875
2014-01-10,extended,252,static,0.8308182,0.7088527
2014-01-14,extended,252,static,1.1166403,1.0695033
2014-01-15,extended,252,static,0.7597656,0.80100703
2014-01-16,extended,252,static,0.7385079,0.7341978
2014-01-17,extended,252,static,0.9924829,0.65034354
2014-01-20,extended,252,static,0.6351576,0.73390925
2014-01-21,extended,252,static,0.68236524,0.6660303
2014-01-22,extended,252,static,0.90556103,0.7524593
2014-01-23,extended,252,static,0.8677156,0.96192396
2014-01-24,extended,252,static,0.9876176,0.8966534
2014-01-27,extended,252,static,1.0500518,1.0532988
2014-01-28,extended,252,static,0.8367259,0.90375537
2014-01-29,extended,252,static,0.7737801,0.8901441
2014-01-30,extended,252,static,1.2759646,1.211604
2014-01-31,extended,252,static,1.1827918,1.4372745
2014-02-03,extended,252,static,1.1922182,1.1066213
2014-02-04,extended,252,static,1.6071959,1.7511029
2014-02-05,extended,252,static,1.2378954,1.3295385
2014-02-06,extended,252,static,0.9547833,1.0484184
2014-02-07,extended,252,static,0.73973215,0.7966549
2014-02-10,extended,252,static,0.70442957,0.71299136
2014-02-12,extended,252,static,0.6793457,0.6700313
2014-02-13,extended,252,static,0.7595481,0.9960722
2014-02-14,extended,252,static,1.5592761,1.3918805
2014-02-17,extended,252,static,1.0413496,1.0216901
2014-02-18,extended,252,static,1.4758527,1.2949891
2014-02-19,extended,252,static,0.79908484,0.82352483
2014-02-20,extended,252,static,1.1217945,1.1981504
2014-02-21,extended,252,static,0.84724355,1.098968
2014-02-24,extended,252,static,1.188368,1.2018015
2014-02-25,extended,252,static,0.70223475,0.87432504
2014-02-26,extended,252,static,0.8268716,0.7388481
2014-02-27,extended,252,static,0.8597349,0.6600582
2014-02-28,extended,252,static,1.0540922,0.8171563
2014-03-03,extended,252,static,1.2059813,0.93484473
2014-03-04,extended,252,static,0.7824622,1.0314257
2014-03-05,extended,252,static,0.69540536,0.5684294
2014-03-06,extended,252,static,0.9321518,1.0645671
2014-03-07,extended,252,static,0.70667803,0.7430476
2014-03-10,extended,252,static,0.83244985,0.7483965
2014-03-11,extended,252,static,0.8417272,0.6082015
2014-03-12,extended,252,static,0.77094215,0.93953645
2014-03-13,extended,252,static,0.83867455,0.767189
2014-03-14,extended,252,static,1.1113584,1.1533337
2014-03-17,extended,252,static,1.1761091,0.90781426
2014-03-18,extended,252,static,0.88540554,0.82355213
2014-03-19,extended,252,static,1.3912756,1.1722745
2014-03-25,extended,252,static,0.9714549,1.0110792
2014-03-26,extended,252,static,0.96506923,0.8194661
2014-03-27,extended,252,static,1.3056054,1.3272407
2014-03-28,extended,252,static,0.89101136,0.877102
2014-03-31,extended,252,static,0.69621205,0.7087772
2014-04-01,extended,252,static,0.7554367,0.62067604
2014-04-02,extended,252,static,0.8529638,0.76580155
2014-04-03,extended,252,static,0.7055742,0.74241525
2014-04-04,extended,252,static,0.5401592,0.5617802
2014-04-07,extended,252,static,0.6578506,0.67280877
2014-04-08,extended,252,static,0.9137992,0.7136889
2014-04-09,extended,252,static,1.009909,1.0096066
2014-04-10,extended,252,static,0.8897711,1.1001348
2014-04-11,extended,252,static,1.0655437,1.0255109
2014-04-14,extended,252,static,0.8920437,0.8045705
2014-04-15,extended,252,static,0.7417469,0.78909826
2014-04-16,extended,252,static,0.9056222,1.0649122
2014-04-17,extended,252,static,0.95001894,0.7326569
2014-04-18,extended,252,static,0.5880501,0.62460244
2014-04-21,extended,252,static,0.68551946,0.71025133
2014-04-22,extended,252,static,0.6050715,0.7542689
2014-04-23,extended,252,static,0.6681907,0.5168931
2014-04-24,extended,252,static,0.7531964,0.79443127
2014-04-25,extended,252,static,0.8171542,0.82477856
2014-04-28,extended,252,static,0.5202675,0.6338935
2014-04-30,extended,252,static,0.7706513,0.57575667
2014-05-01,extended,252,static,0.84712476,0.71053463
2014-05-02,extended,252,static,0.44685054,0.55085266
2014-05-07,extended,252,static,0.68703073,1.0405376
2014-05-08,extended,252,static,0.6638346,0.7351441
2014-05-09,extended,252,static,0.8249565,0.771263
2014-05-12,extended,252,static,0.64987975,0.5840869
2014-05-13,extended,252,static,0.5705969,0.55504215
2014-05-14,extended,252,static,0.44689208,0.4464332
2014-05-15,extended,252,static,0.64376944,0.63238776
2014-05-16,extended,252,static,0.5206161,0.63556796
2014-05-19,extended,252,static,0.6803092,0.65842056
2014-05-20,extended,252,static,0.55800164,0.5313087
2014-05-21,extended,252,static,0.6375392,0.5805382
2014-05-22,extended,252,static,0.6842453,0.85878134
2014-05-23,extended,252,static,0.44052288,0.58939654
2014-05-26,extended,252,static,0.37913492,0.494862
2014-05-27,extended,252,static,0.6434642,0.5984043
2014-05-28,extended,252,static,0.6203026,0.57777905
2014-05-29,extended,252,static,0.61157197,0.57750475
2014-05-30,extended,252,static,0.6328049,0.6348695
2014-06-02,extended,252,static,0.6377771,0.65846276
2014-06-03,extended,252,static,0.46424276,0.4661606
2014-06-04,extended,252,static,0.62038946,0.4986121
2014-06-05,extended,252,static,0.42855427,0.5368507
2014-06-06,extended,252,static,0.48644966,0.5236355
2014-06-09,extended,252,static,0.39111125,0.42252982
2014-06-10,extended,252,static,0.62941206,0.7174425
2014-06-11,extended,252,static,0.38836092,0.4173786
2014-06-12,extended,252,static,0.55599385,0.55652344
2014-06-13,extended,252,static,0.6853583,0.8950908
2014-06-16,extended,252,static,0.6171051,0.7140888
2014-06-17,extended,252,static,0.5108878,0.4584512
2014-06-18,extended,252,static,0.5292312,0.5717495
2014-06-19,extended,252,static,0.715569,0.78285444
2014-06-20,extended,252,static,0.6328794,0.5694072
2014-06-23,extended,252,static,0.54107994,0.5200899
2014-06-24,extended,252,static,0.6010311,0.63226664
2014-06-25,extended,252,static,0.4700113,0.50490266
2014-06-26,extended,252,static,0.3968126,0.46311024
2014-06-27,extended,252,static,0.84021884,0.83861315
2014-06-30,extended,252,static,0.57549506,0.5602846
2014-07-01,extended,252,static,0.8379273,0.8635503
2014-07-02,extended,252,static,0.3906125,0.53480875
2014-07-03,extended,252,static,0.42104033,0.5436907
2014-07-04,extended,252,static,0.33971897,0.4886407
2014-07-07,extended,252,static,0.37034258,0.50451523
2014-07-08,extended,252,static,0.61948246,0.5919851
2014-07-09,extended,252,static,0.5096815,0.5789233
2014-07-10,extended,252,static,0.40454504,0.55361795
2014-07-11,extended,252,static,0.53335774,0.5487986
2014-07-14,extended,252,static,0.44155797,0.6063347
2014-07-15,extended,252,static,0.4875106,0.5099409
2014-07-16,extended,252,static,0.34048226,0.42827892
2014-07-17,extended,252,static,0.37393007,0.48947906
2014-07-18,extended,252,static,0.5535996,0.61510354
2014-07-22,extended,252,static,0.40292332,0.44306335
2014-07-23,extended,252,static,0.30114886,0.43957746
2014-07-24,extended,252,static,0.52046865,0.56447643
2014-07-25,extended,252,static,0.3752552,0.558493
2014-07-28,extended,252,static,0.49145386,0.56373644
2014-07-29,extended,252,static,0.36667457,0.4378383
2014-07-30,extended,252,static,0.41785625,0.47624442
2014-07-31,extended,252,static,0.49558058,0.5732304
2014-08-01,extended,252,static,0.4799793,0.6157532
2014-08-04,extended,252,static,0.44888687,0.48665282
2014-08-05,extended,252,static,0.5403825,0.6397711
2014-08-06,extended,252,static,0.6847517,0.69350326
2014-08-07,extended,252,static,0.8375794,0.6957115
2014-08-08,extended,252,static,1.195581,1.1877991
2014-08-11,extended,252,static,0.67873245,0.77408713
2014-08-12,extended,252,static,0.50416714,0.7142298
2014-08-13,extended,252,static,0.59598273,0.60031724
2014-08-14,extended,252,static,0.41829088,0.4860912
2014-08-15,extended,252,static,0.30149516,0.5121029
2014-08-18,extended,252,static,0.42790744,0.46731567
2014-08-19,extended,252,static,0.3051219,0.4311403
2014-08-20,extended,252,static,0.30348796,0.40905547
2014-08-21,extended,252,static,0.38702157,0.4483542
2014-08-22,extended,252,static,0.31535682,0.5651132
2014-08-25,extended,252,static,0.38037792,0.43373576
2014-08-26,extended,252,static,0.31082103,0.46283647
2014-08-27,extended,252,static,0.458984,0.4902115
2014-08-28,extended,252,static,0.38679838,0.41741693
2014-08-29,extended,252,static,0.39064065,0.52983
2014-09-01,extended,252,static,0.22931044,0.35808048
2014-09-02,extended,252,static,0.5366238,0.6970217
2014-09-03,extended,252,static,0.46095583,0.5526917
2014-09-04,extended,252,static,0.40266037,0.5513119
2014-09-05,extended,252,static,0.47743714,0.58831227
2014-09-08,extended,252,static,0.3796941,0.47929388
2014-09-09,extended,252,static,0.34021303,0.42365396
2014-09-10,extended,252,static,0.39407885,0.57936966
2014-09-11,extended,252,static,0.40020424,0.4265172
2014-09-12,extended,252,static,0.5142043,0.49551257
2014-09-16,extended,252,static,0.3597271,0.39695483
2014-09-17,extended,252,static,0.35162345,0.5101304
2014-09-18,extended,252,static,0.36179757,0.45677054
2014-09-19,extended,252,static,0.5172682,0.6828751
2014-09-22,extended,252,static,0.35834184,0.51985145
2014-09-24,extended,252,static,0.5036601,0.5516659
2014-09-25,extended,252,static,0.3381999,0.40805292
2014-09-26,extended,252,static,0.57338595,0.6906941
2014-09-29,extended,252,static,0.4584803,0.4366511
2014-09-30,extended,252,static,0.5464531,0.78238606
2014-10-01,extended,252,static,0.64316356,0.6383363
2014-10-02,extended,252,static,0.76328415,1.0672164
2014-10-03,extended,252,static,1.0020511,0.66463065
2014-10-06,extended,252,static,0.55427086,0.65883577
2014-10-07,extended,252,static,0.61257577,0.6520201
2014-10-08,extended,252,static,0.58714724,0.6989225
2014-10-09,extended,252,static,0.91856515,0.9243679
2014-10-10,extended,252,static,0.74708724,0.8100138
2014-10-14,extended,252,static,0.7626068,0.89309084
2014-10-15,extended,252,static,0.99067354,0.8636687
2014-10-16,extended,252,static,0.98506254,0.8256414
2014-10-17,extended,252,static,1.0517386,1.1957848
2014-10-20,extended,252,static,0.9073313,1.137483
2014-10-21,extended,252,static,1.0882068,1.2477424
2014-10-22,extended,252,static,0.79123354,1.0213777
2014-10-23,extended,252,static,0.7146961,0.7783637
2014-10-24,extended,252,static,0.7260992,0.7667637
2014-10-27,extended,252,static,0.48718125,0.58936256
2014-10-28,extended,252,static,0.46595663,0.613552
2014-10-29,extended,252,static,0.6780776,0.7748437
2014-10-30,extended,252,static,0.4152505,0.5325034
2014-10-31,extended,252,static,2.19771,1.7357846
2014-11-04,extended,252,static,1.9115504,1.2536858
2014-11-05,extended,252,static,1.0005338,1.023737
2014-11-06,extended,252,static,1.248813,0.97952515
2014-11-07,extended,252,static,0.5483654,0.7265923
2014-11-10,extended,252,static,0.5790799,0.79370874
2014-11-11,extended,252,static,0.6575284,0.87738943
2014-11-12,extended,252,static,1.0307268,0.87252355
2014-11-13,extended,252,static,0.88764495,1.1912923
2014-11-14,extended,252,static,0.9472582,0.7990194
2014-11-17,extended,252,static,1.0509596,1.4201185
2014-11-18,extended,252,static,0.6759118,0.7721294
2014-11-19,extended,252,static,0.7302673,0.75552356
2014-11-20,extended,252,static,0.56303227,0.6601164
2014-11-21,extended,252,static,0.9204502,0.87872815
2014-11-25,extended,252,static,0.50027895,0.728225
2014-11-26,extended,252,static,0.3856903,0.6048601
2014-11-27,extended,252,static,0.50433457,0.68582726
2014-11-28,extended,252,static,0.5068785,0.8010077
2014-12-01,extended,252,static,0.6539518,0.7258476
2014-12-02,extended,252,static,0.51602525,0.8165435
2014-12-03,extended,252,static,0.6252871,0.68023986
2014-12-04,extended,252,static,0.5004117,0.57141995
2014-12-05,extended,252,static,0.42895722,0.6786219
2014-12-08,extended,252,static,0.69132453,0.621672
2014-12-09,extended,252,static,0.47860804,0.71752095
2014-12-10,extended,252,static,0.98193306,1.0890017
2014-12-11,extended,252,static,0.926974,1.062421
2014-12-12,extended,252,static,0.8396664,0.88179344
2014-12-15,extended,252,static,0.9241034,0.87436277
2014-12-16,extended,252,static,0.640895,0.9933637
2014-12-17,extended,252,static,0.8817685,0.9370923
2014-12-18,extended,252,static,0.65928036,0.76371187
2014-12-19,extended,252,static,0.5467008,0.8501884
2014-12-22,extended,252,static,0.54934204,0.68409157
2014-12-24,extended,252,static,0.3262927,0.6501801
2014-12-25,extended,252,static,0.29669535,0.58767825
2014-12-26,extended,252,static,0.31702593,0.5536633
2014-12-29,extended,252,static,0.988299,0.9787991
2014-12-30,extended,252,static,0.67278767,0.9693605
2015-01-05,extended,252,static,1.0581647,1.1445339
2015-01-06,extended,252,static,0.8368668,1.0681366
2015-01-07,extended,252,static,0.79040897,0.8988619
2015-01-08,extended,252,static,0.6772492,0.93401575
2015-01-09,extended,252,static,0.748735,0.7507225
2015-01-13,extended,252,static,0.9260557,1.1461653
2015-01-14,extended,252,static,0.8942583,1.12205
2015-01-15,extended,252,static,0.918971,1.1498382
2015-01-16,extended,252,static,1.0484915,1.124881
2015-01-19,extended,252,static,0.7981591,0.7855525
2015-01-20,extended,252,static,0.7273282,1.1050541
2015-01-21,extended,252,static,0.6536433,0.7916701
2015-01-22,extended,252,static,0.6781052,0.7818741
2015-01-23,extended,252,static,0.42885068,0.65822077
2015-01-26,extended,252,static,0.58360314,0.7348857
2015-01-27,extended,252,static,0.5117294,0.64274037
2015-01-28,extended,252,static,0.56040734,0.82115257
2015-01-29,extended,252,static,0.64788276,0.8954786
2015-01-30,extended,252,static,0.60407484,0.679481
2015-02-02,extended,252,static,0.6687342,0.7415583
2015-02-03,extended,252,static,0.8945028,1.062795
2015-02-04,extended,252,static,0.7012464,0.9885336
2015-02-05,extended,252,static,0.75102514,0.7351637
2015-02-06,extended,252,static,0.47369716,0.72401345
2015-02-09,extended,252,static,0.5304527,0.5875782
2015-02-10,extended,252,static,0.45380566,0.68447816
2015-02-12,extended,252,static,0.50001955,0.6601411
2015-02-13,extended,252,static,0.5767446,0.5404286
2015-02-16,extended,252,static,0.49525174,0.4331498
2015-02-17,extended,252,static,0.41838494,0.5984535
2015-02-18,extended,252,static,0.31954432,0.5942422
2015-02-19,extended,252,static,0.372081,0.52660966
2015-02-20,extended,252,static,0.36497542,0.48727387
2015-02-23,extended,252,static,0.38877428,0.4569363
2015-02-24,extended,252,static,0.43328205,0.60251045
2015-02-25,extended,252,static,0.4532299,0.4922714
2015-02-26,extended,252,static,0.49888864,0.81561625
2015-02-27,extended,252,static,0.52715445,0.5811447
2015-03-02,extended,252,static,0.4335555,0.6487392
2015-03-03,extended,252,static,0.55336016,0.5880456
2015-03-04,extended,252,static,0.5255971,0.5843068
2015-03-05,extended,252,static,0.4201809,0.56414324
2015-03-06,extended,252,static,0.5053212,0.61313945
2015-03-09,extended,252,static,0.551227,0.6547837
2015-03-10,extended,252,static,0.77416724,0.9485736
2015-03-11,extended,252,static,0.60120213,0.86236763
2015-03-12,extended,252,static,0.7062233,0.8283222
2015-03-13,extended,252,static,0.64537174,0.90212035
2015-03-16,extended,252,static,0.5888771,0.5502466
2015-03-17,extended,252,static,0.31845242,0.5827954
2015-03-18,extended,252,static,0.49470147,0.5737441
2015-03-19,extended,252,static,0.83982056,0.83734155
2015-03-20,extended,252,static,0.40309644,0.60743546
2015-03-23,extended,252,static,0.49912554,0.6528294
2015-03-24,extended,252,static,0.50451314,0.63646144
2015-03-25,extended,252,static,0.60764873,0.67771983
2015-03-26,extended,252,static,0.73930085,0.88963294
2015-03-27,extended,252,static,1.2476948,1.228819
2015-03-30,extended,252,static,0.79197466,0.92630965
2015-03-31,extended,252,static,0.8709823,1.1548436
2015-04-01,extended,252,static,1.2389112,0.9870474
2015-04-02,extended,252,static,0.8624422,1.0407639
2015-04-03,extended,252,static,0.68748456,0.7349358
2015-04-06,extended,252,static,0.7400669,0.70658356
2015-04-07,extended,252,static,0.60862374,0.69195855
2015-04-08,extended,252,static,0.5820112,0.7927829
2015-04-09,extended,252,static,0.43787917,0.6943979
2015-04-10,extended,252,static,0.62531537,0.6652833
2015-04-13,extended,252,static,0.62615526,0.5958258
2015-04-14,extended,252,static,0.4100186,0.5022023
2015-04-15,extended,252,static,0.37868944,0.44430214
2015-04-16,extended,252,static,0.4510071,0.5606663
2015-04-17,extended,252,static,0.7775562,0.65576255
2015-04-20,extended,252,static,0.6633403,0.7847943
2015-04-21,extended,252,static,0.48352942,0.76426804
2015-04-22,extended,252,static,0.51101625,0.6564437
2015-04-23,extended,252,static,0.35762784,0.58396864
2015-04-24,extended,252,static,0.47648883,0.59135103
2015-04-27,extended,252,static,0.63045996,0.6864735
2015-04-28,extended,252,static,0.41817966,0.5843417
2015-04-30,extended,252,static,0.89850855,1.0422288
2015-05-01,extended,252,static,0.7258315,0.7190401
2015-05-07,extended,252,static,0.79485816,0.7108829
2015-05-08,extended,252,static,0.48748258,0.6340458
2015-05-11,extended,252,static,0.40586707,0.6188692
2015-05-12,extended,252,static,0.45552722,0.6027717
2015-05-13,extended,252,static,0.6834728,0.85509706
2015-05-14,extended,252,static,0.55556977,0.724055
2015-05-15,extended,252,static,0.54012537,0.59273005
2015-05-18,extended,252,static,0.39015886,0.61415267
2015-05-19,extended,252,static,0.41756612,0.57915294
2015-05-20,extended,252,static,0.47765216,0.5760414
2015-05-21,extended,252,static,0.5032436,0.5180761
2015-05-22,extended,252,static,0.52883387,0.67283815
2015-05-25,extended,252,static,0.29894543,0.48543885
2015-05-26,extended,252,static,0.38567203,0.58855766
2015-05-27,extended,252,static,0.39377263,0.6235409
2015-05-28,extended,252,static,0.49497613,0.6906886
2015-05-29,extended,252,static,0.59256136,0.57108194
2015-06-01,extended,252,static,0.42241454,0.6233485
2015-06-02,extended,252,static,0.45926872,0.56048405
2015-06-03,extended,252,static,0.43745446,0.6101157
2015-06-04,extended,252,static,0.3522972,0.5471114
2015-06-05,extended,252,static,0.42145154,0.60282385
2015-06-08,extended,252,static,0.53755033,0.52597106
2015-06-09,extended,252,static,0.45220372,0.8004329
2015-06-10,extended,252,static,0.91094947,0.73982304
2015-06-11,extended,252,static,0.624376,0.78010875
2015-06-12,extended,252,static,0.5033268,0.55439633
2015-06-15,extended,252,static,0.52865654,0.60262024
2015-06-16,extended,252,static,0.61885947,0.6104352
2015-06-17,extended,252,static,0.5089756,0.6854446
2015-06-18,extended,252,static,0.640445,0.76224077
2015-06-19,extended,252,static,0.53801465,0.58263266
2015-06-22,extended,252,static,0.6066666,0.6570246
2015-06-23,extended,252,static,0.58190143,0.68886805
2015-06-24,extended,252,static,0.49102572,0.53498554
2015-06-25,extended,252,static,0.3753845,0.56914794
2015-06-26,extended,252,static,0.5097278,0.5810857
2015-06-29,extended,252,static,0.972158,0.83556837
2015-06-30,extended,252,static,0.6717302,0.70973986
2015-07-01,extended,252,static,0.4418116,0.5984422
2015-07-02,extended,252,static,0.44445065,0.49160004
2015-07-03,extended,252,static,0.33597615,0.5409944
2015-07-06,extended,252,static,0.77378774,0.81343937
2015-07-07,extended,252,static,0.44051495,0.64221036
2015-07-08,extended,252,static,1.2377485,1.3848755
2015-07-09,extended,252,static,1.5454913,1.8209281
2015-07-10,extended,252,static,1.0695367,0.9730069
2015-07-13,extended,252,static,0.72223955,0.7025422
2015-07-14,extended,252,static,0.59193826,0.5128724
2015-07-15,extended,252,static,0.4642224,0.68805295
2015-07-16,extended,252,static,0.37814215,0.58574176
2015-07-17,extended,252,static,0.26528454,0.47738218
2015-07-21,extended,252,static,0.33021235,0.46850246
2015-07-22,extended,252,static,0.41083354,0.51971346
2015-07-23,extended,252,static,0.2849535,0.5290233
2015-07-24,extended,252,static,0.39053702,0.49738887
2015-07-27,extended,252,static,0.79140973,0.6513978
2015-07-28,extended,252,static,1.1183492,0.9634025
2015-07-29,extended,252,static,0.71525544,0.80741084
2015-07-30,extended,252,static,0.45749187,0.6939833
2015-07-31,extended,252,static,0.36149645,0.5833205
2015-08-03,extended,252,static,0.49720716,0.614336
2015-08-04,extended,252,static,0.43941158,0.59756255
2015-08-05,extended,252,static,0.55280465,0.6853094
2015-08-06,extended,252,static,0.3892119,0.59484637
2015-08-07,extended,252,static,0.6038485,0.62532
2015-08-10,extended,252,static,0.42110485,0.58872724
2015-08-11,extended,252,static,0.92282,0.9690914
2015-08-12,extended,252,static,1.0630121,1.2211196
2015-08-13,extended,252,static,0.79066426,1.0298328
2015-08-14,extended,252,static,0.57319975,0.6273942
2015-08-17,extended,252,static,0.46934605,0.5752032
2015-08-18,extended,252,static,0.41419494,0.62637126
2015-08-19,extended,252,static,0.7090916,0.9114581
2015-08-20,extended,252,static,0.8051279,0.9664862
2015-08-21,extended,252,static,1.003589,1.1225125
2015-08-24,extended,252,static,1.9622864,1.9716778
2015-08-25,extended,252,static,3.6375158,3.6685572
2015-08-26,extended,252,static,2.1537983,2.2889094
2015-08-27,extended,252,static,1.343263,1.378402
2015-08-28,extended,252,static,1.1837245,1.342772
2015-08-31,extended,252,static,1.2183108,1.1551379
2015-09-01,extended,252,static,1.3787259,2.1190753
2015-09-02,extended,252,static,2.5988379,2.2063317
2015-09-03,extended,252,static,1.2364727,1.5051187
2015-09-04,extended,252,static,1.9289902,1.9952219
2015-09-07,extended,252,static,2.2886379,2.159033
2015-09-08,extended,252,static,1.4039917,2.086134
2015-09-09,extended,252,static,2.0893931,2.377636
2015-09-10,extended,252,static,2.208182,1.8165753
2015-09-11,extended,252,static,1.2127571,1.3702211
2015-09-14,extended,252,static,1.2906139,1.445838
2015-09-15,extended,252,static,1.5159482,1.1645477
2015-09-16,extended,252,static,0.9210177,1.1628531
2015-09-17,extended,252,static,0.8303214,0.8773199
2015-09-18,extended,252,static,1.0018258,1.1445086
2015-09-24,extended,252,static,0.8564891,1.4521642
2015-09-25,extended,252,static,1.4530584,1.414865
2015-09-28,extended,252,static,1.4043388,1.2677405
2015-09-29,extended,252,static,1.3320951,1.8141505
2015-09-30,extended,252,static,1.0513971,1.4521828
2015-10-01,extended,252,static,1.3138632,1.3539767
2015-10-02,extended,252,static,0.9131217,1.0927019
2015-10-05,extended,252,static,0.89331156,1.0033236
2015-10-06,extended,252,static,0.9813219,0.9942038
2015-10-07,extended,252,static,1.1719656,1.0939174
2015-10-08,extended,252,static,0.9694315,1.0082033
2015-10-09,extended,252,static,0.8293682,1.0523951
2015-10-13,extended,252,static,0.6571258,0.90530133
2015-10-14,extended,252,static,1.066236,1.0908439
2015-10-15,extended,252,static,1.1353077,1.4535019
2015-10-16,extended,252,static,0.81121343,0.8179054
2015-10-19,extended,252,static,1.2732085,0.8708848
2015-10-20,extended,252,static,0.41949713,0.7242793
2015-10-21,extended,252,static,0.8440475,1.2692294
2015-10-22,extended,252,static,0.69988835,0.9136809
2015-10-23,extended,252,static,0.69817334,0.909429
2015-10-26,extended,252,static,0.49373117,0.7732562
2015-10-27,extended,252,static,0.61924964,0.83054584
2015-10-28,extended,252,static,0.63116956,0.7454021
2015-10-29,extended,252,static,0.6804277,0.885988
2015-10-30,extended,252,static,1.2854456,1.0175736
2015-11-02,extended,252,static,0.776822,1.0009813
2015-11-04,extended,252,static,0.73631155,0.8813814
2015-11-05,extended,252,static,0.56539214,0.74373925
2015-11-06,extended,252,static,0.45689276,0.75654423
2015-11-09,extended,252,static,0.63489103,0.9455346
2015-11-10,extended,252,static,0.6183456,0.82893515
2015-11-11,extended,252,static,0.58249396,0.76239276
2015-11-12,extended,252,static,0.48512185,0.70145667
2015-11-13,extended,252,static,0.6875196,0.82967055
2015-11-16,extended,252,static,0.56040066,0.8123231
2015-11-17,extended,252,static,0.4681071,0.58935356
2015-11-18,extended,252,static,0.4827002,0.6929059
2015-11-19,extended,252,static,0.74029607,0.74163294
2015-11-20,extended,252,static,0.62474984,0.65874565
2015-11-24,extended,252,static,0.38200238,0.5668021
2015-11-25,extended,252,static,0.45989025,0.62656707
2015-11-26,extended,252,static,0.3689866,0.55214095
2015-11-27,extended,252,static,0.460528,0.66945
2015-11-30,extended,252,static,0.6064503,0.61266303
2015-12-01,extended,252,static,0.5101132,0.70160735
2015-12-02,extended,252,static,0.3484324,0.65238696
2015-12-03,extended,252,static,0.41625497,0.6321949
2015-12-04,extended,252,static,0.5892067,0.81731725
2015-12-07,extended,252,static,0.44532096,0.7480069
2015-12-08,extended,252,static,0.69298536,0.903088
2015-12-09,extended,252,static,0.6842573,0.8762319
2015-12-10,extended,252,static,0.6658723,0.72550625
2015-12-11,extended,252,static,0.7242001,0.8378662
2015-12-14,extended,252,static,0.993687,1.1104114
2015-12-15,extended,252,static,0.7940594,1.1544867
2015-12-16,extended,252,static,0.59898436,0.8801248
2015-12-17,extended,252,static,0.79549044,0.81084704
2015-12-18,extended,252,static,3.4821787,1.8921787
2015-12-21,extended,252,static,1.1900942,1.698643
2015-12-22,extended,252,static,0.5909654,0.94576335
2015-12-24,extended,252,static,0.6499901,0.96181303
2015-12-25,extended,252,static,0.5625556,0.78638643
2015-12-28,extended,252,static,0.58563834,0.87318254
2015-12-29,extended,252,static,0.5353645,0.8578261
2015-12-30,extended,252,static,0.42151105,0.7073221
2016-01-04,extended,252,static,1.0663047,1.4651794
2016-01-05,extended,252,static,1.1846498,1.0613998
2016-01-06,extended,252,static,1.300674,1.4975027
2016-01-07,extended,252,static,1.2326709,1.4863789
2016-01-08,extended,252,static,1.5419734,1.7813978
2016-01-12,extended,252,static,1.2476014,1.6076465
2016-01-13,extended,252,static,0.9683815,1.3145814
2016-01-14,extended,252,static,1.8102406,1.6300012
2016-01-15,extended,252,static,1.3014102,1.8592255
2016-01-18,extended,252,static,1.6967285,1.5827656
2016-01-19,extended,252,static,1.508437,1.3159564
2016-01-20,extended,252,static,1.5436816,2.2192166
2016-01-21,extended,252,static,2.3287778,2.8662279
2016-01-22,extended,252,static,1.9137981,2.312113
2016-01-25,extended,252,static,1.435103,1.3721296
2016-01-26,extended,252,static,1.0102757,1.1939957
2016-01-27,extended,252,static,1.4395558,1.5426161
2016-01-28,extended,252,static,1.1068257,1.2251241
2016-01-29,extended,252,static,3.8436038,2.1605918
2016-02-01,extended,252,static,0.8997224,1.6120192
2016-02-02,extended,252,static,0.8825297,1.2218928
2016-02-03,extended,252,static,1.4886774,1.5730462
2016-02-04,extended,252,static,1.562095,1.540312
2016-02-05,extended,252,static,1.3179773,1.3859093
2016-02-08,extended,252,static,1.3071802,1.9606035
2016-02-09,extended,252,static,2.0663784,2.4166439
2016-02-10,extended,252,static,1.9661418,3.056008
2016-02-12,extended,252,static,3.2982578,2.3697996
2016-02-15,extended,252,static,2.27796,3.0080066
2016-02-16,extended,252,static,1.8272877,2.2964168
2016-02-17,extended,252,static,2.137631,2.1125274
2016-02-18,extended,252,static,1.5455956,1.6264944
2016-02-19,extended,252,static,1.1936681,1.3620472
2016-02-22,extended,252,static,1.535499,1.4752034
2016-02-23,extended,252,static,1.134764,1.6555614
2016-02-24,extended,252,static,1.3322545,1.3998148
2016-02-25,extended,252,static,1.1607089,1.4600245
2016-02-26,extended,252,static,1.20125,1.3075784
2016-02-29,extended,252,static,1.2115248,1.6222649
2016-03-01,extended,252,static,1.381525,1.4836117
2016-03-02,extended,252,static,1.1011862,1.6490449
2016-03-03,extended,252,static,1.1003551,1.2040994
2016-03-04,extended,252,static,0.94597113,1.0051016
2016-03-07,extended,252,static,0.74592596,0.6960854
2016-03-08,extended,252,static,0.9384163,1.3023648
2016-03-09,extended,252,static,1.0458076,1.1220657
2016-03-10,extended,252,static,0.67798346,1.1361177
2016-03-11,extended,252,static,1.2453924,1.3206338
2016-03-14,extended,252,static,0.59654444,1.0037242
2016-03-15,extended,252,static,0.9777961,0.97210383
2016-03-16,extended,252,static,0.81645334,0.81356686
2016-03-17,extended,252,static,1.0355806,1.4597255
2016-03-18,extended,252,static,1.0119638,1.2745321
2016-03-22,extended,252,static,1.2734379,1.0801554
2016-03-23,extended,252,static,0.84351224,1.0711019
2016-03-24,extended,252,static,0.88049823,1.0095313
2016-03-25,extended,252,static,0.81009305,0.9060437
2016-03-28,extended,252,static,0.91321725,0.86876184
2016-03-29,extended,252,static,0.8510221,0.99203444
2016-03-30,extended,252,static,0.72727734,0.96457136
2016-03-31,extended,252,static,0.95609534,1.2117898
2016-04-01,extended,252,static,1.3785911,1.977169
2016-04-04,extended,252,static,1.230529,1.2761426
2016-04-05,extended,252,static,1.2038791,1.52161
2016-04-06,extended,252,static,1.1688818,1.188196
2016-04-07,extended,252,static,1.2000499,1.4019545
2016-04-08,extended,252,static,1.4362235,1.9665005
2016-04-11,extended,252,static,1.3981162,1.4374425
2016-04-12,extended,252,static,1.1861942,1.241148
2016-04-13,extended,252,static,0.96622896,1.2541567
2016-04-14,extended,252,static,0.92661256,1.2899873
2016-04-15,extended,252,static,1.0565975,1.0824277
2016-04-18,extended,252,static,1.4364414,1.1843094
2016-04-19,extended,252,static,1.4159002,1.3425093
2016-04-20,extended,252,static,0.8986041,1.0456566
2016-04-21,extended,252,static,0.6656411,1.1057572
2016-04-22,extended,252,static,1.4210418,1.4394759
2016-04-25,extended,252,static,1.1113479,1.0789585
2016-04-26,extended,252,static,0.82969475,1.0434632
2016-04-27,extended,252,static,0.7356243,0.90799844
2016-04-28,extended,252,static,4.0372705,2.5848918
2016-05-02,extended,252,static,1.8852739,2.0419745
2016-05-06,extended,252,static,0.94588685,1.6524329
2016-05-09,extended,252,static,0.68268716,1.0259172
2016-05-10,extended,252,static,0.9034158,1.352541
2016-05-11,extended,252,static,1.0890074,1.1281987
2016-05-12,extended,252,static,0.8878057,1.2980156
2016-05-13,extended,252,static,1.1071229,1.3558159
2016-05-16,extended,252,static,1.2055784,1.131279
2016-05-17,extended,252,static,0.89199615,0.990676
2016-05-18,extended,252,static,1.2892364,1.2440072
2016-05-19,extended,252,static,0.8933772,1.2335308
2016-05-20,extended,252,static,0.75895095,1.0711516
2016-05-23,extended,252,static,0.9520477,1.0808828
2016-05-24,extended,252,static,0.7333223,0.9853673
2016-05-25,extended,252,static,0.45368457,0.8839068
2016-05-26,extended,252,static,0.6399602,0.8537806
2016-05-27,extended,252,static,0.47597343,0.779263
2016-05-30,extended,252,static,0.49137688,0.8901863
2016-05-31,extended,252,static,0.51877546,1.0329819
2016-06-01,extended,252,static,0.68378836,0.9274653
2016-06-02,extended,252,static,0.9795602,1.1319252
2016-06-03,extended,252,static,0.8666327,0.9697623
2016-06-06,extended,252,static,0.86333805,1.1254797
2016-06-07,extended,252,static,0.6715476,0.7792796
2016-06-08,extended,252,static,0.8457897,1.0189202
2016-06-09,extended,252,static,0.6698671,1.0541462
2016-06-10,extended,252,static,0.68568116,0.9394462
2016-06-13,extended,252,static,0.7422822,1.2856123
2016-06-14,extended,252,static,1.2516831,1.3461008
2016-06-15,extended,252,static,1.0969523,1.2470881
2016-06-16,extended,252,static,1.3885589,1.8429418
2016-06-17,extended,252,static,1.1375909,1.3745246
2016-06-20,extended,252,static,0.94790465,1.1882731
2016-06-21,extended,252,static,0.910808,1.5385768
2016-06-22,extended,252,static,0.8798401,1.0857617
2016-06-23,extended,252,static,0.58569103,1.2078778
2016-06-24,extended,252,static,4.8147125,5.368692
2016-06-27,extended,252,static,1.5696028,2.5222974
2016-06-28,extended,252,static,1.5905483,2.1002753
2016-06-29,extended,252,static,1.0330293,1.2026713
2016-06-30,extended,252,static,0.73769915,1.238407
2016-07-01,extended,252,static,0.8345629,1.0872376
2016-07-04,extended,252,static,0.81727755,1.0903513
2016-07-05,extended,252,static,0.58022016,0.8954644
2016-07-06,extended,252,static,0.934505,1.0675074
2016-07-07,extended,252,static,0.9601815,1.1583264
2016-07-08,extended,252,static,0.8835568,1.2474399
2016-07-11,extended,252,static,1.0997541,1.7501814
2016-07-12,extended,252,static,1.2182275,1.3140007
2016-07-13,extended,252,static,1.035591,1.1791512
2016-07-15,extended,252,static,1.0242836,1.1704228
2016-07-19,extended,252,static,0.6892655,1.0833843
2016-07-20,extended,252,static,0.7020191,0.6989274
2016-07-21,extended,252,static,0.6503659,0.9727884
2016-07-22,extended,252,static,0.7570445,0.76414645
2016-07-25,extended,252,static,0.7898124,0.89503586
2016-07-26,extended,252,static,0.8631694,0.9089034
2016-07-27,extended,252,static,1.3050355,1.2132485
2016-07-28,extended,252,static,0.78175455,0.99518937
2016-07-29,extended,252,static,2.9795308,1.7491746
2016-08-01,extended,252,static,0.94941795,1.7757447
2016-08-02,extended,252,static,0.7269504,0.91527313
2016-08-03,extended,252,static,1.0554422,1.0015248
2016-08-04,extended,252,static,1.177578,1.3564466
2016-08-05,extended,252,static,0.7304077,0.8492925
2016-08-08,extended,252,static,0.60464764,0.88782156
2016-08-09,extended,252,static,0.62051404,0.80716157
2016-08-10,extended,252,static,0.6798567,0.9375036
2016-08-12,extended,252,static,0.4315864,0.8102542
2016-08-15,extended,252,static,0.36528343,0.62614685
2016-08-16,extended,252,static,1.1133907,0.8246116
2016-08-17,extended,252,static,0.64029866,0.854022
2016-08-18,extended,252,static,0.9901672,0.87594086
2016-08-19,extended,252,static,0.80744755,0.8176435
2016-08-22,extended,252,static,0.5145022,0.71327865
2016-08-23,extended,252,static,0.61862314,0.87465036
2016-08-24,extended,252,static,0.5441618,0.75436544
2016-08-25,extended,252,static,0.5232685,0.73891044
2016-08-26,extended,252,static,0.82039857,0.8532716
2016-08-29,extended,252,static,0.5442261,0.7506112
2016-08-30,extended,252,static,0.27583405,0.6706338
2016-08-31,extended,252,static,0.36021188,0.70929825
2016-09-01,extended,252,static,0.41836748,0.678311
2016-09-02,extended,252,static,0.5421878,0.72317547
2016-09-05,extended,252,static,0.531212,0.6275929
2016-09-06,extended,252,static,0.34169754,0.5402451
2016-09-07,extended,252,static,0.48437196,0.67680675
2016-09-08,extended,252,static,0.52005184,0.75996184
2016-09-09,extended,252,static,0.5697178,0.74061733
2016-09-12,extended,252,static,0.63466805,0.8738091
2016-09-13,extended,252,static,0.60176,0.831239
2016-09-14,extended,252,static,0.5983334,0.74615884
2016-09-15,extended,252,static,0.6458285,0.7521769
2016-09-16,extended,252,static,0.40978447,0.7251303
2016-09-20,extended,252,static,0.71522,0.768805
2016-09-21,extended,252,static,1.2611471,1.2882863
2016-09-23,extended,252,static,0.42852885,0.94018507
2016-09-26,extended,252,static,0.56844485,0.8233454
2016-09-27,extended,252,static,0.925069,1.2229896
2016-09-28,extended,252,static,0.5688468,0.84553415
2016-09-29,extended,252,static,0.5725529,0.91247296
2016-09-30,extended,252,static,0.5685191,0.669808
2016-10-03,extended,252,static,0.52732134,0.63868433
2016-10-04,extended,252,static,0.5152956,0.7329992
2016-10-05,extended,252,static,0.43121558,0.65727824
2016-10-06,extended,252,static,0.46947375,0.67407894
2016-10-07,extended,252,static,0.35322985,0.6335244
2016-10-11,extended,252,static,0.5121108,0.72340477
2016-10-12,extended,252,static,0.42569548,0.8027203
2016-10-13,extended,252,static,0.7312415,0.8605586
2016-10-14,extended,252,static,0.68341845,0.8037821
2016-10-17,extended,252,static,0.58031684,0.6736852
2016-10-18,extended,252,static,0.39912575,0.6365485
2016-10-19,extended,252,static,0.35592905,0.5767432
2016-10-20,extended,252,static,0.57490534,0.9662788
2016-10-21,extended,252,static,0.53891,0.7677177
2016-10-24,extended,252,static,0.39685786,0.6685239
2016-10-25,extended,252,static,0.38756952,0.63406205
2016-10-26,extended,252,static,0.38427106,0.67908347
2016-10-27,extended,252,static,0.4545228,0.8099346
2016-10-28,extended,252,static,0.28029293,0.56741524
2016-10-31,extended,252,static,0.44426164,0.6729532
2016-11-01,extended,252,static,0.5160277,0.6959195
2016-11-02,extended,252,static,0.6027249,0.823833
2016-11-04,extended,252,static,0.7548799,0.91314554
2016-11-07,extended,252,static,0.6690884,0.77382004
2016-11-08,extended,252,static,0.4833706,0.6551529
2016-11-09,extended,252,static,3.8498626,3.778285
2016-11-10,extended,252,static,2.8114004,2.7476401
2016-11-11,extended,252,static,0.96872044,1.6382726
2016-11-14,extended,252,static,0.7010598,1.0531123
2016-11-15,extended,252,static,0.60726297,0.7316627
2016-11-16,extended,252,static,0.43696675,0.86689615
2016-11-17,extended,252,static,0.6785653,0.72829294
2016-11-18,extended,252,static,0.4660166,0.6476416
2016-11-21,extended,252,static,0.42615148,0.5506746
2016-11-22,extended,252,static,0.5271358,0.7365638
2016-11-24,extended,252,static,0.38145283,0.7540177
2016-11-25,extended,252,static,0.6947545,0.8513326
2016-11-28,extended,252,static,0.55887747,0.70562994
2016-11-29,extended,252,static,0.41008577,0.8016782
2016-11-30,extended,252,static,0.4469967,0.744964
2016-12-01,extended,252,static,0.7469646,0.965312
2016-12-02,extended,252,static,0.57304657,0.7447279
2016-12-05,extended,252,static,0.5556623,0.6918903
2016-12-06,extended,252,static,0.5522758,0.6844952
2016-12-07,extended,252,static,0.46742222,0.57977307
2016-12-08,extended,252,static,0.4401746,0.7090177
2016-12-09,extended,252,static,0.57476395,0.75778604
2016-12-12,extended,252,static,0.72415924,0.7588677
2016-12-13,extended,252,static,0.59733266,0.68329597
2016-12-14,extended,252,static,0.5167465,0.667146
2016-12-15,extended,252,static,0.81240475,0.7734754
2016-12-16,extended,252,static,0.4595463,0.54160213
2016-12-19,extended,252,static,0.3910137,0.5122305
2016-12-20,extended,252,static,0.3811475,0.67228013
2016-12-21,extended,252,static,0.59280187,0.7203733
2016-12-22,extended,252,static,0.53014773,0.5981742
2016-12-26,extended,252,static,0.24589457,0.56876105
2016-12-27,extended,252,static,0.46171603,0.5092082
2016-12-28,extended,252,static,0.3596239,0.5366665
2016-12-29,extended,252,static,0.5747139,0.752279
2016-12-30,extended,252,static,0.58985686,0.703484
2017-01-04,extended,252,static,0.5337348,0.9030803
2017-01-05,extended,252,static,0.5212059,0.6511438
2017-01-06,extended,252,static,0.41064432,0.71009177
2017-01-10,extended,252,static,0.7592034,0.87455326
2017-01-11,extended,252,static,0.3978282,0.59739786
2017-01-12,extended,252,static,0.7079029,0.726586
2017-01-13,extended,252,static,0.5816324,0.63052243
2017-01-16,extended,252,static,0.5695991,0.7401829
2017-01-17,extended,252,static,0.90370893,0.8427838
2017-01-18,extended,252,static,0.7296383,1.0581149
2017-01-19,extended,252,static,0.5663988,0.75006354
2017-01-20,extended,252,static,0.65713334,0.6185973
2017-01-23,extended,252,static,0.6369923,0.737003
2017-01-24,extended,252,static,0.6502918,0.7654471
2017-01-25,extended,252,static,0.5679608,0.726219
2017-01-26,extended,252,static,0.47741336,0.749959
2017-01-27,extended,252,static,0.5001635,0.627527
2017-01-30,extended,252,static,0.42342958,0.59892035
2017-01-31,extended,252,static,0.5440485,0.67774737
2017-02-01,extended,252,static,0.5995547,0.8291612
2017-02-02,extended,252,static,0.68228304,0.89017063
2017-02-03,extended,252,static,0.9933477,0.8267385
2017-02-06,extended,252,static,0.56061107,0.7674633
2017-02-07,extended,252,static,0.44940534,0.68791884
2017-02-08,extended,252,static,0.5361541,0.7263372
2017-02-09,extended,252,static,0.5198954,0.6509794
2017-02-10,extended,252,static,0.45224953,0.7702387
2017-02-13,extended,252,static,0.4883528,0.52823937
2017-02-14,extended,252,static,0.6370822,0.7792629
2017-02-15,extended,252,static,0.34015715,0.5509685
2017-02-16,extended,252,static,0.55916286,0.62319326
2017-02-17,extended,252,static,0.5008618,0.54466856
2017-02-20,extended,252,static,0.48720175,0.6038116
2017-02-21,extended,252,static,0.34451714,0.60540664
2017-02-22,extended,252,static,0.39753926,0.52727526
2017-02-23,extended,252,static,0.46620536,0.5902008
2017-02-24,extended,252,static,0.5456718,0.6531682
2017-02-27,extended,252,static,0.76514167,0.6338146
2017-02-28,extended,252,static,0.5095508,0.63700557
2017-03-01,extended,252,static,1.0389154,0.77206254
2017-03-02,extended,252,static,0.48378822,0.66701794
2017-03-03,extended,252,static,0.46790692,0.72627693
2017-03-06,extended,252,static,0.38907683,0.56306255
2017-03-07,extended,252,static,0.29343644,0.5130678
2017-03-08,extended,252,static,0.4068936,0.67858434
2017-03-09,extended,252,static,0.40720785,0.55983377
2017-03-10,extended,252,static,0.4123994,0.7255051
2017-03-13,extended,252,static,0.35490254,0.5053878
2017-03-14,extended,252,static,0.19915147,0.46141267
2017-03-15,extended,252,static,0.28464586,0.48969665
2017-03-16,extended,252,static,0.47100025,0.6424394
2017-03-17,extended,252,static,0.34942582,0.5006881
2017-03-21,extended,252,static,0.38814583,0.64724207
2017-03-22,extended,252,static,0.53271693,0.7128075
2017-03-23,extended,252,static,0.5453265,0.61075246
2017-03-24,extended,252,static,0.5885258,0.7646368
2017-03-27,extended,252,static,0.5673146,0.6438488
2017-03-28,extended,252,static,0.3235222,0.581697
2017-03-29,extended,252,static,0.43409023,0.5525861
2017-03-30,extended,252,static,0.49224374,0.74318016
2017-03-31,extended,252,static,0.6181417,0.86742693
2017-04-03,extended,252,static,0.5546957,0.5856022
2017-04-04,extended,252,static,0.85380816,0.8389655
2017-04-05,extended,252,static,0.63993484,0.7068451
2017-04-06,extended,252,static,0.746251,0.9364741
2017-04-07,extended,252,static,1.2681001,0.8977057
2017-04-10,extended,252,static,0.5491471,0.6490028
2017-04-11,extended,252,static,0.49296948,0.6530462
2017-04-12,extended,252,static,0.603078,0.7127107
2017-04-13,extended,252,static,0.5938685,0.7603297
2017-04-14,extended,252,static,0.85159314,0.90301275
2017-04-17,extended,252,static,0.48604292,0.65499896
2017-04-18,extended,252,static,0.5073957,0.79480386
2017-04-19,extended,252,static,0.5813727,0.6904826
2017-04-20,extended,252,static,0.435002,0.6806755
2017-04-21,extended,252,static,0.3924119,0.581444
2017-04-24,extended,252,static,0.42685387,0.4739107
2017-04-25,extended,252,static,0.49349895,0.78417397
2017-04-26,extended,252,static,0.41140798,0.62143207
2017-04-27,extended,252,static,0.34631532,0.60561615
2017-04-28,extended,252,static,0.39321804,0.62037605
2017-05-01,extended,252,static,0.37744063,0.6194385
2017-05-02,extended,252,static,0.37212074,0.6497144
2017-05-08,extended,252,static,0.44683367,0.83137953
2017-05-09,extended,252,static,0.3935195,0.56768656
2017-05-10,extended,252,static,0.42751917,0.5476171
2017-05-11,extended,252,static,0.2977209,0.5889163
2017-05-12,extended,252,static,0.3553415,0.6123862
2017-05-15,extended,252,static,0.34672463,0.6124399
2017-05-16,extended,252,static,0.33642802,0.6034037
2017-05-17,extended,252,static,0.37804452,0.5736408
2017-05-18,extended,252,static,0.5265839,0.798309
2017-05-19,extended,252,static,0.44147795,0.57292295
2017-05-22,extended,252,static,0.36917228,0.49165976
2017-05-23,extended,252,static,0.34763867,0.567157
2017-05-24,extended,252,static,0.32782188,0.5404515
2017-05-25,extended,252,static,0.4040407,0.6997591
2017-05-26,extended,252,static,0.37133324,0.53153896
2017-05-29,extended,252,static,0.3818655,0.5180257
2017-05-30,extended,252,static,0.41505474,0.54745746
2017-05-31,extended,252,static,0.35418144,0.61403
2017-06-01,extended,252,static,0.47901082,0.805892
2017-06-02,extended,252,static,0.5777615,0.86972964
2017-06-05,extended,252,static,0.3939054,0.5637932
2017-06-06,extended,252,static,0.5546681,0.6946821
2017-06-07,extended,252,static,0.42374673,0.6886987
2017-06-08,extended,252,static,0.49789742,0.7645216
2017-06-09,extended,252,static,0.6266584,0.6461972
2017-06-12,extended,252,static,0.53057003,0.5634305
2017-06-13,extended,252,static,0.31745735,0.607911
2017-06-14,extended,252,static,0.4122343,0.6966268
2017-06-15,extended,252,static,0.69441575,0.8391371
2017-06-16,extended,252,static,0.5459339,0.6664435
2017-06-19,extended,252,static,0.37426636,0.65023315
2017-06-20,extended,252,static,0.36895394,0.54024947
2017-06-21,extended,252,static,0.3816809,0.69845873
2017-06-22,extended,252,static,0.41244298,0.66932684
2017-06-23,extended,252,static,0.35292026,0.53247845
2017-06-26,extended,252,static,0.30464795,0.47414792
2017-06-27,extended,252,static,0.2907677,0.5220654
2017-06-28,extended,252,static,0.3737767,0.67610383
2017-06-29,extended,252,static,0.31482515,0.5359695
2017-06-30,extended,252,static,0.3880715,0.5805254
2017-07-03,extended,252,static,0.31636024,0.519549
2017-07-04,extended,252,static,0.455114,0.70959735
2017-07-05,extended,252,static,0.49905384,0.77981526
2017-07-06,extended,252,static,0.4543602,0.6799474
2017-07-07,extended,252,static,0.53335935,0.6366019
2017-07-10,extended,252,static,0.34752047,0.5236949
2017-07-11,extended,252,static,0.26377168,0.5589937
2017-07-12,extended,252,static,0.3750652,0.5308178
2017-07-13,extended,252,static,0.33310375,0.6497315
2017-07-14,extended,252,static,0.29982182,0.49396306
2017-07-18,extended,252,static,0.45818955,0.59887457
2017-07-19,extended,252,static,0.260456,0.5570191
2017-07-20,extended,252,static,0.32843867,0.61427164
2017-07-21,extended,252,static,0.25747833,0.47932515
2017-07-24,extended,252,static,0.32864457,0.51837254
2017-07-25,extended,252,static,0.30891702,0.6272993
2017-07-26,extended,252,static,0.301037,0.5264164
2017-07-27,extended,252,static,0.4282688,0.69636023
2017-07-28,extended,252,static,0.32698599,0.6162004
2017-07-31,extended,252,static,0.34381336,0.5620606
2017-08-01,extended,252,static,0.37012282,0.55485845
2017-08-02,extended,252,static,0.3556901,0.5400051
2017-08-03,extended,252,static,0.37953642,0.5530404
2017-08-04,extended,252,static,0.2055078,0.5912527
2017-08-07,extended,252,static,0.19880962,0.46057093
2017-08-08,extended,252,static,0.29422396,0.5178508
2017-08-09,extended,252,static,0.72054505,0.8300532
2017-08-10,extended,252,static,0.46307757,0.73431385
2017-08-14,extended,252,static,0.47307673,0.663206
2017-08-15,extended,252,static,0.48761597,0.70861304
2017-08-16,extended,252,static,0.3033596,0.55661774
2017-08-17,extended,252,static,0.32218087,0.49778977
2017-08-18,extended,252,static,0.3928117,0.667835
2017-08-21,extended,252,static,0.396144,0.6421446
2017-08-22,extended,252,static,0.37095007,0.5802309
2017-08-23,extended,252,static,0.37556997,0.6110945
2017-08-24,extended,252,static,0.33687985,0.6072602
2017-08-25,extended,252,static,0.36104205,0.5892812
2017-08-28,extended,252,static,0.39782664,0.6008774
2017-08-29,extended,252,static,0.34371173,0.6176945
2017-08-30,extended,252,static,0.3561752,0.6725851
2017-08-31,extended,252,static,0.33029798,0.536981
2017-09-01,extended,252,static,0.3320307,0.63009953
2017-09-04,extended,252,static,0.45324683,0.6381342
2017-09-05,extended,252,static,0.530731,0.75747
2017-09-06,extended,252,static,0.4808514,0.72559583
2017-09-07,extended,252,static,0.412511,0.62928456
2017-09-08,extended,252,static,0.3551176,0.6521878
2017-09-11,extended,252,static,0.41913727,0.7229365
2017-09-12,extended,252,static,0.28892255,0.5644825
2017-09-13,extended,252,static,0.22818257,0.5082676
2017-09-14,extended,252,static,0.39802828,0.6584697
2017-09-15,extended,252,static,0.43154255,0.6459913
2017-09-19,extended,252,static,0.4198147,0.71277833
2017-09-20,extended,252,static,0.37536982,0.5789341
2017-09-21,extended,252,static,0.43986607,0.7268522
2017-09-22,extended,252,static,0.42568973,0.6999525
2017-09-25,extended,252,static,0.33988217,0.5774299
2017-09-26,extended,252,static,0.30980334,0.63536775
2017-09-27,extended,252,static,0.36211556,0.6012068
2017-09-28,extended,252,static,0.44975764,0.5794349
2017-09-29,extended,252,static,0.30817118,0.5250042
2017-10-02,extended,252,static,0.28203008,0.44118536
2017-10-03,extended,252,static,0.3789537,0.6467328
2017-10-04,extended,252,static,0.35210857,0.58796453
2017-10-05,extended,252,static,0.22345026,0.52499664
2017-10-06,extended,252,static,0.20977941,0.5323522
2017-10-10,extended,252,static,0.33375677,0.58818763
2017-10-11,extended,252,static,0.24373098,0.511591
2017-10-12,extended,252,static,0.30423367,0.48917878
2017-10-13,extended,252,static,0.55928123,0.76941884
2017-10-16,extended,252,static,0.40989426,0.657948
2017-10-17,extended,252,static,0.4855568,0.6042856
2017-10-18,extended,252,static,0.3365372,0.604957
2017-10-19,extended,252,static,0.40439326,0.62426895
2017-10-20,extended,252,static,0.3449465,0.654213
2017-10-23,extended,252,static,0.4389392,0.5065663
2017-10-24,extended,252,static,0.4182622,0.6094252
2017-10-25,extended,252,static,0.6329922,0.83818805
2017-10-26,extended,252,static,0.48329717,0.6269275
2017-10-27,extended,252,static,0.48714587,0.7525935
2017-10-30,extended,252,static,0.4703678,0.55636406
2017-10-31,extended,252,static,0.38853675,0.6885222
2017-11-01,extended,252,static,0.55312204,0.899388
2017-11-02,extended,252,static,0.5724516,0.60869396
2017-11-06,extended,252,static,0.4866372,0.68918407
2017-11-07,extended,252,static,0.6887922,1.0301467
2017-11-08,extended,252,static,0.46301168,0.6918986
2017-11-09,extended,252,static,1.6643542,1.6752758
2017-11-10,extended,252,static,0.85595256,1.0865161
2017-11-13,extended,252,static,0.6097328,0.8500345
2017-11-14,extended,252,static,0.8294748,0.7429189
2017-11-15,extended,252,static,1.0065265,0.99770355
2017-11-16,extended,252,static,0.78493196,1.197696
2017-11-17,extended,252,static,1.3172126,1.11816
2017-11-20,extended,252,static,0.7679081,0.8940655
2017-11-21,extended,252,static,0.57390606,0.71914184
2017-11-22,extended,252,static,0.4886974,0.65625226
2017-11-24,extended,252,static,0.4773725,0.78114104
2017-11-27,extended,252,static,0.5906119,0.79174876
2017-11-28,extended,252,static,0.655017,0.7979389
2017-11-29,extended,252,static,0.48763257,0.6408158
2017-11-30,extended,252,static,0.6091471,0.8134092
2017-12-01,extended,252,static,0.7975608,0.93802017
2017-12-04,extended,252,static,0.4878142,0.7284988
2017-12-05,extended,252,static,0.47832805,0.67786443
2017-12-06,extended,252,static,0.9541304,0.9704246
2017-12-07,extended,252,static,0.6339752,0.8899975
2017-12-08,extended,252,static,0.4935559,0.7787003
2017-12-11,extended,252,static,0.4048252,0.628795
2017-12-12,extended,252,static,0.38422287,0.7349116
2017-12-13,extended,252,static,0.507835,0.7052108
2017-12-14,extended,252,static,0.4510389,0.61637044
2017-12-15,extended,252,static,0.6832928,0.8147981
2017-12-18,extended,252,static,0.44670153,0.63403755
2017-12-19,extended,252,static,0.421937,0.63118565
2017-12-20,extended,252,static,0.39326558,0.6268146
2017-12-21,extended,252,static,0.42463416,0.65285283
2017-12-22,extended,252,static,0.36153695,0.6470264
2017-12-25,extended,252,static,0.2332794,0.5301651
2017-12-26,extended,252,static,0.22867839,0.5222229
2017-12-27,extended,252,static,0.24827373,0.57867384
2017-12-28,extended,252,static,0.37999076,0.67974955
2017-12-29,extended,252,static,0.3347525,0.5612496
2018-01-04,extended,252,static,0.7297337,1.0812455
2018-01-05,extended,252,static,0.53330004,0.8031556
2018-01-09,extended,252,static,0.43904984,0.5729553
2018-01-10,extended,252,static,0.36580616,0.59901714
2018-01-11,extended,252,static,0.5198747,0.66413057
2018-01-12,extended,252,static,0.4235796,0.6430607
2018-01-15,extended,252,static,0.37978205,0.53810775
2018-01-16,extended,252,static,0.4337761,0.73614836
2018-01-17,extended,252,static,0.46935958,0.64432895
2018-01-18,extended,252,static,0.8845772,0.9122624
2018-01-19,extended,252,static,0.24005932,0.6645277
2018-01-22,extended,252,static,0.4376075,0.5619345
2018-01-23,extended,252,static,0.49888933,0.61501557
2018-01-24,extended,252,static,0.38881522,0.57190967
2018-01-25,extended,252,static,0.5492798,0.7003004
2018-01-26,extended,252,static,0.48552188,0.6243775
2018-01-29,extended,252,static,0.50084615,0.63112605
2018-01-30,extended,252,static,0.69382685,0.91823554
2018-01-31,extended,252,static,0.6818748,0.9379015
2018-02-01,extended,252,static,0.5882115,0.8406117
2018-02-02,extended,252,static,0.7002306,0.75586224
2018-02-05,extended,252,static,0.9624349,1.0000792
2018-02-06,extended,252,static,2.6623769,3.014106
2018-02-07,extended,252,static,1.791453,2.0443852
2018-02-08,extended,252,static,1.1625701,1.3616431
2018-02-09,extended,252,static,1.76034,1.4751478
2018-02-13,extended,252,static,1.0245187,1.5792937
2018-02-14,extended,252,static,1.376436,1.4202642
2018-02-15,extended,252,static,1.0609125,1.2349081
2018-02-16,extended,252,static,1.0465107,1.1303151
2018-02-19,extended,252,static,0.68471855,0.959739
2018-02-20,extended,252,static,0.7512773,0.7615955
2018-02-21,extended,252,static,0.85997933,0.9855457
2018-02-22,extended,252,static,0.82763284,0.8361118
2018-02-23,extended,252,static,0.53828216,0.80595696
2018-02-26,extended,252,static,0.6468198,0.7787895
2018-02-27,extended,252,static,0.5903192,0.7479216
2018-02-28,extended,252,static,0.763949,0.8859766
2018-03-01,extended,252,static,0.7273944,0.8862276
2018-03-02,extended,252,static,1.1421468,0.95459455
2018-03-05,extended,252,static,0.9346277,0.96477085
2018-03-06,extended,252,static,0.6217878,0.8390475
2018-03-07,extended,252,static,0.99159455,1.003857
2018-03-08,extended,252,static,0.6258847,0.9612442
2018-03-09,extended,252,static,1.2000479,1.2440677
2018-03-12,extended,252,static,0.955062,0.9520811
2018-03-13,extended,252,static,0.6140462,0.882112
2018-03-14,extended,252,static,0.6640495,0.81249857
2018-03-15,extended,252,static,0.7490876,0.881237
2018-03-16,extended,252,static,0.6029006,0.8334385
2018-03-19,extended,252,static,0.8381118,0.921975
2018-03-20,extended,252,static,0.5868405,0.8571714
2018-03-22,extended,252,static,0.7125631,0.86013156
2018-03-23,extended,252,static,1.4400233,1.6653626
2018-03-26,extended,252,static,1.1828986,1.4978321
2018-03-27,extended,252,static,0.87459755,1.1946819
2018-03-28,extended,252,static,1.234854,1.0044127
2018-03-29,extended,252,static,0.79648703,1.22117
2018-03-30,extended,252,static,0.751961,0.83930135
2018-04-02,extended,252,static,0.6645634,0.92976975
2018-04-03,extended,252,static,0.7727485,0.91605604
2018-04-04,extended,252,static,0.74343294,0.8362073
2018-04-05,extended,252,static,0.6863859,0.9512205
2018-04-06,extended,252,static,0.8401996,0.747331
2018-04-09,extended,252,static,0.643848,0.7982987
2018-04-10,extended,252,static,0.884802,1.0064913
2018-04-11,extended,252,static,0.42436504,0.7073461
2018-04-12,extended,252,static,0.5920927,0.7008185
2018-04-13,extended,252,static,0.5822347,0.7601249
2018-04-16,extended,252,static,0.5365099,0.5097103
2018-04-17,extended,252,static,0.47068092,0.6353253
2018-04-18,extended,252,static,0.5260351,0.8650302
2018-04-19,extended,252,static,0.46975893,0.6846055
2018-04-20,extended,252,static,0.5371812,0.7401155
2018-04-23,extended,252,static,0.50377494,0.65256697
2018-04-24,extended,252,static,0.44211882,0.657454
2018-04-25,extended,252,static,0.4739097,0.6916298
2018-04-26,extended,252,static,0.48155338,0.64166987
2018-04-27,extended,252,static,0.5080339,0.54022455
2018-05-01,extended,252,static,0.29642838,0.5463788
2018-05-02,extended,252,static,0.34864056,0.63336205
2018-05-07,extended,252,static,0.4484217,0.6468103
2018-05-08,extended,252,static,0.31898147,0.67124295
2018-05-09,extended,252,static,0.4115622,0.68472254
2018-05-10,extended,252,static,0.33365634,0.58589
2018-05-11,extended,252,static,0.44257474,0.6717249
2018-05-14,extended,252,static,0.38479322,0.67368126
2018-05-15,extended,252,static,0.3051502,0.58199227
2018-05-16,extended,252,static,0.34685257,0.639328
2018-05-17,extended,252,static,0.2752885,0.5531728
2018-05-18,extended,252,static,0.34544373,0.56264126
2018-05-21,extended,252,static,0.32600725,0.5222105
2018-05-22,extended,252,static,0.27099055,0.5046248
2018-05-23,extended,252,static,0.7105818,0.76957524
2018-05-24,extended,252,static,0.6187455,0.8608029
2018-05-25,extended,252,static,0.70470554,0.7403424
2018-05-28,extended,252,static,0.41661388,0.57278645
2018-05-29,extended,252,static,0.583859,0.651806
2018-05-30,extended,252,static,0.6950573,0.79583544
2018-05-31,extended,252,static,0.5134792,0.7360821
2018-06-01,extended,252,static,0.6390248,0.7503501
2018-06-04,extended,252,static,0.39114642,0.67317
2018-06-05,extended,252,static,0.5080658,0.5981189
2018-06-06,extended,252,static,0.38480204,0.7219787
2018-06-07,extended,252,static,0.36689994,0.6074486
2018-06-08,extended,252,static,0.49647194,0.70102525
2018-06-11,extended,252,static,0.44072446,0.7246822
2018-06-12,extended,252,static,0.7177622,0.6556255
2018-06-13,extended,252,static,0.35103443,0.61283445
2018-06-14,extended,252,static,0.43332335,0.76478016
2018-06-15,extended,252,static,0.39284953,0.66611624
2018-06-18,extended,252,static,0.47820505,0.7019758
2018-06-19,extended,252,static,0.583173,0.9318747
2018-06-20,extended,252,static,0.6759943,1.1067023
2018-06-21,extended,252,static,0.6864573,0.8667494
2018-06-22,extended,252,static,0.6141884,0.76647806
2018-06-25,extended,252,static,0.51628745,0.74877
2018-06-26,extended,252,static,0.7514771,0.8316384
2018-06-27,extended,252,static,0.5138838,0.7558597
2018-06-28,extended,252,static,0.7328671,0.8763071
2018-06-29,extended,252,static,0.6111737,0.79769516
2018-07-02,extended,252,static,0.7177536,1.2286098
2018-07-03,extended,252,static,0.9753637,1.0818751
2018-07-04,extended,252,static,0.6834386,0.90158737
2018-07-05,extended,252,static,0.7831941,1.045557
2018-07-06,extended,252,static,0.8980387,0.8656546
2018-07-09,extended,252,static,0.5908732,0.90742266
2018-07-10,extended,252,static,0.63117605,0.69032085
2018-07-11,extended,252,static,0.8431443,0.98879826
2018-07-12,extended,252,static,0.58706784,0.87585616
2018-07-13,extended,252,static,0.6552626,1.0389519
2018-07-17,extended,252,static,0.58217335,0.7997447
2018-07-18,extended,252,static,0.42970356,0.7376618
2018-07-19,extended,252,static,0.47666436,0.7363385
2018-07-20,extended,252,static,0.8711857,0.8576834
2018-07-23,extended,252,static,0.5568627,0.7144597
2018-07-24,extended,252,static,0.50901514,0.70236623
2018-07-25,extended,252,static,0.45103765,0.5741965
2018-07-26,extended,252,static,0.56163347,0.717721
2018-07-27,extended,252,static,0.38895983,0.6193507
2018-07-30,extended,252,static,0.4640936,0.58141655
2018-07-31,extended,252,static,0.8510501,0.8753261
2018-08-01,extended,252,static,0.34879497,0.67725617
2018-08-02,extended,252,static,0.58208483,0.84751666
2018-08-03,extended,252,static,0.47341737,0.6266046
2018-08-06,extended,252,static,0.47783515,0.541355
2018-08-07,extended,252,static,0.38243112,0.64593226
2018-08-08,extended,252,static,0.55111474,0.69746625
2018-08-09,extended,252,static,0.41884863,0.632485
2018-08-10,extended,252,static,0.7488699,0.9131082
2018-08-13,extended,252,static,0.68562347,0.8102356
2018-08-14,extended,252,static,0.6557827,0.90207446
2018-08-15,extended,252,static,0.63069713,0.88090324
2018-08-16,extended,252,static,1.0435656,1.0327852
2018-08-17,extended,252,static,0.46941277,0.712402
2018-08-20,extended,252,static,0.5433439,0.5781429
2018-08-21,extended,252,static,0.450442,0.84022045
2018-08-22,extended,252,static,0.4967377,0.74016863
2018-08-23,extended,252,static,0.39519086,0.5924469
2018-08-24,extended,252,static,0.30395728,0.5927698
2018-08-27,extended,252,static,0.34655192,0.57448864
2018-08-28,extended,252,static,0.43439406,0.66030216
2018-08-29,extended,252,static,0.5130409,0.6252419
2018-08-30,extended,252,static,0.48486024,0.6207142
2018-08-31,extended,252,static,0.4886008,0.62226915
2018-09-03,extended,252,static,0.46903628,0.5661572
2018-09-04,extended,252,static,0.5739396,0.5903946
2018-09-05,extended,252,static,0.56312704,0.6071472
2018-09-06,extended,252,static,0.51407224,0.68265104
2018-09-07,extended,252,static,0.5780899,0.70722127
2018-09-10,extended,252,static,0.5472758,0.56306314
2018-09-11,extended,252,static,0.4658087,0.7095578
2018-09-12,extended,252,static,0.52570134,0.7758548
2018-09-13,extended,252,static,0.64364964,0.7898294
2018-09-14,extended,252,static,0.46791348,0.6477753
2018-09-18,extended,252,static,0.6939282,0.90584874
2018-09-19,extended,252,static,0.5370126,0.6541317
2018-09-20,extended,252,static,0.5405445,0.7071419
2018-09-21,extended,252,static,0.6104194,0.6592244
2018-09-25,extended,252,static,0.3487025,0.5217658
2018-09-26,extended,252,static,0.4039608,0.6438455
2018-09-27,extended,252,static,0.7073295,0.7999078
2018-09-28,extended,252,static,0.7486138,0.7658335
2018-10-01,extended,252,static,0.52835953,0.60178447
2018-10-02,extended,252,static,0.702109,0.6669334
2018-10-03,extended,252,static,0.69659317,0.8263161
2018-10-04,extended,252,static,0.8494707,0.8844243
2018-10-05,extended,252,static,0.7709392,0.8251977
2018-10-09,extended,252,static,0.67623025,0.6841462
2018-10-10,extended,252,static,0.70864975,0.7548271
2018-10-11,extended,252,static,1.5159513,1.5628109
2018-10-12,extended,252,static,1.3891196,1.3696648
2018-10-15,extended,252,static,0.88253105,0.8763225
2018-10-16,extended,252,static,0.8684406,0.928666
2018-10-17,extended,252,static,0.65558857,0.854228
2018-10-18,extended,252,static,0.6317755,0.8038946
2018-10-19,extended,252,static,0.79058313,1.0494576
2018-10-22,extended,252,static,0.82996047,0.922523
2018-10-23,extended,252,static,0.72797555,1.1939183
2018-10-24,extended,252,static,1.2606153,1.082048
2018-10-25,extended,252,static,1.5454464,1.5046878
2018-10-26,extended,252,static,1.484606,1.5438031
2018-10-29,extended,252,static,1.0702231,1.3546884
2018-10-30,extended,252,static,1.1620659,1.4137768
2018-10-31,extended,252,static,0.8137265,1.3848536
2018-11-01,extended,252,static,0.97657365,1.0519457
2018-11-02,extended,252,static,1.4086028,1.3757392
2018-11-05,extended,252,static,0.9007157,0.761938
2018-11-06,extended,252,static,0.5100859,0.87002057
2018-11-07,extended,252,static,1.5261915,1.1213343
2018-11-08,extended,252,static,0.512499,0.92044944
2018-11-09,extended,252,static,0.7320143,0.863426
2018-11-12,extended,252,static,0.6942641,0.755461
2018-11-13,extended,252,static,1.3598114,1.1083807
2018-11-14,extended,252,static,1.0212226,1.1269432
2018-11-15,extended,252,static,0.8335932,0.9030982
2018-11-16,extended,252,static,0.7385747,0.9325781
2018-11-19,extended,252,static,0.72898686,0.8397839
2018-11-20,extended,252,static,0.6944359,0.89182854
2018-11-21,extended,252,static,0.8096777,1.0599185
2018-11-22,extended,252,static,0.65149546,0.87201345
2018-11-26,extended,252,static,0.72455263,0.8820073
2018-11-27,extended,252,static,0.6399642,0.75315607
2018-11-28,extended,252,static,0.60096586,0.80147076
2018-11-29,extended,252,static,0.5698913,0.6816448
2018-11-30,extended,252,static,0.5698851,0.64061296
2018-12-03,extended,252,static,0.6513042,0.64073956
2018-12-04,extended,252,static,0.70848423,1.0636036
2018-12-05,extended,252,static,0.99570787,0.9785379
2018-12-06,extended,252,static,0.92729753,1.317409
2018-12-07,extended,252,static,0.84359527,1.07194
2018-12-10,extended,252,static,0.71485215,0.9068952
2018-12-11,extended,252,static,0.88942516,0.852346
2018-12-12,extended,252,static,0.5442239,1.0396954
2018-12-13,extended,252,static,0.54908,0.80556834
2018-12-14,extended,252,static,0.9772078,1.05692
2018-12-17,extended,252,static,0.6323742,0.87157667
2018-12-18,extended,252,static,0.984139,0.93857896
2018-12-19,extended,252,static,1.1640143,1.0039709
2018-12-20,extended,252,static,1.2334836,1.6641196
2018-12-21,extended,252,static,1.310066,1.2526808
2018-12-25,extended,252,static,1.9485438,2.0854597
2018-12-26,extended,252,static,1.9721091,2.1797678
2018-12-27,extended,252,static,1.7026261,1.9176611
2018-12-28,extended,252,static,0.99343413,1.08686
2019-01-04,extended,252,static,1.634593,1.4531606
2019-01-07,extended,252,static,1.2393373,1.3413421
2019-01-08,extended,252,static,0.8599104,1.0361831
2019-01-09,extended,252,static,0.6318901,0.9717932
2019-01-10,extended,252,static,0.6833488,0.9299879
2019-01-11,extended,252,static,0.4249976,0.7502074
2019-01-15,extended,252,static,0.73595697,1.1017535
2019-01-16,extended,252,static,0.76745516,0.97203267
2019-01-17,extended,252,static,0.781128,0.92278755
2019-01-18,extended,252,static,0.5580379,0.88880587
2019-01-21,extended,252,static,0.70976454,0.7299718
2019-01-22,extended,252,static,0.5835168,0.9188438
2019-01-23,extended,252,static,0.6793827,0.91648424
2019-01-24,extended,252,static,0.58549607,0.7616433
2019-01-25,extended,252,static,0.72809726,0.81973386
2019-01-28,extended,252,static,0.39257857,0.74092305
2019-01-29,extended,252,static,0.654314,0.8988654
2019-01-30,extended,252,static,0.5871064,0.72662
2019-01-31,extended,252,static,0.5863899,0.697758
2019-02-01,extended,252,static,0.77070373,0.73297685
2019-02-04,extended,252,static,0.5385923,0.59124833
2019-02-05,extended,252,static,0.41029164,0.6853
2019-02-06,extended,252,static,0.43415076,0.65059847
2019-02-07,extended,252,static,0.5166102,0.7692169
2019-02-08,extended,252,static,0.63407224,0.8208116
2019-02-12,extended,252,static,0.80469704,1.1205281
2019-02-13,extended,252,static,0.6465683,0.78643787
2019-02-14,extended,252,static,0.69244784,0.68390775
2019-02-15,extended,252,static,0.79405016,0.7137189
2019-02-18,extended,252,static,0.48766485,0.7257152
2019-02-19,extended,252,static,0.53814006,0.68370426
2019-02-20,extended,252,static,0.55800116,0.7438693
2019-02-21,extended,252,static,0.6649488,0.75864136
2019-02-22,extended,252,static,0.45760533,0.6395482
2019-02-25,extended,252,static,0.44281283,0.58877504
2019-02-26,extended,252,static,0.4868513,0.7258303
2019-02-27,extended,252,static,0.27050745,0.6358084
2019-02-28,extended,252,static,0.5210132,0.6931447
2019-03-01,extended,252,static,0.5411487,0.65289485
2019-03-04,extended,252,static,0.3874281,0.57541096
2019-03-05,extended,252,static,0.5113566,0.6827266
2019-03-06,extended,252,static,0.3758757,0.7143397
2019-03-07,extended,252,static,0.36797136,0.6563802
2019-03-08,extended,252,static,0.68772143,1.0002877
2019-03-11,extended,252,static,0.6669575,0.8153881
2019-03-12,extended,252,static,0.67965114,0.7870678
2019-03-13,extended,252,static,0.6431709,0.83065474
2019-03-14,extended,252,static,0.7514415,0.871141
2019-03-15,extended,252,static,0.4442136,0.69233096
2019-03-18,extended,252,static,0.41718483,0.58677363
2019-03-19,extended,252,static,0.5103182,0.66925
2019-03-20,extended,252,static,0.3640376,0.64147055
2019-03-22,extended,252,static,0.69168925,0.74072325
2019-03-25,extended,252,static,0.80777425,1.1068959
2019-03-26,extended,252,static,0.5410814,1.0082743
2019-03-27,extended,252,static,0.5850415,0.75501275
2019-03-28,extended,252,static,0.89525205,0.82407695
2019-03-29,extended,252,static,0.47916922,0.77105373
2019-04-01,extended,252,static,0.5754616,0.81672287
2019-04-02,extended,252,static,0.60123634,0.8517761
2019-04-03,extended,252,static,0.722694,0.87105757
2019-04-04,extended,252,static,0.45924956,0.647375
2019-04-05,extended,252,static,0.6110471,0.68654144
2019-04-08,extended,252,static,0.48535737,0.656935
2019-04-09,extended,252,static,0.46029332,0.63029355
2019-04-10,extended,252,static,0.44074193,0.6424129
2019-04-11,extended,252,static,0.38972965,0.58101183
2019-04-12,extended,252,static,0.41197526,0.70332
2019-04-15,extended,252,static,0.41886684,0.56472087
2019-04-16,extended,252,static,0.45664573,0.63994807
2019-04-17,extended,252,static,0.6198656,0.6679748
2019-04-18,extended,252,static,0.59688574,0.7956934
2019-04-19,extended,252,static,0.30316633,0.6440331
2019-04-22,extended,252,static,0.6234048,0.6778102
2019-04-23,extended,252,static,0.38071892,0.59808666
2019-04-24,extended,252,static,0.56213576,0.8061716
2019-04-25,extended,252,static,0.43120065,0.75224084
2019-04-26,extended,252,static,0.4447973,0.70001984
2019-05-07,extended,252,static,0.6053192,0.94097275
2019-05-08,extended,252,static,0.5159275,0.742712
2019-05-09,extended,252,static,0.68573725,0.87243485
2019-05-10,extended,252,static,1.3596237,1.1821861
2019-05-13,extended,252,static,0.5313535,0.91791403
2019-05-14,extended,252,static,0.8621692,1.1454144
2019-05-15,extended,252,static,0.5814311,0.8330975
2019-05-16,extended,252,static,0.60817397,0.80995214
2019-05-17,extended,252,static,0.7820061,0.7898482
2019-05-20,extended,252,static,0.74052775,0.64669776
2019-05-21,extended,252,static,0.58022857,0.6929903
2019-05-22,extended,252,static,0.3951507,0.72760415
2019-05-23,extended,252,static,0.491179,0.81068766
2019-05-24,extended,252,static,0.47718757,0.7729273
2019-05-27,extended,252,static,0.37875375,0.6675365
2019-05-28,extended,252,static,0.44813806,0.57746357
2019-05-29,extended,252,static,0.63822204,0.75807965
2019-05-30,extended,252,static,0.58383834,0.8071919
2019-05-31,extended,252,static,0.6841982,0.8596932
2019-06-03,extended,252,static,0.52742904,0.73391557
2019-06-04,extended,252,static,0.57950807,0.831909
2019-06-05,extended,252,static,0.49437496,0.8187032
2019-06-06,extended,252,static,0.39556184,0.67421687
2019-06-07,extended,252,static,0.39298657,0.65126705
2019-06-10,extended,252,static,0.4080138,0.5770028
2019-06-11,extended,252,static,0.35760587,0.6748845
2019-06-12,extended,252,static,0.41765854,0.72111714
2019-06-13,extended,252,static,0.6440891,0.7407532
2019-06-14,extended,252,static,0.61559093,0.67922753
2019-06-17,extended,252,static,0.40562356,0.5911362
2019-06-18,extended,252,static,0.46921137,0.7946522
2019-06-19,extended,252,static,0.42336938,0.6878581
2019-06-20,extended,252,static,0.41648388,0.6056792
2019-06-21,extended,252,static,0.7216322,0.88457274
2019-06-24,extended,252,static,0.36197773,0.6537553
2019-06-25,extended,252,static,0.5862561,0.7812784
2019-06-26,extended,252,static,0.4408926,0.6931472
2019-06-27,extended,252,static,0.47992194,0.800805
2019-06-28,extended,252,static,0.49072328,0.64109445
2019-07-01,extended,252,static,0.45166978,0.7208678
2019-07-02,extended,252,static,0.4195306,0.6503916
2019-07-03,extended,252,static,0.37640965,0.66841507
2019-07-04,extended,252,static,0.21248052,0.61613816
2019-07-05,extended,252,static,0.3623406,0.5420706
2019-07-08,extended,252,static,0.42506605,0.5593219
2019-07-09,extended,252,static,0.45077518,0.6716424
2019-07-10,extended,252,static,0.4159508,0.66423446
2019-07-11,extended,252,static,0.30369458,0.571901
2019-07-12,extended,252,static,0.46530408,0.5804542
2019-07-17,extended,252,static,0.46936965,0.65071684
2019-07-18,extended,252,static,0.58231777,0.9131388
2019-07-19,extended,252,static,0.487825,0.9781529
2019-07-22,extended,252,static,0.5255823,0.6134562
2019-07-23,extended,252,static,0.55537754,0.77658015
2019-07-24,extended,252,static,0.37221032,0.5724814
2019-07-25,extended,252,static,0.51707315,0.66902375
2019-07-26,extended,252,static,0.45959008,0.6193154
2019-07-29,extended,252,static,0.47967154,0.5416744
2019-07-30,extended,252,static,0.49986103,0.6409315
2019-07-31,extended,252,static,0.46011177,0.5875162
2019-08-01,extended,252,static,0.5667791,0.9769678
2019-08-02,extended,252,static,0.5981884,0.8845927
2019-08-05,extended,252,static,0.8728148,1.1677251
2019-08-06,extended,252,static,1.393106,1.4865069
2019-08-07,extended,252,static,0.7813885,1.0192826
2019-08-08,extended,252,static,0.74686027,1.074131
2019-08-09,extended,252,static,0.49181262,0.7395792
2019-08-13,extended,252,static,0.6699737,0.87823576
2019-08-14,extended,252,static,0.48938635,0.80762
2019-08-15,extended,252,static,0.71232545,0.9346622
2019-08-16,extended,252,static,0.45247325,0.92921746
2019-08-19,extended,252,static,0.42608678,0.72728544
2019-08-20,extended,252,static,0.37085316,0.58467686
2019-08-21,extended,252,static,0.33166265,0.7364469
2019-08-22,extended,252,static,0.4063824,0.7249712
2019-08-23,extended,252,static,0.37122044,0.67479223
2019-08-26,extended,252,static,0.8774723,0.6790139
2019-08-27,extended,252,static,0.3917015,0.7050966
2019-08-28,extended,252,static,0.31036603,0.66069037
2019-08-29,extended,252,static,0.49068415,0.7537434
2019-08-30,extended,252,static,0.37855944,0.6719281
2019-09-02,extended,252,static,0.30660436,0.533156
2019-09-03,extended,252,static,0.32768998,0.71901834
2019-09-04,extended,252,static,0.39324135,0.7804879
2019-09-05,extended,252,static,0.6591932,1.0492718
2019-09-06,extended,252,static,0.4507893,0.6151097
2019-09-09,extended,252,static,0.5209246,0.695566
2019-09-10,extended,252,static,0.37950796,0.5767072
2019-09-11,extended,252,static,0.50641793,0.72640145
2019-09-12,extended,252,static,0.45478198,0.5854859
2019-09-13,extended,252,static,0.4794492,0.71392876
2019-09-17,extended,252,static,0.517651,0.6915595
2019-09-18,extended,252,static,0.37057045,0.6023569
2019-09-19,extended,252,static,0.9439046,0.7492094
2019-09-20,extended,252,static,0.4229328,0.6923458
2019-09-25,extended,252,static,0.5500051,0.6423629
2019-09-26,extended,252,static,0.47077304,0.733682
2019-09-27,extended,252,static,0.64438444,0.7279718
2019-09-30,extended,252,static,0.53690845,0.6753169
2019-10-01,extended,252,static,0.34838927,0.6066583
2019-10-02,extended,252,static,0.32395723,0.6263615
2019-10-03,extended,252,static,0.51655203,0.7770597
2019-10-04,extended,252,static,0.414185,0.63162637
2019-10-07,extended,252,static,0.40341,0.6439295
2019-10-08,extended,252,static,0.43005088,0.5889669
2019-10-09,extended,252,static,0.38805678,0.66962695
2019-10-10,extended,252,static,0.82208025,0.9779881
2019-10-11,extended,252,static,0.5154887,0.79905003
2019-10-15,extended,252,static,0.40126202,0.6998756
2019-10-16,extended,252,static,0.7280756,0.78428745
2019-10-17,extended,252,static,0.3956502,0.6757049
2019-10-18,extended,252,static,0.566893,0.7404243
2019-10-21,extended,252,static,0.25843495,0.5693001
2019-10-23,extended,252,static,0.61452776,0.6930274
2019-10-24,extended,252,static,0.3160634,0.598351
2019-10-25,extended,252,static,0.26380095,0.6077033
2019-10-28,extended,252,static,0.2490552,0.55780816
2019-10-29,extended,252,static,0.33816895,0.5169505
2019-10-30,extended,252,static,0.38163245,0.6235914
2019-10-31,extended,252,static,0.43444324,0.6020504
2019-11-01,extended,252,static,0.31177333,0.6618309
2019-11-05,extended,252,static,0.5111768,0.6800581
2019-11-06,extended,252,static,0.29941544,0.5931922
2019-11-07,extended,252,static,0.30768433,0.5752775
2019-11-08,extended,252,static,0.56706184,0.8189657
2019-11-11,extended,252,static,0.32009214,0.63465667
2019-11-12,extended,252,static,0.34582698,0.716486
2019-11-13,extended,252,static,0.4571984,0.5945378
2019-11-14,extended,252,static,0.7509282,0.88971055
2019-11-15,extended,252,static,0.5414993,0.7486892
2019-11-18,extended,252,static,0.4480201,0.6089194
2019-11-19,extended,252,static,0.48664826,0.63159543
2019-11-20,extended,252,static,0.6214107,0.7870553
2019-11-21,extended,252,static,0.9489152,1.021849
2019-11-22,extended,252,static,0.4684395,0.7663779
2019-11-25,extended,252,static,0.32151935,0.60686857
2019-11-26,extended,252,static,0.5775611,0.7677027
2019-11-27,extended,252,static,0.3695195,0.6251367
2019-11-28,extended,252,static,0.5102321,0.63140345
2019-11-29,extended,252,static,0.45742804,0.84044325
2019-12-02,extended,252,static,0.46741116,0.66931444
2019-12-03,extended,252,static,0.46477246,0.69284236
2019-12-04,extended,252,static,0.595267,0.64566064
2019-12-05,extended,252,static,0.5120945,0.6068649
2019-12-06,extended,252,static,0.26996678,0.54010844
2019-12-09,extended,252,static,0.46566507,0.5983529
2019-12-10,extended,252,static,0.32391986,0.5570458
2019-12-11,extended,252,static,0.26391917,0.59805745
2019-12-12,extended,252,static,0.3174908,0.5666336
2019-12-13,extended,252,static,0.49971414,0.6895285
2019-12-16,extended,252,static,0.37474844,0.4768952
2019-12-17,extended,252,static,0.29989138,0.55077267
2019-12-18,extended,252,static,0.2715722,0.56176996
2019-12-19,extended,252,static,0.3609173,0.57599384
2019-12-20,extended,252,static,0.4916653,0.5804925
2019-12-23,extended,252,static,0.29422385,0.44972908
2019-12-24,extended,252,static,0.20277129,0.47338316
2019-12-25,extended,252,static,0.14368884,0.4930711
2019-12-26,extended,252,static,0.30584246,0.63927126
2019-12-27,extended,252,static,0.2437419,0.5077094
2019-12-30,extended,252,static,0.6504025,0.505149
2014-01-07,core,60,expanding,0.9929978251457214,0.7396423816680908
2014-01-08,core,60,expanding,0.5598219633102417,0.7843725085258484
2014-01-09,core,60,expanding,0.7221481204032898,0.8115139007568359
2014-01-10,core,60,expanding,0.8308181762695312,0.76419997215271
2014-01-14,core,60,expanding,1.116640329360962,1.2518032789230347
2014-01-15,core,60,expanding,0.759765625,0.7794426083564758
2014-01-16,core,60,expanding,0.7385079264640808,0.822265088558197
2014-01-17,core,60,expanding,0.9924829006195068,0.6925947070121765
2014-01-20,core,60,expanding,0.635157585144043,0.7394857406616211
2014-01-21,core,60,expanding,0.6823652386665344,0.7330410480499268
2014-01-22,core,60,expanding,0.9055610299110413,0.7857781052589417
2014-01-23,core,60,expanding,0.86771559715271,0.9835256934165955
2014-01-24,core,60,expanding,0.9876176118850708,0.9909607768058777
2014-01-27,core,60,expanding,1.0500518083572388,1.0356394052505493
2014-01-28,core,60,expanding,0.8367258906364441,0.786549985408783
2014-01-29,core,60,expanding,0.773780107498169,0.854979932308197
2014-01-30,core,60,expanding,1.275964617729187,1.1129087209701538
2014-01-31,core,60,expanding,1.182791829109192,1.2735272645950317
2014-02-03,core,60,expanding,1.1922181844711304,1.1594988107681274
2014-02-04,core,60,expanding,1.6071958541870117,1.810043454170227
2014-02-05,core,60,expanding,1.2378953695297241,1.0845838785171509
2014-02-06,core,60,expanding,0.9547833204269409,0.9121330380439758
2014-02-07,core,60,expanding,0.7397321462631226,0.7367256283760071
2014-02-10,core,60,expanding,0.704429566860199,0.7693639397621155
2014-02-12,core,60,expanding,0.6793457269668579,0.6493987441062927
2014-02-13,core,60,expanding,0.7595481276512146,1.036713719367981
2014-02-14,core,60,expanding,1.5592761039733887,1.4010089635849
2014-02-17,core,60,expanding,1.0413496494293213,0.9837923645973206
2014-02-18,core,60,expanding,1.4758527278900146,1.2625653743743896
2014-02-19,core,60,expanding,0.7990848422050476,0.9863985180854797
2014-02-20,core,60,expanding,1.1217944622039795,1.299330234527588
2014-02-21,core,60,expanding,0.8472435474395752,1.0742212533950806
2014-02-24,core,60,expanding,1.1883679628372192,1.0809382200241089
2014-02-25,core,60,expanding,0.7022347450256348,0.83058762550354
2014-02-26,core,60,expanding,0.8268715739250183,0.8449471592903137
2014-02-27,core,60,expanding,0.8597348928451538,0.7367940545082092
2014-02-28,core,60,expanding,1.0540921688079834,0.9786321520805359
2014-03-03,core,60,expanding,1.2059812545776367,1.0043879747390747
2014-03-04,core,60,expanding,0.7824621796607971,0.9453790187835693
2014-03-05,core,60,expanding,0.6954053640365601,0.6379863023757935
2014-03-06,core,60,expanding,0.9321517944335938,1.010939359664917
2014-03-07,core,60,expanding,0.706678032875061,0.9180822372436523
2014-03-10,core,60,expanding,0.8324498534202576,0.783095121383667
2014-03-11,core,60,expanding,0.8417271971702576,0.6837158203125
2014-03-12,core,60,expanding,0.7709421515464783,0.9885722994804382
2014-03-13,core,60,expanding,0.8386745452880859,0.6096664667129517
2014-03-14,core,60,expanding,1.111358404159546,1.2340168952941895
2014-03-17,core,60,expanding,1.1761090755462646,0.7775889039039612
2014-03-18,core,60,expanding,0.8854055404663086,0.7317251563072205
2014-03-19,core,60,expanding,1.3912756443023682,1.1121991872787476
2014-03-25,core,60,expanding,0.971454918384552,0.8470090627670288
2014-03-26,core,60,expanding,0.9650692343711853,0.8712865114212036
2014-03-27,core,60,expanding,1.305605411529541,1.3865894079208374
2014-03-28,core,60,expanding,0.8910113573074341,1.03752863407135
2014-03-31,core,60,expanding,0.6962120532989502,0.7554928064346313
2014-04-01,core,60,expanding,0.7554367184638977,0.7354534864425659
2014-04-02,core,60,expanding,0.8529638051986694,0.7550102472305298
2014-04-03,core,60,expanding,0.7055742144584656,0.7684386968612671
2014-04-04,core,60,expanding,0.5401592254638672,0.5858750343322754
2014-04-07,core,60,expanding,0.6578506231307983,0.7177465558052063
2014-04-08,core,60,expanding,0.9137992262840271,0.7254083156585693
2014-04-09,core,60,expanding,1.0099090337753296,0.9801828861236572
2014-04-10,core,60,expanding,0.8897711038589478,0.9954500198364258
2014-04-11,core,60,expanding,1.0655436515808105,0.947289228439331
2014-04-14,core,60,expanding,0.8920437097549438,0.7521620988845825
2014-04-15,core,60,expanding,0.7417469024658203,0.6823322772979736
2014-04-16,core,60,expanding,0.9056221842765808,0.9475244283676147
2014-04-17,core,60,expanding,0.9500189423561096,0.7526110410690308
2014-04-18,core,60,expanding,0.588050127029419,0.6722370386123657
2014-04-21,core,60,expanding,0.6855194568634033,0.6516274213790894
2014-04-22,core,60,expanding,0.605071485042572,0.8854316473007202
2014-04-23,core,60,expanding,0.6681907176971436,0.5489007234573364
2014-04-24,core,60,expanding,0.7531964182853699,0.7974696159362793
2014-04-25,core,60,expanding,0.8171542286872864,0.8031995892524719
2014-04-28,core,60,expanding,0.5202674865722656,0.6480660438537598
2014-04-30,core,60,expanding,0.7706512808799744,0.6760210990905762
2014-05-01,core,60,expanding,0.8471247553825378,0.6276414394378662
2014-05-02,core,60,expanding,0.4468505382537842,0.5189875960350037
2014-05-07,core,60,expanding,0.6870307326316833,1.06123948097229
2014-05-08,core,60,expanding,0.6638345718383789,0.6237732768058777
2014-05-09,core,60,expanding,0.824956476688385,0.7710185050964355
2014-05-12,core,60,expanding,0.6498797535896301,0.5588859915733337
2014-05-13,core,60,expanding,0.5705968737602234,0.48163387179374695
2014-05-14,core,60,expanding,0.4468920826911926,0.4925559461116791
2014-05-15,core,60,expanding,0.6437694430351257,0.5547498464584351
2014-05-16,core,60,expanding,0.5206161141395569,0.6307096481323242
2014-05-19,core,60,expanding,0.6803091764450073,0.6918644905090332
2014-05-20,core,60,expanding,0.5580016374588013,0.5277347564697266
2014-05-21,core,60,expanding,0.6375392079353333,0.5500510334968567
2014-05-22,core,60,expanding,0.6842452883720398,0.731814444065094
2014-05-23,core,60,expanding,0.4405228793621063,0.5863876342773438
2014-05-26,core,60,expanding,0.3791349232196808,0.4367149770259857
2014-05-27,core,60,expanding,0.643464207649231,0.607313334941864
2014-05-28,core,60,expanding,0.6203026175498962,0.5229244232177734
2014-05-29,core,60,expanding,0.6115719676017761,0.5383154153823853
2014-05-30,core,60,expanding,0.6328048706054688,0.6228690147399902
2014-06-02,core,60,expanding,0.6377770900726318,0.6575685143470764
2014-06-03,core,60,expanding,0.46424275636672974,0.43235474824905396
2014-06-04,core,60,expanding,0.620389461517334,0.4631820619106293
2014-06-05,core,60,expanding,0.4285542666912079,0.48646441102027893
2014-06-06,core,60,expanding,0.486449658870697,0.5177611708641052
2014-06-09,core,60,expanding,0.39111125469207764,0.4684595763683319
2014-06-10,core,60,expanding,0.629412055015564,0.6895912885665894
2014-06-11,core,60,expanding,0.3883609175682068,0.4763086438179016
2014-06-12,core,60,expanding,0.5559938549995422,0.5314075350761414
2014-06-13,core,60,expanding,0.6853582859039307,0.8662668466567993
2014-06-16,core,60,expanding,0.6171051263809204,0.7203601598739624
2014-06-17,core,60,expanding,0.5108878016471863,0.48721933364868164
2014-06-18,core,60,expanding,0.5292311906814575,0.4628225564956665
2014-06-19,core,60,expanding,0.715569019317627,0.714633584022522
2014-06-20,core,60,expanding,0.632879376411438,0.5896747708320618
2014-06-23,core,60,expanding,0.5410799384117126,0.5232653021812439
2014-06-24,core,60,expanding,0.6010311245918274,0.6689095497131348
2014-06-25,core,60,expanding,0.47001129388809204,0.5247199535369873
2014-06-26,core,60,expanding,0.3968125879764557,0.43427714705467224
2014-06-27,core,60,expanding,0.8402188420295715,1.0086346864700317
2014-06-30,core,60,expanding,0.5754950642585754,0.5437851548194885
2014-07-01,core,60,expanding,0.8379272818565369,0.7095824480056763
2014-07-02,core,60,expanding,0.39061251282691956,0.5806432366371155
2014-07-03,core,60,expanding,0.4210403263568878,0.5190201997756958
2014-07-04,core,60,expanding,0.3397189676761627,0.46882104873657227
2014-07-07,core,60,expanding,0.37034258246421814,0.4859016537666321
2014-07-08,core,60,expanding,0.6194824576377869,0.5880571603775024
2014-07-09,core,60,expanding,0.5096815228462219,0.4530546963214874
2014-07-10,core,60,expanding,0.40454503893852234,0.4795711934566498
2014-07-11,core,60,expanding,0.5333577394485474,0.4758111536502838
2014-07-14,core,60,expanding,0.44155797362327576,0.5401036143302917
2014-07-15,core,60,expanding,0.4875105917453766,0.4121112823486328
2014-07-16,core,60,expanding,0.34048226475715637,0.39853301644325256
2014-07-17,core,60,expanding,0.37393006682395935,0.42257368564605713
2014-07-18,core,60,expanding,0.5535995960235596,0.5188975930213928
2014-07-22,core,60,expanding,0.4029233157634735,0.3730001151561737
2014-07-23,core,60,expanding,0.3011488616466522,0.37690091133117676
2014-07-24,core,60,expanding,0.5204686522483826,0.47624140977859497
2014-07-25,core,60,expanding,0.37525519728660583,0.4644411504268646
2014-07-28,core,60,expanding,0.4914538562297821,0.45387792587280273
2014-07-29,core,60,expanding,0.3666745722293854,0.36577895283699036
2014-07-30,core,60,expanding,0.41785624623298645,0.33872130513191223
2014-07-31,core,60,expanding,0.4955805838108063,0.43639272451400757
2014-08-01,core,60,expanding,0.4799793064594269,0.4560633897781372
2014-08-04,core,60,expanding,0.4488868713378906,0.4854205548763275
2014-08-05,core,60,expanding,0.5403825044631958,0.6622438430786133
2014-08-06,core,60,expanding,0.6847516894340515,0.6021219491958618
2014-08-07,core,60,expanding,0.8375794291496277,0.6253337860107422
2014-08-08,core,60,expanding,1.1955809593200684,1.4087260961532593
2014-08-11,core,60,expanding,0.6787324547767639,0.6623756885528564
2014-08-12,core,60,expanding,0.5041671395301819,0.582828938961029
2014-08-13,core,60,expanding,0.5959827303886414,0.5527889728546143
2014-08-14,core,60,expanding,0.4182908833026886,0.3907264769077301
2014-08-15,core,60,expanding,0.30149516463279724,0.4428451359272003
2014-08-18,core,60,expanding,0.42790743708610535,0.3689224123954773
2014-08-19,core,60,expanding,0.30512189865112305,0.34493371844291687
2014-08-20,core,60,expanding,0.30348795652389526,0.3106108605861664
2014-08-21,core,60,expanding,0.38702157139778137,0.40069231390953064
2014-08-22,core,60,expanding,0.3153568208217621,0.4994675815105438
2014-08-25,core,60,expanding,0.3803779184818268,0.36896732449531555
2014-08-26,core,60,expanding,0.3108210265636444,0.406942754983902
2014-08-27,core,60,expanding,0.45898398756980896,0.43637534976005554
2014-08-28,core,60,expanding,0.3867983818054199,0.38964053988456726
2014-08-29,core,60,expanding,0.39064064621925354,0.4530453383922577
2014-09-01,core,60,expanding,0.22931043803691864,0.3316267728805542
2014-09-02,core,60,expanding,0.5366237759590149,0.5877065062522888
2014-09-03,core,60,expanding,0.46095582842826843,0.37019503116607666
2014-09-04,core,60,expanding,0.4026603698730469,0.3518974184989929
2014-09-05,core,60,expanding,0.4774371385574341,0.5412917137145996
2014-09-08,core,60,expanding,0.3796941041946411,0.38847458362579346
2014-09-09,core,60,expanding,0.34021303057670593,0.35455435514450073
2014-09-10,core,60,expanding,0.3940788507461548,0.38986238837242126
2014-09-11,core,60,expanding,0.40020424127578735,0.31164199113845825
2014-09-12,core,60,expanding,0.5142043232917786,0.41346609592437744
2014-09-16,core,60,expanding,0.3597271144390106,0.345919668674469
2014-09-17,core,60,expanding,0.35162344574928284,0.3519086241722107
2014-09-18,core,60,expanding,0.361797571182251,0.37911540269851685
2014-09-19,core,60,expanding,0.517268180847168,0.5878932476043701
2014-09-22,core,60,expanding,0.35834184288978577,0.5070016384124756
2014-09-24,core,60,expanding,0.5036600828170776,0.40068820118904114
2014-09-25,core,60,expanding,0.3381999135017395,0.3538854718208313
2014-09-26,core,60,expanding,0.5733859539031982,0.5727099776268005
2014-09-29,core,60,expanding,0.4584802985191345,0.4160165786743164
2014-09-30,core,60,expanding,0.5464531183242798,0.6301894783973694
2014-10-01,core,60,expanding,0.6431635618209839,0.537377119064331
2014-10-02,core,60,expanding,0.7632841467857361,0.9875342845916748
2014-10-03,core,60,expanding,1.0020511150360107,0.6026512384414673
2014-10-06,core,60,expanding,0.55427086353302,0.6706646084785461
2014-10-07,core,60,expanding,0.6125757694244385,0.6672031879425049
2014-10-08,core,60,expanding,0.5871472358703613,0.5350061655044556
2014-10-09,core,60,expanding,0.9185651540756226,0.931541383266449
2014-10-10,core,60,expanding,0.7470872402191162,0.7247527837753296
2014-10-14,core,60,expanding,0.7626067996025085,0.871734082698822
2014-10-15,core,60,expanding,0.9906735420227051,0.6664443016052246
2014-10-16,core,60,expanding,0.9850625395774841,0.8580939769744873
2014-10-17,core,60,expanding,1.0517386198043823,1.151990294456482
2014-10-20,core,60,expanding,0.9073312878608704,0.9472188949584961
2014-10-21,core,60,expanding,1.0882067680358887,1.3070369958877563
2014-10-22,core,60,expanding,0.7912335395812988,0.8426048755645752
2014-10-23,core,60,expanding,0.7146961092948914,0.8076318502426147
2014-10-24,core,60,expanding,0.7260991930961609,0.7145610451698303
2014-10-27,core,60,expanding,0.48718124628067017,0.5869573950767517
2014-10-28,core,60,expanding,0.4659566283226013,0.5642797946929932
2014-10-29,core,60,expanding,0.6780775785446167,0.6123332977294922
2014-10-30,core,60,expanding,0.4152505099773407,0.5537950992584229
2014-10-31,core,60,expanding,2.1977100372314453,1.5089119672775269
2014-11-04,core,60,expanding,1.9115504026412964,1.2964609861373901
2014-11-05,core,60,expanding,1.0005338191986084,1.1818890571594238
2014-11-06,core,60,expanding,1.2488130331039429,1.2052470445632935
2014-11-07,core,60,expanding,0.5483654141426086,0.8322047591209412
2014-11-10,core,60,expanding,0.5790799260139465,0.6930540800094604
2014-11-11,core,60,expanding,0.6575284004211426,0.8655210137367249
2014-11-12,core,60,expanding,1.0307267904281616,0.8152362108230591
2014-11-13,core,60,expanding,0.8876449465751648,0.9756920337677002
2014-11-14,core,60,expanding,0.9472581744194031,0.864692747592926
2014-11-17,core,60,expanding,1.050959587097168,1.5454256534576416
2014-11-18,core,60,expanding,0.6759117841720581,0.8466190695762634
2014-11-19,core,60,expanding,0.7302672863006592,0.8581218719482422
2014-11-20,core,60,expanding,0.5630322694778442,0.618324339389801
2014-11-21,core,60,expanding,0.9204502105712891,0.896170437335968
2014-11-25,core,60,expanding,0.5002789497375488,0.6367675065994263
2014-11-26,core,60,expanding,0.385690301656723,0.585047721862793
2014-11-27,core,60,expanding,0.504334568977356,0.5340440273284912
2014-11-28,core,60,expanding,0.5068784952163696,0.5504746437072754
2014-12-01,core,60,expanding,0.6539518237113953,0.5799144506454468
2014-12-02,core,60,expanding,0.5160252451896667,0.6867819428443909
2014-12-03,core,60,expanding,0.6252871155738831,0.5828877687454224
2014-12-04,core,60,expanding,0.5004116892814636,0.4783906638622284
2014-12-05,core,60,expanding,0.4289572238922119,0.5722523927688599
2014-12-08,core,60,expanding,0.6913245320320129,0.5669440627098083
2014-12-09,core,60,expanding,0.47860804200172424,0.5453364849090576
2014-12-10,core,60,expanding,0.981933057308197,1.075372338294983
2014-12-11,core,60,expanding,0.9269739985466003,0.8486465215682983
2014-12-12,core,60,expanding,0.8396664261817932,0.8052284717559814
2014-12-15,core,60,expanding,0.9241033792495728,0.915471076965332
2014-12-16,core,60,expanding,0.6408950090408325,0.8230615854263306
2014-12-17,core,60,expanding,0.881768524646759,0.737468421459198
2014-12-18,core,60,expanding,0.6592803597450256,0.6380205154418945
2014-12-19,core,60,expanding,0.5467007756233215,0.6985419392585754
2014-12-22,core,60,expanding,0.5493420362472534,0.5161368250846863
2014-12-24,core,60,expanding,0.3262926936149597,0.5212231278419495
2014-12-25,core,60,expanding,0.296695351600647,0.4367145001888275
2014-12-26,core,60,expanding,0.31702592968940735,0.3952415883541107
2014-12-29,core,60,expanding,0.9882990121841431,0.9320051074028015
2014-12-30,core,60,expanding,0.6727876663208008,0.852216899394989
2015-01-05,core,60,expanding,1.0581647157669067,0.987210214138031
2015-01-06,core,60,expanding,0.8368667960166931,1.0173996686935425
2015-01-07,core,60,expanding,0.7904089689254761,0.6635145545005798
2015-01-08,core,60,expanding,0.6772491931915283,0.7729858756065369
2015-01-09,core,60,expanding,0.7487350106239319,0.7851065993309021
2015-01-13,core,60,expanding,0.9260557293891907,0.7781484723091125
2015-01-14,core,60,expanding,0.8942583203315735,0.9697535634040833
2015-01-15,core,60,expanding,0.9189710021018982,0.9331633448600769
2015-01-16,core,60,expanding,1.0484914779663086,1.05463707447052
2015-01-19,core,60,expanding,0.798159122467041,0.6489351391792297
2015-01-20,core,60,expanding,0.7273281812667847,0.8593242764472961
2015-01-21,core,60,expanding,0.6536433100700378,0.7012677788734436
2015-01-22,core,60,expanding,0.6781051754951477,0.6027659773826599
2015-01-23,core,60,expanding,0.4288506805896759,0.5004495978355408
2015-01-26,core,60,expanding,0.5836031436920166,0.671538770198822
2015-01-27,core,60,expanding,0.5117294192314148,0.5408102869987488
2015-01-28,core,60,expanding,0.5604073405265808,0.6570681929588318
2015-01-29,core,60,expanding,0.6478827595710754,0.6807087063789368
2015-01-30,core,60,expanding,0.6040748357772827,0.5952251553535461
2015-02-02,core,60,expanding,0.6687341928482056,0.6422035694122314
2015-02-03,core,60,expanding,0.8945028185844421,1.0438398122787476
2015-02-04,core,60,expanding,0.7012463808059692,0.7069326639175415
2015-02-05,core,60,expanding,0.7510251402854919,0.6710132360458374
2015-02-06,core,60,expanding,0.47369715571403503,0.5421651601791382
2015-02-09,core,60,expanding,0.5304527282714844,0.5764333605766296
2015-02-10,core,60,expanding,0.4538056552410126,0.5508619546890259
2015-02-12,core,60,expanding,0.5000195503234863,0.4731677174568176
2015-02-13,core,60,expanding,0.5767446160316467,0.47344475984573364
2015-02-16,core,60,expanding,0.49525174498558044,0.40744465589523315
2015-02-17,core,60,expanding,0.41838493943214417,0.44630616903305054
2015-02-18,core,60,expanding,0.31954431533813477,0.4461987018585205
2015-02-19,core,60,expanding,0.3720810115337372,0.3849860429763794
2015-02-20,core,60,expanding,0.3649754226207733,0.37754619121551514
2015-02-23,core,60,expanding,0.3887742757797241,0.42160892486572266
2015-02-24,core,60,expanding,0.4332820475101471,0.45319128036499023
2015-02-25,core,60,expanding,0.4532299041748047,0.37903892993927
2015-02-26,core,60,expanding,0.49888864159584045,0.4814876317977905
2015-02-27,core,60,expanding,0.5271544456481934,0.4955136775970459
2015-03-02,core,60,expanding,0.4335555136203766,0.4934271574020386
2015-03-03,core,60,expanding,0.5533601641654968,0.5146886706352234
2015-03-04,core,60,expanding,0.525597095489502,0.497592568397522
2015-03-05,core,60,expanding,0.42018088698387146,0.39785414934158325
2015-03-06,core,60,expanding,0.505321204662323,0.5262097120285034
2015-03-09,core,60,expanding,0.5512269735336304,0.5146397948265076
2015-03-10,core,60,expanding,0.7741672396659851,0.8747915029525757
2015-03-11,core,60,expanding,0.601202130317688,0.6532895565032959
2015-03-12,core,60,expanding,0.7062233090400696,0.6509512662887573
2015-03-13,core,60,expanding,0.6453717350959778,0.8121456503868103
2015-03-16,core,60,expanding,0.5888770818710327,0.5509945750236511
2015-03-17,core,60,expanding,0.3184524178504944,0.4821736812591553
2015-03-18,core,60,expanding,0.49470147490501404,0.44786933064460754
2015-03-19,core,60,expanding,0.8398205637931824,0.5931340456008911
2015-03-20,core,60,expanding,0.40309643745422363,0.5559157729148865
2015-03-23,core,60,expanding,0.49912554025650024,0.5825159549713135
2015-03-24,core,60,expanding,0.504513144493103,0.4806569218635559
2015-03-25,core,60,expanding,0.6076487302780151,0.5673820972442627
2015-03-26,core,60,expanding,0.7393008470535278,0.7416593432426453
2015-03-27,core,60,expanding,1.2476948499679565,1.151167631149292
2015-03-30,core,60,expanding,0.791974663734436,0.801644504070282
2015-03-31,core,60,expanding,0.87098228931427,1.1064033508300781
2015-04-01,core,60,expanding,1.2389111518859863,0.9478024840354919
2015-04-02,core,60,expanding,0.8624421954154968,0.9859166741371155
2015-04-03,core,60,expanding,0.6874845623970032,0.6896976232528687
2015-04-06,core,60,expanding,0.7400668859481812,0.689723014831543
2015-04-07,core,60,expanding,0.608623743057251,0.6658638715744019
2015-04-08,core,60,expanding,0.5820112228393555,0.6085942983627319
2015-04-09,core,60,expanding,0.43787917494773865,0.5463002920150757
2015-04-10,core,60,expanding,0.6253153681755066,0.6293542385101318
2015-04-13,core,60,expanding,0.6261552572250366,0.5522865653038025
2015-04-14,core,60,expanding,0.41001859307289124,0.4602438509464264
2015-04-15,core,60,expanding,0.3786894381046295,0.48063379526138306
2015-04-16,core,60,expanding,0.45100709795951843,0.49162915349006653
2015-04-17,core,60,expanding,0.7775561809539795,0.5819355845451355
2015-04-20,core,60,expanding,0.6633402705192566,0.6662229299545288
2015-04-21,core,60,expanding,0.4835294187068939,0.6273193955421448
2015-04-22,core,60,expanding,0.5110162496566772,0.563313901424408
2015-04-23,core,60,expanding,0.35762783885002136,0.4975240230560303
2015-04-24,core,60,expanding,0.4764888286590576,0.5233904123306274
2015-04-27,core,60,expanding,0.6304599642753601,0.5105109214782715
2015-04-28,core,60,expanding,0.4181796610355377,0.3996049463748932
2015-04-30,core,60,expanding,0.8985085487365723,1.0365211963653564
2015-05-01,core,60,expanding,0.7258315086364746,0.5221288204193115
2015-05-07,core,60,expanding,0.7948581576347351,0.6626366972923279
2015-05-08,core,60,expanding,0.48748257756233215,0.5577812194824219
2015-05-11,core,60,expanding,0.4058670699596405,0.442308634519577
2015-05-12,core,60,expanding,0.4555272161960602,0.5489049553871155
2015-05-13,core,60,expanding,0.6834728121757507,0.6313003301620483
2015-05-14,core,60,expanding,0.5555697679519653,0.6130434274673462
2015-05-15,core,60,expanding,0.5401253700256348,0.4955407679080963
2015-05-18,core,60,expanding,0.39015886187553406,0.5055140852928162
2015-05-19,core,60,expanding,0.41756612062454224,0.5067717432975769
2015-05-20,core,60,expanding,0.4776521623134613,0.4222397208213806
2015-05-21,core,60,expanding,0.503243625164032,0.41447195410728455
2015-05-22,core,60,expanding,0.5288338661193848,0.46982496976852417
2015-05-25,core,60,expanding,0.29894542694091797,0.3797374665737152
2015-05-26,core,60,expanding,0.38567203283309937,0.4147762954235077
2015-05-27,core,60,expanding,0.3937726318836212,0.4213906526565552
2015-05-28,core,60,expanding,0.49497613310813904,0.4570043981075287
2015-05-29,core,60,expanding,0.5925613641738892,0.4147263765335083
2015-06-01,core,60,expanding,0.42241454124450684,0.4880073368549347
2015-06-02,core,60,expanding,0.459268718957901,0.4750019609928131
2015-06-03,core,60,expanding,0.4374544620513916,0.42514538764953613
2015-06-04,core,60,expanding,0.35229718685150146,0.39743223786354065
2015-06-05,core,60,expanding,0.42145153880119324,0.42993995547294617
2015-06-08,core,60,expanding,0.5375503301620483,0.5008282661437988
2015-06-09,core,60,expanding,0.4522037208080292,0.6131964921951294
2015-06-10,core,60,expanding,0.9109494686126709,0.6042543053627014
2015-06-11,core,60,expanding,0.6243759989738464,0.5820392966270447
2015-06-12,core,60,expanding,0.5033267736434937,0.4804343581199646
2015-06-15,core,60,expanding,0.528656542301178,0.6003466248512268
2015-06-16,core,60,expanding,0.6188594698905945,0.5205996632575989
2015-06-17,core,60,expanding,0.508975625038147,0.5664693117141724
2015-06-18,core,60,expanding,0.6404449939727783,0.6403592824935913
2015-06-19,core,60,expanding,0.5380146503448486,0.5104081630706787
2015-06-22,core,60,expanding,0.606666624546051,0.6728381514549255
2015-06-23,core,60,expanding,0.5819014310836792,0.6957795023918152
2015-06-24,core,60,expanding,0.4910257160663605,0.4314897954463959
2015-06-25,core,60,expanding,0.37538450956344604,0.4607369005680084
2015-06-26,core,60,expanding,0.5097277760505676,0.47846707701683044
2015-06-29,core,60,expanding,0.9721580147743225,0.8883209824562073
2015-06-30,core,60,expanding,0.6717302203178406,0.49540385603904724
2015-07-01,core,60,expanding,0.44181159138679504,0.5096701383590698
2015-07-02,core,60,expanding,0.44445064663887024,0.4802139103412628
2015-07-03,core,60,expanding,0.33597615361213684,0.4946867525577545
2015-07-06,core,60,expanding,0.7737877368927002,0.8898404836654663
2015-07-07,core,60,expanding,0.4405149519443512,0.3989299535751343
2015-07-08,core,60,expanding,1.2377485036849976,1.5916008949279785
2015-07-09,core,60,expanding,1.545491337776184,1.6021956205368042
2015-07-10,core,60,expanding,1.0695366859436035,1.002281665802002
2015-07-13,core,60,expanding,0.7222395539283752,0.7912876009941101
2015-07-14,core,60,expanding,0.5919382572174072,0.5840564966201782
2015-07-15,core,60,expanding,0.46422240138053894,0.5675181150436401
2015-07-16,core,60,expanding,0.3781421482563019,0.4163302481174469
2015-07-17,core,60,expanding,0.26528453826904297,0.3665621280670166
2015-07-21,core,60,expanding,0.3302123546600342,0.358570396900177
2015-07-22,core,60,expanding,0.41083353757858276,0.43607014417648315
2015-07-23,core,60,expanding,0.2849535048007965,0.3752409815788269
2015-07-24,core,60,expanding,0.3905370235443115,0.42800480127334595
2015-07-27,core,60,expanding,0.7914097309112549,0.5232970118522644
2015-07-28,core,60,expanding,1.1183491945266724,0.7320461869239807
2015-07-29,core,60,expanding,0.7152554392814636,0.7264422178268433
2015-07-30,core,60,expanding,0.4574918746948242,0.57620769739151
2015-07-31,core,60,expanding,0.3614964485168457,0.5308073163032532
2015-08-03,core,60,expanding,0.4972071647644043,0.5528799891471863
2015-08-04,core,60,expanding,0.43941158056259155,0.414315402507782
2015-08-05,core,60,expanding,0.5528046488761902,0.5491408109664917
2015-08-06,core,60,expanding,0.38921189308166504,0.4616907835006714
2015-08-07,core,60,expanding,0.6038485169410706,0.5514546036720276
2015-08-10,core,60,expanding,0.4211048483848572,0.5511165261268616
2015-08-11,core,60,expanding,0.922819972038269,0.7717838883399963
2015-08-12,core,60,expanding,1.0630121231079102,1.1638315916061401
2015-08-13,core,60,expanding,0.7906642556190491,0.8619557023048401
2015-08-14,core,60,expanding,0.5731997489929199,0.602737545967102
2015-08-17,core,60,expanding,0.4693460464477539,0.544712245464325
2015-08-18,core,60,expanding,0.4141949415206909,0.4977996051311493
2015-08-19,core,60,expanding,0.7090916037559509,0.7908744812011719
2015-08-20,core,60,expanding,0.8051279187202454,0.6621682047843933
2015-08-21,core,60,expanding,1.0035890340805054,1.029209852218628
2015-08-24,core,60,expanding,1.962286353111267,2.0568065643310547
2015-08-25,core,60,expanding,3.6375157833099365,3.1926627159118652
2015-08-26,core,60,expanding,2.1537983417510986,2.0457763671875
2015-08-27,core,60,expanding,1.343263030052185,1.23981773853302
2015-08-28,core,60,expanding,1.1837245225906372,1.1512478590011597
2015-08-31,core,60,expanding,1.218310832977295,1.027317762374878
2015-09-01,core,60,expanding,1.3787258863449097,2.2056081295013428
2015-09-02,core,60,expanding,2.5988378524780273,1.6148667335510254
2015-09-03,core,60,expanding,1.236472725868225,1.2023370265960693
2015-09-04,core,60,expanding,1.9289902448654175,1.7916433811187744
2015-09-07,core,60,expanding,2.28863787651062,1.7852635383605957
2015-09-08,core,60,expanding,1.40399169921875,2.009765625
2015-09-09,core,60,expanding,2.089393138885498,2.2986066341400146
2015-09-10,core,60,expanding,2.2081820964813232,1.9371767044067383
2015-09-11,core,60,expanding,1.2127571105957031,1.3252458572387695
2015-09-14,core,60,expanding,1.2906138896942139,1.4543863534927368
2015-09-15,core,60,expanding,1.5159481763839722,1.1857064962387085
2015-09-16,core,60,expanding,0.9210177063941956,1.1140496730804443
2015-09-17,core,60,expanding,0.8303213715553284,0.7550163269042969
2015-09-18,core,60,expanding,1.0018258094787598,0.9829461574554443
2015-09-24,core,60,expanding,0.8564891219139099,1.202672004699707
2015-09-25,core,60,expanding,1.4530583620071411,1.1950651407241821
2015-09-28,core,60,expanding,1.4043388366699219,1.1136703491210938
2015-09-29,core,60,expanding,1.3320951461791992,1.7532304525375366
2015-09-30,core,60,expanding,1.0513970851898193,1.1526360511779785
2015-10-01,core,60,expanding,1.3138631582260132,1.4035805463790894
2015-10-02,core,60,expanding,0.9131217002868652,1.0596156120300293
2015-10-05,core,60,expanding,0.8933115601539612,0.8241285681724548
2015-10-06,core,60,expanding,0.9813218712806702,0.9328144788742065
2015-10-07,core,60,expanding,1.1719655990600586,0.9991349577903748
2015-10-08,core,60,expanding,0.9694315195083618,1.0715537071228027
2015-10-09,core,60,expanding,0.8293681740760803,0.8993383646011353
2015-10-13,core,60,expanding,0.6571257710456848,0.7602311372756958
2015-10-14,core,60,expanding,1.0662360191345215,1.003264307975769
2015-10-15,core,60,expanding,1.1353076696395874,1.1504814624786377
2015-10-16,core,60,expanding,0.8112134337425232,0.833505392074585
2015-10-19,core,60,expanding,1.273208498954773,0.862946093082428
2015-10-20,core,60,expanding,0.41949713230133057,0.7277997136116028
2015-10-21,core,60,expanding,0.844047486782074,1.0584752559661865
2015-10-22,core,60,expanding,0.6998883485794067,0.7834426760673523
2015-10-23,core,60,expanding,0.6981733441352844,0.7047802805900574
2015-10-26,core,60,expanding,0.49373117089271545,0.6552053689956665
2015-10-27,core,60,expanding,0.6192496418952942,0.6385416388511658
2015-10-28,core,60,expanding,0.6311695575714111,0.5275710225105286
2015-10-29,core,60,expanding,0.6804276704788208,0.7062212228775024
2015-10-30,core,60,expanding,1.2854455709457397,0.9624371528625488
2015-11-02,core,60,expanding,0.7768219709396362,0.7960926294326782
2015-11-04,core,60,expanding,0.7363115549087524,0.776599645614624
2015-11-05,core,60,expanding,0.5653921365737915,0.616593599319458
2015-11-06,core,60,expanding,0.4568927586078644,0.5851466655731201
2015-11-09,core,60,expanding,0.6348910331726074,0.6898472905158997
2015-11-10,core,60,expanding,0.6183456182479858,0.6234673261642456
2015-11-11,core,60,expanding,0.5824939608573914,0.5253040194511414
2015-11-12,core,60,expanding,0.48512184619903564,0.44057050347328186
2015-11-13,core,60,expanding,0.6875196099281311,0.6599406599998474
2015-11-16,core,60,expanding,0.560400664806366,0.6120140552520752
2015-11-17,core,60,expanding,0.46810710430145264,0.43086209893226624
2015-11-18,core,60,expanding,0.4827001988887787,0.5424469709396362
2015-11-19,core,60,expanding,0.7402960658073425,0.4984591007232666
2015-11-20,core,60,expanding,0.6247498393058777,0.5598546266555786
2015-11-24,core,60,expanding,0.3820023834705353,0.4179382622241974
2015-11-25,core,60,expanding,0.4598902463912964,0.43581339716911316
2015-11-26,core,60,expanding,0.3689866065979004,0.3768590986728668
2015-11-27,core,60,expanding,0.4605279862880707,0.5272266864776611
2015-11-30,core,60,expanding,0.6064503192901611,0.47902214527130127
2015-12-01,core,60,expanding,0.5101131796836853,0.5233628153800964
2015-12-02,core,60,expanding,0.34843239188194275,0.4168508052825928
2015-12-03,core,60,expanding,0.4162549674510956,0.40671244263648987
2015-12-04,core,60,expanding,0.5892066955566406,0.7032151818275452
2015-12-07,core,60,expanding,0.4453209638595581,0.46799811720848083
2015-12-08,core,60,expanding,0.6929853558540344,0.6839515566825867
2015-12-09,core,60,expanding,0.6842573285102844,0.6784177422523499
2015-12-10,core,60,expanding,0.6658722758293152,0.5105544924736023
2015-12-11,core,60,expanding,0.7242001295089722,0.7424778342247009
2015-12-14,core,60,expanding,0.9936869740486145,0.9084268808364868
2015-12-15,core,60,expanding,0.7940593957901001,1.031841516494751
2015-12-16,core,60,expanding,0.5989843606948853,0.6346850991249084
2015-12-17,core,60,expanding,0.7954904437065125,0.599634051322937
2015-12-18,core,60,expanding,3.4821786880493164,1.8817412853240967
2015-12-21,core,60,expanding,1.190094232559204,1.2505033016204834
2015-12-22,core,60,expanding,0.5909653902053833,0.8439146876335144
2015-12-24,core,60,expanding,0.6499900817871094,0.9835129380226135
2015-12-25,core,60,expanding,0.5625556111335754,0.7065959572792053
2015-12-28,core,60,expanding,0.5856383442878723,0.630316972732544
2015-12-29,core,60,expanding,0.5353645086288452,0.5932316780090332
2015-12-30,core,60,expanding,0.42151105403900146,0.5044394731521606
2016-01-04,core,60,expanding,1.0663046836853027,1.4646013975143433
2016-01-05,core,60,expanding,1.1846498250961304,0.8408806324005127
2016-01-06,core,60,expanding,1.3006739616394043,1.27214777469635
2016-01-07,core,60,expanding,1.2326709032058716,1.4347484111785889
2016-01-08,core,60,expanding,1.541973352432251,1.4059637784957886
2016-01-12,core,60,expanding,1.2476013898849487,1.4778916835784912
2016-01-13,core,60,expanding,0.9683815240859985,1.1975923776626587
2016-01-14,core,60,expanding,1.810240626335144,1.565151572227478
2016-01-15,core,60,expanding,1.30141019821167,1.6884020566940308
2016-01-18,core,60,expanding,1.6967284679412842,1.3433445692062378
2016-01-19,core,60,expanding,1.5084370374679565,1.196427583694458
2016-01-20,core,60,expanding,1.5436816215515137,2.1881847381591797
2016-01-21,core,60,expanding,2.32877779006958,2.378842353820801
2016-01-22,core,60,expanding,1.9137980937957764,2.170225143432617
2016-01-25,core,60,expanding,1.4351030588150024,1.396463394165039
2016-01-26,core,60,expanding,1.0102757215499878,1.0541715621948242
2016-01-27,core,60,expanding,1.4395557641983032,1.1892571449279785
2016-01-28,core,60,expanding,1.1068257093429565,1.1790730953216553
2016-01-29,core,60,expanding,3.8436038494110107,2.0834293365478516
2016-02-01,core,60,expanding,0.8997223973274231,1.4708389043807983
2016-02-02,core,60,expanding,0.8825296759605408,0.949459433555603
2016-02-03,core,60,expanding,1.4886773824691772,1.4965389966964722
2016-02-04,core,60,expanding,1.562095046043396,1.2295334339141846
2016-02-05,core,60,expanding,1.3179773092269897,1.3128159046173096
2016-02-08,core,60,expanding,1.3071801662445068,1.3828102350234985
2016-02-09,core,60,expanding,2.066378355026245,2.0835204124450684
2016-02-10,core,60,expanding,1.9661418199539185,2.4259157180786133
2016-02-12,core,60,expanding,3.298257827758789,2.2478408813476562
2016-02-15,core,60,expanding,2.2779600620269775,2.4235453605651855
2016-02-16,core,60,expanding,1.8272876739501953,1.7953664064407349
2016-02-17,core,60,expanding,2.1376309394836426,2.028843641281128
2016-02-18,core,60,expanding,1.545595645904541,1.4065301418304443
2016-02-19,core,60,expanding,1.1936681270599365,1.217777132987976
2016-02-22,core,60,expanding,1.5354989767074585,1.387040615081787
2016-02-23,core,60,expanding,1.1347639560699463,1.4364713430404663
2016-02-24,core,60,expanding,1.3322545289993286,1.1337699890136719
2016-02-25,core,60,expanding,1.1607089042663574,1.2080594301223755
2016-02-26,core,60,expanding,1.2012499570846558,1.0911232233047485
2016-02-29,core,60,expanding,1.2115248441696167,1.3837909698486328
2016-03-01,core,60,expanding,1.3815250396728516,1.0640138387680054
2016-03-02,core,60,expanding,1.1011861562728882,1.3792508840560913
2016-03-03,core,60,expanding,1.1003551483154297,1.0700442790985107
2016-03-04,core,60,expanding,0.9459711313247681,0.9195125102996826
2016-03-07,core,60,expanding,0.7459259629249573,0.7455441355705261
2016-03-08,core,60,expanding,0.9384163022041321,1.031935453414917
2016-03-09,core,60,expanding,1.0458076000213623,0.908872127532959
2016-03-10,core,60,expanding,0.6779834628105164,0.8201282620429993
2016-03-11,core,60,expanding,1.2453924417495728,1.1978683471679688
2016-03-14,core,60,expanding,0.5965444445610046,0.7361773252487183
2016-03-15,core,60,expanding,0.9777960777282715,0.8354902267456055
2016-03-16,core,60,expanding,0.8164533376693726,0.7361787557601929
2016-03-17,core,60,expanding,1.0355806350708008,1.2455847263336182
2016-03-18,core,60,expanding,1.0119638442993164,1.1090964078903198
2016-03-22,core,60,expanding,1.2734378576278687,0.9504356980323792
2016-03-23,core,60,expanding,0.843512237071991,0.9596444964408875
2016-03-24,core,60,expanding,0.8804982304573059,0.8437677621841431
2016-03-25,core,60,expanding,0.8100930452346802,0.7747076153755188
2016-03-28,core,60,expanding,0.9132172465324402,0.7872293591499329
2016-03-29,core,60,expanding,0.8510221242904663,0.8179432153701782
2016-03-30,core,60,expanding,0.7272773385047913,0.7934454679489136
2016-03-31,core,60,expanding,0.9560953378677368,0.9360023736953735
2016-04-01,core,60,expanding,1.3785910606384277,1.990816354751587
2016-04-04,core,60,expanding,1.2305289506912231,1.095069408416748
2016-04-05,core,60,expanding,1.2038791179656982,1.419173002243042
2016-04-06,core,60,expanding,1.1688817739486694,0.9446746110916138
2016-04-07,core,60,expanding,1.200049877166748,1.014907956123352
2016-04-08,core,60,expanding,1.4362235069274902,1.6869503259658813
2016-04-11,core,60,expanding,1.3981162309646606,1.1998769044876099
2016-04-12,core,60,expanding,1.1861941814422607,1.0848653316497803
2016-04-13,core,60,expanding,0.9662289619445801,1.0060482025146484
2016-04-14,core,60,expanding,0.9266125559806824,1.0410048961639404
2016-04-15,core,60,expanding,1.0565974712371826,0.9485753178596497
2016-04-18,core,60,expanding,1.436441421508789,1.0525808334350586
2016-04-19,core,60,expanding,1.4159002304077148,1.0861172676086426
2016-04-20,core,60,expanding,0.8986040949821472,0.9750102758407593
2016-04-21,core,60,expanding,0.6656411290168762,0.8894436359405518
2016-04-22,core,60,expanding,1.4210418462753296,1.106338381767273
2016-04-25,core,60,expanding,1.1113479137420654,0.9138975143432617
2016-04-26,core,60,expanding,0.8296947479248047,0.9377413392066956
2016-04-27,core,60,expanding,0.7356243133544922,0.7821838855743408
2016-04-28,core,60,expanding,4.037270545959473,2.789707660675049
2016-05-02,core,60,expanding,1.8852739334106445,1.6511201858520508
2016-05-06,core,60,expanding,0.9458868503570557,1.493171215057373
2016-05-09,core,60,expanding,0.6826871633529663,0.7050912380218506
2016-05-10,core,60,expanding,0.9034157991409302,1.2105928659439087
2016-05-11,core,60,expanding,1.0890073776245117,1.0651459693908691
2016-05-12,core,60,expanding,0.887805700302124,1.014716625213623
2016-05-13,core,60,expanding,1.1071228981018066,1.239614725112915
2016-05-16,core,60,expanding,1.2055784463882446,0.8738549947738647
2016-05-17,core,60,expanding,0.8919961452484131,0.8882075548171997
2016-05-18,core,60,expanding,1.2892364263534546,0.9789234399795532
2016-05-19,core,60,expanding,0.8933771848678589,1.0297207832336426
2016-05-20,core,60,expanding,0.75895094871521,1.0203869342803955
2016-05-23,core,60,expanding,0.9520477056503296,0.9331738352775574
2016-05-24,core,60,expanding,0.7333223223686218,0.7590038776397705
2016-05-25,core,60,expanding,0.45368456840515137,0.5433669090270996
2016-05-26,core,60,expanding,0.6399602293968201,0.7334356307983398
2016-05-27,core,60,expanding,0.4759734272956848,0.5464898347854614
2016-05-30,core,60,expanding,0.4913768768310547,0.5588778257369995
2016-05-31,core,60,expanding,0.518775463104248,0.6947728395462036
2016-06-01,core,60,expanding,0.6837883591651917,0.6721391677856445
2016-06-02,core,60,expanding,0.9795601963996887,0.9162825345993042
2016-06-03,core,60,expanding,0.8666326999664307,0.7018637657165527
2016-06-06,core,60,expanding,0.863338053226471,0.8274716138839722
2016-06-07,core,60,expanding,0.6715475916862488,0.6809076070785522
2016-06-08,core,60,expanding,0.8457896709442139,0.7471562623977661
2016-06-09,core,60,expanding,0.6698670983314514,0.8089936971664429
2016-06-10,core,60,expanding,0.685681164264679,0.7207506895065308
2016-06-13,core,60,expanding,0.7422822117805481,1.1520634889602661
2016-06-14,core,60,expanding,1.2516831159591675,1.1136176586151123
2016-06-15,core,60,expanding,1.0969523191452026,0.8994861841201782
2016-06-16,core,60,expanding,1.3885588645935059,1.8100405931472778
2016-06-17,core,60,expanding,1.1375908851623535,0.9810301065444946
2016-06-20,core,60,expanding,0.947904646396637,0.859795331954956
2016-06-21,core,60,expanding,0.9108080267906189,1.2249469757080078
2016-06-22,core,60,expanding,0.879840075969696,0.8142662048339844
2016-06-23,core,60,expanding,0.5856910347938538,0.9471895098686218
2016-06-24,core,60,expanding,4.8147125244140625,5.372663497924805
2016-06-27,core,60,expanding,1.5696028470993042,2.0095224380493164
2016-06-28,core,60,expanding,1.5905482769012451,1.9244078397750854
2016-06-29,core,60,expanding,1.033029317855835,1.1144771575927734
2016-06-30,core,60,expanding,0.7376991510391235,0.9719477891921997
2016-07-01,core,60,expanding,0.8345628976821899,0.824939489364624
2016-07-04,core,60,expanding,0.8172775506973267,0.7134356498718262
2016-07-05,core,60,expanding,0.5802201628684998,0.657995879650116
2016-07-06,core,60,expanding,0.9345049858093262,1.0970977544784546
2016-07-07,core,60,expanding,0.960181474685669,0.9138935208320618
2016-07-08,core,60,expanding,0.8835567831993103,1.1336826086044312
2016-07-11,core,60,expanding,1.0997540950775146,1.2357685565948486
2016-07-12,core,60,expanding,1.218227505683899,1.1835607290267944
2016-07-13,core,60,expanding,1.0355910062789917,1.0223002433776855
2016-07-15,core,60,expanding,1.0242836475372314,0.8442341685295105
2016-07-19,core,60,expanding,0.6892654895782471,0.782446026802063
2016-07-20,core,60,expanding,0.7020190954208374,0.6253591775894165
2016-07-21,core,60,expanding,0.6503658890724182,0.7344069480895996
2016-07-22,core,60,expanding,0.7570444941520691,0.6647498607635498
2016-07-25,core,60,expanding,0.7898123860359192,0.665073037147522
2016-07-26,core,60,expanding,0.8631693720817566,0.8220930695533752
2016-07-27,core,60,expanding,1.3050354719161987,0.9242172837257385
2016-07-28,core,60,expanding,0.7817545533180237,0.8473684787750244
2016-07-29,core,60,expanding,2.9795308113098145,1.3032184839248657
2016-08-01,core,60,expanding,0.9494179487228394,1.3959484100341797
2016-08-02,core,60,expanding,0.7269504070281982,0.9157527685165405
2016-08-03,core,60,expanding,1.055442214012146,1.0233591794967651
2016-08-04,core,60,expanding,1.1775779724121094,1.114736795425415
2016-08-05,core,60,expanding,0.73040771484375,0.8699323534965515
2016-08-08,core,60,expanding,0.6046476364135742,0.8147087097167969
2016-08-09,core,60,expanding,0.6205140352249146,0.5935798287391663
2016-08-10,core,60,expanding,0.6798567175865173,0.706856906414032
2016-08-12,core,60,expanding,0.4315864145755768,0.5714830160140991
2016-08-15,core,60,expanding,0.36528342962265015,0.42842230200767517
2016-08-16,core,60,expanding,1.1133906841278076,0.7770026922225952
2016-08-17,core,60,expanding,0.6402986645698547,0.7020655870437622
2016-08-18,core,60,expanding,0.9901672005653381,0.8221619129180908
2016-08-19,core,60,expanding,0.8074475526809692,0.7036637663841248
2016-08-22,core,60,expanding,0.514502227306366,0.5338038802146912
2016-08-23,core,60,expanding,0.6186231374740601,0.7654645442962646
2016-08-24,core,60,expanding,0.5441617965698242,0.5263221859931946
2016-08-25,core,60,expanding,0.5232685208320618,0.5441787838935852
2016-08-26,core,60,expanding,0.8203985691070557,0.6292584538459778
2016-08-29,core,60,expanding,0.5442261099815369,0.5861640572547913
2016-08-30,core,60,expanding,0.2758340537548065,0.4321175217628479
2016-08-31,core,60,expanding,0.36021187901496887,0.4293047785758972
2016-09-01,core,60,expanding,0.418367475271225,0.372758686542511
2016-09-02,core,60,expanding,0.5421878099441528,0.41969606280326843
2016-09-05,core,60,expanding,0.5312119722366333,0.47890353202819824
2016-09-06,core,60,expanding,0.3416975438594818,0.3726174533367157
2016-09-07,core,60,expanding,0.48437196016311646,0.45799222588539124
2016-09-08,core,60,expanding,0.5200518369674683,0.5059486627578735
2016-09-09,core,60,expanding,0.5697178244590759,0.4847877025604248
2016-09-12,core,60,expanding,0.6346680521965027,0.6746967434883118
2016-09-13,core,60,expanding,0.6017600297927856,0.4816868007183075
2016-09-14,core,60,expanding,0.5983334183692932,0.5099359750747681
2016-09-15,core,60,expanding,0.6458284854888916,0.6530560255050659
2016-09-16,core,60,expanding,0.4097844660282135,0.5433104634284973
2016-09-20,core,60,expanding,0.7152199745178223,0.592370331287384
2016-09-21,core,60,expanding,1.261147141456604,1.0497857332229614
2016-09-23,core,60,expanding,0.4285288453102112,0.5445666313171387
2016-09-26,core,60,expanding,0.5684448480606079,0.7485016584396362
2016-09-27,core,60,expanding,0.9250689744949341,1.0188485383987427
2016-09-28,core,60,expanding,0.5688468217849731,0.6500499248504639
2016-09-29,core,60,expanding,0.5725529193878174,0.7110321521759033
2016-09-30,core,60,expanding,0.568519115447998,0.5182251930236816
2016-10-03,core,60,expanding,0.5273213386535645,0.45844173431396484
2016-10-04,core,60,expanding,0.5152956247329712,0.5161526799201965
2016-10-05,core,60,expanding,0.4312155842781067,0.5032495856285095
2016-10-06,core,60,expanding,0.4694737493991852,0.38762664794921875
2016-10-07,core,60,expanding,0.3532298505306244,0.44082438945770264
2016-10-11,core,60,expanding,0.5121108293533325,0.46877312660217285
2016-10-12,core,60,expanding,0.4256954789161682,0.48706287145614624
2016-10-13,core,60,expanding,0.7312415242195129,0.7384406924247742
2016-10-14,core,60,expanding,0.6834184527397156,0.5617977380752563
2016-10-17,core,60,expanding,0.5803168416023254,0.49834203720092773
2016-10-18,core,60,expanding,0.39912575483322144,0.4715948700904846
2016-10-19,core,60,expanding,0.35592904686927795,0.367988646030426
2016-10-20,core,60,expanding,0.5749053359031677,0.6642709374427795
2016-10-21,core,60,expanding,0.5389099717140198,0.5153407454490662
2016-10-24,core,60,expanding,0.3968578577041626,0.3881073594093323
2016-10-25,core,60,expanding,0.38756951689720154,0.36974674463272095
2016-10-26,core,60,expanding,0.3842710554599762,0.3464609980583191
2016-10-27,core,60,expanding,0.4545227885246277,0.43458935618400574
2016-10-28,core,60,expanding,0.28029292821884155,0.37109753489494324
2016-10-31,core,60,expanding,0.4442616403102875,0.4061336815357208
2016-11-01,core,60,expanding,0.5160276889801025,0.3953268229961395
2016-11-02,core,60,expanding,0.6027249097824097,0.6172683835029602
2016-11-04,core,60,expanding,0.754879891872406,0.7049409747123718
2016-11-07,core,60,expanding,0.6690884232521057,0.5023908615112305
2016-11-08,core,60,expanding,0.4833706021308899,0.46495452523231506
2016-11-09,core,60,expanding,3.849862575531006,3.6225085258483887
2016-11-10,core,60,expanding,2.8114004135131836,2.4448912143707275
2016-11-11,core,60,expanding,0.9687204360961914,1.6911457777023315
2016-11-14,core,60,expanding,0.7010598182678223,1.0250910520553589
2016-11-15,core,60,expanding,0.6072629690170288,0.6716465353965759
2016-11-16,core,60,expanding,0.43696674704551697,0.6325528025627136
2016-11-17,core,60,expanding,0.6785653233528137,0.3698756694793701
2016-11-18,core,60,expanding,0.46601659059524536,0.40755364298820496
2016-11-21,core,60,expanding,0.42615148425102234,0.3641602694988251
2016-11-22,core,60,expanding,0.5271357893943787,0.40509021282196045
2016-11-24,core,60,expanding,0.3814528286457062,0.4845004677772522
2016-11-25,core,60,expanding,0.6947544813156128,0.6262187957763672
2016-11-28,core,60,expanding,0.5588774681091309,0.5523595213890076
2016-11-29,core,60,expanding,0.4100857675075531,0.36585474014282227
2016-11-30,core,60,expanding,0.44699668884277344,0.4605787694454193
2016-12-01,core,60,expanding,0.7469645738601685,0.6731995344161987
2016-12-02,core,60,expanding,0.5730465650558472,0.5585542321205139
2016-12-05,core,60,expanding,0.5556622743606567,0.4899706244468689
2016-12-06,core,60,expanding,0.5522757768630981,0.5832679271697998
2016-12-07,core,60,expanding,0.467422217130661,0.4508036673069
2016-12-08,core,60,expanding,0.4401746094226837,0.4847657084465027
2016-12-09,core,60,expanding,0.5747639536857605,0.6425174474716187
2016-12-12,core,60,expanding,0.7241592407226562,0.5972158312797546
2016-12-13,core,60,expanding,0.5973326563835144,0.5654502511024475
2016-12-14,core,60,expanding,0.5167465209960938,0.4285268187522888
2016-12-15,core,60,expanding,0.8124047517776489,0.6211440563201904
2016-12-16,core,60,expanding,0.45954629778862,0.4253581464290619
2016-12-19,core,60,expanding,0.3910137116909027,0.42685985565185547
2016-12-20,core,60,expanding,0.38114750385284424,0.5183863043785095
2016-12-21,core,60,expanding,0.5928018689155579,0.5335701107978821
2016-12-22,core,60,expanding,0.5301477313041687,0.4186058044433594
2016-12-26,core,60,expanding,0.24589456617832184,0.3295938968658447
2016-12-27,core,60,expanding,0.46171602606773376,0.4213634729385376
2016-12-28,core,60,expanding,0.35962390899658203,0.3241628408432007
2016-12-29,core,60,expanding,0.5747138857841492,0.6017425060272217
2016-12-30,core,60,expanding,0.5898568630218506,0.5883000493049622
2017-01-04,core,60,expanding,0.5337347984313965,0.7042711973190308
2017-01-05,core,60,expanding,0.5212059020996094,0.5025140047073364
2017-01-06,core,60,expanding,0.4106443226337433,0.48621875047683716
2017-01-10,core,60,expanding,0.7592033743858337,0.6336590647697449
2017-01-11,core,60,expanding,0.39782819151878357,0.38720759749412537
2017-01-12,core,60,expanding,0.7079029083251953,0.6687824130058289
2017-01-13,core,60,expanding,0.5816323757171631,0.5572927594184875
2017-01-16,core,60,expanding,0.5695990920066833,0.6024614572525024
2017-01-17,core,60,expanding,0.9037089347839355,0.7480668425559998
2017-01-18,core,60,expanding,0.7296382784843445,0.742184579372406
2017-01-19,core,60,expanding,0.5663987994194031,0.5623418092727661
2017-01-20,core,60,expanding,0.6571333408355713,0.5998281240463257
2017-01-23,core,60,expanding,0.6369922757148743,0.5933759808540344
2017-01-24,core,60,expanding,0.6502918004989624,0.6059331893920898
2017-01-25,core,60,expanding,0.567960798740387,0.5402535796165466
2017-01-26,core,60,expanding,0.4774133563041687,0.5805485248565674
2017-01-27,core,60,expanding,0.5001634955406189,0.4789697229862213
2017-01-30,core,60,expanding,0.42342957854270935,0.4672263264656067
2017-01-31,core,60,expanding,0.5440484881401062,0.5887386798858643
2017-02-01,core,60,expanding,0.599554717540741,0.6568940281867981
2017-02-02,core,60,expanding,0.6822830438613892,0.9009977579116821
2017-02-03,core,60,expanding,0.993347704410553,0.7427266836166382
2017-02-06,core,60,expanding,0.5606110692024231,0.6128895878791809
2017-02-07,core,60,expanding,0.44940534234046936,0.624504804611206
2017-02-08,core,60,expanding,0.5361540913581848,0.4705926775932312
2017-02-09,core,60,expanding,0.5198953747749329,0.5179328322410583
2017-02-10,core,60,expanding,0.45224952697753906,0.671750545501709
2017-02-13,core,60,expanding,0.48835280537605286,0.41999906301498413
2017-02-14,core,60,expanding,0.6370822191238403,0.7166375517845154
2017-02-15,core,60,expanding,0.340157151222229,0.4120228886604309
2017-02-16,core,60,expanding,0.5591628551483154,0.5358545780181885
2017-02-17,core,60,expanding,0.5008618235588074,0.4581020474433899
2017-02-20,core,60,expanding,0.4872017502784729,0.49254223704338074
2017-02-21,core,60,expanding,0.34451714158058167,0.46784934401512146
2017-02-22,core,60,expanding,0.39753925800323486,0.3616391718387604
2017-02-23,core,60,expanding,0.466205358505249,0.4110991358757019
2017-02-24,core,60,expanding,0.545671820640564,0.5246761441230774
2017-02-27,core,60,expanding,0.7651416659355164,0.5300782918930054
2017-02-28,core,60,expanding,0.5095508098602295,0.4767424762248993
2017-03-01,core,60,expanding,1.0389153957366943,0.6218072772026062
2017-03-02,core,60,expanding,0.48378822207450867,0.49759185314178467
2017-03-03,core,60,expanding,0.4679069221019745,0.6380720734596252
2017-03-06,core,60,expanding,0.389076828956604,0.4201678931713104
2017-03-07,core,60,expanding,0.2934364378452301,0.3643305003643036
2017-03-08,core,60,expanding,0.40689361095428467,0.4784676730632782
2017-03-09,core,60,expanding,0.4072078466415405,0.3541152775287628
2017-03-10,core,60,expanding,0.41239941120147705,0.5593652129173279
2017-03-13,core,60,expanding,0.3549025356769562,0.42118731141090393
2017-03-14,core,60,expanding,0.19915147125720978,0.3232671320438385
2017-03-15,core,60,expanding,0.28464585542678833,0.3615231215953827
2017-03-16,core,60,expanding,0.4710002541542053,0.4179399609565735
2017-03-17,core,60,expanding,0.3494258224964142,0.36458203196525574
2017-03-21,core,60,expanding,0.3881458342075348,0.4370463192462921
2017-03-22,core,60,expanding,0.5327169299125671,0.5118502974510193
2017-03-23,core,60,expanding,0.5453264713287354,0.45999467372894287
2017-03-24,core,60,expanding,0.5885257720947266,0.6508226990699768
2017-03-27,core,60,expanding,0.567314624786377,0.5692476034164429
2017-03-28,core,60,expanding,0.3235222101211548,0.3542548716068268
2017-03-29,core,60,expanding,0.4340902268886566,0.3763573467731476
2017-03-30,core,60,expanding,0.4922437369823456,0.5481473803520203
2017-03-31,core,60,expanding,0.6181417107582092,0.8287325501441956
2017-04-03,core,60,expanding,0.554695725440979,0.5149334073066711
2017-04-04,core,60,expanding,0.8538081645965576,0.7410624623298645
2017-04-05,core,60,expanding,0.6399348378181458,0.5450794696807861
2017-04-06,core,60,expanding,0.7462509870529175,0.8545109033584595
2017-04-07,core,60,expanding,1.2681001424789429,0.7904618382453918
2017-04-10,core,60,expanding,0.5491471290588379,0.5548375248908997
2017-04-11,core,60,expanding,0.49296948313713074,0.5425862669944763
2017-04-12,core,60,expanding,0.6030780076980591,0.5401265025138855
2017-04-13,core,60,expanding,0.5938684940338135,0.600347638130188
2017-04-14,core,60,expanding,0.8515931367874146,0.8026599287986755
2017-04-17,core,60,expanding,0.48604291677474976,0.5504546761512756
2017-04-18,core,60,expanding,0.5073956847190857,0.5753060579299927
2017-04-19,core,60,expanding,0.5813726782798767,0.5357921719551086
2017-04-20,core,60,expanding,0.43500199913978577,0.49367234110832214
2017-04-21,core,60,expanding,0.39241188764572144,0.5013577342033386
2017-04-24,core,60,expanding,0.42685386538505554,0.3678923547267914
2017-04-25,core,60,expanding,0.49349895119667053,0.6006259322166443
2017-04-26,core,60,expanding,0.4114079773426056,0.44940119981765747
2017-04-27,core,60,expanding,0.34631532430648804,0.4180524945259094
2017-04-28,core,60,expanding,0.3932180404663086,0.4348609149456024
2017-05-01,core,60,expanding,0.3774406313896179,0.4705253541469574
2017-05-02,core,60,expanding,0.37212073802948,0.38876333832740784
2017-05-08,core,60,expanding,0.44683367013931274,0.5577132105827332
2017-05-09,core,60,expanding,0.39351949095726013,0.34641769528388977
2017-05-10,core,60,expanding,0.42751917243003845,0.32339271903038025
2017-05-11,core,60,expanding,0.29772090911865234,0.3695944845676422
2017-05-12,core,60,expanding,0.35534149408340454,0.4451647400856018
2017-05-15,core,60,expanding,0.34672462940216064,0.4350351095199585
2017-05-16,core,60,expanding,0.3364280164241791,0.35156500339508057
2017-05-17,core,60,expanding,0.3780445158481598,0.35334649682044983
2017-05-18,core,60,expanding,0.5265839099884033,0.4638916254043579
2017-05-19,core,60,expanding,0.4414779543876648,0.4760551154613495
2017-05-22,core,60,expanding,0.36917227506637573,0.3902119994163513
2017-05-23,core,60,expanding,0.34763866662979126,0.40336862206459045
2017-05-24,core,60,expanding,0.32782188057899475,0.3055219054222107
2017-05-25,core,60,expanding,0.40404069423675537,0.37671685218811035
2017-05-26,core,60,expanding,0.3713332414627075,0.42737627029418945
2017-05-29,core,60,expanding,0.3818655014038086,0.4056037664413452
2017-05-30,core,60,expanding,0.4150547385215759,0.3838459253311157
2017-05-31,core,60,expanding,0.3541814386844635,0.34317681193351746
2017-06-01,core,60,expanding,0.47901082038879395,0.4538336396217346
2017-06-02,core,60,expanding,0.5777614712715149,0.6666521430015564
2017-06-05,core,60,expanding,0.3939054012298584,0.4262544810771942
2017-06-06,core,60,expanding,0.554668128490448,0.5691757202148438
2017-06-07,core,60,expanding,0.4237467348575592,0.3882318139076233
2017-06-08,core,60,expanding,0.4978974163532257,0.46884772181510925
2017-06-09,core,60,expanding,0.6266583800315857,0.5297214388847351
2017-06-12,core,60,expanding,0.5305700302124023,0.4743797183036804
2017-06-13,core,60,expanding,0.3174573481082916,0.3597976863384247
2017-06-14,core,60,expanding,0.4122343063354492,0.3957851827144623
2017-06-15,core,60,expanding,0.6944157481193542,0.5526053309440613
2017-06-16,core,60,expanding,0.5459339022636414,0.5111747980117798
2017-06-19,core,60,expanding,0.3742663562297821,0.4433022439479828
2017-06-20,core,60,expanding,0.3689539432525635,0.37301382422447205
2017-06-21,core,60,expanding,0.3816809058189392,0.40058135986328125
2017-06-22,core,60,expanding,0.41244298219680786,0.3816671669483185
2017-06-23,core,60,expanding,0.352920264005661,0.37127605080604553
2017-06-26,core,60,expanding,0.30464795231819153,0.35164424777030945
2017-06-27,core,60,expanding,0.29076769948005676,0.31206658482551575
2017-06-28,core,60,expanding,0.37377670407295227,0.3827500641345978
2017-06-29,core,60,expanding,0.3148251473903656,0.320759117603302
2017-06-30,core,60,expanding,0.3880715072154999,0.4052490293979645
2017-07-03,core,60,expanding,0.3163602352142334,0.3244516849517822
2017-07-04,core,60,expanding,0.4551140069961548,0.5310032963752747
2017-07-05,core,60,expanding,0.49905383586883545,0.47206661105155945
2017-07-06,core,60,expanding,0.4543601870536804,0.4164015054702759
2017-07-07,core,60,expanding,0.5333593487739563,0.4586934745311737
2017-07-10,core,60,expanding,0.34752047061920166,0.3819883167743683
2017-07-11,core,60,expanding,0.2637716829776764,0.3748617470264435
2017-07-12,core,60,expanding,0.3750652074813843,0.36218026280403137
2017-07-13,core,60,expanding,0.333103746175766,0.3589510917663574
2017-07-14,core,60,expanding,0.2998218238353729,0.32306820154190063
2017-07-18,core,60,expanding,0.45818954706192017,0.38943734765052795
2017-07-19,core,60,expanding,0.26045599579811096,0.3009950816631317
2017-07-20,core,60,expanding,0.3284386694431305,0.37416329979896545
2017-07-21,core,60,expanding,0.2574783265590668,0.3401753008365631
2017-07-24,core,60,expanding,0.3286445736885071,0.38825714588165283
2017-07-25,core,60,expanding,0.30891701579093933,0.3425650894641876
2017-07-26,core,60,expanding,0.3010370135307312,0.30068281292915344
2017-07-27,core,60,expanding,0.42826879024505615,0.4123559594154358
2017-07-28,core,60,expanding,0.3269859850406647,0.4465218484401703
2017-07-31,core,60,expanding,0.34381335973739624,0.39405298233032227
2017-08-01,core,60,expanding,0.3701228201389313,0.33077356219291687
2017-08-02,core,60,expanding,0.3556900918483734,0.28657492995262146
2017-08-03,core,60,expanding,0.3795364201068878,0.3102531135082245
2017-08-04,core,60,expanding,0.2055077999830246,0.31075775623321533
2017-08-07,core,60,expanding,0.19880962371826172,0.31285184621810913
2017-08-08,core,60,expanding,0.29422396421432495,0.37268659472465515
2017-08-09,core,60,expanding,0.7205450534820557,0.6096271276473999
2017-08-10,core,60,expanding,0.463077574968338,0.4297821521759033
2017-08-14,core,60,expanding,0.473076730966568,0.4459063410758972
2017-08-15,core,60,expanding,0.4876159727573395,0.46062880754470825
2017-08-16,core,60,expanding,0.30335959792137146,0.26958996057510376
2017-08-17,core,60,expanding,0.3221808671951294,0.3174780607223511
2017-08-18,core,60,expanding,0.39281168580055237,0.4484400749206543
2017-08-21,core,60,expanding,0.39614400267601013,0.464608371257782
2017-08-22,core,60,expanding,0.3709500730037689,0.33384984731674194
2017-08-23,core,60,expanding,0.3755699694156647,0.4147385358810425
2017-08-24,core,60,expanding,0.3368798494338989,0.31048494577407837
2017-08-25,core,60,expanding,0.3610420525074005,0.37875449657440186
2017-08-28,core,60,expanding,0.3978266417980194,0.41269052028656006
2017-08-29,core,60,expanding,0.3437117338180542,0.36843615770339966
2017-08-30,core,60,expanding,0.3561752140522003,0.36002177000045776
2017-08-31,core,60,expanding,0.33029797673225403,0.358154833316803
2017-09-01,core,60,expanding,0.332030713558197,0.40338313579559326
2017-09-04,core,60,expanding,0.4532468318939209,0.4034116268157959
2017-09-05,core,60,expanding,0.5307310223579407,0.5044237971305847
2017-09-06,core,60,expanding,0.480851411819458,0.3964408040046692
2017-09-07,core,60,expanding,0.4125109910964966,0.4072380065917969
2017-09-08,core,60,expanding,0.3551175892353058,0.44645166397094727
2017-09-11,core,60,expanding,0.41913726925849915,0.38878628611564636
2017-09-12,core,60,expanding,0.2889225482940674,0.3045695424079895
2017-09-13,core,60,expanding,0.2281825691461563,0.3008294701576233
2017-09-14,core,60,expanding,0.39802828431129456,0.398678719997406
2017-09-15,core,60,expanding,0.4315425455570221,0.4370047450065613
2017-09-19,core,60,expanding,0.41981470584869385,0.46932291984558105
2017-09-20,core,60,expanding,0.3753698170185089,0.291513592004776
2017-09-21,core,60,expanding,0.4398660659790039,0.44371551275253296
2017-09-22,core,60,expanding,0.4256897270679474,0.5131767392158508
2017-09-25,core,60,expanding,0.33988216519355774,0.3295139968395233
2017-09-26,core,60,expanding,0.3098033368587494,0.3540186882019043
2017-09-27,core,60,expanding,0.3621155619621277,0.32328999042510986
2017-09-28,core,60,expanding,0.4497576355934143,0.3425610065460205
2017-09-29,core,60,expanding,0.30817118287086487,0.36533689498901367
2017-10-02,core,60,expanding,0.2820300757884979,0.2752232551574707
2017-10-03,core,60,expanding,0.3789536952972412,0.4443764388561249
2017-10-04,core,60,expanding,0.35210856795310974,0.3143608272075653
2017-10-05,core,60,expanding,0.22345025837421417,0.3171972930431366
2017-10-06,core,60,expanding,0.20977941155433655,0.30290108919143677
2017-10-10,core,60,expanding,0.33375677466392517,0.3631708025932312
2017-10-11,core,60,expanding,0.24373097717761993,0.3265233039855957
2017-10-12,core,60,expanding,0.3042336702346802,0.307894229888916
2017-10-13,core,60,expanding,0.5592812299728394,0.6212643384933472
2017-10-16,core,60,expanding,0.40989425778388977,0.42505529522895813
2017-10-17,core,60,expanding,0.48555681109428406,0.4231431186199188
2017-10-18,core,60,expanding,0.3365372121334076,0.31915542483329773
2017-10-19,core,60,expanding,0.4043932557106018,0.34355637431144714
2017-10-20,core,60,expanding,0.3449465036392212,0.41612952947616577
2017-10-23,core,60,expanding,0.4389392137527466,0.37725457549095154
2017-10-24,core,60,expanding,0.41826221346855164,0.41628915071487427
2017-10-25,core,60,expanding,0.6329922080039978,0.5611891746520996
2017-10-26,core,60,expanding,0.4832971692085266,0.35898491740226746
2017-10-27,core,60,expanding,0.48714587092399597,0.5466811656951904
2017-10-30,core,60,expanding,0.47036778926849365,0.4933994710445404
2017-10-31,core,60,expanding,0.3885367512702942,0.4649122655391693
2017-11-01,core,60,expanding,0.5531220436096191,0.6571306586265564
2017-11-02,core,60,expanding,0.5724515914916992,0.3973686993122101
2017-11-06,core,60,expanding,0.4866372048854828,0.5439407229423523
2017-11-07,core,60,expanding,0.6887922286987305,0.8646523356437683
2017-11-08,core,60,expanding,0.4630116820335388,0.4696941673755646
2017-11-09,core,60,expanding,1.6643542051315308,1.7785996198654175
2017-11-10,core,60,expanding,0.8559525609016418,0.901231586933136
2017-11-13,core,60,expanding,0.6097328066825867,0.7407997250556946
2017-11-14,core,60,expanding,0.8294748067855835,0.6866950988769531
2017-11-15,core,60,expanding,1.0065264701843262,0.8809950351715088
2017-11-16,core,60,expanding,0.7849319577217102,0.9666476249694824
2017-11-17,core,60,expanding,1.3172125816345215,0.99593585729599
2017-11-20,core,60,expanding,0.7679080963134766,0.7778955698013306
2017-11-21,core,60,expanding,0.5739060640335083,0.6439961791038513
2017-11-22,core,60,expanding,0.4886974096298218,0.5692424774169922
2017-11-24,core,60,expanding,0.47737249732017517,0.6338837146759033
2017-11-27,core,60,expanding,0.5906118750572205,0.6447814106941223
2017-11-28,core,60,expanding,0.6550170183181763,0.5762254595756531
2017-11-29,core,60,expanding,0.4876325726509094,0.4690011143684387
2017-11-30,core,60,expanding,0.6091470718383789,0.6009960174560547
2017-12-01,core,60,expanding,0.7975608110427856,0.752759575843811
2017-12-04,core,60,expanding,0.48781418800354004,0.5281764268875122
2017-12-05,core,60,expanding,0.47832804918289185,0.5339060425758362
2017-12-06,core,60,expanding,0.9541304111480713,0.9409521818161011
2017-12-07,core,60,expanding,0.6339752078056335,0.6423987150192261
2017-12-08,core,60,expanding,0.4935559034347534,0.6066887974739075
2017-12-11,core,60,expanding,0.40482521057128906,0.489494264125824
2017-12-12,core,60,expanding,0.3842228651046753,0.45537424087524414
2017-12-13,core,60,expanding,0.5078349709510803,0.5177845358848572
2017-12-14,core,60,expanding,0.4510388970375061,0.47112753987312317
2017-12-15,core,60,expanding,0.683292806148529,0.6558544635772705
2017-12-18,core,60,expanding,0.4467015266418457,0.5042533278465271
2017-12-19,core,60,expanding,0.4219369888305664,0.4085778295993805
2017-12-20,core,60,expanding,0.39326557517051697,0.4341641068458557
2017-12-21,core,60,expanding,0.4246341586112976,0.4413687586784363
2017-12-22,core,60,expanding,0.3615369498729706,0.39341840147972107
2017-12-25,core,60,expanding,0.23327940702438354,0.3476046919822693
2017-12-26,core,60,expanding,0.2286783903837204,0.33880943059921265
2017-12-27,core,60,expanding,0.24827373027801514,0.31456777453422546
2017-12-28,core,60,expanding,0.37999075651168823,0.47467634081840515
2017-12-29,core,60,expanding,0.33475250005722046,0.4123469591140747
2018-01-04,core,60,expanding,0.7297337055206299,0.7709641456604004
2018-01-05,core,60,expanding,0.5333000421524048,0.5241376161575317
2018-01-09,core,60,expanding,0.4390498399734497,0.3873497247695923
2018-01-10,core,60,expanding,0.3658061623573303,0.3950420320034027
2018-01-11,core,60,expanding,0.5198746919631958,0.3821772336959839
2018-01-12,core,60,expanding,0.423579603433609,0.48051512241363525
2018-01-15,core,60,expanding,0.3797820508480072,0.41598331928253174
2018-01-16,core,60,expanding,0.4337761104106903,0.5179820656776428
2018-01-17,core,60,expanding,0.4693595767021179,0.4187449812889099
2018-01-18,core,60,expanding,0.884577214717865,0.7555623054504395
2018-01-19,core,60,expanding,0.24005931615829468,0.4603400230407715
2018-01-22,core,60,expanding,0.4376074969768524,0.39764726161956787
2018-01-23,core,60,expanding,0.49888932704925537,0.4864608645439148
2018-01-24,core,60,expanding,0.3888152241706848,0.41643622517585754
2018-01-25,core,60,expanding,0.5492798089981079,0.5292443633079529
2018-01-26,core,60,expanding,0.4855218827724457,0.5313766002655029
2018-01-29,core,60,expanding,0.5008461475372314,0.5207042098045349
2018-01-30,core,60,expanding,0.6938268542289734,0.7875342965126038
2018-01-31,core,60,expanding,0.6818748116493225,0.692913830280304
2018-02-01,core,60,expanding,0.5882114768028259,0.658876359462738
2018-02-02,core,60,expanding,0.700230598449707,0.6908908486366272
2018-02-05,core,60,expanding,0.9624348878860474,0.8521919846534729
2018-02-06,core,60,expanding,2.662376880645752,3.1272125244140625
2018-02-07,core,60,expanding,1.7914530038833618,1.8743728399276733
2018-02-08,core,60,expanding,1.1625701189041138,1.0909185409545898
2018-02-09,core,60,expanding,1.7603399753570557,1.2635093927383423
2018-02-13,core,60,expanding,1.0245187282562256,1.3291575908660889
2018-02-14,core,60,expanding,1.3764359951019287,1.2560142278671265
2018-02-15,core,60,expanding,1.0609124898910522,0.8717775344848633
2018-02-16,core,60,expanding,1.0465106964111328,1.0487724542617798
2018-02-19,core,60,expanding,0.6847185492515564,0.862255334854126
2018-02-20,core,60,expanding,0.7512773275375366,0.8680683374404907
2018-02-21,core,60,expanding,0.8599793314933777,0.8306779861450195
2018-02-22,core,60,expanding,0.8276328444480896,0.7299546003341675
2018-02-23,core,60,expanding,0.5382821559906006,0.6708868741989136
2018-02-26,core,60,expanding,0.6468197703361511,0.6027032136917114
2018-02-27,core,60,expanding,0.5903192162513733,0.5704168677330017
2018-02-28,core,60,expanding,0.7639489769935608,0.6974823474884033
2018-03-01,core,60,expanding,0.7273944020271301,0.7266879081726074
2018-03-02,core,60,expanding,1.1421468257904053,0.888491690158844
2018-03-05,core,60,expanding,0.9346277117729187,0.878387451171875
2018-03-06,core,60,expanding,0.6217877864837646,0.6183958649635315
2018-03-07,core,60,expanding,0.9915945529937744,0.7749341726303101
2018-03-08,core,60,expanding,0.6258847117424011,0.6682860255241394
2018-03-09,core,60,expanding,1.2000478506088257,1.2181934118270874
2018-03-12,core,60,expanding,0.9550619721412659,0.8498740792274475
2018-03-13,core,60,expanding,0.6140462160110474,0.7892083525657654
2018-03-14,core,60,expanding,0.664049506187439,0.715165913105011
2018-03-15,core,60,expanding,0.7490875720977783,0.7607463598251343
2018-03-16,core,60,expanding,0.6029006242752075,0.8120667338371277
2018-03-19,core,60,expanding,0.8381118178367615,0.7773762345314026
2018-03-20,core,60,expanding,0.5868405103683472,0.6579822301864624
2018-03-22,core,60,expanding,0.7125630974769592,0.6747484803199768
2018-03-23,core,60,expanding,1.4400233030319214,1.514052152633667
2018-03-26,core,60,expanding,1.1828986406326294,0.9865115284919739
2018-03-27,core,60,expanding,0.8745975494384766,1.021721363067627
2018-03-28,core,60,expanding,1.234853982925415,0.8009554743766785
2018-03-29,core,60,expanding,0.796487033367157,0.8523135185241699
2018-03-30,core,60,expanding,0.7519609928131104,0.7262380123138428
2018-04-02,core,60,expanding,0.6645634174346924,0.7514054179191589
2018-04-03,core,60,expanding,0.7727484703063965,0.783388614654541
2018-04-04,core,60,expanding,0.7434329390525818,0.5845205187797546
2018-04-05,core,60,expanding,0.6863859295845032,0.6950034499168396
2018-04-06,core,60,expanding,0.8401995897293091,0.7307794690132141
2018-04-09,core,60,expanding,0.6438480019569397,0.6612049341201782
2018-04-10,core,60,expanding,0.884801983833313,0.915256679058075
2018-04-11,core,60,expanding,0.4243650436401367,0.6684640645980835
2018-04-12,core,60,expanding,0.5920926928520203,0.5128086805343628
2018-04-13,core,60,expanding,0.5822346806526184,0.5787156820297241
2018-04-16,core,60,expanding,0.5365098714828491,0.34920430183410645
2018-04-17,core,60,expanding,0.47068092226982117,0.4051509499549866
2018-04-18,core,60,expanding,0.5260350704193115,0.5676398873329163
2018-04-19,core,60,expanding,0.46975892782211304,0.48934683203697205
2018-04-20,core,60,expanding,0.5371811985969543,0.5528587102890015
2018-04-23,core,60,expanding,0.5037749409675598,0.4671544134616852
2018-04-24,core,60,expanding,0.4421188235282898,0.4246295690536499
2018-04-25,core,60,expanding,0.4739097058773041,0.4409044086933136
2018-04-26,core,60,expanding,0.4815533757209778,0.3769509494304657
2018-04-27,core,60,expanding,0.5080338716506958,0.4355754852294922
2018-05-01,core,60,expanding,0.296428382396698,0.3209676742553711
2018-05-02,core,60,expanding,0.3486405611038208,0.3863152265548706
2018-05-07,core,60,expanding,0.4484216868877411,0.4507608413696289
2018-05-08,core,60,expanding,0.31898146867752075,0.36357581615448
2018-05-09,core,60,expanding,0.4115622043609619,0.3578968048095703
2018-05-10,core,60,expanding,0.33365634083747864,0.3710387945175171
2018-05-11,core,60,expanding,0.44257473945617676,0.5396167635917664
2018-05-14,core,60,expanding,0.384793221950531,0.4742977023124695
2018-05-15,core,60,expanding,0.30515021085739136,0.3680175542831421
2018-05-16,core,60,expanding,0.346852570772171,0.36888599395751953
2018-05-17,core,60,expanding,0.27528849244117737,0.30452167987823486
2018-05-18,core,60,expanding,0.3454437255859375,0.322479248046875
2018-05-21,core,60,expanding,0.32600724697113037,0.3705746531486511
2018-05-22,core,60,expanding,0.2709905505180359,0.31691306829452515
2018-05-23,core,60,expanding,0.7105817794799805,0.5566610097885132
2018-05-24,core,60,expanding,0.6187455058097839,0.7041221857070923
2018-05-25,core,60,expanding,0.704705536365509,0.565531313419342
2018-05-28,core,60,expanding,0.4166138768196106,0.45762598514556885
2018-05-29,core,60,expanding,0.5838590264320374,0.5472213625907898
2018-05-30,core,60,expanding,0.6950572729110718,0.4962306022644043
2018-05-31,core,60,expanding,0.5134791731834412,0.4902932643890381
2018-06-01,core,60,expanding,0.6390247941017151,0.6072449088096619
2018-06-04,core,60,expanding,0.3911464214324951,0.4735020399093628
2018-06-05,core,60,expanding,0.5080658197402954,0.44601815938949585
2018-06-06,core,60,expanding,0.38480204343795776,0.43979501724243164
2018-06-07,core,60,expanding,0.36689993739128113,0.38245099782943726
2018-06-08,core,60,expanding,0.49647194147109985,0.5405845642089844
2018-06-11,core,60,expanding,0.4407244622707367,0.46790990233421326
2018-06-12,core,60,expanding,0.7177621722221375,0.4848634898662567
2018-06-13,core,60,expanding,0.3510344326496124,0.39438900351524353
2018-06-14,core,60,expanding,0.43332335352897644,0.46917107701301575
2018-06-15,core,60,expanding,0.39284953474998474,0.4224361479282379
2018-06-18,core,60,expanding,0.4782050549983978,0.5251986384391785
2018-06-19,core,60,expanding,0.5831729769706726,0.7858283519744873
2018-06-20,core,60,expanding,0.6759942770004272,0.9282376766204834
2018-06-21,core,60,expanding,0.6864572763442993,0.6870201826095581
2018-06-22,core,60,expanding,0.6141883730888367,0.5422214269638062
2018-06-25,core,60,expanding,0.5162874460220337,0.6525281667709351
2018-06-26,core,60,expanding,0.7514771223068237,0.6254466772079468
2018-06-27,core,60,expanding,0.5138838291168213,0.5273480415344238
2018-06-28,core,60,expanding,0.7328671216964722,0.6249109506607056
2018-06-29,core,60,expanding,0.611173689365387,0.587775468826294
2018-07-02,core,60,expanding,0.7177535891532898,1.2284334897994995
2018-07-03,core,60,expanding,0.9753636717796326,0.9689452648162842
2018-07-04,core,60,expanding,0.6834385991096497,0.6469757556915283
2018-07-05,core,60,expanding,0.7831941246986389,0.7986043691635132
2018-07-06,core,60,expanding,0.8980386853218079,0.7233244180679321
2018-07-09,core,60,expanding,0.5908731818199158,0.7007328271865845
2018-07-10,core,60,expanding,0.6311760544776917,0.48745688796043396
2018-07-11,core,60,expanding,0.8431442975997925,0.7386785745620728
2018-07-12,core,60,expanding,0.5870678424835205,0.6301579475402832
2018-07-13,core,60,expanding,0.6552625894546509,0.8726241588592529
2018-07-17,core,60,expanding,0.5821733474731445,0.6516063809394836
2018-07-18,core,60,expanding,0.42970356345176697,0.5131828188896179
2018-07-19,core,60,expanding,0.47666436433792114,0.5120347142219543
2018-07-20,core,60,expanding,0.8711857199668884,0.7458924055099487
2018-07-23,core,60,expanding,0.5568627119064331,0.5509624481201172
2018-07-24,core,60,expanding,0.5090151429176331,0.45701396465301514
2018-07-25,core,60,expanding,0.4510376453399658,0.42094483971595764
2018-07-26,core,60,expanding,0.5616334676742554,0.5045213103294373
2018-07-27,core,60,expanding,0.3889598250389099,0.45970025658607483
2018-07-30,core,60,expanding,0.4640935957431793,0.3969372808933258
2018-07-31,core,60,expanding,0.851050078868866,0.6848194599151611
2018-08-01,core,60,expanding,0.34879496693611145,0.5125254392623901
2018-08-02,core,60,expanding,0.5820848345756531,0.6542515754699707
2018-08-03,core,60,expanding,0.47341737151145935,0.4763137102127075
2018-08-06,core,60,expanding,0.47783514857292175,0.4541161358356476
2018-08-07,core,60,expanding,0.38243111968040466,0.48657673597335815
2018-08-08,core,60,expanding,0.5511147379875183,0.4579848349094391
2018-08-09,core,60,expanding,0.4188486337661743,0.46964573860168457
2018-08-10,core,60,expanding,0.7488698959350586,0.7828160524368286
2018-08-13,core,60,expanding,0.6856234669685364,0.8123924732208252
2018-08-14,core,60,expanding,0.6557826995849609,0.6781661510467529
2018-08-15,core,60,expanding,0.6306971311569214,0.7016221284866333
2018-08-16,core,60,expanding,1.0435656309127808,0.837868869304657
2018-08-17,core,60,expanding,0.46941277384757996,0.5169538855552673
2018-08-20,core,60,expanding,0.5433439016342163,0.4904298782348633
2018-08-21,core,60,expanding,0.45044198632240295,0.6314108371734619
2018-08-22,core,60,expanding,0.49673768877983093,0.5233064293861389
2018-08-23,core,60,expanding,0.39519086480140686,0.4024251699447632
2018-08-24,core,60,expanding,0.3039572834968567,0.47126495838165283
2018-08-27,core,60,expanding,0.34655192494392395,0.4524497389793396
2018-08-28,core,60,expanding,0.43439406156539917,0.473783016204834
2018-08-29,core,60,expanding,0.5130409002304077,0.4120243191719055
2018-08-30,core,60,expanding,0.48486024141311646,0.47355180978775024
2018-08-31,core,60,expanding,0.48860079050064087,0.5257005095481873
2018-09-03,core,60,expanding,0.4690362811088562,0.42168694734573364
2018-09-04,core,60,expanding,0.5739396214485168,0.4093046188354492
2018-09-05,core,60,expanding,0.5631270408630371,0.4064887762069702
2018-09-06,core,60,expanding,0.5140722393989563,0.4054090082645416
2018-09-07,core,60,expanding,0.5780898928642273,0.5756846070289612
2018-09-10,core,60,expanding,0.5472757816314697,0.4512932598590851
2018-09-11,core,60,expanding,0.4658086895942688,0.4884474575519562
2018-09-12,core,60,expanding,0.5257013440132141,0.502602219581604
2018-09-13,core,60,expanding,0.6436496376991272,0.5147864818572998
2018-09-14,core,60,expanding,0.4679134786128998,0.4762367904186249
2018-09-18,core,60,expanding,0.6939281821250916,0.7822041511535645
2018-09-19,core,60,expanding,0.5370125770568848,0.4983513653278351
2018-09-20,core,60,expanding,0.5405445098876953,0.5401703715324402
2018-09-21,core,60,expanding,0.6104193925857544,0.5649279952049255
2018-09-25,core,60,expanding,0.34870249032974243,0.4000476002693176
2018-09-26,core,60,expanding,0.40396079421043396,0.4500768184661865
2018-09-27,core,60,expanding,0.707329511642456,0.6383808255195618
2018-09-28,core,60,expanding,0.7486137747764587,0.6424151659011841
2018-10-01,core,60,expanding,0.5283595323562622,0.5069748759269714
2018-10-02,core,60,expanding,0.7021089792251587,0.5242176651954651
2018-10-03,core,60,expanding,0.696593165397644,0.5843394994735718
2018-10-04,core,60,expanding,0.8494706749916077,0.7157863974571228
2018-10-05,core,60,expanding,0.7709391713142395,0.6494737863540649
2018-10-09,core,60,expanding,0.676230251789093,0.5695582032203674
2018-10-10,core,60,expanding,0.708649754524231,0.607353925704956
2018-10-11,core,60,expanding,1.5159512758255005,1.2720890045166016
2018-10-12,core,60,expanding,1.3891196250915527,1.004556655883789
2018-10-15,core,60,expanding,0.8825310468673706,0.9882245659828186
2018-10-16,core,60,expanding,0.8684406280517578,0.6826953887939453
2018-10-17,core,60,expanding,0.6555885672569275,0.5880650877952576
2018-10-18,core,60,expanding,0.6317754983901978,0.7517682909965515
2018-10-19,core,60,expanding,0.7905831336975098,0.8489612936973572
2018-10-22,core,60,expanding,0.8299604654312134,0.8718467950820923
2018-10-23,core,60,expanding,0.7279755473136902,1.0005069971084595
2018-10-24,core,60,expanding,1.260615348815918,0.7713990807533264
2018-10-25,core,60,expanding,1.5454463958740234,1.3615779876708984
2018-10-26,core,60,expanding,1.4846060276031494,1.2817473411560059
2018-10-29,core,60,expanding,1.070223093032837,1.0018069744110107
2018-10-30,core,60,expanding,1.162065863609314,1.2418277263641357
2018-10-31,core,60,expanding,0.8137264847755432,1.0579220056533813
2018-11-01,core,60,expanding,0.976573646068573,0.9279398918151855
2018-11-02,core,60,expanding,1.4086028337478638,1.1318261623382568
2018-11-05,core,60,expanding,0.900715708732605,0.8617993593215942
2018-11-06,core,60,expanding,0.5100858807563782,0.661348819732666
2018-11-07,core,60,expanding,1.5261914730072021,0.9612441062927246
2018-11-08,core,60,expanding,0.5124989748001099,0.719709038734436
2018-11-09,core,60,expanding,0.7320142984390259,0.8620222806930542
2018-11-12,core,60,expanding,0.6942641139030457,0.7248164415359497
2018-11-13,core,60,expanding,1.3598114252090454,1.017596960067749
2018-11-14,core,60,expanding,1.0212225914001465,0.8222315311431885
2018-11-15,core,60,expanding,0.8335931897163391,0.8182382583618164
2018-11-16,core,60,expanding,0.7385746836662292,0.846165657043457
2018-11-19,core,60,expanding,0.7289868593215942,0.6423373222351074
2018-11-20,core,60,expanding,0.6944358944892883,0.6682910919189453
2018-11-21,core,60,expanding,0.8096777200698853,0.8268334865570068
2018-11-22,core,60,expanding,0.6514954566955566,0.6656448841094971
2018-11-26,core,60,expanding,0.7245526313781738,0.6743453741073608
2018-11-27,core,60,expanding,0.63996422290802,0.6253585815429688
2018-11-28,core,60,expanding,0.6009658575057983,0.5716636180877686
2018-11-29,core,60,expanding,0.5698912739753723,0.5936263203620911
2018-11-30,core,60,expanding,0.5698850750923157,0.4963359534740448
2018-12-03,core,60,expanding,0.6513041853904724,0.49026620388031006
2018-12-04,core,60,expanding,0.7084842324256897,1.1072932481765747
2018-12-05,core,60,expanding,0.9957078695297241,0.836685299873352
2018-12-06,core,60,expanding,0.9272975325584412,1.270965814590454
2018-12-07,core,60,expanding,0.8435952663421631,0.7694877982139587
2018-12-10,core,60,expanding,0.7148521542549133,0.8264800310134888
2018-12-11,core,60,expanding,0.8894251585006714,0.737450361251831
2018-12-12,core,60,expanding,0.5442239046096802,0.8210742473602295
2018-12-13,core,60,expanding,0.5490800142288208,0.6428850889205933
2018-12-14,core,60,expanding,0.9772077798843384,1.0120885372161865
2018-12-17,core,60,expanding,0.6323742270469666,0.7022244334220886
2018-12-18,core,60,expanding,0.9841390252113342,0.771388828754425
2018-12-19,core,60,expanding,1.1640143394470215,0.8949031829833984
2018-12-20,core,60,expanding,1.2334835529327393,1.5626999139785767
2018-12-21,core,60,expanding,1.3100659847259521,1.1419625282287598
2018-12-25,core,60,expanding,1.9485437870025635,1.9600006341934204
2018-12-26,core,60,expanding,1.972109079360962,1.4858253002166748
2018-12-27,core,60,expanding,1.70262610912323,1.5500483512878418
2018-12-28,core,60,expanding,0.9934341311454773,0.9154517650604248
2019-01-04,core,60,expanding,1.6345930099487305,1.3570164442062378
2019-01-07,core,60,expanding,1.2393373250961304,1.1424180269241333
2019-01-08,core,60,expanding,0.8599104285240173,0.7989214062690735
2019-01-09,core,60,expanding,0.6318901181221008,0.6859729886054993
2019-01-10,core,60,expanding,0.6833487749099731,0.8623005747795105
2019-01-11,core,60,expanding,0.42499759793281555,0.6065987348556519
2019-01-15,core,60,expanding,0.7359569668769836,0.8513846397399902
2019-01-16,core,60,expanding,0.7674551606178284,0.7987194657325745
2019-01-17,core,60,expanding,0.7811279892921448,0.782734215259552
2019-01-18,core,60,expanding,0.5580378770828247,0.7231652140617371
2019-01-21,core,60,expanding,0.7097645401954651,0.605139970779419
2019-01-22,core,60,expanding,0.5835167765617371,0.7512722611427307
2019-01-23,core,60,expanding,0.6793826818466187,0.6861764788627625
2019-01-24,core,60,expanding,0.5854960680007935,0.6056424379348755
2019-01-25,core,60,expanding,0.7280972599983215,0.7022847533226013
2019-01-28,core,60,expanding,0.3925785720348358,0.5325075387954712
2019-01-29,core,60,expanding,0.6543139815330505,0.6198978424072266
2019-01-30,core,60,expanding,0.5871064066886902,0.5966715216636658
2019-01-31,core,60,expanding,0.5863898992538452,0.5725321769714355
2019-02-01,core,60,expanding,0.7707037329673767,0.6115930080413818
2019-02-04,core,60,expanding,0.5385922789573669,0.44162917137145996
2019-02-05,core,60,expanding,0.4102916419506073,0.5399600863456726
2019-02-06,core,60,expanding,0.434150755405426,0.44873613119125366
2019-02-07,core,60,expanding,0.5166102051734924,0.5061750411987305
2019-02-08,core,60,expanding,0.6340722441673279,0.7367347478866577
2019-02-12,core,60,expanding,0.8046970367431641,0.9283580183982849
2019-02-13,core,60,expanding,0.6465682983398438,0.6522337198257446
2019-02-14,core,60,expanding,0.69244784116745,0.5294632315635681
2019-02-15,core,60,expanding,0.7940501570701599,0.678027868270874
2019-02-18,core,60,expanding,0.4876648485660553,0.48792940378189087
2019-02-19,core,60,expanding,0.538140058517456,0.40911805629730225
2019-02-20,core,60,expanding,0.5580011606216431,0.5202293992042542
2019-02-21,core,60,expanding,0.6649488210678101,0.563536524772644
2019-02-22,core,60,expanding,0.4576053321361542,0.47006291151046753
2019-02-25,core,60,expanding,0.44281283020973206,0.36946824193000793
2019-02-26,core,60,expanding,0.486851304769516,0.5512757301330566
2019-02-27,core,60,expanding,0.27050745487213135,0.38058191537857056
2019-02-28,core,60,expanding,0.5210132002830505,0.45415955781936646
2019-03-01,core,60,expanding,0.5411487221717834,0.47237783670425415
2019-03-04,core,60,expanding,0.3874281048774719,0.36256885528564453
2019-03-05,core,60,expanding,0.5113565921783447,0.4113869071006775
2019-03-06,core,60,expanding,0.37587571144104004,0.45820894837379456
2019-03-07,core,60,expanding,0.36797136068344116,0.363356351852417
2019-03-08,core,60,expanding,0.6877214312553406,0.9559749960899353
2019-03-11,core,60,expanding,0.6669574975967407,0.5602437257766724
2019-03-12,core,60,expanding,0.679651141166687,0.5207087993621826
2019-03-13,core,60,expanding,0.6431708931922913,0.7077982425689697
2019-03-14,core,60,expanding,0.751441478729248,0.6218634843826294
2019-03-15,core,60,expanding,0.4442135989665985,0.5281409025192261
2019-03-18,core,60,expanding,0.41718482971191406,0.40600523352622986
2019-03-19,core,60,expanding,0.5103182196617126,0.47934260964393616
2019-03-20,core,60,expanding,0.3640376031398773,0.36385852098464966
2019-03-22,core,60,expanding,0.6916892528533936,0.5338793992996216
2019-03-25,core,60,expanding,0.8077742457389832,0.925240159034729
2019-03-26,core,60,expanding,0.541081428527832,0.7156628966331482
2019-03-27,core,60,expanding,0.5850415229797363,0.528506338596344
2019-03-28,core,60,expanding,0.8952520489692688,0.7306327819824219
2019-03-29,core,60,expanding,0.47916921973228455,0.5284304022789001
2019-04-01,core,60,expanding,0.5754616260528564,0.5190609097480774
2019-04-02,core,60,expanding,0.6012363433837891,0.5634593367576599
2019-04-03,core,60,expanding,0.7226939797401428,0.5560827851295471
2019-04-04,core,60,expanding,0.4592495560646057,0.5001574754714966
2019-04-05,core,60,expanding,0.611047089099884,0.4289485514163971
2019-04-08,core,60,expanding,0.4853573739528656,0.5491543412208557
2019-04-09,core,60,expanding,0.46029332280158997,0.3962452709674835
2019-04-10,core,60,expanding,0.4407419264316559,0.38494861125946045
2019-04-11,core,60,expanding,0.38972964882850647,0.3597225546836853
2019-04-12,core,60,expanding,0.41197526454925537,0.4823317527770996
2019-04-15,core,60,expanding,0.4188668429851532,0.35094109177589417
2019-04-16,core,60,expanding,0.4566457271575928,0.4083617925643921
2019-04-17,core,60,expanding,0.6198655962944031,0.4341282844543457
2019-04-18,core,60,expanding,0.5968857407569885,0.5873295068740845
2019-04-19,core,60,expanding,0.30316632986068726,0.3848875164985657
2019-04-22,core,60,expanding,0.6234048008918762,0.4758007228374481
2019-04-23,core,60,expanding,0.3807189166545868,0.4292008578777313
2019-04-24,core,60,expanding,0.5621357560157776,0.5159604549407959
2019-04-25,core,60,expanding,0.43120065331459045,0.4798654317855835
2019-04-26,core,60,expanding,0.4447973072528839,0.5280154347419739
2019-05-07,core,60,expanding,0.6053192019462585,0.6578845381736755
2019-05-08,core,60,expanding,0.5159274935722351,0.5071113109588623
2019-05-09,core,60,expanding,0.6857372522354126,0.6566983461380005
2019-05-10,core,60,expanding,1.359623670578003,0.8799528479576111
2019-05-13,core,60,expanding,0.5313534736633301,0.656258225440979
2019-05-14,core,60,expanding,0.8621692061424255,0.8336622714996338
2019-05-15,core,60,expanding,0.5814310908317566,0.6407608985900879
2019-05-16,core,60,expanding,0.6081739664077759,0.6494394540786743
2019-05-17,core,60,expanding,0.7820060849189758,0.6414041519165039
2019-05-20,core,60,expanding,0.7405277490615845,0.5005311369895935
2019-05-21,core,60,expanding,0.5802285671234131,0.5703868865966797
2019-05-22,core,60,expanding,0.39515069127082825,0.4846809506416321
2019-05-23,core,60,expanding,0.4911789894104004,0.48253530263900757
2019-05-24,core,60,expanding,0.4771875739097595,0.6191015243530273
2019-05-27,core,60,expanding,0.37875375151634216,0.4326580762863159
2019-05-28,core,60,expanding,0.4481380581855774,0.42134103178977966
2019-05-29,core,60,expanding,0.6382220387458801,0.4978334903717041
2019-05-30,core,60,expanding,0.5838383436203003,0.49175405502319336
2019-05-31,core,60,expanding,0.6841982007026672,0.7325873970985413
2019-06-03,core,60,expanding,0.5274290442466736,0.5473534464836121
2019-06-04,core,60,expanding,0.5795080661773682,0.5350865125656128
2019-06-05,core,60,expanding,0.49437496066093445,0.5114015340805054
2019-06-06,core,60,expanding,0.3955618441104889,0.41625073552131653
2019-06-07,core,60,expanding,0.39298656582832336,0.4214092195034027
2019-06-10,core,60,expanding,0.40801379084587097,0.35789185762405396
2019-06-11,core,60,expanding,0.35760587453842163,0.4453968405723572
2019-06-12,core,60,expanding,0.4176585376262665,0.443433940410614
2019-06-13,core,60,expanding,0.6440891027450562,0.50002521276474
2019-06-14,core,60,expanding,0.6155909299850464,0.4982784390449524
2019-06-17,core,60,expanding,0.40562355518341064,0.453311562538147
2019-06-18,core,60,expanding,0.4692113697528839,0.5797383189201355
2019-06-19,core,60,expanding,0.4233693778514862,0.4427277743816376
2019-06-20,core,60,expanding,0.41648387908935547,0.40633419156074524
2019-06-21,core,60,expanding,0.721632182598114,0.7553492784500122
2019-06-24,core,60,expanding,0.3619777262210846,0.4506953954696655
2019-06-25,core,60,expanding,0.5862560868263245,0.5199843049049377
2019-06-26,core,60,expanding,0.44089260697364807,0.4507165551185608
2019-06-27,core,60,expanding,0.47992193698883057,0.521743893623352
2019-06-28,core,60,expanding,0.49072328209877014,0.47498658299446106
2019-07-01,core,60,expanding,0.4516697824001312,0.49537211656570435
2019-07-02,core,60,expanding,0.41953060030937195,0.34728091955184937
2019-07-03,core,60,expanding,0.376409649848938,0.4329569935798645
2019-07-04,core,60,expanding,0.21248051524162292,0.32959187030792236
2019-07-05,core,60,expanding,0.3623405992984772,0.36139655113220215
2019-07-08,core,60,expanding,0.4250660538673401,0.48457497358322144
2019-07-09,core,60,expanding,0.4507751762866974,0.4250434637069702
2019-07-10,core,60,expanding,0.41595080494880676,0.38899099826812744
2019-07-11,core,60,expanding,0.30369457602500916,0.3805959224700928
2019-07-12,core,60,expanding,0.46530407667160034,0.4406987428665161
2019-07-17,core,60,expanding,0.46936964988708496,0.36412566900253296
2019-07-18,core,60,expanding,0.5823177695274353,0.8595271706581116
2019-07-19,core,60,expanding,0.4878250062465668,0.8378053307533264
2019-07-22,core,60,expanding,0.5255823135375977,0.4586103558540344
2019-07-23,core,60,expanding,0.5553775429725647,0.5711265802383423
2019-07-24,core,60,expanding,0.3722103238105774,0.31517481803894043
2019-07-25,core,60,expanding,0.5170731544494629,0.38294345140457153
2019-07-26,core,60,expanding,0.4595900774002075,0.43765634298324585
2019-07-29,core,60,expanding,0.47967153787612915,0.43158650398254395
2019-07-30,core,60,expanding,0.4998610317707062,0.40451139211654663
2019-07-31,core,60,expanding,0.4601117670536041,0.39281219244003296
2019-08-01,core,60,expanding,0.5667790770530701,0.6210581660270691
2019-08-02,core,60,expanding,0.5981884002685547,0.7866281867027283
2019-08-05,core,60,expanding,0.8728147745132446,1.1467006206512451
2019-08-06,core,60,expanding,1.3931059837341309,1.218031644821167
2019-08-07,core,60,expanding,0.781388521194458,0.7251368761062622
2019-08-08,core,60,expanding,0.7468602657318115,0.7032991647720337
2019-08-09,core,60,expanding,0.4918126165866852,0.5272245407104492
2019-08-13,core,60,expanding,0.6699736714363098,0.5517438650131226
2019-08-14,core,60,expanding,0.48938634991645813,0.49697843194007874
2019-08-15,core,60,expanding,0.7123254537582397,0.6959148645401001
2019-08-16,core,60,expanding,0.4524732530117035,0.6076333522796631
2019-08-19,core,60,expanding,0.42608678340911865,0.48472297191619873
2019-08-20,core,60,expanding,0.37085315585136414,0.4140388071537018
2019-08-21,core,60,expanding,0.331662654876709,0.43265849351882935
2019-08-22,core,60,expanding,0.40638241171836853,0.43190959095954895
2019-08-23,core,60,expanding,0.3712204396724701,0.4665336310863495
2019-08-26,core,60,expanding,0.8774722814559937,0.5378959774971008
2019-08-27,core,60,expanding,0.39170148968696594,0.44406768679618835
2019-08-28,core,60,expanding,0.31036603450775146,0.35605499148368835
2019-08-29,core,60,expanding,0.4906841516494751,0.4950299561023712
2019-08-30,core,60,expanding,0.3785594403743744,0.4180188775062561
2019-09-02,core,60,expanding,0.3066043555736542,0.32493162155151367
2019-09-03,core,60,expanding,0.3276899755001068,0.33290669322013855
2019-09-04,core,60,expanding,0.39324134588241577,0.39671963453292847
2019-09-05,core,60,expanding,0.659193217754364,0.8144119381904602
2019-09-06,core,60,expanding,0.45078930258750916,0.39674848318099976
2019-09-09,core,60,expanding,0.5209246277809143,0.46186715364456177
2019-09-10,core,60,expanding,0.37950795888900757,0.35327091813087463
2019-09-11,core,60,expanding,0.5064179301261902,0.43731963634490967
2019-09-12,core,60,expanding,0.45478197932243347,0.36118844151496887
2019-09-13,core,60,expanding,0.47944921255111694,0.5338979363441467
2019-09-17,core,60,expanding,0.5176510214805603,0.42250657081604004
2019-09-18,core,60,expanding,0.37057045102119446,0.3324466049671173
2019-09-19,core,60,expanding,0.9439045786857605,0.5399537682533264
2019-09-20,core,60,expanding,0.42293280363082886,0.4963836669921875
2019-09-25,core,60,expanding,0.5500050783157349,0.4526321589946747
2019-09-26,core,60,expanding,0.47077304124832153,0.5106257796287537
2019-09-27,core,60,expanding,0.6443844437599182,0.6449667811393738
2019-09-30,core,60,expanding,0.5369084477424622,0.5200949311256409
2019-10-01,core,60,expanding,0.34838926792144775,0.41656678915023804
2019-10-02,core,60,expanding,0.323957234621048,0.3688744306564331
2019-10-03,core,60,expanding,0.5165520310401917,0.5096410512924194
2019-10-04,core,60,expanding,0.4141849875450134,0.4285129904747009
2019-10-07,core,60,expanding,0.4034099876880646,0.4777407944202423
2019-10-08,core,60,expanding,0.43005087971687317,0.44724351167678833
2019-10-09,core,60,expanding,0.38805678486824036,0.39346760511398315
2019-10-10,core,60,expanding,0.8220802545547485,0.6318314075469971
2019-10-11,core,60,expanding,0.5154886841773987,0.5007120966911316
2019-10-15,core,60,expanding,0.4012620151042938,0.4115651547908783
2019-10-16,core,60,expanding,0.7280756235122681,0.47889843583106995
2019-10-17,core,60,expanding,0.3956502079963684,0.4358214735984802
2019-10-18,core,60,expanding,0.5668929815292358,0.5387879014015198
2019-10-21,core,60,expanding,0.2584349513053894,0.30430737137794495
2019-10-23,core,60,expanding,0.6145277619361877,0.47341087460517883
2019-10-24,core,60,expanding,0.31606340408325195,0.32673361897468567
2019-10-25,core,60,expanding,0.2638009488582611,0.3407900035381317
2019-10-28,core,60,expanding,0.24905520677566528,0.3078935444355011
2019-10-29,core,60,expanding,0.3381689488887787,0.2999778389930725
2019-10-30,core,60,expanding,0.3816324472427368,0.41168421506881714
2019-10-31,core,60,expanding,0.43444323539733887,0.345550000667572
2019-11-01,core,60,expanding,0.3117733299732208,0.4448481798171997
2019-11-05,core,60,expanding,0.5111768245697021,0.4369599223136902
2019-11-06,core,60,expanding,0.2994154393672943,0.3327568769454956
2019-11-07,core,60,expanding,0.3076843321323395,0.32340776920318604
2019-11-08,core,60,expanding,0.5670618414878845,0.6022547483444214
2019-11-11,core,60,expanding,0.3200921416282654,0.42221421003341675
2019-11-12,core,60,expanding,0.34582698345184326,0.4778538942337036
2019-11-13,core,60,expanding,0.4571984112262726,0.4754571318626404
2019-11-14,core,60,expanding,0.7509282231330872,0.6222405433654785
2019-11-15,core,60,expanding,0.5414993166923523,0.5713170766830444
2019-11-18,core,60,expanding,0.4480201005935669,0.45870643854141235
2019-11-19,core,60,expanding,0.4866482615470886,0.46574270725250244
2019-11-20,core,60,expanding,0.6214107275009155,0.5187040567398071
2019-11-21,core,60,expanding,0.9489151835441589,0.83681321144104
2019-11-22,core,60,expanding,0.4684394896030426,0.5913112163543701
2019-11-25,core,60,expanding,0.3215193450450897,0.44372934103012085
2019-11-26,core,60,expanding,0.57756108045578,0.5928642749786377
2019-11-27,core,60,expanding,0.36951950192451477,0.36176955699920654
2019-11-28,core,60,expanding,0.5102320909500122,0.40395063161849976
2019-11-29,core,60,expanding,0.4574280381202698,0.5838061571121216
2019-12-02,core,60,expanding,0.4674111604690552,0.4649007320404053
2019-12-03,core,60,expanding,0.46477246284484863,0.5176520943641663
2019-12-04,core,60,expanding,0.5952669978141785,0.5074307918548584
2019-12-05,core,60,expanding,0.5120944976806641,0.379454642534256
2019-12-06,core,60,expanding,0.2699667811393738,0.35151875019073486
2019-12-09,core,60,expanding,0.4656650722026825,0.47457072138786316
2019-12-10,core,60,expanding,0.3239198625087738,0.366921067237854
2019-12-11,core,60,expanding,0.2639191746711731,0.3650355339050293
2019-12-12,core,60,expanding,0.3174907863140106,0.3422970771789551
2019-12-13,core,60,expanding,0.4997141361236572,0.5922187566757202
2019-12-16,core,60,expanding,0.37474843859672546,0.36556074023246765
2019-12-17,core,60,expanding,0.2998913824558258,0.331491619348526
2019-12-18,core,60,expanding,0.27157220244407654,0.376124769449234
2019-12-19,core,60,expanding,0.3609172999858856,0.34803852438926697
2019-12-20,core,60,expanding,0.4916653037071228,0.4380579888820648
2019-12-23,core,60,expanding,0.2942238450050354,0.3574974238872528
2019-12-24,core,60,expanding,0.20277129113674164,0.3046219050884247
2019-12-25,core,60,expanding,0.1436888426542282,0.2653906047344208
2019-12-26,core,60,expanding,0.30584245920181274,0.37505272030830383
2019-12-27,core,60,expanding,0.24374189972877502,0.38728681206703186
2019-12-30,core,60,expanding,0.6504024863243103,0.39083442091941833
2014-01-07,momentum,252,expanding,0.9929978251457214,0.6915459036827087
2014-01-08,momentum,252,expanding,0.5598219633102417,0.8268639445304871
2014-01-09,momentum,252,expanding,0.7221481204032898,0.78498774766922
2014-01-10,momentum,252,expanding,0.8308181762695312,0.7052112221717834
2014-01-14,momentum,252,expanding,1.116640329360962,1.1296228170394897
2014-01-15,momentum,252,expanding,0.759765625,0.7067273259162903
2014-01-16,momentum,252,expanding,0.7385079264640808,0.7719644904136658
2014-01-17,momentum,252,expanding,0.9924829006195068,0.6779171228408813
2014-01-20,momentum,252,expanding,0.635157585144043,0.7786374688148499
2014-01-21,momentum,252,expanding,0.6823652386665344,0.7465166449546814
2014-01-22,momentum,252,expanding,0.9055610299110413,0.7636991143226624
2014-01-23,momentum,252,expanding,0.86771559715271,0.9807248711585999
2014-01-24,momentum,252,expanding,0.9876176118850708,0.9810671210289001
2014-01-27,momentum,252,expanding,1.0500518083572388,0.976954996585846
2014-01-28,momentum,252,expanding,0.8367258906364441,0.7855220437049866
2014-01-29,momentum,252,expanding,0.773780107498169,0.8150270581245422
2014-01-30,momentum,252,expanding,1.275964617729187,1.1828620433807373
2014-01-31,momentum,252,expanding,1.182791829109192,1.2919589281082153
2014-02-03,momentum,252,expanding,1.1922181844711304,1.0717341899871826
2014-02-04,momentum,252,expanding,1.6071958541870117,1.536697268486023
2014-02-05,momentum,252,expanding,1.2378953695297241,1.1537039279937744
2014-02-06,momentum,252,expanding,0.9547833204269409,1.0252851247787476
2014-02-07,momentum,252,expanding,0.7397321462631226,0.7766966819763184
2014-02-10,momentum,252,expanding,0.704429566860199,0.6526290774345398
2014-02-12,momentum,252,expanding,0.6793457269668579,0.718902051448822
2014-02-13,momentum,252,expanding,0.7595481276512146,1.0324172973632812
2014-02-14,momentum,252,expanding,1.5592761039733887,1.4096894264221191
2014-02-17,momentum,252,expanding,1.0413496494293213,1.0612634420394897
2014-02-18,momentum,252,expanding,1.4758527278900146,1.277916431427002
2014-02-19,momentum,252,expanding,0.7990848422050476,0.9537614583969116
2014-02-20,momentum,252,expanding,1.1217944622039795,1.3655600547790527
2014-02-21,momentum,252,expanding,0.8472435474395752,0.9808412790298462
2014-02-24,momentum,252,expanding,1.1883679628372192,0.9658622741699219
2014-02-25,momentum,252,expanding,0.7022347450256348,0.8255131244659424
2014-02-26,momentum,252,expanding,0.8268715739250183,0.8606038689613342
2014-02-27,momentum,252,expanding,0.8597348928451538,0.7171507477760315
2014-02-28,momentum,252,expanding,1.0540921688079834,0.9112116098403931
2014-03-03,momentum,252,expanding,1.2059812545776367,0.982668936252594
2014-03-04,momentum,252,expanding,0.7824621796607971,0.9969098567962646
2014-03-05,momentum,252,expanding,0.6954053640365601,0.6178421378135681
2014-03-06,momentum,252,expanding,0.9321517944335938,0.9641774892807007
2014-03-07,momentum,252,expanding,0.706678032875061,0.8061763644218445
2014-03-10,momentum,252,expanding,0.8324498534202576,0.7994506359100342
2014-03-11,momentum,252,expanding,0.8417271971702576,0.693170428276062
2014-03-12,momentum,252,expanding,0.7709421515464783,0.8816078901290894
2014-03-13,momentum,252,expanding,0.8386745452880859,0.6062657833099365
2014-03-14,momentum,252,expanding,1.111358404159546,1.1109259128570557
2014-03-17,momentum,252,expanding,1.1761090755462646,0.8439005017280579
2014-03-18,momentum,252,expanding,0.8854055404663086,0.7605029940605164
2014-03-19,momentum,252,expanding,1.3912756443023682,1.0836963653564453
2014-03-25,momentum,252,expanding,0.971454918384552,0.94553542137146
2014-03-26,momentum,252,expanding,0.9650692343711853,0.9021214842796326
2014-03-27,momentum,252,expanding,1.305605411529541,1.2396306991577148
2014-03-28,momentum,252,expanding,0.8910113573074341,1.0129365921020508
2014-03-31,momentum,252,expanding,0.6962120532989502,0.6952154636383057
2014-04-01,momentum,252,expanding,0.7554367184638977,0.6433604955673218
2014-04-02,momentum,252,expanding,0.8529638051986694,0.7025348544120789
2014-04-03,momentum,252,expanding,0.7055742144584656,0.7118604183197021
2014-04-04,momentum,252,expanding,0.5401592254638672,0.5245802998542786
2014-04-07,momentum,252,expanding,0.6578506231307983,0.7353776693344116
2014-04-08,momentum,252,expanding,0.9137992262840271,0.7390729784965515
2014-04-09,momentum,252,expanding,1.0099090337753296,1.0896975994110107
2014-04-10,momentum,252,expanding,0.8897711038589478,1.0658189058303833
2014-04-11,momentum,252,expanding,1.0655436515808105,1.1747323274612427
2014-04-14,momentum,252,expanding,0.8920437097549438,0.8248566389083862
2014-04-15,momentum,252,expanding,0.7417469024658203,0.7735230922698975
2014-04-16,momentum,252,expanding,0.9056221842765808,1.0051283836364746
2014-04-17,momentum,252,expanding,0.9500189423561096,0.6916049718856812
2014-04-18,momentum,252,expanding,0.588050127029419,0.7359493374824524
2014-04-21,momentum,252,expanding,0.6855194568634033,0.7725755572319031
2014-04-22,momentum,252,expanding,0.605071485042572,0.7444576621055603
2014-04-23,momentum,252,expanding,0.6681907176971436,0.5380640625953674
2014-04-24,momentum,252,expanding,0.7531964182853699,0.8089323043823242
2014-04-25,momentum,252,expanding,0.8171542286872864,0.7722218632698059
2014-04-28,momentum,252,expanding,0.5202674865722656,0.6232594847679138
2014-04-30,momentum,252,expanding,0.7706512808799744,0.622397243976593
2014-05-01,momentum,252,expanding,0.8471247553825378,0.6223070621490479
2014-05-02,momentum,252,expanding,0.4468505382537842,0.5886481404304504
2014-05-07,momentum,252,expanding,0.6870307326316833,1.1246670484542847
2014-05-08,momentum,252,expanding,0.6638345718383789,0.6691160798072815
2014-05-09,momentum,252,expanding,0.824956476688385,0.7398095726966858
2014-05-12,momentum,252,expanding,0.6498797535896301,0.5524168014526367
2014-05-13,momentum,252,expanding,0.5705968737602234,0.477907657623291
2014-05-14,momentum,252,expanding,0.4468920826911926,0.4631331264972687
2014-05-15,momentum,252,expanding,0.6437694430351257,0.5549935698509216
2014-05-16,momentum,252,expanding,0.5206161141395569,0.6530740261077881
2014-05-19,momentum,252,expanding,0.6803091764450073,0.6820665001869202
2014-05-20,momentum,252,expanding,0.5580016374588013,0.45538946986198425
2014-05-21,momentum,252,expanding,0.6375392079353333,0.4737120568752289
2014-05-22,momentum,252,expanding,0.6842452883720398,0.7614171504974365
2014-05-23,momentum,252,expanding,0.4405228793621063,0.5686856508255005
2014-05-26,momentum,252,expanding,0.3791349232196808,0.4868199825286865
2014-05-27,momentum,252,expanding,0.643464207649231,0.5872965455055237
2014-05-28,momentum,252,expanding,0.6203026175498962,0.5090757012367249
2014-05-29,momentum,252,expanding,0.6115719676017761,0.5543895959854126
2014-05-30,momentum,252,expanding,0.6328048706054688,0.6183194518089294
2014-06-02,momentum,252,expanding,0.6377770900726318,0.6423909068107605
2014-06-03,momentum,252,expanding,0.46424275636672974,0.4345560073852539
2014-06-04,momentum,252,expanding,0.620389461517334,0.4302120506763458
2014-06-05,momentum,252,expanding,0.4285542666912079,0.46208256483078003
2014-06-06,momentum,252,expanding,0.486449658870697,0.4515179991722107
2014-06-09,momentum,252,expanding,0.39111125469207764,0.432719349861145
2014-06-10,momentum,252,expanding,0.629412055015564,0.7000774145126343
2014-06-11,momentum,252,expanding,0.3883609175682068,0.42671579122543335
2014-06-12,momentum,252,expanding,0.5559938549995422,0.5163717865943909
2014-06-13,momentum,252,expanding,0.6853582859039307,0.8894184827804565
2014-06-16,momentum,252,expanding,0.6171051263809204,0.7070323824882507
2014-06-17,momentum,252,expanding,0.5108878016471863,0.47056037187576294
2014-06-18,momentum,252,expanding,0.5292311906814575,0.5364890098571777
2014-06-19,momentum,252,expanding,0.715569019317627,0.7393695116043091
2014-06-20,momentum,252,expanding,0.632879376411438,0.6109760403633118
2014-06-23,momentum,252,expanding,0.5410799384117126,0.5134247541427612
2014-06-24,momentum,252,expanding,0.6010311245918274,0.6498261094093323
2014-06-25,momentum,252,expanding,0.47001129388809204,0.4396435618400574
2014-06-26,momentum,252,expanding,0.3968125879764557,0.4032432734966278
2014-06-27,momentum,252,expanding,0.8402188420295715,0.98597252368927
2014-06-30,momentum,252,expanding,0.5754950642585754,0.5361070036888123
2014-07-01,momentum,252,expanding,0.8379272818565369,0.695842444896698
2014-07-02,momentum,252,expanding,0.39061251282691956,0.48898541927337646
2014-07-03,momentum,252,expanding,0.4210403263568878,0.4869289994239807
2014-07-04,momentum,252,expanding,0.3397189676761627,0.43655478954315186
2014-07-07,momentum,252,expanding,0.37034258246421814,0.44267353415489197
2014-07-08,momentum,252,expanding,0.6194824576377869,0.5792592763900757
2014-07-09,momentum,252,expanding,0.5096815228462219,0.49783357977867126
2014-07-10,momentum,252,expanding,0.40454503893852234,0.5284504890441895
2014-07-11,momentum,252,expanding,0.5333577394485474,0.47327423095703125
2014-07-14,momentum,252,expanding,0.44155797362327576,0.5124492645263672
2014-07-15,momentum,252,expanding,0.4875105917453766,0.439316987991333
2014-07-16,momentum,252,expanding,0.34048226475715637,0.38997989892959595
2014-07-17,momentum,252,expanding,0.37393006682395935,0.462717205286026
2014-07-18,momentum,252,expanding,0.5535995960235596,0.5766934156417847
2014-07-22,momentum,252,expanding,0.4029233157634735,0.40652593970298767
2014-07-23,momentum,252,expanding,0.3011488616466522,0.40946662425994873
2014-07-24,momentum,252,expanding,0.5204686522483826,0.5385662317276001
2014-07-25,momentum,252,expanding,0.37525519728660583,0.46537506580352783
2014-07-28,momentum,252,expanding,0.4914538562297821,0.45564019680023193
2014-07-29,momentum,252,expanding,0.3666745722293854,0.3974487781524658
2014-07-30,momentum,252,expanding,0.41785624623298645,0.36260583996772766
2014-07-31,momentum,252,expanding,0.4955805838108063,0.5103519558906555
2014-08-01,momentum,252,expanding,0.4799793064594269,0.46153372526168823
2014-08-04,momentum,252,expanding,0.4488868713378906,0.3777458071708679
2014-08-05,momentum,252,expanding,0.5403825044631958,0.7230326533317566
2014-08-06,momentum,252,expanding,0.6847516894340515,0.6572144031524658
2014-08-07,momentum,252,expanding,0.8375794291496277,0.5999517440795898
2014-08-08,momentum,252,expanding,1.1955809593200684,1.3206696510314941
2014-08-11,momentum,252,expanding,0.6787324547767639,0.7256285548210144
2014-08-12,momentum,252,expanding,0.5041671395301819,0.4434790015220642
2014-08-13,momentum,252,expanding,0.5959827303886414,0.5204970836639404
2014-08-14,momentum,252,expanding,0.4182908833026886,0.43761277198791504
2014-08-15,momentum,252,expanding,0.30149516463279724,0.4770715832710266
2014-08-18,momentum,252,expanding,0.42790743708610535,0.344160795211792
2014-08-19,momentum,252,expanding,0.30512189865112305,0.3120845556259155
2014-08-20,momentum,252,expanding,0.30348795652389526,0.2877453565597534
2014-08-21,momentum,252,expanding,0.38702157139778137,0.34294235706329346
2014-08-22,momentum,252,expanding,0.3153568208217621,0.4391564726829529
2014-08-25,momentum,252,expanding,0.3803779184818268,0.35035523772239685
2014-08-26,momentum,252,expanding,0.3108210265636444,0.3386290669441223
2014-08-27,momentum,252,expanding,0.45898398756980896,0.46353620290756226
2014-08-28,momentum,252,expanding,0.3867983818054199,0.35907915234565735
2014-08-29,momentum,252,expanding,0.39064064621925354,0.3862171471118927
2014-09-01,momentum,252,expanding,0.22931043803691864,0.25396496057510376
2014-09-02,momentum,252,expanding,0.5366237759590149,0.5968388319015503
2014-09-03,momentum,252,expanding,0.46095582842826843,0.44187113642692566
2014-09-04,momentum,252,expanding,0.4026603698730469,0.40523776412010193
2014-09-05,momentum,252,expanding,0.4774371385574341,0.5337607860565186
2014-09-08,momentum,252,expanding,0.3796941041946411,0.3685789108276367
2014-09-09,momentum,252,expanding,0.34021303057670593,0.36748597025871277
2014-09-10,momentum,252,expanding,0.3940788507461548,0.445381760597229
2014-09-11,momentum,252,expanding,0.40020424127578735,0.33400973677635193
2014-09-12,momentum,252,expanding,0.5142043232917786,0.44001734256744385
2014-09-16,momentum,252,expanding,0.3597271144390106,0.34421345591545105
2014-09-17,momentum,252,expanding,0.35162344574928284,0.375710666179657
2014-09-18,momentum,252,expanding,0.361797571182251,0.39914387464523315
2014-09-19,momentum,252,expanding,0.517268180847168,0.5900593400001526
2014-09-22,momentum,252,expanding,0.35834184288978577,0.4640295207500458
2014-09-24,momentum,252,expanding,0.5036600828170776,0.4164120852947235
2014-09-25,momentum,252,expanding,0.3381999135017395,0.36072465777397156
2014-09-26,momentum,252,expanding,0.5733859539031982,0.5967451333999634
2014-09-29,momentum,252,expanding,0.4584802985191345,0.4108169376850128
2014-09-30,momentum,252,expanding,0.5464531183242798,0.5974557399749756
2014-10-01,momentum,252,expanding,0.6431635618209839,0.5206387042999268
2014-10-02,momentum,252,expanding,0.7632841467857361,1.059455394744873
2014-10-03,momentum,252,expanding,1.0020511150360107,0.6277886629104614
2014-10-06,momentum,252,expanding,0.55427086353302,0.5568751096725464
2014-10-07,momentum,252,expanding,0.6125757694244385,0.568511426448822
2014-10-08,momentum,252,expanding,0.5871472358703613,0.6082930564880371
2014-10-09,momentum,252,expanding,0.9185651540756226,0.9434939622879028
2014-10-10,momentum,252,expanding,0.7470872402191162,0.7563461661338806
2014-10-14,momentum,252,expanding,0.7626067996025085,0.8695714473724365
2014-10-15,momentum,252,expanding,0.9906735420227051,0.7490467429161072
2014-10-16,momentum,252,expanding,0.9850625395774841,0.8544734716415405
2014-10-17,momentum,252,expanding,1.0517386198043823,1.2087085247039795
2014-10-20,momentum,252,expanding,0.9073312878608704,0.997614324092865
2014-10-21,momentum,252,expanding,1.0882067680358887,1.2965888977050781
2014-10-22,momentum,252,expanding,0.7912335395812988,0.8827492594718933
2014-10-23,momentum,252,expanding,0.7146961092948914,0.853227436542511
2014-10-24,momentum,252,expanding,0.7260991930961609,0.7409637570381165
2014-10-27,momentum,252,expanding,0.48718124628067017,0.5696128010749817
2014-10-28,momentum,252,expanding,0.4659566283226013,0.5828872323036194
2014-10-29,momentum,252,expanding,0.6780775785446167,0.6953561902046204
2014-10-30,momentum,252,expanding,0.4152505099773407,0.5105108022689819
2014-10-31,momentum,252,expanding,2.1977100372314453,1.6052879095077515
2014-11-04,momentum,252,expanding,1.9115504026412964,1.2662400007247925
2014-11-05,momentum,252,expanding,1.0005338191986084,1.0448682308197021
2014-11-06,momentum,252,expanding,1.2488130331039429,1.1064633131027222
2014-11-07,momentum,252,expanding,0.5483654141426086,0.6803984642028809
2014-11-10,momentum,252,expanding,0.5790799260139465,0.7452784776687622
2014-11-11,momentum,252,expanding,0.6575284004211426,0.933239758014679
2014-11-12,momentum,252,expanding,1.0307267904281616,0.8447824716567993
2014-11-13,momentum,252,expanding,0.8876449465751648,1.0109037160873413
2014-11-14,momentum,252,expanding,0.9472581744194031,0.8440744876861572
2014-11-17,momentum,252,expanding,1.050959587097168,1.511053204536438
2014-11-18,momentum,252,expanding,0.6759117841720581,0.7878623604774475
2014-11-19,momentum,252,expanding,0.7302672863006592,0.801263153553009
2014-11-20,momentum,252,expanding,0.5630322694778442,0.5813680291175842
2014-11-21,momentum,252,expanding,0.9204502105712891,0.8903290629386902
2014-11-25,momentum,252,expanding,0.5002789497375488,0.6527587175369263
2014-11-26,momentum,252,expanding,0.385690301656723,0.49514538049697876
2014-11-27,momentum,252,expanding,0.504334568977356,0.540885865688324
2014-11-28,momentum,252,expanding,0.5068784952163696,0.44308096170425415
2014-12-01,momentum,252,expanding,0.6539518237113953,0.6374286413192749
2014-12-02,momentum,252,expanding,0.5160252451896667,0.7061641216278076
2014-12-03,momentum,252,expanding,0.6252871155738831,0.5603184700012207
2014-12-04,momentum,252,expanding,0.5004116892814636,0.5378900170326233
2014-12-05,momentum,252,expanding,0.4289572238922119,0.6653425097465515
2014-12-08,momentum,252,expanding,0.6913245320320129,0.5598350763320923
2014-12-09,momentum,252,expanding,0.47860804200172424,0.5725945830345154
2014-12-10,momentum,252,expanding,0.981933057308197,1.0545101165771484
2014-12-11,momentum,252,expanding,0.9269739985466003,0.8798272013664246
2014-12-12,momentum,252,expanding,0.8396664261817932,0.7736737728118896
2014-12-15,momentum,252,expanding,0.9241033792495728,0.9422249794006348
2014-12-16,momentum,252,expanding,0.6408950090408325,0.9269056916236877
2014-12-17,momentum,252,expanding,0.881768524646759,0.7384549975395203
2014-12-18,momentum,252,expanding,0.6592803597450256,0.5474667549133301
2014-12-19,momentum,252,expanding,0.5467007756233215,0.6419371962547302
2014-12-22,momentum,252,expanding,0.5493420362472534,0.5771974325180054
2014-12-24,momentum,252,expanding,0.3262926936149597,0.5232434868812561
2014-12-25,momentum,252,expanding,0.296695351600647,0.4040798544883728
2014-12-26,momentum,252,expanding,0.31702592968940735,0.410334050655365
2014-12-29,momentum,252,expanding,0.9882990121841431,0.8691985607147217
2014-12-30,momentum,252,expanding,0.6727876663208008,0.8846498727798462
2015-01-05,momentum,252,expanding,1.0581647157669067,0.840546727180481
2015-01-06,momentum,252,expanding,0.8368667960166931,0.95197594165802
2015-01-07,momentum,252,expanding,0.7904089689254761,0.6988918781280518
2015-01-08,momentum,252,expanding,0.6772491931915283,0.7585129141807556
2015-01-09,momentum,252,expanding,0.7487350106239319,0.7075933218002319
2015-01-13,momentum,252,expanding,0.9260557293891907,0.7961113452911377
2015-01-14,momentum,252,expanding,0.8942583203315735,1.0839436054229736
2015-01-15,momentum,252,expanding,0.9189710021018982,0.8381803631782532
2015-01-16,momentum,252,expanding,1.0484914779663086,1.0642962455749512
2015-01-19,momentum,252,expanding,0.798159122467041,0.5824891924858093
2015-01-20,momentum,252,expanding,0.7273281812667847,0.898863673210144
2015-01-21,momentum,252,expanding,0.6536433100700378,0.7268816232681274
2015-01-22,momentum,252,expanding,0.6781051754951477,0.5941929817199707
2015-01-23,momentum,252,expanding,0.4288506805896759,0.5380421280860901
2015-01-26,momentum,252,expanding,0.5836031436920166,0.5853089094161987
2015-01-27,momentum,252,expanding,0.5117294192314148,0.5456838011741638
2015-01-28,momentum,252,expanding,0.5604073405265808,0.6923012733459473
2015-01-29,momentum,252,expanding,0.6478827595710754,0.7005876898765564
2015-01-30,momentum,252,expanding,0.6040748357772827,0.5999865531921387
2015-02-02,momentum,252,expanding,0.6687341928482056,0.6008574962615967
2015-02-03,momentum,252,expanding,0.8945028185844421,1.070475697517395
2015-02-04,momentum,252,expanding,0.7012463808059692,0.7590386867523193
2015-02-05,momentum,252,expanding,0.7510251402854919,0.6387971639633179
2015-02-06,momentum,252,expanding,0.47369715571403503,0.5061972737312317
2015-02-09,momentum,252,expanding,0.5304527282714844,0.5675403475761414
2015-02-10,momentum,252,expanding,0.4538056552410126,0.5625675320625305
2015-02-12,momentum,252,expanding,0.5000195503234863,0.45951539278030396
2015-02-13,momentum,252,expanding,0.5767446160316467,0.4837644696235657
2015-02-16,momentum,252,expanding,0.49525174498558044,0.42899560928344727
2015-02-17,momentum,252,expanding,0.41838493943214417,0.46268802881240845
2015-02-18,momentum,252,expanding,0.31954431533813477,0.4295942783355713
2015-02-19,momentum,252,expanding,0.3720810115337372,0.3314692974090576
2015-02-20,momentum,252,expanding,0.3649754226207733,0.36349600553512573
2015-02-23,momentum,252,expanding,0.3887742757797241,0.41287165880203247
2015-02-24,momentum,252,expanding,0.4332820475101471,0.48401153087615967
2015-02-25,momentum,252,expanding,0.4532299041748047,0.39560288190841675
2015-02-26,momentum,252,expanding,0.49888864159584045,0.5842195153236389
2015-02-27,momentum,252,expanding,0.5271544456481934,0.5457795262336731
2015-03-02,momentum,252,expanding,0.4335555136203766,0.5305022597312927
2015-03-03,momentum,252,expanding,0.5533601641654968,0.5977863073348999
2015-03-04,momentum,252,expanding,0.525597095489502,0.5317013263702393
2015-03-05,momentum,252,expanding,0.42018088698387146,0.4593467712402344
2015-03-06,momentum,252,expanding,0.505321204662323,0.5477089881896973
2015-03-09,momentum,252,expanding,0.5512269735336304,0.5037919282913208
2015-03-10,momentum,252,expanding,0.7741672396659851,0.8124333620071411
2015-03-11,momentum,252,expanding,0.601202130317688,0.6652886867523193
2015-03-12,momentum,252,expanding,0.7062233090400696,0.6940195560455322
2015-03-13,momentum,252,expanding,0.6453717350959778,0.8688950538635254
2015-03-16,momentum,252,expanding,0.5888770818710327,0.5288815498352051
2015-03-17,momentum,252,expanding,0.3184524178504944,0.47468069195747375
2015-03-18,momentum,252,expanding,0.49470147490501404,0.5153098106384277
2015-03-19,momentum,252,expanding,0.8398205637931824,0.6328986883163452
2015-03-20,momentum,252,expanding,0.40309643745422363,0.6248043775558472
2015-03-23,momentum,252,expanding,0.49912554025650024,0.6159745454788208
2015-03-24,momentum,252,expanding,0.504513144493103,0.5049148201942444
2015-03-25,momentum,252,expanding,0.6076487302780151,0.618791937828064
2015-03-26,momentum,252,expanding,0.7393008470535278,0.7355859279632568
2015-03-27,momentum,252,expanding,1.2476948499679565,1.072568416595459
2015-03-30,momentum,252,expanding,0.791974663734436,0.7279146909713745
2015-03-31,momentum,252,expanding,0.87098228931427,1.0978848934173584
2015-04-01,momentum,252,expanding,1.2389111518859863,0.9285405278205872
2015-04-02,momentum,252,expanding,0.8624421954154968,1.011843204498291
2015-04-03,momentum,252,expanding,0.6874845623970032,0.7112395763397217
2015-04-06,momentum,252,expanding,0.7400668859481812,0.663020670413971
2015-04-07,momentum,252,expanding,0.608623743057251,0.6764931082725525
2015-04-08,momentum,252,expanding,0.5820112228393555,0.6291635632514954
2015-04-09,momentum,252,expanding,0.43787917494773865,0.5253114104270935
2015-04-10,momentum,252,expanding,0.6253153681755066,0.6407685279846191
2015-04-13,momentum,252,expanding,0.6261552572250366,0.6012459993362427
2015-04-14,momentum,252,expanding,0.41001859307289124,0.4884411096572876
2015-04-15,momentum,252,expanding,0.3786894381046295,0.4832705855369568
2015-04-16,momentum,252,expanding,0.45100709795951843,0.48406559228897095
2015-04-17,momentum,252,expanding,0.7775561809539795,0.608650267124176
2015-04-20,momentum,252,expanding,0.6633402705192566,0.6845363974571228
2015-04-21,momentum,252,expanding,0.4835294187068939,0.7161194086074829
2015-04-22,momentum,252,expanding,0.5110162496566772,0.6236188411712646
2015-04-23,momentum,252,expanding,0.35762783885002136,0.5399037599563599
2015-04-24,momentum,252,expanding,0.4764888286590576,0.5558554530143738
2015-04-27,momentum,252,expanding,0.6304599642753601,0.5008882880210876
2015-04-28,momentum,252,expanding,0.4181796610355377,0.5119761824607849
2015-04-30,momentum,252,expanding,0.8985085487365723,1.1360199451446533
2015-05-01,momentum,252,expanding,0.7258315086364746,0.5721597671508789
2015-05-07,momentum,252,expanding,0.7948581576347351,0.7226024866104126
2015-05-08,momentum,252,expanding,0.48748257756233215,0.5751358866691589
2015-05-11,momentum,252,expanding,0.4058670699596405,0.4521298408508301
2015-05-12,momentum,252,expanding,0.4555272161960602,0.546800971031189
2015-05-13,momentum,252,expanding,0.6834728121757507,0.6296880841255188
2015-05-14,momentum,252,expanding,0.5555697679519653,0.6652199029922485
2015-05-15,momentum,252,expanding,0.5401253700256348,0.49809521436691284
2015-05-18,momentum,252,expanding,0.39015886187553406,0.5136139392852783
2015-05-19,momentum,252,expanding,0.41756612062454224,0.5102990865707397
2015-05-20,momentum,252,expanding,0.4776521623134613,0.44574660062789917
2015-05-21,momentum,252,expanding,0.503243625164032,0.4706001877784729
2015-05-22,momentum,252,expanding,0.5288338661193848,0.5140343308448792
2015-05-25,momentum,252,expanding,0.29894542694091797,0.46383136510849
2015-05-26,momentum,252,expanding,0.38567203283309937,0.4259771704673767
2015-05-27,momentum,252,expanding,0.3937726318836212,0.47905540466308594
2015-05-28,momentum,252,expanding,0.49497613310813904,0.49931275844573975
2015-05-29,momentum,252,expanding,0.5925613641738892,0.48467838764190674
2015-06-01,momentum,252,expanding,0.42241454124450684,0.49874812364578247
2015-06-02,momentum,252,expanding,0.459268718957901,0.47306370735168457
2015-06-03,momentum,252,expanding,0.4374544620513916,0.416836678981781
2015-06-04,momentum,252,expanding,0.35229718685150146,0.4079897403717041
2015-06-05,momentum,252,expanding,0.42145153880119324,0.4307594895362854
2015-06-08,momentum,252,expanding,0.5375503301620483,0.4956055283546448
2015-06-09,momentum,252,expanding,0.4522037208080292,0.7745365500450134
2015-06-10,momentum,252,expanding,0.9109494686126709,0.6330084204673767
2015-06-11,momentum,252,expanding,0.6243759989738464,0.5545273423194885
2015-06-12,momentum,252,expanding,0.5033267736434937,0.5060145258903503
2015-06-15,momentum,252,expanding,0.528656542301178,0.5260505080223083
2015-06-16,momentum,252,expanding,0.6188594698905945,0.5279542803764343
2015-06-17,momentum,252,expanding,0.508975625038147,0.5911039113998413
2015-06-18,momentum,252,expanding,0.6404449939727783,0.783237636089325
2015-06-19,momentum,252,expanding,0.5380146503448486,0.4671555757522583
2015-06-22,momentum,252,expanding,0.606666624546051,0.6301522850990295
2015-06-23,momentum,252,expanding,0.5819014310836792,0.7398166060447693
2015-06-24,momentum,252,expanding,0.4910257160663605,0.4175688624382019
2015-06-25,momentum,252,expanding,0.37538450956344604,0.5143942832946777
2015-06-26,momentum,252,expanding,0.5097277760505676,0.49764639139175415
2015-06-29,momentum,252,expanding,0.9721580147743225,0.9042412042617798
2015-06-30,momentum,252,expanding,0.6717302203178406,0.49896734952926636
2015-07-01,momentum,252,expanding,0.44181159138679504,0.4431411027908325
2015-07-02,momentum,252,expanding,0.44445064663887024,0.4706336259841919
2015-07-03,momentum,252,expanding,0.33597615361213684,0.42995911836624146
2015-07-06,momentum,252,expanding,0.7737877368927002,0.9143111109733582
2015-07-07,momentum,252,expanding,0.4405149519443512,0.410928875207901
2015-07-08,momentum,252,expanding,1.2377485036849976,1.6413480043411255
2015-07-09,momentum,252,expanding,1.545491337776184,1.6057049036026
2015-07-10,momentum,252,expanding,1.0695366859436035,1.0883814096450806
2015-07-13,momentum,252,expanding,0.7222395539283752,0.7839611172676086
2015-07-14,momentum,252,expanding,0.5919382572174072,0.4849160313606262
2015-07-15,momentum,252,expanding,0.46422240138053894,0.5805379748344421
2015-07-16,momentum,252,expanding,0.3781421482563019,0.45702028274536133
2015-07-17,momentum,252,expanding,0.26528453826904297,0.42612528800964355
2015-07-21,momentum,252,expanding,0.3302123546600342,0.44194263219833374
2015-07-22,momentum,252,expanding,0.41083353757858276,0.544218122959137
2015-07-23,momentum,252,expanding,0.2849535048007965,0.3796153664588928
2015-07-24,momentum,252,expanding,0.3905370235443115,0.40093639492988586
2015-07-27,momentum,252,expanding,0.7914097309112549,0.6102632880210876
2015-07-28,momentum,252,expanding,1.1183491945266724,0.8182018995285034
2015-07-29,momentum,252,expanding,0.7152554392814636,0.6934535503387451
2015-07-30,momentum,252,expanding,0.4574918746948242,0.5320950746536255
2015-07-31,momentum,252,expanding,0.3614964485168457,0.492387980222702
2015-08-03,momentum,252,expanding,0.4972071647644043,0.5336532592773438
2015-08-04,momentum,252,expanding,0.43941158056259155,0.4491318464279175
2015-08-05,momentum,252,expanding,0.5528046488761902,0.6058377027511597
2015-08-06,momentum,252,expanding,0.38921189308166504,0.46671611070632935
2015-08-07,momentum,252,expanding,0.6038485169410706,0.5255396366119385
2015-08-10,momentum,252,expanding,0.4211048483848572,0.5672235488891602
2015-08-11,momentum,252,expanding,0.922819972038269,0.7940309047698975
2015-08-12,momentum,252,expanding,1.0630121231079102,1.1261942386627197
2015-08-13,momentum,252,expanding,0.7906642556190491,0.8481587171554565
2015-08-14,momentum,252,expanding,0.5731997489929199,0.6167792081832886
2015-08-17,momentum,252,expanding,0.4693460464477539,0.5212829113006592
2015-08-18,momentum,252,expanding,0.4141949415206909,0.48172321915626526
2015-08-19,momentum,252,expanding,0.7090916037559509,0.8956443071365356
2015-08-20,momentum,252,expanding,0.8051279187202454,0.7069894075393677
2015-08-21,momentum,252,expanding,1.0035890340805054,1.1206791400909424
2015-08-24,momentum,252,expanding,1.962286353111267,2.0309674739837646
2015-08-25,momentum,252,expanding,3.6375157833099365,3.135451555252075
2015-08-26,momentum,252,expanding,2.1537983417510986,2.06233549118042
2015-08-27,momentum,252,expanding,1.343263030052185,1.3339256048202515
2015-08-28,momentum,252,expanding,1.1837245225906372,1.1583582162857056
2015-08-31,momentum,252,expanding,1.218310832977295,1.2130684852600098
2015-09-01,momentum,252,expanding,1.3787258863449097,2.07126784324646
2015-09-02,momentum,252,expanding,2.5988378524780273,1.6983989477157593
2015-09-03,momentum,252,expanding,1.236472725868225,1.3457367420196533
2015-09-04,momentum,252,expanding,1.9289902448654175,1.9829087257385254
2015-09-07,momentum,252,expanding,2.28863787651062,1.9089738130569458
2015-09-08,momentum,252,expanding,1.40399169921875,2.041104793548584
2015-09-09,momentum,252,expanding,2.089393138885498,2.10714054107666
2015-09-10,momentum,252,expanding,2.2081820964813232,1.8117972612380981
2015-09-11,momentum,252,expanding,1.2127571105957031,1.262393593788147
2015-09-14,momentum,252,expanding,1.2906138896942139,1.4624675512313843
2015-09-15,momentum,252,expanding,1.5159481763839722,1.0340144634246826
2015-09-16,momentum,252,expanding,0.9210177063941956,1.1246542930603027
2015-09-17,momentum,252,expanding,0.8303213715553284,0.8660581111907959
2015-09-18,momentum,252,expanding,1.0018258094787598,1.0493699312210083
2015-09-24,momentum,252,expanding,0.8564891219139099,1.3576349020004272
2015-09-25,momentum,252,expanding,1.4530583620071411,1.2032504081726074
2015-09-28,momentum,252,expanding,1.4043388366699219,1.12012779712677
2015-09-29,momentum,252,expanding,1.3320951461791992,1.6468641757965088
2015-09-30,momentum,252,expanding,1.0513970851898193,1.0841338634490967
2015-10-01,momentum,252,expanding,1.3138631582260132,1.2227330207824707
2015-10-02,momentum,252,expanding,0.9131217002868652,1.086401104927063
2015-10-05,momentum,252,expanding,0.8933115601539612,0.7754903435707092
2015-10-06,momentum,252,expanding,0.9813218712806702,0.9592580199241638
2015-10-07,momentum,252,expanding,1.1719655990600586,0.9722054600715637
2015-10-08,momentum,252,expanding,0.9694315195083618,1.0544630289077759
2015-10-09,momentum,252,expanding,0.8293681740760803,0.8980599045753479
2015-10-13,momentum,252,expanding,0.6571257710456848,0.7589663863182068
2015-10-14,momentum,252,expanding,1.0662360191345215,1.0171160697937012
2015-10-15,momentum,252,expanding,1.1353076696395874,1.0831173658370972
2015-10-16,momentum,252,expanding,0.8112134337425232,0.7898616194725037
2015-10-19,momentum,252,expanding,1.273208498954773,0.9270519614219666
2015-10-20,momentum,252,expanding,0.41949713230133057,0.6619666218757629
2015-10-21,momentum,252,expanding,0.844047486782074,1.1306246519088745
2015-10-22,momentum,252,expanding,0.6998883485794067,0.795430600643158
2015-10-23,momentum,252,expanding,0.6981733441352844,0.74495530128479
2015-10-26,momentum,252,expanding,0.49373117089271545,0.6781312823295593
2015-10-27,momentum,252,expanding,0.6192496418952942,0.6220831274986267
2015-10-28,momentum,252,expanding,0.6311695575714111,0.5053612589836121
2015-10-29,momentum,252,expanding,0.6804276704788208,0.7215988039970398
2015-10-30,momentum,252,expanding,1.2854455709457397,0.9942387342453003
2015-11-02,momentum,252,expanding,0.7768219709396362,0.8585812449455261
2015-11-04,momentum,252,expanding,0.7363115549087524,0.798996090888977
2015-11-05,momentum,252,expanding,0.5653921365737915,0.667497456073761
2015-11-06,momentum,252,expanding,0.4568927586078644,0.5959063172340393
2015-11-09,momentum,252,expanding,0.6348910331726074,0.8142256736755371
2015-11-10,momentum,252,expanding,0.6183456182479858,0.5784028172492981
2015-11-11,momentum,252,expanding,0.5824939608573914,0.49430954456329346
2015-11-12,momentum,252,expanding,0.48512184619903564,0.48735296726226807
2015-11-13,momentum,252,expanding,0.6875196099281311,0.587634265422821
2015-11-16,momentum,252,expanding,0.560400664806366,0.6398169994354248
2015-11-17,momentum,252,expanding,0.46810710430145264,0.4960089921951294
2015-11-18,momentum,252,expanding,0.4827001988887787,0.5478256940841675
2015-11-19,momentum,252,expanding,0.7402960658073425,0.5277559161186218
2015-11-20,momentum,252,expanding,0.6247498393058777,0.590339720249176
2015-11-24,momentum,252,expanding,0.3820023834705353,0.4975161552429199
2015-11-25,momentum,252,expanding,0.4598902463912964,0.4117354452610016
2015-11-26,momentum,252,expanding,0.3689866065979004,0.3592678904533386
2015-11-27,momentum,252,expanding,0.4605279862880707,0.4806714355945587
2015-11-30,momentum,252,expanding,0.6064503192901611,0.4966425597667694
2015-12-01,momentum,252,expanding,0.5101131796836853,0.5942591428756714
2015-12-02,momentum,252,expanding,0.34843239188194275,0.41156071424484253
2015-12-03,momentum,252,expanding,0.4162549674510956,0.3698049485683441
2015-12-04,momentum,252,expanding,0.5892066955566406,0.7344924807548523
2015-12-07,momentum,252,expanding,0.4453209638595581,0.43053117394447327
2015-12-08,momentum,252,expanding,0.6929853558540344,0.7968875169754028
2015-12-09,momentum,252,expanding,0.6842573285102844,0.7155047059059143
2015-12-10,momentum,252,expanding,0.6658722758293152,0.6199131011962891
2015-12-11,momentum,252,expanding,0.7242001295089722,0.7054020762443542
2015-12-14,momentum,252,expanding,0.9936869740486145,0.9825990796089172
2015-12-15,momentum,252,expanding,0.7940593957901001,1.0583667755126953
2015-12-16,momentum,252,expanding,0.5989843606948853,0.6791774034500122
2015-12-17,momentum,252,expanding,0.7954904437065125,0.5652456283569336
2015-12-18,momentum,252,expanding,3.4821786880493164,1.9021373987197876
2015-12-21,momentum,252,expanding,1.190094232559204,1.4442631006240845
2015-12-22,momentum,252,expanding,0.5909653902053833,0.8230687379837036
2015-12-24,momentum,252,expanding,0.6499900817871094,1.0511605739593506
2015-12-25,momentum,252,expanding,0.5625556111335754,0.7427635192871094
2015-12-28,momentum,252,expanding,0.5856383442878723,0.6698490381240845
2015-12-29,momentum,252,expanding,0.5353645086288452,0.6256833076477051
2015-12-30,momentum,252,expanding,0.42151105403900146,0.4871305525302887
2016-01-04,momentum,252,expanding,1.0663046836853027,1.4407111406326294
2016-01-05,momentum,252,expanding,1.1846498250961304,0.7873973846435547
2016-01-06,momentum,252,expanding,1.3006739616394043,1.304665446281433
2016-01-07,momentum,252,expanding,1.2326709032058716,1.4246727228164673
2016-01-08,momentum,252,expanding,1.541973352432251,1.4423431158065796
2016-01-12,momentum,252,expanding,1.2476013898849487,1.3628746271133423
2016-01-13,momentum,252,expanding,0.9683815240859985,1.1183526515960693
2016-01-14,momentum,252,expanding,1.810240626335144,1.47063410282135
2016-01-15,momentum,252,expanding,1.30141019821167,1.4991477727890015
2016-01-18,momentum,252,expanding,1.6967284679412842,1.3526614904403687
2016-01-19,momentum,252,expanding,1.5084370374679565,1.1048110723495483
2016-01-20,momentum,252,expanding,1.5436816215515137,2.1867966651916504
2016-01-21,momentum,252,expanding,2.32877779006958,2.4452357292175293
2016-01-22,momentum,252,expanding,1.9137980937957764,2.11989164352417
2016-01-25,momentum,252,expanding,1.4351030588150024,1.1662195920944214
2016-01-26,momentum,252,expanding,1.0102757215499878,1.1273963451385498
2016-01-27,momentum,252,expanding,1.4395557641983032,1.1516969203948975
2016-01-28,momentum,252,expanding,1.1068257093429565,1.1942299604415894
2016-01-29,momentum,252,expanding,3.8436038494110107,1.8323453664779663
2016-02-01,momentum,252,expanding,0.8997223973274231,1.3300065994262695
2016-02-02,momentum,252,expanding,0.8825296759605408,1.00665283203125
2016-02-03,momentum,252,expanding,1.4886773824691772,1.5700737237930298
2016-02-04,momentum,252,expanding,1.562095046043396,1.2397183179855347
2016-02-05,momentum,252,expanding,1.3179773092269897,1.1991970539093018
2016-02-08,momentum,252,expanding,1.3071801662445068,1.3975483179092407
2016-02-09,momentum,252,expanding,2.066378355026245,2.7580785751342773
2016-02-10,momentum,252,expanding,1.9661418199539185,2.574638843536377
2016-02-12,momentum,252,expanding,3.298257827758789,2.7257132530212402
2016-02-15,momentum,252,expanding,2.2779600620269775,2.487056016921997
2016-02-16,momentum,252,expanding,1.8272876739501953,1.793197751045227
2016-02-17,momentum,252,expanding,2.1376309394836426,1.8828459978103638
2016-02-18,momentum,252,expanding,1.545595645904541,1.411547064781189
2016-02-19,momentum,252,expanding,1.1936681270599365,1.318097472190857
2016-02-22,momentum,252,expanding,1.5354989767074585,1.294208288192749
2016-02-23,momentum,252,expanding,1.1347639560699463,1.3475666046142578
2016-02-24,momentum,252,expanding,1.3322545289993286,1.0352174043655396
2016-02-25,momentum,252,expanding,1.1607089042663574,1.1899482011795044
2016-02-26,momentum,252,expanding,1.2012499570846558,1.085134506225586
2016-02-29,momentum,252,expanding,1.2115248441696167,1.3797876834869385
2016-03-01,momentum,252,expanding,1.3815250396728516,1.0204023122787476
2016-03-02,momentum,252,expanding,1.1011861562728882,1.3126873970031738
2016-03-03,momentum,252,expanding,1.1003551483154297,0.9109590649604797
2016-03-04,momentum,252,expanding,0.9459711313247681,0.8676803112030029
2016-03-07,momentum,252,expanding,0.7459259629249573,0.7518129944801331
2016-03-08,momentum,252,expanding,0.9384163022041321,0.9802428483963013
2016-03-09,momentum,252,expanding,1.0458076000213623,0.8769782185554504
2016-03-10,momentum,252,expanding,0.6779834628105164,0.8530334830284119
2016-03-11,momentum,252,expanding,1.2453924417495728,1.2049801349639893
2016-03-14,momentum,252,expanding,0.5965444445610046,0.8814645409584045
2016-03-15,momentum,252,expanding,0.9777960777282715,0.7938732504844666
2016-03-16,momentum,252,expanding,0.8164533376693726,0.674008309841156
2016-03-17,momentum,252,expanding,1.0355806350708008,1.1398128271102905
2016-03-18,momentum,252,expanding,1.0119638442993164,1.169856309890747
2016-03-22,momentum,252,expanding,1.2734378576278687,0.9378042817115784
2016-03-23,momentum,252,expanding,0.843512237071991,0.841680109500885
2016-03-24,momentum,252,expanding,0.8804982304573059,0.7814235687255859
2016-03-25,momentum,252,expanding,0.8100930452346802,0.724685788154602
2016-03-28,momentum,252,expanding,0.9132172465324402,0.7161296606063843
2016-03-29,momentum,252,expanding,0.8510221242904663,0.7008717060089111
2016-03-30,momentum,252,expanding,0.7272773385047913,0.7347942590713501
2016-03-31,momentum,252,expanding,0.9560953378677368,0.8888264894485474
2016-04-01,momentum,252,expanding,1.3785910606384277,1.8433747291564941
2016-04-04,momentum,252,expanding,1.2305289506912231,1.1082868576049805
2016-04-05,momentum,252,expanding,1.2038791179656982,1.4795913696289062
2016-04-06,momentum,252,expanding,1.1688817739486694,1.1000728607177734
2016-04-07,momentum,252,expanding,1.200049877166748,1.0642870664596558
2016-04-08,momentum,252,expanding,1.4362235069274902,1.5800659656524658
2016-04-11,momentum,252,expanding,1.3981162309646606,1.2321432828903198
2016-04-12,momentum,252,expanding,1.1861941814422607,1.083546757698059
2016-04-13,momentum,252,expanding,0.9662289619445801,0.9611028432846069
2016-04-14,momentum,252,expanding,0.9266125559806824,1.1048330068588257
2016-04-15,momentum,252,expanding,1.0565974712371826,0.8493070602416992
2016-04-18,momentum,252,expanding,1.436441421508789,1.0241608619689941
2016-04-19,momentum,252,expanding,1.4159002304077148,1.0168019533157349
2016-04-20,momentum,252,expanding,0.8986040949821472,0.8764088153839111
2016-04-21,momentum,252,expanding,0.6656411290168762,0.9034509658813477
2016-04-22,momentum,252,expanding,1.4210418462753296,1.0972639322280884
2016-04-25,momentum,252,expanding,1.1113479137420654,0.8032079339027405
2016-04-26,momentum,252,expanding,0.8296947479248047,0.8855881690979004
2016-04-27,momentum,252,expanding,0.7356243133544922,0.7460234761238098
2016-04-28,momentum,252,expanding,4.037270545959473,2.468505620956421
2016-05-02,momentum,252,expanding,1.8852739334106445,1.5405784845352173
2016-05-06,momentum,252,expanding,0.9458868503570557,1.3462867736816406
2016-05-09,momentum,252,expanding,0.6826871633529663,0.7679513692855835
2016-05-10,momentum,252,expanding,0.9034157991409302,1.1211167573928833
2016-05-11,momentum,252,expanding,1.0890073776245117,1.0483273267745972
2016-05-12,momentum,252,expanding,0.887805700302124,1.038140892982483
2016-05-13,momentum,252,expanding,1.1071228981018066,1.260988712310791
2016-05-16,momentum,252,expanding,1.2055784463882446,0.8096946477890015
2016-05-17,momentum,252,expanding,0.8919961452484131,0.8600361347198486
2016-05-18,momentum,252,expanding,1.2892364263534546,0.897478461265564
2016-05-19,momentum,252,expanding,0.8933771848678589,1.0125408172607422
2016-05-20,momentum,252,expanding,0.75895094871521,0.8523553609848022
2016-05-23,momentum,252,expanding,0.9520477056503296,0.8909016847610474
2016-05-24,momentum,252,expanding,0.7333223223686218,0.7771238088607788
2016-05-25,momentum,252,expanding,0.45368456840515137,0.5948103666305542
2016-05-26,momentum,252,expanding,0.6399602293968201,0.6852154731750488
2016-05-27,momentum,252,expanding,0.4759734272956848,0.5562282800674438
2016-05-30,momentum,252,expanding,0.4913768768310547,0.6288694739341736
2016-05-31,momentum,252,expanding,0.518775463104248,0.7914080619812012
2016-06-01,momentum,252,expanding,0.6837883591651917,0.7468796968460083
2016-06-02,momentum,252,expanding,0.9795601963996887,0.921616792678833
2016-06-03,momentum,252,expanding,0.8666326999664307,0.7451820969581604
2016-06-06,momentum,252,expanding,0.863338053226471,0.9029585719108582
2016-06-07,momentum,252,expanding,0.6715475916862488,0.6915154457092285
2016-06-08,momentum,252,expanding,0.8457896709442139,0.7520925402641296
2016-06-09,momentum,252,expanding,0.6698670983314514,0.7747342586517334
2016-06-10,momentum,252,expanding,0.685681164264679,0.7231307625770569
2016-06-13,momentum,252,expanding,0.7422822117805481,1.0761650800704956
2016-06-14,momentum,252,expanding,1.2516831159591675,1.1210821866989136
2016-06-15,momentum,252,expanding,1.0969523191452026,0.8956053256988525
2016-06-16,momentum,252,expanding,1.3885588645935059,1.748355507850647
2016-06-17,momentum,252,expanding,1.1375908851623535,1.0016019344329834
2016-06-20,momentum,252,expanding,0.947904646396637,0.946753978729248
2016-06-21,momentum,252,expanding,0.9108080267906189,1.1384408473968506
2016-06-22,momentum,252,expanding,0.879840075969696,0.8198255896568298
2016-06-23,momentum,252,expanding,0.5856910347938538,0.9179575443267822
2016-06-24,momentum,252,expanding,4.8147125244140625,5.500364780426025
2016-06-27,momentum,252,expanding,1.5696028470993042,1.861628532409668
2016-06-28,momentum,252,expanding,1.5905482769012451,1.7468611001968384
2016-06-29,momentum,252,expanding,1.033029317855835,1.236451268196106
2016-06-30,momentum,252,expanding,0.7376991510391235,0.9752581119537354
2016-07-01,momentum,252,expanding,0.8345628976821899,0.7987606525421143
2016-07-04,momentum,252,expanding,0.8172775506973267,0.7909483313560486
2016-07-05,momentum,252,expanding,0.5802201628684998,0.6125746965408325
2016-07-06,momentum,252,expanding,0.9345049858093262,0.9747978448867798
2016-07-07,momentum,252,expanding,0.960181474685669,0.9611344337463379
2016-07-08,momentum,252,expanding,0.8835567831993103,1.1606696844100952
2016-07-11,momentum,252,expanding,1.0997540950775146,1.2372528314590454
2016-07-12,momentum,252,expanding,1.218227505683899,1.5549964904785156
2016-07-13,momentum,252,expanding,1.0355910062789917,1.103389024734497
2016-07-15,momentum,252,expanding,1.0242836475372314,0.9029586315155029
2016-07-19,momentum,252,expanding,0.6892654895782471,0.8056924343109131
2016-07-20,momentum,252,expanding,0.7020190954208374,0.20636087656021118
2016-07-21,momentum,252,expanding,0.6503658890724182,0.7232550382614136
2016-07-22,momentum,252,expanding,0.7570444941520691,0.688619077205658
2016-07-25,momentum,252,expanding,0.7898123860359192,0.6441819667816162
2016-07-26,momentum,252,expanding,0.8631693720817566,0.7970934510231018
2016-07-27,momentum,252,expanding,1.3050354719161987,0.8804886937141418
2016-07-28,momentum,252,expanding,0.7817545533180237,0.8271409869194031
2016-07-29,momentum,252,expanding,2.9795308113098145,1.2161273956298828
2016-08-01,momentum,252,expanding,0.9494179487228394,1.2494771480560303
2016-08-02,momentum,252,expanding,0.7269504070281982,0.798433780670166
2016-08-03,momentum,252,expanding,1.055442214012146,0.967033863067627
2016-08-04,momentum,252,expanding,1.1775779724121094,1.011873483657837
2016-08-05,momentum,252,expanding,0.73040771484375,0.8242551684379578
2016-08-08,momentum,252,expanding,0.6046476364135742,0.7564230561256409
2016-08-09,momentum,252,expanding,0.6205140352249146,0.6680850386619568
2016-08-10,momentum,252,expanding,0.6798567175865173,0.7444096207618713
2016-08-12,momentum,252,expanding,0.4315864145755768,0.5998687744140625
2016-08-15,momentum,252,expanding,0.36528342962265015,0.4463363289833069
2016-08-16,momentum,252,expanding,1.1133906841278076,0.873985230922699
2016-08-17,momentum,252,expanding,0.6402986645698547,0.6611667275428772
2016-08-18,momentum,252,expanding,0.9901672005653381,0.8374852538108826
2016-08-19,momentum,252,expanding,0.8074475526809692,0.7188418507575989
2016-08-22,momentum,252,expanding,0.514502227306366,0.5152856111526489
2016-08-23,momentum,252,expanding,0.6186231374740601,0.7510160207748413
2016-08-24,momentum,252,expanding,0.5441617965698242,0.5442289710044861
2016-08-25,momentum,252,expanding,0.5232685208320618,0.5119413137435913
2016-08-26,momentum,252,expanding,0.8203985691070557,0.6754334568977356
2016-08-29,momentum,252,expanding,0.5442261099815369,0.5565142631530762
2016-08-30,momentum,252,expanding,0.2758340537548065,0.46454566717147827
2016-08-31,momentum,252,expanding,0.36021187901496887,0.46028202772140503
2016-09-01,momentum,252,expanding,0.418367475271225,0.36712706089019775
2016-09-02,momentum,252,expanding,0.5421878099441528,0.4459471106529236
2016-09-05,momentum,252,expanding,0.5312119722366333,0.45028990507125854
2016-09-06,momentum,252,expanding,0.3416975438594818,0.3608912229537964
2016-09-07,momentum,252,expanding,0.48437196016311646,0.4549076557159424
2016-09-08,momentum,252,expanding,0.5200518369674683,0.5142170786857605
2016-09-09,momentum,252,expanding,0.5697178244590759,0.4639641046524048
2016-09-12,momentum,252,expanding,0.6346680521965027,0.7487834692001343
2016-09-13,momentum,252,expanding,0.6017600297927856,0.4856571555137634
2016-09-14,momentum,252,expanding,0.5983334183692932,0.51985764503479
2016-09-15,momentum,252,expanding,0.6458284854888916,0.6863805651664734
2016-09-16,momentum,252,expanding,0.4097844660282135,0.5263432264328003
2016-09-20,momentum,252,expanding,0.7152199745178223,0.5799541473388672
2016-09-21,momentum,252,expanding,1.261147141456604,1.0687402486801147
2016-09-23,momentum,252,expanding,0.4285288453102112,0.5891151428222656
2016-09-26,momentum,252,expanding,0.5684448480606079,0.688803493976593
2016-09-27,momentum,252,expanding,0.9250689744949341,1.0332471132278442
2016-09-28,momentum,252,expanding,0.5688468217849731,0.6469531059265137
2016-09-29,momentum,252,expanding,0.5725529193878174,0.6266210675239563
2016-09-30,momentum,252,expanding,0.568519115447998,0.5559114813804626
2016-10-03,momentum,252,expanding,0.5273213386535645,0.42324429750442505
2016-10-04,momentum,252,expanding,0.5152956247329712,0.4312185049057007
2016-10-05,momentum,252,expanding,0.4312155842781067,0.4773293733596802
2016-10-06,momentum,252,expanding,0.4694737493991852,0.3633533716201782
2016-10-07,momentum,252,expanding,0.3532298505306244,0.40529924631118774
2016-10-11,momentum,252,expanding,0.5121108293533325,0.4715121388435364
2016-10-12,momentum,252,expanding,0.4256954789161682,0.49055641889572144
2016-10-13,momentum,252,expanding,0.7312415242195129,0.666656494140625
2016-10-14,momentum,252,expanding,0.6834184527397156,0.5208667516708374
2016-10-17,momentum,252,expanding,0.5803168416023254,0.45642369985580444
2016-10-18,momentum,252,expanding,0.39912575483322144,0.4421585202217102
2016-10-19,momentum,252,expanding,0.35592904686927795,0.3640283942222595
2016-10-20,momentum,252,expanding,0.5749053359031677,0.6655983328819275
2016-10-21,momentum,252,expanding,0.5389099717140198,0.48331522941589355
2016-10-24,momentum,252,expanding,0.3968578577041626,0.3838401138782501
2016-10-25,momentum,252,expanding,0.38756951689720154,0.386880099773407
2016-10-26,momentum,252,expanding,0.3842710554599762,0.38247019052505493
2016-10-27,momentum,252,expanding,0.4545227885246277,0.43606865406036377
2016-10-28,momentum,252,expanding,0.28029292821884155,0.3101017475128174
2016-10-31,momentum,252,expanding,0.4442616403102875,0.3315257430076599
2016-11-01,momentum,252,expanding,0.5160276889801025,0.4296220541000366
2016-11-02,momentum,252,expanding,0.6027249097824097,0.6093295216560364
2016-11-04,momentum,252,expanding,0.754879891872406,0.7191882729530334
2016-11-07,momentum,252,expanding,0.6690884232521057,0.4977204203605652
2016-11-08,momentum,252,expanding,0.4833706021308899,0.43272095918655396
2016-11-09,momentum,252,expanding,3.849862575531006,3.9245293140411377
2016-11-10,momentum,252,expanding,2.8114004135131836,2.7485289573669434
2016-11-11,momentum,252,expanding,0.9687204360961914,1.6044872999191284
2016-11-14,momentum,252,expanding,0.7010598182678223,0.9652001261711121
2016-11-15,momentum,252,expanding,0.6072629690170288,0.6159371137619019
2016-11-16,momentum,252,expanding,0.43696674704551697,0.8325412273406982
2016-11-17,momentum,252,expanding,0.6785653233528137,0.5333166718482971
2016-11-18,momentum,252,expanding,0.46601659059524536,0.5080379247665405
2016-11-21,momentum,252,expanding,0.42615148425102234,0.3672439455986023
2016-11-22,momentum,252,expanding,0.5271357893943787,0.6016530990600586
2016-11-24,momentum,252,expanding,0.3814528286457062,0.4828616976737976
2016-11-25,momentum,252,expanding,0.6947544813156128,0.6243457198143005
2016-11-28,momentum,252,expanding,0.5588774681091309,0.6402076482772827
2016-11-29,momentum,252,expanding,0.4100857675075531,0.47251129150390625
2016-11-30,momentum,252,expanding,0.44699668884277344,0.46801137924194336
2016-12-01,momentum,252,expanding,0.7469645738601685,0.714903712272644
2016-12-02,momentum,252,expanding,0.5730465650558472,0.5091052651405334
2016-12-05,momentum,252,expanding,0.5556622743606567,0.5880979895591736
2016-12-06,momentum,252,expanding,0.5522757768630981,0.6015229225158691
2016-12-07,momentum,252,expanding,0.467422217130661,0.4422982931137085
2016-12-08,momentum,252,expanding,0.4401746094226837,0.5458725690841675
2016-12-09,momentum,252,expanding,0.5747639536857605,0.7286498546600342
2016-12-12,momentum,252,expanding,0.7241592407226562,0.7259939908981323
2016-12-13,momentum,252,expanding,0.5973326563835144,0.6340205073356628
2016-12-14,momentum,252,expanding,0.5167465209960938,0.4638049006462097
2016-12-15,momentum,252,expanding,0.8124047517776489,0.6669814586639404
2016-12-16,momentum,252,expanding,0.45954629778862,0.5616016983985901
2016-12-19,momentum,252,expanding,0.3910137116909027,0.4808112680912018
2016-12-20,momentum,252,expanding,0.38114750385284424,0.5304527282714844
2016-12-21,momentum,252,expanding,0.5928018689155579,0.5633907318115234
2016-12-22,momentum,252,expanding,0.5301477313041687,0.44576016068458557
2016-12-26,momentum,252,expanding,0.24589456617832184,0.4321063756942749
2016-12-27,momentum,252,expanding,0.46171602606773376,0.47097405791282654
2016-12-28,momentum,252,expanding,0.35962390899658203,0.41156771779060364
2016-12-29,momentum,252,expanding,0.5747138857841492,0.6759986281394958
2016-12-30,momentum,252,expanding,0.5898568630218506,0.5767784714698792
2017-01-04,momentum,252,expanding,0.5337347984313965,0.8010428547859192
2017-01-05,momentum,252,expanding,0.5212059020996094,0.5427718758583069
2017-01-06,momentum,252,expanding,0.4106443226337433,0.5147484540939331
2017-01-10,momentum,252,expanding,0.7592033743858337,0.6374492049217224
2017-01-11,momentum,252,expanding,0.39782819151878357,0.45261871814727783
2017-01-12,momentum,252,expanding,0.7079029083251953,0.7183944582939148
2017-01-13,momentum,252,expanding,0.5816323757171631,0.5694887042045593
2017-01-16,momentum,252,expanding,0.5695990920066833,0.6245668530464172
2017-01-17,momentum,252,expanding,0.9037089347839355,0.7920511364936829
2017-01-18,momentum,252,expanding,0.7296382784843445,0.7639191746711731
2017-01-19,momentum,252,expanding,0.5663987994194031,0.5068272352218628
2017-01-20,momentum,252,expanding,0.6571333408355713,0.5503164529800415
2017-01-23,momentum,252,expanding,0.6369922757148743,0.594092071056366
2017-01-24,momentum,252,expanding,0.6502918004989624,0.576012909412384
2017-01-25,momentum,252,expanding,0.567960798740387,0.522020697593689
2017-01-26,momentum,252,expanding,0.4774133563041687,0.5556673407554626
2017-01-27,momentum,252,expanding,0.5001634955406189,0.49628400802612305
2017-01-30,momentum,252,expanding,0.42342957854270935,0.4468597173690796
2017-01-31,momentum,252,expanding,0.5440484881401062,0.6205788254737854
2017-02-01,momentum,252,expanding,0.599554717540741,0.6739153265953064
2017-02-02,momentum,252,expanding,0.6822830438613892,0.8506851196289062
2017-02-03,momentum,252,expanding,0.993347704410553,0.7020521759986877
2017-02-06,momentum,252,expanding,0.5606110692024231,0.6198287010192871
2017-02-07,momentum,252,expanding,0.44940534234046936,0.581768274307251
2017-02-08,momentum,252,expanding,0.5361540913581848,0.5206533670425415
2017-02-09,momentum,252,expanding,0.5198953747749329,0.4872437119483948
2017-02-10,momentum,252,expanding,0.45224952697753906,0.6193588972091675
2017-02-13,momentum,252,expanding,0.48835280537605286,0.4377007484436035
2017-02-14,momentum,252,expanding,0.6370822191238403,0.7827511429786682
2017-02-15,momentum,252,expanding,0.340157151222229,0.4410681128501892
2017-02-16,momentum,252,expanding,0.5591628551483154,0.5271480083465576
2017-02-17,momentum,252,expanding,0.5008618235588074,0.4431619942188263
2017-02-20,momentum,252,expanding,0.4872017502784729,0.4522549510002136
2017-02-21,momentum,252,expanding,0.34451714158058167,0.4333590865135193
2017-02-22,momentum,252,expanding,0.39753925800323486,0.3819237947463989
2017-02-23,momentum,252,expanding,0.466205358505249,0.4018488824367523
2017-02-24,momentum,252,expanding,0.545671820640564,0.48420438170433044
2017-02-27,momentum,252,expanding,0.7651416659355164,0.5474115610122681
2017-02-28,momentum,252,expanding,0.5095508098602295,0.49980348348617554
2017-03-01,momentum,252,expanding,1.0389153957366943,0.5999775528907776
2017-03-02,momentum,252,expanding,0.48378822207450867,0.46183934807777405
2017-03-03,momentum,252,expanding,0.4679069221019745,0.5832703113555908
2017-03-06,momentum,252,expanding,0.389076828956604,0.36704200506210327
2017-03-07,momentum,252,expanding,0.2934364378452301,0.352387011051178
2017-03-08,momentum,252,expanding,0.40689361095428467,0.44701486825942993
2017-03-09,momentum,252,expanding,0.4072078466415405,0.3837529420852661
2017-03-10,momentum,252,expanding,0.41239941120147705,0.5041562914848328
2017-03-13,momentum,252,expanding,0.3549025356769562,0.39869704842567444
2017-03-14,momentum,252,expanding,0.19915147125720978,0.2938505709171295
2017-03-15,momentum,252,expanding,0.28464585542678833,0.35050541162490845
2017-03-16,momentum,252,expanding,0.4710002541542053,0.3996204137802124
2017-03-17,momentum,252,expanding,0.3494258224964142,0.35268479585647583
2017-03-21,momentum,252,expanding,0.3881458342075348,0.45315688848495483
2017-03-22,momentum,252,expanding,0.5327169299125671,0.5686808228492737
2017-03-23,momentum,252,expanding,0.5453264713287354,0.5602650046348572
2017-03-24,momentum,252,expanding,0.5885257720947266,0.654868483543396
2017-03-27,momentum,252,expanding,0.567314624786377,0.6274397969245911
2017-03-28,momentum,252,expanding,0.3235222101211548,0.4435546398162842
2017-03-29,momentum,252,expanding,0.4340902268886566,0.3931456208229065
2017-03-30,momentum,252,expanding,0.4922437369823456,0.5702865123748779
2017-03-31,momentum,252,expanding,0.6181417107582092,0.8425223231315613
2017-04-03,momentum,252,expanding,0.554695725440979,0.5686894655227661
2017-04-04,momentum,252,expanding,0.8538081645965576,0.7107555866241455
2017-04-05,momentum,252,expanding,0.6399348378181458,0.6176931262016296
2017-04-06,momentum,252,expanding,0.7462509870529175,0.8754931092262268
2017-04-07,momentum,252,expanding,1.2681001424789429,0.8440844416618347
2017-04-10,momentum,252,expanding,0.5491471290588379,0.5600107312202454
2017-04-11,momentum,252,expanding,0.49296948313713074,0.49803900718688965
2017-04-12,momentum,252,expanding,0.6030780076980591,0.6088353395462036
2017-04-13,momentum,252,expanding,0.5938684940338135,0.6153531074523926
2017-04-14,momentum,252,expanding,0.8515931367874146,0.8354811668395996
2017-04-17,momentum,252,expanding,0.48604291677474976,0.5725839138031006
2017-04-18,momentum,252,expanding,0.5073956847190857,0.6488048434257507
2017-04-19,momentum,252,expanding,0.5813726782798767,0.5396522283554077
2017-04-20,momentum,252,expanding,0.43500199913978577,0.5109396576881409
2017-04-21,momentum,252,expanding,0.39241188764572144,0.44504669308662415
2017-04-24,momentum,252,expanding,0.42685386538505554,0.38808491826057434
2017-04-25,momentum,252,expanding,0.49349895119667053,0.6518983840942383
2017-04-26,momentum,252,expanding,0.4114079773426056,0.48526531457901
2017-04-27,momentum,252,expanding,0.34631532430648804,0.35556530952453613
2017-04-28,momentum,252,expanding,0.3932180404663086,0.3746922016143799
2017-05-01,momentum,252,expanding,0.3774406313896179,0.44128286838531494
2017-05-02,momentum,252,expanding,0.37212073802948,0.4379461109638214
2017-05-08,momentum,252,expanding,0.44683367013931274,0.5644804835319519
2017-05-09,momentum,252,expanding,0.39351949095726013,0.35943493247032166
2017-05-10,momentum,252,expanding,0.42751917243003845,0.35087963938713074
2017-05-11,momentum,252,expanding,0.29772090911865234,0.30920225381851196
2017-05-12,momentum,252,expanding,0.35534149408340454,0.36874642968177795
2017-05-15,momentum,252,expanding,0.34672462940216064,0.3816441297531128
2017-05-16,momentum,252,expanding,0.3364280164241791,0.41254478693008423
2017-05-17,momentum,252,expanding,0.3780445158481598,0.37401431798934937
2017-05-18,momentum,252,expanding,0.5265839099884033,0.5971896052360535
2017-05-19,momentum,252,expanding,0.4414779543876648,0.5037778615951538
2017-05-22,momentum,252,expanding,0.36917227506637573,0.41133445501327515
2017-05-23,momentum,252,expanding,0.34763866662979126,0.43066781759262085
2017-05-24,momentum,252,expanding,0.32782188057899475,0.3737220764160156
2017-05-25,momentum,252,expanding,0.40404069423675537,0.39974111318588257
2017-05-26,momentum,252,expanding,0.3713332414627075,0.4440764784812927
2017-05-29,momentum,252,expanding,0.3818655014038086,0.4006654620170593
2017-05-30,momentum,252,expanding,0.4150547385215759,0.41882407665252686
2017-05-31,momentum,252,expanding,0.3541814386844635,0.3792981505393982
2017-06-01,momentum,252,expanding,0.47901082038879395,0.5045921206474304
2017-06-02,momentum,252,expanding,0.5777614712715149,0.6905449032783508
2017-06-05,momentum,252,expanding,0.3939054012298584,0.4363723397254944
2017-06-06,momentum,252,expanding,0.554668128490448,0.602312445640564
2017-06-07,momentum,252,expanding,0.4237467348575592,0.4300037622451782
2017-06-08,momentum,252,expanding,0.4978974163532257,0.47972196340560913
2017-06-09,momentum,252,expanding,0.6266583800315857,0.5512580275535583
2017-06-12,momentum,252,expanding,0.5305700302124023,0.4462629556655884
2017-06-13,momentum,252,expanding,0.3174573481082916,0.3647919297218323
2017-06-14,momentum,252,expanding,0.4122343063354492,0.4208182096481323
2017-06-15,momentum,252,expanding,0.6944157481193542,0.5342078804969788
2017-06-16,momentum,252,expanding,0.5459339022636414,0.5276005268096924
2017-06-19,momentum,252,expanding,0.3742663562297821,0.3975376486778259
2017-06-20,momentum,252,expanding,0.3689539432525635,0.34164565801620483
2017-06-21,momentum,252,expanding,0.3816809058189392,0.3766475319862366
2017-06-22,momentum,252,expanding,0.41244298219680786,0.33628198504447937
2017-06-23,momentum,252,expanding,0.352920264005661,0.3111649453639984
2017-06-26,momentum,252,expanding,0.30464795231819153,0.29349565505981445
2017-06-27,momentum,252,expanding,0.29076769948005676,0.30842125415802
2017-06-28,momentum,252,expanding,0.37377670407295227,0.36791831254959106
2017-06-29,momentum,252,expanding,0.3148251473903656,0.3140316605567932
2017-06-30,momentum,252,expanding,0.3880715072154999,0.43067699670791626
2017-07-03,momentum,252,expanding,0.3163602352142334,0.30995047092437744
2017-07-04,momentum,252,expanding,0.4551140069961548,0.5001659989356995
2017-07-05,momentum,252,expanding,0.49905383586883545,0.485992968082428
2017-07-06,momentum,252,expanding,0.4543601870536804,0.447878897190094
2017-07-07,momentum,252,expanding,0.5333593487739563,0.4677630066871643
2017-07-10,momentum,252,expanding,0.34752047061920166,0.37457454204559326
2017-07-11,momentum,252,expanding,0.2637716829776764,0.3857479691505432
2017-07-12,momentum,252,expanding,0.3750652074813843,0.38323158025741577
2017-07-13,momentum,252,expanding,0.333103746175766,0.37039971351623535
2017-07-14,momentum,252,expanding,0.2998218238353729,0.33631667494773865
2017-07-18,momentum,252,expanding,0.45818954706192017,0.4260828495025635
2017-07-19,momentum,252,expanding,0.26045599579811096,0.3711451590061188
2017-07-20,momentum,252,expanding,0.3284386694431305,0.37531787157058716
2017-07-21,momentum,252,expanding,0.2574783265590668,0.3308885097503662
2017-07-24,momentum,252,expanding,0.3286445736885071,0.38614070415496826
2017-07-25,momentum,252,expanding,0.30891701579093933,0.3589176535606384
2017-07-26,momentum,252,expanding,0.3010370135307312,0.36833250522613525
2017-07-27,momentum,252,expanding,0.42826879024505615,0.4613810181617737
2017-07-28,momentum,252,expanding,0.3269859850406647,0.4419602155685425
2017-07-31,momentum,252,expanding,0.34381335973739624,0.36807504296302795
2017-08-01,momentum,252,expanding,0.3701228201389313,0.35111552476882935
2017-08-02,momentum,252,expanding,0.3556900918483734,0.377072274684906
2017-08-03,momentum,252,expanding,0.3795364201068878,0.362456738948822
2017-08-04,momentum,252,expanding,0.2055077999830246,0.34201914072036743
2017-08-07,momentum,252,expanding,0.19880962371826172,0.3054790794849396
2017-08-08,momentum,252,expanding,0.29422396421432495,0.3751826286315918
2017-08-09,momentum,252,expanding,0.7205450534820557,0.7330002784729004
2017-08-10,momentum,252,expanding,0.463077574968338,0.5300508141517639
2017-08-14,momentum,252,expanding,0.473076730966568,0.4859757125377655
2017-08-15,momentum,252,expanding,0.4876159727573395,0.48840901255607605
2017-08-16,momentum,252,expanding,0.30335959792137146,0.3199215233325958
2017-08-17,momentum,252,expanding,0.3221808671951294,0.38172096014022827
2017-08-18,momentum,252,expanding,0.39281168580055237,0.48390087485313416
2017-08-21,momentum,252,expanding,0.39614400267601013,0.46663573384284973
2017-08-22,momentum,252,expanding,0.3709500730037689,0.395565927028656
2017-08-23,momentum,252,expanding,0.3755699694156647,0.4409481883049011
2017-08-24,momentum,252,expanding,0.3368798494338989,0.41224750876426697
2017-08-25,momentum,252,expanding,0.3610420525074005,0.3843480050563812
2017-08-28,momentum,252,expanding,0.3978266417980194,0.3977428674697876
2017-08-29,momentum,252,expanding,0.3437117338180542,0.34317588806152344
2017-08-30,momentum,252,expanding,0.3561752140522003,0.39312154054641724
2017-08-31,momentum,252,expanding,0.33029797673225403,0.37542080879211426
2017-09-01,momentum,252,expanding,0.332030713558197,0.3941604793071747
2017-09-04,momentum,252,expanding,0.4532468318939209,0.4667145907878876
2017-09-05,momentum,252,expanding,0.5307310223579407,0.48620036244392395
2017-09-06,momentum,252,expanding,0.480851411819458,0.4031662940979004
2017-09-07,momentum,252,expanding,0.4125109910964966,0.4519811272621155
2017-09-08,momentum,252,expanding,0.3551175892353058,0.5059418678283691
2017-09-11,momentum,252,expanding,0.41913726925849915,0.41341865062713623
2017-09-12,momentum,252,expanding,0.2889225482940674,0.3455584943294525
2017-09-13,momentum,252,expanding,0.2281825691461563,0.30303865671157837
2017-09-14,momentum,252,expanding,0.39802828431129456,0.40097731351852417
2017-09-15,momentum,252,expanding,0.4315425455570221,0.4283648729324341
2017-09-19,momentum,252,expanding,0.41981470584869385,0.5256717205047607
2017-09-20,momentum,252,expanding,0.3753698170185089,0.31562620401382446
2017-09-21,momentum,252,expanding,0.4398660659790039,0.402818500995636
2017-09-22,momentum,252,expanding,0.4256897270679474,0.46642976999282837
2017-09-25,momentum,252,expanding,0.33988216519355774,0.3295891284942627
2017-09-26,momentum,252,expanding,0.3098033368587494,0.3538723587989807
2017-09-27,momentum,252,expanding,0.3621155619621277,0.3444434404373169
2017-09-28,momentum,252,expanding,0.4497576355934143,0.35571473836898804
2017-09-29,momentum,252,expanding,0.30817118287086487,0.3470929265022278
2017-10-02,momentum,252,expanding,0.2820300757884979,0.2843717336654663
2017-10-03,momentum,252,expanding,0.3789536952972412,0.45730292797088623
2017-10-04,momentum,252,expanding,0.35210856795310974,0.3376522660255432
2017-10-05,momentum,252,expanding,0.22345025837421417,0.29100215435028076
2017-10-06,momentum,252,expanding,0.20977941155433655,0.27147698402404785
2017-10-10,momentum,252,expanding,0.33375677466392517,0.41358089447021484
2017-10-11,momentum,252,expanding,0.24373097717761993,0.33599263429641724
2017-10-12,momentum,252,expanding,0.3042336702346802,0.26512429118156433
2017-10-13,momentum,252,expanding,0.5592812299728394,0.575587272644043
2017-10-16,momentum,252,expanding,0.40989425778388977,0.41237133741378784
2017-10-17,momentum,252,expanding,0.48555681109428406,0.4344401955604553
2017-10-18,momentum,252,expanding,0.3365372121334076,0.3446657657623291
2017-10-19,momentum,252,expanding,0.4043932557106018,0.35325366258621216
2017-10-20,momentum,252,expanding,0.3449465036392212,0.3965253233909607
2017-10-23,momentum,252,expanding,0.4389392137527466,0.3608890473842621
2017-10-24,momentum,252,expanding,0.41826221346855164,0.4291365146636963
2017-10-25,momentum,252,expanding,0.6329922080039978,0.5532412528991699
2017-10-26,momentum,252,expanding,0.4832971692085266,0.37110409140586853
2017-10-27,momentum,252,expanding,0.48714587092399597,0.5203455090522766
2017-10-30,momentum,252,expanding,0.47036778926849365,0.4349449872970581
2017-10-31,momentum,252,expanding,0.3885367512702942,0.4549941420555115
2017-11-01,momentum,252,expanding,0.5531220436096191,0.6295601725578308
2017-11-02,momentum,252,expanding,0.5724515914916992,0.4079883098602295
2017-11-06,momentum,252,expanding,0.4866372048854828,0.4842573404312134
2017-11-07,momentum,252,expanding,0.6887922286987305,0.8521736264228821
2017-11-08,momentum,252,expanding,0.4630116820335388,0.47938108444213867
2017-11-09,momentum,252,expanding,1.6643542051315308,1.5236852169036865
2017-11-10,momentum,252,expanding,0.8559525609016418,0.9753091335296631
2017-11-13,momentum,252,expanding,0.6097328066825867,0.7577016353607178
2017-11-14,momentum,252,expanding,0.8294748067855835,0.6308252811431885
2017-11-15,momentum,252,expanding,1.0065264701843262,0.8189086318016052
2017-11-16,momentum,252,expanding,0.7849319577217102,0.9636588096618652
2017-11-17,momentum,252,expanding,1.3172125816345215,1.0421465635299683
2017-11-20,momentum,252,expanding,0.7679080963134766,0.7626082301139832
2017-11-21,momentum,252,expanding,0.5739060640335083,0.5518015623092651
2017-11-22,momentum,252,expanding,0.4886974096298218,0.5104007720947266
2017-11-24,momentum,252,expanding,0.47737249732017517,0.5436462163925171
2017-11-27,momentum,252,expanding,0.5906118750572205,0.5869787335395813
2017-11-28,momentum,252,expanding,0.6550170183181763,0.5671343207359314
2017-11-29,momentum,252,expanding,0.4876325726509094,0.4270594120025635
2017-11-30,momentum,252,expanding,0.6091470718383789,0.4990643262863159
2017-12-01,momentum,252,expanding,0.7975608110427856,0.6904383897781372
2017-12-04,momentum,252,expanding,0.48781418800354004,0.5664686560630798
2017-12-05,momentum,252,expanding,0.47832804918289185,0.4968475103378296
2017-12-06,momentum,252,expanding,0.9541304111480713,0.8959884643554688
2017-12-07,momentum,252,expanding,0.6339752078056335,0.6037918329238892
2017-12-08,momentum,252,expanding,0.4935559034347534,0.5677750110626221
2017-12-11,momentum,252,expanding,0.40482521057128906,0.4393462538719177
2017-12-12,momentum,252,expanding,0.3842228651046753,0.46868687868118286
2017-12-13,momentum,252,expanding,0.5078349709510803,0.5205366015434265
2017-12-14,momentum,252,expanding,0.4510388970375061,0.40336546301841736
2017-12-15,momentum,252,expanding,0.683292806148529,0.6247628927230835
2017-12-18,momentum,252,expanding,0.4467015266418457,0.5164618492126465
2017-12-19,momentum,252,expanding,0.4219369888305664,0.38494572043418884
2017-12-20,momentum,252,expanding,0.39326557517051697,0.3937464654445648
2017-12-21,momentum,252,expanding,0.4246341586112976,0.4033554196357727
2017-12-22,momentum,252,expanding,0.3615369498729706,0.39823251962661743
2017-12-25,momentum,252,expanding,0.23327940702438354,0.3019079566001892
2017-12-26,momentum,252,expanding,0.2286783903837204,0.275617390871048
2017-12-27,momentum,252,expanding,0.24827373027801514,0.31886881589889526
2017-12-28,momentum,252,expanding,0.37999075651168823,0.4785770773887634
2017-12-29,momentum,252,expanding,0.33475250005722046,0.37454351782798767
2018-01-04,momentum,252,expanding,0.7297337055206299,0.7858363389968872
2018-01-05,momentum,252,expanding,0.5333000421524048,0.5659886598587036
2018-01-09,momentum,252,expanding,0.4390498399734497,0.41479822993278503
2018-01-10,momentum,252,expanding,0.3658061623573303,0.3595116436481476
2018-01-11,momentum,252,expanding,0.5198746919631958,0.3739507794380188
2018-01-12,momentum,252,expanding,0.423579603433609,0.4715661406517029
2018-01-15,momentum,252,expanding,0.3797820508480072,0.4102640748023987
2018-01-16,momentum,252,expanding,0.4337761104106903,0.5133965015411377
2018-01-17,momentum,252,expanding,0.4693595767021179,0.41927820444107056
2018-01-18,momentum,252,expanding,0.884577214717865,0.6987024545669556
2018-01-19,momentum,252,expanding,0.24005931615829468,0.5165964961051941
2018-01-22,momentum,252,expanding,0.4376074969768524,0.3758625388145447
2018-01-23,momentum,252,expanding,0.49888932704925537,0.4797411561012268
2018-01-24,momentum,252,expanding,0.3888152241706848,0.441087543964386
2018-01-25,momentum,252,expanding,0.5492798089981079,0.5630899667739868
2018-01-26,momentum,252,expanding,0.4855218827724457,0.5280899405479431
2018-01-29,momentum,252,expanding,0.5008461475372314,0.5085198879241943
2018-01-30,momentum,252,expanding,0.6938268542289734,0.7966390252113342
2018-01-31,momentum,252,expanding,0.6818748116493225,0.6912707686424255
2018-02-01,momentum,252,expanding,0.5882114768028259,0.616256833076477
2018-02-02,momentum,252,expanding,0.700230598449707,0.7064968943595886
2018-02-05,momentum,252,expanding,0.9624348878860474,0.8537527918815613
2018-02-06,momentum,252,expanding,2.662376880645752,2.607785224914551
2018-02-07,momentum,252,expanding,1.7914530038833618,1.808606505393982
2018-02-08,momentum,252,expanding,1.1625701189041138,1.2735720872879028
2018-02-09,momentum,252,expanding,1.7603399753570557,1.4141162633895874
2018-02-13,momentum,252,expanding,1.0245187282562256,1.266943097114563
2018-02-14,momentum,252,expanding,1.3764359951019287,1.3453818559646606
2018-02-15,momentum,252,expanding,1.0609124898910522,0.961357057094574
2018-02-16,momentum,252,expanding,1.0465106964111328,1.090221881866455
2018-02-19,momentum,252,expanding,0.6847185492515564,0.9298244118690491
2018-02-20,momentum,252,expanding,0.7512773275375366,0.9493688941001892
2018-02-21,momentum,252,expanding,0.8599793314933777,0.8663033843040466
2018-02-22,momentum,252,expanding,0.8276328444480896,0.7313732504844666
2018-02-23,momentum,252,expanding,0.5382821559906006,0.7430683970451355
2018-02-26,momentum,252,expanding,0.6468197703361511,0.6111088991165161
2018-02-27,momentum,252,expanding,0.5903192162513733,0.5995714664459229
2018-02-28,momentum,252,expanding,0.7639489769935608,0.80592942237854
2018-03-01,momentum,252,expanding,0.7273944020271301,0.7236831188201904
2018-03-02,momentum,252,expanding,1.1421468257904053,0.9790469408035278
2018-03-05,momentum,252,expanding,0.9346277117729187,0.8670118451118469
2018-03-06,momentum,252,expanding,0.6217877864837646,0.6561054587364197
2018-03-07,momentum,252,expanding,0.9915945529937744,0.803199052810669
2018-03-08,momentum,252,expanding,0.6258847117424011,0.6601815819740295
2018-03-09,momentum,252,expanding,1.2000478506088257,1.1079071760177612
2018-03-12,momentum,252,expanding,0.9550619721412659,0.8004772663116455
2018-03-13,momentum,252,expanding,0.6140462160110474,0.736973762512207
2018-03-14,momentum,252,expanding,0.664049506187439,0.6557598114013672
2018-03-15,momentum,252,expanding,0.7490875720977783,0.6812065243721008
2018-03-16,momentum,252,expanding,0.6029006242752075,0.7411289215087891
2018-03-19,momentum,252,expanding,0.8381118178367615,0.8085674047470093
2018-03-20,momentum,252,expanding,0.5868405103683472,0.6451988220214844
2018-03-22,momentum,252,expanding,0.7125630974769592,0.6896664500236511
2018-03-23,momentum,252,expanding,1.4400233030319214,1.4121752977371216
2018-03-26,momentum,252,expanding,1.1828986406326294,1.158751130104065
2018-03-27,momentum,252,expanding,0.8745975494384766,1.0518330335617065
2018-03-28,momentum,252,expanding,1.234853982925415,0.9205905199050903
2018-03-29,momentum,252,expanding,0.796487033367157,0.9448427557945251
2018-03-30,momentum,252,expanding,0.7519609928131104,0.6950159668922424
2018-04-02,momentum,252,expanding,0.6645634174346924,0.6659063100814819
2018-04-03,momentum,252,expanding,0.7727484703063965,0.7278569340705872
2018-04-04,momentum,252,expanding,0.7434329390525818,0.6045651435852051
2018-04-05,momentum,252,expanding,0.6863859295845032,0.7225245833396912
2018-04-06,momentum,252,expanding,0.8401995897293091,0.6596125960350037
2018-04-09,momentum,252,expanding,0.6438480019569397,0.6316137313842773
2018-04-10,momentum,252,expanding,0.884801983833313,0.8365399837493896
2018-04-11,momentum,252,expanding,0.4243650436401367,0.5882648229598999
2018-04-12,momentum,252,expanding,0.5920926928520203,0.5138168334960938
2018-04-13,momentum,252,expanding,0.5822346806526184,0.5843499898910522
2018-04-16,momentum,252,expanding,0.5365098714828491,0.3352280855178833
2018-04-17,momentum,252,expanding,0.47068092226982117,0.4490676522254944
2018-04-18,momentum,252,expanding,0.5260350704193115,0.6087639927864075
2018-04-19,momentum,252,expanding,0.46975892782211304,0.43344464898109436
2018-04-20,momentum,252,expanding,0.5371811985969543,0.48494336009025574
2018-04-23,momentum,252,expanding,0.5037749409675598,0.4168239235877991
2018-04-24,momentum,252,expanding,0.4421188235282898,0.4312797784805298
2018-04-25,momentum,252,expanding,0.4739097058773041,0.41907888650894165
2018-04-26,momentum,252,expanding,0.4815533757209778,0.3346378803253174
2018-04-27,momentum,252,expanding,0.5080338716506958,0.41478124260902405
2018-05-01,momentum,252,expanding,0.296428382396698,0.36171436309814453
2018-05-02,momentum,252,expanding,0.3486405611038208,0.412268728017807
2018-05-07,momentum,252,expanding,0.4484216868877411,0.4025949537754059
2018-05-08,momentum,252,expanding,0.31898146867752075,0.3915184736251831
2018-05-09,momentum,252,expanding,0.4115622043609619,0.3764292597770691
2018-05-10,momentum,252,expanding,0.33365634083747864,0.37401995062828064
2018-05-11,momentum,252,expanding,0.44257473945617676,0.5202052593231201
2018-05-14,momentum,252,expanding,0.384793221950531,0.48566943407058716
2018-05-15,momentum,252,expanding,0.30515021085739136,0.3648145794868469
2018-05-16,momentum,252,expanding,0.346852570772171,0.3912653923034668
2018-05-17,momentum,252,expanding,0.27528849244117737,0.2932260036468506
2018-05-18,momentum,252,expanding,0.3454437255859375,0.3135712146759033
2018-05-21,momentum,252,expanding,0.32600724697113037,0.33711957931518555
2018-05-22,momentum,252,expanding,0.2709905505180359,0.3141118288040161
2018-05-23,momentum,252,expanding,0.7105817794799805,0.6340177655220032
2018-05-24,momentum,252,expanding,0.6187455058097839,0.7338975071907043
2018-05-25,momentum,252,expanding,0.704705536365509,0.5642049908638
2018-05-28,momentum,252,expanding,0.4166138768196106,0.48110657930374146
2018-05-29,momentum,252,expanding,0.5838590264320374,0.5436062216758728
2018-05-30,momentum,252,expanding,0.6950572729110718,0.5423651933670044
2018-05-31,momentum,252,expanding,0.5134791731834412,0.5113782286643982
2018-06-01,momentum,252,expanding,0.6390247941017151,0.610689103603363
2018-06-04,momentum,252,expanding,0.3911464214324951,0.45119035243988037
2018-06-05,momentum,252,expanding,0.5080658197402954,0.3697693943977356
2018-06-06,momentum,252,expanding,0.38480204343795776,0.45028865337371826
2018-06-07,momentum,252,expanding,0.36689993739128113,0.35938793420791626
2018-06-08,momentum,252,expanding,0.49647194147109985,0.510824978351593
2018-06-11,momentum,252,expanding,0.4407244622707367,0.4672568440437317
2018-06-12,momentum,252,expanding,0.7177621722221375,0.48696327209472656
2018-06-13,momentum,252,expanding,0.3510344326496124,0.3906685709953308
2018-06-14,momentum,252,expanding,0.43332335352897644,0.4943848252296448
2018-06-15,momentum,252,expanding,0.39284953474998474,0.3998575210571289
2018-06-18,momentum,252,expanding,0.4782050549983978,0.4952618479728699
2018-06-19,momentum,252,expanding,0.5831729769706726,0.7714518904685974
2018-06-20,momentum,252,expanding,0.6759942770004272,0.8452274799346924
2018-06-21,momentum,252,expanding,0.6864572763442993,0.6457361578941345
2018-06-22,momentum,252,expanding,0.6141883730888367,0.5562071800231934
2018-06-25,momentum,252,expanding,0.5162874460220337,0.6384372115135193
2018-06-26,momentum,252,expanding,0.7514771223068237,0.6119604110717773
2018-06-27,momentum,252,expanding,0.5138838291168213,0.47557395696640015
2018-06-28,momentum,252,expanding,0.7328671216964722,0.6256898045539856
2018-06-29,momentum,252,expanding,0.611173689365387,0.613086998462677
2018-07-02,momentum,252,expanding,0.7177535891532898,1.1956297159194946
2018-07-03,momentum,252,expanding,0.9753636717796326,0.9143813848495483
2018-07-04,momentum,252,expanding,0.6834385991096497,0.6097268462181091
2018-07-05,momentum,252,expanding,0.7831941246986389,0.8702797293663025
2018-07-06,momentum,252,expanding,0.8980386853218079,0.7461389303207397
2018-07-09,momentum,252,expanding,0.5908731818199158,0.6791937351226807
2018-07-10,momentum,252,expanding,0.6311760544776917,0.4571949243545532
2018-07-11,momentum,252,expanding,0.8431442975997925,0.7845686078071594
2018-07-12,momentum,252,expanding,0.5870678424835205,0.6544389128684998
2018-07-13,momentum,252,expanding,0.6552625894546509,0.8921598792076111
2018-07-17,momentum,252,expanding,0.5821733474731445,0.6144908666610718
2018-07-18,momentum,252,expanding,0.42970356345176697,0.5034000873565674
2018-07-19,momentum,252,expanding,0.47666436433792114,0.4329714775085449
2018-07-20,momentum,252,expanding,0.8711857199668884,0.6984803080558777
2018-07-23,momentum,252,expanding,0.5568627119064331,0.5763927698135376
2018-07-24,momentum,252,expanding,0.5090151429176331,0.4717371463775635
2018-07-25,momentum,252,expanding,0.4510376453399658,0.388796865940094
2018-07-26,momentum,252,expanding,0.5616334676742554,0.48107248544692993
2018-07-27,momentum,252,expanding,0.3889598250389099,0.41841375827789307
2018-07-30,momentum,252,expanding,0.4640935957431793,0.36127758026123047
2018-07-31,momentum,252,expanding,0.851050078868866,0.6776137351989746
2018-08-01,momentum,252,expanding,0.34879496693611145,0.4773690700531006
2018-08-02,momentum,252,expanding,0.5820848345756531,0.7228590846061707
2018-08-03,momentum,252,expanding,0.47341737151145935,0.447488009929657
2018-08-06,momentum,252,expanding,0.47783514857292175,0.4134693741798401
2018-08-07,momentum,252,expanding,0.38243111968040466,0.4629066586494446
2018-08-08,momentum,252,expanding,0.5511147379875183,0.4540937542915344
2018-08-09,momentum,252,expanding,0.4188486337661743,0.4909154772758484
2018-08-10,momentum,252,expanding,0.7488698959350586,0.8420442342758179
2018-08-13,momentum,252,expanding,0.6856234669685364,0.8056532740592957
2018-08-14,momentum,252,expanding,0.6557826995849609,0.7440940141677856
2018-08-15,momentum,252,expanding,0.6306971311569214,0.6871533393859863
2018-08-16,momentum,252,expanding,1.0435656309127808,0.8984314799308777
2018-08-17,momentum,252,expanding,0.46941277384757996,0.5774461030960083
2018-08-20,momentum,252,expanding,0.5433439016342163,0.47264552116394043
2018-08-21,momentum,252,expanding,0.45044198632240295,0.642393171787262
2018-08-22,momentum,252,expanding,0.49673768877983093,0.593586266040802
2018-08-23,momentum,252,expanding,0.39519086480140686,0.42100054025650024
2018-08-24,momentum,252,expanding,0.3039572834968567,0.4110718369483948
2018-08-27,momentum,252,expanding,0.34655192494392395,0.4063204526901245
2018-08-28,momentum,252,expanding,0.43439406156539917,0.453044593334198
2018-08-29,momentum,252,expanding,0.5130409002304077,0.39585232734680176
2018-08-30,momentum,252,expanding,0.48486024141311646,0.4595721364021301
2018-08-31,momentum,252,expanding,0.48860079050064087,0.4914461374282837
2018-09-03,momentum,252,expanding,0.4690362811088562,0.40467074513435364
2018-09-04,momentum,252,expanding,0.5739396214485168,0.4055229425430298
2018-09-05,momentum,252,expanding,0.5631270408630371,0.3990771472454071
2018-09-06,momentum,252,expanding,0.5140722393989563,0.4580802619457245
2018-09-07,momentum,252,expanding,0.5780898928642273,0.6325324773788452
2018-09-10,momentum,252,expanding,0.5472757816314697,0.4281778633594513
2018-09-11,momentum,252,expanding,0.4658086895942688,0.48795562982559204
2018-09-12,momentum,252,expanding,0.5257013440132141,0.4666232168674469
2018-09-13,momentum,252,expanding,0.6436496376991272,0.4997878670692444
2018-09-14,momentum,252,expanding,0.4679134786128998,0.4392007291316986
2018-09-18,momentum,252,expanding,0.6939281821250916,0.761394739151001
2018-09-19,momentum,252,expanding,0.5370125770568848,0.4872541129589081
2018-09-20,momentum,252,expanding,0.5405445098876953,0.4869551360607147
2018-09-21,momentum,252,expanding,0.6104193925857544,0.5418189764022827
2018-09-25,momentum,252,expanding,0.34870249032974243,0.4126335084438324
2018-09-26,momentum,252,expanding,0.40396079421043396,0.4287874102592468
2018-09-27,momentum,252,expanding,0.707329511642456,0.6473859548568726
2018-09-28,momentum,252,expanding,0.7486137747764587,0.6009141802787781
2018-10-01,momentum,252,expanding,0.5283595323562622,0.4868803024291992
2018-10-02,momentum,252,expanding,0.7021089792251587,0.5025149583816528
2018-10-03,momentum,252,expanding,0.696593165397644,0.5322525501251221
2018-10-04,momentum,252,expanding,0.8494706749916077,0.6569116711616516
2018-10-05,momentum,252,expanding,0.7709391713142395,0.6783953309059143
2018-10-09,momentum,252,expanding,0.676230251789093,0.534534215927124
2018-10-10,momentum,252,expanding,0.708649754524231,0.5931393504142761
2018-10-11,momentum,252,expanding,1.5159512758255005,1.177459478378296
2018-10-12,momentum,252,expanding,1.3891196250915527,1.071271538734436
2018-10-15,momentum,252,expanding,0.8825310468673706,1.0263574123382568
2018-10-16,momentum,252,expanding,0.8684406280517578,0.8687050342559814
2018-10-17,momentum,252,expanding,0.6555885672569275,0.6550877094268799
2018-10-18,momentum,252,expanding,0.6317754983901978,0.71323561668396
2018-10-19,momentum,252,expanding,0.7905831336975098,0.8877845406532288
2018-10-22,momentum,252,expanding,0.8299604654312134,0.8634071946144104
2018-10-23,momentum,252,expanding,0.7279755473136902,0.9474493265151978
2018-10-24,momentum,252,expanding,1.260615348815918,0.8623692989349365
2018-10-25,momentum,252,expanding,1.5454463958740234,1.4123116731643677
2018-10-26,momentum,252,expanding,1.4846060276031494,1.3206110000610352
2018-10-29,momentum,252,expanding,1.070223093032837,1.1858575344085693
2018-10-30,momentum,252,expanding,1.162065863609314,1.2068125009536743
2018-10-31,momentum,252,expanding,0.8137264847755432,1.039770245552063
2018-11-01,momentum,252,expanding,0.976573646068573,0.9615799784660339
2018-11-02,momentum,252,expanding,1.4086028337478638,1.2627277374267578
2018-11-05,momentum,252,expanding,0.900715708732605,0.9007369875907898
2018-11-06,momentum,252,expanding,0.5100858807563782,0.7049685120582581
2018-11-07,momentum,252,expanding,1.5261914730072021,0.9538878798484802
2018-11-08,momentum,252,expanding,0.5124989748001099,0.6801035404205322
2018-11-09,momentum,252,expanding,0.7320142984390259,0.8349183797836304
2018-11-12,momentum,252,expanding,0.6942641139030457,0.6267054677009583
2018-11-13,momentum,252,expanding,1.3598114252090454,1.0036203861236572
2018-11-14,momentum,252,expanding,1.0212225914001465,0.7829824090003967
2018-11-15,momentum,252,expanding,0.8335931897163391,0.7750030755996704
2018-11-16,momentum,252,expanding,0.7385746836662292,0.7934531569480896
2018-11-19,momentum,252,expanding,0.7289868593215942,0.6688088774681091
2018-11-20,momentum,252,expanding,0.6944358944892883,0.627704381942749
2018-11-21,momentum,252,expanding,0.8096777200698853,0.8219798803329468
2018-11-22,momentum,252,expanding,0.6514954566955566,0.6757556796073914
2018-11-26,momentum,252,expanding,0.7245526313781738,0.6134337186813354
2018-11-27,momentum,252,expanding,0.63996422290802,0.6141362190246582
2018-11-28,momentum,252,expanding,0.6009658575057983,0.5939227342605591
2018-11-29,momentum,252,expanding,0.5698912739753723,0.5182338953018188
2018-11-30,momentum,252,expanding,0.5698850750923157,0.4397347569465637
2018-12-03,momentum,252,expanding,0.6513041853904724,0.41609615087509155
2018-12-04,momentum,252,expanding,0.7084842324256897,0.9933986663818359
2018-12-05,momentum,252,expanding,0.9957078695297241,0.7736513614654541
2018-12-06,momentum,252,expanding,0.9272975325584412,1.2134536504745483
2018-12-07,momentum,252,expanding,0.8435952663421631,0.8035808205604553
2018-12-10,momentum,252,expanding,0.7148521542549133,0.8479160070419312
2018-12-11,momentum,252,expanding,0.8894251585006714,0.7545329928398132
2018-12-12,momentum,252,expanding,0.5442239046096802,0.8042120933532715
2018-12-13,momentum,252,expanding,0.5490800142288208,0.576040506362915
2018-12-14,momentum,252,expanding,0.9772077798843384,1.0153539180755615
2018-12-17,momentum,252,expanding,0.6323742270469666,0.6891645789146423
2018-12-18,momentum,252,expanding,0.9841390252113342,0.7433377504348755
2018-12-19,momentum,252,expanding,1.1640143394470215,0.8645333051681519
2018-12-20,momentum,252,expanding,1.2334835529327393,1.4916282892227173
2018-12-21,momentum,252,expanding,1.3100659847259521,1.1721947193145752
2018-12-25,momentum,252,expanding,1.9485437870025635,1.851084589958191
2018-12-26,momentum,252,expanding,1.972109079360962,1.606420636177063
2018-12-27,momentum,252,expanding,1.70262610912323,1.5375348329544067
2018-12-28,momentum,252,expanding,0.9934341311454773,0.937903642654419
2019-01-04,momentum,252,expanding,1.6345930099487305,1.2018523216247559
2019-01-07,momentum,252,expanding,1.2393373250961304,1.1996197700500488
2019-01-08,momentum,252,expanding,0.8599104285240173,0.929721474647522
2019-01-09,momentum,252,expanding,0.6318901181221008,0.7561407089233398
2019-01-10,momentum,252,expanding,0.6833487749099731,0.796656608581543
2019-01-11,momentum,252,expanding,0.42499759793281555,0.6514930725097656
2019-01-15,momentum,252,expanding,0.7359569668769836,0.8975968360900879
2019-01-16,momentum,252,expanding,0.7674551606178284,0.820136547088623
2019-01-17,momentum,252,expanding,0.7811279892921448,0.8119572401046753
2019-01-18,momentum,252,expanding,0.5580378770828247,0.7535383701324463
2019-01-21,momentum,252,expanding,0.7097645401954651,0.6369002461433411
2019-01-22,momentum,252,expanding,0.5835167765617371,0.7007300853729248
2019-01-23,momentum,252,expanding,0.6793826818466187,0.7018312215805054
2019-01-24,momentum,252,expanding,0.5854960680007935,0.5778549909591675
2019-01-25,momentum,252,expanding,0.7280972599983215,0.6693514585494995
2019-01-28,momentum,252,expanding,0.3925785720348358,0.5942233800888062
2019-01-29,momentum,252,expanding,0.6543139815330505,0.6406211853027344
2019-01-30,momentum,252,expanding,0.5871064066886902,0.607986569404602
2019-01-31,momentum,252,expanding,0.5863898992538452,0.5272643566131592
2019-02-01,momentum,252,expanding,0.7707037329673767,0.5894351005554199
2019-02-04,momentum,252,expanding,0.5385922789573669,0.4409635066986084
2019-02-05,momentum,252,expanding,0.4102916419506073,0.5308454036712646
2019-02-06,momentum,252,expanding,0.434150755405426,0.4388682544231415
2019-02-07,momentum,252,expanding,0.5166102051734924,0.5558248162269592
2019-02-08,momentum,252,expanding,0.6340722441673279,0.7163422703742981
2019-02-12,momentum,252,expanding,0.8046970367431641,0.9716101884841919
2019-02-13,momentum,252,expanding,0.6465682983398438,0.6147212386131287
2019-02-14,momentum,252,expanding,0.69244784116745,0.5280369520187378
2019-02-15,momentum,252,expanding,0.7940501570701599,0.6740811467170715
2019-02-18,momentum,252,expanding,0.4876648485660553,0.5094828605651855
2019-02-19,momentum,252,expanding,0.538140058517456,0.4957526922225952
2019-02-20,momentum,252,expanding,0.5580011606216431,0.5623197555541992
2019-02-21,momentum,252,expanding,0.6649488210678101,0.6333345770835876
2019-02-22,momentum,252,expanding,0.4576053321361542,0.44828367233276367
2019-02-25,momentum,252,expanding,0.44281283020973206,0.33385786414146423
2019-02-26,momentum,252,expanding,0.486851304769516,0.5477539300918579
2019-02-27,momentum,252,expanding,0.27050745487213135,0.3926389515399933
2019-02-28,momentum,252,expanding,0.5210132002830505,0.4949581027030945
2019-03-01,momentum,252,expanding,0.5411487221717834,0.4396308958530426
2019-03-04,momentum,252,expanding,0.3874281048774719,0.37278318405151367
2019-03-05,momentum,252,expanding,0.5113565921783447,0.42760568857192993
2019-03-06,momentum,252,expanding,0.37587571144104004,0.4334256052970886
2019-03-07,momentum,252,expanding,0.36797136068344116,0.3297739326953888
2019-03-08,momentum,252,expanding,0.6877214312553406,0.9340776801109314
2019-03-11,momentum,252,expanding,0.6669574975967407,0.6276605129241943
2019-03-12,momentum,252,expanding,0.679651141166687,0.5605505108833313
2019-03-13,momentum,252,expanding,0.6431708931922913,0.68972247838974
2019-03-14,momentum,252,expanding,0.751441478729248,0.6558189392089844
2019-03-15,momentum,252,expanding,0.4442135989665985,0.5342900156974792
2019-03-18,momentum,252,expanding,0.41718482971191406,0.40597254037857056
2019-03-19,momentum,252,expanding,0.5103182196617126,0.44413313269615173
2019-03-20,momentum,252,expanding,0.3640376031398773,0.4027516543865204
2019-03-22,momentum,252,expanding,0.6916892528533936,0.4684421420097351
2019-03-25,momentum,252,expanding,0.8077742457389832,0.8353899121284485
2019-03-26,momentum,252,expanding,0.541081428527832,0.7273340225219727
2019-03-27,momentum,252,expanding,0.5850415229797363,0.39629828929901123
2019-03-28,momentum,252,expanding,0.8952520489692688,0.7162637114524841
2019-03-29,momentum,252,expanding,0.47916921973228455,0.5489052534103394
2019-04-01,momentum,252,expanding,0.5754616260528564,0.525800883769989
2019-04-02,momentum,252,expanding,0.6012363433837891,0.6150251626968384
2019-04-03,momentum,252,expanding,0.7226939797401428,0.5972573757171631
2019-04-04,momentum,252,expanding,0.4592495560646057,0.4565495550632477
2019-04-05,momentum,252,expanding,0.611047089099884,0.45044273138046265
2019-04-08,momentum,252,expanding,0.4853573739528656,0.493301123380661
2019-04-09,momentum,252,expanding,0.46029332280158997,0.42218083143234253
2019-04-10,momentum,252,expanding,0.4407419264316559,0.4497012794017792
2019-04-11,momentum,252,expanding,0.38972964882850647,0.35886523127555847
2019-04-12,momentum,252,expanding,0.41197526454925537,0.49636751413345337
2019-04-15,momentum,252,expanding,0.4188668429851532,0.3715848922729492
2019-04-16,momentum,252,expanding,0.4566457271575928,0.4289393126964569
2019-04-17,momentum,252,expanding,0.6198655962944031,0.4365329444408417
2019-04-18,momentum,252,expanding,0.5968857407569885,0.6191941499710083
2019-04-19,momentum,252,expanding,0.30316632986068726,0.3815234899520874
2019-04-22,momentum,252,expanding,0.6234048008918762,0.4315003454685211
2019-04-23,momentum,252,expanding,0.3807189166545868,0.43869468569755554
2019-04-24,momentum,252,expanding,0.5621357560157776,0.5293499231338501
2019-04-25,momentum,252,expanding,0.43120065331459045,0.4696747958660126
2019-04-26,momentum,252,expanding,0.4447973072528839,0.5103609561920166
2019-05-07,momentum,252,expanding,0.6053192019462585,0.675554633140564
2019-05-08,momentum,252,expanding,0.5159274935722351,0.5125876665115356
2019-05-09,momentum,252,expanding,0.6857372522354126,0.7176188230514526
2019-05-10,momentum,252,expanding,1.359623670578003,0.9948031902313232
2019-05-13,momentum,252,expanding,0.5313534736633301,0.789143443107605
2019-05-14,momentum,252,expanding,0.8621692061424255,0.8817770481109619
2019-05-15,momentum,252,expanding,0.5814310908317566,0.7096680402755737
2019-05-16,momentum,252,expanding,0.6081739664077759,0.6852436065673828
2019-05-17,momentum,252,expanding,0.7820060849189758,0.6732727289199829
2019-05-20,momentum,252,expanding,0.7405277490615845,0.550063967704773
2019-05-21,momentum,252,expanding,0.5802285671234131,0.5178700685501099
2019-05-22,momentum,252,expanding,0.39515069127082825,0.5128500461578369
2019-05-23,momentum,252,expanding,0.4911789894104004,0.5360943078994751
2019-05-24,momentum,252,expanding,0.4771875739097595,0.5977376699447632
2019-05-27,momentum,252,expanding,0.37875375151634216,0.446215957403183
2019-05-28,momentum,252,expanding,0.4481380581855774,0.4144397974014282
2019-05-29,momentum,252,expanding,0.6382220387458801,0.590168297290802
2019-05-30,momentum,252,expanding,0.5838383436203003,0.5354747772216797
2019-05-31,momentum,252,expanding,0.6841982007026672,0.7807410955429077
2019-06-03,momentum,252,expanding,0.5274290442466736,0.5956741571426392
2019-06-04,momentum,252,expanding,0.5795080661773682,0.6319048404693604
2019-06-05,momentum,252,expanding,0.49437496066093445,0.5558061599731445
2019-06-06,momentum,252,expanding,0.3955618441104889,0.46743345260620117
2019-06-07,momentum,252,expanding,0.39298656582832336,0.43946653604507446
2019-06-10,momentum,252,expanding,0.40801379084587097,0.37552911043167114
2019-06-11,momentum,252,expanding,0.35760587453842163,0.434001624584198
2019-06-12,momentum,252,expanding,0.4176585376262665,0.44925737380981445
2019-06-13,momentum,252,expanding,0.6440891027450562,0.4940031170845032
2019-06-14,momentum,252,expanding,0.6155909299850464,0.4615946412086487
2019-06-17,momentum,252,expanding,0.40562355518341064,0.4204188585281372
2019-06-18,momentum,252,expanding,0.4692113697528839,0.6158626079559326
2019-06-19,momentum,252,expanding,0.4233693778514862,0.4651598334312439
2019-06-20,momentum,252,expanding,0.41648387908935547,0.3679109215736389
2019-06-21,momentum,252,expanding,0.721632182598114,0.7244007587432861
2019-06-24,momentum,252,expanding,0.3619777262210846,0.4112892746925354
2019-06-25,momentum,252,expanding,0.5862560868263245,0.49200159311294556
2019-06-26,momentum,252,expanding,0.44089260697364807,0.44303739070892334
2019-06-27,momentum,252,expanding,0.47992193698883057,0.5234309434890747
2019-06-28,momentum,252,expanding,0.49072328209877014,0.4343836307525635
2019-07-01,momentum,252,expanding,0.4516697824001312,0.5072233080863953
2019-07-02,momentum,252,expanding,0.41953060030937195,0.3308972716331482
2019-07-03,momentum,252,expanding,0.376409649848938,0.47067224979400635
2019-07-04,momentum,252,expanding,0.21248051524162292,0.3328860402107239
2019-07-05,momentum,252,expanding,0.3623405992984772,0.37737149000167847
2019-07-08,momentum,252,expanding,0.4250660538673401,0.4900745153427124
2019-07-09,momentum,252,expanding,0.4507751762866974,0.4748654365539551
2019-07-10,momentum,252,expanding,0.41595080494880676,0.40336325764656067
2019-07-11,momentum,252,expanding,0.30369457602500916,0.3978731036186218
2019-07-12,momentum,252,expanding,0.46530407667160034,0.40295690298080444
2019-07-17,momentum,252,expanding,0.46936964988708496,0.41071683168411255
2019-07-18,momentum,252,expanding,0.5823177695274353,0.8756212592124939
2019-07-19,momentum,252,expanding,0.4878250062465668,0.8628607988357544
2019-07-22,momentum,252,expanding,0.5255823135375977,0.48403602838516235
2019-07-23,momentum,252,expanding,0.5553775429725647,0.5920800566673279
2019-07-24,momentum,252,expanding,0.3722103238105774,0.35667502880096436
2019-07-25,momentum,252,expanding,0.5170731544494629,0.4025464653968811
2019-07-26,momentum,252,expanding,0.4595900774002075,0.42638641595840454
2019-07-29,momentum,252,expanding,0.47967153787612915,0.4307149052619934
2019-07-30,momentum,252,expanding,0.4998610317707062,0.4303022027015686
2019-07-31,momentum,252,expanding,0.4601117670536041,0.41524189710617065
2019-08-01,momentum,252,expanding,0.5667790770530701,0.6827964782714844
2019-08-02,momentum,252,expanding,0.5981884002685547,0.7564127445220947
2019-08-05,momentum,252,expanding,0.8728147745132446,1.040162205696106
2019-08-06,momentum,252,expanding,1.3931059837341309,1.219765543937683
2019-08-07,momentum,252,expanding,0.781388521194458,0.811141848564148
2019-08-08,momentum,252,expanding,0.7468602657318115,0.8179114460945129
2019-08-09,momentum,252,expanding,0.4918126165866852,0.635752260684967
2019-08-13,momentum,252,expanding,0.6699736714363098,0.5876412391662598
2019-08-14,momentum,252,expanding,0.48938634991645813,0.49850189685821533
2019-08-15,momentum,252,expanding,0.7123254537582397,0.7400423288345337
2019-08-16,momentum,252,expanding,0.4524732530117035,0.6232473850250244
2019-08-19,momentum,252,expanding,0.42608678340911865,0.4862648844718933
2019-08-20,momentum,252,expanding,0.37085315585136414,0.39857017993927
2019-08-21,momentum,252,expanding,0.331662654876709,0.4869592785835266
2019-08-22,momentum,252,expanding,0.40638241171836853,0.471906840801239
2019-08-23,momentum,252,expanding,0.3712204396724701,0.4846253991127014
2019-08-26,momentum,252,expanding,0.8774722814559937,0.5112372040748596
2019-08-27,momentum,252,expanding,0.39170148968696594,0.4495648145675659
2019-08-28,momentum,252,expanding,0.31036603450775146,0.404644250869751
2019-08-29,momentum,252,expanding,0.4906841516494751,0.5486344695091248
2019-08-30,momentum,252,expanding,0.3785594403743744,0.44333797693252563
2019-09-02,momentum,252,expanding,0.3066043555736542,0.30752629041671753
2019-09-03,momentum,252,expanding,0.3276899755001068,0.36337366700172424
2019-09-04,momentum,252,expanding,0.39324134588241577,0.42306649684906006
2019-09-05,momentum,252,expanding,0.659193217754364,0.8300188183784485
2019-09-06,momentum,252,expanding,0.45078930258750916,0.37347811460494995
2019-09-09,momentum,252,expanding,0.5209246277809143,0.43520891666412354
2019-09-10,momentum,252,expanding,0.37950795888900757,0.36939266324043274
2019-09-11,momentum,252,expanding,0.5064179301261902,0.45903998613357544
2019-09-12,momentum,252,expanding,0.45478197932243347,0.3722047805786133
2019-09-13,momentum,252,expanding,0.47944921255111694,0.5057532787322998
2019-09-17,momentum,252,expanding,0.5176510214805603,0.4565238356590271
2019-09-18,momentum,252,expanding,0.37057045102119446,0.3949379324913025
2019-09-19,momentum,252,expanding,0.9439045786857605,0.5405600070953369
2019-09-20,momentum,252,expanding,0.42293280363082886,0.5501869320869446
2019-09-25,momentum,252,expanding,0.5500050783157349,0.3833301067352295
2019-09-26,momentum,252,expanding,0.47077304124832153,0.5398390293121338
2019-09-27,momentum,252,expanding,0.6443844437599182,0.5992463231086731
2019-09-30,momentum,252,expanding,0.5369084477424622,0.4985761046409607
2019-10-01,momentum,252,expanding,0.34838926792144775,0.43278032541275024
2019-10-02,momentum,252,expanding,0.323957234621048,0.34302347898483276
2019-10-03,momentum,252,expanding,0.5165520310401917,0.582158625125885
2019-10-04,momentum,252,expanding,0.4141849875450134,0.4644412398338318
2019-10-07,momentum,252,expanding,0.4034099876880646,0.46031248569488525
2019-10-08,momentum,252,expanding,0.43005087971687317,0.42242568731307983
2019-10-09,momentum,252,expanding,0.38805678486824036,0.4105634093284607
2019-10-10,momentum,252,expanding,0.8220802545547485,0.6265140175819397
2019-10-11,momentum,252,expanding,0.5154886841773987,0.5115445852279663
2019-10-15,momentum,252,expanding,0.4012620151042938,0.4916360378265381
2019-10-16,momentum,252,expanding,0.7280756235122681,0.5013468265533447
2019-10-17,momentum,252,expanding,0.3956502079963684,0.3991645574569702
2019-10-18,momentum,252,expanding,0.5668929815292358,0.507857084274292
2019-10-21,momentum,252,expanding,0.2584349513053894,0.3723136782646179
2019-10-23,momentum,252,expanding,0.6145277619361877,0.44221198558807373
2019-10-24,momentum,252,expanding,0.31606340408325195,0.3281376361846924
2019-10-25,momentum,252,expanding,0.2638009488582611,0.3188326358795166
2019-10-28,momentum,252,expanding,0.24905520677566528,0.2786353528499603
2019-10-29,momentum,252,expanding,0.3381689488887787,0.29910922050476074
2019-10-30,momentum,252,expanding,0.3816324472427368,0.38121604919433594
2019-10-31,momentum,252,expanding,0.43444323539733887,0.33694708347320557
2019-11-01,momentum,252,expanding,0.3117733299732208,0.4032714366912842
2019-11-05,momentum,252,expanding,0.5111768245697021,0.5093039870262146
2019-11-06,momentum,252,expanding,0.2994154393672943,0.3187200427055359
2019-11-07,momentum,252,expanding,0.3076843321323395,0.3096189498901367
2019-11-08,momentum,252,expanding,0.5670618414878845,0.5602921843528748
2019-11-11,momentum,252,expanding,0.3200921416282654,0.42881184816360474
2019-11-12,momentum,252,expanding,0.34582698345184326,0.5653936862945557
2019-11-13,momentum,252,expanding,0.4571984112262726,0.48067402839660645
2019-11-14,momentum,252,expanding,0.7509282231330872,0.668081521987915
2019-11-15,momentum,252,expanding,0.5414993166923523,0.5926401615142822
2019-11-18,momentum,252,expanding,0.4480201005935669,0.43288227915763855
2019-11-19,momentum,252,expanding,0.4866482615470886,0.46154066920280457
2019-11-20,momentum,252,expanding,0.6214107275009155,0.5332424640655518
2019-11-21,momentum,252,expanding,0.9489151835441589,0.8403228521347046
2019-11-22,momentum,252,expanding,0.4684394896030426,0.6257845163345337
2019-11-25,momentum,252,expanding,0.3215193450450897,0.39139944314956665
2019-11-26,momentum,252,expanding,0.57756108045578,0.5852699279785156
2019-11-27,momentum,252,expanding,0.36951950192451477,0.3651670515537262
2019-11-28,momentum,252,expanding,0.5102320909500122,0.40960749983787537
2019-11-29,momentum,252,expanding,0.4574280381202698,0.6020771861076355
2019-12-02,momentum,252,expanding,0.4674111604690552,0.4770508408546448
2019-12-03,momentum,252,expanding,0.46477246284484863,0.5040311813354492
2019-12-04,momentum,252,expanding,0.5952669978141785,0.4838263988494873
2019-12-05,momentum,252,expanding,0.5120944976806641,0.39403700828552246
2019-12-06,momentum,252,expanding,0.2699667811393738,0.3765258491039276
2019-12-09,momentum,252,expanding,0.4656650722026825,0.4241713285446167
2019-12-10,momentum,252,expanding,0.3239198625087738,0.365844190120697
2019-12-11,momentum,252,expanding,0.2639191746711731,0.353263258934021
2019-12-12,momentum,252,expanding,0.3174907863140106,0.3295217752456665
2019-12-13,momentum,252,expanding,0.4997141361236572,0.520976185798645
2019-12-16,momentum,252,expanding,0.37474843859672546,0.34784436225891113
2019-12-17,momentum,252,expanding,0.2998913824558258,0.30638545751571655
2019-12-18,momentum,252,expanding,0.27157220244407654,0.36722540855407715
2019-12-19,momentum,252,expanding,0.3609172999858856,0.3435496687889099
2019-12-20,momentum,252,expanding,0.4916653037071228,0.41903406381607056
2019-12-23,momentum,252,expanding,0.2942238450050354,0.3685705065727234
2019-12-24,momentum,252,expanding,0.20277129113674164,0.3101292848587036
2019-12-25,momentum,252,expanding,0.1436888426542282,0.3006620407104492
2019-12-26,momentum,252,expanding,0.30584245920181274,0.3486894965171814
2019-12-27,momentum,252,expanding,0.24374189972877502,0.37287819385528564
2019-12-30,momentum,252,expanding,0.6504024863243103,0.3973860740661621
2014-01-07,extended,252,expanding,0.9929978251457214,0.8139989376068115
2014-01-08,extended,252,expanding,0.5598219633102417,0.7466723918914795
2014-01-09,extended,252,expanding,0.7221481204032898,0.6388658285140991
2014-01-10,extended,252,expanding,0.8308181762695312,0.7256753444671631
2014-01-14,extended,252,expanding,1.116640329360962,0.9402851462364197
2014-01-15,extended,252,expanding,0.759765625,0.8373909592628479
2014-01-16,extended,252,expanding,0.7385079264640808,0.7521660923957825
2014-01-17,extended,252,expanding,0.9924829006195068,0.6016591191291809
2014-01-20,extended,252,expanding,0.635157585144043,0.7204980850219727
2014-01-21,extended,252,expanding,0.6823652386665344,0.6694693565368652
2014-01-22,extended,252,expanding,0.9055610299110413,0.7463275790214539
2014-01-23,extended,252,expanding,0.86771559715271,0.9532641172409058
2014-01-24,extended,252,expanding,0.9876176118850708,0.8398171067237854
2014-01-27,extended,252,expanding,1.0500518083572388,0.9386393427848816
2014-01-28,extended,252,expanding,0.8367258906364441,0.8691824674606323
2014-01-29,extended,252,expanding,0.773780107498169,0.8825531005859375
2014-01-30,extended,252,expanding,1.275964617729187,1.0816693305969238
2014-01-31,extended,252,expanding,1.182791829109192,1.2965240478515625
2014-02-03,extended,252,expanding,1.1922181844711304,1.005208969116211
2014-02-04,extended,252,expanding,1.6071958541870117,1.5498931407928467
2014-02-05,extended,252,expanding,1.2378953695297241,1.2793009281158447
2014-02-06,extended,252,expanding,0.9547833204269409,0.958209753036499
2014-02-07,extended,252,expanding,0.7397321462631226,0.7613417506217957
2014-02-10,extended,252,expanding,0.704429566860199,0.8329487442970276
2014-02-12,extended,252,expanding,0.6793457269668579,0.5590400695800781
2014-02-13,extended,252,expanding,0.7595481276512146,0.9793266654014587
2014-02-14,extended,252,expanding,1.5592761039733887,1.4320000410079956
2014-02-17,extended,252,expanding,1.0413496494293213,1.0755337476730347
2014-02-18,extended,252,expanding,1.4758527278900146,1.2602945566177368
2014-02-19,extended,252,expanding,0.7990848422050476,0.8499602675437927
2014-02-20,extended,252,expanding,1.1217944622039795,1.2418851852416992
2014-02-21,extended,252,expanding,0.8472435474395752,1.105759620666504
2014-02-24,extended,252,expanding,1.1883679628372192,1.1907421350479126
2014-02-25,extended,252,expanding,0.7022347450256348,0.8395991921424866
2014-02-26,extended,252,expanding,0.8268715739250183,0.7460659742355347
2014-02-27,extended,252,expanding,0.8597348928451538,0.6573694348335266
2014-02-28,extended,252,expanding,1.0540921688079834,0.8436173796653748
2014-03-03,extended,252,expanding,1.2059812545776367,1.0280457735061646
2014-03-04,extended,252,expanding,0.7824621796607971,0.9997282028198242
2014-03-05,extended,252,expanding,0.6954053640365601,0.6454716920852661
2014-03-06,extended,252,expanding,0.9321517944335938,1.0725584030151367
2014-03-07,extended,252,expanding,0.706678032875061,0.7388201355934143
2014-03-10,extended,252,expanding,0.8324498534202576,0.7798343896865845
2014-03-11,extended,252,expanding,0.8417271971702576,0.6884525418281555
2014-03-12,extended,252,expanding,0.7709421515464783,0.8499619364738464
2014-03-13,extended,252,expanding,0.8386745452880859,0.8028876185417175
2014-03-14,extended,252,expanding,1.111358404159546,1.0362653732299805
2014-03-17,extended,252,expanding,1.1761090755462646,1.0001500844955444
2014-03-18,extended,252,expanding,0.8854055404663086,0.8294939994812012
2014-03-19,extended,252,expanding,1.3912756443023682,1.2092406749725342
2014-03-25,extended,252,expanding,0.971454918384552,1.007726788520813
2014-03-26,extended,252,expanding,0.9650692343711853,0.9070374369621277
2014-03-27,extended,252,expanding,1.305605411529541,1.2607468366622925
2014-03-28,extended,252,expanding,0.8910113573074341,0.9187374711036682
2014-03-31,extended,252,expanding,0.6962120532989502,0.716810405254364
2014-04-01,extended,252,expanding,0.7554367184638977,0.6640104055404663
2014-04-02,extended,252,expanding,0.8529638051986694,0.783051073551178
2014-04-03,extended,252,expanding,0.7055742144584656,0.7303276658058167
2014-04-04,extended,252,expanding,0.5401592254638672,0.5664991140365601
2014-04-07,extended,252,expanding,0.6578506231307983,0.6220973134040833
2014-04-08,extended,252,expanding,0.9137992262840271,0.7952576279640198
2014-04-09,extended,252,expanding,1.0099090337753296,1.002076268196106
2014-04-10,extended,252,expanding,0.8897711038589478,1.0779905319213867
2014-04-11,extended,252,expanding,1.0655436515808105,0.9941077828407288
2014-04-14,extended,252,expanding,0.8920437097549438,0.8772457242012024
2014-04-15,extended,252,expanding,0.7417469024658203,0.804870069026947
2014-04-16,extended,252,expanding,0.9056221842765808,1.0875110626220703
2014-04-17,extended,252,expanding,0.9500189423561096,0.7155337929725647
2014-04-18,extended,252,expanding,0.588050127029419,0.5925377011299133
2014-04-21,extended,252,expanding,0.6855194568634033,0.6803011894226074
2014-04-22,extended,252,expanding,0.605071485042572,0.8143230080604553
2014-04-23,extended,252,expanding,0.6681907176971436,0.533747673034668
2014-04-24,extended,252,expanding,0.7531964182853699,0.7780024409294128
2014-04-25,extended,252,expanding,0.8171542286872864,0.801522970199585
2014-04-28,extended,252,expanding,0.5202674865722656,0.6333842873573303
2014-04-30,extended,252,expanding,0.7706512808799744,0.6155584454536438
2014-05-01,extended,252,expanding,0.8471247553825378,0.7306618094444275
2014-05-02,extended,252,expanding,0.4468505382537842,0.5305675268173218
2014-05-07,extended,252,expanding,0.6870307326316833,1.0147713422775269
2014-05-08,extended,252,expanding,0.6638345718383789,0.7279335856437683
2014-05-09,extended,252,expanding,0.824956476688385,0.7606788277626038
2014-05-12,extended,252,expanding,0.6498797535896301,0.591728687286377
2014-05-13,extended,252,expanding,0.5705968737602234,0.597882866859436
2014-05-14,extended,252,expanding,0.4468920826911926,0.5441763997077942
2014-05-15,extended,252,expanding,0.6437694430351257,0.645236074924469
2014-05-16,extended,252,expanding,0.5206161141395569,0.6110469698905945
2014-05-19,extended,252,expanding,0.6803091764450073,0.7083966732025146
2014-05-20,extended,252,expanding,0.5580016374588013,0.5947802066802979
2014-05-21,extended,252,expanding,0.6375392079353333,0.6413954496383667
2014-05-22,extended,252,expanding,0.6842452883720398,0.8843207955360413
2014-05-23,extended,252,expanding,0.4405228793621063,0.5896862745285034
2014-05-26,extended,252,expanding,0.3791349232196808,0.536061704158783
2014-05-27,extended,252,expanding,0.643464207649231,0.6129684448242188
2014-05-28,extended,252,expanding,0.6203026175498962,0.6106009483337402
2014-05-29,extended,252,expanding,0.6115719676017761,0.5947072505950928
2014-05-30,extended,252,expanding,0.6328048706054688,0.6429998874664307
2014-06-02,extended,252,expanding,0.6377770900726318,0.7182847857475281
2014-06-03,extended,252,expanding,0.46424275636672974,0.5032523274421692
2014-06-04,extended,252,expanding,0.620389461517334,0.5119041204452515
2014-06-05,extended,252,expanding,0.4285542666912079,0.5462154150009155
2014-06-06,extended,252,expanding,0.486449658870697,0.519077479839325
2014-06-09,extended,252,expanding,0.39111125469207764,0.4828813970088959
2014-06-10,extended,252,expanding,0.629412055015564,0.7682077288627625
2014-06-11,extended,252,expanding,0.3883609175682068,0.49677765369415283
2014-06-12,extended,252,expanding,0.5559938549995422,0.6304422616958618
2014-06-13,extended,252,expanding,0.6853582859039307,0.9051739573478699
2014-06-16,extended,252,expanding,0.6171051263809204,0.7664503455162048
2014-06-17,extended,252,expanding,0.5108878016471863,0.522770345211029
2014-06-18,extended,252,expanding,0.5292311906814575,0.6546123623847961
2014-06-19,extended,252,expanding,0.715569019317627,0.7990499138832092
2014-06-20,extended,252,expanding,0.632879376411438,0.5941854119300842
2014-06-23,extended,252,expanding,0.5410799384117126,0.5844405293464661
2014-06-24,extended,252,expanding,0.6010311245918274,0.7097236514091492
2014-06-25,extended,252,expanding,0.47001129388809204,0.6147939562797546
2014-06-26,extended,252,expanding,0.3968125879764557,0.4723362326622009
2014-06-27,extended,252,expanding,0.8402188420295715,0.8285048604011536
2014-06-30,extended,252,expanding,0.5754950642585754,0.6505076289176941
2014-07-01,extended,252,expanding,0.8379272818565369,0.9251945614814758
2014-07-02,extended,252,expanding,0.39061251282691956,0.62019282579422
2014-07-03,extended,252,expanding,0.4210403263568878,0.5858629941940308
2014-07-04,extended,252,expanding,0.3397189676761627,0.47689029574394226
2014-07-07,extended,252,expanding,0.37034258246421814,0.4836278557777405
2014-07-08,extended,252,expanding,0.6194824576377869,0.598464846611023
2014-07-09,extended,252,expanding,0.5096815228462219,0.5815349221229553
2014-07-10,extended,252,expanding,0.40454503893852234,0.5344655513763428
2014-07-11,extended,252,expanding,0.5333577394485474,0.5505595207214355
2014-07-14,extended,252,expanding,0.44155797362327576,0.6395406723022461
2014-07-15,extended,252,expanding,0.4875105917453766,0.5083675980567932
2014-07-16,extended,252,expanding,0.34048226475715637,0.45947980880737305
2014-07-17,extended,252,expanding,0.37393006682395935,0.4813142716884613
2014-07-18,extended,252,expanding,0.5535995960235596,0.5395057797431946
2014-07-22,extended,252,expanding,0.4029233157634735,0.4790981411933899
2014-07-23,extended,252,expanding,0.3011488616466522,0.4565633535385132
2014-07-24,extended,252,expanding,0.5204686522483826,0.5617262721061707
2014-07-25,extended,252,expanding,0.37525519728660583,0.5574676394462585
2014-07-28,extended,252,expanding,0.4914538562297821,0.54164057970047
2014-07-29,extended,252,expanding,0.3666745722293854,0.4509658217430115
2014-07-30,extended,252,expanding,0.41785624623298645,0.47900572419166565
2014-07-31,extended,252,expanding,0.4955805838108063,0.5552710294723511
2014-08-01,extended,252,expanding,0.4799793064594269,0.5463361740112305
2014-08-04,extended,252,expanding,0.4488868713378906,0.5089654326438904
2014-08-05,extended,252,expanding,0.5403825044631958,0.6484046578407288
2014-08-06,extended,252,expanding,0.6847516894340515,0.7361074090003967
2014-08-07,extended,252,expanding,0.8375794291496277,0.6883862018585205
2014-08-08,extended,252,expanding,1.1955809593200684,1.0597611665725708
2014-08-11,extended,252,expanding,0.6787324547767639,0.9304037094116211
2014-08-12,extended,252,expanding,0.5041671395301819,0.6358796954154968
2014-08-13,extended,252,expanding,0.5959827303886414,0.5695086717605591
2014-08-14,extended,252,expanding,0.4182908833026886,0.48823919892311096
2014-08-15,extended,252,expanding,0.30149516463279724,0.4670845866203308
2014-08-18,extended,252,expanding,0.42790743708610535,0.4383660852909088
2014-08-19,extended,252,expanding,0.30512189865112305,0.46184542775154114
2014-08-20,extended,252,expanding,0.30348795652389526,0.4663110673427582
2014-08-21,extended,252,expanding,0.38702157139778137,0.42023590207099915
2014-08-22,extended,252,expanding,0.3153568208217621,0.5582030415534973
2014-08-25,extended,252,expanding,0.3803779184818268,0.41450291872024536
2014-08-26,extended,252,expanding,0.3108210265636444,0.4560305178165436
2014-08-27,extended,252,expanding,0.45898398756980896,0.5027874708175659
2014-08-28,extended,252,expanding,0.3867983818054199,0.4278201162815094
2014-08-29,extended,252,expanding,0.39064064621925354,0.5038483738899231
2014-09-01,extended,252,expanding,0.22931043803691864,0.34991997480392456
2014-09-02,extended,252,expanding,0.5366237759590149,0.6762882471084595
2014-09-03,extended,252,expanding,0.46095582842826843,0.5529447793960571
2014-09-04,extended,252,expanding,0.4026603698730469,0.4860975444316864
2014-09-05,extended,252,expanding,0.4774371385574341,0.5623471140861511
2014-09-08,extended,252,expanding,0.3796941041946411,0.4689611494541168
2014-09-09,extended,252,expanding,0.34021303057670593,0.3943578004837036
2014-09-10,extended,252,expanding,0.3940788507461548,0.544853150844574
2014-09-11,extended,252,expanding,0.40020424127578735,0.41426438093185425
2014-09-12,extended,252,expanding,0.5142043232917786,0.4442078471183777
2014-09-16,extended,252,expanding,0.3597271144390106,0.401140421628952
2014-09-17,extended,252,expanding,0.35162344574928284,0.48461371660232544
2014-09-18,extended,252,expanding,0.361797571182251,0.4447799324989319
2014-09-19,extended,252,expanding,0.517268180847168,0.6512767672538757
2014-09-22,extended,252,expanding,0.35834184288978577,0.504176914691925
2014-09-24,extended,252,expanding,0.5036600828170776,0.5410776734352112
2014-09-25,extended,252,expanding,0.3381999135017395,0.3974219262599945
2014-09-26,extended,252,expanding,0.5733859539031982,0.6452735066413879
2014-09-29,extended,252,expanding,0.4584802985191345,0.43989288806915283
2014-09-30,extended,252,expanding,0.5464531183242798,0.675893247127533
2014-10-01,extended,252,expanding,0.6431635618209839,0.5898423790931702
2014-10-02,extended,252,expanding,0.7632841467857361,0.9640904068946838
2014-10-03,extended,252,expanding,1.0020511150360107,0.6569544076919556
2014-10-06,extended,252,expanding,0.55427086353302,0.7141907811164856
2014-10-07,extended,252,expanding,0.6125757694244385,0.6392109394073486
2014-10-08,extended,252,expanding,0.5871472358703613,0.6255698204040527
2014-10-09,extended,252,expanding,0.9185651540756226,0.9281501173973083
2014-10-10,extended,252,expanding,0.7470872402191162,0.7540619969367981
2014-10-14,extended,252,expanding,0.7626067996025085,0.8031694293022156
2014-10-15,extended,252,expanding,0.9906735420227051,0.8606725335121155
2014-10-16,extended,252,expanding,0.9850625395774841,0.8019244074821472
2014-10-17,extended,252,expanding,1.0517386198043823,1.2207508087158203
2014-10-20,extended,252,expanding,0.9073312878608704,1.1625463962554932
2014-10-21,extended,252,expanding,1.0882067680358887,1.1152675151824951
2014-10-22,extended,252,expanding,0.7912335395812988,0.9512075781822205
2014-10-23,extended,252,expanding,0.7146961092948914,0.7755815386772156
2014-10-24,extended,252,expanding,0.7260991930961609,0.7077963948249817
2014-10-27,extended,252,expanding,0.48718124628067017,0.5782999992370605
2014-10-28,extended,252,expanding,0.4659566283226013,0.5657642483711243
2014-10-29,extended,252,expanding,0.6780775785446167,0.7694050669670105
2014-10-30,extended,252,expanding,0.4152505099773407,0.541422426700592
2014-10-31,extended,252,expanding,2.1977100372314453,1.5542054176330566
2014-11-04,extended,252,expanding,1.9115504026412964,1.1970382928848267
2014-11-05,extended,252,expanding,1.0005338191986084,0.9688208103179932
2014-11-06,extended,252,expanding,1.2488130331039429,1.0597954988479614
2014-11-07,extended,252,expanding,0.5483654141426086,0.7379859089851379
2014-11-10,extended,252,expanding,0.5790799260139465,0.8139381408691406
2014-11-11,extended,252,expanding,0.6575284004211426,0.9645093083381653
2014-11-12,extended,252,expanding,1.0307267904281616,0.916829526424408
2014-11-13,extended,252,expanding,0.8876449465751648,1.1915735006332397
2014-11-14,extended,252,expanding,0.9472581744194031,0.8628412485122681
2014-11-17,extended,252,expanding,1.050959587097168,1.2341809272766113
2014-11-18,extended,252,expanding,0.6759117841720581,0.8501675128936768
2014-11-19,extended,252,expanding,0.7302672863006592,0.8481395840644836
2014-11-20,extended,252,expanding,0.5630322694778442,0.6698776483535767
2014-11-21,extended,252,expanding,0.9204502105712891,0.8911247849464417
2014-11-25,extended,252,expanding,0.5002789497375488,0.7132883071899414
2014-11-26,extended,252,expanding,0.385690301656723,0.5277377963066101
2014-11-27,extended,252,expanding,0.504334568977356,0.6683545708656311
2014-11-28,extended,252,expanding,0.5068784952163696,0.7443652749061584
2014-12-01,extended,252,expanding,0.6539518237113953,0.7118445634841919
2014-12-02,extended,252,expanding,0.5160252451896667,0.7032666206359863
2014-12-03,extended,252,expanding,0.6252871155738831,0.6652787923812866
2014-12-04,extended,252,expanding,0.5004116892814636,0.5393466353416443
2014-12-05,extended,252,expanding,0.4289572238922119,0.6177636981010437
2014-12-08,extended,252,expanding,0.6913245320320129,0.5938323736190796
2014-12-09,extended,252,expanding,0.47860804200172424,0.7333403825759888
2014-12-10,extended,252,expanding,0.981933057308197,0.9037184715270996
2014-12-11,extended,252,expanding,0.9269739985466003,0.9605938196182251
2014-12-12,extended,252,expanding,0.8396664261817932,0.9100856184959412
2014-12-15,extended,252,expanding,0.9241033792495728,0.7619925737380981
2014-12-16,extended,252,expanding,0.6408950090408325,0.8972119092941284
2014-12-17,extended,252,expanding,0.881768524646759,0.8825467824935913
2014-12-18,extended,252,expanding,0.6592803597450256,0.7487951517105103
2014-12-19,extended,252,expanding,0.5467007756233215,0.734442412853241
2014-12-22,extended,252,expanding,0.5493420362472534,0.652961790561676
2014-12-24,extended,252,expanding,0.3262926936149597,0.4916331171989441
2014-12-25,extended,252,expanding,0.296695351600647,0.5110518336296082
2014-12-26,extended,252,expanding,0.31702592968940735,0.5369617938995361
2014-12-29,extended,252,expanding,0.9882990121841431,0.8952146768569946
2014-12-30,extended,252,expanding,0.6727876663208008,0.9043872356414795
2015-01-05,extended,252,expanding,1.0581647157669067,1.0841130018234253
2015-01-06,extended,252,expanding,0.8368667960166931,0.8968640565872192
2015-01-07,extended,252,expanding,0.7904089689254761,0.7603356838226318
2015-01-08,extended,252,expanding,0.6772491931915283,0.8538278937339783
2015-01-09,extended,252,expanding,0.7487350106239319,0.7791200876235962
2015-01-13,extended,252,expanding,0.9260557293891907,1.1120229959487915
2015-01-14,extended,252,expanding,0.8942583203315735,0.9920716881752014
2015-01-15,extended,252,expanding,0.9189710021018982,1.2273951768875122
2015-01-16,extended,252,expanding,1.0484914779663086,1.126850962638855
2015-01-19,extended,252,expanding,0.798159122467041,0.7352105975151062
2015-01-20,extended,252,expanding,0.7273281812667847,1.122938632965088
2015-01-21,extended,252,expanding,0.6536433100700378,0.7646811008453369
2015-01-22,extended,252,expanding,0.6781051754951477,0.7113921046257019
2015-01-23,extended,252,expanding,0.4288506805896759,0.7275689244270325
2015-01-26,extended,252,expanding,0.5836031436920166,0.6884780526161194
2015-01-27,extended,252,expanding,0.5117294192314148,0.667761504650116
2015-01-28,extended,252,expanding,0.5604073405265808,0.850252628326416
2015-01-29,extended,252,expanding,0.6478827595710754,0.7779832482337952
2015-01-30,extended,252,expanding,0.6040748357772827,0.6794002056121826
2015-02-02,extended,252,expanding,0.6687341928482056,0.7278289198875427
2015-02-03,extended,252,expanding,0.8945028185844421,1.0731500387191772
2015-02-04,extended,252,expanding,0.7012463808059692,0.9274515509605408
2015-02-05,extended,252,expanding,0.7510251402854919,0.7439699172973633
2015-02-06,extended,252,expanding,0.47369715571403503,0.6725366711616516
2015-02-09,extended,252,expanding,0.5304527282714844,0.5839127898216248
2015-02-10,extended,252,expanding,0.4538056552410126,0.6332785487174988
2015-02-12,extended,252,expanding,0.5000195503234863,0.5559167265892029
2015-02-13,extended,252,expanding,0.5767446160316467,0.5152230262756348
2015-02-16,extended,252,expanding,0.49525174498558044,0.4239242672920227
2015-02-17,extended,252,expanding,0.41838493943214417,0.545904815196991
2015-02-18,extended,252,expanding,0.31954431533813477,0.5505419969558716
2015-02-19,extended,252,expanding,0.3720810115337372,0.4733208119869232
2015-02-20,extended,252,expanding,0.3649754226207733,0.42761245369911194
2015-02-23,extended,252,expanding,0.3887742757797241,0.4624299705028534
2015-02-24,extended,252,expanding,0.4332820475101471,0.5675014853477478
2015-02-25,extended,252,expanding,0.4532299041748047,0.45418915152549744
2015-02-26,extended,252,expanding,0.49888864159584045,0.7371929287910461
2015-02-27,extended,252,expanding,0.5271544456481934,0.5187807679176331
2015-03-02,extended,252,expanding,0.4335555136203766,0.5912021994590759
2015-03-03,extended,252,expanding,0.5533601641654968,0.5638990998268127
2015-03-04,extended,252,expanding,0.525597095489502,0.5430890321731567
2015-03-05,extended,252,expanding,0.42018088698387146,0.5010563135147095
2015-03-06,extended,252,expanding,0.505321204662323,0.5301403999328613
2015-03-09,extended,252,expanding,0.5512269735336304,0.5465655326843262
2015-03-10,extended,252,expanding,0.7741672396659851,0.8621073365211487
2015-03-11,extended,252,expanding,0.601202130317688,0.7779166102409363
2015-03-12,extended,252,expanding,0.7062233090400696,0.7546672821044922
2015-03-13,extended,252,expanding,0.6453717350959778,0.8587647676467896
2015-03-16,extended,252,expanding,0.5888770818710327,0.5303989052772522
2015-03-17,extended,252,expanding,0.3184524178504944,0.5637909770011902
2015-03-18,extended,252,expanding,0.49470147490501404,0.5605351328849792
2015-03-19,extended,252,expanding,0.8398205637931824,0.7692471146583557
2015-03-20,extended,252,expanding,0.40309643745422363,0.5618927478790283
2015-03-23,extended,252,expanding,0.49912554025650024,0.5980028510093689
2015-03-24,extended,252,expanding,0.504513144493103,0.5599961876869202
2015-03-25,extended,252,expanding,0.6076487302780151,0.6666688323020935
2015-03-26,extended,252,expanding,0.7393008470535278,0.8054094910621643
2015-03-27,extended,252,expanding,1.2476948499679565,1.127793550491333
2015-03-30,extended,252,expanding,0.791974663734436,0.8983227014541626
2015-03-31,extended,252,expanding,0.87098228931427,1.0302023887634277
2015-04-01,extended,252,expanding,1.2389111518859863,0.9061899185180664
2015-04-02,extended,252,expanding,0.8624421954154968,1.0087997913360596
2015-04-03,extended,252,expanding,0.6874845623970032,0.666955828666687
2015-04-06,extended,252,expanding,0.7400668859481812,0.6564449071884155
2015-04-07,extended,252,expanding,0.608623743057251,0.6648138165473938
2015-04-08,extended,252,expanding,0.5820112228393555,0.7736199498176575
2015-04-09,extended,252,expanding,0.43787917494773865,0.5919069051742554
2015-04-10,extended,252,expanding,0.6253153681755066,0.5901044011116028
2015-04-13,extended,252,expanding,0.6261552572250366,0.5627182126045227
2015-04-14,extended,252,expanding,0.41001859307289124,0.5218885540962219
2015-04-15,extended,252,expanding,0.3786894381046295,0.41403064131736755
2015-04-16,extended,252,expanding,0.45100709795951843,0.5220500826835632
2015-04-17,extended,252,expanding,0.7775561809539795,0.5682510733604431
2015-04-20,extended,252,expanding,0.6633402705192566,0.696850061416626
2015-04-21,extended,252,expanding,0.4835294187068939,0.7506814002990723
2015-04-22,extended,252,expanding,0.5110162496566772,0.588898777961731
2015-04-23,extended,252,expanding,0.35762783885002136,0.5277878046035767
2015-04-24,extended,252,expanding,0.4764888286590576,0.5080199837684631
2015-04-27,extended,252,expanding,0.6304599642753601,0.6458349227905273
2015-04-28,extended,252,expanding,0.4181796610355377,0.5477539896965027
2015-04-30,extended,252,expanding,0.8985085487365723,0.9372779130935669
2015-05-01,extended,252,expanding,0.7258315086364746,0.6921166181564331
2015-05-07,extended,252,expanding,0.7948581576347351,0.710126519203186
2015-05-08,extended,252,expanding,0.48748257756233215,0.6099663972854614
2015-05-11,extended,252,expanding,0.4058670699596405,0.5604423880577087
2015-05-12,extended,252,expanding,0.4555272161960602,0.553280234336853
2015-05-13,extended,252,expanding,0.6834728121757507,0.7762198448181152
2015-05-14,extended,252,expanding,0.5555697679519653,0.6665951609611511
2015-05-15,extended,252,expanding,0.5401253700256348,0.5024605989456177
2015-05-18,extended,252,expanding,0.39015886187553406,0.5869713425636292
2015-05-19,extended,252,expanding,0.41756612062454224,0.5103827714920044
2015-05-20,extended,252,expanding,0.4776521623134613,0.5150604844093323
2015-05-21,extended,252,expanding,0.503243625164032,0.44730907678604126
2015-05-22,extended,252,expanding,0.5288338661193848,0.5641557574272156
2015-05-25,extended,252,expanding,0.29894542694091797,0.4337139129638672
2015-05-26,extended,252,expanding,0.38567203283309937,0.4805167019367218
2015-05-27,extended,252,expanding,0.3937726318836212,0.5132465362548828
2015-05-28,extended,252,expanding,0.49497613310813904,0.612175464630127
2015-05-29,extended,252,expanding,0.5925613641738892,0.5121605396270752
2015-06-01,extended,252,expanding,0.42241454124450684,0.5135297179222107
2015-06-02,extended,252,expanding,0.459268718957901,0.4696885645389557
2015-06-03,extended,252,expanding,0.4374544620513916,0.4107636511325836
2015-06-04,extended,252,expanding,0.35229718685150146,0.36567941308021545
2015-06-05,extended,252,expanding,0.42145153880119324,0.4570111632347107
2015-06-08,extended,252,expanding,0.5375503301620483,0.41179564595222473
2015-06-09,extended,252,expanding,0.4522037208080292,0.6803258657455444
2015-06-10,extended,252,expanding,0.9109494686126709,0.5951952934265137
2015-06-11,extended,252,expanding,0.6243759989738464,0.67844557762146
2015-06-12,extended,252,expanding,0.5033267736434937,0.38608038425445557
2015-06-15,extended,252,expanding,0.528656542301178,0.44290515780448914
2015-06-16,extended,252,expanding,0.6188594698905945,0.47502633929252625
2015-06-17,extended,252,expanding,0.508975625038147,0.5808795690536499
2015-06-18,extended,252,expanding,0.6404449939727783,0.6370971202850342
2015-06-19,extended,252,expanding,0.5380146503448486,0.43277508020401
2015-06-22,extended,252,expanding,0.606666624546051,0.5914161205291748
2015-06-23,extended,252,expanding,0.5819014310836792,0.65097975730896
2015-06-24,extended,252,expanding,0.4910257160663605,0.4406079947948456
2015-06-25,extended,252,expanding,0.37538450956344604,0.4646058678627014
2015-06-26,extended,252,expanding,0.5097277760505676,0.43740004301071167
2015-06-29,extended,252,expanding,0.9721580147743225,0.7147020697593689
2015-06-30,extended,252,expanding,0.6717302203178406,0.5812504887580872
2015-07-01,extended,252,expanding,0.44181159138679504,0.433733195066452
2015-07-02,extended,252,expanding,0.44445064663887024,0.39218375086784363
2015-07-03,extended,252,expanding,0.33597615361213684,0.38695529103279114
2015-07-06,extended,252,expanding,0.7737877368927002,0.708657443523407
2015-07-07,extended,252,expanding,0.4405149519443512,0.4617117643356323
2015-07-08,extended,252,expanding,1.2377485036849976,1.2922914028167725
2015-07-09,extended,252,expanding,1.545491337776184,1.6514861583709717
2015-07-10,extended,252,expanding,1.0695366859436035,0.9322684407234192
2015-07-13,extended,252,expanding,0.7222395539283752,0.6744286417961121
2015-07-14,extended,252,expanding,0.5919382572174072,0.47949790954589844
2015-07-15,extended,252,expanding,0.46422240138053894,0.5393747091293335
2015-07-16,extended,252,expanding,0.3781421482563019,0.3883184492588043
2015-07-17,extended,252,expanding,0.26528453826904297,0.32770368456840515
2015-07-21,extended,252,expanding,0.3302123546600342,0.3812955915927887
2015-07-22,extended,252,expanding,0.41083353757858276,0.4318501651287079
2015-07-23,extended,252,expanding,0.2849535048007965,0.33241549134254456
2015-07-24,extended,252,expanding,0.3905370235443115,0.33240723609924316
2015-07-27,extended,252,expanding,0.7914097309112549,0.529728889465332
2015-07-28,extended,252,expanding,1.1183491945266724,0.8615970015525818
2015-07-29,extended,252,expanding,0.7152554392814636,0.76119464635849
2015-07-30,extended,252,expanding,0.4574918746948242,0.5929146409034729
2015-07-31,extended,252,expanding,0.3614964485168457,0.49774712324142456
2015-08-03,extended,252,expanding,0.4972071647644043,0.4805775582790375
2015-08-04,extended,252,expanding,0.43941158056259155,0.4922132194042206
2015-08-05,extended,252,expanding,0.5528046488761902,0.5984851717948914
2015-08-06,extended,252,expanding,0.38921189308166504,0.48854371905326843
2015-08-07,extended,252,expanding,0.6038485169410706,0.5001907348632812
2015-08-10,extended,252,expanding,0.4211048483848572,0.5021663904190063
2015-08-11,extended,252,expanding,0.922819972038269,0.8279320001602173
2015-08-12,extended,252,expanding,1.0630121231079102,1.1677595376968384
2015-08-13,extended,252,expanding,0.7906642556190491,0.9377859234809875
2015-08-14,extended,252,expanding,0.5731997489929199,0.5627149939537048
2015-08-17,extended,252,expanding,0.4693460464477539,0.4972987473011017
2015-08-18,extended,252,expanding,0.4141949415206909,0.5414366722106934
2015-08-19,extended,252,expanding,0.7090916037559509,0.7780324220657349
2015-08-20,extended,252,expanding,0.8051279187202454,0.8020883202552795
2015-08-21,extended,252,expanding,1.0035890340805054,0.9677332043647766
2015-08-24,extended,252,expanding,1.962286353111267,1.7654500007629395
2015-08-25,extended,252,expanding,3.6375157833099365,3.354917049407959
2015-08-26,extended,252,expanding,2.1537983417510986,2.2869527339935303
2015-08-27,extended,252,expanding,1.343263030052185,1.4605456590652466
2015-08-28,extended,252,expanding,1.1837245225906372,1.4526245594024658
2015-08-31,extended,252,expanding,1.218310832977295,1.1061089038848877
2015-09-01,extended,252,expanding,1.3787258863449097,2.0233449935913086
2015-09-02,extended,252,expanding,2.5988378524780273,1.930739402770996
2015-09-03,extended,252,expanding,1.236472725868225,1.4935932159423828
2015-09-04,extended,252,expanding,1.9289902448654175,1.8780200481414795
2015-09-07,extended,252,expanding,2.28863787651062,1.9279236793518066
2015-09-08,extended,252,expanding,1.40399169921875,1.94431471824646
2015-09-09,extended,252,expanding,2.089393138885498,2.2812538146972656
2015-09-10,extended,252,expanding,2.2081820964813232,1.7671725749969482
2015-09-11,extended,252,expanding,1.2127571105957031,1.3223912715911865
2015-09-14,extended,252,expanding,1.2906138896942139,1.405013084411621
2015-09-15,extended,252,expanding,1.5159481763839722,1.1660174131393433
2015-09-16,extended,252,expanding,0.9210177063941956,1.0529119968414307
2015-09-17,extended,252,expanding,0.8303213715553284,0.8560117483139038
2015-09-18,extended,252,expanding,1.0018258094787598,1.0290231704711914
2015-09-24,extended,252,expanding,0.8564891219139099,1.2496235370635986
2015-09-25,extended,252,expanding,1.4530583620071411,1.1373094320297241
2015-09-28,extended,252,expanding,1.4043388366699219,1.2114901542663574
2015-09-29,extended,252,expanding,1.3320951461791992,1.6257063150405884
2015-09-30,extended,252,expanding,1.0513970851898193,1.2475007772445679
2015-10-01,extended,252,expanding,1.3138631582260132,1.3487660884857178
2015-10-02,extended,252,expanding,0.9131217002868652,0.9755296111106873
2015-10-05,extended,252,expanding,0.8933115601539612,0.8538488149642944
2015-10-06,extended,252,expanding,0.9813218712806702,0.9387763738632202
2015-10-07,extended,252,expanding,1.1719655990600586,1.1198241710662842
2015-10-08,extended,252,expanding,0.9694315195083618,0.9404352903366089
2015-10-09,extended,252,expanding,0.8293681740760803,0.9792964458465576
2015-10-13,extended,252,expanding,0.6571257710456848,0.8697518110275269
2015-10-14,extended,252,expanding,1.0662360191345215,1.0010771751403809
2015-10-15,extended,252,expanding,1.1353076696395874,1.2579314708709717
2015-10-16,extended,252,expanding,0.8112134337425232,0.747946560382843
2015-10-19,extended,252,expanding,1.273208498954773,0.7976766228675842
2015-10-20,extended,252,expanding,0.41949713230133057,0.6278902292251587
2015-10-21,extended,252,expanding,0.844047486782074,1.1275804042816162
2015-10-22,extended,252,expanding,0.6998883485794067,0.8169107437133789
2015-10-23,extended,252,expanding,0.6981733441352844,0.7766456604003906
2015-10-26,extended,252,expanding,0.49373117089271545,0.7935630083084106
2015-10-27,extended,252,expanding,0.6192496418952942,0.7500324249267578
2015-10-28,extended,252,expanding,0.6311695575714111,0.6107773780822754
2015-10-29,extended,252,expanding,0.6804276704788208,0.8566539287567139
2015-10-30,extended,252,expanding,1.2854455709457397,1.0964429378509521
2015-11-02,extended,252,expanding,0.7768219709396362,0.8866679072380066
2015-11-04,extended,252,expanding,0.7363115549087524,0.8365877866744995
2015-11-05,extended,252,expanding,0.5653921365737915,0.6958131790161133
2015-11-06,extended,252,expanding,0.4568927586078644,0.6778291463851929
2015-11-09,extended,252,expanding,0.6348910331726074,0.9169526100158691
2015-11-10,extended,252,expanding,0.6183456182479858,0.8012247085571289
2015-11-11,extended,252,expanding,0.5824939608573914,0.6553869247436523
2015-11-12,extended,252,expanding,0.48512184619903564,0.580208420753479
2015-11-13,extended,252,expanding,0.6875196099281311,0.7739825248718262
2015-11-16,extended,252,expanding,0.560400664806366,0.7637893557548523
2015-11-17,extended,252,expanding,0.46810710430145264,0.5456641316413879
2015-11-18,extended,252,expanding,0.4827001988887787,0.628974199295044
2015-11-19,extended,252,expanding,0.7402960658073425,0.6360814571380615
2015-11-20,extended,252,expanding,0.6247498393058777,0.5684185028076172
2015-11-24,extended,252,expanding,0.3820023834705353,0.5448344945907593
2015-11-25,extended,252,expanding,0.4598902463912964,0.49891605973243713
2015-11-26,extended,252,expanding,0.3689866065979004,0.4025013744831085
2015-11-27,extended,252,expanding,0.4605279862880707,0.5162171721458435
2015-11-30,extended,252,expanding,0.6064503192901611,0.5149173140525818
2015-12-01,extended,252,expanding,0.5101131796836853,0.5846993923187256
2015-12-02,extended,252,expanding,0.34843239188194275,0.5333425998687744
2015-12-03,extended,252,expanding,0.4162549674510956,0.518023669719696
2015-12-04,extended,252,expanding,0.5892066955566406,0.7019288539886475
2015-12-07,extended,252,expanding,0.4453209638595581,0.5864279270172119
2015-12-08,extended,252,expanding,0.6929853558540344,0.7470526099205017
2015-12-09,extended,252,expanding,0.6842573285102844,0.7798250317573547
2015-12-10,extended,252,expanding,0.6658722758293152,0.6071182489395142
2015-12-11,extended,252,expanding,0.7242001295089722,0.7350989580154419
2015-12-14,extended,252,expanding,0.9936869740486145,1.0354152917861938
2015-12-15,extended,252,expanding,0.7940593957901001,1.0690348148345947
2015-12-16,extended,252,expanding,0.5989843606948853,0.7893238067626953
2015-12-17,extended,252,expanding,0.7954904437065125,0.7364473342895508
2015-12-18,extended,252,expanding,3.4821786880493164,1.74977707862854
2015-12-21,extended,252,expanding,1.190094232559204,1.5634853839874268
2015-12-22,extended,252,expanding,0.5909653902053833,0.8535023927688599
2015-12-24,extended,252,expanding,0.6499900817871094,0.9225889444351196
2015-12-25,extended,252,expanding,0.5625556111335754,0.7444557547569275
2015-12-28,extended,252,expanding,0.5856383442878723,0.810154139995575
2015-12-29,extended,252,expanding,0.5353645086288452,0.674721360206604
2015-12-30,extended,252,expanding,0.42151105403900146,0.5202419757843018
2016-01-04,extended,252,expanding,1.0663046836853027,1.2779392004013062
2016-01-05,extended,252,expanding,1.1846498250961304,0.8925111293792725
2016-01-06,extended,252,expanding,1.3006739616394043,1.3934650421142578
2016-01-07,extended,252,expanding,1.2326709032058716,1.33791983127594
2016-01-08,extended,252,expanding,1.541973352432251,1.64414644241333
2016-01-12,extended,252,expanding,1.2476013898849487,1.4739657640457153
2016-01-13,extended,252,expanding,0.9683815240859985,1.160140037536621
2016-01-14,extended,252,expanding,1.810240626335144,1.5208215713500977
2016-01-15,extended,252,expanding,1.30141019821167,1.7544289827346802
2016-01-18,extended,252,expanding,1.6967284679412842,1.5374019145965576
2016-01-19,extended,252,expanding,1.5084370374679565,1.2249786853790283
2016-01-20,extended,252,expanding,1.5436816215515137,1.9993810653686523
2016-01-21,extended,252,expanding,2.32877779006958,2.7171754837036133
2016-01-22,extended,252,expanding,1.9137980937957764,2.2927422523498535
2016-01-25,extended,252,expanding,1.4351030588150024,1.4310222864151
2016-01-26,extended,252,expanding,1.0102757215499878,1.1641863584518433
2016-01-27,extended,252,expanding,1.4395557641983032,1.3032793998718262
2016-01-28,extended,252,expanding,1.1068257093429565,1.1873947381973267
2016-01-29,extended,252,expanding,3.8436038494110107,2.057359218597412
2016-02-01,extended,252,expanding,0.8997223973274231,1.563454508781433
2016-02-02,extended,252,expanding,0.8825296759605408,1.1053787469863892
2016-02-03,extended,252,expanding,1.4886773824691772,1.4099669456481934
2016-02-04,extended,252,expanding,1.562095046043396,1.3088629245758057
2016-02-05,extended,252,expanding,1.3179773092269897,1.2296332120895386
2016-02-08,extended,252,expanding,1.3071801662445068,1.7855528593063354
2016-02-09,extended,252,expanding,2.066378355026245,2.0940134525299072
2016-02-10,extended,252,expanding,1.9661418199539185,2.7875027656555176
2016-02-12,extended,252,expanding,3.298257827758789,2.2455036640167236
2016-02-15,extended,252,expanding,2.2779600620269775,2.9350287914276123
2016-02-16,extended,252,expanding,1.8272876739501953,2.2757186889648438
2016-02-17,extended,252,expanding,2.1376309394836426,2.073986768722534
2016-02-18,extended,252,expanding,1.545595645904541,1.5413615703582764
2016-02-19,extended,252,expanding,1.1936681270599365,1.3804148435592651
2016-02-22,extended,252,expanding,1.5354989767074585,1.308225154876709
2016-02-23,extended,252,expanding,1.1347639560699463,1.3991705179214478
2016-02-24,extended,252,expanding,1.3322545289993286,1.1426514387130737
2016-02-25,extended,252,expanding,1.1607089042663574,1.1701514720916748
2016-02-26,extended,252,expanding,1.2012499570846558,1.084499716758728
2016-02-29,extended,252,expanding,1.2115248441696167,1.4695446491241455
2016-03-01,extended,252,expanding,1.3815250396728516,1.1783188581466675
2016-03-02,extended,252,expanding,1.1011861562728882,1.4093142747879028
2016-03-03,extended,252,expanding,1.1003551483154297,0.9147534966468811
2016-03-04,extended,252,expanding,0.9459711313247681,0.8639727234840393
2016-03-07,extended,252,expanding,0.7459259629249573,0.5657947659492493
2016-03-08,extended,252,expanding,0.9384163022041321,1.1333186626434326
2016-03-09,extended,252,expanding,1.0458076000213623,0.9443567991256714
2016-03-10,extended,252,expanding,0.6779834628105164,0.8730115294456482
2016-03-11,extended,252,expanding,1.2453924417495728,1.1030869483947754
2016-03-14,extended,252,expanding,0.5965444445610046,0.8254886865615845
2016-03-15,extended,252,expanding,0.9777960777282715,0.8032282590866089
2016-03-16,extended,252,expanding,0.8164533376693726,0.7328173518180847
2016-03-17,extended,252,expanding,1.0355806350708008,1.2520862817764282
2016-03-18,extended,252,expanding,1.0119638442993164,1.033705234527588
2016-03-22,extended,252,expanding,1.2734378576278687,0.9316931962966919
2016-03-23,extended,252,expanding,0.843512237071991,0.8919243216514587
2016-03-24,extended,252,expanding,0.8804982304573059,0.8840377926826477
2016-03-25,extended,252,expanding,0.8100930452346802,0.8083277940750122
2016-03-28,extended,252,expanding,0.9132172465324402,0.8039747476577759
2016-03-29,extended,252,expanding,0.8510221242904663,0.8617104887962341
2016-03-30,extended,252,expanding,0.7272773385047913,0.8111252784729004
2016-03-31,extended,252,expanding,0.9560953378677368,1.0473978519439697
2016-04-01,extended,252,expanding,1.3785910606384277,1.6989479064941406
2016-04-04,extended,252,expanding,1.2305289506912231,1.2048159837722778
2016-04-05,extended,252,expanding,1.2038791179656982,1.3985865116119385
2016-04-06,extended,252,expanding,1.1688817739486694,1.1268144845962524
2016-04-07,extended,252,expanding,1.200049877166748,1.1871492862701416
2016-04-08,extended,252,expanding,1.4362235069274902,1.8509936332702637
2016-04-11,extended,252,expanding,1.3981162309646606,1.3149535655975342
2016-04-12,extended,252,expanding,1.1861941814422607,1.123029351234436
2016-04-13,extended,252,expanding,0.9662289619445801,1.2032830715179443
2016-04-14,extended,252,expanding,0.9266125559806824,1.1903504133224487
2016-04-15,extended,252,expanding,1.0565974712371826,1.0568625926971436
2016-04-18,extended,252,expanding,1.436441421508789,1.053025245666504
2016-04-19,extended,252,expanding,1.4159002304077148,1.296157717704773
2016-04-20,extended,252,expanding,0.8986040949821472,0.9907891154289246
2016-04-21,extended,252,expanding,0.6656411290168762,1.010069489479065
2016-04-22,extended,252,expanding,1.4210418462753296,1.3138642311096191
2016-04-25,extended,252,expanding,1.1113479137420654,1.1210936307907104
2016-04-26,extended,252,expanding,0.8296947479248047,0.909678041934967
2016-04-27,extended,252,expanding,0.7356243133544922,0.7750754356384277
2016-04-28,extended,252,expanding,4.037270545959473,2.2150216102600098
2016-05-02,extended,252,expanding,1.8852739334106445,1.8977608680725098
2016-05-06,extended,252,expanding,0.9458868503570557,1.5340793132781982
2016-05-09,extended,252,expanding,0.6826871633529663,0.9344510436058044
2016-05-10,extended,252,expanding,0.9034157991409302,1.261457085609436
2016-05-11,extended,252,expanding,1.0890073776245117,1.041114330291748
2016-05-12,extended,252,expanding,0.887805700302124,1.1264317035675049
2016-05-13,extended,252,expanding,1.1071228981018066,1.2036094665527344
2016-05-16,extended,252,expanding,1.2055784463882446,1.0428440570831299
2016-05-17,extended,252,expanding,0.8919961452484131,0.8497678637504578
2016-05-18,extended,252,expanding,1.2892364263534546,1.100271463394165
2016-05-19,extended,252,expanding,0.8933771848678589,1.0902798175811768
2016-05-20,extended,252,expanding,0.75895094871521,0.9016394019126892
2016-05-23,extended,252,expanding,0.9520477056503296,0.9269023537635803
2016-05-24,extended,252,expanding,0.7333223223686218,0.833415687084198
2016-05-25,extended,252,expanding,0.45368456840515137,0.8429755568504333
2016-05-26,extended,252,expanding,0.6399602293968201,0.7995948195457458
2016-05-27,extended,252,expanding,0.4759734272956848,0.7364298701286316
2016-05-30,extended,252,expanding,0.4913768768310547,0.8455489277839661
2016-05-31,extended,252,expanding,0.518775463104248,1.0033015012741089
2016-06-01,extended,252,expanding,0.6837883591651917,0.8613137006759644
2016-06-02,extended,252,expanding,0.9795601963996887,1.088521122932434
2016-06-03,extended,252,expanding,0.8666326999664307,0.9215098023414612
2016-06-06,extended,252,expanding,0.863338053226471,0.9973464608192444
2016-06-07,extended,252,expanding,0.6715475916862488,0.7184352278709412
2016-06-08,extended,252,expanding,0.8457896709442139,0.8775300979614258
2016-06-09,extended,252,expanding,0.6698670983314514,0.9630265235900879
2016-06-10,extended,252,expanding,0.685681164264679,0.8313327431678772
2016-06-13,extended,252,expanding,0.7422822117805481,1.1117134094238281
2016-06-14,extended,252,expanding,1.2516831159591675,1.2134077548980713
2016-06-15,extended,252,expanding,1.0969523191452026,1.046741008758545
2016-06-16,extended,252,expanding,1.3885588645935059,1.6456502676010132
2016-06-17,extended,252,expanding,1.1375908851623535,1.1477842330932617
2016-06-20,extended,252,expanding,0.947904646396637,1.0456678867340088
2016-06-21,extended,252,expanding,0.9108080267906189,1.5437253713607788
2016-06-22,extended,252,expanding,0.879840075969696,1.0171972513198853
2016-06-23,extended,252,expanding,0.5856910347938538,1.1074379682540894
2016-06-24,extended,252,expanding,4.8147125244140625,4.411170482635498
2016-06-27,extended,252,expanding,1.5696028470993042,2.308418035507202
2016-06-28,extended,252,expanding,1.5905482769012451,2.0887234210968018
2016-06-29,extended,252,expanding,1.033029317855835,1.1620367765426636
2016-06-30,extended,252,expanding,0.7376991510391235,1.1079057455062866
2016-07-01,extended,252,expanding,0.8345628976821899,1.0902353525161743
2016-07-04,extended,252,expanding,0.8172775506973267,1.1142624616622925
2016-07-05,extended,252,expanding,0.5802201628684998,0.8505074977874756
2016-07-06,extended,252,expanding,0.9345049858093262,1.1969486474990845
2016-07-07,extended,252,expanding,0.960181474685669,1.0508843660354614
2016-07-08,extended,252,expanding,0.8835567831993103,1.2590755224227905
2016-07-11,extended,252,expanding,1.0997540950775146,1.6653231382369995
2016-07-12,extended,252,expanding,1.218227505683899,1.3407469987869263
2016-07-13,extended,252,expanding,1.0355910062789917,1.1871747970581055
2016-07-15,extended,252,expanding,1.0242836475372314,1.070236325263977
2016-07-19,extended,252,expanding,0.6892654895782471,1.164524793624878
2016-07-20,extended,252,expanding,0.7020190954208374,0.6757696270942688
2016-07-21,extended,252,expanding,0.6503658890724182,0.9692288041114807
2016-07-22,extended,252,expanding,0.7570444941520691,0.7303406596183777
2016-07-25,extended,252,expanding,0.7898123860359192,0.9154499173164368
2016-07-26,extended,252,expanding,0.8631693720817566,0.8972869515419006
2016-07-27,extended,252,expanding,1.3050354719161987,1.2037237882614136
2016-07-28,extended,252,expanding,0.7817545533180237,0.9920313954353333
2016-07-29,extended,252,expanding,2.9795308113098145,1.8056448698043823
2016-08-01,extended,252,expanding,0.9494179487228394,1.6771289110183716
2016-08-02,extended,252,expanding,0.7269504070281982,0.924136221408844
2016-08-03,extended,252,expanding,1.055442214012146,0.9829027056694031
2016-08-04,extended,252,expanding,1.1775779724121094,1.3823422193527222
2016-08-05,extended,252,expanding,0.73040771484375,0.8794054985046387
2016-08-08,extended,252,expanding,0.6046476364135742,0.9383394122123718
2016-08-09,extended,252,expanding,0.6205140352249146,0.7801880836486816
2016-08-10,extended,252,expanding,0.6798567175865173,0.8932841420173645
2016-08-12,extended,252,expanding,0.4315864145755768,0.7702378630638123
2016-08-15,extended,252,expanding,0.36528342962265015,0.5996741056442261
2016-08-16,extended,252,expanding,1.1133906841278076,0.8086742162704468
2016-08-17,extended,252,expanding,0.6402986645698547,0.8726913928985596
2016-08-18,extended,252,expanding,0.9901672005653381,0.8028678297996521
2016-08-19,extended,252,expanding,0.8074475526809692,0.8021512031555176
2016-08-22,extended,252,expanding,0.514502227306366,0.5970371961593628
2016-08-23,extended,252,expanding,0.6186231374740601,0.7474914789199829
2016-08-24,extended,252,expanding,0.5441617965698242,0.7239477038383484
2016-08-25,extended,252,expanding,0.5232685208320618,0.695894718170166
2016-08-26,extended,252,expanding,0.8203985691070557,0.8036457300186157
2016-08-29,extended,252,expanding,0.5442261099815369,0.6040757298469543
2016-08-30,extended,252,expanding,0.2758340537548065,0.6046097874641418
2016-08-31,extended,252,expanding,0.36021187901496887,0.6817717552185059
2016-09-01,extended,252,expanding,0.418367475271225,0.6517325043678284
2016-09-02,extended,252,expanding,0.5421878099441528,0.6947422027587891
2016-09-05,extended,252,expanding,0.5312119722366333,0.5167908668518066
2016-09-06,extended,252,expanding,0.3416975438594818,0.5277382135391235
2016-09-07,extended,252,expanding,0.48437196016311646,0.6500197052955627
2016-09-08,extended,252,expanding,0.5200518369674683,0.6831006407737732
2016-09-09,extended,252,expanding,0.5697178244590759,0.642392098903656
2016-09-12,extended,252,expanding,0.6346680521965027,0.7642075419425964
2016-09-13,extended,252,expanding,0.6017600297927856,0.7517701387405396
2016-09-14,extended,252,expanding,0.5983334183692932,0.6690574288368225
2016-09-15,extended,252,expanding,0.6458284854888916,0.8016899824142456
2016-09-16,extended,252,expanding,0.4097844660282135,0.6346350312232971
2016-09-20,extended,252,expanding,0.7152199745178223,0.7205309867858887
2016-09-21,extended,252,expanding,1.261147141456604,1.2318851947784424
2016-09-23,extended,252,expanding,0.4285288453102112,0.7765284180641174
2016-09-26,extended,252,expanding,0.5684448480606079,0.7664915323257446
2016-09-27,extended,252,expanding,0.9250689744949341,1.220033884048462
2016-09-28,extended,252,expanding,0.5688468217849731,0.786586582660675
2016-09-29,extended,252,expanding,0.5725529193878174,0.9193261861801147
2016-09-30,extended,252,expanding,0.568519115447998,0.6459007263183594
2016-10-03,extended,252,expanding,0.5273213386535645,0.5529022216796875
2016-10-04,extended,252,expanding,0.5152956247329712,0.6513757705688477
2016-10-05,extended,252,expanding,0.4312155842781067,0.6446839570999146
2016-10-06,extended,252,expanding,0.4694737493991852,0.6589863300323486
2016-10-07,extended,252,expanding,0.3532298505306244,0.5119642019271851
2016-10-11,extended,252,expanding,0.5121108293533325,0.740953266620636
2016-10-12,extended,252,expanding,0.4256954789161682,0.752149760723114
2016-10-13,extended,252,expanding,0.7312415242195129,0.7957826852798462
2016-10-14,extended,252,expanding,0.6834184527397156,0.7600643038749695
2016-10-17,extended,252,expanding,0.5803168416023254,0.6542453765869141
2016-10-18,extended,252,expanding,0.39912575483322144,0.5822871327400208
2016-10-19,extended,252,expanding,0.35592904686927795,0.5859085917472839
2016-10-20,extended,252,expanding,0.5749053359031677,0.8234899044036865
2016-10-21,extended,252,expanding,0.5389099717140198,0.6270596385002136
2016-10-24,extended,252,expanding,0.3968578577041626,0.6011379957199097
2016-10-25,extended,252,expanding,0.38756951689720154,0.6270045638084412
2016-10-26,extended,252,expanding,0.3842710554599762,0.6084835529327393
2016-10-27,extended,252,expanding,0.4545227885246277,0.7689532041549683
2016-10-28,extended,252,expanding,0.28029292821884155,0.4661773443222046
2016-10-31,extended,252,expanding,0.4442616403102875,0.652131974697113
2016-11-01,extended,252,expanding,0.5160276889801025,0.618168830871582
2016-11-02,extended,252,expanding,0.6027249097824097,0.7379667162895203
2016-11-04,extended,252,expanding,0.754879891872406,0.8623495697975159
2016-11-07,extended,252,expanding,0.6690884232521057,0.7694679498672485
2016-11-08,extended,252,expanding,0.4833706021308899,0.672747790813446
2016-11-09,extended,252,expanding,3.849862575531006,3.138275146484375
2016-11-10,extended,252,expanding,2.8114004135131836,2.7077202796936035
2016-11-11,extended,252,expanding,0.9687204360961914,1.8017672300338745
2016-11-14,extended,252,expanding,0.7010598182678223,1.1811686754226685
2016-11-15,extended,252,expanding,0.6072629690170288,0.74789959192276
2016-11-16,extended,252,expanding,0.43696674704551697,0.8107433915138245
2016-11-17,extended,252,expanding,0.6785653233528137,0.638439416885376
2016-11-18,extended,252,expanding,0.46601659059524536,0.6159012913703918
2016-11-21,extended,252,expanding,0.42615148425102234,0.6964941024780273
2016-11-22,extended,252,expanding,0.5271357893943787,0.6559256911277771
2016-11-24,extended,252,expanding,0.3814528286457062,0.687544047832489
2016-11-25,extended,252,expanding,0.6947544813156128,0.7482730746269226
2016-11-28,extended,252,expanding,0.5588774681091309,0.7766891121864319
2016-11-29,extended,252,expanding,0.4100857675075531,0.6200527548789978
2016-11-30,extended,252,expanding,0.44699668884277344,0.7986751794815063
2016-12-01,extended,252,expanding,0.7469645738601685,0.9765223264694214
2016-12-02,extended,252,expanding,0.5730465650558472,0.8303496837615967
2016-12-05,extended,252,expanding,0.5556622743606567,0.79087233543396
2016-12-06,extended,252,expanding,0.5522757768630981,0.7297989130020142
2016-12-07,extended,252,expanding,0.467422217130661,0.661243200302124
2016-12-08,extended,252,expanding,0.4401746094226837,0.7342374324798584
2016-12-09,extended,252,expanding,0.5747639536857605,0.780809760093689
2016-12-12,extended,252,expanding,0.7241592407226562,0.8247147798538208
2016-12-13,extended,252,expanding,0.5973326563835144,0.7551476359367371
2016-12-14,extended,252,expanding,0.5167465209960938,0.6377308964729309
2016-12-15,extended,252,expanding,0.8124047517776489,0.8164359927177429
2016-12-16,extended,252,expanding,0.45954629778862,0.6788503527641296
2016-12-19,extended,252,expanding,0.3910137116909027,0.4973260164260864
2016-12-20,extended,252,expanding,0.38114750385284424,0.6271717548370361
2016-12-21,extended,252,expanding,0.5928018689155579,0.6954187154769897
2016-12-22,extended,252,expanding,0.5301477313041687,0.5189180374145508
2016-12-26,extended,252,expanding,0.24589456617832184,0.5044341683387756
2016-12-27,extended,252,expanding,0.46171602606773376,0.4570543169975281
2016-12-28,extended,252,expanding,0.35962390899658203,0.3916257619857788
2016-12-29,extended,252,expanding,0.5747138857841492,0.6200171709060669
2016-12-30,extended,252,expanding,0.5898568630218506,0.6337555646896362
2017-01-04,extended,252,expanding,0.5337347984313965,0.8279658555984497
2017-01-05,extended,252,expanding,0.5212059020996094,0.5636091232299805
2017-01-06,extended,252,expanding,0.4106443226337433,0.604352593421936
2017-01-10,extended,252,expanding,0.7592033743858337,0.7541091442108154
2017-01-11,extended,252,expanding,0.39782819151878357,0.5437606573104858
2017-01-12,extended,252,expanding,0.7079029083251953,0.61086106300354
2017-01-13,extended,252,expanding,0.5816323757171631,0.6241952180862427
2017-01-16,extended,252,expanding,0.5695990920066833,0.6528345346450806
2017-01-17,extended,252,expanding,0.9037089347839355,0.7330726385116577
2017-01-18,extended,252,expanding,0.7296382784843445,0.9060560464859009
2017-01-19,extended,252,expanding,0.5663987994194031,0.7006455659866333
2017-01-20,extended,252,expanding,0.6571333408355713,0.6083265542984009
2017-01-23,extended,252,expanding,0.6369922757148743,0.6725109815597534
2017-01-24,extended,252,expanding,0.6502918004989624,0.6666718125343323
2017-01-25,extended,252,expanding,0.567960798740387,0.6638782620429993
2017-01-26,extended,252,expanding,0.4774133563041687,0.7124585509300232
2017-01-27,extended,252,expanding,0.5001634955406189,0.5696801543235779
2017-01-30,extended,252,expanding,0.42342957854270935,0.5480074286460876
2017-01-31,extended,252,expanding,0.5440484881401062,0.6292828917503357
2017-02-01,extended,252,expanding,0.599554717540741,0.76919025182724
2017-02-02,extended,252,expanding,0.6822830438613892,0.8441457152366638
2017-02-03,extended,252,expanding,0.993347704410553,0.8224260210990906
2017-02-06,extended,252,expanding,0.5606110692024231,0.7769477963447571
2017-02-07,extended,252,expanding,0.44940534234046936,0.6985194683074951
2017-02-08,extended,252,expanding,0.5361540913581848,0.7143048048019409
2017-02-09,extended,252,expanding,0.5198953747749329,0.6188729405403137
2017-02-10,extended,252,expanding,0.45224952697753906,0.7969362139701843
2017-02-13,extended,252,expanding,0.48835280537605286,0.5640747547149658
2017-02-14,extended,252,expanding,0.6370822191238403,0.7157602906227112
2017-02-15,extended,252,expanding,0.340157151222229,0.5894119739532471
2017-02-16,extended,252,expanding,0.5591628551483154,0.6161724925041199
2017-02-17,extended,252,expanding,0.5008618235588074,0.5997833609580994
2017-02-20,extended,252,expanding,0.4872017502784729,0.590286910533905
2017-02-21,extended,252,expanding,0.34451714158058167,0.5980422496795654
2017-02-22,extended,252,expanding,0.39753925800323486,0.5475560426712036
2017-02-23,extended,252,expanding,0.466205358505249,0.5836061835289001
2017-02-24,extended,252,expanding,0.545671820640564,0.6766032576560974
2017-02-27,extended,252,expanding,0.7651416659355164,0.6051420569419861
2017-02-28,extended,252,expanding,0.5095508098602295,0.6665029525756836
2017-03-01,extended,252,expanding,1.0389153957366943,0.6932259798049927
2017-03-02,extended,252,expanding,0.48378822207450867,0.659748375415802
2017-03-03,extended,252,expanding,0.4679069221019745,0.7093293070793152
2017-03-06,extended,252,expanding,0.389076828956604,0.5277363657951355
2017-03-07,extended,252,expanding,0.2934364378452301,0.4537917673587799
2017-03-08,extended,252,expanding,0.40689361095428467,0.5965526103973389
2017-03-09,extended,252,expanding,0.4072078466415405,0.5052282810211182
2017-03-10,extended,252,expanding,0.41239941120147705,0.6547741889953613
2017-03-13,extended,252,expanding,0.3549025356769562,0.48604846000671387
2017-03-14,extended,252,expanding,0.19915147125720978,0.4015004336833954
2017-03-15,extended,252,expanding,0.28464585542678833,0.4652898609638214
2017-03-16,extended,252,expanding,0.4710002541542053,0.550898551940918
2017-03-17,extended,252,expanding,0.3494258224964142,0.3760678172111511
2017-03-21,extended,252,expanding,0.3881458342075348,0.5565894842147827
2017-03-22,extended,252,expanding,0.5327169299125671,0.5115428566932678
2017-03-23,extended,252,expanding,0.5453264713287354,0.5693199634552002
2017-03-24,extended,252,expanding,0.5885257720947266,0.6780349016189575
2017-03-27,extended,252,expanding,0.567314624786377,0.493272602558136
2017-03-28,extended,252,expanding,0.3235222101211548,0.5046290159225464
2017-03-29,extended,252,expanding,0.4340902268886566,0.4921102225780487
2017-03-30,extended,252,expanding,0.4922437369823456,0.6654902100563049
2017-03-31,extended,252,expanding,0.6181417107582092,0.6992390751838684
2017-04-03,extended,252,expanding,0.554695725440979,0.5351124405860901
2017-04-04,extended,252,expanding,0.8538081645965576,0.7939673066139221
2017-04-05,extended,252,expanding,0.6399348378181458,0.687797486782074
2017-04-06,extended,252,expanding,0.7462509870529175,0.878519594669342
2017-04-07,extended,252,expanding,1.2681001424789429,0.8310343623161316
2017-04-10,extended,252,expanding,0.5491471290588379,0.590318500995636
2017-04-11,extended,252,expanding,0.49296948313713074,0.6666240096092224
2017-04-12,extended,252,expanding,0.6030780076980591,0.6795409917831421
2017-04-13,extended,252,expanding,0.5938684940338135,0.7088825106620789
2017-04-14,extended,252,expanding,0.8515931367874146,0.7995108962059021
2017-04-17,extended,252,expanding,0.48604291677474976,0.5939865708351135
2017-04-18,extended,252,expanding,0.5073956847190857,0.7450999021530151
2017-04-19,extended,252,expanding,0.5813726782798767,0.625882089138031
2017-04-20,extended,252,expanding,0.43500199913978577,0.6273415684700012
2017-04-21,extended,252,expanding,0.39241188764572144,0.5303511023521423
2017-04-24,extended,252,expanding,0.42685386538505554,0.4480261504650116
2017-04-25,extended,252,expanding,0.49349895119667053,0.7383101582527161
2017-04-26,extended,252,expanding,0.4114079773426056,0.5838086605072021
2017-04-27,extended,252,expanding,0.34631532430648804,0.496395468711853
2017-04-28,extended,252,expanding,0.3932180404663086,0.5007790327072144
2017-05-01,extended,252,expanding,0.3774406313896179,0.5022943615913391
2017-05-02,extended,252,expanding,0.37212073802948,0.5254802703857422
2017-05-08,extended,252,expanding,0.44683367013931274,0.7333272099494934
2017-05-09,extended,252,expanding,0.39351949095726013,0.4191822111606598
2017-05-10,extended,252,expanding,0.42751917243003845,0.4823175072669983
2017-05-11,extended,252,expanding,0.29772090911865234,0.5457526445388794
2017-05-12,extended,252,expanding,0.35534149408340454,0.46909597516059875
2017-05-15,extended,252,expanding,0.34672462940216064,0.4760250151157379
2017-05-16,extended,252,expanding,0.3364280164241791,0.48842716217041016
2017-05-17,extended,252,expanding,0.3780445158481598,0.5088648200035095
2017-05-18,extended,252,expanding,0.5265839099884033,0.6067598462104797
2017-05-19,extended,252,expanding,0.4414779543876648,0.4837871193885803
2017-05-22,extended,252,expanding,0.36917227506637573,0.4071139693260193
2017-05-23,extended,252,expanding,0.34763866662979126,0.46828463673591614
2017-05-24,extended,252,expanding,0.32782188057899475,0.4330469071865082
2017-05-25,extended,252,expanding,0.40404069423675537,0.5381439328193665
2017-05-26,extended,252,expanding,0.3713332414627075,0.4331948161125183
2017-05-29,extended,252,expanding,0.3818655014038086,0.3900945484638214
2017-05-30,extended,252,expanding,0.4150547385215759,0.4463345408439636
2017-05-31,extended,252,expanding,0.3541814386844635,0.48435479402542114
2017-06-01,extended,252,expanding,0.47901082038879395,0.6615351438522339
2017-06-02,extended,252,expanding,0.5777614712715149,0.7521640658378601
2017-06-05,extended,252,expanding,0.3939054012298584,0.45840975642204285
2017-06-06,extended,252,expanding,0.554668128490448,0.5901288986206055
2017-06-07,extended,252,expanding,0.4237467348575592,0.5396155118942261
2017-06-08,extended,252,expanding,0.4978974163532257,0.5951467156410217
2017-06-09,extended,252,expanding,0.6266583800315857,0.5237376689910889
2017-06-12,extended,252,expanding,0.5305700302124023,0.4496111273765564
2017-06-13,extended,252,expanding,0.3174573481082916,0.45909032225608826
2017-06-14,extended,252,expanding,0.4122343063354492,0.544072687625885
2017-06-15,extended,252,expanding,0.6944157481193542,0.7221213579177856
2017-06-16,extended,252,expanding,0.5459339022636414,0.5290217399597168
2017-06-19,extended,252,expanding,0.3742663562297821,0.5376293659210205
2017-06-20,extended,252,expanding,0.3689539432525635,0.4565409719944
2017-06-21,extended,252,expanding,0.3816809058189392,0.4861227571964264
2017-06-22,extended,252,expanding,0.41244298219680786,0.5198829770088196
2017-06-23,extended,252,expanding,0.352920264005661,0.3892364501953125
2017-06-26,extended,252,expanding,0.30464795231819153,0.3717195987701416
2017-06-27,extended,252,expanding,0.29076769948005676,0.38228389620780945
2017-06-28,extended,252,expanding,0.37377670407295227,0.5124102234840393
2017-06-29,extended,252,expanding,0.3148251473903656,0.37564006447792053
2017-06-30,extended,252,expanding,0.3880715072154999,0.4127826392650604
2017-07-03,extended,252,expanding,0.3163602352142334,0.41036689281463623
2017-07-04,extended,252,expanding,0.4551140069961548,0.5943589806556702
2017-07-05,extended,252,expanding,0.49905383586883545,0.5678742527961731
2017-07-06,extended,252,expanding,0.4543601870536804,0.5370697975158691
2017-07-07,extended,252,expanding,0.5333593487739563,0.4581865966320038
2017-07-10,extended,252,expanding,0.34752047061920166,0.4248703420162201
2017-07-11,extended,252,expanding,0.2637716829776764,0.4604044258594513
2017-07-12,extended,252,expanding,0.3750652074813843,0.40812188386917114
2017-07-13,extended,252,expanding,0.333103746175766,0.5460503101348877
2017-07-14,extended,252,expanding,0.2998218238353729,0.3623436689376831
2017-07-18,extended,252,expanding,0.45818954706192017,0.4603350758552551
2017-07-19,extended,252,expanding,0.26045599579811096,0.4682474732398987
2017-07-20,extended,252,expanding,0.3284386694431305,0.4380970001220703
2017-07-21,extended,252,expanding,0.2574783265590668,0.33291661739349365
2017-07-24,extended,252,expanding,0.3286445736885071,0.3924933075904846
2017-07-25,extended,252,expanding,0.30891701579093933,0.5225445032119751
2017-07-26,extended,252,expanding,0.3010370135307312,0.45815131068229675
2017-07-27,extended,252,expanding,0.42826879024505615,0.5743198990821838
2017-07-28,extended,252,expanding,0.3269859850406647,0.4928543269634247
2017-07-31,extended,252,expanding,0.34381335973739624,0.47779083251953125
2017-08-01,extended,252,expanding,0.3701228201389313,0.430547297000885
2017-08-02,extended,252,expanding,0.3556900918483734,0.44757363200187683
2017-08-03,extended,252,expanding,0.3795364201068878,0.3951506018638611
2017-08-04,extended,252,expanding,0.2055077999830246,0.47188785672187805
2017-08-07,extended,252,expanding,0.19880962371826172,0.3329595625400543
2017-08-08,extended,252,expanding,0.29422396421432495,0.43713024258613586
2017-08-09,extended,252,expanding,0.7205450534820557,0.6799445152282715
2017-08-10,extended,252,expanding,0.463077574968338,0.6400265693664551
2017-08-14,extended,252,expanding,0.473076730966568,0.5154197216033936
2017-08-15,extended,252,expanding,0.4876159727573395,0.5505543351173401
2017-08-16,extended,252,expanding,0.30335959792137146,0.41840416193008423
2017-08-17,extended,252,expanding,0.3221808671951294,0.3936486542224884
2017-08-18,extended,252,expanding,0.39281168580055237,0.5535091757774353
2017-08-21,extended,252,expanding,0.39614400267601013,0.506106972694397
2017-08-22,extended,252,expanding,0.3709500730037689,0.4197182059288025
2017-08-23,extended,252,expanding,0.3755699694156647,0.522209107875824
2017-08-24,extended,252,expanding,0.3368798494338989,0.48278433084487915
2017-08-25,extended,252,expanding,0.3610420525074005,0.45963820815086365
2017-08-28,extended,252,expanding,0.3978266417980194,0.4867934286594391
2017-08-29,extended,252,expanding,0.3437117338180542,0.4634372293949127
2017-08-30,extended,252,expanding,0.3561752140522003,0.48477330803871155
2017-08-31,extended,252,expanding,0.33029797673225403,0.43574386835098267
2017-09-01,extended,252,expanding,0.332030713558197,0.4898327887058258
2017-09-04,extended,252,expanding,0.4532468318939209,0.4858368933200836
2017-09-05,extended,252,expanding,0.5307310223579407,0.6378594636917114
2017-09-06,extended,252,expanding,0.480851411819458,0.5881026983261108
2017-09-07,extended,252,expanding,0.4125109910964966,0.505891740322113
2017-09-08,extended,252,expanding,0.3551175892353058,0.47507819533348083
2017-09-11,extended,252,expanding,0.41913726925849915,0.5747083425521851
2017-09-12,extended,252,expanding,0.2889225482940674,0.44336655735969543
2017-09-13,extended,252,expanding,0.2281825691461563,0.38950687646865845
2017-09-14,extended,252,expanding,0.39802828431129456,0.4800938367843628
2017-09-15,extended,252,expanding,0.4315425455570221,0.4797402620315552
2017-09-19,extended,252,expanding,0.41981470584869385,0.5733607411384583
2017-09-20,extended,252,expanding,0.3753698170185089,0.45248162746429443
2017-09-21,extended,252,expanding,0.4398660659790039,0.5288367867469788
2017-09-22,extended,252,expanding,0.4256897270679474,0.5600420236587524
2017-09-25,extended,252,expanding,0.33988216519355774,0.4750290811061859
2017-09-26,extended,252,expanding,0.3098033368587494,0.445210337638855
2017-09-27,extended,252,expanding,0.3621155619621277,0.4331547021865845
2017-09-28,extended,252,expanding,0.4497576355934143,0.3909132480621338
2017-09-29,extended,252,expanding,0.30817118287086487,0.37343746423721313
2017-10-02,extended,252,expanding,0.2820300757884979,0.30444735288619995
2017-10-03,extended,252,expanding,0.3789536952972412,0.5329190492630005
2017-10-04,extended,252,expanding,0.35210856795310974,0.4193241596221924
2017-10-05,extended,252,expanding,0.22345025837421417,0.38297605514526367
2017-10-06,extended,252,expanding,0.20977941155433655,0.33829358220100403
2017-10-10,extended,252,expanding,0.33375677466392517,0.4845854341983795
2017-10-11,extended,252,expanding,0.24373097717761993,0.38283851742744446
2017-10-12,extended,252,expanding,0.3042336702346802,0.28809571266174316
2017-10-13,extended,252,expanding,0.5592812299728394,0.6037938594818115
2017-10-16,extended,252,expanding,0.40989425778388977,0.5124541521072388
2017-10-17,extended,252,expanding,0.48555681109428406,0.41871532797813416
2017-10-18,extended,252,expanding,0.3365372121334076,0.42680203914642334
2017-10-19,extended,252,expanding,0.4043932557106018,0.46750277280807495
2017-10-20,extended,252,expanding,0.3449465036392212,0.4954155385494232
2017-10-23,extended,252,expanding,0.4389392137527466,0.3577030301094055
2017-10-24,extended,252,expanding,0.41826221346855164,0.4481373429298401
2017-10-25,extended,252,expanding,0.6329922080039978,0.6558380126953125
2017-10-26,extended,252,expanding,0.4832971692085266,0.4546286463737488
2017-10-27,extended,252,expanding,0.48714587092399597,0.593303918838501
2017-10-30,extended,252,expanding,0.47036778926849365,0.4581170678138733
2017-10-31,extended,252,expanding,0.3885367512702942,0.4777441620826721
2017-11-01,extended,252,expanding,0.5531220436096191,0.7352069020271301
2017-11-02,extended,252,expanding,0.5724515914916992,0.4429872930049896
2017-11-06,extended,252,expanding,0.4866372048854828,0.5913013815879822
2017-11-07,extended,252,expanding,0.6887922286987305,0.9119377136230469
2017-11-08,extended,252,expanding,0.4630116820335388,0.5669962763786316
2017-11-09,extended,252,expanding,1.6643542051315308,1.6289423704147339
2017-11-10,extended,252,expanding,0.8559525609016418,0.9448260068893433
2017-11-13,extended,252,expanding,0.6097328066825867,0.7101132869720459
2017-11-14,extended,252,expanding,0.8294748067855835,0.5773467421531677
2017-11-15,extended,252,expanding,1.0065264701843262,0.8629871606826782
2017-11-16,extended,252,expanding,0.7849319577217102,1.0413223505020142
2017-11-17,extended,252,expanding,1.3172125816345215,1.0039699077606201
2017-11-20,extended,252,expanding,0.7679080963134766,0.7227345108985901
2017-11-21,extended,252,expanding,0.5739060640335083,0.515068531036377
2017-11-22,extended,252,expanding,0.4886974096298218,0.5554971098899841
2017-11-24,extended,252,expanding,0.47737249732017517,0.6007281541824341
2017-11-27,extended,252,expanding,0.5906118750572205,0.6553652882575989
2017-11-28,extended,252,expanding,0.6550170183181763,0.6112953424453735
2017-11-29,extended,252,expanding,0.4876325726509094,0.43693700432777405
2017-11-30,extended,252,expanding,0.6091470718383789,0.6005601286888123
2017-12-01,extended,252,expanding,0.7975608110427856,0.8177170753479004
2017-12-04,extended,252,expanding,0.48781418800354004,0.5515689253807068
2017-12-05,extended,252,expanding,0.47832804918289185,0.46835944056510925
2017-12-06,extended,252,expanding,0.9541304111480713,0.7794598937034607
2017-12-07,extended,252,expanding,0.6339752078056335,0.7439931631088257
2017-12-08,extended,252,expanding,0.4935559034347534,0.5936442613601685
2017-12-11,extended,252,expanding,0.40482521057128906,0.4623086452484131
2017-12-12,extended,252,expanding,0.3842228651046753,0.503544270992279
2017-12-13,extended,252,expanding,0.5078349709510803,0.5621418356895447
2017-12-14,extended,252,expanding,0.4510388970375061,0.47043490409851074
2017-12-15,extended,252,expanding,0.683292806148529,0.5952813625335693
2017-12-18,extended,252,expanding,0.4467015266418457,0.46707606315612793
2017-12-19,extended,252,expanding,0.4219369888305664,0.4309743046760559
2017-12-20,extended,252,expanding,0.39326557517051697,0.43220436573028564
2017-12-21,extended,252,expanding,0.4246341586112976,0.46673762798309326
2017-12-22,extended,252,expanding,0.3615369498729706,0.43797993659973145
2017-12-25,extended,252,expanding,0.23327940702438354,0.3264825642108917
2017-12-26,extended,252,expanding,0.2286783903837204,0.3532429337501526
2017-12-27,extended,252,expanding,0.24827373027801514,0.35286080837249756
2017-12-28,extended,252,expanding,0.37999075651168823,0.4792315363883972
2017-12-29,extended,252,expanding,0.33475250005722046,0.3575951159000397
2018-01-04,extended,252,expanding,0.7297337055206299,0.8677024245262146
2018-01-05,extended,252,expanding,0.5333000421524048,0.5720424652099609
2018-01-09,extended,252,expanding,0.4390498399734497,0.42959192395210266
2018-01-10,extended,252,expanding,0.3658061623573303,0.43990492820739746
2018-01-11,extended,252,expanding,0.5198746919631958,0.48202401399612427
2018-01-12,extended,252,expanding,0.423579603433609,0.49723219871520996
2018-01-15,extended,252,expanding,0.3797820508480072,0.41897422075271606
2018-01-16,extended,252,expanding,0.4337761104106903,0.5559280514717102
2018-01-17,extended,252,expanding,0.4693595767021179,0.46219706535339355
2018-01-18,extended,252,expanding,0.884577214717865,0.7561878561973572
2018-01-19,extended,252,expanding,0.24005931615829468,0.5676413178443909
2018-01-22,extended,252,expanding,0.4376074969768524,0.4096337556838989
2018-01-23,extended,252,expanding,0.49888932704925537,0.5296375155448914
2018-01-24,extended,252,expanding,0.3888152241706848,0.44693657755851746
2018-01-25,extended,252,expanding,0.5492798089981079,0.5530434846878052
2018-01-26,extended,252,expanding,0.4855218827724457,0.5255337357521057
2018-01-29,extended,252,expanding,0.5008461475372314,0.4785873293876648
2018-01-30,extended,252,expanding,0.6938268542289734,0.7293128371238708
2018-01-31,extended,252,expanding,0.6818748116493225,0.747962236404419
2018-02-01,extended,252,expanding,0.5882114768028259,0.7278362512588501
2018-02-02,extended,252,expanding,0.700230598449707,0.6500506401062012
2018-02-05,extended,252,expanding,0.9624348878860474,0.8253827691078186
2018-02-06,extended,252,expanding,2.662376880645752,2.404757499694824
2018-02-07,extended,252,expanding,1.7914530038833618,1.9012219905853271
2018-02-08,extended,252,expanding,1.1625701189041138,1.1189370155334473
2018-02-09,extended,252,expanding,1.7603399753570557,1.3109725713729858
2018-02-13,extended,252,expanding,1.0245187282562256,1.3854442834854126
2018-02-14,extended,252,expanding,1.3764359951019287,1.2907741069793701
2018-02-15,extended,252,expanding,1.0609124898910522,1.0300960540771484
2018-02-16,extended,252,expanding,1.0465106964111328,0.9527248740196228
2018-02-19,extended,252,expanding,0.6847185492515564,0.8728124499320984
2018-02-20,extended,252,expanding,0.7512773275375366,0.6131601929664612
2018-02-21,extended,252,expanding,0.8599793314933777,0.7848345041275024
2018-02-22,extended,252,expanding,0.8276328444480896,0.7261313199996948
2018-02-23,extended,252,expanding,0.5382821559906006,0.6606577634811401
2018-02-26,extended,252,expanding,0.6468197703361511,0.6359233856201172
2018-02-27,extended,252,expanding,0.5903192162513733,0.6115068197250366
2018-02-28,extended,252,expanding,0.7639489769935608,0.6973135471343994
2018-03-01,extended,252,expanding,0.7273944020271301,0.6781625747680664
2018-03-02,extended,252,expanding,1.1421468257904053,0.7853378057479858
2018-03-05,extended,252,expanding,0.9346277117729187,0.8458750247955322
2018-03-06,extended,252,expanding,0.6217877864837646,0.67658531665802
2018-03-07,extended,252,expanding,0.9915945529937744,0.8048526048660278
2018-03-08,extended,252,expanding,0.6258847117424011,0.7212406992912292
2018-03-09,extended,252,expanding,1.2000478506088257,1.0400508642196655
2018-03-12,extended,252,expanding,0.9550619721412659,0.7921561002731323
2018-03-13,extended,252,expanding,0.6140462160110474,0.7250789403915405
2018-03-14,extended,252,expanding,0.664049506187439,0.6306911706924438
2018-03-15,extended,252,expanding,0.7490875720977783,0.6605066657066345
2018-03-16,extended,252,expanding,0.6029006242752075,0.6768589019775391
2018-03-19,extended,252,expanding,0.8381118178367615,0.7500694990158081
2018-03-20,extended,252,expanding,0.5868405103683472,0.7040359377861023
2018-03-22,extended,252,expanding,0.7125630974769592,0.6592516303062439
2018-03-23,extended,252,expanding,1.4400233030319214,1.3144587278366089
2018-03-26,extended,252,expanding,1.1828986406326294,1.2923096418380737
2018-03-27,extended,252,expanding,0.8745975494384766,0.9830837845802307
2018-03-28,extended,252,expanding,1.234853982925415,0.8270501494407654
2018-03-29,extended,252,expanding,0.796487033367157,0.8889790773391724
2018-03-30,extended,252,expanding,0.7519609928131104,0.6481414437294006
2018-04-02,extended,252,expanding,0.6645634174346924,0.8002713918685913
2018-04-03,extended,252,expanding,0.7727484703063965,0.734296441078186
2018-04-04,extended,252,expanding,0.7434329390525818,0.6314431428909302
2018-04-05,extended,252,expanding,0.6863859295845032,0.7609766721725464
2018-04-06,extended,252,expanding,0.8401995897293091,0.624301552772522
2018-04-09,extended,252,expanding,0.6438480019569397,0.7149225473403931
2018-04-10,extended,252,expanding,0.884801983833313,0.8565384149551392
2018-04-11,extended,252,expanding,0.4243650436401367,0.5951565504074097
2018-04-12,extended,252,expanding,0.5920926928520203,0.57762610912323
2018-04-13,extended,252,expanding,0.5822346806526184,0.6255549788475037
2018-04-16,extended,252,expanding,0.5365098714828491,0.41144004464149475
2018-04-17,extended,252,expanding,0.47068092226982117,0.5097982883453369
2018-04-18,extended,252,expanding,0.5260350704193115,0.7372198104858398
2018-04-19,extended,252,expanding,0.46975892782211304,0.5620080828666687
2018-04-20,extended,252,expanding,0.5371811985969543,0.612933874130249
2018-04-23,extended,252,expanding,0.5037749409675598,0.5573791861534119
2018-04-24,extended,252,expanding,0.4421188235282898,0.5630738735198975
2018-04-25,extended,252,expanding,0.4739097058773041,0.5925424098968506
2018-04-26,extended,252,expanding,0.4815533757209778,0.4838467836380005
2018-04-27,extended,252,expanding,0.5080338716506958,0.444332093000412
2018-05-01,extended,252,expanding,0.296428382396698,0.4431171119213104
2018-05-02,extended,252,expanding,0.3486405611038208,0.5174300074577332
2018-05-07,extended,252,expanding,0.4484216868877411,0.5588688850402832
2018-05-08,extended,252,expanding,0.31898146867752075,0.5174742937088013
2018-05-09,extended,252,expanding,0.4115622043609619,0.5460537075996399
2018-05-10,extended,252,expanding,0.33365634083747864,0.4334726333618164
2018-05-11,extended,252,expanding,0.44257473945617676,0.5871766209602356
2018-05-14,extended,252,expanding,0.384793221950531,0.575823187828064
2018-05-15,extended,252,expanding,0.30515021085739136,0.44639334082603455
2018-05-16,extended,252,expanding,0.346852570772171,0.4596030116081238
2018-05-17,extended,252,expanding,0.27528849244117737,0.4049621522426605
2018-05-18,extended,252,expanding,0.3454437255859375,0.3902304172515869
2018-05-21,extended,252,expanding,0.32600724697113037,0.4360247552394867
2018-05-22,extended,252,expanding,0.2709905505180359,0.3649590015411377
2018-05-23,extended,252,expanding,0.7105817794799805,0.5940419435501099
2018-05-24,extended,252,expanding,0.6187455058097839,0.7142518758773804
2018-05-25,extended,252,expanding,0.704705536365509,0.6006309986114502
2018-05-28,extended,252,expanding,0.4166138768196106,0.5191954374313354
2018-05-29,extended,252,expanding,0.5838590264320374,0.5365543961524963
2018-05-30,extended,252,expanding,0.6950572729110718,0.6569935083389282
2018-05-31,extended,252,expanding,0.5134791731834412,0.65803062915802
2018-06-01,extended,252,expanding,0.6390247941017151,0.686082124710083
2018-06-04,extended,252,expanding,0.3911464214324951,0.5466712713241577
2018-06-05,extended,252,expanding,0.5080658197402954,0.47564512491226196
2018-06-06,extended,252,expanding,0.38480204343795776,0.5376406311988831
2018-06-07,extended,252,expanding,0.36689993739128113,0.37238502502441406
2018-06-08,extended,252,expanding,0.49647194147109985,0.47939983010292053
2018-06-11,extended,252,expanding,0.4407244622707367,0.5553537607192993
2018-06-12,extended,252,expanding,0.7177621722221375,0.4842510521411896
2018-06-13,extended,252,expanding,0.3510344326496124,0.3594348728656769
2018-06-14,extended,252,expanding,0.43332335352897644,0.5237290859222412
2018-06-15,extended,252,expanding,0.39284953474998474,0.4732774496078491
2018-06-18,extended,252,expanding,0.4782050549983978,0.5640932321548462
2018-06-19,extended,252,expanding,0.5831729769706726,0.6633070111274719
2018-06-20,extended,252,expanding,0.6759942770004272,0.9434444904327393
2018-06-21,extended,252,expanding,0.6864572763442993,0.6533567905426025
2018-06-22,extended,252,expanding,0.6141883730888367,0.5977565050125122
2018-06-25,extended,252,expanding,0.5162874460220337,0.5637959241867065
2018-06-26,extended,252,expanding,0.7514771223068237,0.6678101420402527
2018-06-27,extended,252,expanding,0.5138838291168213,0.5611515641212463
2018-06-28,extended,252,expanding,0.7328671216964722,0.7339649200439453
2018-06-29,extended,252,expanding,0.611173689365387,0.5915408730506897
2018-07-02,extended,252,expanding,0.7177535891532898,0.937611997127533
2018-07-03,extended,252,expanding,0.9753636717796326,0.9125252962112427
2018-07-04,extended,252,expanding,0.6834385991096497,0.6995505690574646
2018-07-05,extended,252,expanding,0.7831941246986389,0.7669373154640198
2018-07-06,extended,252,expanding,0.8980386853218079,0.6774454712867737
2018-07-09,extended,252,expanding,0.5908731818199158,0.7492967247962952
2018-07-10,extended,252,expanding,0.6311760544776917,0.5139349699020386
2018-07-11,extended,252,expanding,0.8431442975997925,0.7225063443183899
2018-07-12,extended,252,expanding,0.5870678424835205,0.6760291457176208
2018-07-13,extended,252,expanding,0.6552625894546509,0.870957612991333
2018-07-17,extended,252,expanding,0.5821733474731445,0.6913625597953796
2018-07-18,extended,252,expanding,0.42970356345176697,0.5575570464134216
2018-07-19,extended,252,expanding,0.47666436433792114,0.5715932846069336
2018-07-20,extended,252,expanding,0.8711857199668884,0.7517467141151428
2018-07-23,extended,252,expanding,0.5568627119064331,0.47521933913230896
2018-07-24,extended,252,expanding,0.5090151429176331,0.5257319808006287
2018-07-25,extended,252,expanding,0.4510376453399658,0.43031826615333557
2018-07-26,extended,252,expanding,0.5616334676742554,0.5214576721191406
2018-07-27,extended,252,expanding,0.3889598250389099,0.4350152313709259
2018-07-30,extended,252,expanding,0.4640935957431793,0.40879496932029724
2018-07-31,extended,252,expanding,0.851050078868866,0.6678298711776733
2018-08-01,extended,252,expanding,0.34879496693611145,0.5518646836280823
2018-08-02,extended,252,expanding,0.5820848345756531,0.7098695039749146
2018-08-03,extended,252,expanding,0.47341737151145935,0.522640585899353
2018-08-06,extended,252,expanding,0.47783514857292175,0.4312865734100342
2018-08-07,extended,252,expanding,0.38243111968040466,0.45787179470062256
2018-08-08,extended,252,expanding,0.5511147379875183,0.5273250937461853
2018-08-09,extended,252,expanding,0.4188486337661743,0.4544945955276489
2018-08-10,extended,252,expanding,0.7488698959350586,0.748190701007843
2018-08-13,extended,252,expanding,0.6856234669685364,0.6553837060928345
2018-08-14,extended,252,expanding,0.6557826995849609,0.73661208152771
2018-08-15,extended,252,expanding,0.6306971311569214,0.6893593668937683
2018-08-16,extended,252,expanding,1.0435656309127808,0.9134441614151001
2018-08-17,extended,252,expanding,0.46941277384757996,0.5706002712249756
2018-08-20,extended,252,expanding,0.5433439016342163,0.46791693568229675
2018-08-21,extended,252,expanding,0.45044198632240295,0.6660813093185425
2018-08-22,extended,252,expanding,0.49673768877983093,0.6013085842132568
2018-08-23,extended,252,expanding,0.39519086480140686,0.4302632510662079
2018-08-24,extended,252,expanding,0.3039572834968567,0.4640767574310303
2018-08-27,extended,252,expanding,0.34655192494392395,0.3931794762611389
2018-08-28,extended,252,expanding,0.43439406156539917,0.4790501594543457
2018-08-29,extended,252,expanding,0.5130409002304077,0.47614169120788574
2018-08-30,extended,252,expanding,0.48486024141311646,0.42992210388183594
2018-08-31,extended,252,expanding,0.48860079050064087,0.4650290310382843
2018-09-03,extended,252,expanding,0.4690362811088562,0.44869089126586914
2018-09-04,extended,252,expanding,0.5739396214485168,0.42976832389831543
2018-09-05,extended,252,expanding,0.5631270408630371,0.4612428843975067
2018-09-06,extended,252,expanding,0.5140722393989563,0.4605639576911926
2018-09-07,extended,252,expanding,0.5780898928642273,0.5820099711418152
2018-09-10,extended,252,expanding,0.5472757816314697,0.47297990322113037
2018-09-11,extended,252,expanding,0.4658086895942688,0.5546107888221741
2018-09-12,extended,252,expanding,0.5257013440132141,0.5658754706382751
2018-09-13,extended,252,expanding,0.6436496376991272,0.5596427917480469
2018-09-14,extended,252,expanding,0.4679134786128998,0.4513460099697113
2018-09-18,extended,252,expanding,0.6939281821250916,0.7236259579658508
2018-09-19,extended,252,expanding,0.5370125770568848,0.4636494815349579
2018-09-20,extended,252,expanding,0.5405445098876953,0.45909059047698975
2018-09-21,extended,252,expanding,0.6104193925857544,0.4717704951763153
2018-09-25,extended,252,expanding,0.34870249032974243,0.37944650650024414
2018-09-26,extended,252,expanding,0.40396079421043396,0.46285873651504517
2018-09-27,extended,252,expanding,0.707329511642456,0.6216725707054138
2018-09-28,extended,252,expanding,0.7486137747764587,0.6206803321838379
2018-10-01,extended,252,expanding,0.5283595323562622,0.47759518027305603
2018-10-02,extended,252,expanding,0.7021089792251587,0.5618478655815125
2018-10-03,extended,252,expanding,0.696593165397644,0.641993522644043
2018-10-04,extended,252,expanding,0.8494706749916077,0.7108913660049438
2018-10-05,extended,252,expanding,0.7709391713142395,0.6802283525466919
2018-10-09,extended,252,expanding,0.676230251789093,0.6418512463569641
2018-10-10,extended,252,expanding,0.708649754524231,0.614320695400238
2018-10-11,extended,252,expanding,1.5159512758255005,1.2394946813583374
2018-10-12,extended,252,expanding,1.3891196250915527,1.218186855316162
2018-10-15,extended,252,expanding,0.8825310468673706,1.0137513875961304
2018-10-16,extended,252,expanding,0.8684406280517578,0.8044096231460571
2018-10-17,extended,252,expanding,0.6555885672569275,0.7071963548660278
2018-10-18,extended,252,expanding,0.6317754983901978,0.6805040836334229
2018-10-19,extended,252,expanding,0.7905831336975098,0.8586047887802124
2018-10-22,extended,252,expanding,0.8299604654312134,0.8379111289978027
2018-10-23,extended,252,expanding,0.7279755473136902,0.9255737066268921
2018-10-24,extended,252,expanding,1.260615348815918,0.855703592300415
2018-10-25,extended,252,expanding,1.5454463958740234,1.2485257387161255
2018-10-26,extended,252,expanding,1.4846060276031494,1.3515174388885498
2018-10-29,extended,252,expanding,1.070223093032837,1.187559723854065
2018-10-30,extended,252,expanding,1.162065863609314,1.2682297229766846
2018-10-31,extended,252,expanding,0.8137264847755432,1.0941624641418457
2018-11-01,extended,252,expanding,0.976573646068573,0.8703433275222778
2018-11-02,extended,252,expanding,1.4086028337478638,1.3088231086730957
2018-11-05,extended,252,expanding,0.900715708732605,0.6422896981239319
2018-11-06,extended,252,expanding,0.5100858807563782,0.7229354381561279
2018-11-07,extended,252,expanding,1.5261914730072021,0.9415798783302307
2018-11-08,extended,252,expanding,0.5124989748001099,0.7858765125274658
2018-11-09,extended,252,expanding,0.7320142984390259,0.6770413517951965
2018-11-12,extended,252,expanding,0.6942641139030457,0.6253953576087952
2018-11-13,extended,252,expanding,1.3598114252090454,0.8365930914878845
2018-11-14,extended,252,expanding,1.0212225914001465,0.9764754176139832
2018-11-15,extended,252,expanding,0.8335931897163391,0.6559774279594421
2018-11-16,extended,252,expanding,0.7385746836662292,0.7729871869087219
2018-11-19,extended,252,expanding,0.7289868593215942,0.6830361485481262
2018-11-20,extended,252,expanding,0.6944358944892883,0.5768977403640747
2018-11-21,extended,252,expanding,0.8096777200698853,0.8483936786651611
2018-11-22,extended,252,expanding,0.6514954566955566,0.6480225920677185
2018-11-26,extended,252,expanding,0.7245526313781738,0.6084805727005005
2018-11-27,extended,252,expanding,0.63996422290802,0.5762559771537781
2018-11-28,extended,252,expanding,0.6009658575057983,0.6852039694786072
2018-11-29,extended,252,expanding,0.5698912739753723,0.5733898282051086
2018-11-30,extended,252,expanding,0.5698850750923157,0.4993424117565155
2018-12-03,extended,252,expanding,0.6513041853904724,0.549314022064209
2018-12-04,extended,252,expanding,0.7084842324256897,0.9474036693572998
2018-12-05,extended,252,expanding,0.9957078695297241,0.8902730345726013
2018-12-06,extended,252,expanding,0.9272975325584412,1.1764776706695557
2018-12-07,extended,252,expanding,0.8435952663421631,0.9403607845306396
2018-12-10,extended,252,expanding,0.7148521542549133,0.7269598841667175
2018-12-11,extended,252,expanding,0.8894251585006714,0.6975372433662415
2018-12-12,extended,252,expanding,0.5442239046096802,0.7831275463104248
2018-12-13,extended,252,expanding,0.5490800142288208,0.690152108669281
2018-12-14,extended,252,expanding,0.9772077798843384,0.9110527634620667
2018-12-17,extended,252,expanding,0.6323742270469666,0.6875924468040466
2018-12-18,extended,252,expanding,0.9841390252113342,0.6673310995101929
2018-12-19,extended,252,expanding,1.1640143394470215,0.9270003437995911
2018-12-20,extended,252,expanding,1.2334835529327393,1.291316032409668
2018-12-21,extended,252,expanding,1.3100659847259521,1.2364170551300049
2018-12-25,extended,252,expanding,1.9485437870025635,1.7941864728927612
2018-12-26,extended,252,expanding,1.972109079360962,1.7795429229736328
2018-12-27,extended,252,expanding,1.70262610912323,1.6096880435943604
2018-12-28,extended,252,expanding,0.9934341311454773,0.9811872243881226
2019-01-04,extended,252,expanding,1.6345930099487305,1.3254576921463013
2019-01-07,extended,252,expanding,1.2393373250961304,1.2217642068862915
2019-01-08,extended,252,expanding,0.8599104285240173,0.8484554290771484
2019-01-09,extended,252,expanding,0.6318901181221008,0.822613537311554
2019-01-10,extended,252,expanding,0.6833487749099731,0.7544258236885071
2019-01-11,extended,252,expanding,0.42499759793281555,0.6809911131858826
2019-01-15,extended,252,expanding,0.7359569668769836,1.021710753440857
2019-01-16,extended,252,expanding,0.7674551606178284,0.7335073351860046
2019-01-17,extended,252,expanding,0.7811279892921448,0.7553362250328064
2019-01-18,extended,252,expanding,0.5580378770828247,0.8243158459663391
2019-01-21,extended,252,expanding,0.7097645401954651,0.6223689317703247
2019-01-22,extended,252,expanding,0.5835167765617371,0.7050071358680725
2019-01-23,extended,252,expanding,0.6793826818466187,0.6991755366325378
2019-01-24,extended,252,expanding,0.5854960680007935,0.6148807406425476
2019-01-25,extended,252,expanding,0.7280972599983215,0.7215172052383423
2019-01-28,extended,252,expanding,0.3925785720348358,0.5077405571937561
2019-01-29,extended,252,expanding,0.6543139815330505,0.7362036108970642
2019-01-30,extended,252,expanding,0.5871064066886902,0.5598500370979309
2019-01-31,extended,252,expanding,0.5863898992538452,0.5554770231246948
2019-02-01,extended,252,expanding,0.7707037329673767,0.5785423517227173
2019-02-04,extended,252,expanding,0.5385922789573669,0.43755602836608887
2019-02-05,extended,252,expanding,0.4102916419506073,0.5411030650138855
2019-02-06,extended,252,expanding,0.434150755405426,0.4586712419986725
2019-02-07,extended,252,expanding,0.5166102051734924,0.5585280656814575
2019-02-08,extended,252,expanding,0.6340722441673279,0.7356104254722595
2019-02-12,extended,252,expanding,0.8046970367431641,1.0594958066940308
2019-02-13,extended,252,expanding,0.6465682983398438,0.6223949790000916
2019-02-14,extended,252,expanding,0.69244784116745,0.4678441286087036
2019-02-15,extended,252,expanding,0.7940501570701599,0.6017120480537415
2019-02-18,extended,252,expanding,0.4876648485660553,0.5703359246253967
2019-02-19,extended,252,expanding,0.538140058517456,0.5641188025474548
2019-02-20,extended,252,expanding,0.5580011606216431,0.5872777104377747
2019-02-21,extended,252,expanding,0.6649488210678101,0.5795623064041138
2019-02-22,extended,252,expanding,0.4576053321361542,0.4886687099933624
2019-02-25,extended,252,expanding,0.44281283020973206,0.4341830313205719
2019-02-26,extended,252,expanding,0.486851304769516,0.5897125601768494
2019-02-27,extended,252,expanding,0.27050745487213135,0.48430541157722473
2019-02-28,extended,252,expanding,0.5210132002830505,0.5262306332588196
2019-03-01,extended,252,expanding,0.5411487221717834,0.5218808054924011
2019-03-04,extended,252,expanding,0.3874281048774719,0.3865106999874115
2019-03-05,extended,252,expanding,0.5113565921783447,0.464377760887146
2019-03-06,extended,252,expanding,0.37587571144104004,0.45695018768310547
2019-03-07,extended,252,expanding,0.36797136068344116,0.41465553641319275
2019-03-08,extended,252,expanding,0.6877214312553406,0.8935930728912354
2019-03-11,extended,252,expanding,0.6669574975967407,0.6807636022567749
2019-03-12,extended,252,expanding,0.679651141166687,0.5686330199241638
2019-03-13,extended,252,expanding,0.6431708931922913,0.6869474053382874
2019-03-14,extended,252,expanding,0.751441478729248,0.6461301445960999
2019-03-15,extended,252,expanding,0.4442135989665985,0.4993220567703247
2019-03-18,extended,252,expanding,0.41718482971191406,0.38249480724334717
2019-03-19,extended,252,expanding,0.5103182196617126,0.4466628134250641
2019-03-20,extended,252,expanding,0.3640376031398773,0.4091930091381073
2019-03-22,extended,252,expanding,0.6916892528533936,0.5154464840888977
2019-03-25,extended,252,expanding,0.8077742457389832,0.8846135139465332
2019-03-26,extended,252,expanding,0.541081428527832,0.8510330319404602
2019-03-27,extended,252,expanding,0.5850415229797363,0.49573415517807007
2019-03-28,extended,252,expanding,0.8952520489692688,0.6162074208259583
2019-03-29,extended,252,expanding,0.47916921973228455,0.5934646129608154
2019-04-01,extended,252,expanding,0.5754616260528564,0.6472991704940796
2019-04-02,extended,252,expanding,0.6012363433837891,0.6534621119499207
2019-04-03,extended,252,expanding,0.7226939797401428,0.6258508563041687
2019-04-04,extended,252,expanding,0.4592495560646057,0.44442319869995117
2019-04-05,extended,252,expanding,0.611047089099884,0.49820876121520996
2019-04-08,extended,252,expanding,0.4853573739528656,0.4809732437133789
2019-04-09,extended,252,expanding,0.46029332280158997,0.45003563165664673
2019-04-10,extended,252,expanding,0.4407419264316559,0.4660429358482361
2019-04-11,extended,252,expanding,0.38972964882850647,0.37444689869880676
2019-04-12,extended,252,expanding,0.41197526454925537,0.4801848232746124
2019-04-15,extended,252,expanding,0.4188668429851532,0.31150317192077637
2019-04-16,extended,252,expanding,0.4566457271575928,0.4624319076538086
2019-04-17,extended,252,expanding,0.6198655962944031,0.4704592823982239
2019-04-18,extended,252,expanding,0.5968857407569885,0.6208386421203613
2019-04-19,extended,252,expanding,0.30316632986068726,0.41165128350257874
2019-04-22,extended,252,expanding,0.6234048008918762,0.45959770679473877
2019-04-23,extended,252,expanding,0.3807189166545868,0.4099176824092865
2019-04-24,extended,252,expanding,0.5621357560157776,0.5844999551773071
2019-04-25,extended,252,expanding,0.43120065331459045,0.5539036989212036
2019-04-26,extended,252,expanding,0.4447973072528839,0.5149122476577759
2019-05-07,extended,252,expanding,0.6053192019462585,0.640333354473114
2019-05-08,extended,252,expanding,0.5159274935722351,0.5728476643562317
2019-05-09,extended,252,expanding,0.6857372522354126,0.68016517162323
2019-05-10,extended,252,expanding,1.359623670578003,1.0023506879806519
2019-05-13,extended,252,expanding,0.5313534736633301,0.7020115256309509
2019-05-14,extended,252,expanding,0.8621692061424255,0.8876567482948303
2019-05-15,extended,252,expanding,0.5814310908317566,0.5757589936256409
2019-05-16,extended,252,expanding,0.6081739664077759,0.6127207279205322
2019-05-17,extended,252,expanding,0.7820060849189758,0.6142160296440125
2019-05-20,extended,252,expanding,0.7405277490615845,0.5105173587799072
2019-05-21,extended,252,expanding,0.5802285671234131,0.4902762174606323
2019-05-22,extended,252,expanding,0.39515069127082825,0.44325175881385803
2019-05-23,extended,252,expanding,0.4911789894104004,0.5382293462753296
2019-05-24,extended,252,expanding,0.4771875739097595,0.6380330920219421
2019-05-27,extended,252,expanding,0.37875375151634216,0.3988930881023407
2019-05-28,extended,252,expanding,0.4481380581855774,0.46023181080818176
2019-05-29,extended,252,expanding,0.6382220387458801,0.45469677448272705
2019-05-30,extended,252,expanding,0.5838383436203003,0.4627251923084259
2019-05-31,extended,252,expanding,0.6841982007026672,0.6633668541908264
2019-06-03,extended,252,expanding,0.5274290442466736,0.5952450037002563
2019-06-04,extended,252,expanding,0.5795080661773682,0.6266995668411255
2019-06-05,extended,252,expanding,0.49437496066093445,0.5497565269470215
2019-06-06,extended,252,expanding,0.3955618441104889,0.4727747142314911
2019-06-07,extended,252,expanding,0.39298656582832336,0.45154884457588196
2019-06-10,extended,252,expanding,0.40801379084587097,0.40509068965911865
2019-06-11,extended,252,expanding,0.35760587453842163,0.4943983852863312
2019-06-12,extended,252,expanding,0.4176585376262665,0.4775303304195404
2019-06-13,extended,252,expanding,0.6440891027450562,0.5285590291023254
2019-06-14,extended,252,expanding,0.6155909299850464,0.5110918879508972
2019-06-17,extended,252,expanding,0.40562355518341064,0.45690807700157166
2019-06-18,extended,252,expanding,0.4692113697528839,0.6467962265014648
2019-06-19,extended,252,expanding,0.4233693778514862,0.4726950228214264
2019-06-20,extended,252,expanding,0.41648387908935547,0.5385256409645081
2019-06-21,extended,252,expanding,0.721632182598114,0.7220243215560913
2019-06-24,extended,252,expanding,0.3619777262210846,0.5537309646606445
2019-06-25,extended,252,expanding,0.5862560868263245,0.5360851287841797
2019-06-26,extended,252,expanding,0.44089260697364807,0.5596663951873779
2019-06-27,extended,252,expanding,0.47992193698883057,0.5707956552505493
2019-06-28,extended,252,expanding,0.49072328209877014,0.5271329879760742
2019-07-01,extended,252,expanding,0.4516697824001312,0.5979931354522705
2019-07-02,extended,252,expanding,0.41953060030937195,0.562626838684082
2019-07-03,extended,252,expanding,0.376409649848938,0.6584308743476868
2019-07-04,extended,252,expanding,0.21248051524162292,0.5477174520492554
2019-07-05,extended,252,expanding,0.3623405992984772,0.48628711700439453
2019-07-08,extended,252,expanding,0.4250660538673401,0.6186364889144897
2019-07-09,extended,252,expanding,0.4507751762866974,0.6622872948646545
2019-07-10,extended,252,expanding,0.41595080494880676,0.6143931746482849
2019-07-11,extended,252,expanding,0.30369457602500916,0.5412267446517944
2019-07-12,extended,252,expanding,0.46530407667160034,0.5780270099639893
2019-07-17,extended,252,expanding,0.46936964988708496,0.592889130115509
2019-07-18,extended,252,expanding,0.5823177695274353,0.99162757396698
2019-07-19,extended,252,expanding,0.4878250062465668,0.9586957097053528
2019-07-22,extended,252,expanding,0.5255823135375977,0.6181930303573608
2019-07-23,extended,252,expanding,0.5553775429725647,0.7598796486854553
2019-07-24,extended,252,expanding,0.3722103238105774,0.4904036819934845
2019-07-25,extended,252,expanding,0.5170731544494629,0.5609616637229919
2019-07-26,extended,252,expanding,0.4595900774002075,0.5566684603691101
2019-07-29,extended,252,expanding,0.47967153787612915,0.5813026428222656
2019-07-30,extended,252,expanding,0.4998610317707062,0.6334016919136047
2019-07-31,extended,252,expanding,0.4601117670536041,0.6151114106178284
2019-08-01,extended,252,expanding,0.5667790770530701,0.7912547588348389
2019-08-02,extended,252,expanding,0.5981884002685547,0.8533963561058044
2019-08-05,extended,252,expanding,0.8728147745132446,1.0317953824996948
2019-08-06,extended,252,expanding,1.3931059837341309,1.3418521881103516
2019-08-07,extended,252,expanding,0.781388521194458,0.7258546352386475
2019-08-08,extended,252,expanding,0.7468602657318115,0.8888171315193176
2019-08-09,extended,252,expanding,0.4918126165866852,0.568770706653595
2019-08-13,extended,252,expanding,0.6699736714363098,0.6608991622924805
2019-08-14,extended,252,expanding,0.48938634991645813,0.603444516658783
2019-08-15,extended,252,expanding,0.7123254537582397,0.7814326882362366
2019-08-16,extended,252,expanding,0.4524732530117035,0.7132279276847839
2019-08-19,extended,252,expanding,0.42608678340911865,0.5493612885475159
2019-08-20,extended,252,expanding,0.37085315585136414,0.4542658030986786
2019-08-21,extended,252,expanding,0.331662654876709,0.560878336429596
2019-08-22,extended,252,expanding,0.40638241171836853,0.4824010729789734
2019-08-23,extended,252,expanding,0.3712204396724701,0.5454913973808289
2019-08-26,extended,252,expanding,0.8774722814559937,0.5409497618675232
2019-08-27,extended,252,expanding,0.39170148968696594,0.5433366894721985
2019-08-28,extended,252,expanding,0.31036603450775146,0.476316899061203
2019-08-29,extended,252,expanding,0.4906841516494751,0.5409162044525146
2019-08-30,extended,252,expanding,0.3785594403743744,0.5068197846412659
2019-09-02,extended,252,expanding,0.3066043555736542,0.43368294835090637
2019-09-03,extended,252,expanding,0.3276899755001068,0.4722823202610016
2019-09-04,extended,252,expanding,0.39324134588241577,0.5330092906951904
2019-09-05,extended,252,expanding,0.659193217754364,0.7979181408882141
2019-09-06,extended,252,expanding,0.45078930258750916,0.493867963552475
2019-09-09,extended,252,expanding,0.5209246277809143,0.49252548813819885
2019-09-10,extended,252,expanding,0.37950795888900757,0.39805397391319275
2019-09-11,extended,252,expanding,0.5064179301261902,0.5222426056861877
2019-09-12,extended,252,expanding,0.45478197932243347,0.46925461292266846
2019-09-13,extended,252,expanding,0.47944921255111694,0.589815616607666
2019-09-17,extended,252,expanding,0.5176510214805603,0.5957056283950806
2019-09-18,extended,252,expanding,0.37057045102119446,0.413613498210907
2019-09-19,extended,252,expanding,0.9439045786857605,0.6245397925376892
2019-09-20,extended,252,expanding,0.42293280363082886,0.6354538798332214
2019-09-25,extended,252,expanding,0.5500050783157349,0.5188969969749451
2019-09-26,extended,252,expanding,0.47077304124832153,0.5405405759811401
2019-09-27,extended,252,expanding,0.6443844437599182,0.5627871751785278
2019-09-30,extended,252,expanding,0.5369084477424622,0.5593437552452087
2019-10-01,extended,252,expanding,0.34838926792144775,0.4509434103965759
2019-10-02,extended,252,expanding,0.323957234621048,0.45040154457092285
2019-10-03,extended,252,expanding,0.5165520310401917,0.5825214385986328
2019-10-04,extended,252,expanding,0.4141849875450134,0.42553481459617615
2019-10-07,extended,252,expanding,0.4034099876880646,0.43580079078674316
2019-10-08,extended,252,expanding,0.43005087971687317,0.41557884216308594
2019-10-09,extended,252,expanding,0.38805678486824036,0.4546034336090088
2019-10-10,extended,252,expanding,0.8220802545547485,0.7094728946685791
2019-10-11,extended,252,expanding,0.5154886841773987,0.5611435174942017
2019-10-15,extended,252,expanding,0.4012620151042938,0.49205514788627625
2019-10-16,extended,252,expanding,0.7280756235122681,0.5417404174804688
2019-10-17,extended,252,expanding,0.3956502079963684,0.41427603363990784
2019-10-18,extended,252,expanding,0.5668929815292358,0.5237936973571777
2019-10-21,extended,252,expanding,0.2584349513053894,0.3745695650577545
2019-10-23,extended,252,expanding,0.6145277619361877,0.46314913034439087
2019-10-24,extended,252,expanding,0.31606340408325195,0.3548857867717743
2019-10-25,extended,252,expanding,0.2638009488582611,0.3725065588951111
2019-10-28,extended,252,expanding,0.24905520677566528,0.30169451236724854
2019-10-29,extended,252,expanding,0.3381689488887787,0.2957502007484436
2019-10-30,extended,252,expanding,0.3816324472427368,0.4257641136646271
2019-10-31,extended,252,expanding,0.43444323539733887,0.3917257785797119
2019-11-01,extended,252,expanding,0.3117733299732208,0.4880739450454712
2019-11-05,extended,252,expanding,0.5111768245697021,0.5393624305725098
2019-11-06,extended,252,expanding,0.2994154393672943,0.3899199068546295
2019-11-07,extended,252,expanding,0.3076843321323395,0.3449329733848572
2019-11-08,extended,252,expanding,0.5670618414878845,0.6155045628547668
2019-11-11,extended,252,expanding,0.3200921416282654,0.4908079504966736
2019-11-12,extended,252,expanding,0.34582698345184326,0.49016624689102173
2019-11-13,extended,252,expanding,0.4571984112262726,0.4270929992198944
2019-11-14,extended,252,expanding,0.7509282231330872,0.6785849332809448
2019-11-15,extended,252,expanding,0.5414993166923523,0.5579445958137512
2019-11-18,extended,252,expanding,0.4480201005935669,0.43285372853279114
2019-11-19,extended,252,expanding,0.4866482615470886,0.4347337782382965
2019-11-20,extended,252,expanding,0.6214107275009155,0.5557202100753784
2019-11-21,extended,252,expanding,0.9489151835441589,0.8160531520843506
2019-11-22,extended,252,expanding,0.4684394896030426,0.5743616819381714
2019-11-25,extended,252,expanding,0.3215193450450897,0.41380202770233154
2019-11-26,extended,252,expanding,0.57756108045578,0.48700058460235596
2019-11-27,extended,252,expanding,0.36951950192451477,0.3055700957775116
2019-11-28,extended,252,expanding,0.5102320909500122,0.3811812102794647
2019-11-29,extended,252,expanding,0.4574280381202698,0.577068567276001
2019-12-02,extended,252,expanding,0.4674111604690552,0.47235217690467834
2019-12-03,extended,252,expanding,0.46477246284484863,0.5385423898696899
2019-12-04,extended,252,expanding,0.5952669978141785,0.5003020763397217
2019-12-05,extended,252,expanding,0.5120944976806641,0.40259864926338196
2019-12-06,extended,252,expanding,0.2699667811393738,0.35391250252723694
2019-12-09,extended,252,expanding,0.4656650722026825,0.4123138189315796
2019-12-10,extended,252,expanding,0.3239198625087738,0.3517224192619324
2019-12-11,extended,252,expanding,0.2639191746711731,0.3584858179092407
2019-12-12,extended,252,expanding,0.3174907863140106,0.31232112646102905
2019-12-13,extended,252,expanding,0.4997141361236572,0.504717230796814
2019-12-16,extended,252,expanding,0.37474843859672546,0.3619959354400635
2019-12-17,extended,252,expanding,0.2998913824558258,0.29023000597953796
2019-12-18,extended,252,expanding,0.27157220244407654,0.33413442969322205
2019-12-19,extended,252,expanding,0.3609172999858856,0.33480626344680786
2019-12-20,extended,252,expanding,0.4916653037071228,0.38136574625968933
2019-12-23,extended,252,expanding,0.2942238450050354,0.2982904613018036
2019-12-24,extended,252,expanding,0.20277129113674164,0.250505268573761
2019-12-25,extended,252,expanding,0.1436888426542282,0.2449437975883484
2019-12-26,extended,252,expanding,0.30584245920181274,0.3683696687221527
2019-12-27,extended,252,expanding,0.24374189972877502,0.3538810908794403
2019-12-30,extended,252,expanding,0.6504024863243103,0.3360830545425415
