date,feature_set,L,protocol,RV_target,RV_pred
2014-01-08,core,252,static,0.5049092,0.40738654
2014-01-09,core,252,static,0.44792023,0.5199795
2014-01-10,core,252,static,0.41781142,0.42680964
2014-01-13,core,252,static,0.47251758,0.82764643
2014-01-14,core,252,static,0.49484262,0.5617185
2014-01-15,core,252,static,0.389796,0.43471554
2014-01-16,core,252,static,0.3719646,0.4061986
2014-01-17,core,252,static,0.36259443,0.4465303
2014-01-21,core,252,static,0.6656816,0.5443348
2014-01-22,core,252,static,0.31373873,0.3901827
2014-01-23,core,252,static,0.71243316,0.6751863
2014-01-24,core,252,static,0.9068204,1.0892085
2014-01-27,core,252,static,0.81133616,0.9501229
2014-01-28,core,252,static,0.5316145,0.6178872
2014-01-29,core,252,static,1.0421811,0.7509773
2014-01-30,core,252,static,0.78014624,0.798011
2014-01-31,core,252,static,1.1046423,0.80743253
2014-02-03,core,252,static,0.9668377,1.3534691
2014-02-04,core,252,static,0.819945,0.69036084
2014-02-05,core,252,static,0.9269459,0.8378081
2014-02-06,core,252,static,0.5575153,0.68866193
2014-02-07,core,252,static,0.65374666,0.8891435
2014-02-10,core,252,static,0.31248182,0.3946863
2014-02-11,core,252,static,0.41629142,0.662389
2014-02-12,core,252,static,0.45831323,0.47346
2014-02-13,core,252,static,0.49265444,0.6624617
2014-02-14,core,252,static,0.38318944,0.61891246
2014-02-18,core,252,static,0.3537131,0.4278144
2014-02-19,core,252,static,0.54439,0.597577
2014-02-20,core,252,static,0.51263076,0.6464656
2014-02-21,core,252,static,0.41156575,0.4642261
2014-02-24,core,252,static,0.58284545,0.6966073
2014-02-25,core,252,static,0.56813157,0.51861376
2014-02-26,core,252,static,0.5470898,0.5215542
2014-02-27,core,252,static,0.52451116,0.5102988
2014-02-28,core,252,static,0.6110896,0.6776559
2014-03-03,core,252,static,0.9133794,0.7554892
2014-03-04,core,252,static,0.96754813,0.75051284
2014-03-05,core,252,static,0.41537228,0.44308123
2014-03-06,core,252,static,0.40407717,0.396092
2014-03-07,core,252,static,0.55469537,0.49759543
2014-03-10,core,252,static,0.4751483,0.45540503
2014-03-11,core,252,static,0.5007032,0.65880865
2014-03-12,core,252,static,0.6769494,0.551345
2014-03-13,core,252,static,0.7307913,0.95414567
2014-03-14,core,252,static,0.6815504,0.6314097
2014-03-17,core,252,static,0.74760824,0.6322174
2014-03-18,core,252,static,0.48231757,0.52974665
2014-03-19,core,252,static,0.7574357,0.72806257
2014-03-20,core,252,static,0.5430734,0.6615835
2014-03-21,core,252,static,0.7111093,0.75600547
2014-03-24,core,252,static,0.6954413,0.8243846
2014-03-25,core,252,static,0.7636264,0.61796623
2014-03-26,core,252,static,0.64480937,0.7438089
2014-03-27,core,252,static,0.79874605,0.6380438
2014-03-28,core,252,static,0.6167684,0.65399927
2014-03-31,core,252,static,0.70626074,0.5455105
2014-04-01,core,252,static,0.47637957,0.50645906
2014-04-02,core,252,static,0.37295157,0.40766045
2014-04-03,core,252,static,0.38243917,0.44333097
2014-04-04,core,252,static,0.77531964,0.99598366
2014-04-07,core,252,static,0.73298806,0.8355821
2014-04-08,core,252,static,0.6260387,0.6747814
2014-04-09,core,252,static,0.5471668,0.62043077
2014-04-10,core,252,static,0.8312494,1.2154179
2014-04-11,core,252,static,1.0073607,0.9041922
2014-04-14,core,252,static,0.8529536,0.7337956
2014-04-15,core,252,static,0.91792023,0.8469451
2014-04-16,core,252,static,0.68598306,0.6626938
2014-04-17,core,252,static,0.47364476,0.6110199
2014-04-21,core,252,static,0.341622,0.33379725
2014-04-22,core,252,static,0.32808822,0.4576588
2014-04-23,core,252,static,0.36450958,0.39214548
2014-04-24,core,252,static,0.58910805,0.49382675
2014-04-25,core,252,static,0.58639413,0.6948725
2014-04-28,core,252,static,0.82358533,0.8678705
2014-04-29,core,252,static,0.5001894,0.52701104
2014-04-30,core,252,static,0.4978034,0.49161345
2014-05-01,core,252,static,0.4511681,0.48295614
2014-05-02,core,252,static,0.56266874,0.497766
2014-05-05,core,252,static,0.7295594,0.70077395
2014-05-06,core,252,static,0.5130741,0.6174268
2014-05-07,core,252,static,0.89697677,0.62301123
2014-05-08,core,252,static,0.51938224,0.7508476
2014-05-09,core,252,static,0.5581554,0.494512
2014-05-12,core,252,static,0.4801866,0.5460272
2014-05-13,core,252,static,0.31696823,0.3282161
2014-05-14,core,252,static,0.38752997,0.42244282
2014-05-15,core,252,static,0.6911194,0.7671594
2014-05-16,core,252,static,0.46763945,0.54102886
2014-05-19,core,252,static,0.34235182,0.4965341
2014-05-20,core,252,static,0.5234825,0.5967697
2014-05-21,core,252,static,0.49420696,0.5011042
2014-05-22,core,252,static,0.30170885,0.47390595
2014-05-23,core,252,static,0.20592427,0.32921764
2014-05-27,core,252,static,0.4249707,0.35350263
2014-05-28,core,252,static,0.29313588,0.37717053
2014-05-29,core,252,static,0.36290592,0.35415852
2014-05-30,core,252,static,0.2896272,0.32275566
2014-06-02,core,252,static,0.39007816,0.36478886
2014-06-03,core,252,static,0.30763808,0.3352947
2014-06-04,core,252,static,0.29414263,0.38473797
2014-06-05,core,252,static,0.39007378,0.5139853
2014-06-06,core,252,static,0.2689657,0.30589056
2014-06-09,core,252,static,0.27719072,0.33914933
2014-06-10,core,252,static,0.29700223,0.31279835
2014-06-11,core,252,static,0.41138506,0.37345895
2014-06-12,core,252,static,0.4183047,0.5682177
2014-06-13,core,252,static,0.4343027,0.3919296
2014-06-16,core,252,static,0.4416144,0.40400425
2014-06-17,core,252,static,0.37112328,0.38981974
2014-06-18,core,252,static,0.41930568,0.4729729
2014-06-19,core,252,static,0.29128066,0.36100256
2014-06-20,core,252,static,0.23344195,0.25605452
2014-06-23,core,252,static,0.2667552,0.28535622
2014-06-24,core,252,static,0.43172422,0.5390853
2014-06-25,core,252,static,0.37854803,0.41813698
2014-06-26,core,252,static,0.4962847,0.5143045
2014-06-27,core,252,static,0.35436866,0.3803834
2014-06-30,core,252,static,0.27126727,0.3094729
2014-07-01,core,252,static,0.3689269,0.46120432
2014-07-02,core,252,static,0.26151705,0.27465516
2014-07-03,core,252,static,0.31731522,0.34371492
2014-07-07,core,252,static,0.36314473,0.36273196
2014-07-08,core,252,static,0.5589419,0.47911063
2014-07-09,core,252,static,0.45819184,0.3961778
2014-07-10,core,252,static,0.76111996,0.5663139
2014-07-11,core,252,static,0.35084838,0.45737222
2014-07-14,core,252,static,0.41344327,0.35043734
2014-07-15,core,252,static,0.53884596,0.587205
2014-07-16,core,252,static,0.44707805,0.37621877
2014-07-17,core,252,static,0.6419261,0.71442086
2014-07-18,core,252,static,0.3977976,0.57457757
2014-07-21,core,252,static,0.40885425,0.43715754
2014-07-22,core,252,static,0.37651148,0.4204137
2014-07-23,core,252,static,0.25255132,0.31713143
2014-07-24,core,252,static,0.27580193,0.30309644
2014-07-25,core,252,static,0.43292835,0.40066645
2014-07-28,core,252,static,0.42229313,0.4925535
2014-07-29,core,252,static,0.4585719,0.5212209
2014-07-30,core,252,static,0.60613376,0.56189686
2014-07-31,core,252,static,0.8659616,1.0091659
2014-08-01,core,252,static,0.8324301,0.8254444
2014-08-04,core,252,static,0.47940516,0.73440975
2014-08-05,core,252,static,0.8867472,0.8060916
2014-08-06,core,252,static,0.6750628,0.7400519
2014-08-07,core,252,static,0.71337867,0.83906174
2014-08-08,core,252,static,0.51588583,0.72777015
2014-08-11,core,252,static,0.41875538,0.42035195
2014-08-12,core,252,static,0.4677828,0.5059619
2014-08-13,core,252,static,0.45824566,0.43443236
2014-08-14,core,252,static,0.2659346,0.38189885
2014-08-15,core,252,static,0.7498508,0.68175876
2014-08-18,core,252,static,0.46496975,0.43245998
2014-08-19,core,252,static,0.25456896,0.3570751
2014-08-20,core,252,static,0.3016211,0.38118997
2014-08-21,core,252,static,0.28956974,0.33431986
2014-08-22,core,252,static,0.42676148,0.41633537
2014-08-25,core,252,static,0.3532538,0.37145808
2014-08-26,core,252,static,0.2375984,0.3099038
2014-08-27,core,252,static,0.24147634,0.29516286
2014-08-28,core,252,static,0.40291795,0.3694827
2014-08-29,core,252,static,0.25389576,0.34640035
2014-09-02,core,252,static,0.3633189,0.41415796
2014-09-03,core,252,static,0.37144133,0.43897286
2014-09-04,core,252,static,0.40892476,0.5860755
2014-09-05,core,252,static,0.45733145,0.54119974
2014-09-08,core,252,static,0.38709864,0.42943248
2014-09-09,core,252,static,0.5338571,0.5404381
2014-09-10,core,252,static,0.5201886,0.47232306
2014-09-11,core,252,static,0.43031847,0.48020536
2014-09-12,core,252,static,0.47453365,0.5867096
2014-09-15,core,252,static,0.41908863,0.4164552
2014-09-16,core,252,static,0.4405773,0.6017239
2014-09-17,core,252,static,0.7170944,0.51437473
2014-09-18,core,252,static,0.37039587,0.39484414
2014-09-19,core,252,static,0.45736086,0.45035222
2014-09-22,core,252,static,0.44572678,0.56737643
2014-09-23,core,252,static,0.49305046,0.5004598
2014-09-24,core,252,static,0.40974364,0.5704301
2014-09-25,core,252,static,0.7036589,0.83973855
2014-09-26,core,252,static,0.59855974,0.6756094
2014-09-29,core,252,static,0.9425361,0.63008505
2014-09-30,core,252,static,0.60421616,0.6571652
2014-10-01,core,252,static,0.77547735,0.8876723
2014-10-02,core,252,static,0.74889135,0.9428862
2014-10-03,core,252,static,0.8084318,0.7473088
2014-10-06,core,252,static,0.65416896,0.7519675
2014-10-07,core,252,static,0.85882276,0.9057939
2014-10-08,core,252,static,0.89283293,1.1268158
2014-10-09,core,252,static,1.0456964,1.2246535
2014-10-10,core,252,static,1.1059687,1.1408424
2014-10-13,core,252,static,1.1766608,1.2939471
2014-10-14,core,252,static,1.2357146,1.0119214
2014-10-15,core,252,static,2.3037503,1.9296227
2014-10-16,core,252,static,1.6580957,1.5804952
2014-10-17,core,252,static,1.249785,1.1522503
2014-10-20,core,252,static,0.7233674,0.84479684
2014-10-21,core,252,static,0.7497316,0.95496684
2014-10-22,core,252,static,0.7443962,0.9326818
2014-10-23,core,252,static,1.0316818,0.9459837
2014-10-24,core,252,static,0.5909021,0.66552323
2014-10-27,core,252,static,0.6280629,0.5086161
2014-10-28,core,252,static,0.51385987,0.66886896
2014-10-29,core,252,static,0.71735823,0.83156276
2014-10-30,core,252,static,0.56094754,0.71488744
2014-10-31,core,252,static,0.7405169,0.56927955
2014-11-03,core,252,static,0.45962167,0.4096904
2014-11-04,core,252,static,0.523288,0.5398443
2014-11-05,core,252,static,0.5897601,0.48562655
2014-11-06,core,252,static,0.39968556,0.5754802
2014-11-07,core,252,static,0.44907498,0.37446418
2014-11-10,core,252,static,0.28444538,0.2920228
2014-11-11,core,252,static,0.25874946,0.2650353
2014-11-12,core,252,static,0.40562358,0.36348984
2014-11-13,core,252,static,0.50771856,0.5174534
2014-11-14,core,252,static,0.32405505,0.34446606
2014-11-17,core,252,static,0.35571715,0.34120238
2014-11-18,core,252,static,0.29249278,0.43384883
2014-11-19,core,252,static,0.5172247,0.43543193
2014-11-20,core,252,static,0.3773044,0.48780406
2014-11-21,core,252,static,0.6609857,0.46422836
2014-11-24,core,252,static,0.30394414,0.27083427
2014-11-25,core,252,static,0.3310994,0.36405182
2014-11-26,core,252,static,0.18774037,0.3317977
2014-11-28,core,252,static,0.30118117,0.40773526
2014-12-01,core,252,static,0.6036726,0.50422144
2014-12-02,core,252,static,0.38313457,0.42352873
2014-12-03,core,252,static,0.26875728,0.3902358
2014-12-04,core,252,static,0.42954367,0.49183023
2014-12-05,core,252,static,0.3647365,0.3690187
2014-12-08,core,252,static,0.5491243,0.62390006
2014-12-09,core,252,static,1.0170497,0.7616003
2014-12-10,core,252,static,0.8344766,0.9415282
2014-12-11,core,252,static,0.8538369,0.90582615
2014-12-12,core,252,static,0.91419786,0.9956555
2014-12-15,core,252,static,1.2775683,1.1832092
2014-12-16,core,252,static,1.2446512,1.3824776
2014-12-17,core,252,static,1.2861887,1.105725
2014-12-18,core,252,static,1.0341269,1.0362836
2014-12-19,core,252,static,0.58917046,0.61777896
2014-12-22,core,252,static,0.3526901,0.4279617
2014-12-23,core,252,static,0.33187222,0.39216587
2014-12-24,core,252,static,0.21517335,0.34787664
2014-12-26,core,252,static,0.25206396,0.3039477
2014-12-29,core,252,static,0.23829924,0.31740856
2014-12-30,core,252,static,0.30083942,0.38509542
2014-12-31,core,252,static,0.48846406,0.6997942
2015-01-02,core,252,static,0.91617084,0.79761654
2015-01-05,core,252,static,0.8366753,1.1333096
2015-01-06,core,252,static,1.0535302,1.133939
2015-01-07,core,252,static,0.9043862,0.8295805
2015-01-08,core,252,static,0.8460688,0.85676134
2015-01-09,core,252,static,0.7907401,0.909298
2015-01-12,core,252,static,0.8196387,0.88623065
2015-01-13,core,252,static,1.4794874,1.4441111
2015-01-14,core,252,static,1.2126912,1.0254085
2015-01-15,core,252,static,1.016453,1.0395421
2015-01-16,core,252,static,0.8022344,0.96445084
2015-01-20,core,252,static,0.91485006,0.85737437
2015-01-21,core,252,static,1.0006932,0.9122942
2015-01-22,core,252,static,0.7813236,0.97108454
2015-01-23,core,252,static,0.4990968,0.6134332
2015-01-26,core,252,static,0.54825115,0.66802025
2015-01-27,core,252,static,1.0129068,0.950581
2015-01-28,core,252,static,0.96351683,1.1751721
2015-01-29,core,252,static,0.93598616,1.0899215
2015-01-30,core,252,static,0.989836,1.053139
2015-02-02,core,252,static,1.0854664,1.1538624
2015-02-03,core,252,static,0.9412546,0.7915266
2015-02-04,core,252,static,0.81579125,0.74918586
2015-02-05,core,252,static,0.5828607,0.69838446
2015-02-06,core,252,static,0.6425417,0.802887
2015-02-09,core,252,static,0.57979757,0.562409
2015-02-10,core,252,static,0.6225983,0.6721186
2015-02-11,core,252,static,0.5280768,0.6302161
2015-02-12,core,252,static,0.5131012,0.59301656
2015-02-13,core,252,static,0.32308325,0.38881943
2015-02-17,core,252,static,0.38781017,0.42724845
2015-02-18,core,252,static,0.43776956,0.4367909
2015-02-19,core,252,static,0.44936877,0.44347033
2015-02-20,core,252,static,0.45460823,0.702977
2015-02-23,core,252,static,0.33605385,0.3198924
2015-02-24,core,252,static,0.3187812,0.40504998
2015-02-25,core,252,static,0.3179744,0.41398048
2015-02-26,core,252,static,0.443733,0.44555685
2015-02-27,core,252,static,0.3470306,0.37237993
2015-03-02,core,252,static,0.26675868,0.4156929
2015-03-03,core,252,static,0.50070864,0.5338184
2015-03-04,core,252,static,0.66777754,0.6132181
2015-03-05,core,252,static,0.35700428,0.45522186
2015-03-06,core,252,static,0.738573,0.8782069
2015-03-09,core,252,static,0.38811982,0.45462775
2015-03-10,core,252,static,0.84003955,0.9383025
2015-03-11,core,252,static,0.5907079,0.61977416
2015-03-12,core,252,static,0.65231806,0.68721277
2015-03-13,core,252,static,0.7049248,0.7288257
2015-03-16,core,252,static,0.523879,0.742918
2015-03-17,core,252,static,0.5899909,0.58448154
2015-03-18,core,252,static,1.051441,1.0333561
2015-03-19,core,252,static,0.55307525,0.5873745
2015-03-20,core,252,static,0.6660987,0.74923426
2015-03-23,core,252,static,0.37360874,0.5125309
2015-03-24,core,252,static,0.45093563,0.5705134
2015-03-25,core,252,static,0.68654585,0.9194351
2015-03-26,core,252,static,0.87354445,0.8448893
2015-03-27,core,252,static,0.586514,0.5032976
2015-03-30,core,252,static,0.6811203,0.67101437
2015-03-31,core,252,static,0.6466434,0.6573654
2015-04-01,core,252,static,0.7361588,0.6760791
2015-04-02,core,252,static,0.509403,0.56995636
2015-04-06,core,252,static,0.53391993,0.8492729
2015-04-07,core,252,static,0.44269016,0.56139934
2015-04-08,core,252,static,0.7183293,0.510993
2015-04-09,core,252,static,0.5976939,0.5559708
2015-04-10,core,252,static,0.28354013,0.41635045
2015-04-13,core,252,static,0.35153908,0.50231713
2015-04-14,core,252,static,0.5259082,0.53094596
2015-04-15,core,252,static,0.4481189,0.47721753
2015-04-16,core,252,static,0.40820983,0.46383554
2015-04-17,core,252,static,0.7608492,0.8400158
2015-04-20,core,252,static,0.6108341,0.53522277
2015-04-21,core,252,static,0.4529463,0.58701867
2015-04-22,core,252,static,0.45889667,0.55712074
2015-04-23,core,252,static,0.49382022,0.55376536
2015-04-24,core,252,static,0.32737023,0.36310604
2015-04-27,core,252,static,0.4819811,0.6068832
2015-04-28,core,252,static,0.64436746,0.6015185
2015-04-29,core,252,static,0.66213375,0.5652302
2015-04-30,core,252,static,0.70375067,0.789257
2015-05-01,core,252,static,0.67268664,0.6184101
2015-05-04,core,252,static,0.3758163,0.41738412
2015-05-05,core,252,static,0.57068294,0.81512904
2015-05-06,core,252,static,0.9269206,0.8682191
2015-05-07,core,252,static,0.5604826,0.64909476
2015-05-08,core,252,static,0.8699831,0.6842748
2015-05-11,core,252,static,0.40910646,0.5541963
2015-05-12,core,252,static,0.8183264,0.63716847
2015-05-13,core,252,static,0.6684315,0.582604
2015-05-14,core,252,static,0.54870486,0.5852025
2015-05-15,core,252,static,0.3386743,0.33805096
2015-05-18,core,252,static,0.21934754,0.37041417
2015-05-19,core,252,static,0.312422,0.36621338
2015-05-20,core,252,static,0.41882202,0.40877163
2015-05-21,core,252,static,0.27984673,0.41217455
2015-05-22,core,252,static,0.33094797,0.3317179
2015-05-26,core,252,static,0.5155842,0.6642209
2015-05-27,core,252,static,0.40255514,0.5957601
2015-05-28,core,252,static,0.43901244,0.45976293
2015-05-29,core,252,static,0.5354624,0.60990506
2015-06-01,core,252,static,0.6326298,0.525553
2015-06-02,core,252,static,0.554281,0.6054634
2015-06-03,core,252,static,0.4349303,0.46557537
2015-06-04,core,252,static,0.6734353,0.64177793
2015-06-05,core,252,static,0.58581686,0.5597488
2015-06-08,core,252,static,0.3806488,0.51190084
2015-06-09,core,252,static,0.4707942,0.5254087
2015-06-10,core,252,static,0.62387747,0.62810856
2015-06-11,core,252,static,0.4449045,0.38341272
2015-06-12,core,252,static,0.51568985,0.54867584
2015-06-15,core,252,static,0.9224205,0.60527545
2015-06-16,core,252,static,0.5270959,0.5318491
2015-06-17,core,252,static,0.64155054,0.54242504
2015-06-18,core,252,static,0.5652603,0.6144785
2015-06-19,core,252,static,0.33432904,0.47288877
2015-06-22,core,252,static,0.69146746,0.53235954
2015-06-23,core,252,static,0.32394806,0.39440635
2015-06-24,core,252,static,0.3779145,0.506373
2015-06-25,core,252,static,0.4098502,0.53611386
2015-06-26,core,252,static,0.48074952,0.50115055
2015-06-29,core,252,static,0.86944956,1.0674934
2015-06-30,core,252,static,0.89946085,0.67576265
2015-07-01,core,252,static,0.77284944,0.6320641
2015-07-02,core,252,static,0.46320805,0.5569414
2015-07-06,core,252,static,0.9262874,0.73303455
2015-07-07,core,252,static,0.9469452,1.0276889
2015-07-08,core,252,static,0.9316667,0.9581417
2015-07-09,core,252,static,1.31166,0.8799827
2015-07-10,core,252,static,1.1231538,0.9000181
2015-07-13,core,252,static,0.6816275,0.5969283
2015-07-14,core,252,static,0.24286471,0.67362875
2015-07-15,core,252,static,0.36789137,0.43802568
2015-07-16,core,252,static,0.39547485,0.4158378
2015-07-17,core,252,static,0.24239369,0.40715444
2015-07-20,core,252,static,0.29224402,0.33137652
2015-07-21,core,252,static,0.32579386,0.46197182
2015-07-22,core,252,static,0.43480176,0.46246478
2015-07-23,core,252,static,0.39982617,0.58040994
2015-07-24,core,252,static,0.4459609,0.8259885
2015-07-27,core,252,static,0.77579254,0.53310096
2015-07-28,core,252,static,0.53736436,0.6866529
2015-07-29,core,252,static,0.4497853,0.49991146
2015-07-30,core,252,static,0.4582181,0.544664
2015-07-31,core,252,static,0.38392138,0.44704536
2015-08-03,core,252,static,0.5662893,0.6030233
2015-08-04,core,252,static,0.48225,0.5227453
2015-08-05,core,252,static,0.64484704,0.54770607
2015-08-06,core,252,static,0.54122525,0.779756
2015-08-07,core,252,static,0.5760798,0.55884236
2015-08-10,core,252,static,0.67565984,0.598749
2015-08-11,core,252,static,0.82229316,0.75687456
2015-08-12,core,252,static,1.070735,1.0425191
2015-08-13,core,252,static,0.642519,0.6520754
2015-08-14,core,252,static,0.40680528,0.5462254
2015-08-17,core,252,static,0.5880442,0.69793093
2015-08-18,core,252,static,0.36820683,0.46497574
2015-08-19,core,252,static,0.94964635,0.6690538
2015-08-20,core,252,static,1.073471,1.1437018
2015-08-21,core,252,static,1.5211383,1.8362712
2015-08-24,core,252,static,6.1070924,2.9931767
2015-08-25,core,252,static,2.710724,3.2009382
2015-08-26,core,252,static,2.842429,2.2912602
2015-08-27,core,252,static,1.8965197,1.8157016
2015-08-28,core,252,static,0.95563376,1.3435467
2015-08-31,core,252,static,1.0897337,1.0034219
2015-09-01,core,252,static,2.2449772,2.184629
2015-09-02,core,252,static,1.4546596,1.1957862
2015-09-03,core,252,static,0.9929621,1.4814708
2015-09-04,core,252,static,1.4397098,1.3684288
2015-09-08,core,252,static,1.4680749,1.2859572
2015-09-09,core,252,static,1.1140401,1.6903162
2015-09-10,core,252,static,0.8762383,1.1921998
2015-09-11,core,252,static,0.805247,1.0187876
2015-09-14,core,252,static,0.5960224,0.677535
2015-09-15,core,252,static,0.55692273,0.90042686
2015-09-16,core,252,static,0.5929057,0.83079314
2015-09-17,core,252,static,1.2792863,1.0058718
2015-09-18,core,252,static,1.3619255,1.2726109
2015-09-21,core,252,static,0.87075895,0.7657301
2015-09-22,core,252,static,1.3077606,1.1166697
2015-09-23,core,252,static,0.75728124,0.9393397
2015-09-24,core,252,static,1.0441006,1.1031153
2015-09-25,core,252,static,1.0345594,1.134228
2015-09-28,core,252,static,1.1553208,1.6363065
2015-09-29,core,252,static,1.18178,1.1317734
2015-09-30,core,252,static,1.4956278,1.1432371
2015-10-01,core,252,static,1.1410326,0.9521354
2015-10-02,core,252,static,1.6934986,1.7220584
2015-10-05,core,252,static,0.8905875,0.9969302
2015-10-06,core,252,static,0.68290496,0.8580603
2015-10-07,core,252,static,0.9471502,0.80709857
2015-10-08,core,252,static,0.7110604,0.9034868
2015-10-09,core,252,static,0.5342766,0.7299881
2015-10-12,core,252,static,0.3761203,0.39571077
2015-10-13,core,252,static,0.6150279,0.65792674
2015-10-14,core,252,static,0.68519324,0.746897
2015-10-15,core,252,static,0.53689116,0.7032709
2015-10-16,core,252,static,0.5126047,0.4203435
2015-10-19,core,252,static,0.5282853,0.39701542
2015-10-20,core,252,static,0.5042325,0.4637488
2015-10-21,core,252,static,0.7471799,0.63471085
2015-10-22,core,252,static,0.76614285,0.7915179
2015-10-23,core,252,static,0.8509056,0.627662
2015-10-26,core,252,static,0.38222855,0.42498502
2015-10-27,core,252,static,0.5862307,0.45107698
2015-10-28,core,252,static,0.9409857,0.72629476
2015-10-29,core,252,static,0.48140043,0.49929735
2015-10-30,core,252,static,0.53426623,0.5703345
2015-11-02,core,252,static,0.42046618,0.6200915
2015-11-03,core,252,static,0.4835808,0.5606
2015-11-04,core,252,static,0.6143828,0.5773271
2015-11-05,core,252,static,0.58392555,0.6369056
2015-11-06,core,252,static,0.60344267,0.6490283
2015-11-09,core,252,static,0.7614884,0.8278863
2015-11-10,core,252,static,0.54997474,0.5606404
2015-11-11,core,252,static,0.47312543,0.5481255
2015-11-12,core,252,static,0.87336564,0.8344335
2015-11-13,core,252,static,0.66714317,0.82291085
2015-11-16,core,252,static,0.7153626,0.84366864
2015-11-17,core,252,static,0.7524334,0.7097387
2015-11-18,core,252,static,0.7099786,0.82678956
2015-11-19,core,252,static,0.46447188,0.45826706
2015-11-20,core,252,static,0.56915754,0.52304715
2015-11-23,core,252,static,0.4336826,0.5415317
2015-11-24,core,252,static,0.65352553,0.7271787
2015-11-25,core,252,static,0.3200732,0.42023453
2015-11-27,core,252,static,0.24842541,0.36797065
2015-11-30,core,252,static,0.44243598,0.44333223
2015-12-01,core,252,static,0.622296,0.53873104
2015-12-02,core,252,static,0.5199116,0.7097913
2015-12-03,core,252,static,0.84296006,1.0612453
2015-12-04,core,252,static,0.84517264,1.0389171
2015-12-07,core,252,static,0.8103945,0.81037635
2015-12-08,core,252,static,1.2818913,0.834384
2015-12-09,core,252,static,1.0488707,1.2387822
2015-12-10,core,252,static,0.78105724,0.87166375
2015-12-11,core,252,static,1.1605777,1.1568403
2015-12-14,core,252,static,1.2393916,0.9617818
2015-12-15,core,252,static,1.0609846,0.8757569
2015-12-16,core,252,static,0.98319596,0.85626084
2015-12-17,core,252,static,0.905133,1.0631473
2015-12-18,core,252,static,0.9753758,1.1276565
2015-12-21,core,252,static,0.8869058,0.68402976
2015-12-22,core,252,static,0.6400416,0.76656806
2015-12-23,core,252,static,0.58407897,0.7283029
2015-12-24,core,252,static,0.28011903,0.596925
2015-12-28,core,252,static,0.54484385,0.49039564
2015-12-29,core,252,static,0.63486797,0.57745653
2015-12-30,core,252,static,0.43678027,0.5882462
2015-12-31,core,252,static,0.6944715,0.64843
2016-01-04,core,252,static,1.8643945,1.3303025
2016-01-05,core,252,static,0.7911798,0.7819626
2016-01-06,core,252,static,1.4094489,1.1678789
2016-01-07,core,252,static,1.9777172,1.5859165
2016-01-08,core,252,static,1.3276974,1.6416409
2016-01-11,core,252,static,1.2732048,1.355479
2016-01-12,core,252,static,1.3360038,1.1428936
2016-01-13,core,252,static,1.433177,1.9844565
2016-01-14,core,252,static,1.2763345,1.7123508
2016-01-15,core,252,static,2.2561908,1.9497555
2016-01-19,core,252,static,1.4140404,1.4515893
2016-01-20,core,252,static,2.090297,2.2154415
2016-01-21,core,252,static,1.7240387,1.6566625
2016-01-22,core,252,static,1.3502128,1.3595666
2016-01-25,core,252,static,0.843228,1.1840792
2016-01-26,core,252,static,1.1329075,0.9656126
2016-01-27,core,252,static,1.41837,1.4341786
2016-01-28,core,252,static,1.6049604,1.0978172
2016-01-29,core,252,static,0.8625195,1.3899422
2016-02-01,core,252,static,1.1087198,0.9429707
2016-02-02,core,252,static,1.0957472,1.2817856
2016-02-03,core,252,static,1.661211,1.4808068
2016-02-04,core,252,static,1.3568352,1.2095293
2016-02-05,core,252,static,1.1918375,1.3959687
2016-02-08,core,252,static,1.7131495,1.4948654
2016-02-09,core,252,static,1.7238925,1.3755425
2016-02-10,core,252,static,1.2846241,1.2046201
2016-02-11,core,252,static,1.7465639,1.3855941
2016-02-12,core,252,static,0.98478186,1.0446981
2016-02-16,core,252,static,0.9619315,0.91250247
2016-02-17,core,252,static,0.8570308,1.0205866
2016-02-18,core,252,static,0.65922886,0.74807996
2016-02-19,core,252,static,0.83701426,0.7369866
2016-02-22,core,252,static,0.82086724,0.60134614
2016-02-23,core,252,static,0.7050926,0.86535263
2016-02-24,core,252,static,1.3654946,1.1747802
2016-02-25,core,252,static,0.8240745,0.94783896
2016-02-26,core,252,static,0.74436164,0.7293938
2016-02-29,core,252,static,0.6923913,0.89279467
2016-03-01,core,252,static,0.80320925,1.0974063
2016-03-02,core,252,static,0.65265656,0.7200381
2016-03-03,core,252,static,0.5303793,0.6362205
2016-03-04,core,252,static,0.6377308,0.67877805
2016-03-07,core,252,static,0.70921284,0.58698076
2016-03-08,core,252,static,0.8456988,0.752719
2016-03-09,core,252,static,0.75573766,0.6158577
2016-03-10,core,252,static,1.0528972,1.1156069
2016-03-11,core,252,static,0.78028536,0.7257662
2016-03-14,core,252,static,0.44185165,0.5440051
2016-03-15,core,252,static,0.5727604,0.48894534
2016-03-16,core,252,static,0.8591803,0.6823513
2016-03-17,core,252,static,0.48305994,0.72585756
2016-03-18,core,252,static,0.5102293,0.43232146
2016-03-21,core,252,static,0.41795918,0.42958447
2016-03-22,core,252,static,0.5167195,0.5353317
2016-03-23,core,252,static,0.46824253,0.55011666
2016-03-24,core,252,static,0.59875774,0.55315346
2016-03-28,core,252,static,0.39678156,0.41533807
2016-03-29,core,252,static,0.5566663,0.67197865
2016-03-30,core,252,static,0.5525967,0.52149343
2016-03-31,core,252,static,0.3733204,0.46756175
2016-04-01,core,252,static,0.7174331,0.8343745
2016-04-04,core,252,static,0.42420197,0.4356465
2016-04-05,core,252,static,0.796145,0.6671389
2016-04-06,core,252,static,0.55406326,0.66084063
2016-04-07,core,252,static,0.77300537,0.8329903
2016-04-08,core,252,static,0.68102026,0.710312
2016-04-11,core,252,static,0.61432165,0.7698496
2016-04-12,core,252,static,0.613963,0.7371057
2016-04-13,core,252,static,0.58030504,0.5153617
2016-04-14,core,252,static,0.40409818,0.421151
2016-04-15,core,252,static,0.24712655,0.34111407
2016-04-18,core,252,static,0.45766473,0.58889717
2016-04-19,core,252,static,0.4471403,0.421764
2016-04-20,core,252,static,0.39241913,0.45066997
2016-04-21,core,252,static,0.48860756,0.5145199
2016-04-22,core,252,static,0.47178745,0.48163977
2016-04-25,core,252,static,0.46633098,0.4408051
2016-04-26,core,252,static,0.41461045,0.40993643
2016-04-27,core,252,static,0.55345905,0.5376352
2016-04-28,core,252,static,0.60426,0.7603678
2016-04-29,core,252,static,0.7228696,0.70375884
2016-05-02,core,252,static,0.48098463,0.49509487
2016-05-03,core,252,static,0.72048634,0.6796776
2016-05-04,core,252,static,0.5959994,0.5772438
2016-05-05,core,252,static,0.5839337,0.58165544
2016-05-06,core,252,static,0.6555533,0.62254995
2016-05-09,core,252,static,0.46808782,0.43428233
2016-05-10,core,252,static,0.4542472,0.57494074
2016-05-11,core,252,static,0.47307026,0.5631308
2016-05-12,core,252,static,0.6881145,0.7046202
2016-05-13,core,252,static,0.57983834,0.75281864
2016-05-16,core,252,static,0.44797093,0.7325583
2016-05-17,core,252,static,0.5969028,0.72825736
2016-05-18,core,252,static,0.9573208,0.8282303
2016-05-19,core,252,static,0.8042437,0.7077078
2016-05-20,core,252,static,0.5121746,0.65509933
2016-05-23,core,252,static,0.3349516,0.41846135
2016-05-24,core,252,static,0.52813166,0.6432639
2016-05-25,core,252,static,0.4735313,0.48091355
2016-05-26,core,252,static,0.34174767,0.34639892
2016-05-27,core,252,static,0.2984107,0.33628103
2016-05-31,core,252,static,0.4157239,0.47240597
2016-06-01,core,252,static,0.5437379,0.5038471
2016-06-02,core,252,static,0.42439845,0.50979865
2016-06-03,core,252,static,0.5940881,0.62021214
2016-06-06,core,252,static,0.39402854,0.40640214
2016-06-07,core,252,static,0.25987092,0.37617907
2016-06-08,core,252,static,0.3198907,0.33655846
2016-06-09,core,252,static,0.4458799,0.42733458
2016-06-10,core,252,static,0.619208,0.58108383
2016-06-13,core,252,static,0.52330697,0.61173856
2016-06-14,core,252,static,0.62336653,0.60543764
2016-06-15,core,252,static,0.4930331,0.60940313
2016-06-16,core,252,static,0.74221116,0.8375134
2016-06-17,core,252,static,0.5440672,0.5415476
2016-06-20,core,252,static,0.86803305,0.73088247
2016-06-21,core,252,static,0.48561,0.47329488
2016-06-22,core,252,static,0.5078913,0.52709657
2016-06-23,core,252,static,0.5845242,0.50096714
2016-06-24,core,252,static,2.5068276,2.0295057
2016-06-27,core,252,static,1.1343153,1.3063003
2016-06-28,core,252,static,0.91423756,1.0182343
2016-06-29,core,252,static,0.7956054,0.73142844
2016-06-30,core,252,static,0.58641934,1.0592095
2016-07-01,core,252,static,0.38909927,0.6000784
2016-07-05,core,252,static,0.5271096,0.59228665
2016-07-06,core,252,static,0.6909399,0.748165
2016-07-07,core,252,static,0.54316026,0.7743978
2016-07-08,core,252,static,0.39168543,0.6895385
2016-07-11,core,252,static,0.43085355,0.46367255
2016-07-12,core,252,static,0.55996907,0.44358608
2016-07-13,core,252,static,0.3626339,0.58361936
2016-07-14,core,252,static,0.52163625,0.4354685
2016-07-15,core,252,static,0.33394295,0.4500282
2016-07-18,core,252,static,0.25285515,0.3101014
2016-07-19,core,252,static,0.26363385,0.34318584
2016-07-20,core,252,static,0.22623706,0.38004085
2016-07-21,core,252,static,0.33703706,0.4745027
2016-07-22,core,252,static,0.26453957,0.3858935
2016-07-25,core,252,static,0.32745013,0.40518752
2016-07-26,core,252,static,0.4504608,0.43176928
2016-07-27,core,252,static,0.47929594,0.5383355
2016-07-28,core,252,static,0.48954245,0.4791508
2016-07-29,core,252,static,0.40074202,0.4596734
2016-08-01,core,252,static,0.47042617,0.42486697
2016-08-02,core,252,static,0.49872777,0.6276367
2016-08-03,core,252,static,0.34358326,0.43739632
2016-08-04,core,252,static,0.33532026,0.40855476
2016-08-05,core,252,static,0.31091905,0.39772585
2016-08-08,core,252,static,0.23712878,0.32748285
2016-08-09,core,252,static,0.22695161,0.32237065
2016-08-10,core,252,static,0.32503176,0.3952351
2016-08-11,core,252,static,0.34140062,0.358224
2016-08-12,core,252,static,0.22944413,0.31392613
2016-08-15,core,252,static,0.19754723,0.3112147
2016-08-16,core,252,static,0.33974996,0.35340098
2016-08-17,core,252,static,0.40539417,0.43700352
2016-08-18,core,252,static,0.24817523,0.35237536
2016-08-19,core,252,static,0.37554857,0.3609685
2016-08-22,core,252,static,0.475301,0.3748553
2016-08-23,core,252,static,0.2574483,0.30098248
2016-08-24,core,252,static,0.3273195,0.4508935
2016-08-25,core,252,static,0.39211443,0.4198253
2016-08-26,core,252,static,0.61306006,0.7433576
2016-08-29,core,252,static,0.29325503,0.41454497
2016-08-30,core,252,static,0.37492514,0.42404068
2016-08-31,core,252,static,0.35626492,0.45279497
2016-09-01,core,252,static,0.49375284,0.48544475
2016-09-02,core,252,static,0.38300157,0.38587043
2016-09-06,core,252,static,0.32380646,0.3868441
2016-09-07,core,252,static,0.26698565,0.34470686
2016-09-08,core,252,static,0.295236,0.34353843
2016-09-09,core,252,static,0.6640978,1.0747356
2016-09-12,core,252,static,0.75248015,1.0279891
2016-09-13,core,252,static,0.9697019,0.9133194
2016-09-14,core,252,static,0.6843146,0.828172
2016-09-15,core,252,static,0.61033237,0.8364244
2016-09-16,core,252,static,0.6537879,0.5991387
2016-09-19,core,252,static,0.49307507,0.6760175
2016-09-20,core,252,static,0.44174668,0.47142357
2016-09-21,core,252,static,0.5785162,0.6112238
2016-09-22,core,252,static,0.48172566,0.35623705
2016-09-23,core,252,static,0.34199423,0.44390687
2016-09-26,core,252,static,0.45899975,0.4999825
2016-09-27,core,252,static,0.49639294,0.56048405
2016-09-28,core,252,static,0.4797414,0.5253459
2016-09-29,core,252,static,0.6804351,0.7604554
2016-09-30,core,252,static,0.5552424,0.57148254
2016-10-03,core,252,static,0.4135641,0.4309745
2016-10-04,core,252,static,0.6580941,0.6735538
2016-10-05,core,252,static,0.35043132,0.4396493
2016-10-06,core,252,static,0.42119184,0.46823475
2016-10-07,core,252,static,0.52360094,0.62738985
2016-10-10,core,252,static,0.33505663,0.3415325
2016-10-11,core,252,static,0.58502275,0.8254004
2016-10-12,core,252,static,0.42785078,0.5218805
2016-10-13,core,252,static,0.6159226,0.7056131
2016-10-14,core,252,static,0.51454896,0.5556251
2016-10-17,core,252,static,0.388395,0.45076016
2016-10-18,core,252,static,0.40812224,0.3432702
2016-10-19,core,252,static,0.27237856,0.38238108
2016-10-20,core,252,static,0.5416315,0.4487106
2016-10-21,core,252,static,0.45071933,0.45846084
2016-10-24,core,252,static,0.3396598,0.31082368
2016-10-25,core,252,static,0.3230628,0.3895571
2016-10-26,core,252,static,0.47874448,0.4715832
2016-10-27,core,252,static,0.47765315,0.542393
2016-10-28,core,252,static,0.7668376,0.66296786
2016-10-31,core,252,static,0.37488475,0.3730723
2016-11-01,core,252,static,0.59481734,0.85746396
2016-11-02,core,252,static,0.6631988,0.5773232
2016-11-03,core,252,static,0.42727923,0.6932005
2016-11-04,core,252,static,0.5628198,0.5587606
2016-11-07,core,252,static,0.7627505,0.6209815
2016-11-08,core,252,static,0.5622712,0.60729223
2016-11-09,core,252,static,1.1031107,0.958529
2016-11-10,core,252,static,1.0612718,0.8325222
2016-11-11,core,252,static,0.5606707,0.59527826
2016-11-14,core,252,static,0.5229862,0.57414055
2016-11-15,core,252,static,0.333586,0.530226
2016-11-16,core,252,static,0.38126916,0.3673059
2016-11-17,core,252,static,0.26126075,0.38702902
2016-11-18,core,252,static,0.30810797,0.34670088
2016-11-21,core,252,static,0.30425668,0.34313253
2016-11-22,core,252,static,0.29165444,0.34130642
2016-11-23,core,252,static,0.27391726,0.34375894
2016-11-25,core,252,static,0.14117526,0.26646218
2016-11-28,core,252,static,0.31178403,0.34567752
2016-11-29,core,252,static,0.30249256,0.39480636
2016-11-30,core,252,static,0.52931297,0.4936446
2016-12-01,core,252,static,0.46159232,0.56653184
2016-12-02,core,252,static,0.38240808,0.39773443
2016-12-05,core,252,static,0.2903845,0.32943794
2016-12-06,core,252,static,0.29767793,0.3626306
2016-12-07,core,252,static,0.47630528,0.61251503
2016-12-08,core,252,static,0.4019448,0.441192
2016-12-09,core,252,static,0.28978437,0.32600552
2016-12-12,core,252,static,0.3811413,0.38728717
2016-12-13,core,252,static,0.3899644,0.36452144
2016-12-14,core,252,static,0.88478786,0.60725254
2016-12-15,core,252,static,0.5356318,0.55226284
2016-12-16,core,252,static,0.4584412,0.4736669
2016-12-19,core,252,static,0.3088212,0.37776935
2016-12-20,core,252,static,0.28557837,0.2858753
2016-12-21,core,252,static,0.19543968,0.3188543
2016-12-22,core,252,static,0.25347435,0.30665508
2016-12-23,core,252,static,0.16153865,0.24759606
2016-12-27,core,252,static,0.23642814,0.2924878
2016-12-28,core,252,static,0.35201058,0.48631787
2016-12-29,core,252,static,0.34002835,0.4125984
2016-12-30,core,252,static,0.46942192,0.61130863
2017-01-03,core,252,static,0.594145,0.4304717
2017-01-04,core,252,static,0.36411572,0.3739865
2017-01-05,core,252,static,0.3432904,0.41844022
2017-01-06,core,252,static,0.38690642,0.5247919
2017-01-09,core,252,static,0.28396055,0.30329755
2017-01-10,core,252,static,0.35444435,0.45183033
2017-01-11,core,252,static,0.5368475,0.4323753
2017-01-12,core,252,static,0.48731384,0.5220016
2017-01-13,core,252,static,0.2908495,0.3042729
2017-01-17,core,252,static,0.3088895,0.39692846
2017-01-18,core,252,static,0.3339955,0.33771533
2017-01-19,core,252,static,0.3924441,0.4987
2017-01-20,core,252,static,0.45413977,0.39733967
2017-01-23,core,252,static,0.42793557,0.46987262
2017-01-24,core,252,static,0.2782493,0.44839212
2017-01-25,core,252,static,0.2939314,0.35214415
2017-01-26,core,252,static,0.29524434,0.34434018
2017-01-27,core,252,static,0.25688803,0.28697607
2017-01-30,core,252,static,0.4480785,0.5012073
2017-01-31,core,252,static,0.41373762,0.43841168
2017-02-01,core,252,static,0.45366064,0.48301896
2017-02-02,core,252,static,0.40195224,0.4365037
2017-02-03,core,252,static,0.283664,0.31845692
2017-02-06,core,252,static,0.2499499,0.31904182
2017-02-07,core,252,static,0.27561516,0.33745992
2017-02-08,core,252,static,0.34895328,0.36562467
2017-02-09,core,252,static,0.2515974,0.3881335
2017-02-10,core,252,static,0.21658345,0.2655207
2017-02-13,core,252,static,0.22174998,0.30536148
2017-02-14,core,252,static,0.32851064,0.39181766
2017-02-15,core,252,static,0.30146214,0.39983985
2017-02-16,core,252,static,0.47114024,0.41033724
2017-02-17,core,252,static,0.28547823,0.38334355
2017-02-21,core,252,static,0.33395022,0.32170114
2017-02-22,core,252,static,0.26277435,0.3089728
2017-02-23,core,252,static,0.32674277,0.40410903
2017-02-24,core,252,static,0.38533372,0.4266313
2017-02-27,core,252,static,0.28920838,0.34494796
2017-02-28,core,252,static,0.28566772,0.3597024
2017-03-01,core,252,static,0.37724862,0.4237973
2017-03-02,core,252,static,0.38693762,0.47506067
2017-03-03,core,252,static,0.31391922,0.3169183
2017-03-06,core,252,static,0.30584425,0.39715934
2017-03-07,core,252,static,0.3097548,0.3919193
2017-03-08,core,252,static,0.33642218,0.41256115
2017-03-09,core,252,static,0.34908712,0.43901795
2017-03-10,core,252,static,0.37227577,0.38083774
2017-03-13,core,252,static,0.23370558,0.2935267
2017-03-14,core,252,static,0.37985167,0.38751915
2017-03-15,core,252,static,0.42964405,0.4454888
2017-03-16,core,252,static,0.32268214,0.42222473
2017-03-17,core,252,static,0.2527071,0.31463555
2017-03-20,core,252,static,0.3469682,0.37565777
2017-03-21,core,252,static,0.6479568,0.8166732
2017-03-22,core,252,static,0.53609574,0.4995049
2017-03-23,core,252,static,0.51073444,0.53581434
2017-03-24,core,252,static,0.5062917,0.58820397
2017-03-27,core,252,static,0.47878888,0.64591444
2017-03-28,core,252,static,0.46616235,0.60295796
2017-03-29,core,252,static,0.32322234,0.3860218
2017-03-30,core,252,static,0.29983088,0.388293
2017-03-31,core,252,static,0.3427317,0.32593298
2017-04-03,core,252,static,0.4936425,0.57366294
2017-04-04,core,252,static,0.36195233,0.3637008
2017-04-05,core,252,static,0.62132335,0.6538817
2017-04-06,core,252,static,0.5119221,0.49868128
2017-04-07,core,252,static,0.44955167,0.42264658
2017-04-10,core,252,static,0.48251557,0.45409998
2017-04-11,core,252,static,0.56331843,0.540079
2017-04-12,core,252,static,0.47795957,0.46116313
2017-04-13,core,252,static,0.48874614,0.59373826
2017-04-17,core,252,static,0.3559204,0.42015478
2017-04-18,core,252,static,0.42907587,0.43764117
2017-04-19,core,252,static,0.36144882,0.5409734
2017-04-20,core,252,static,0.35535744,0.48146075
2017-04-21,core,252,static,0.3804392,0.40539452
2017-04-24,core,252,static,0.29089904,0.221008
2017-04-25,core,252,static,0.26883623,0.34308696
2017-04-26,core,252,static,0.47160688,0.34977624
2017-04-27,core,252,static,0.32806417,0.35087377
2017-04-28,core,252,static,0.29768357,0.40015733
2017-05-01,core,252,static,0.2744441,0.33994994
2017-05-02,core,252,static,0.24161285,0.31927654
2017-05-03,core,252,static,0.28668654,0.3606225
2017-05-04,core,252,static,0.3698002,0.3736301
2017-05-05,core,252,static,0.2362615,0.32146865
2017-05-08,core,252,static,0.26360968,0.30991536
2017-05-09,core,252,static,0.25503057,0.38326332
2017-05-10,core,252,static,0.219145,0.29193687
2017-05-11,core,252,static,0.34043387,0.43245944
2017-05-12,core,252,static,0.23398432,0.28440621
2017-05-15,core,252,static,0.23430474,0.33847564
2017-05-16,core,252,static,0.27544153,0.36835724
2017-05-17,core,252,static,0.5703037,0.75763965
2017-05-18,core,252,static,0.65830266,0.58269966
2017-05-19,core,252,static,0.36662465,0.51828223
2017-05-22,core,252,static,0.2527961,0.33971518
2017-05-23,core,252,static,0.2305911,0.30861256
2017-05-24,core,252,static,0.22190331,0.28155535
2017-05-25,core,252,static,0.29225,0.29502732
2017-05-26,core,252,static,0.19085313,0.23972115
2017-05-30,core,252,static,0.20878863,0.31598923
2017-05-31,core,252,static,0.3800636,0.3747224
2017-06-01,core,252,static,0.2832896,0.37800303
2017-06-02,core,252,static,0.2677756,0.34814337
2017-06-05,core,252,static,0.21972047,0.30337262
2017-06-06,core,252,static,0.29198188,0.3328587
2017-06-07,core,252,static,0.29310003,0.33887997
2017-06-08,core,252,static,0.36013472,0.4014657
2017-06-09,core,252,static,0.59977084,0.6952143
2017-06-12,core,252,static,0.44649956,0.40033385
2017-06-13,core,252,static,0.28318912,0.3301402
2017-06-14,core,252,static,0.45206565,0.46222636
2017-06-15,core,252,static,0.40803006,0.48577395
2017-06-16,core,252,static,0.33470094,0.36366537
2017-06-19,core,252,static,0.24239998,0.3539566
2017-06-20,core,252,static,0.31976083,0.4203585
2017-06-21,core,252,static,0.35946548,0.37229517
2017-06-22,core,252,static,0.26895404,0.37011698
2017-06-23,core,252,static,0.28734648,0.32731524
2017-06-26,core,252,static,0.37642246,0.4031183
2017-06-27,core,252,static,0.44197375,0.5028968
2017-06-28,core,252,static,0.40407717,0.40183747
2017-06-29,core,252,static,0.69131154,0.8199425
2017-06-30,core,252,static,0.4383874,0.4546832
2017-07-03,core,252,static,0.34075877,0.3743197
2017-07-05,core,252,static,0.34755653,0.38643828
2017-07-06,core,252,static,0.4471804,0.48469326
2017-07-07,core,252,static,0.30363896,0.41938284
2017-07-10,core,252,static,0.2508412,0.32455617
2017-07-11,core,252,static,0.45187214,0.4792514
2017-07-12,core,252,static,0.31362855,0.3290657
2017-07-13,core,252,static,0.21801908,0.32847896
2017-07-14,core,252,static,0.21768583,0.38749483
2017-07-17,core,252,static,0.17704883,0.26300406
2017-07-18,core,252,static,0.29776207,0.35453448
2017-07-19,core,252,static,0.1982659,0.3258522
2017-07-20,core,252,static,0.28558522,0.32410562
2017-07-21,core,252,static,0.21564952,0.2806463
2017-07-24,core,252,static,0.18798159,0.3168544
2017-07-25,core,252,static,0.1984781,0.25477782
2017-07-26,core,252,static,0.24174331,0.2778318
2017-07-27,core,252,static,0.51248944,0.53924036
2017-07-28,core,252,static,0.27705154,0.3671592
2017-07-31,core,252,static,0.27641624,0.35231212
2017-08-01,core,252,static,0.26178157,0.30765417
2017-08-02,core,252,static,0.36391228,0.39377388
2017-08-03,core,252,static,0.26692617,0.34344396
2017-08-04,core,252,static,0.27783048,0.28577986
2017-08-07,core,252,static,0.13963027,0.27769738
2017-08-08,core,252,static,0.32645315,0.5404715
2017-08-09,core,252,static,0.42734796,0.38809595
2017-08-10,core,252,static,0.55393314,0.6103877
2017-08-11,core,252,static,0.40293288,0.40731165
2017-08-14,core,252,static,0.31971547,0.3491961
2017-08-15,core,252,static,0.27562705,0.35042343
2017-08-16,core,252,static,0.30988008,0.32771367
2017-08-17,core,252,static,0.5666922,0.7254543
2017-08-18,core,252,static,0.53968716,0.60389143
2017-08-21,core,252,static,0.38028803,0.4445876
2017-08-22,core,252,static,0.3325575,0.4956034
2017-08-23,core,252,static,0.3348245,0.3414205
2017-08-24,core,252,static,0.40814018,0.44981104
2017-08-25,core,252,static,0.35221168,0.3784265
2017-08-28,core,252,static,0.27280107,0.3599239
2017-08-29,core,252,static,0.30234662,0.54349315
2017-08-30,core,252,static,0.2819058,0.39688656
2017-08-31,core,252,static,0.2877491,0.34207818
2017-09-01,core,252,static,0.26101714,0.25133693
2017-09-05,core,252,static,0.58727425,0.51946044
2017-09-06,core,252,static,0.26823452,0.38399532
2017-09-07,core,252,static,0.34883288,0.36963347
2017-09-08,core,252,static,0.2621461,0.33064678
2017-09-11,core,252,static,0.27913767,0.33507362
2017-09-12,core,252,static,0.21457931,0.26973858
2017-09-13,core,252,static,0.18590152,0.23224533
2017-09-14,core,252,static,0.20491175,0.31850794
2017-09-15,core,252,static,0.1887011,0.27098703
2017-09-18,core,252,static,0.22692591,0.310923
2017-09-19,core,252,static,0.20944732,0.2577581
2017-09-20,core,252,static,0.31940493,0.34759176
2017-09-21,core,252,static,0.27827996,0.35895348
2017-09-22,core,252,static,0.18659909,0.27893525
2017-09-25,core,252,static,0.3676814,0.43452325
2017-09-26,core,252,static,0.2561093,0.34681168
2017-09-27,core,252,static,0.33169076,0.3889529
2017-09-28,core,252,static,0.22696464,0.32229194
2017-09-29,core,252,static,0.22128515,0.30963024
2017-10-02,core,252,static,0.23387623,0.305268
2017-10-03,core,252,static,0.20675358,0.26161897
2017-10-04,core,252,static,0.22618231,0.28218964
2017-10-05,core,252,static,0.20030746,0.31743267
2017-10-06,core,252,static,0.21610864,0.264188
2017-10-09,core,252,static,0.19429979,0.35946783
2017-10-10,core,252,static,0.26796594,0.33434966
2017-10-11,core,252,static,0.18613364,0.28011876
2017-10-12,core,252,static,0.19867781,0.29967743
2017-10-13,core,252,static,0.18884645,0.24616423
2017-10-16,core,252,static,0.19695538,0.28723663
2017-10-17,core,252,static,0.15306546,0.26405978
2017-10-18,core,252,static,0.17568943,0.22220224
2017-10-19,core,252,static,0.2339386,0.36486498
2017-10-20,core,252,static,0.20694198,0.25526348
2017-10-23,core,252,static,0.22272433,0.40488777
2017-10-24,core,252,static,0.25207168,0.29809567
2017-10-25,core,252,static,0.46961364,0.51450247
2017-10-26,core,252,static,0.35269573,0.35518816
2017-10-27,core,252,static,0.35850155,0.39076
2017-10-30,core,252,static,0.31922522,0.38795993
2017-10-31,core,252,static,0.19606315,0.2918155
2017-11-01,core,252,static,0.31454226,0.3712273
2017-11-02,core,252,static,0.40128538,0.39534608
2017-11-03,core,252,static,0.21144944,0.33467963
2017-11-06,core,252,static,0.17564416,0.31722906
2017-11-07,core,252,static,0.28854704,0.37257415
2017-11-08,core,252,static,0.23774716,0.31076664
2017-11-09,core,252,static,0.526065,0.4937249
2017-11-10,core,252,static,0.26222998,0.34316835
2017-11-13,core,252,static,0.21883929,0.39094794
2017-11-14,core,252,static,0.43903223,0.43220803
2017-11-15,core,252,static,0.47249782,0.4352568
2017-11-16,core,252,static,0.2837501,0.40864548
2017-11-17,core,252,static,0.23335797,0.28759003
2017-11-20,core,252,static,0.21441275,0.2791106
2017-11-21,core,252,static,0.21939652,0.3267814
2017-11-22,core,252,static,0.16789111,0.24902248
2017-11-24,core,252,static,0.11036572,0.1776042
2017-11-27,core,252,static,0.2159171,0.2673025
2017-11-28,core,252,static,0.3324013,0.38238564
2017-11-29,core,252,static,0.40184885,0.38579407
2017-11-30,core,252,static,0.5227156,0.44258532
2017-12-01,core,252,static,0.9422593,0.9841098
2017-12-04,core,252,static,0.47601593,0.6376383
2017-12-05,core,252,static,0.40449536,0.55970544
2017-12-06,core,252,static,0.36108318,0.40565044
2017-12-07,core,252,static,0.29853413,0.41915897
2017-12-08,core,252,static,0.2675435,0.26209313
2017-12-11,core,252,static,0.25072107,0.30630618
2017-12-12,core,252,static,0.25566772,0.30494767
2017-12-13,core,252,static,0.34856224,0.2802999
2017-12-14,core,252,static,0.34134772,0.44357872
2017-12-15,core,252,static,0.35419786,0.4178246
2017-12-18,core,252,static,0.29062662,0.29842687
2017-12-19,core,252,static,0.29153484,0.42861667
2017-12-20,core,252,static,0.36737746,0.4265933
2017-12-21,core,252,static,0.2833372,0.3765054
2017-12-22,core,252,static,0.20979938,0.27962533
2017-12-26,core,252,static,0.17409478,0.2862034
2017-12-27,core,252,static,0.16462064,0.26497996
2017-12-28,core,252,static,0.12651087,0.23717621
2017-12-29,core,252,static,0.25891256,0.48005182
2018-01-02,core,252,static,0.25719547,0.29516307
2018-01-03,core,252,static,0.23913333,0.35400966
2018-01-04,core,252,static,0.27034327,0.3009413
2018-01-05,core,252,static,0.28086627,0.38746232
2018-01-08,core,252,static,0.24695022,0.33143857
2018-01-09,core,252,static,0.32538438,0.33031926
2018-01-10,core,252,static,0.34158424,0.40969142
2018-01-11,core,252,static,0.2641452,0.36348584
2018-01-12,core,252,static,0.32101947,0.37820342
2018-01-16,core,252,static,0.5631255,0.73657936
2018-01-17,core,252,static,0.41801283,0.50299186
2018-01-18,core,252,static,0.4627396,0.43072617
2018-01-19,core,252,static,0.35955313,0.37126955
2018-01-22,core,252,static,0.35159302,0.46659556
2018-01-23,core,252,static,0.32428712,0.33748528
2018-01-24,core,252,static,0.6133342,0.5592392
2018-01-25,core,252,static,0.5513341,0.4631649
2018-01-26,core,252,static,0.3016971,0.50637364
2018-01-29,core,252,static,0.47275123,0.48022473
2018-01-30,core,252,static,0.5910142,0.5240252
2018-01-31,core,252,static,0.57198584,0.5854294
2018-02-01,core,252,static,0.578092,0.5791456
2018-02-02,core,252,static,0.83759016,0.98980206
2018-02-05,core,252,static,2.1334946,2.6365967
2018-02-06,core,252,static,2.57917,2.542502
2018-02-07,core,252,static,1.4043378,1.5244331
2018-02-08,core,252,static,1.9079525,2.6221118
2018-02-09,core,252,static,2.5284789,2.7500372
2018-02-12,core,252,static,1.2879539,1.461096
2018-02-13,core,252,static,0.8434238,0.9899391
2018-02-14,core,252,static,0.99494874,1.2170845
2018-02-15,core,252,static,0.85762036,0.9789393
2018-02-16,core,252,static,0.8491882,0.87842464
2018-02-20,core,252,static,0.760702,0.9148492
2018-02-21,core,252,static,0.87965596,1.1817085
2018-02-22,core,252,static,0.98245054,1.0004874
2018-02-23,core,252,static,0.6561958,0.8093774
2018-02-26,core,252,static,0.55855775,0.53620654
2018-02-27,core,252,static,0.8954676,1.0555739
2018-02-28,core,252,static,0.8766346,1.0083222
2018-03-01,core,252,static,1.5348746,1.5231377
2018-03-02,core,252,static,1.0910013,1.2555192
2018-03-05,core,252,static,0.7670684,1.2433738
2018-03-06,core,252,static,0.67816013,0.76052386
2018-03-07,core,252,static,0.68535495,0.8237401
2018-03-08,core,252,static,0.65897363,0.60293984
2018-03-09,core,252,static,0.37841392,0.63741577
2018-03-12,core,252,static,0.53291535,0.40588883
2018-03-13,core,252,static,0.7008095,0.9205541
2018-03-14,core,252,static,0.8121773,0.74554336
2018-03-15,core,252,static,0.5429507,0.8078064
2018-03-16,core,252,static,0.43193814,0.45039877
2018-03-19,core,252,static,0.79543597,0.99333894
2018-03-20,core,252,static,0.57961816,0.5554438
2018-03-21,core,252,static,0.7872107,0.76391447
2018-03-22,core,252,static,1.0711269,1.2943261
2018-03-23,core,252,static,1.2426462,1.5656435
2018-03-26,core,252,static,1.1403674,1.1588447
2018-03-27,core,252,static,1.3287451,1.6542684
2018-03-28,core,252,static,1.6397233,1.3146011
2018-03-29,core,252,static,0.98090833,1.3233932
2018-04-02,core,252,static,1.3223577,1.7282887
2018-04-03,core,252,static,1.3373339,1.2038424
2018-04-04,core,252,static,1.1438495,1.819087
2018-04-05,core,252,static,0.9285607,0.7014975
2018-04-06,core,252,static,1.1584303,1.7403973
2018-04-09,core,252,static,0.8719894,1.0681195
2018-04-10,core,252,static,1.0520451,0.8612369
2018-04-11,core,252,static,0.86806107,0.83629626
2018-04-12,core,252,static,0.7068662,0.7078964
2018-04-13,core,252,static,0.78899884,0.96872145
2018-04-16,core,252,static,0.56407565,0.63845336
2018-04-17,core,252,static,0.4062032,0.6113427
2018-04-18,core,252,static,0.47526693,0.5322849
2018-04-19,core,252,static,0.6005024,0.5849681
2018-04-20,core,252,static,0.7222591,0.8194777
2018-04-23,core,252,static,0.6041502,0.6194309
2018-04-24,core,252,static,1.1863954,1.300498
2018-04-25,core,252,static,1.0028121,0.92372376
2018-04-26,core,252,static,0.6151542,0.8592013
2018-04-27,core,252,static,0.5787579,0.523632
2018-04-30,core,252,static,0.6815625,0.91859615
2018-05-01,core,252,static,0.68900275,0.83634526
2018-05-02,core,252,static,0.69195116,0.7216982
2018-05-03,core,252,static,1.0050013,1.0349458
2018-05-04,core,252,static,0.66810656,1.0958115
2018-05-07,core,252,static,0.52447784,0.5659136
2018-05-08,core,252,static,0.67264074,0.6236777
2018-05-09,core,252,static,0.54460335,0.63238364
2018-05-10,core,252,static,0.44842497,0.53732896
2018-05-11,core,252,static,0.4540644,0.4796196
2018-05-14,core,252,static,0.43788758,0.4474686
2018-05-15,core,252,static,0.62762845,0.4871057
2018-05-16,core,252,static,0.40248987,0.5246889
2018-05-17,core,252,static,0.44504035,0.53902423
2018-05-18,core,252,static,0.46123347,0.37541234
2018-05-21,core,252,static,0.5162334,0.36746702
2018-05-22,core,252,static,0.37705407,0.5497898
2018-05-23,core,252,static,0.5340638,0.53455377
2018-05-24,core,252,static,0.5723244,0.63184935
2018-05-25,core,252,static,0.4024551,0.42885557
2018-05-29,core,252,static,0.7598915,0.7377905
2018-05-30,core,252,static,0.46071026,0.610237
2018-05-31,core,252,static,0.63269466,0.60279256
2018-06-01,core,252,static,0.44826815,0.519605
2018-06-04,core,252,static,0.3107288,0.28234583
2018-06-05,core,252,static,0.40157136,0.35643205
2018-06-06,core,252,static,0.38857004,0.46781477
2018-06-07,core,252,static,0.54338586,0.48769096
2018-06-08,core,252,static,0.3615654,0.4251028
2018-06-11,core,252,static,0.2741956,0.34177157
2018-06-12,core,252,static,0.29102886,0.33178765
2018-06-13,core,252,static,0.41145262,0.43823877
2018-06-14,core,252,static,0.33484274,0.40502855
2018-06-15,core,252,static,0.50510544,0.48939705
2018-06-18,core,252,static,0.45607635,0.4776261
2018-06-19,core,252,static,0.4644146,0.5468547
2018-06-20,core,252,static,0.2830361,0.4071739
2018-06-21,core,252,static,0.5510257,0.59080774
2018-06-22,core,252,static,0.3907091,0.38407227
2018-06-25,core,252,static,0.90794116,0.87568074
2018-06-26,core,252,static,0.53841484,0.5453764
2018-06-27,core,252,static,0.86154354,0.9152722
2018-06-28,core,252,static,0.7607878,0.77340406
2018-06-29,core,252,static,0.49756324,0.7000539
2018-07-02,core,252,static,0.62224627,0.6669933
2018-07-03,core,252,static,0.37678552,0.66444093
2018-07-05,core,252,static,0.5331748,0.4943123
2018-07-06,core,252,static,0.47719353,0.63290983
2018-07-09,core,252,static,0.33211043,0.34110042
2018-07-10,core,252,static,0.3378377,0.26920933
2018-07-11,core,252,static,0.44071195,0.42734155
2018-07-12,core,252,static,0.4066296,0.4175054
2018-07-13,core,252,static,0.30671635,0.3692617
2018-07-16,core,252,static,0.30701137,0.3539263
2018-07-17,core,252,static,0.3502095,0.51554424
2018-07-18,core,252,static,0.24477342,0.35639185
2018-07-19,core,252,static,0.3923393,0.3820989
2018-07-20,core,252,static,0.30862412,0.32982752
2018-07-24,core,252,static,0.45985803,0.38566294
2018-07-25,core,252,static,0.46678847,0.5338976
2018-07-26,core,252,static,0.34546074,0.38863525
2018-07-27,core,252,static,0.5538758,0.77296996
2018-07-30,core,252,static,0.510169,0.5468928
2018-07-31,core,252,static,0.43861365,0.42115888
2018-08-01,core,252,static,0.3444201,0.52141356
2018-08-02,core,252,static,0.37689298,0.64469165
2018-08-03,core,252,static,0.30071822,0.33349314
2018-08-06,core,252,static,0.2628695,0.417861
2018-08-07,core,252,static,0.2995877,0.27219176
2018-08-08,core,252,static,0.27616307,0.2884511
2018-08-09,core,252,static,0.27439108,0.33746716
2018-08-10,core,252,static,0.47827658,0.4586495
2018-08-13,core,252,static,0.5069188,0.56681305
2018-08-14,core,252,static,0.4217271,0.38635132
2018-08-15,core,252,static,0.6703356,0.55631775
2018-08-16,core,252,static,0.40460682,0.48033556
2018-08-17,core,252,static,0.41838735,0.5044624
2018-08-20,core,252,static,0.28990716,0.31159958
2018-08-21,core,252,static,0.29925922,0.32510757
2018-08-22,core,252,static,0.3138016,0.3473132
2018-08-23,core,252,static,0.35846165,0.387988
2018-08-24,core,252,static,0.29628715,0.3362681
2018-08-27,core,252,static,0.29306993,0.3314486
2018-08-28,core,252,static,0.3056651,0.30952096
2018-08-29,core,252,static,0.25944954,0.3781397
2018-08-30,core,252,static,0.44833794,0.45134166
2018-08-31,core,252,static,0.38591444,0.3973488
2018-09-04,core,252,static,0.48069385,0.40846154
2018-09-05,core,252,static,0.59206116,0.46645284
2018-09-06,core,252,static,0.5906903,0.58927184
2018-09-07,core,252,static,0.6175907,0.5336036
2018-09-10,core,252,static,0.320564,0.3689572
2018-09-11,core,252,static,0.38368094,0.5503099
2018-09-12,core,252,static,0.49884433,0.40921906
2018-09-13,core,252,static,0.35673806,0.3547318
2018-09-14,core,252,static,0.35717893,0.34066316
2018-09-17,core,252,static,0.29021525,0.42932618
2018-09-18,core,252,static,0.37742603,0.4570208
2018-09-19,core,252,static,0.32610697,0.32005045
2018-09-20,core,252,static,0.28829974,0.34510824
2018-09-21,core,252,static,0.26033905,0.3335051
2018-09-24,core,252,static,0.33471453,0.32183173
2018-09-25,core,252,static,0.28322122,0.36184
2018-09-26,core,252,static,0.48724553,0.55630666
2018-09-27,core,252,static,0.3121516,0.45489576
2018-09-28,core,252,static,0.34141544,0.33987105
2018-10-01,core,252,static,0.35244173,0.4333578
2018-10-02,core,252,static,0.39735577,0.34087327
2018-10-03,core,252,static,0.40135336,0.44354126
2018-10-04,core,252,static,0.664307,0.66117114
2018-10-05,core,252,static,0.6507703,0.81949574
2018-10-08,core,252,static,0.66267294,0.6472179
2018-10-09,core,252,static,0.6490384,0.5516121
2018-10-10,core,252,static,1.2177911,1.8478341
2018-10-11,core,252,static,1.9543244,1.6728697
2018-10-12,core,252,static,1.407621,1.1779871
2018-10-15,core,252,static,0.8860246,0.8614462
2018-10-16,core,252,static,0.67992,1.1010499
2018-10-17,core,252,static,1.0294368,0.8440175
2018-10-18,core,252,static,1.1210793,1.0358644
2018-10-19,core,252,static,0.93846554,0.9254697
2018-10-22,core,252,static,0.94134355,0.93529046
2018-10-23,core,252,static,1.1342305,1.4668252
2018-10-24,core,252,static,1.3328379,2.1784708
2018-10-25,core,252,static,1.0052441,1.3026856
2018-10-26,core,252,static,1.7948383,1.6937525
2018-10-29,core,252,static,1.7380347,2.5536518
2018-10-30,core,252,static,1.5392501,1.2449665
2018-10-31,core,252,static,0.90927184,0.87663406
2018-11-01,core,252,static,0.832247,0.9390455
2018-11-02,core,252,static,1.2750683,1.1775291
2018-11-05,core,252,static,0.5938045,0.71634763
2018-11-06,core,252,static,0.60826856,0.63525933
2018-11-07,core,252,static,0.63887936,0.7811869
2018-11-08,core,252,static,0.66809964,0.6182471
2018-11-09,core,252,static,0.7428415,0.8983067
2018-11-12,core,252,static,0.9620618,1.1339859
2018-11-13,core,252,static,1.2956188,1.0157857
2018-11-14,core,252,static,1.1310673,1.4257245
2018-11-15,core,252,static,1.3653269,1.5126077
2018-11-16,core,252,static,0.90452963,1.0047984
2018-11-19,core,252,static,1.0724597,1.1970611
2018-11-20,core,252,static,1.3623072,1.2272547
2018-11-21,core,252,static,0.610116,0.9668264
2018-11-23,core,252,static,0.509249,0.6551005
2018-11-26,core,252,static,0.73741895,0.6111584
2018-11-27,core,252,static,0.7982913,0.68554944
2018-11-28,core,252,static,0.9434499,0.9078813
2018-11-29,core,252,static,0.67562723,0.7963509
2018-11-30,core,252,static,0.5261072,0.69690514
2018-12-03,core,252,static,0.8151037,0.6010589
2018-12-04,core,252,static,1.17999,1.9712484
2018-12-06,core,252,static,1.5504341,1.8564374
2018-12-07,core,252,static,1.5898981,2.131492
2018-12-10,core,252,static,1.7373624,1.6194849
2018-12-11,core,252,static,1.2821363,1.7049344
2018-12-12,core,252,static,0.9634396,0.9915844
2018-12-13,core,252,static,1.0447652,1.1008896
2018-12-14,core,252,static,1.0472836,1.1528082
2018-12-17,core,252,static,1.2297033,1.5917014
2018-12-18,core,252,static,1.2986133,1.2528982
2018-12-19,core,252,static,2.5571506,2.2158022
2018-12-20,core,252,static,2.004698,1.8513237
2018-12-21,core,252,static,1.8774447,2.7452273
2018-12-24,core,252,static,1.503497,1.902739
2018-12-26,core,252,static,2.044049,2.6248412
2018-12-27,core,252,static,2.1549852,2.5302773
2018-12-28,core,252,static,1.4510945,1.3887736
2018-12-31,core,252,static,1.1217207,0.9661824
2019-01-02,core,252,static,1.2916089,1.3718324
2019-01-03,core,252,static,1.6084507,1.5416236
2019-01-04,core,252,static,1.2826867,1.3241594
2019-01-07,core,252,static,0.8961574,1.1493431
2019-01-08,core,252,static,1.0259848,0.72525793
2019-01-09,core,252,static,0.88327736,0.86140925
2019-01-10,core,252,static,0.8057568,0.95154995
2019-01-11,core,252,static,0.5889307,0.5784692
2019-01-14,core,252,static,0.63999677,0.52157784
2019-01-15,core,252,static,0.730756,0.80730206
2019-01-16,core,252,static,0.5263264,0.61413765
2019-01-17,core,252,static,0.7677084,0.8676079
2019-01-18,core,252,static,0.6335943,0.6266164
2019-01-22,core,252,static,0.93704396,1.0113308
2019-01-23,core,252,static,0.81198853,1.0131457
2019-01-24,core,252,static,0.57189655,0.7450409
2019-01-25,core,252,static,0.4743837,0.50926
2019-01-28,core,252,static,0.7882829,0.65732056
2019-01-29,core,252,static,0.60521954,0.7101434
2019-01-30,core,252,static,0.8665881,0.77910525
2019-01-31,core,252,static,0.6442116,0.6367726
2019-02-01,core,252,static,0.6480257,0.55700845
2019-02-04,core,252,static,0.50074315,0.6713918
2019-02-05,core,252,static,0.42103773,0.45414472
2019-02-06,core,252,static,0.45855734,0.4584079
2019-02-07,core,252,static,0.8123491,0.73782927
2019-02-08,core,252,static,0.5737097,0.70915264
2019-02-11,core,252,static,0.5052937,0.44597542
2019-02-12,core,252,static,0.4535485,0.56595224
2019-02-13,core,252,static,0.44447577,0.42203322
2019-02-14,core,252,static,0.66549194,0.63527244
2019-02-15,core,252,static,0.4551266,0.38314745
2019-02-19,core,252,static,0.34569603,0.4922184
2019-02-20,core,252,static,0.50145215,0.43103632
2019-02-21,core,252,static,0.47668287,0.49627277
2019-02-22,core,252,static,0.38043973,0.42422214
2019-02-25,core,252,static,0.39038387,0.44103733
2019-02-26,core,252,static,0.5142023,0.4028469
2019-02-27,core,252,static,0.47998968,0.52302027
2019-02-28,core,252,static,0.3938471,0.45410606
2019-03-01,core,252,static,0.4912823,0.46295124
2019-03-04,core,252,static,0.7707261,1.0278183
2019-03-05,core,252,static,0.49229854,0.48320177
2019-03-06,core,252,static,0.5115445,0.53929013
2019-03-07,core,252,static,0.6930191,0.69261557
2019-03-08,core,252,static,0.7230079,0.62017816
2019-03-11,core,252,static,0.43548155,0.65420246
2019-03-12,core,252,static,0.46117103,0.3672203
2019-03-13,core,252,static,0.42001438,0.4453946
2019-03-14,core,252,static,0.36421308,0.37938264
2019-03-15,core,252,static,0.42215744,0.5040446
2019-03-18,core,252,static,0.4234672,0.36144805
2019-03-19,core,252,static,0.70058376,0.6172604
2019-03-20,core,252,static,0.7935641,0.6992288
2019-03-21,core,252,static,0.5187143,0.7946499
2019-03-22,core,252,static,0.93281454,0.96172637
2019-03-25,core,252,static,0.8673984,0.7459809
2019-03-26,core,252,static,0.6736325,0.6525498
2019-03-27,core,252,static,0.7458824,0.8673676
2019-03-28,core,252,static,0.5232804,0.65294325
2019-03-29,core,252,static,0.48601383,0.46363828
2019-04-01,core,252,static,0.44750884,0.42153606
2019-04-02,core,252,static,0.36200863,0.3934445
2019-04-03,core,252,static,0.41066626,0.46622774
2019-04-04,core,252,static,0.44446576,0.3884774
2019-04-05,core,252,static,0.3059298,0.36625367
2019-04-08,core,252,static,0.31612223,0.3919012
2019-04-09,core,252,static,0.4739427,0.42578316
2019-04-10,core,252,static,0.31667304,0.40022758
2019-04-11,core,252,static,0.35377553,0.39571956
2019-04-12,core,252,static,0.34376565,0.3130985
2019-04-15,core,252,static,0.26486588,0.37152255
2019-04-16,core,252,static,0.32444918,0.37194824
2019-04-17,core,252,static,0.41599676,0.5178966
2019-04-18,core,252,static,0.3621874,0.44646117
2019-04-22,core,252,static,0.25911576,0.33272657
2019-04-23,core,252,static,0.3684595,0.46039763
2019-04-24,core,252,static,0.32863712,0.355018
2019-04-25,core,252,static,0.53873265,0.47044188
2019-04-26,core,252,static,0.39334804,0.5171839
2019-04-29,core,252,static,0.23422383,0.3172865
2019-04-30,core,252,static,0.4191312,0.53290904
2019-05-01,core,252,static,0.5829195,0.55425733
2019-05-02,core,252,static,0.66348076,0.69776464
2019-05-03,core,252,static,0.35492235,0.41348863
2019-05-06,core,252,static,0.519212,0.800765
2019-05-07,core,252,static,1.015972,0.937147
2019-05-08,core,252,static,0.6873363,0.68570346
2019-05-09,core,252,static,1.0024401,0.9162342
2019-05-10,core,252,static,1.0317684,1.3152733
2019-05-13,core,252,static,0.9969347,1.162437
2019-05-14,core,252,static,0.72523475,0.81039435
2019-05-15,core,252,static,0.7129424,0.87334806
2019-05-16,core,252,static,0.54267865,0.7053999
2019-05-17,core,252,static,0.7289981,0.7926578
2019-05-20,core,252,static,0.6784614,0.65626276
2019-05-21,core,252,static,0.415755,0.4657564
2019-05-22,core,252,static,0.44107497,0.46638456
2019-05-23,core,252,static,0.77697974,0.7278615
2019-05-24,core,252,static,0.52783793,0.61663073
2019-05-28,core,252,static,0.538577,0.8407596
2019-05-29,core,252,static,0.84174484,0.7018741
2019-05-30,core,252,static,0.5976587,0.7350617
2019-05-31,core,252,static,0.67879814,0.67784387
2019-06-03,core,252,static,0.96599436,0.8843894
2019-06-04,core,252,static,0.65408516,0.7531217
2019-06-05,core,252,static,0.6356116,0.56081766
2019-06-06,core,252,static,0.60261893,0.6656011
2019-06-07,core,252,static,0.585112,0.6537263
2019-06-10,core,252,static,0.54306006,0.47552928
2019-06-11,core,252,static,0.5907643,0.71066314
2019-06-12,core,252,static,0.42591473,0.5059155
2019-06-13,core,252,static,0.51799214,0.4288052
2019-06-14,core,252,static,0.43729764,0.46998617
2019-06-17,core,252,static,0.27199733,0.3588643
2019-06-18,core,252,static,0.6067126,0.47946775
2019-06-19,core,252,static,0.5666375,0.48566154
2019-06-20,core,252,static,0.52097017,0.4909509
2019-06-21,core,252,static,0.41476467,0.43716714
2019-06-25,core,252,static,0.53605384,0.66351
2019-06-26,core,252,static,0.45854813,0.58428365
2019-06-27,core,252,static,0.36200416,0.41109118
2019-06-28,core,252,static,0.31533444,0.39122292
2019-07-01,core,252,static,0.49275002,0.4928933
2019-07-02,core,252,static,0.48454106,0.39080814
2019-07-03,core,252,static,0.21672672,0.41673282
2019-07-05,core,252,static,0.46708447,0.56616277
2019-07-08,core,252,static,0.37689027,0.32414916
2019-07-09,core,252,static,0.27294225,0.45592856
2019-07-10,core,252,static,0.4559697,0.43099064
2019-07-11,core,252,static,0.3169631,0.39909104
2019-07-12,core,252,static,0.22721192,0.35012963
2019-07-15,core,252,static,0.27931854,0.26702294
2019-07-16,core,252,static,0.33484223,0.3859658
2019-07-17,core,252,static,0.38507593,0.4610133
2019-07-18,core,252,static,0.39525008,0.5047395
2019-07-19,core,252,static,0.50121135,0.6230302
2019-07-22,core,252,static,0.4025482,0.41317454
2019-07-23,core,252,static,0.37862617,0.3727383
2019-07-24,core,252,static,0.2958664,0.44269973
2019-07-25,core,252,static,0.48138186,0.45868623
2019-07-26,core,252,static,0.24684747,0.37817055
2019-07-29,core,252,static,0.27916336,0.34870997
2019-07-30,core,252,static,0.41136706,0.4236967
2019-07-31,core,252,static,0.8570504,0.9055758
2019-08-01,core,252,static,1.413018,1.2636669
2019-08-02,core,252,static,0.8658583,0.87527937
2019-08-05,core,252,static,1.2163235,1.5374914
2019-08-06,core,252,static,1.0095519,0.8910832
2019-08-07,core,252,static,1.3404863,1.424733
2019-08-08,core,252,static,0.6005271,0.8083443
2019-08-09,core,252,static,0.8878992,1.0837872
2019-08-12,core,252,static,0.72299427,0.8729378
2019-08-13,core,252,static,1.4477358,1.149349
2019-08-14,core,252,static,1.1394889,1.5063236
2019-08-15,core,252,static,0.97321457,0.979979
2019-08-16,core,252,static,0.68545794,0.9003968
2019-08-19,core,252,static,0.47247893,0.48771515
2019-08-20,core,252,static,0.5818361,0.8099001
2019-08-21,core,252,static,0.36497563,0.50847703
2019-08-22,core,252,static,0.7187853,0.7311426
2019-08-23,core,252,static,1.5231749,1.6909521
2019-08-26,core,252,static,0.7526459,0.65990764
2019-08-27,core,252,static,0.7449224,1.1327231
2019-08-28,core,252,static,0.6243859,0.78801477
2019-08-29,core,252,static,0.65441364,0.7404135
2019-08-30,core,252,static,0.56218755,0.7701531
2019-09-03,core,252,static,0.78602874,0.606674
2019-09-04,core,252,static,0.3558061,0.5766568
2019-09-05,core,252,static,0.46335065,0.5407847
2019-09-06,core,252,static,0.39113587,0.40604442
2019-09-09,core,252,static,0.36566535,0.44105002
2019-09-10,core,252,static,0.62653464,0.5053958
2019-09-11,core,252,static,0.38890582,0.6243133
2019-09-12,core,252,static,0.5744845,0.48373273
2019-09-13,core,252,static,0.38585904,0.41070753
2019-09-16,core,252,static,0.37983516,0.3469675
2019-09-17,core,252,static,0.31243888,0.39013264
2019-09-18,core,252,static,0.59479177,0.58627534
2019-09-19,core,252,static,0.4269109,0.49876252
2019-09-20,core,252,static,0.76599157,0.6810768
2019-09-23,core,252,static,0.37500808,0.45596415
2019-09-24,core,252,static,0.96183157,0.8582487
2019-09-25,core,252,static,0.49840924,0.7467769
2019-09-26,core,252,static,0.62600714,0.64574057
2019-09-27,core,252,static,0.8431996,0.8759988
2019-09-30,core,252,static,0.39300886,0.43594378
2019-10-01,core,252,static,0.82772815,0.9619177
2019-10-02,core,252,static,0.8557239,1.0005879
2019-10-03,core,252,static,1.1748741,1.1762693
2019-10-04,core,252,static,0.49482566,0.751947
2019-10-07,core,252,static,0.6225671,0.6749802
2019-10-08,core,252,static,0.84250855,0.9363082
2019-10-09,core,252,static,0.6158033,0.5801103
2019-10-10,core,252,static,0.7101426,0.6614241
2019-10-11,core,252,static,0.700886,0.6253945
2019-10-14,core,252,static,0.396464,0.40831497
2019-10-15,core,252,static,0.40729916,0.5758428
2019-10-16,core,252,static,0.33448914,0.42745888
2019-10-17,core,252,static,0.42123458,0.41732037
2019-10-18,core,252,static,0.49201992,0.57066035
2019-10-21,core,252,static,0.28220996,0.32195947
2019-10-22,core,252,static,0.3873415,0.47015294
2019-10-23,core,252,static,0.3241593,0.4057888
2019-10-24,core,252,static,0.39532715,0.48154294
2019-10-25,core,252,static,0.3670015,0.52903223
2019-10-28,core,252,static,0.34164682,0.30142605
2019-10-29,core,252,static,0.3534293,0.34764847
2019-10-30,core,252,static,0.4209127,0.47981873
2019-10-31,core,252,static,0.58050346,0.54086
2019-11-01,core,252,static,0.33467627,0.3788393
2019-11-04,core,252,static,0.30109015,0.30483982
2019-11-05,core,252,static,0.3071445,0.33253717
2019-11-06,core,252,static,0.36966428,0.3265691
2019-11-07,core,252,static,0.45629695,0.4158661
2019-11-08,core,252,static,0.3335788,0.43083248
2019-11-11,core,252,static,0.20900644,0.36585715
2019-11-12,core,252,static,0.33374357,0.41707584
2019-11-13,core,252,static,0.39428484,0.42957035
2019-11-14,core,252,static,0.31895727,0.39305285
2019-11-15,core,252,static,0.25014853,0.33724263
2019-11-19,core,252,static,0.34028348,0.35201347
2019-11-20,core,252,static,0.530192,0.5138364
2019-11-21,core,252,static,0.43375245,0.44885173
2019-11-22,core,252,static,0.30828884,0.38250253
2019-11-25,core,252,static,0.28988016,0.3501396
2019-11-26,core,252,static,0.24163394,0.3101906
2019-11-27,core,252,static,0.17377497,0.2823617
2019-11-29,core,252,static,0.20161061,0.34213674
2019-12-02,core,252,static,0.6143428,0.5772216
2019-12-03,core,252,static,0.6685485,0.51895
2019-12-04,core,252,static,0.3678156,0.44396397
2019-12-05,core,252,static,0.4083799,0.42546245
2019-12-06,core,252,static,0.31428805,0.3852216
2019-12-09,core,252,static,0.2446123,0.33373812
2019-12-10,core,252,static,0.45085213,0.41540202
2019-12-11,core,252,static,0.28965053,0.33849573
2019-12-12,core,252,static,0.90730995,0.548009
2019-12-13,core,252,static,0.67179954,0.53466135
2019-12-17,core,252,static,0.23530492,0.29599884
2019-12-18,core,252,static,0.27269506,0.30906558
2019-12-19,core,252,static,0.27776897,0.34052965
2019-12-20,core,252,static,0.21704257,0.28301063
2019-12-23,core,252,static,0.14169253,0.2328937
2019-12-24,core,252,static,0.14038545,0.23271239
2019-12-26,core,252,static,0.20108193,0.28478858
2019-12-27,core,252,static,0.283703,0.32404357
2019-12-30,core,252,static,0.4683421,0.4290393
2019-12-31,core,252,static,0.31708115,0.39652494
2014-01-08,momentum,60,static,0.5049092,0.41899908
2014-01-09,momentum,60,static,0.44792023,0.5085229
2014-01-10,momentum,60,static,0.41781142,0.43314245
2014-01-13,momentum,60,static,0.47251758,0.8067289
2014-01-14,momentum,60,static,0.49484262,0.5381299
2014-01-15,momentum,60,static,0.389796,0.43798932
2014-01-16,momentum,60,static,0.3719646,0.373693
2014-01-17,momentum,60,static,0.36259443,0.438745
2014-01-21,momentum,60,static,0.6656816,0.55452573
2014-01-22,momentum,60,static,0.31373873,0.37541616
2014-01-23,momentum,60,static,0.71243316,0.69716537
2014-01-24,momentum,60,static,0.9068204,1.1500933
2014-01-27,momentum,60,static,0.81133616,0.96555454
2014-01-28,momentum,60,static,0.5316145,0.6872287
2014-01-29,momentum,60,static,1.0421811,0.7751337
2014-01-30,momentum,60,static,0.78014624,0.8547663
2014-01-31,momentum,60,static,1.1046423,0.76927096
2014-02-03,momentum,60,static,0.9668377,1.4073693
2014-02-04,momentum,60,static,0.819945,0.79847527
2014-02-05,momentum,60,static,0.9269459,0.8410847
2014-02-06,momentum,60,static,0.5575153,0.74361515
2014-02-07,momentum,60,static,0.65374666,0.7618678
2014-02-10,momentum,60,static,0.31248182,0.43976045
2014-02-11,momentum,60,static,0.41629142,0.5645261
2014-02-12,momentum,60,static,0.45831323,0.44366586
2014-02-13,momentum,60,static,0.49265444,0.5556593
2014-02-14,momentum,60,static,0.38318944,0.57044756
2014-02-18,momentum,60,static,0.3537131,0.44721568
2014-02-19,momentum,60,static,0.54439,0.6328041
2014-02-20,momentum,60,static,0.51263076,0.66865927
2014-02-21,momentum,60,static,0.41156575,0.4967606
2014-02-24,momentum,60,static,0.58284545,0.60638803
2014-02-25,momentum,60,static,0.56813157,0.49828312
2014-02-26,momentum,60,static,0.5470898,0.4398495
2014-02-27,momentum,60,static,0.52451116,0.47203687
2014-02-28,momentum,60,static,0.6110896,0.6565145
2014-03-03,momentum,60,static,0.9133794,0.78290915
2014-03-04,momentum,60,static,0.96754813,0.66202444
2014-03-05,momentum,60,static,0.41537228,0.4346738
2014-03-06,momentum,60,static,0.40407717,0.36629933
2014-03-07,momentum,60,static,0.55469537,0.49658397
2014-03-10,momentum,60,static,0.4751483,0.43419248
2014-03-11,momentum,60,static,0.5007032,0.6560007
2014-03-12,momentum,60,static,0.6769494,0.55717933
2014-03-13,momentum,60,static,0.7307913,0.96079105
2014-03-14,momentum,60,static,0.6815504,0.6380347
2014-03-17,momentum,60,static,0.74760824,0.67046833
2014-03-18,momentum,60,static,0.48231757,0.5152486
2014-03-19,momentum,60,static,0.7574357,0.7487366
2014-03-20,momentum,60,static,0.5430734,0.60602987
2014-03-21,momentum,60,static,0.7111093,0.80601954
2014-03-24,momentum,60,static,0.6954413,0.832852
2014-03-25,momentum,60,static,0.7636264,0.5853046
2014-03-26,momentum,60,static,0.64480937,0.77839416
2014-03-27,momentum,60,static,0.79874605,0.6018125
2014-03-28,momentum,60,static,0.6167684,0.6573212
2014-03-31,momentum,60,static,0.70626074,0.5369756
2014-04-01,momentum,60,static,0.47637957,0.4378029
2014-04-02,momentum,60,static,0.37295157,0.38751453
2014-04-03,momentum,60,static,0.38243917,0.41173378
2014-04-04,momentum,60,static,0.77531964,0.9979128
2014-04-07,momentum,60,static,0.73298806,0.86987674
2014-04-08,momentum,60,static,0.6260387,0.7186114
2014-04-09,momentum,60,static,0.5471668,0.68014205
2014-04-10,momentum,60,static,0.8312494,1.2605046
2014-04-11,momentum,60,static,1.0073607,0.8826187
2014-04-14,momentum,60,static,0.8529536,0.72547746
2014-04-15,momentum,60,static,0.91792023,0.873419
2014-04-16,momentum,60,static,0.68598306,0.6177783
2014-04-17,momentum,60,static,0.47364476,0.5456867
2014-04-21,momentum,60,static,0.341622,0.37368566
2014-04-22,momentum,60,static,0.32808822,0.47586364
2014-04-23,momentum,60,static,0.36450958,0.43415946
2014-04-24,momentum,60,static,0.58910805,0.46510357
2014-04-25,momentum,60,static,0.58639413,0.6255418
2014-04-28,momentum,60,static,0.82358533,0.7703022
2014-04-29,momentum,60,static,0.5001894,0.51714253
2014-04-30,momentum,60,static,0.4978034,0.5195257
2014-05-01,momentum,60,static,0.4511681,0.4093003
2014-05-02,momentum,60,static,0.56266874,0.5426973
2014-05-05,momentum,60,static,0.7295594,0.5983428
2014-05-06,momentum,60,static,0.5130741,0.6048274
2014-05-07,momentum,60,static,0.89697677,0.66964954
2014-05-08,momentum,60,static,0.51938224,0.69629
2014-05-09,momentum,60,static,0.5581554,0.54846036
2014-05-12,momentum,60,static,0.4801866,0.50579405
2014-05-13,momentum,60,static,0.31696823,0.32487625
2014-05-14,momentum,60,static,0.38752997,0.49998075
2014-05-15,momentum,60,static,0.6911194,0.7446742
2014-05-16,momentum,60,static,0.46763945,0.5418533
2014-05-19,momentum,60,static,0.34235182,0.46801555
2014-05-20,momentum,60,static,0.5234825,0.59459436
2014-05-21,momentum,60,static,0.49420696,0.51933324
2014-05-22,momentum,60,static,0.30170885,0.42856634
2014-05-23,momentum,60,static,0.20592427,0.31562513
2014-05-27,momentum,60,static,0.4249707,0.30886704
2014-05-28,momentum,60,static,0.29313588,0.32263362
2014-05-29,momentum,60,static,0.36290592,0.3068043
2014-05-30,momentum,60,static,0.2896272,0.25836617
2014-06-02,momentum,60,static,0.39007816,0.2803523
2014-06-03,momentum,60,static,0.30763808,0.29954365
2014-06-04,momentum,60,static,0.29414263,0.3379863
2014-06-05,momentum,60,static,0.39007378,0.472571
2014-06-06,momentum,60,static,0.2689657,0.25286177
2014-06-09,momentum,60,static,0.27719072,0.25814056
2014-06-10,momentum,60,static,0.29700223,0.25635105
2014-06-11,momentum,60,static,0.41138506,0.3650565
2014-06-12,momentum,60,static,0.4183047,0.56907034
2014-06-13,momentum,60,static,0.4343027,0.38126644
2014-06-16,momentum,60,static,0.4416144,0.3914706
2014-06-17,momentum,60,static,0.37112328,0.37906763
2014-06-18,momentum,60,static,0.41930568,0.46720552
2014-06-19,momentum,60,static,0.29128066,0.3219824
2014-06-20,momentum,60,static,0.23344195,0.23635463
2014-06-23,momentum,60,static,0.2667552,0.20566271
2014-06-24,momentum,60,static,0.43172422,0.5453047
2014-06-25,momentum,60,static,0.37854803,0.43629038
2014-06-26,momentum,60,static,0.4962847,0.5046522
2014-06-27,momentum,60,static,0.35436866,0.34695005
2014-06-30,momentum,60,static,0.27126727,0.28336048
2014-07-01,momentum,60,static,0.3689269,0.3983907
2014-07-02,momentum,60,static,0.26151705,0.28252673
2014-07-03,momentum,60,static,0.31731522,0.2951268
2014-07-07,momentum,60,static,0.36314473,0.34186566
2014-07-08,momentum,60,static,0.5589419,0.56599015
2014-07-09,momentum,60,static,0.45819184,0.36901426
2014-07-10,momentum,60,static,0.76111996,0.5959618
2014-07-11,momentum,60,static,0.35084838,0.45025626
2014-07-14,momentum,60,static,0.41344327,0.35366786
2014-07-15,momentum,60,static,0.53884596,0.5102669
2014-07-16,momentum,60,static,0.44707805,0.36381334
2014-07-17,momentum,60,static,0.6419261,0.76196384
2014-07-18,momentum,60,static,0.3977976,0.5626135
2014-07-21,momentum,60,static,0.40885425,0.44118583
2014-07-22,momentum,60,static,0.37651148,0.34501296
2014-07-23,momentum,60,static,0.25255132,0.34714028
2014-07-24,momentum,60,static,0.27580193,0.30504274
2014-07-25,momentum,60,static,0.43292835,0.43809387
2014-07-28,momentum,60,static,0.42229313,0.45693982
2014-07-29,momentum,60,static,0.4585719,0.5072973
2014-07-30,momentum,60,static,0.60613376,0.56880206
2014-07-31,momentum,60,static,0.8659616,1.0480546
2014-08-01,momentum,60,static,0.8324301,0.9003199
2014-08-04,momentum,60,static,0.47940516,0.7251286
2014-08-05,momentum,60,static,0.8867472,0.8724499
2014-08-06,momentum,60,static,0.6750628,0.7058066
2014-08-07,momentum,60,static,0.71337867,0.77122486
2014-08-08,momentum,60,static,0.51588583,0.6901114
2014-08-11,momentum,60,static,0.41875538,0.42629617
2014-08-12,momentum,60,static,0.4677828,0.5285661
2014-08-13,momentum,60,static,0.45824566,0.39562201
2014-08-14,momentum,60,static,0.2659346,0.31312147
2014-08-15,momentum,60,static,0.7498508,0.64164126
2014-08-18,momentum,60,static,0.46496975,0.45091766
2014-08-19,momentum,60,static,0.25456896,0.30653054
2014-08-20,momentum,60,static,0.3016211,0.37194523
2014-08-21,momentum,60,static,0.28956974,0.31270522
2014-08-22,momentum,60,static,0.42676148,0.33649483
2014-08-25,momentum,60,static,0.3532538,0.30055827
2014-08-26,momentum,60,static,0.2375984,0.25613523
2014-08-27,momentum,60,static,0.24147634,0.32268152
2014-08-28,momentum,60,static,0.40291795,0.35487783
2014-08-29,momentum,60,static,0.25389576,0.29763365
2014-09-02,momentum,60,static,0.3633189,0.40737203
2014-09-03,momentum,60,static,0.37144133,0.37862128
2014-09-04,momentum,60,static,0.40892476,0.5398377
2014-09-05,momentum,60,static,0.45733145,0.4745707
2014-09-08,momentum,60,static,0.38709864,0.40517694
2014-09-09,momentum,60,static,0.5338571,0.52375495
2014-09-10,momentum,60,static,0.5201886,0.43741637
2014-09-11,momentum,60,static,0.43031847,0.479429
2014-09-12,momentum,60,static,0.47453365,0.55702263
2014-09-15,momentum,60,static,0.41908863,0.37378383
2014-09-16,momentum,60,static,0.4405773,0.56065804
2014-09-17,momentum,60,static,0.7170944,0.4958486
2014-09-18,momentum,60,static,0.37039587,0.34540612
2014-09-19,momentum,60,static,0.45736086,0.4223721
2014-09-22,momentum,60,static,0.44572678,0.5878279
2014-09-23,momentum,60,static,0.49305046,0.46872357
2014-09-24,momentum,60,static,0.40974364,0.6045839
2014-09-25,momentum,60,static,0.7036589,0.90751374
2014-09-26,momentum,60,static,0.59855974,0.667067
2014-09-29,momentum,60,static,0.9425361,0.58044064
2014-09-30,momentum,60,static,0.60421616,0.6942641
2014-10-01,momentum,60,static,0.77547735,0.84144145
2014-10-02,momentum,60,static,0.74889135,0.9615027
2014-10-03,momentum,60,static,0.8084318,0.757797
2014-10-06,momentum,60,static,0.65416896,0.7408705
2014-10-07,momentum,60,static,0.85882276,0.89487666
2014-10-08,momentum,60,static,0.89283293,1.0376587
2014-10-09,momentum,60,static,1.0456964,1.2576594
2014-10-10,momentum,60,static,1.1059687,1.1431309
2014-10-13,momentum,60,static,1.1766608,1.4467403
2014-10-14,momentum,60,static,1.2357146,1.1872305
2014-10-15,momentum,60,static,2.3037503,1.8613347
2014-10-16,momentum,60,static,1.6580957,1.6724361
2014-10-17,momentum,60,static,1.249785,1.3409222
2014-10-20,momentum,60,static,0.7233674,0.895607
2014-10-21,momentum,60,static,0.7497316,0.9320009
2014-10-22,momentum,60,static,0.7443962,0.85937405
2014-10-23,momentum,60,static,1.0316818,0.9839071
2014-10-24,momentum,60,static,0.5909021,0.64967346
2014-10-27,momentum,60,static,0.6280629,0.54784536
2014-10-28,momentum,60,static,0.51385987,0.53167075
2014-10-29,momentum,60,static,0.71735823,0.7612461
2014-10-30,momentum,60,static,0.56094754,0.7766899
2014-10-31,momentum,60,static,0.7405169,0.4469967
2014-11-03,momentum,60,static,0.45962167,0.47951743
2014-11-04,momentum,60,static,0.523288,0.6438286
2014-11-05,momentum,60,static,0.5897601,0.48378775
2014-11-06,momentum,60,static,0.39968556,0.6027154
2014-11-07,momentum,60,static,0.44907498,0.39900237
2014-11-10,momentum,60,static,0.28444538,0.34750164
2014-11-11,momentum,60,static,0.25874946,0.35132426
2014-11-12,momentum,60,static,0.40562358,0.37177238
2014-11-13,momentum,60,static,0.50771856,0.49602628
2014-11-14,momentum,60,static,0.32405505,0.34217015
2014-11-17,momentum,60,static,0.35571715,0.32029527
2014-11-18,momentum,60,static,0.29249278,0.42809033
2014-11-19,momentum,60,static,0.5172247,0.41157573
2014-11-20,momentum,60,static,0.3773044,0.41096792
2014-11-21,momentum,60,static,0.6609857,0.40511107
2014-11-24,momentum,60,static,0.30394414,0.24503943
2014-11-25,momentum,60,static,0.3310994,0.3558622
2014-11-26,momentum,60,static,0.18774037,0.3048243
2014-11-28,momentum,60,static,0.30118117,0.35042813
2014-12-01,momentum,60,static,0.6036726,0.53611225
2014-12-02,momentum,60,static,0.38313457,0.41885316
2014-12-03,momentum,60,static,0.26875728,0.36954507
2014-12-04,momentum,60,static,0.42954367,0.46069616
2014-12-05,momentum,60,static,0.3647365,0.33950344
2014-12-08,momentum,60,static,0.5491243,0.5932864
2014-12-09,momentum,60,static,1.0170497,0.6915756
2014-12-10,momentum,60,static,0.8344766,0.95503837
2014-12-11,momentum,60,static,0.8538369,0.95491505
2014-12-12,momentum,60,static,0.91419786,1.0131912
2014-12-15,momentum,60,static,1.2775683,1.2857563
2014-12-16,momentum,60,static,1.2446512,1.448255
2014-12-17,momentum,60,static,1.2861887,1.2148751
2014-12-18,momentum,60,static,1.0341269,1.131063
2014-12-19,momentum,60,static,0.58917046,0.57621396
2014-12-22,momentum,60,static,0.3526901,0.46614233
2014-12-23,momentum,60,static,0.33187222,0.45165235
2014-12-24,momentum,60,static,0.21517335,0.38942474
2014-12-26,momentum,60,static,0.25206396,0.2799254
2014-12-29,momentum,60,static,0.23829924,0.34805977
2014-12-30,momentum,60,static,0.30083942,0.4777971
2014-12-31,momentum,60,static,0.48846406,0.7313447
2015-01-02,momentum,60,static,0.91617084,0.82041335
2015-01-05,momentum,60,static,0.8366753,1.057087
2015-01-06,momentum,60,static,1.0535302,1.2822018
2015-01-07,momentum,60,static,0.9043862,0.81718147
2015-01-08,momentum,60,static,0.8460688,0.8375436
2015-01-09,momentum,60,static,0.7907401,0.79617363
2015-01-12,momentum,60,static,0.8196387,0.8134018
2015-01-13,momentum,60,static,1.4794874,1.271382
2015-01-14,momentum,60,static,1.2126912,1.0949941
2015-01-15,momentum,60,static,1.016453,1.0551454
2015-01-16,momentum,60,static,0.8022344,0.9473927
2015-01-20,momentum,60,static,0.91485006,0.9487344
2015-01-21,momentum,60,static,1.0006932,0.85055554
2015-01-22,momentum,60,static,0.7813236,0.9315069
2015-01-23,momentum,60,static,0.4990968,0.53585345
2015-01-26,momentum,60,static,0.54825115,0.6017678
2015-01-27,momentum,60,static,1.0129068,0.9186494
2015-01-28,momentum,60,static,0.96351683,1.1776326
2015-01-29,momentum,60,static,0.93598616,1.0699434
2015-01-30,momentum,60,static,0.989836,1.0563425
2015-02-02,momentum,60,static,1.0854664,1.2264963
2015-02-03,momentum,60,static,0.9412546,0.8425064
2015-02-04,momentum,60,static,0.81579125,0.819463
2015-02-05,momentum,60,static,0.5828607,0.65411973
2015-02-06,momentum,60,static,0.6425417,0.807865
2015-02-09,momentum,60,static,0.57979757,0.57258606
2015-02-10,momentum,60,static,0.6225983,0.60700274
2015-02-11,momentum,60,static,0.5280768,0.5844556
2015-02-12,momentum,60,static,0.5131012,0.49848795
2015-02-13,momentum,60,static,0.32308325,0.39667147
2015-02-17,momentum,60,static,0.38781017,0.43962923
2015-02-18,momentum,60,static,0.43776956,0.38585794
2015-02-19,momentum,60,static,0.44936877,0.46936807
2015-02-20,momentum,60,static,0.45460823,0.6387065
2015-02-23,momentum,60,static,0.33605385,0.2807743
2015-02-24,momentum,60,static,0.3187812,0.380873
2015-02-25,momentum,60,static,0.3179744,0.38065538
2015-02-26,momentum,60,static,0.443733,0.41484508
2015-02-27,momentum,60,static,0.3470306,0.38075507
2015-03-02,momentum,60,static,0.26675868,0.34602332
2015-03-03,momentum,60,static,0.50070864,0.5235332
2015-03-04,momentum,60,static,0.66777754,0.57702905
2015-03-05,momentum,60,static,0.35700428,0.430888
2015-03-06,momentum,60,static,0.738573,0.90250194
2015-03-09,momentum,60,static,0.38811982,0.45365524
2015-03-10,momentum,60,static,0.84003955,0.8915458
2015-03-11,momentum,60,static,0.5907079,0.5712158
2015-03-12,momentum,60,static,0.65231806,0.69326246
2015-03-13,momentum,60,static,0.7049248,0.71645284
2015-03-16,momentum,60,static,0.523879,0.6732043
2015-03-17,momentum,60,static,0.5899909,0.4947768
2015-03-18,momentum,60,static,1.051441,1.0260993
2015-03-19,momentum,60,static,0.55307525,0.55704385
2015-03-20,momentum,60,static,0.6660987,0.71449983
2015-03-23,momentum,60,static,0.37360874,0.5029973
2015-03-24,momentum,60,static,0.45093563,0.526875
2015-03-25,momentum,60,static,0.68654585,0.9647785
2015-03-26,momentum,60,static,0.87354445,0.8198542
2015-03-27,momentum,60,static,0.586514,0.5508274
2015-03-30,momentum,60,static,0.6811203,0.7703831
2015-03-31,momentum,60,static,0.6466434,0.6221877
2015-04-01,momentum,60,static,0.7361588,0.6550697
2015-04-02,momentum,60,static,0.509403,0.5340651
2015-04-06,momentum,60,static,0.53391993,0.84114754
2015-04-07,momentum,60,static,0.44269016,0.5370178
2015-04-08,momentum,60,static,0.7183293,0.46528256
2015-04-09,momentum,60,static,0.5976939,0.5636154
2015-04-10,momentum,60,static,0.28354013,0.3943829
2015-04-13,momentum,60,static,0.35153908,0.49412483
2015-04-14,momentum,60,static,0.5259082,0.45201075
2015-04-15,momentum,60,static,0.4481189,0.41926366
2015-04-16,momentum,60,static,0.40820983,0.40479955
2015-04-17,momentum,60,static,0.7608492,0.85181254
2015-04-20,momentum,60,static,0.6108341,0.542153
2015-04-21,momentum,60,static,0.4529463,0.5497799
2015-04-22,momentum,60,static,0.45889667,0.5559126
2015-04-23,momentum,60,static,0.49382022,0.47575676
2015-04-24,momentum,60,static,0.32737023,0.31488726
2015-04-27,momentum,60,static,0.4819811,0.5891012
2015-04-28,momentum,60,static,0.64436746,0.54911625
2015-04-29,momentum,60,static,0.66213375,0.54656225
2015-04-30,momentum,60,static,0.70375067,0.7646948
2015-05-01,momentum,60,static,0.67268664,0.59572035
2015-05-04,momentum,60,static,0.3758163,0.42018598
2015-05-05,momentum,60,static,0.57068294,0.77407193
2015-05-06,momentum,60,static,0.9269206,0.8693742
2015-05-07,momentum,60,static,0.5604826,0.6347953
2015-05-08,momentum,60,static,0.8699831,0.65870786
2015-05-11,momentum,60,static,0.40910646,0.50906384
2015-05-12,momentum,60,static,0.8183264,0.642357
2015-05-13,momentum,60,static,0.6684315,0.5596123
2015-05-14,momentum,60,static,0.54870486,0.5657558
2015-05-15,momentum,60,static,0.3386743,0.35544103
2015-05-18,momentum,60,static,0.21934754,0.38801607
2015-05-19,momentum,60,static,0.312422,0.40859288
2015-05-20,momentum,60,static,0.41882202,0.41114968
2015-05-21,momentum,60,static,0.27984673,0.34884548
2015-05-22,momentum,60,static,0.33094797,0.30994534
2015-05-26,momentum,60,static,0.5155842,0.7063706
2015-05-27,momentum,60,static,0.40255514,0.53209263
2015-05-28,momentum,60,static,0.43901244,0.42418918
2015-05-29,momentum,60,static,0.5354624,0.53683877
2015-06-01,momentum,60,static,0.6326298,0.4792859
2015-06-02,momentum,60,static,0.554281,0.5188124
2015-06-03,momentum,60,static,0.4349303,0.45688355
2015-06-04,momentum,60,static,0.6734353,0.608456
2015-06-05,momentum,60,static,0.58581686,0.578476
2015-06-08,momentum,60,static,0.3806488,0.5329656
2015-06-09,momentum,60,static,0.4707942,0.50571525
2015-06-10,momentum,60,static,0.62387747,0.6660967
2015-06-11,momentum,60,static,0.4449045,0.36891702
2015-06-12,momentum,60,static,0.51568985,0.536927
2015-06-15,momentum,60,static,0.9224205,0.6165509
2015-06-16,momentum,60,static,0.5270959,0.47664702
2015-06-17,momentum,60,static,0.64155054,0.55660915
2015-06-18,momentum,60,static,0.5652603,0.6431929
2015-06-19,momentum,60,static,0.33432904,0.46056095
2015-06-22,momentum,60,static,0.69146746,0.47136497
2015-06-23,momentum,60,static,0.32394806,0.34737706
2015-06-24,momentum,60,static,0.3779145,0.5717524
2015-06-25,momentum,60,static,0.4098502,0.5021588
2015-06-26,momentum,60,static,0.48074952,0.4821091
2015-06-29,momentum,60,static,0.86944956,1.0967684
2015-06-30,momentum,60,static,0.89946085,0.6963854
2015-07-01,momentum,60,static,0.77284944,0.6387868
2015-07-02,momentum,60,static,0.46320805,0.59123945
2015-07-06,momentum,60,static,0.9262874,0.64743555
2015-07-07,momentum,60,static,0.9469452,0.96228975
2015-07-08,momentum,60,static,0.9316667,0.98606426
2015-07-09,momentum,60,static,1.31166,0.95099896
2015-07-10,momentum,60,static,1.1231538,0.97524965
2015-07-13,momentum,60,static,0.6816275,0.62428755
2015-07-14,momentum,60,static,0.24286471,0.56357884
2015-07-15,momentum,60,static,0.36789137,0.40829235
2015-07-16,momentum,60,static,0.39547485,0.41679654
2015-07-17,momentum,60,static,0.24239369,0.3900178
2015-07-20,momentum,60,static,0.29224402,0.33537015
2015-07-21,momentum,60,static,0.32579386,0.45821473
2015-07-22,momentum,60,static,0.43480176,0.4187129
2015-07-23,momentum,60,static,0.39982617,0.62111545
2015-07-24,momentum,60,static,0.4459609,0.84319055
2015-07-27,momentum,60,static,0.77579254,0.6211289
2015-07-28,momentum,60,static,0.53736436,0.71183825
2015-07-29,momentum,60,static,0.4497853,0.481865
2015-07-30,momentum,60,static,0.4582181,0.45452428
2015-07-31,momentum,60,static,0.38392138,0.4504071
2015-08-03,momentum,60,static,0.5662893,0.5482965
2015-08-04,momentum,60,static,0.48225,0.48291266
2015-08-05,momentum,60,static,0.64484704,0.55472916
2015-08-06,momentum,60,static,0.54122525,0.7685704
2015-08-07,momentum,60,static,0.5760798,0.57744336
2015-08-10,momentum,60,static,0.67565984,0.59767157
2015-08-11,momentum,60,static,0.82229316,0.72220945
2015-08-12,momentum,60,static,1.070735,0.9836416
2015-08-13,momentum,60,static,0.642519,0.6184992
2015-08-14,momentum,60,static,0.40680528,0.56789225
2015-08-17,momentum,60,static,0.5880442,0.67291474
2015-08-18,momentum,60,static,0.36820683,0.4551461
2015-08-19,momentum,60,static,0.94964635,0.73503083
2015-08-20,momentum,60,static,1.073471,1.1458124
2015-08-21,momentum,60,static,1.5211383,1.7500006
2015-08-24,momentum,60,static,6.1070924,2.7362528
2015-08-25,momentum,60,static,2.710724,3.0569768
2015-08-26,momentum,60,static,2.842429,2.1247969
2015-08-27,momentum,60,static,1.8965197,1.8005022
2015-08-28,momentum,60,static,0.95563376,1.1352427
2015-08-31,momentum,60,static,1.0897337,0.9639789
2015-09-01,momentum,60,static,2.2449772,2.0033326
2015-09-02,momentum,60,static,1.4546596,1.0534992
2015-09-03,momentum,60,static,0.9929621,1.4243466
2015-09-04,momentum,60,static,1.4397098,1.5938343
2015-09-08,momentum,60,static,1.4680749,1.2143415
2015-09-09,momentum,60,static,1.1140401,1.624431
2015-09-10,momentum,60,static,0.8762383,1.2607297
2015-09-11,momentum,60,static,0.805247,0.97707057
2015-09-14,momentum,60,static,0.5960224,0.59959006
2015-09-15,momentum,60,static,0.55692273,0.96822965
2015-09-16,momentum,60,static,0.5929057,0.69426346
2015-09-17,momentum,60,static,1.2792863,1.1235092
2015-09-18,momentum,60,static,1.3619255,1.2366749
2015-09-21,momentum,60,static,0.87075895,0.8114361
2015-09-22,momentum,60,static,1.3077606,1.188418
2015-09-23,momentum,60,static,0.75728124,1.0894597
2015-09-24,momentum,60,static,1.0441006,1.1998166
2015-09-25,momentum,60,static,1.0345594,1.116177
2015-09-28,momentum,60,static,1.1553208,1.6058896
2015-09-29,momentum,60,static,1.18178,1.2223
2015-09-30,momentum,60,static,1.4956278,1.10671
2015-10-01,momentum,60,static,1.1410326,1.0900981
2015-10-02,momentum,60,static,1.6934986,1.6132252
2015-10-05,momentum,60,static,0.8905875,1.0395763
2015-10-06,momentum,60,static,0.68290496,0.8094667
2015-10-07,momentum,60,static,0.9471502,0.70314026
2015-10-08,momentum,60,static,0.7110604,0.8921585
2015-10-09,momentum,60,static,0.5342766,0.8003777
2015-10-12,momentum,60,static,0.3761203,0.40890265
2015-10-13,momentum,60,static,0.6150279,0.66218567
2015-10-14,momentum,60,static,0.68519324,0.75214475
2015-10-15,momentum,60,static,0.53689116,0.7228566
2015-10-16,momentum,60,static,0.5126047,0.4774914
2015-10-19,momentum,60,static,0.5282853,0.46177036
2015-10-20,momentum,60,static,0.5042325,0.5201833
2015-10-21,momentum,60,static,0.7471799,0.71200716
2015-10-22,momentum,60,static,0.76614285,0.78810954
2015-10-23,momentum,60,static,0.8509056,0.6475563
2015-10-26,momentum,60,static,0.38222855,0.4943096
2015-10-27,momentum,60,static,0.5862307,0.52254176
2015-10-28,momentum,60,static,0.9409857,0.7404786
2015-10-29,momentum,60,static,0.48140043,0.5649448
2015-10-30,momentum,60,static,0.53426623,0.63941044
2015-11-02,momentum,60,static,0.42046618,0.6508024
2015-11-03,momentum,60,static,0.4835808,0.5821386
2015-11-04,momentum,60,static,0.6143828,0.5800067
2015-11-05,momentum,60,static,0.58392555,0.5793653
2015-11-06,momentum,60,static,0.60344267,0.5697863
2015-11-09,momentum,60,static,0.7614884,0.82315147
2015-11-10,momentum,60,static,0.54997474,0.582065
2015-11-11,momentum,60,static,0.47312543,0.5357024
2015-11-12,momentum,60,static,0.87336564,0.84819174
2015-11-13,momentum,60,static,0.66714317,0.8594434
2015-11-16,momentum,60,static,0.7153626,0.87064004
2015-11-17,momentum,60,static,0.7524334,0.7163698
2015-11-18,momentum,60,static,0.7099786,0.87248325
2015-11-19,momentum,60,static,0.46447188,0.42135596
2015-11-20,momentum,60,static,0.56915754,0.5096014
2015-11-23,momentum,60,static,0.4336826,0.49218094
2015-11-24,momentum,60,static,0.65352553,0.69874585
2015-11-25,momentum,60,static,0.3200732,0.42039984
2015-11-27,momentum,60,static,0.24842541,0.36863774
2015-11-30,momentum,60,static,0.44243598,0.47383463
2015-12-01,momentum,60,static,0.622296,0.56020457
2015-12-02,momentum,60,static,0.5199116,0.7450115
2015-12-03,momentum,60,static,0.84296006,1.0959088
2015-12-04,momentum,60,static,0.84517264,1.0337412
2015-12-07,momentum,60,static,0.8103945,0.7404362
2015-12-08,momentum,60,static,1.2818913,0.8603368
2015-12-09,momentum,60,static,1.0488707,1.2385577
2015-12-10,momentum,60,static,0.78105724,0.90849954
2015-12-11,momentum,60,static,1.1605777,1.2525092
2015-12-14,momentum,60,static,1.2393916,1.0846272
2015-12-15,momentum,60,static,1.0609846,0.9703442
2015-12-16,momentum,60,static,0.98319596,0.868357
2015-12-17,momentum,60,static,0.905133,1.0771782
2015-12-18,momentum,60,static,0.9753758,1.1553371
2015-12-21,momentum,60,static,0.8869058,0.65872973
2015-12-22,momentum,60,static,0.6400416,0.82521605
2015-12-23,momentum,60,static,0.58407897,0.74925935
2015-12-24,momentum,60,static,0.28011903,0.6145791
2015-12-28,momentum,60,static,0.54484385,0.6073083
2015-12-29,momentum,60,static,0.63486797,0.59078556
2015-12-30,momentum,60,static,0.43678027,0.6500851
2015-12-31,momentum,60,static,0.6944715,0.6815375
2016-01-04,momentum,60,static,1.8643945,1.2040114
2016-01-05,momentum,60,static,0.7911798,0.83538914
2016-01-06,momentum,60,static,1.4094489,1.1016773
2016-01-07,momentum,60,static,1.9777172,1.6127638
2016-01-08,momentum,60,static,1.3276974,1.6003491
2016-01-11,momentum,60,static,1.2732048,1.3818802
2016-01-12,momentum,60,static,1.3360038,1.3238974
2016-01-13,momentum,60,static,1.433177,1.947188
2016-01-14,momentum,60,static,1.2763345,1.5695359
2016-01-15,momentum,60,static,2.2561908,2.0105114
2016-01-19,momentum,60,static,1.4140404,1.6108961
2016-01-20,momentum,60,static,2.090297,2.0225873
2016-01-21,momentum,60,static,1.7240387,1.6910361
2016-01-22,momentum,60,static,1.3502128,1.2447869
2016-01-25,momentum,60,static,0.843228,1.3524175
2016-01-26,momentum,60,static,1.1329075,0.9368859
2016-01-27,momentum,60,static,1.41837,1.5091087
2016-01-28,momentum,60,static,1.6049604,1.2729005
2016-01-29,momentum,60,static,0.8625195,1.6076401
2016-02-01,momentum,60,static,1.1087198,0.8796795
2016-02-02,momentum,60,static,1.0957472,1.2451092
2016-02-03,momentum,60,static,1.661211,1.4187504
2016-02-04,momentum,60,static,1.3568352,1.3011872
2016-02-05,momentum,60,static,1.1918375,1.4414504
2016-02-08,momentum,60,static,1.7131495,1.5180432
2016-02-09,momentum,60,static,1.7238925,1.4488496
2016-02-10,momentum,60,static,1.2846241,1.330803
2016-02-11,momentum,60,static,1.7465639,1.4840571
2016-02-12,momentum,60,static,0.98478186,1.2183805
2016-02-16,momentum,60,static,0.9619315,0.8446189
2016-02-17,momentum,60,static,0.8570308,1.0076952
2016-02-18,momentum,60,static,0.65922886,0.8194176
2016-02-19,momentum,60,static,0.83701426,0.7667393
2016-02-22,momentum,60,static,0.82086724,0.66480184
2016-02-23,momentum,60,static,0.7050926,0.9071256
2016-02-24,momentum,60,static,1.3654946,1.1827693
2016-02-25,momentum,60,static,0.8240745,0.83921295
2016-02-26,momentum,60,static,0.74436164,0.6961735
2016-02-29,momentum,60,static,0.6923913,0.89764965
2016-03-01,momentum,60,static,0.80320925,1.0118858
2016-03-02,momentum,60,static,0.65265656,0.7222049
2016-03-03,momentum,60,static,0.5303793,0.55586886
2016-03-04,momentum,60,static,0.6377308,0.66943
2016-03-07,momentum,60,static,0.70921284,0.7171308
2016-03-08,momentum,60,static,0.8456988,0.7451525
2016-03-09,momentum,60,static,0.75573766,0.6253463
2016-03-10,momentum,60,static,1.0528972,1.0606613
2016-03-11,momentum,60,static,0.78028536,0.83446974
2016-03-14,momentum,60,static,0.44185165,0.5034301
2016-03-15,momentum,60,static,0.5727604,0.5541994
2016-03-16,momentum,60,static,0.8591803,0.669595
2016-03-17,momentum,60,static,0.48305994,0.73446155
2016-03-18,momentum,60,static,0.5102293,0.41691807
2016-03-21,momentum,60,static,0.41795918,0.44029617
2016-03-22,momentum,60,static,0.5167195,0.57786906
2016-03-23,momentum,60,static,0.46824253,0.5572336
2016-03-24,momentum,60,static,0.59875774,0.4412186
2016-03-28,momentum,60,static,0.39678156,0.42871773
2016-03-29,momentum,60,static,0.5566663,0.7010833
2016-03-30,momentum,60,static,0.5525967,0.43920717
2016-03-31,momentum,60,static,0.3733204,0.39749765
2016-04-01,momentum,60,static,0.7174331,0.8023565
2016-04-04,momentum,60,static,0.42420197,0.47973043
2016-04-05,momentum,60,static,0.796145,0.642878
2016-04-06,momentum,60,static,0.55406326,0.63400316
2016-04-07,momentum,60,static,0.77300537,0.8612714
2016-04-08,momentum,60,static,0.68102026,0.72260964
2016-04-11,momentum,60,static,0.61432165,0.6703258
2016-04-12,momentum,60,static,0.613963,0.72092056
2016-04-13,momentum,60,static,0.58030504,0.5476446
2016-04-14,momentum,60,static,0.40409818,0.44898623
2016-04-15,momentum,60,static,0.24712655,0.37831149
2016-04-18,momentum,60,static,0.45766473,0.53572494
2016-04-19,momentum,60,static,0.4471403,0.41922748
2016-04-20,momentum,60,static,0.39241913,0.47613493
2016-04-21,momentum,60,static,0.48860756,0.5596172
2016-04-22,momentum,60,static,0.47178745,0.47189668
2016-04-25,momentum,60,static,0.46633098,0.4657007
2016-04-26,momentum,60,static,0.41461045,0.4401675
2016-04-27,momentum,60,static,0.55345905,0.56614494
2016-04-28,momentum,60,static,0.60426,0.75030434
2016-04-29,momentum,60,static,0.7228696,0.7401581
2016-05-02,momentum,60,static,0.48098463,0.5366421
2016-05-03,momentum,60,static,0.72048634,0.6916666
2016-05-04,momentum,60,static,0.5959994,0.66955405
2016-05-05,momentum,60,static,0.5839337,0.5265648
2016-05-06,momentum,60,static,0.6555533,0.57745403
2016-05-09,momentum,60,static,0.46808782,0.4685137
2016-05-10,momentum,60,static,0.4542472,0.59482145
2016-05-11,momentum,60,static,0.47307026,0.5855303
2016-05-12,momentum,60,static,0.6881145,0.6719626
2016-05-13,momentum,60,static,0.57983834,0.6995778
2016-05-16,momentum,60,static,0.44797093,0.6611886
2016-05-17,momentum,60,static,0.5969028,0.7392213
2016-05-18,momentum,60,static,0.9573208,0.9078249
2016-05-19,momentum,60,static,0.8042437,0.70605993
2016-05-20,momentum,60,static,0.5121746,0.55654013
2016-05-23,momentum,60,static,0.3349516,0.3871712
2016-05-24,momentum,60,static,0.52813166,0.6700596
2016-05-25,momentum,60,static,0.4735313,0.490812
2016-05-26,momentum,60,static,0.34174767,0.2967208
2016-05-27,momentum,60,static,0.2984107,0.3277849
2016-05-31,momentum,60,static,0.4157239,0.4893914
2016-06-01,momentum,60,static,0.5437379,0.49400312
2016-06-02,momentum,60,static,0.42439845,0.5121509
2016-06-03,momentum,60,static,0.5940881,0.5668684
2016-06-06,momentum,60,static,0.39402854,0.35234687
2016-06-07,momentum,60,static,0.25987092,0.356668
2016-06-08,momentum,60,static,0.3198907,0.32736462
2016-06-09,momentum,60,static,0.4458799,0.40071192
2016-06-10,momentum,60,static,0.619208,0.60273165
2016-06-13,momentum,60,static,0.52330697,0.65479165
2016-06-14,momentum,60,static,0.62336653,0.5610109
2016-06-15,momentum,60,static,0.4930331,0.58437246
2016-06-16,momentum,60,static,0.74221116,0.8054369
2016-06-17,momentum,60,static,0.5440672,0.5572089
2016-06-20,momentum,60,static,0.86803305,0.72115755
2016-06-21,momentum,60,static,0.48561,0.44496155
2016-06-22,momentum,60,static,0.5078913,0.50609654
2016-06-23,momentum,60,static,0.5845242,0.45072693
2016-06-24,momentum,60,static,2.5068276,1.9254903
2016-06-27,momentum,60,static,1.1343153,1.4489633
2016-06-28,momentum,60,static,0.91423756,1.0369959
2016-06-29,momentum,60,static,0.7956054,0.8765804
2016-06-30,momentum,60,static,0.58641934,0.96875167
2016-07-01,momentum,60,static,0.38909927,0.62345594
2016-07-05,momentum,60,static,0.5271096,0.54638326
2016-07-06,momentum,60,static,0.6909399,0.68940866
2016-07-07,momentum,60,static,0.54316026,0.71716124
2016-07-08,momentum,60,static,0.39168543,0.6194851
2016-07-11,momentum,60,static,0.43085355,0.4399484
2016-07-12,momentum,60,static,0.55996907,0.4017412
2016-07-13,momentum,60,static,0.3626339,0.4402374
2016-07-14,momentum,60,static,0.52163625,0.37752643
2016-07-15,momentum,60,static,0.33394295,0.43283364
2016-07-18,momentum,60,static,0.25285515,0.31712136
2016-07-19,momentum,60,static,0.26363385,0.23353568
2016-07-20,momentum,60,static,0.22623706,0.3015621
2016-07-21,momentum,60,static,0.33703706,0.4518521
2016-07-22,momentum,60,static,0.26453957,0.33553928
2016-07-25,momentum,60,static,0.32745013,0.3714366
2016-07-26,momentum,60,static,0.4504608,0.39082134
2016-07-27,momentum,60,static,0.47929594,0.45018452
2016-07-28,momentum,60,static,0.48954245,0.4110208
2016-07-29,momentum,60,static,0.40074202,0.4230277
2016-08-01,momentum,60,static,0.47042617,0.38030186
2016-08-02,momentum,60,static,0.49872777,0.6228471
2016-08-03,momentum,60,static,0.34358326,0.42389107
2016-08-04,momentum,60,static,0.33532026,0.40284577
2016-08-05,momentum,60,static,0.31091905,0.3650692
2016-08-08,momentum,60,static,0.23712878,0.2923277
2016-08-09,momentum,60,static,0.22695161,0.2547996
2016-08-10,momentum,60,static,0.32503176,0.37807703
2016-08-11,momentum,60,static,0.34140062,0.31293893
2016-08-12,momentum,60,static,0.22944413,0.316039
2016-08-15,momentum,60,static,0.19754723,0.26789385
2016-08-16,momentum,60,static,0.33974996,0.32590863
2016-08-17,momentum,60,static,0.40539417,0.43469757
2016-08-18,momentum,60,static,0.24817523,0.3419732
2016-08-19,momentum,60,static,0.37554857,0.35357624
2016-08-22,momentum,60,static,0.475301,0.3193092
2016-08-23,momentum,60,static,0.2574483,0.26177838
2016-08-24,momentum,60,static,0.3273195,0.46126956
2016-08-25,momentum,60,static,0.39211443,0.4033923
2016-08-26,momentum,60,static,0.61306006,0.7202747
2016-08-29,momentum,60,static,0.29325503,0.40052497
2016-08-30,momentum,60,static,0.37492514,0.39265242
2016-08-31,momentum,60,static,0.35626492,0.43280032
2016-09-01,momentum,60,static,0.49375284,0.48059362
2016-09-02,momentum,60,static,0.38300157,0.35544235
2016-09-06,momentum,60,static,0.32380646,0.3464036
2016-09-07,momentum,60,static,0.26698565,0.3091137
2016-09-08,momentum,60,static,0.295236,0.3164813
2016-09-09,momentum,60,static,0.6640978,1.1370257
2016-09-12,momentum,60,static,0.75248015,1.0360817
2016-09-13,momentum,60,static,0.9697019,0.8494525
2016-09-14,momentum,60,static,0.6843146,0.87481713
2016-09-15,momentum,60,static,0.61033237,0.8103159
2016-09-16,momentum,60,static,0.6537879,0.56740886
2016-09-19,momentum,60,static,0.49307507,0.63513744
2016-09-20,momentum,60,static,0.44174668,0.43483734
2016-09-21,momentum,60,static,0.5785162,0.6112982
2016-09-22,momentum,60,static,0.48172566,0.32337222
2016-09-23,momentum,60,static,0.34199423,0.4209767
2016-09-26,momentum,60,static,0.45899975,0.512219
2016-09-27,momentum,60,static,0.49639294,0.50449944
2016-09-28,momentum,60,static,0.4797414,0.5672669
2016-09-29,momentum,60,static,0.6804351,0.75464845
2016-09-30,momentum,60,static,0.5552424,0.540979
2016-10-03,momentum,60,static,0.4135641,0.43194246
2016-10-04,momentum,60,static,0.6580941,0.72366923
2016-10-05,momentum,60,static,0.35043132,0.40611225
2016-10-06,momentum,60,static,0.42119184,0.45404273
2016-10-07,momentum,60,static,0.52360094,0.62510383
2016-10-10,momentum,60,static,0.33505663,0.3544424
2016-10-11,momentum,60,static,0.58502275,0.8331188
2016-10-12,momentum,60,static,0.42785078,0.53305686
2016-10-13,momentum,60,static,0.6159226,0.6585006
2016-10-14,momentum,60,static,0.51454896,0.543918
2016-10-17,momentum,60,static,0.388395,0.46222737
2016-10-18,momentum,60,static,0.40812224,0.33306584
2016-10-19,momentum,60,static,0.27237856,0.42139888
2016-10-20,momentum,60,static,0.5416315,0.4213513
2016-10-21,momentum,60,static,0.45071933,0.4417088
2016-10-24,momentum,60,static,0.3396598,0.30905896
2016-10-25,momentum,60,static,0.3230628,0.346067
2016-10-26,momentum,60,static,0.47874448,0.46658963
2016-10-27,momentum,60,static,0.47765315,0.50789845
2016-10-28,momentum,60,static,0.7668376,0.6303166
2016-10-31,momentum,60,static,0.37488475,0.4254712
2016-11-01,momentum,60,static,0.59481734,0.92678756
2016-11-02,momentum,60,static,0.6631988,0.6488446
2016-11-03,momentum,60,static,0.42727923,0.6712896
2016-11-04,momentum,60,static,0.5628198,0.58652616
2016-11-07,momentum,60,static,0.7627505,0.67051524
2016-11-08,momentum,60,static,0.5622712,0.5499538
2016-11-09,momentum,60,static,1.1031107,0.8654117
2016-11-10,momentum,60,static,1.0612718,0.78952396
2016-11-11,momentum,60,static,0.5606707,0.5687512
2016-11-14,momentum,60,static,0.5229862,0.5630061
2016-11-15,momentum,60,static,0.333586,0.47510108
2016-11-16,momentum,60,static,0.38126916,0.40985355
2016-11-17,momentum,60,static,0.26126075,0.36556646
2016-11-18,momentum,60,static,0.30810797,0.32451296
2016-11-21,momentum,60,static,0.30425668,0.2978955
2016-11-22,momentum,60,static,0.29165444,0.33089107
2016-11-23,momentum,60,static,0.27391726,0.33941236
2016-11-25,momentum,60,static,0.14117526,0.18811442
2016-11-28,momentum,60,static,0.31178403,0.38884217
2016-11-29,momentum,60,static,0.30249256,0.38794953
2016-11-30,momentum,60,static,0.52931297,0.46025813
2016-12-01,momentum,60,static,0.46159232,0.50422996
2016-12-02,momentum,60,static,0.38240808,0.3877901
2016-12-05,momentum,60,static,0.2903845,0.29532105
2016-12-06,momentum,60,static,0.29767793,0.33973897
2016-12-07,momentum,60,static,0.47630528,0.555671
2016-12-08,momentum,60,static,0.4019448,0.34249133
2016-12-09,momentum,60,static,0.28978437,0.3006937
2016-12-12,momentum,60,static,0.3811413,0.3238181
2016-12-13,momentum,60,static,0.3899644,0.30071497
2016-12-14,momentum,60,static,0.88478786,0.6121987
2016-12-15,momentum,60,static,0.5356318,0.5444118
2016-12-16,momentum,60,static,0.4584412,0.5012081
2016-12-19,momentum,60,static,0.3088212,0.34332323
2016-12-20,momentum,60,static,0.28557837,0.2893237
2016-12-21,momentum,60,static,0.19543968,0.37329966
2016-12-22,momentum,60,static,0.25347435,0.33635157
2016-12-23,momentum,60,static,0.16153865,0.2228704
2016-12-27,momentum,60,static,0.23642814,0.29468971
2016-12-28,momentum,60,static,0.35201058,0.53217506
2016-12-29,momentum,60,static,0.34002835,0.40057576
2016-12-30,momentum,60,static,0.46942192,0.5832547
2017-01-03,momentum,60,static,0.594145,0.494565
2017-01-04,momentum,60,static,0.36411572,0.3094951
2017-01-05,momentum,60,static,0.3432904,0.3404479
2017-01-06,momentum,60,static,0.38690642,0.46301907
2017-01-09,momentum,60,static,0.28396055,0.31451067
2017-01-10,momentum,60,static,0.35444435,0.3816374
2017-01-11,momentum,60,static,0.5368475,0.4183703
2017-01-12,momentum,60,static,0.48731384,0.5010351
2017-01-13,momentum,60,static,0.2908495,0.31353265
2017-01-17,momentum,60,static,0.3088895,0.38767394
2017-01-18,momentum,60,static,0.3339955,0.3720507
2017-01-19,momentum,60,static,0.3924441,0.48801127
2017-01-20,momentum,60,static,0.45413977,0.37425458
2017-01-23,momentum,60,static,0.42793557,0.45008773
2017-01-24,momentum,60,static,0.2782493,0.3950134
2017-01-25,momentum,60,static,0.2939314,0.30523628
2017-01-26,momentum,60,static,0.29524434,0.3224842
2017-01-27,momentum,60,static,0.25688803,0.29237223
2017-01-30,momentum,60,static,0.4480785,0.46633416
2017-01-31,momentum,60,static,0.41373762,0.36355212
2017-02-01,momentum,60,static,0.45366064,0.5351635
2017-02-02,momentum,60,static,0.40195224,0.46576428
2017-02-03,momentum,60,static,0.283664,0.30577052
2017-02-06,momentum,60,static,0.2499499,0.32394284
2017-02-07,momentum,60,static,0.27561516,0.31300387
2017-02-08,momentum,60,static,0.34895328,0.3818993
2017-02-09,momentum,60,static,0.2515974,0.36087012
2017-02-10,momentum,60,static,0.21658345,0.24237126
2017-02-13,momentum,60,static,0.22174998,0.22238573
2017-02-14,momentum,60,static,0.32851064,0.28443366
2017-02-15,momentum,60,static,0.30146214,0.34788722
2017-02-16,momentum,60,static,0.47114024,0.35907823
2017-02-17,momentum,60,static,0.28547823,0.32966542
2017-02-21,momentum,60,static,0.33395022,0.29238033
2017-02-22,momentum,60,static,0.26277435,0.30172324
2017-02-23,momentum,60,static,0.32674277,0.3932645
2017-02-24,momentum,60,static,0.38533372,0.3927047
2017-02-27,momentum,60,static,0.28920838,0.28551012
2017-02-28,momentum,60,static,0.28566772,0.33530495
2017-03-01,momentum,60,static,0.37724862,0.3873319
2017-03-02,momentum,60,static,0.38693762,0.47393015
2017-03-03,momentum,60,static,0.31391922,0.31690606
2017-03-06,momentum,60,static,0.30584425,0.36353445
2017-03-07,momentum,60,static,0.3097548,0.3246222
2017-03-08,momentum,60,static,0.33642218,0.43708768
2017-03-09,momentum,60,static,0.34908712,0.47471958
2017-03-10,momentum,60,static,0.37227577,0.37792575
2017-03-13,momentum,60,static,0.23370558,0.26076943
2017-03-14,momentum,60,static,0.37985167,0.35296097
2017-03-15,momentum,60,static,0.42964405,0.4324808
2017-03-16,momentum,60,static,0.32268214,0.35758653
2017-03-17,momentum,60,static,0.2527071,0.2991252
2017-03-20,momentum,60,static,0.3469682,0.32710367
2017-03-21,momentum,60,static,0.6479568,0.8288897
2017-03-22,momentum,60,static,0.53609574,0.5503866
2017-03-23,momentum,60,static,0.51073444,0.5763893
2017-03-24,momentum,60,static,0.5062917,0.5722712
2017-03-27,momentum,60,static,0.47878888,0.5928265
2017-03-28,momentum,60,static,0.46616235,0.5670585
2017-03-29,momentum,60,static,0.32322234,0.4223074
2017-03-30,momentum,60,static,0.29983088,0.34560037
2017-03-31,momentum,60,static,0.3427317,0.3371653
2017-04-03,momentum,60,static,0.4936425,0.55978614
2017-04-04,momentum,60,static,0.36195233,0.33312395
2017-04-05,momentum,60,static,0.62132335,0.6554977
2017-04-06,momentum,60,static,0.5119221,0.5095195
2017-04-07,momentum,60,static,0.44955167,0.45838177
2017-04-10,momentum,60,static,0.48251557,0.4509509
2017-04-11,momentum,60,static,0.56331843,0.5094538
2017-04-12,momentum,60,static,0.47795957,0.43703443
2017-04-13,momentum,60,static,0.48874614,0.5704892
2017-04-17,momentum,60,static,0.3559204,0.4383786
2017-04-18,momentum,60,static,0.42907587,0.4517807
2017-04-19,momentum,60,static,0.36144882,0.52549696
2017-04-20,momentum,60,static,0.35535744,0.4367063
2017-04-21,momentum,60,static,0.3804392,0.41196185
2017-04-24,momentum,60,static,0.29089904,0.21190296
2017-04-25,momentum,60,static,0.26883623,0.2175175
2017-04-26,momentum,60,static,0.47160688,0.26223713
2017-04-27,momentum,60,static,0.32806417,0.25991452
2017-04-28,momentum,60,static,0.29768357,0.34966767
2017-05-01,momentum,60,static,0.2744441,0.2874903
2017-05-02,momentum,60,static,0.24161285,0.28317383
2017-05-03,momentum,60,static,0.28668654,0.3584816
2017-05-04,momentum,60,static,0.3698002,0.34698159
2017-05-05,momentum,60,static,0.2362615,0.2787877
2017-05-08,momentum,60,static,0.26360968,0.2457713
2017-05-09,momentum,60,static,0.25503057,0.33380234
2017-05-10,momentum,60,static,0.219145,0.27088028
2017-05-11,momentum,60,static,0.34043387,0.40419626
2017-05-12,momentum,60,static,0.23398432,0.25590062
2017-05-15,momentum,60,static,0.23430474,0.26996323
2017-05-16,momentum,60,static,0.27544153,0.29530963
2017-05-17,momentum,60,static,0.5703037,0.67970645
2017-05-18,momentum,60,static,0.65830266,0.66948444
2017-05-19,momentum,60,static,0.36662465,0.46432292
2017-05-22,momentum,60,static,0.2527961,0.31104916
2017-05-23,momentum,60,static,0.2305911,0.24802703
2017-05-24,momentum,60,static,0.22190331,0.24372706
2017-05-25,momentum,60,static,0.29225,0.26189095
2017-05-26,momentum,60,static,0.19085313,0.18513079
2017-05-30,momentum,60,static,0.20878863,0.2778821
2017-05-31,momentum,60,static,0.3800636,0.3231079
2017-06-01,momentum,60,static,0.2832896,0.36712447
2017-06-02,momentum,60,static,0.2677756,0.30165794
2017-06-05,momentum,60,static,0.21972047,0.23774627
2017-06-06,momentum,60,static,0.29198188,0.2795476
2017-06-07,momentum,60,static,0.29310003,0.2949291
2017-06-08,momentum,60,static,0.36013472,0.37459743
2017-06-09,momentum,60,static,0.59977084,0.6383978
2017-06-12,momentum,60,static,0.44649956,0.35181317
2017-06-13,momentum,60,static,0.28318912,0.28144205
2017-06-14,momentum,60,static,0.45206565,0.43472624
2017-06-15,momentum,60,static,0.40803006,0.44650725
2017-06-16,momentum,60,static,0.33470094,0.3428141
2017-06-19,momentum,60,static,0.24239998,0.28431717
2017-06-20,momentum,60,static,0.31976083,0.38219696
2017-06-21,momentum,60,static,0.35946548,0.41104996
2017-06-22,momentum,60,static,0.26895404,0.34125254
2017-06-23,momentum,60,static,0.28734648,0.29744714
2017-06-26,momentum,60,static,0.37642246,0.3495636
2017-06-27,momentum,60,static,0.44197375,0.5160971
2017-06-28,momentum,60,static,0.40407717,0.40641654
2017-06-29,momentum,60,static,0.69131154,0.79304695
2017-06-30,momentum,60,static,0.4383874,0.434182
2017-07-03,momentum,60,static,0.34075877,0.34678432
2017-07-05,momentum,60,static,0.34755653,0.4002985
2017-07-06,momentum,60,static,0.4471804,0.46335846
2017-07-07,momentum,60,static,0.30363896,0.3801353
2017-07-10,momentum,60,static,0.2508412,0.32103485
2017-07-11,momentum,60,static,0.45187214,0.4101644
2017-07-12,momentum,60,static,0.31362855,0.2923509
2017-07-13,momentum,60,static,0.21801908,0.30713835
2017-07-14,momentum,60,static,0.21768583,0.37875992
2017-07-17,momentum,60,static,0.17704883,0.22403984
2017-07-18,momentum,60,static,0.29776207,0.24766447
2017-07-19,momentum,60,static,0.1982659,0.23957632
2017-07-20,momentum,60,static,0.28558522,0.27973837
2017-07-21,momentum,60,static,0.21564952,0.2443061
2017-07-24,momentum,60,static,0.18798159,0.24834199
2017-07-25,momentum,60,static,0.1984781,0.18635364
2017-07-26,momentum,60,static,0.24174331,0.27210525
2017-07-27,momentum,60,static,0.51248944,0.526275
2017-07-28,momentum,60,static,0.27705154,0.3199166
2017-07-31,momentum,60,static,0.27641624,0.28244275
2017-08-01,momentum,60,static,0.26178157,0.24916203
2017-08-02,momentum,60,static,0.36391228,0.3889291
2017-08-03,momentum,60,static,0.26692617,0.31139752
2017-08-04,momentum,60,static,0.27783048,0.26460594
2017-08-07,momentum,60,static,0.13963027,0.20080474
2017-08-08,momentum,60,static,0.32645315,0.46502638
2017-08-09,momentum,60,static,0.42734796,0.38553512
2017-08-10,momentum,60,static,0.55393314,0.6869815
2017-08-11,momentum,60,static,0.40293288,0.4008966
2017-08-14,momentum,60,static,0.31971547,0.32158414
2017-08-15,momentum,60,static,0.27562705,0.28802645
2017-08-16,momentum,60,static,0.30988008,0.356789
2017-08-17,momentum,60,static,0.5666922,0.7899302
2017-08-18,momentum,60,static,0.53968716,0.5809041
2017-08-21,momentum,60,static,0.38028803,0.39565527
2017-08-22,momentum,60,static,0.3325575,0.48700592
2017-08-23,momentum,60,static,0.3348245,0.353302
2017-08-24,momentum,60,static,0.40814018,0.42179582
2017-08-25,momentum,60,static,0.35221168,0.3951789
2017-08-28,momentum,60,static,0.27280107,0.32211438
2017-08-29,momentum,60,static,0.30234662,0.46383047
2017-08-30,momentum,60,static,0.2819058,0.39551276
2017-08-31,momentum,60,static,0.2877491,0.2896366
2017-09-01,momentum,60,static,0.26101714,0.24245857
2017-09-05,momentum,60,static,0.58727425,0.5726627
2017-09-06,momentum,60,static,0.26823452,0.33611596
2017-09-07,momentum,60,static,0.34883288,0.36037183
2017-09-08,momentum,60,static,0.2621461,0.31295568
2017-09-11,momentum,60,static,0.27913767,0.30672538
2017-09-12,momentum,60,static,0.21457931,0.19204155
2017-09-13,momentum,60,static,0.18590152,0.21499038
2017-09-14,momentum,60,static,0.20491175,0.28428987
2017-09-15,momentum,60,static,0.1887011,0.20408478
2017-09-18,momentum,60,static,0.22692591,0.22285542
2017-09-19,momentum,60,static,0.20944732,0.17997518
2017-09-20,momentum,60,static,0.31940493,0.32421893
2017-09-21,momentum,60,static,0.27827996,0.30478355
2017-09-22,momentum,60,static,0.18659909,0.2522671
2017-09-25,momentum,60,static,0.3676814,0.37329933
2017-09-26,momentum,60,static,0.2561093,0.29140595
2017-09-27,momentum,60,static,0.33169076,0.40154582
2017-09-28,momentum,60,static,0.22696464,0.28811774
2017-09-29,momentum,60,static,0.22128515,0.28160667
2017-10-02,momentum,60,static,0.23387623,0.21669269
2017-10-03,momentum,60,static,0.20675358,0.16266061
2017-10-04,momentum,60,static,0.22618231,0.25422356
2017-10-05,momentum,60,static,0.20030746,0.25166017
2017-10-06,momentum,60,static,0.21610864,0.19985923
2017-10-09,momentum,60,static,0.19429979,0.27226117
2017-10-10,momentum,60,static,0.26796594,0.2531145
2017-10-11,momentum,60,static,0.18613364,0.2654115
2017-10-12,momentum,60,static,0.19867781,0.2877555
2017-10-13,momentum,60,static,0.18884645,0.22961819
2017-10-16,momentum,60,static,0.19695538,0.22026882
2017-10-17,momentum,60,static,0.15306546,0.19629645
2017-10-18,momentum,60,static,0.17568943,0.22761227
2017-10-19,momentum,60,static,0.2339386,0.33692694
2017-10-20,momentum,60,static,0.20694198,0.19906028
2017-10-23,momentum,60,static,0.22272433,0.33340198
2017-10-24,momentum,60,static,0.25207168,0.21215066
2017-10-25,momentum,60,static,0.46961364,0.4949545
2017-10-26,momentum,60,static,0.35269573,0.31010824
2017-10-27,momentum,60,static,0.35850155,0.360509
2017-10-30,momentum,60,static,0.31922522,0.33166927
2017-10-31,momentum,60,static,0.19606315,0.2353773
2017-11-01,momentum,60,static,0.31454226,0.36180604
2017-11-02,momentum,60,static,0.40128538,0.36539507
2017-11-03,momentum,60,static,0.21144944,0.3100093
2017-11-06,momentum,60,static,0.17564416,0.23035133
2017-11-07,momentum,60,static,0.28854704,0.30114836
2017-11-08,momentum,60,static,0.23774716,0.32128403
2017-11-09,momentum,60,static,0.526065,0.47346765
2017-11-10,momentum,60,static,0.26222998,0.32671157
2017-11-13,momentum,60,static,0.21883929,0.33854035
2017-11-14,momentum,60,static,0.43903223,0.35556334
2017-11-15,momentum,60,static,0.47249782,0.43140227
2017-11-16,momentum,60,static,0.2837501,0.44288576
2017-11-17,momentum,60,static,0.23335797,0.31971848
2017-11-20,momentum,60,static,0.21441275,0.23802353
2017-11-21,momentum,60,static,0.21939652,0.2455283
2017-11-22,momentum,60,static,0.16789111,0.24511172
2017-11-24,momentum,60,static,0.11036572,0.17020553
2017-11-27,momentum,60,static,0.2159171,0.22828332
2017-11-28,momentum,60,static,0.3324013,0.35337216
2017-11-29,momentum,60,static,0.40184885,0.31705588
2017-11-30,momentum,60,static,0.5227156,0.3965326
2017-12-01,momentum,60,static,0.9422593,0.9156612
2017-12-04,momentum,60,static,0.47601593,0.58409154
2017-12-05,momentum,60,static,0.40449536,0.5065276
2017-12-06,momentum,60,static,0.36108318,0.42509568
2017-12-07,momentum,60,static,0.29853413,0.44244978
2017-12-08,momentum,60,static,0.2675435,0.25988665
2017-12-11,momentum,60,static,0.25072107,0.26182824
2017-12-12,momentum,60,static,0.25566772,0.25122753
2017-12-13,momentum,60,static,0.34856224,0.28383863
2017-12-14,momentum,60,static,0.34134772,0.4204635
2017-12-15,momentum,60,static,0.35419786,0.38766456
2017-12-18,momentum,60,static,0.29062662,0.22747836
2017-12-19,momentum,60,static,0.29153484,0.36058033
2017-12-20,momentum,60,static,0.36737746,0.39584562
2017-12-21,momentum,60,static,0.2833372,0.34231448
2017-12-22,momentum,60,static,0.20979938,0.26826832
2017-12-26,momentum,60,static,0.17409478,0.26392853
2017-12-27,momentum,60,static,0.16462064,0.27373832
2017-12-28,momentum,60,static,0.12651087,0.26061717
2017-12-29,momentum,60,static,0.25891256,0.46491578
2018-01-02,momentum,60,static,0.25719547,0.27385625
2018-01-03,momentum,60,static,0.23913333,0.2770111
2018-01-04,momentum,60,static,0.27034327,0.21935353
2018-01-05,momentum,60,static,0.28086627,0.2744468
2018-01-08,momentum,60,static,0.24695022,0.21668641
2018-01-09,momentum,60,static,0.32538438,0.2121622
2018-01-10,momentum,60,static,0.34158424,0.33137542
2018-01-11,momentum,60,static,0.2641452,0.30152887
2018-01-12,momentum,60,static,0.32101947,0.33020985
2018-01-16,momentum,60,static,0.5631255,0.70967793
2018-01-17,momentum,60,static,0.41801283,0.45540264
2018-01-18,momentum,60,static,0.4627396,0.43481296
2018-01-19,momentum,60,static,0.35955313,0.32151663
2018-01-22,momentum,60,static,0.35159302,0.43538168
2018-01-23,momentum,60,static,0.32428712,0.283149
2018-01-24,momentum,60,static,0.6133342,0.51754415
2018-01-25,momentum,60,static,0.5513341,0.46546894
2018-01-26,momentum,60,static,0.3016971,0.48259225
2018-01-29,momentum,60,static,0.47275123,0.44820082
2018-01-30,momentum,60,static,0.5910142,0.5403842
2018-01-31,momentum,60,static,0.57198584,0.65135264
2018-02-01,momentum,60,static,0.578092,0.6204994
2018-02-02,momentum,60,static,0.83759016,1.0445658
2018-02-05,momentum,60,static,2.1334946,2.622624
2018-02-06,momentum,60,static,2.57917,2.4237714
2018-02-07,momentum,60,static,1.4043378,1.5218533
2018-02-08,momentum,60,static,1.9079525,2.4089804
2018-02-09,momentum,60,static,2.5284789,2.430275
2018-02-12,momentum,60,static,1.2879539,1.4431174
2018-02-13,momentum,60,static,0.8434238,0.9020926
2018-02-14,momentum,60,static,0.99494874,1.0448939
2018-02-15,momentum,60,static,0.85762036,0.91523904
2018-02-16,momentum,60,static,0.8491882,0.85001945
2018-02-20,momentum,60,static,0.760702,0.7769121
2018-02-21,momentum,60,static,0.87965596,1.1244273
2018-02-22,momentum,60,static,0.98245054,1.0199997
2018-02-23,momentum,60,static,0.6561958,0.5932873
2018-02-26,momentum,60,static,0.55855775,0.54249185
2018-02-27,momentum,60,static,0.8954676,1.081255
2018-02-28,momentum,60,static,0.8766346,1.0476725
2018-03-01,momentum,60,static,1.5348746,1.6288913
2018-03-02,momentum,60,static,1.0910013,1.2512108
2018-03-05,momentum,60,static,0.7670684,1.090991
2018-03-06,momentum,60,static,0.67816013,0.75547916
2018-03-07,momentum,60,static,0.68535495,0.7551631
2018-03-08,momentum,60,static,0.65897363,0.5075069
2018-03-09,momentum,60,static,0.37841392,0.5977618
2018-03-12,momentum,60,static,0.53291535,0.5027947
2018-03-13,momentum,60,static,0.7008095,0.8836565
2018-03-14,momentum,60,static,0.8121773,0.68763757
2018-03-15,momentum,60,static,0.5429507,0.73308027
2018-03-16,momentum,60,static,0.43193814,0.47540152
2018-03-19,momentum,60,static,0.79543597,1.0384161
2018-03-20,momentum,60,static,0.57961816,0.5358006
2018-03-21,momentum,60,static,0.7872107,0.71080524
2018-03-22,momentum,60,static,1.0711269,1.298294
2018-03-23,momentum,60,static,1.2426462,1.6629269
2018-03-26,momentum,60,static,1.1403674,1.1945812
2018-03-27,momentum,60,static,1.3287451,1.6316364
2018-03-28,momentum,60,static,1.6397233,1.3425645
2018-03-29,momentum,60,static,0.98090833,1.3316106
2018-04-02,momentum,60,static,1.3223577,1.6779145
2018-04-03,momentum,60,static,1.3373339,1.1313435
2018-04-04,momentum,60,static,1.1438495,1.6440192
2018-04-05,momentum,60,static,0.9285607,0.7059755
2018-04-06,momentum,60,static,1.1584303,1.6807878
2018-04-09,momentum,60,static,0.8719894,1.1242261
2018-04-10,momentum,60,static,1.0520451,0.7580819
2018-04-11,momentum,60,static,0.86806107,0.8038765
2018-04-12,momentum,60,static,0.7068662,0.68813497
2018-04-13,momentum,60,static,0.78899884,1.0021353
2018-04-16,momentum,60,static,0.56407565,0.61063105
2018-04-17,momentum,60,static,0.4062032,0.58686256
2018-04-18,momentum,60,static,0.47526693,0.5132619
2018-04-19,momentum,60,static,0.6005024,0.61397046
2018-04-20,momentum,60,static,0.7222591,0.8222549
2018-04-23,momentum,60,static,0.6041502,0.6653618
2018-04-24,momentum,60,static,1.1863954,1.316688
2018-04-25,momentum,60,static,1.0028121,0.9431838
2018-04-26,momentum,60,static,0.6151542,0.826442
2018-04-27,momentum,60,static,0.5787579,0.59236264
2018-04-30,momentum,60,static,0.6815625,0.87834674
2018-05-01,momentum,60,static,0.68900275,0.73593
2018-05-02,momentum,60,static,0.69195116,0.72137046
2018-05-03,momentum,60,static,1.0050013,0.971861
2018-05-04,momentum,60,static,0.66810656,1.1283311
2018-05-07,momentum,60,static,0.52447784,0.56599987
2018-05-08,momentum,60,static,0.67264074,0.6579361
2018-05-09,momentum,60,static,0.54460335,0.5316881
2018-05-10,momentum,60,static,0.44842497,0.4851899
2018-05-11,momentum,60,static,0.4540644,0.48090303
2018-05-14,momentum,60,static,0.43788758,0.45961267
2018-05-15,momentum,60,static,0.62762845,0.49741697
2018-05-16,momentum,60,static,0.40248987,0.47001547
2018-05-17,momentum,60,static,0.44504035,0.54606134
2018-05-18,momentum,60,static,0.46123347,0.40771472
2018-05-21,momentum,60,static,0.5162334,0.31264544
2018-05-22,momentum,60,static,0.37705407,0.53249663
2018-05-23,momentum,60,static,0.5340638,0.49271926
2018-05-24,momentum,60,static,0.5723244,0.5926651
2018-05-25,momentum,60,static,0.4024551,0.44397354
2018-05-29,momentum,60,static,0.7598915,0.7525951
2018-05-30,momentum,60,static,0.46071026,0.558918
2018-05-31,momentum,60,static,0.63269466,0.5440044
2018-06-01,momentum,60,static,0.44826815,0.49437982
2018-06-04,momentum,60,static,0.3107288,0.2060006
2018-06-05,momentum,60,static,0.40157136,0.36288255
2018-06-06,momentum,60,static,0.38857004,0.4284229
2018-06-07,momentum,60,static,0.54338586,0.40438318
2018-06-08,momentum,60,static,0.3615654,0.39105856
2018-06-11,momentum,60,static,0.2741956,0.33543736
2018-06-12,momentum,60,static,0.29102886,0.3208661
2018-06-13,momentum,60,static,0.41145262,0.44289625
2018-06-14,momentum,60,static,0.33484274,0.35861945
2018-06-15,momentum,60,static,0.50510544,0.45316178
2018-06-18,momentum,60,static,0.45607635,0.43059158
2018-06-19,momentum,60,static,0.4644146,0.5272211
2018-06-20,momentum,60,static,0.2830361,0.39856654
2018-06-21,momentum,60,static,0.5510257,0.582042
2018-06-22,momentum,60,static,0.3907091,0.38508418
2018-06-25,momentum,60,static,0.90794116,0.869927
2018-06-26,momentum,60,static,0.53841484,0.48663175
2018-06-27,momentum,60,static,0.86154354,0.90547234
2018-06-28,momentum,60,static,0.7607878,0.76807785
2018-06-29,momentum,60,static,0.49756324,0.70257664
2018-07-02,momentum,60,static,0.62224627,0.67640877
2018-07-03,momentum,60,static,0.37678552,0.62617195
2018-07-05,momentum,60,static,0.5331748,0.5327294
2018-07-06,momentum,60,static,0.47719353,0.5519153
2018-07-09,momentum,60,static,0.33211043,0.31961897
2018-07-10,momentum,60,static,0.3378377,0.24076131
2018-07-11,momentum,60,static,0.44071195,0.43712282
2018-07-12,momentum,60,static,0.4066296,0.37026125
2018-07-13,momentum,60,static,0.30671635,0.357815
2018-07-16,momentum,60,static,0.30701137,0.32362762
2018-07-17,momentum,60,static,0.3502095,0.46476224
2018-07-18,momentum,60,static,0.24477342,0.3345692
2018-07-19,momentum,60,static,0.3923393,0.39119455
2018-07-20,momentum,60,static,0.30862412,0.34562844
2018-07-24,momentum,60,static,0.45985803,0.40824184
2018-07-25,momentum,60,static,0.46678847,0.5002452
2018-07-26,momentum,60,static,0.34546074,0.35951126
2018-07-27,momentum,60,static,0.5538758,0.68411535
2018-07-30,momentum,60,static,0.510169,0.5355695
2018-07-31,momentum,60,static,0.43861365,0.41991806
2018-08-01,momentum,60,static,0.3444201,0.52495265
2018-08-02,momentum,60,static,0.37689298,0.62158686
2018-08-03,momentum,60,static,0.30071822,0.31377327
2018-08-06,momentum,60,static,0.2628695,0.3667958
2018-08-07,momentum,60,static,0.2995877,0.24780485
2018-08-08,momentum,60,static,0.27616307,0.29688138
2018-08-09,momentum,60,static,0.27439108,0.31412375
2018-08-10,momentum,60,static,0.47827658,0.43619722
2018-08-13,momentum,60,static,0.5069188,0.53974354
2018-08-14,momentum,60,static,0.4217271,0.40278006
2018-08-15,momentum,60,static,0.6703356,0.578655
2018-08-16,momentum,60,static,0.40460682,0.45675847
2018-08-17,momentum,60,static,0.41838735,0.44625136
2018-08-20,momentum,60,static,0.28990716,0.28909034
2018-08-21,momentum,60,static,0.29925922,0.29282627
2018-08-22,momentum,60,static,0.3138016,0.341614
2018-08-23,momentum,60,static,0.35846165,0.38367385
2018-08-24,momentum,60,static,0.29628715,0.2873044
2018-08-27,momentum,60,static,0.29306993,0.2397124
2018-08-28,momentum,60,static,0.3056651,0.26373076
2018-08-29,momentum,60,static,0.25944954,0.34541947
2018-08-30,momentum,60,static,0.44833794,0.41279876
2018-08-31,momentum,60,static,0.38591444,0.36886907
2018-09-04,momentum,60,static,0.48069385,0.40769243
2018-09-05,momentum,60,static,0.59206116,0.43661904
2018-09-06,momentum,60,static,0.5906903,0.5840062
2018-09-07,momentum,60,static,0.6175907,0.5476734
2018-09-10,momentum,60,static,0.320564,0.36878118
2018-09-11,momentum,60,static,0.38368094,0.5074588
2018-09-12,momentum,60,static,0.49884433,0.4091365
2018-09-13,momentum,60,static,0.35673806,0.31293976
2018-09-14,momentum,60,static,0.35717893,0.31788176
2018-09-17,momentum,60,static,0.29021525,0.44024673
2018-09-18,momentum,60,static,0.37742603,0.3915295
2018-09-19,momentum,60,static,0.32610697,0.30206138
2018-09-20,momentum,60,static,0.28829974,0.3116281
2018-09-21,momentum,60,static,0.26033905,0.30403668
2018-09-24,momentum,60,static,0.33471453,0.32266414
2018-09-25,momentum,60,static,0.28322122,0.33343065
2018-09-26,momentum,60,static,0.48724553,0.577091
2018-09-27,momentum,60,static,0.3121516,0.47474542
2018-09-28,momentum,60,static,0.34141544,0.3772177
2018-10-01,momentum,60,static,0.35244173,0.39675722
2018-10-02,momentum,60,static,0.39735577,0.33368883
2018-10-03,momentum,60,static,0.40135336,0.4369188
2018-10-04,momentum,60,static,0.664307,0.7032757
2018-10-05,momentum,60,static,0.6507703,0.8660881
2018-10-08,momentum,60,static,0.66267294,0.63188976
2018-10-09,momentum,60,static,0.6490384,0.5750474
2018-10-10,momentum,60,static,1.2177911,1.8385537
2018-10-11,momentum,60,static,1.9543244,1.7659341
2018-10-12,momentum,60,static,1.407621,1.3020701
2018-10-15,momentum,60,static,0.8860246,0.9844353
2018-10-16,momentum,60,static,0.67992,1.0678455
2018-10-17,momentum,60,static,1.0294368,0.82737756
2018-10-18,momentum,60,static,1.1210793,1.0434263
2018-10-19,momentum,60,static,0.93846554,0.9920232
2018-10-22,momentum,60,static,0.94134355,0.9115218
2018-10-23,momentum,60,static,1.1342305,1.540552
2018-10-24,momentum,60,static,1.3328379,1.9432529
2018-10-25,momentum,60,static,1.0052441,1.3003477
2018-10-26,momentum,60,static,1.7948383,1.7957579
2018-10-29,momentum,60,static,1.7380347,2.518159
2018-10-30,momentum,60,static,1.5392501,1.2843431
2018-10-31,momentum,60,static,0.90927184,1.0403296
2018-11-01,momentum,60,static,0.832247,0.7912732
2018-11-02,momentum,60,static,1.2750683,1.2775685
2018-11-05,momentum,60,static,0.5938045,0.69560146
2018-11-06,momentum,60,static,0.60826856,0.64049613
2018-11-07,momentum,60,static,0.63887936,0.7680532
2018-11-08,momentum,60,static,0.66809964,0.5376823
2018-11-09,momentum,60,static,0.7428415,0.8754891
2018-11-12,momentum,60,static,0.9620618,1.1500695
2018-11-13,momentum,60,static,1.2956188,1.035755
2018-11-14,momentum,60,static,1.1310673,1.4374837
2018-11-15,momentum,60,static,1.3653269,1.4305831
2018-11-16,momentum,60,static,0.90452963,1.0319449
2018-11-19,momentum,60,static,1.0724597,1.3011558
2018-11-20,momentum,60,static,1.3623072,1.1867862
2018-11-21,momentum,60,static,0.610116,0.9350301
2018-11-23,momentum,60,static,0.509249,0.83749795
2018-11-26,momentum,60,static,0.73741895,0.7353288
2018-11-27,momentum,60,static,0.7982913,0.7202362
2018-11-28,momentum,60,static,0.9434499,0.9555549
2018-11-29,momentum,60,static,0.67562723,0.6958304
2018-11-30,momentum,60,static,0.5261072,0.60178787
2018-12-03,momentum,60,static,0.8151037,0.55098766
2018-12-04,momentum,60,static,1.17999,2.037174
2018-12-06,momentum,60,static,1.5504341,1.7871562
2018-12-07,momentum,60,static,1.5898981,1.9856957
2018-12-10,momentum,60,static,1.7373624,1.8246608
2018-12-11,momentum,60,static,1.2821363,1.4936574
2018-12-12,momentum,60,static,0.9634396,1.1066816
2018-12-13,momentum,60,static,1.0447652,0.9992671
2018-12-14,momentum,60,static,1.0472836,1.2911044
2018-12-17,momentum,60,static,1.2297033,1.6389256
2018-12-18,momentum,60,static,1.2986133,1.4313048
2018-12-19,momentum,60,static,2.5571506,2.2460866
2018-12-20,momentum,60,static,2.004698,2.176258
2018-12-21,momentum,60,static,1.8774447,2.909987
2018-12-24,momentum,60,static,1.503497,2.2421484
2018-12-26,momentum,60,static,2.044049,2.477481
2018-12-27,momentum,60,static,2.1549852,2.2291126
2018-12-28,momentum,60,static,1.4510945,1.434132
2018-12-31,momentum,60,static,1.1217207,1.1511374
2019-01-02,momentum,60,static,1.2916089,1.3874828
2019-01-03,momentum,60,static,1.6084507,1.534671
2019-01-04,momentum,60,static,1.2826867,1.2642816
2019-01-07,momentum,60,static,0.8961574,1.0659556
2019-01-08,momentum,60,static,1.0259848,0.76848584
2019-01-09,momentum,60,static,0.88327736,0.90025073
2019-01-10,momentum,60,static,0.8057568,1.0478882
2019-01-11,momentum,60,static,0.5889307,0.72476935
2019-01-14,momentum,60,static,0.63999677,0.65126157
2019-01-15,momentum,60,static,0.730756,0.7212189
2019-01-16,momentum,60,static,0.5263264,0.6688494
2019-01-17,momentum,60,static,0.7677084,0.87205744
2019-01-18,momentum,60,static,0.6335943,0.5924015
2019-01-22,momentum,60,static,0.93704396,0.97090757
2019-01-23,momentum,60,static,0.81198853,1.0198805
2019-01-24,momentum,60,static,0.57189655,0.78528976
2019-01-25,momentum,60,static,0.4743837,0.6066965
2019-01-28,momentum,60,static,0.7882829,0.6506065
2019-01-29,momentum,60,static,0.60521954,0.71623075
2019-01-30,momentum,60,static,0.8665881,0.7797013
2019-01-31,momentum,60,static,0.6442116,0.6612283
2019-02-01,momentum,60,static,0.6480257,0.6305264
2019-02-04,momentum,60,static,0.50074315,0.6466259
2019-02-05,momentum,60,static,0.42103773,0.4247538
2019-02-06,momentum,60,static,0.45855734,0.44063067
2019-02-07,momentum,60,static,0.8123491,0.7098499
2019-02-08,momentum,60,static,0.5737097,0.7821896
2019-02-11,momentum,60,static,0.5052937,0.47447124
2019-02-12,momentum,60,static,0.4535485,0.5591729
2019-02-13,momentum,60,static,0.44447577,0.45325992
2019-02-14,momentum,60,static,0.66549194,0.5974653
2019-02-15,momentum,60,static,0.4551266,0.42564604
2019-02-19,momentum,60,static,0.34569603,0.5487931
2019-02-20,momentum,60,static,0.50145215,0.43482232
2019-02-21,momentum,60,static,0.47668287,0.4865901
2019-02-22,momentum,60,static,0.38043973,0.36280906
2019-02-25,momentum,60,static,0.39038387,0.4560169
2019-02-26,momentum,60,static,0.5142023,0.44027385
2019-02-27,momentum,60,static,0.47998968,0.5088075
2019-02-28,momentum,60,static,0.3938471,0.4255939
2019-03-01,momentum,60,static,0.4912823,0.4703005
2019-03-04,momentum,60,static,0.7707261,0.9032133
2019-03-05,momentum,60,static,0.49229854,0.43689036
2019-03-06,momentum,60,static,0.5115445,0.5736286
2019-03-07,momentum,60,static,0.6930191,0.62157106
2019-03-08,momentum,60,static,0.7230079,0.6541904
2019-03-11,momentum,60,static,0.43548155,0.70890355
2019-03-12,momentum,60,static,0.46117103,0.36736128
2019-03-13,momentum,60,static,0.42001438,0.4873358
2019-03-14,momentum,60,static,0.36421308,0.3817463
2019-03-15,momentum,60,static,0.42215744,0.4696259
2019-03-18,momentum,60,static,0.4234672,0.35955232
2019-03-19,momentum,60,static,0.70058376,0.59670335
2019-03-20,momentum,60,static,0.7935641,0.6867058
2019-03-21,momentum,60,static,0.5187143,0.78436977
2019-03-22,momentum,60,static,0.93281454,0.9497142
2019-03-25,momentum,60,static,0.8673984,0.70966995
2019-03-26,momentum,60,static,0.6736325,0.75230426
2019-03-27,momentum,60,static,0.7458824,0.9190577
2019-03-28,momentum,60,static,0.5232804,0.631636
2019-03-29,momentum,60,static,0.48601383,0.49472487
2019-04-01,momentum,60,static,0.44750884,0.44786075
2019-04-02,momentum,60,static,0.36200863,0.43109027
2019-04-03,momentum,60,static,0.41066626,0.48174492
2019-04-04,momentum,60,static,0.44446576,0.41017377
2019-04-05,momentum,60,static,0.3059298,0.3514351
2019-04-08,momentum,60,static,0.31612223,0.40781987
2019-04-09,momentum,60,static,0.4739427,0.48577845
2019-04-10,momentum,60,static,0.31667304,0.39335006
2019-04-11,momentum,60,static,0.35377553,0.3935063
2019-04-12,momentum,60,static,0.34376565,0.34666127
2019-04-15,momentum,60,static,0.26486588,0.3402945
2019-04-16,momentum,60,static,0.32444918,0.35868979
2019-04-17,momentum,60,static,0.41599676,0.54942757
2019-04-18,momentum,60,static,0.3621874,0.4347468
2019-04-22,momentum,60,static,0.25911576,0.35735342
2019-04-23,momentum,60,static,0.3684595,0.4852805
2019-04-24,momentum,60,static,0.32863712,0.3564784
2019-04-25,momentum,60,static,0.53873265,0.45678625
2019-04-26,momentum,60,static,0.39334804,0.47638044
2019-04-29,momentum,60,static,0.23422383,0.28564957
2019-04-30,momentum,60,static,0.4191312,0.4455051
2019-05-01,momentum,60,static,0.5829195,0.5840825
2019-05-02,momentum,60,static,0.66348076,0.70808834
2019-05-03,momentum,60,static,0.35492235,0.44992465
2019-05-06,momentum,60,static,0.519212,0.7614167
2019-05-07,momentum,60,static,1.015972,0.9201282
2019-05-08,momentum,60,static,0.6873363,0.7136953
2019-05-09,momentum,60,static,1.0024401,0.8907614
2019-05-10,momentum,60,static,1.0317684,1.3626318
2019-05-13,momentum,60,static,0.9969347,1.0879931
2019-05-14,momentum,60,static,0.72523475,1.037243
2019-05-15,momentum,60,static,0.7129424,0.94761884
2019-05-16,momentum,60,static,0.54267865,0.64420307
2019-05-17,momentum,60,static,0.7289981,0.74890196
2019-05-20,momentum,60,static,0.6784614,0.65046716
2019-05-21,momentum,60,static,0.415755,0.4204045
2019-05-22,momentum,60,static,0.44107497,0.5186504
2019-05-23,momentum,60,static,0.77697974,0.71868616
2019-05-24,momentum,60,static,0.52783793,0.60152143
2019-05-28,momentum,60,static,0.538577,0.84766567
2019-05-29,momentum,60,static,0.84174484,0.8916126
2019-05-30,momentum,60,static,0.5976587,0.781017
2019-05-31,momentum,60,static,0.67879814,0.5966706
2019-06-03,momentum,60,static,0.96599436,1.0048836
2019-06-04,momentum,60,static,0.65408516,0.7666671
2019-06-05,momentum,60,static,0.6356116,0.5525172
2019-06-06,momentum,60,static,0.60261893,0.6544868
2019-06-07,momentum,60,static,0.585112,0.5122551
2019-06-10,momentum,60,static,0.54306006,0.4301247
2019-06-11,momentum,60,static,0.5907643,0.6645531
2019-06-12,momentum,60,static,0.42591473,0.50719213
2019-06-13,momentum,60,static,0.51799214,0.38986304
2019-06-14,momentum,60,static,0.43729764,0.44035953
2019-06-17,momentum,60,static,0.27199733,0.38028544
2019-06-18,momentum,60,static,0.6067126,0.42473698
2019-06-19,momentum,60,static,0.5666375,0.42616737
2019-06-20,momentum,60,static,0.52097017,0.40913504
2019-06-21,momentum,60,static,0.41476467,0.45412272
2019-06-25,momentum,60,static,0.53605384,0.73248804
2019-06-26,momentum,60,static,0.45854813,0.5100313
2019-06-27,momentum,60,static,0.36200416,0.41770926
2019-06-28,momentum,60,static,0.31533444,0.35659775
2019-07-01,momentum,60,static,0.49275002,0.38902825
2019-07-02,momentum,60,static,0.48454106,0.34739232
2019-07-03,momentum,60,static,0.21672672,0.36036795
2019-07-05,momentum,60,static,0.46708447,0.4958285
2019-07-08,momentum,60,static,0.37689027,0.3745398
2019-07-09,momentum,60,static,0.27294225,0.41170013
2019-07-10,momentum,60,static,0.4559697,0.3369735
2019-07-11,momentum,60,static,0.3169631,0.32703584
2019-07-12,momentum,60,static,0.22721192,0.30982965
2019-07-15,momentum,60,static,0.27931854,0.22287461
2019-07-16,momentum,60,static,0.33484223,0.37073088
2019-07-17,momentum,60,static,0.38507593,0.47333312
2019-07-18,momentum,60,static,0.39525008,0.47967792
2019-07-19,momentum,60,static,0.50121135,0.6371663
2019-07-22,momentum,60,static,0.4025482,0.3793106
2019-07-23,momentum,60,static,0.37862617,0.36428708
2019-07-24,momentum,60,static,0.2958664,0.3888352
2019-07-25,momentum,60,static,0.48138186,0.3936711
2019-07-26,momentum,60,static,0.24684747,0.31604558
2019-07-29,momentum,60,static,0.27916336,0.30974352
2019-07-30,momentum,60,static,0.41136706,0.37171656
2019-07-31,momentum,60,static,0.8570504,0.91982675
2019-08-01,momentum,60,static,1.413018,1.2378615
2019-08-02,momentum,60,static,0.8658583,0.91671616
2019-08-05,momentum,60,static,1.2163235,1.5912654
2019-08-06,momentum,60,static,1.0095519,1.0750886
2019-08-07,momentum,60,static,1.3404863,1.3937851
2019-08-08,momentum,60,static,0.6005271,0.87150764
2019-08-09,momentum,60,static,0.8878992,0.92789006
2019-08-12,momentum,60,static,0.72299427,0.890734
2019-08-13,momentum,60,static,1.4477358,1.0906825
2019-08-14,momentum,60,static,1.1394889,1.5560567
2019-08-15,momentum,60,static,0.97321457,1.0320635
2019-08-16,momentum,60,static,0.68545794,1.0225317
2019-08-19,momentum,60,static,0.47247893,0.51770276
2019-08-20,momentum,60,static,0.5818361,0.7433987
2019-08-21,momentum,60,static,0.36497563,0.39017755
2019-08-22,momentum,60,static,0.7187853,0.6912601
2019-08-23,momentum,60,static,1.5231749,1.5150114
2019-08-26,momentum,60,static,0.7526459,0.7491068
2019-08-27,momentum,60,static,0.7449224,1.022775
2019-08-28,momentum,60,static,0.6243859,0.81848127
2019-08-29,momentum,60,static,0.65441364,0.6714295
2019-08-30,momentum,60,static,0.56218755,0.70589644
2019-09-03,momentum,60,static,0.78602874,0.6313423
2019-09-04,momentum,60,static,0.3558061,0.50612175
2019-09-05,momentum,60,static,0.46335065,0.471173
2019-09-06,momentum,60,static,0.39113587,0.35809767
2019-09-09,momentum,60,static,0.36566535,0.41173843
2019-09-10,momentum,60,static,0.62653464,0.47806102
2019-09-11,momentum,60,static,0.38890582,0.5095738
2019-09-12,momentum,60,static,0.5744845,0.4366719
2019-09-13,momentum,60,static,0.38585904,0.39292097
2019-09-16,momentum,60,static,0.37983516,0.353813
2019-09-17,momentum,60,static,0.31243888,0.3568283
2019-09-18,momentum,60,static,0.59479177,0.5495626
2019-09-19,momentum,60,static,0.4269109,0.46342117
2019-09-20,momentum,60,static,0.76599157,0.6470566
2019-09-23,momentum,60,static,0.37500808,0.43324846
2019-09-24,momentum,60,static,0.96183157,0.90449834
2019-09-25,momentum,60,static,0.49840924,0.7726668
2019-09-26,momentum,60,static,0.62600714,0.57164073
2019-09-27,momentum,60,static,0.8431996,0.8657304
2019-09-30,momentum,60,static,0.39300886,0.45264298
2019-10-01,momentum,60,static,0.82772815,0.98968506
2019-10-02,momentum,60,static,0.8557239,1.0771962
2019-10-03,momentum,60,static,1.1748741,1.1717349
2019-10-04,momentum,60,static,0.49482566,0.8051286
2019-10-07,momentum,60,static,0.6225671,0.7365955
2019-10-08,momentum,60,static,0.84250855,0.8246701
2019-10-09,momentum,60,static,0.6158033,0.5935772
2019-10-10,momentum,60,static,0.7101426,0.67063046
2019-10-11,momentum,60,static,0.700886,0.6456647
2019-10-14,momentum,60,static,0.396464,0.36827177
2019-10-15,momentum,60,static,0.40729916,0.47725153
2019-10-16,momentum,60,static,0.33448914,0.41086972
2019-10-17,momentum,60,static,0.42123458,0.38591966
2019-10-18,momentum,60,static,0.49201992,0.5470554
2019-10-21,momentum,60,static,0.28220996,0.32255185
2019-10-22,momentum,60,static,0.3873415,0.48665792
2019-10-23,momentum,60,static,0.3241593,0.39863467
2019-10-24,momentum,60,static,0.39532715,0.3836559
2019-10-25,momentum,60,static,0.3670015,0.44753915
2019-10-28,momentum,60,static,0.34164682,0.24969122
2019-10-29,momentum,60,static,0.3534293,0.3421632
2019-10-30,momentum,60,static,0.4209127,0.37241367
2019-10-31,momentum,60,static,0.58050346,0.48690206
2019-11-01,momentum,60,static,0.33467627,0.33616346
2019-11-04,momentum,60,static,0.30109015,0.23903888
2019-11-05,momentum,60,static,0.3071445,0.3460986
2019-11-06,momentum,60,static,0.36966428,0.34225994
2019-11-07,momentum,60,static,0.45629695,0.3680269
2019-11-08,momentum,60,static,0.3335788,0.4045462
2019-11-11,momentum,60,static,0.20900644,0.3456319
2019-11-12,momentum,60,static,0.33374357,0.36959457
2019-11-13,momentum,60,static,0.39428484,0.41929045
2019-11-14,momentum,60,static,0.31895727,0.39505702
2019-11-15,momentum,60,static,0.25014853,0.307388
2019-11-19,momentum,60,static,0.34028348,0.33111143
2019-11-20,momentum,60,static,0.530192,0.49325126
2019-11-21,momentum,60,static,0.43375245,0.44202745
2019-11-22,momentum,60,static,0.30828884,0.3838218
2019-11-25,momentum,60,static,0.28988016,0.3213845
2019-11-26,momentum,60,static,0.24163394,0.28033262
2019-11-27,momentum,60,static,0.17377497,0.2682057
2019-11-29,momentum,60,static,0.20161061,0.316569
2019-12-02,momentum,60,static,0.6143428,0.6694975
2019-12-03,momentum,60,static,0.6685485,0.575137
2019-12-04,momentum,60,static,0.3678156,0.4570693
2019-12-05,momentum,60,static,0.4083799,0.43432838
2019-12-06,momentum,60,static,0.31428805,0.33859247
2019-12-09,momentum,60,static,0.2446123,0.33167034
2019-12-10,momentum,60,static,0.45085213,0.3613525
2019-12-11,momentum,60,static,0.28965053,0.2969477
2019-12-12,momentum,60,static,0.90730995,0.5173707
2019-12-13,momentum,60,static,0.67179954,0.51952577
2019-12-17,momentum,60,static,0.23530492,0.23108472
2019-12-18,momentum,60,static,0.27269506,0.27117366
2019-12-19,momentum,60,static,0.27776897,0.3289073
2019-12-20,momentum,60,static,0.21704257,0.25961825
2019-12-23,momentum,60,static,0.14169253,0.17603117
2019-12-24,momentum,60,static,0.14038545,0.20234087
2019-12-26,momentum,60,static,0.20108193,0.24319625
2019-12-27,momentum,60,static,0.283703,0.31156152
2019-12-30,momentum,60,static,0.4683421,0.45027307
2019-12-31,momentum,60,static,0.31708115,0.3849445
2014-01-08,extended,252,static,0.5049092,0.30712917
2014-01-09,extended,252,static,0.44792023,0.3648347
2014-01-10,extended,252,static,0.41781142,0.2972422
2014-01-13,extended,252,static,0.47251758,0.73362625
2014-01-14,extended,252,static,0.49484262,0.47160873
2014-01-15,extended,252,static,0.389796,0.34952718
2014-01-16,extended,252,static,0.3719646,0.29821742
2014-01-17,extended,252,static,0.36259443,0.40953556
2014-01-21,extended,252,static,0.6656816,0.44234636
2014-01-22,extended,252,static,0.31373873,0.29284987
2014-01-23,extended,252,static,0.71243316,0.7042269
2014-01-24,extended,252,static,0.9068204,0.9330383
2014-01-27,extended,252,static,0.81133616,0.8565033
2014-01-28,extended,252,static,0.5316145,0.51506203
2014-01-29,extended,252,static,1.0421811,0.7289619
2014-01-30,extended,252,static,0.78014624,0.8289783
2014-01-31,extended,252,static,1.1046423,0.72455335
2014-02-03,extended,252,static,0.9668377,1.2483991
2014-02-04,extended,252,static,0.819945,0.55244815
2014-02-05,extended,252,static,0.9269459,0.7364294
2014-02-06,extended,252,static,0.5575153,0.6311333
2014-02-07,extended,252,static,0.65374666,0.83221084
2014-02-10,extended,252,static,0.31248182,0.38819015
2014-02-11,extended,252,static,0.41629142,0.5174721
2014-02-12,extended,252,static,0.45831323,0.26636714
2014-02-13,extended,252,static,0.49265444,0.41246668
2014-02-14,extended,252,static,0.38318944,0.51002866
2014-02-18,extended,252,static,0.3537131,0.34557799
2014-02-19,extended,252,static,0.54439,0.5552283
2014-02-20,extended,252,static,0.51263076,0.53002834
2014-02-21,extended,252,static,0.41156575,0.4266581
2014-02-24,extended,252,static,0.58284545,0.65003675
2014-02-25,extended,252,static,0.56813157,0.4164718
2014-02-26,extended,252,static,0.5470898,0.37494788
2014-02-27,extended,252,static,0.52451116,0.31113923
2014-02-28,extended,252,static,0.6110896,0.5434808
2014-03-03,extended,252,static,0.9133794,0.65783626
2014-03-04,extended,252,static,0.96754813,0.60577554
2014-03-05,extended,252,static,0.41537228,0.24969085
2014-03-06,extended,252,static,0.40407717,0.33425346
2014-03-07,extended,252,static,0.55469537,0.40353718
2014-03-10,extended,252,static,0.4751483,0.39029673
2014-03-11,extended,252,static,0.5007032,0.6105961
2014-03-12,extended,252,static,0.6769494,0.47187877
2014-03-13,extended,252,static,0.7307913,0.79159546
2014-03-14,extended,252,static,0.6815504,0.5291862
2014-03-17,extended,252,static,0.74760824,0.74121195
2014-03-18,extended,252,static,0.48231757,0.44966155
2014-03-19,extended,252,static,0.7574357,0.7978229
2014-03-20,extended,252,static,0.5430734,0.43221214
2014-03-21,extended,252,static,0.7111093,0.63522273
2014-03-24,extended,252,static,0.6954413,0.75512993
2014-03-25,extended,252,static,0.7636264,0.3690363
2014-03-26,extended,252,static,0.64480937,0.6157833
2014-03-27,extended,252,static,0.79874605,0.42674956
2014-03-28,extended,252,static,0.6167684,0.56645465
2014-03-31,extended,252,static,0.70626074,0.42238954
2014-04-01,extended,252,static,0.47637957,0.3182886
2014-04-02,extended,252,static,0.37295157,0.24467458
2014-04-03,extended,252,static,0.38243917,0.35914367
2014-04-04,extended,252,static,0.77531964,0.82117456
2014-04-07,extended,252,static,0.73298806,0.7078173
2014-04-08,extended,252,static,0.6260387,0.632649
2014-04-09,extended,252,static,0.5471668,0.6087588
2014-04-10,extended,252,static,0.8312494,1.1195995
2014-04-11,extended,252,static,1.0073607,0.7688309
2014-04-14,extended,252,static,0.8529536,0.61698455
2014-04-15,extended,252,static,0.91792023,0.756704
2014-04-16,extended,252,static,0.68598306,0.5100209
2014-04-17,extended,252,static,0.47364476,0.38530508
2014-04-21,extended,252,static,0.341622,0.2939538
2014-04-22,extended,252,static,0.32808822,0.42560717
2014-04-23,extended,252,static,0.36450958,0.31846574
2014-04-24,extended,252,static,0.58910805,0.38682553
2014-04-25,extended,252,static,0.58639413,0.5513472
2014-04-28,extended,252,static,0.82358533,0.6493181
2014-04-29,extended,252,static,0.5001894,0.32590204
2014-04-30,extended,252,static,0.4978034,0.36243877
2014-05-01,extended,252,static,0.4511681,0.3794262
2014-05-02,extended,252,static,0.56266874,0.45500764
2014-05-05,extended,252,static,0.7295594,0.4786159
2014-05-06,extended,252,static,0.5130741,0.5187456
2014-05-07,extended,252,static,0.89697677,0.5208647
2014-05-08,extended,252,static,0.51938224,0.5231772
2014-05-09,extended,252,static,0.5581554,0.47451422
2014-05-12,extended,252,static,0.4801866,0.53034765
2014-05-13,extended,252,static,0.31696823,0.3148802
2014-05-14,extended,252,static,0.38752997,0.29643616
2014-05-15,extended,252,static,0.6911194,0.6410418
2014-05-16,extended,252,static,0.46763945,0.41460714
2014-05-19,extended,252,static,0.34235182,0.47002536
2014-05-20,extended,252,static,0.5234825,0.55190074
2014-05-21,extended,252,static,0.49420696,0.41326872
2014-05-22,extended,252,static,0.30170885,0.35232237
2014-05-23,extended,252,static,0.20592427,0.2128316
2014-05-27,extended,252,static,0.4249707,0.2981501
2014-05-28,extended,252,static,0.29313588,0.28891113
2014-05-29,extended,252,static,0.36290592,0.28746876
2014-05-30,extended,252,static,0.2896272,0.24916603
2014-06-02,extended,252,static,0.39007816,0.37621614
2014-06-03,extended,252,static,0.30763808,0.2435326
2014-06-04,extended,252,static,0.29414263,0.2984279
2014-06-05,extended,252,static,0.39007378,0.4195211
2014-06-06,extended,252,static,0.2689657,0.22020967
2014-06-09,extended,252,static,0.27719072,0.3077176
2014-06-10,extended,252,static,0.29700223,0.27564037
2014-06-11,extended,252,static,0.41138506,0.29709277
2014-06-12,extended,252,static,0.4183047,0.4261103
2014-06-13,extended,252,static,0.4343027,0.3861984
2014-06-16,extended,252,static,0.4416144,0.3303197
2014-06-17,extended,252,static,0.37112328,0.32876632
2014-06-18,extended,252,static,0.41930568,0.40526518
2014-06-19,extended,252,static,0.29128066,0.3249624
2014-06-20,extended,252,static,0.23344195,0.17381944
2014-06-23,extended,252,static,0.2667552,0.25363776
2014-06-24,extended,252,static,0.43172422,0.5249009
2014-06-25,extended,252,static,0.37854803,0.3599926
2014-06-26,extended,252,static,0.4962847,0.40249243
2014-06-27,extended,252,static,0.35436866,0.30810907
2014-06-30,extended,252,static,0.27126727,0.34597388
2014-07-01,extended,252,static,0.3689269,0.4100121
2014-07-02,extended,252,static,0.26151705,0.21068843
2014-07-03,extended,252,static,0.31731522,0.2890794
2014-07-07,extended,252,static,0.36314473,0.3743303
2014-07-08,extended,252,static,0.5589419,0.5064206
2014-07-09,extended,252,static,0.45819184,0.36466962
2014-07-10,extended,252,static,0.76111996,0.5279703
2014-07-11,extended,252,static,0.35084838,0.3555716
2014-07-14,extended,252,static,0.41344327,0.38805237
2014-07-15,extended,252,static,0.53884596,0.54011303
2014-07-16,extended,252,static,0.44707805,0.30634248
2014-07-17,extended,252,static,0.6419261,0.55481905
2014-07-18,extended,252,static,0.3977976,0.5365887
2014-07-21,extended,252,static,0.40885425,0.46281573
2014-07-22,extended,252,static,0.37651148,0.36834958
2014-07-23,extended,252,static,0.25255132,0.28249037
2014-07-24,extended,252,static,0.27580193,0.28161064
2014-07-25,extended,252,static,0.43292835,0.36504343
2014-07-28,extended,252,static,0.42229313,0.38892365
2014-07-29,extended,252,static,0.4585719,0.40423056
2014-07-30,extended,252,static,0.60613376,0.46302706
2014-07-31,extended,252,static,0.8659616,0.90366143
2014-08-01,extended,252,static,0.8324301,0.75544065
2014-08-04,extended,252,static,0.47940516,0.64288783
2014-08-05,extended,252,static,0.8867472,0.7220071
2014-08-06,extended,252,static,0.6750628,0.5859122
2014-08-07,extended,252,static,0.71337867,0.69764525
2014-08-08,extended,252,static,0.51588583,0.64138263
2014-08-11,extended,252,static,0.41875538,0.50364256
2014-08-12,extended,252,static,0.4677828,0.4268655
2014-08-13,extended,252,static,0.45824566,0.31179145
2014-08-14,extended,252,static,0.2659346,0.300176
2014-08-15,extended,252,static,0.7498508,0.6042308
2014-08-18,extended,252,static,0.46496975,0.4252212
2014-08-19,extended,252,static,0.25456896,0.34102178
2014-08-20,extended,252,static,0.3016211,0.36697537
2014-08-21,extended,252,static,0.28956974,0.29055676
2014-08-22,extended,252,static,0.42676148,0.39874563
2014-08-25,extended,252,static,0.3532538,0.35811117
2014-08-26,extended,252,static,0.2375984,0.30010095
2014-08-27,extended,252,static,0.24147634,0.32892516
2014-08-28,extended,252,static,0.40291795,0.2875239
2014-08-29,extended,252,static,0.25389576,0.36696517
2014-09-02,extended,252,static,0.3633189,0.38837284
2014-09-03,extended,252,static,0.37144133,0.37198845
2014-09-04,extended,252,static,0.40892476,0.54814523
2014-09-05,extended,252,static,0.45733145,0.36204574
2014-09-08,extended,252,static,0.38709864,0.40702578
2014-09-09,extended,252,static,0.5338571,0.4852032
2014-09-10,extended,252,static,0.5201886,0.41005823
2014-09-11,extended,252,static,0.43031847,0.36916476
2014-09-12,extended,252,static,0.47453365,0.49479762
2014-09-15,extended,252,static,0.41908863,0.31768644
2014-09-16,extended,252,static,0.4405773,0.58006924
2014-09-17,extended,252,static,0.7170944,0.42841104
2014-09-18,extended,252,static,0.37039587,0.2675224
2014-09-19,extended,252,static,0.45736086,0.39439136
2014-09-22,extended,252,static,0.44572678,0.55823845
2014-09-23,extended,252,static,0.49305046,0.46962813
2014-09-24,extended,252,static,0.40974364,0.54222035
2014-09-25,extended,252,static,0.7036589,0.8166442
2014-09-26,extended,252,static,0.59855974,0.6218343
2014-09-29,extended,252,static,0.9425361,0.5416909
2014-09-30,extended,252,static,0.60421616,0.6092345
2014-10-01,extended,252,static,0.77547735,0.7777781
2014-10-02,extended,252,static,0.74889135,0.8049632
2014-10-03,extended,252,static,0.8084318,0.73313856
2014-10-06,extended,252,static,0.65416896,0.64799696
2014-10-07,extended,252,static,0.85882276,0.896498
2014-10-08,extended,252,static,0.89283293,0.96147656
2014-10-09,extended,252,static,1.0456964,1.1663686
2014-10-10,extended,252,static,1.1059687,1.1080576
2014-10-13,extended,252,static,1.1766608,1.2179631
2014-10-14,extended,252,static,1.2357146,1.0803052
2014-10-15,extended,252,static,2.3037503,1.9498407
2014-10-16,extended,252,static,1.6580957,1.4076582
2014-10-17,extended,252,static,1.249785,1.1614666
2014-10-20,extended,252,static,0.7233674,0.7609544
2014-10-21,extended,252,static,0.7497316,0.8476727
2014-10-22,extended,252,static,0.7443962,0.7761536
2014-10-23,extended,252,static,1.0316818,0.8128764
2014-10-24,extended,252,static,0.5909021,0.6728398
2014-10-27,extended,252,static,0.6280629,0.43454096
2014-10-28,extended,252,static,0.51385987,0.5207755
2014-10-29,extended,252,static,0.71735823,0.6083299
2014-10-30,extended,252,static,0.56094754,0.68719083
2014-10-31,extended,252,static,0.7405169,0.63575405
2014-11-03,extended,252,static,0.45962167,0.3496115
2014-11-04,extended,252,static,0.523288,0.52766263
2014-11-05,extended,252,static,0.5897601,0.4748259
2014-11-06,extended,252,static,0.39968556,0.53974
2014-11-07,extended,252,static,0.44907498,0.53339237
2014-11-10,extended,252,static,0.28444538,0.35843667
2014-11-11,extended,252,static,0.25874946,0.36626568
2014-11-12,extended,252,static,0.40562358,0.38724926
2014-11-13,extended,252,static,0.50771856,0.47131544
2014-11-14,extended,252,static,0.32405505,0.35233963
2014-11-17,extended,252,static,0.35571715,0.31115848
2014-11-18,extended,252,static,0.29249278,0.5186213
2014-11-19,extended,252,static,0.5172247,0.38706508
2014-11-20,extended,252,static,0.3773044,0.3337967
2014-11-21,extended,252,static,0.6609857,0.44677272
2014-11-24,extended,252,static,0.30394414,0.23695561
2014-11-25,extended,252,static,0.3310994,0.372539
2014-11-26,extended,252,static,0.18774037,0.24456055
2014-11-28,extended,252,static,0.30118117,0.8058299
2014-12-01,extended,252,static,0.6036726,0.6487414
2014-12-02,extended,252,static,0.38313457,0.5076232
2014-12-03,extended,252,static,0.26875728,0.30663788
2014-12-04,extended,252,static,0.42954367,0.4144626
2014-12-05,extended,252,static,0.3647365,0.28342143
2014-12-08,extended,252,static,0.5491243,0.65135014
2014-12-09,extended,252,static,1.0170497,0.7778793
2014-12-10,extended,252,static,0.8344766,0.9028206
2014-12-11,extended,252,static,0.8538369,0.7089755
2014-12-12,extended,252,static,0.91419786,0.9636189
2014-12-15,extended,252,static,1.2775683,1.0761865
2014-12-16,extended,252,static,1.2446512,1.3919264
2014-12-17,extended,252,static,1.2861887,1.1036993
2014-12-18,extended,252,static,1.0341269,0.9939816
2014-12-19,extended,252,static,0.58917046,0.6112402
2014-12-22,extended,252,static,0.3526901,0.5846543
2014-12-23,extended,252,static,0.33187222,0.47652903
2014-12-24,extended,252,static,0.21517335,0.36126822
2014-12-26,extended,252,static,0.25206396,0.31663826
2014-12-29,extended,252,static,0.23829924,0.31362244
2014-12-30,extended,252,static,0.30083942,0.42256755
2014-12-31,extended,252,static,0.48846406,0.6759934
2015-01-02,extended,252,static,0.91617084,0.7869367
2015-01-05,extended,252,static,0.8366753,1.0359507
2015-01-06,extended,252,static,1.0535302,1.1099637
2015-01-07,extended,252,static,0.9043862,0.74840325
2015-01-08,extended,252,static,0.8460688,0.8166313
2015-01-09,extended,252,static,0.7907401,0.90207183
2015-01-12,extended,252,static,0.8196387,0.9173804
2015-01-13,extended,252,static,1.4794874,1.2045034
2015-01-14,extended,252,static,1.2126912,0.90137446
2015-01-15,extended,252,static,1.016453,1.1549412
2015-01-16,extended,252,static,0.8022344,0.90900654
2015-01-20,extended,252,static,0.91485006,0.9914717
2015-01-21,extended,252,static,1.0006932,0.715396
2015-01-22,extended,252,static,0.7813236,1.1136209
2015-01-23,extended,252,static,0.4990968,0.6567761
2015-01-26,extended,252,static,0.54825115,0.53241456
2015-01-27,extended,252,static,1.0129068,0.7382366
2015-01-28,extended,252,static,0.96351683,1.1822633
2015-01-29,extended,252,static,0.93598616,1.052679
2015-01-30,extended,252,static,0.989836,0.9021427
2015-02-02,extended,252,static,1.0854664,1.2264367
2015-02-03,extended,252,static,0.9412546,0.81016666
2015-02-04,extended,252,static,0.81579125,1.1014467
2015-02-05,extended,252,static,0.5828607,0.71588695
2015-02-06,extended,252,static,0.6425417,0.6835034
2015-02-09,extended,252,static,0.57979757,0.4577627
2015-02-10,extended,252,static,0.6225983,0.80234736
2015-02-11,extended,252,static,0.5280768,0.5131041
2015-02-12,extended,252,static,0.5131012,0.6773545
2015-02-13,extended,252,static,0.32308325,0.35900754
2015-02-17,extended,252,static,0.38781017,0.46472073
2015-02-18,extended,252,static,0.43776956,0.4353998
2015-02-19,extended,252,static,0.44936877,0.40802243
2015-02-20,extended,252,static,0.45460823,0.55179864
2015-02-23,extended,252,static,0.33605385,0.3841446
2015-02-24,extended,252,static,0.3187812,0.37991416
2015-02-25,extended,252,static,0.3179744,0.3497628
2015-02-26,extended,252,static,0.443733,0.64731723
2015-02-27,extended,252,static,0.3470306,0.35755295
2015-03-02,extended,252,static,0.26675868,0.3667864
2015-03-03,extended,252,static,0.50070864,0.45973197
2015-03-04,extended,252,static,0.66777754,0.5984947
2015-03-05,extended,252,static,0.35700428,0.3374922
2015-03-06,extended,252,static,0.738573,0.8993717
2015-03-09,extended,252,static,0.38811982,0.4274983
2015-03-10,extended,252,static,0.84003955,1.0210418
2015-03-11,extended,252,static,0.5907079,0.57320005
2015-03-12,extended,252,static,0.65231806,0.72833174
2015-03-13,extended,252,static,0.7049248,0.9235487
2015-03-16,extended,252,static,0.523879,0.68607867
2015-03-17,extended,252,static,0.5899909,0.5199546
2015-03-18,extended,252,static,1.051441,1.0457633
2015-03-19,extended,252,static,0.55307525,0.6387881
2015-03-20,extended,252,static,0.6660987,0.69400865
2015-03-23,extended,252,static,0.37360874,0.46074334
2015-03-24,extended,252,static,0.45093563,0.5678276
2015-03-25,extended,252,static,0.68654585,0.78559655
2015-03-26,extended,252,static,0.87354445,0.7421073
2015-03-27,extended,252,static,0.586514,0.63509244
2015-03-30,extended,252,static,0.6811203,0.648225
2015-03-31,extended,252,static,0.6466434,0.68808025
2015-04-01,extended,252,static,0.7361588,0.57918733
2015-04-02,extended,252,static,0.509403,0.54282904
2015-04-06,extended,252,static,0.53391993,0.8661667
2015-04-07,extended,252,static,0.44269016,0.56592524
2015-04-08,extended,252,static,0.7183293,0.534536
2015-04-09,extended,252,static,0.5976939,0.6932462
2015-04-10,extended,252,static,0.28354013,0.3684823
2015-04-13,extended,252,static,0.35153908,0.4628494
2015-04-14,extended,252,static,0.5259082,0.5035387
2015-04-15,extended,252,static,0.4481189,0.47074798
2015-04-16,extended,252,static,0.40820983,0.45079046
2015-04-17,extended,252,static,0.7608492,0.73113304
2015-04-20,extended,252,static,0.6108341,0.56609434
2015-04-21,extended,252,static,0.4529463,0.52457315
2015-04-22,extended,252,static,0.45889667,0.4780459
2015-04-23,extended,252,static,0.49382022,0.6306574
2015-04-24,extended,252,static,0.32737023,0.3620318
2015-04-27,extended,252,static,0.4819811,0.6433827
2015-04-28,extended,252,static,0.64436746,0.5700267
2015-04-29,extended,252,static,0.66213375,0.520637
2015-04-30,extended,252,static,0.70375067,0.7229711
2015-05-01,extended,252,static,0.67268664,0.6710208
2015-05-04,extended,252,static,0.3758163,0.49148414
2015-05-05,extended,252,static,0.57068294,0.65822446
2015-05-06,extended,252,static,0.9269206,0.8817405
2015-05-07,extended,252,static,0.5604826,0.59026724
2015-05-08,extended,252,static,0.8699831,0.64480466
2015-05-11,extended,252,static,0.40910646,0.5048245
2015-05-12,extended,252,static,0.8183264,0.6004723
2015-05-13,extended,252,static,0.6684315,0.62600523
2015-05-14,extended,252,static,0.54870486,0.45448276
2015-05-15,extended,252,static,0.3386743,0.33430174
2015-05-18,extended,252,static,0.21934754,0.5577962
2015-05-19,extended,252,static,0.312422,0.5963788
2015-05-20,extended,252,static,0.41882202,0.39500502
2015-05-21,extended,252,static,0.27984673,0.34420967
2015-05-22,extended,252,static,0.33094797,0.4322578
2015-05-26,extended,252,static,0.5155842,0.9508039
2015-05-27,extended,252,static,0.40255514,0.5034775
2015-05-28,extended,252,static,0.43901244,0.3494934
2015-05-29,extended,252,static,0.5354624,0.4973684
2015-06-01,extended,252,static,0.6326298,0.48726553
2015-06-02,extended,252,static,0.554281,0.6417112
2015-06-03,extended,252,static,0.4349303,0.39679697
2015-06-04,extended,252,static,0.6734353,0.56035995
2015-06-05,extended,252,static,0.58581686,0.5120952
2015-06-08,extended,252,static,0.3806488,0.5656019
2015-06-09,extended,252,static,0.4707942,0.5635107
2015-06-10,extended,252,static,0.62387747,0.6791594
2015-06-11,extended,252,static,0.4449045,0.351059
2015-06-12,extended,252,static,0.51568985,0.568793
2015-06-15,extended,252,static,0.9224205,0.50850266
2015-06-16,extended,252,static,0.5270959,0.38879392
2015-06-17,extended,252,static,0.64155054,0.49085194
2015-06-18,extended,252,static,0.5652603,0.6431529
2015-06-19,extended,252,static,0.33432904,0.52703065
2015-06-22,extended,252,static,0.69146746,0.3872607
2015-06-23,extended,252,static,0.32394806,0.41802385
2015-06-24,extended,252,static,0.3779145,0.49586752
2015-06-25,extended,252,static,0.4098502,0.43771735
2015-06-26,extended,252,static,0.48074952,0.38777626
2015-06-29,extended,252,static,0.86944956,0.89488596
2015-06-30,extended,252,static,0.89946085,0.54344773
2015-07-01,extended,252,static,0.77284944,0.6296917
2015-07-02,extended,252,static,0.46320805,0.6101487
2015-07-06,extended,252,static,0.9262874,0.9805395
2015-07-07,extended,252,static,0.9469452,0.9163566
2015-07-08,extended,252,static,0.9316667,0.89793247
2015-07-09,extended,252,static,1.31166,0.62928385
2015-07-10,extended,252,static,1.1231538,0.8287476
2015-07-13,extended,252,static,0.6816275,0.8052743
2015-07-14,extended,252,static,0.24286471,0.52363443
2015-07-15,extended,252,static,0.36789137,0.5815329
2015-07-16,extended,252,static,0.39547485,0.5235585
2015-07-17,extended,252,static,0.24239369,0.42908782
2015-07-20,extended,252,static,0.29224402,0.29347083
2015-07-21,extended,252,static,0.32579386,0.46408412
2015-07-22,extended,252,static,0.43480176,0.43487713
2015-07-23,extended,252,static,0.39982617,0.63369185
2015-07-24,extended,252,static,0.4459609,0.72356194
2015-07-27,extended,252,static,0.77579254,0.68397754
2015-07-28,extended,252,static,0.53736436,0.6176259
2015-07-29,extended,252,static,0.4497853,0.5030047
2015-07-30,extended,252,static,0.4582181,0.51193994
2015-07-31,extended,252,static,0.38392138,0.48973927
2015-08-03,extended,252,static,0.5662893,0.63655895
2015-08-04,extended,252,static,0.48225,0.41926017
2015-08-05,extended,252,static,0.64484704,0.47662893
2015-08-06,extended,252,static,0.54122525,0.71623164
2015-08-07,extended,252,static,0.5760798,0.54707557
2015-08-10,extended,252,static,0.67565984,0.46083993
2015-08-11,extended,252,static,0.82229316,0.7809873
2015-08-12,extended,252,static,1.070735,1.0070479
2015-08-13,extended,252,static,0.642519,0.5185867
2015-08-14,extended,252,static,0.40680528,0.41578642
2015-08-17,extended,252,static,0.5880442,0.72849256
2015-08-18,extended,252,static,0.36820683,0.3826071
2015-08-19,extended,252,static,0.94964635,0.8476369
2015-08-20,extended,252,static,1.073471,1.0697414
2015-08-21,extended,252,static,1.5211383,1.5537035
2015-08-24,extended,252,static,6.1070924,2.395071
2015-08-25,extended,252,static,2.710724,2.8225439
2015-08-26,extended,252,static,2.842429,1.9973513
2015-08-27,extended,252,static,1.8965197,1.7091027
2015-08-28,extended,252,static,0.95563376,1.0317117
2015-08-31,extended,252,static,1.0897337,0.9967188
2015-09-01,extended,252,static,2.2449772,2.044058
2015-09-02,extended,252,static,1.4546596,1.1018456
2015-09-03,extended,252,static,0.9929621,1.0875365
2015-09-04,extended,252,static,1.4397098,1.2050714
2015-09-08,extended,252,static,1.4680749,1.0834886
2015-09-09,extended,252,static,1.1140401,1.6436949
2015-09-10,extended,252,static,0.8762383,1.0647053
2015-09-11,extended,252,static,0.805247,0.9794465
2015-09-14,extended,252,static,0.5960224,0.6842876
2015-09-15,extended,252,static,0.55692273,0.85309345
2015-09-16,extended,252,static,0.5929057,0.6550426
2015-09-17,extended,252,static,1.2792863,1.0296286
2015-09-18,extended,252,static,1.3619255,1.3451529
2015-09-21,extended,252,static,0.87075895,0.7610623
2015-09-22,extended,252,static,1.3077606,1.1245922
2015-09-23,extended,252,static,0.75728124,0.996889
2015-09-24,extended,252,static,1.0441006,1.11377
2015-09-25,extended,252,static,1.0345594,0.8759488
2015-09-28,extended,252,static,1.1553208,1.3880895
2015-09-29,extended,252,static,1.18178,0.91989183
2015-09-30,extended,252,static,1.4956278,1.0486423
2015-10-01,extended,252,static,1.1410326,0.892309
2015-10-02,extended,252,static,1.6934986,1.5734187
2015-10-05,extended,252,static,0.8905875,0.9091662
2015-10-06,extended,252,static,0.68290496,0.83987844
2015-10-07,extended,252,static,0.9471502,0.7363804
2015-10-08,extended,252,static,0.7110604,0.8379026
2015-10-09,extended,252,static,0.5342766,0.6284408
2015-10-12,extended,252,static,0.3761203,0.46624747
2015-10-13,extended,252,static,0.6150279,0.76005286
2015-10-14,extended,252,static,0.68519324,0.70535135
2015-10-15,extended,252,static,0.53689116,0.79178137
2015-10-16,extended,252,static,0.5126047,0.43125072
2015-10-19,extended,252,static,0.5282853,0.47986224
2015-10-20,extended,252,static,0.5042325,0.48749858
2015-10-21,extended,252,static,0.7471799,0.6507929
2015-10-22,extended,252,static,0.76614285,0.84011537
2015-10-23,extended,252,static,0.8509056,0.6756206
2015-10-26,extended,252,static,0.38222855,0.46917936
2015-10-27,extended,252,static,0.5862307,0.49231103
2015-10-28,extended,252,static,0.9409857,0.8627441
2015-10-29,extended,252,static,0.48140043,0.54164076
2015-10-30,extended,252,static,0.53426623,0.43597057
2015-11-02,extended,252,static,0.42046618,0.63712853
2015-11-03,extended,252,static,0.4835808,0.5992016
2015-11-04,extended,252,static,0.6143828,0.746382
2015-11-05,extended,252,static,0.58392555,0.6405734
2015-11-06,extended,252,static,0.60344267,0.6028812
2015-11-09,extended,252,static,0.7614884,0.7141754
2015-11-10,extended,252,static,0.54997474,0.5057808
2015-11-11,extended,252,static,0.47312543,0.53333
2015-11-12,extended,252,static,0.87336564,0.8002293
2015-11-13,extended,252,static,0.66714317,0.8864719
2015-11-16,extended,252,static,0.7153626,0.8030329
2015-11-17,extended,252,static,0.7524334,0.67659706
2015-11-18,extended,252,static,0.7099786,0.77805114
2015-11-19,extended,252,static,0.46447188,0.44266003
2015-11-20,extended,252,static,0.56915754,0.4521838
2015-11-23,extended,252,static,0.4336826,0.51019406
2015-11-24,extended,252,static,0.65352553,0.63137656
2015-11-25,extended,252,static,0.3200732,0.3644003
2015-11-27,extended,252,static,0.24842541,0.37246788
2015-11-30,extended,252,static,0.44243598,0.49562004
2015-12-01,extended,252,static,0.622296,0.49584177
2015-12-02,extended,252,static,0.5199116,0.7247595
2015-12-03,extended,252,static,0.84296006,1.075384
2015-12-04,extended,252,static,0.84517264,1.0661432
2015-12-07,extended,252,static,0.8103945,0.83015245
2015-12-08,extended,252,static,1.2818913,0.76516646
2015-12-09,extended,252,static,1.0488707,1.1911844
2015-12-10,extended,252,static,0.78105724,0.7454966
2015-12-11,extended,252,static,1.1605777,1.1065439
2015-12-14,extended,252,static,1.2393916,0.8670962
2015-12-15,extended,252,static,1.0609846,0.8552092
2015-12-16,extended,252,static,0.98319596,0.9552595
2015-12-17,extended,252,static,0.905133,1.197323
2015-12-18,extended,252,static,0.9753758,0.9478053
2015-12-21,extended,252,static,0.8869058,0.64390594
2015-12-22,extended,252,static,0.6400416,0.70429295
2015-12-23,extended,252,static,0.58407897,0.7779147
2015-12-24,extended,252,static,0.28011903,0.49965274
2015-12-28,extended,252,static,0.54484385,0.6937873
2015-12-29,extended,252,static,0.63486797,0.56680816
2015-12-30,extended,252,static,0.43678027,0.43933412
2015-12-31,extended,252,static,0.6944715,0.5936272
2016-01-04,extended,252,static,1.8643945,1.2267295
2016-01-05,extended,252,static,0.7911798,0.830412
2016-01-06,extended,252,static,1.4094489,1.2625917
2016-01-07,extended,252,static,1.9777172,1.3786076
2016-01-08,extended,252,static,1.3276974,1.4902749
2016-01-11,extended,252,static,1.2732048,1.344961
2016-01-12,extended,252,static,1.3360038,1.1045637
2016-01-13,extended,252,static,1.433177,1.7187515
2016-01-14,extended,252,static,1.2763345,1.5234659
2016-01-15,extended,252,static,2.2561908,1.9472088
2016-01-19,extended,252,static,1.4140404,1.375209
2016-01-20,extended,252,static,2.090297,2.0307627
2016-01-21,extended,252,static,1.7240387,1.3963844
2016-01-22,extended,252,static,1.3502128,1.0465273
2016-01-25,extended,252,static,0.843228,1.2834237
2016-01-26,extended,252,static,1.1329075,0.85591984
2016-01-27,extended,252,static,1.41837,1.1959754
2016-01-28,extended,252,static,1.6049604,0.99805033
2016-01-29,extended,252,static,0.8625195,1.3274063
2016-02-01,extended,252,static,1.1087198,1.0029967
2016-02-02,extended,252,static,1.0957472,1.3764098
2016-02-03,extended,252,static,1.661211,1.464655
2016-02-04,extended,252,static,1.3568352,1.1145048
2016-02-05,extended,252,static,1.1918375,1.4703962
2016-02-08,extended,252,static,1.7131495,1.7107176
2016-02-09,extended,252,static,1.7238925,1.4059863
2016-02-10,extended,252,static,1.2846241,1.2775985
2016-02-11,extended,252,static,1.7465639,1.501923
2016-02-12,extended,252,static,0.98478186,1.242894
2016-02-16,extended,252,static,0.9619315,1.0607702
2016-02-17,extended,252,static,0.8570308,0.936541
2016-02-18,extended,252,static,0.65922886,0.8968635
2016-02-19,extended,252,static,0.83701426,0.55918795
2016-02-22,extended,252,static,0.82086724,0.78312105
2016-02-23,extended,252,static,0.7050926,0.8529025
2016-02-24,extended,252,static,1.3654946,1.1192354
2016-02-25,extended,252,static,0.8240745,0.8622311
2016-02-26,extended,252,static,0.74436164,0.70112675
2016-02-29,extended,252,static,0.6923913,0.9498406
2016-03-01,extended,252,static,0.80320925,0.94826776
2016-03-02,extended,252,static,0.65265656,0.61011297
2016-03-03,extended,252,static,0.5303793,0.6313382
2016-03-04,extended,252,static,0.6377308,0.5866794
2016-03-07,extended,252,static,0.70921284,0.5389927
2016-03-08,extended,252,static,0.8456988,0.8324618
2016-03-09,extended,252,static,0.75573766,0.59057385
2016-03-10,extended,252,static,1.0528972,1.0707401
2016-03-11,extended,252,static,0.78028536,0.74797124
2016-03-14,extended,252,static,0.44185165,0.5854425
2016-03-15,extended,252,static,0.5727604,0.5340013
2016-03-16,extended,252,static,0.8591803,0.74563575
2016-03-17,extended,252,static,0.48305994,0.85979885
2016-03-18,extended,252,static,0.5102293,0.441247
2016-03-21,extended,252,static,0.41795918,0.3879371
2016-03-22,extended,252,static,0.5167195,0.56212753
2016-03-23,extended,252,static,0.46824253,0.63613826
2016-03-24,extended,252,static,0.59875774,0.51351035
2016-03-28,extended,252,static,0.39678156,0.39710298
2016-03-29,extended,252,static,0.5566663,0.7524306
2016-03-30,extended,252,static,0.5525967,0.42652467
2016-03-31,extended,252,static,0.3733204,0.44932586
2016-04-01,extended,252,static,0.7174331,0.80750984
2016-04-04,extended,252,static,0.42420197,0.6291661
2016-04-05,extended,252,static,0.796145,0.6385998
2016-04-06,extended,252,static,0.55406326,0.72573024
2016-04-07,extended,252,static,0.77300537,0.832866
2016-04-08,extended,252,static,0.68102026,0.73492366
2016-04-11,extended,252,static,0.61432165,0.7379953
2016-04-12,extended,252,static,0.613963,0.6049837
2016-04-13,extended,252,static,0.58030504,0.6354377
2016-04-14,extended,252,static,0.40409818,0.38817534
2016-04-15,extended,252,static,0.24712655,0.33587158
2016-04-18,extended,252,static,0.45766473,0.5204031
2016-04-19,extended,252,static,0.4471403,0.48408747
2016-04-20,extended,252,static,0.39241913,0.5571051
2016-04-21,extended,252,static,0.48860756,0.46896115
2016-04-22,extended,252,static,0.47178745,0.48050797
2016-04-25,extended,252,static,0.46633098,0.46119508
2016-04-26,extended,252,static,0.41461045,0.4114662
2016-04-27,extended,252,static,0.55345905,0.51548827
2016-04-28,extended,252,static,0.60426,0.6895167
2016-04-29,extended,252,static,0.7228696,0.6408153
2016-05-02,extended,252,static,0.48098463,0.4768661
2016-05-03,extended,252,static,0.72048634,0.80291885
2016-05-04,extended,252,static,0.5959994,0.5754041
2016-05-05,extended,252,static,0.5839337,0.6542745
2016-05-06,extended,252,static,0.6555533,0.60700876
2016-05-09,extended,252,static,0.46808782,0.43211797
2016-05-10,extended,252,static,0.4542472,0.56846756
2016-05-11,extended,252,static,0.47307026,0.48844978
2016-05-12,extended,252,static,0.6881145,0.49646273
2016-05-13,extended,252,static,0.57983834,0.6916767
2016-05-16,extended,252,static,0.44797093,0.6158475
2016-05-17,extended,252,static,0.5969028,0.6213002
2016-05-18,extended,252,static,0.9573208,0.7195242
2016-05-19,extended,252,static,0.8042437,0.6630506
2016-05-20,extended,252,static,0.5121746,0.53194386
2016-05-23,extended,252,static,0.3349516,0.4762793
2016-05-24,extended,252,static,0.52813166,0.7241624
2016-05-25,extended,252,static,0.4735313,0.36206868
2016-05-26,extended,252,static,0.34174767,0.39958805
2016-05-27,extended,252,static,0.2984107,0.34745145
2016-05-31,extended,252,static,0.4157239,0.5351375
2016-06-01,extended,252,static,0.5437379,0.46058735
2016-06-02,extended,252,static,0.42439845,0.44217855
2016-06-03,extended,252,static,0.5940881,0.81507415
2016-06-06,extended,252,static,0.39402854,0.42104787
2016-06-07,extended,252,static,0.25987092,0.3770257
2016-06-08,extended,252,static,0.3198907,0.4029543
2016-06-09,extended,252,static,0.4458799,0.4239709
2016-06-10,extended,252,static,0.619208,0.6659713
2016-06-13,extended,252,static,0.52330697,0.60991246
2016-06-14,extended,252,static,0.62336653,0.5834317
2016-06-15,extended,252,static,0.4930331,0.53461534
2016-06-16,extended,252,static,0.74221116,0.9742387
2016-06-17,extended,252,static,0.5440672,0.5192826
2016-06-20,extended,252,static,0.86803305,0.63254756
2016-06-21,extended,252,static,0.48561,0.32466042
2016-06-22,extended,252,static,0.5078913,0.49759313
2016-06-23,extended,252,static,0.5845242,0.48603836
2016-06-24,extended,252,static,2.5068276,2.273799
2016-06-27,extended,252,static,1.1343153,1.60802
2016-06-28,extended,252,static,0.91423756,0.9075815
2016-06-29,extended,252,static,0.7956054,1.1232036
2016-06-30,extended,252,static,0.58641934,0.7633315
2016-07-01,extended,252,static,0.38909927,0.61836696
2016-07-05,extended,252,static,0.5271096,0.78295046
2016-07-06,extended,252,static,0.6909399,0.75961643
2016-07-07,extended,252,static,0.54316026,0.78345245
2016-07-08,extended,252,static,0.39168543,0.68312126
2016-07-11,extended,252,static,0.43085355,0.5006549
2016-07-12,extended,252,static,0.55996907,0.51159614
2016-07-13,extended,252,static,0.3626339,0.543815
2016-07-14,extended,252,static,0.52163625,0.34741423
2016-07-15,extended,252,static,0.33394295,0.37567493
2016-07-18,extended,252,static,0.25285515,0.30324936
2016-07-19,extended,252,static,0.26363385,0.3667223
2016-07-20,extended,252,static,0.22623706,0.35312465
2016-07-21,extended,252,static,0.33703706,0.5309555
2016-07-22,extended,252,static,0.26453957,0.40780059
2016-07-25,extended,252,static,0.32745013,0.41009554
2016-07-26,extended,252,static,0.4504608,0.402763
2016-07-27,extended,252,static,0.47929594,0.5054599
2016-07-28,extended,252,static,0.48954245,0.48122534
2016-07-29,extended,252,static,0.40074202,0.49861673
2016-08-01,extended,252,static,0.47042617,0.46440452
2016-08-02,extended,252,static,0.49872777,0.6411119
2016-08-03,extended,252,static,0.34358326,0.41987252
2016-08-04,extended,252,static,0.33532026,0.34916008
2016-08-05,extended,252,static,0.31091905,0.4512144
2016-08-08,extended,252,static,0.23712878,0.3153998
2016-08-09,extended,252,static,0.22695161,0.30775705
2016-08-10,extended,252,static,0.32503176,0.33603284
2016-08-11,extended,252,static,0.34140062,0.3042939
2016-08-12,extended,252,static,0.22944413,0.26950485
2016-08-15,extended,252,static,0.19754723,0.28892228
2016-08-16,extended,252,static,0.33974996,0.34767672
2016-08-17,extended,252,static,0.40539417,0.3738694
2016-08-18,extended,252,static,0.24817523,0.27216354
2016-08-19,extended,252,static,0.37554857,0.34652546
2016-08-22,extended,252,static,0.475301,0.35765687
2016-08-23,extended,252,static,0.2574483,0.24257743
2016-08-24,extended,252,static,0.3273195,0.43981114
2016-08-25,extended,252,static,0.39211443,0.35982707
2016-08-26,extended,252,static,0.61306006,0.78031045
2016-08-29,extended,252,static,0.29325503,0.3588005
2016-08-30,extended,252,static,0.37492514,0.4791742
2016-08-31,extended,252,static,0.35626492,0.43843263
2016-09-01,extended,252,static,0.49375284,0.49107757
2016-09-02,extended,252,static,0.38300157,0.35856727
2016-09-06,extended,252,static,0.32380646,0.5072683
2016-09-07,extended,252,static,0.26698565,0.30991802
2016-09-08,extended,252,static,0.295236,0.27268472
2016-09-09,extended,252,static,0.6640978,1.0694996
2016-09-12,extended,252,static,0.75248015,0.89994043
2016-09-13,extended,252,static,0.9697019,0.9679715
2016-09-14,extended,252,static,0.6843146,0.7434743
2016-09-15,extended,252,static,0.61033237,0.8194621
2016-09-16,extended,252,static,0.6537879,0.5508837
2016-09-19,extended,252,static,0.49307507,0.6145087
2016-09-20,extended,252,static,0.44174668,0.46927255
2016-09-21,extended,252,static,0.5785162,0.54399544
2016-09-22,extended,252,static,0.48172566,0.39143637
2016-09-23,extended,252,static,0.34199423,0.46396127
2016-09-26,extended,252,static,0.45899975,0.44744685
2016-09-27,extended,252,static,0.49639294,0.65766126
2016-09-28,extended,252,static,0.4797414,0.59734863
2016-09-29,extended,252,static,0.6804351,0.7618443
2016-09-30,extended,252,static,0.5552424,0.47191995
2016-10-03,extended,252,static,0.4135641,0.4167336
2016-10-04,extended,252,static,0.6580941,0.5501077
2016-10-05,extended,252,static,0.35043132,0.4115783
2016-10-06,extended,252,static,0.42119184,0.5003214
2016-10-07,extended,252,static,0.52360094,0.6196158
2016-10-10,extended,252,static,0.33505663,0.32496288
2016-10-11,extended,252,static,0.58502275,0.7397322
2016-10-12,extended,252,static,0.42785078,0.4560765
2016-10-13,extended,252,static,0.6159226,0.58285034
2016-10-14,extended,252,static,0.51454896,0.47295967
2016-10-17,extended,252,static,0.388395,0.46831328
2016-10-18,extended,252,static,0.40812224,0.33076754
2016-10-19,extended,252,static,0.27237856,0.31797042
2016-10-20,extended,252,static,0.5416315,0.507204
2016-10-21,extended,252,static,0.45071933,0.4131709
2016-10-24,extended,252,static,0.3396598,0.29634842
2016-10-25,extended,252,static,0.3230628,0.413488
2016-10-26,extended,252,static,0.47874448,0.4627798
2016-10-27,extended,252,static,0.47765315,0.4111173
2016-10-28,extended,252,static,0.7668376,0.6529361
2016-10-31,extended,252,static,0.37488475,0.42963523
2016-11-01,extended,252,static,0.59481734,0.8889153
2016-11-02,extended,252,static,0.6631988,0.624249
2016-11-03,extended,252,static,0.42727923,0.62305105
2016-11-04,extended,252,static,0.5628198,0.5875935
2016-11-07,extended,252,static,0.7627505,0.7406201
2016-11-08,extended,252,static,0.5622712,0.5710198
2016-11-09,extended,252,static,1.1031107,0.9651482
2016-11-10,extended,252,static,1.0612718,0.85593647
2016-11-11,extended,252,static,0.5606707,0.68934727
2016-11-14,extended,252,static,0.5229862,0.64312106
2016-11-15,extended,252,static,0.333586,0.5684808
2016-11-16,extended,252,static,0.38126916,0.39726675
2016-11-17,extended,252,static,0.26126075,0.48680103
2016-11-18,extended,252,static,0.30810797,0.31294647
2016-11-21,extended,252,static,0.30425668,0.33014658
2016-11-22,extended,252,static,0.29165444,0.34491837
2016-11-23,extended,252,static,0.27391726,0.40459183
2016-11-25,extended,252,static,0.14117526,0.26651138
2016-11-28,extended,252,static,0.31178403,0.44616714
2016-11-29,extended,252,static,0.30249256,0.39535767
2016-11-30,extended,252,static,0.52931297,0.6544895
2016-12-01,extended,252,static,0.46159232,0.5167091
2016-12-02,extended,252,static,0.38240808,0.34834707
2016-12-05,extended,252,static,0.2903845,0.2750138
2016-12-06,extended,252,static,0.29767793,0.23516263
2016-12-07,extended,252,static,0.47630528,0.7235616
2016-12-08,extended,252,static,0.4019448,0.40191582
2016-12-09,extended,252,static,0.28978437,0.3691079
2016-12-12,extended,252,static,0.3811413,0.39100724
2016-12-13,extended,252,static,0.3899644,0.31214282
2016-12-14,extended,252,static,0.88478786,0.6527109
2016-12-15,extended,252,static,0.5356318,0.56298757
2016-12-16,extended,252,static,0.4584412,0.38338867
2016-12-19,extended,252,static,0.3088212,0.30383918
2016-12-20,extended,252,static,0.28557837,0.13461305
2016-12-21,extended,252,static,0.19543968,0.33339527
2016-12-22,extended,252,static,0.25347435,0.273132
2016-12-23,extended,252,static,0.16153865,0.2606574
2016-12-27,extended,252,static,0.23642814,0.29243708
2016-12-28,extended,252,static,0.35201058,0.47866598
2016-12-29,extended,252,static,0.34002835,0.25186488
2016-12-30,extended,252,static,0.46942192,0.3996865
2017-01-03,extended,252,static,0.594145,0.563839
2017-01-04,extended,252,static,0.36411572,0.3874145
2017-01-05,extended,252,static,0.3432904,0.40282512
2017-01-06,extended,252,static,0.38690642,0.4242289
2017-01-09,extended,252,static,0.28396055,0.38640776
2017-01-10,extended,252,static,0.35444435,0.39842382
2017-01-11,extended,252,static,0.5368475,0.358605
2017-01-12,extended,252,static,0.48731384,0.563593
2017-01-13,extended,252,static,0.2908495,0.281801
2017-01-17,extended,252,static,0.3088895,0.5030398
2017-01-18,extended,252,static,0.3339955,0.29917112
2017-01-19,extended,252,static,0.3924441,0.4032637
2017-01-20,extended,252,static,0.45413977,0.34637302
2017-01-23,extended,252,static,0.42793557,0.44900826
2017-01-24,extended,252,static,0.2782493,0.39775506
2017-01-25,extended,252,static,0.2939314,0.25818545
2017-01-26,extended,252,static,0.29524434,0.22941302
2017-01-27,extended,252,static,0.25688803,0.29133815
2017-01-30,extended,252,static,0.4480785,0.49275517
2017-01-31,extended,252,static,0.41373762,0.37303105
2017-02-01,extended,252,static,0.45366064,0.40042713
2017-02-02,extended,252,static,0.40195224,0.3836507
2017-02-03,extended,252,static,0.283664,0.33257118
2017-02-06,extended,252,static,0.2499499,0.2671355
2017-02-07,extended,252,static,0.27561516,0.3208617
2017-02-08,extended,252,static,0.34895328,0.2942672
2017-02-09,extended,252,static,0.2515974,0.3372916
2017-02-10,extended,252,static,0.21658345,0.22357272
2017-02-13,extended,252,static,0.22174998,0.26076514
2017-02-14,extended,252,static,0.32851064,0.3315281
2017-02-15,extended,252,static,0.30146214,0.407068
2017-02-16,extended,252,static,0.47114024,0.31821325
2017-02-17,extended,252,static,0.28547823,0.310695
2017-02-21,extended,252,static,0.33395022,0.29495853
2017-02-22,extended,252,static,0.26277435,0.32377273
2017-02-23,extended,252,static,0.32674277,0.36667264
2017-02-24,extended,252,static,0.38533372,0.36585495
2017-02-27,extended,252,static,0.28920838,0.27117398
2017-02-28,extended,252,static,0.28566772,0.28542292
2017-03-01,extended,252,static,0.37724862,0.393423
2017-03-02,extended,252,static,0.38693762,0.3799055
2017-03-03,extended,252,static,0.31391922,0.27484342
2017-03-06,extended,252,static,0.30584425,0.30492154
2017-03-07,extended,252,static,0.3097548,0.26391634
2017-03-08,extended,252,static,0.33642218,0.39941537
2017-03-09,extended,252,static,0.34908712,0.35543203
2017-03-10,extended,252,static,0.37227577,0.3501084
2017-03-13,extended,252,static,0.23370558,0.2031979
2017-03-14,extended,252,static,0.37985167,0.37445262
2017-03-15,extended,252,static,0.42964405,0.5343571
2017-03-16,extended,252,static,0.32268214,0.33706406
2017-03-17,extended,252,static,0.2527071,0.23243344
2017-03-20,extended,252,static,0.3469682,0.3087548
2017-03-21,extended,252,static,0.6479568,0.78798354
2017-03-22,extended,252,static,0.53609574,0.42359295
2017-03-23,extended,252,static,0.51073444,0.40903568
2017-03-24,extended,252,static,0.5062917,0.5002065
2017-03-27,extended,252,static,0.47878888,0.6869333
2017-03-28,extended,252,static,0.46616235,0.5797795
2017-03-29,extended,252,static,0.32322234,0.29102072
2017-03-30,extended,252,static,0.29983088,0.3094576
2017-03-31,extended,252,static,0.3427317,0.2133865
2017-04-03,extended,252,static,0.4936425,0.4936816
2017-04-04,extended,252,static,0.36195233,0.33541313
2017-04-05,extended,252,static,0.62132335,0.5619628
2017-04-06,extended,252,static,0.5119221,0.46383342
2017-04-07,extended,252,static,0.44955167,0.4395325
2017-04-10,extended,252,static,0.48251557,0.36742863
2017-04-11,extended,252,static,0.56331843,0.5755667
2017-04-12,extended,252,static,0.47795957,0.38179377
2017-04-13,extended,252,static,0.48874614,0.47016734
2017-04-17,extended,252,static,0.3559204,0.4100614
2017-04-18,extended,252,static,0.42907587,0.51037085
2017-04-19,extended,252,static,0.36144882,0.49104527
2017-04-20,extended,252,static,0.35535744,0.4161277
2017-04-21,extended,252,static,0.3804392,0.45190996
2017-04-24,extended,252,static,0.29089904,0.175908
2017-04-25,extended,252,static,0.26883623,0.27458748
2017-04-26,extended,252,static,0.47160688,0.35839137
2017-04-27,extended,252,static,0.32806417,0.3216196
2017-04-28,extended,252,static,0.29768357,0.33541238
2017-05-01,extended,252,static,0.2744441,0.2804816
2017-05-02,extended,252,static,0.24161285,0.2624649
2017-05-03,extended,252,static,0.28668654,0.29777125
2017-05-04,extended,252,static,0.3698002,0.36618057
2017-05-05,extended,252,static,0.2362615,0.29056633
2017-05-08,extended,252,static,0.26360968,0.2554089
2017-05-09,extended,252,static,0.25503057,0.3990523
2017-05-10,extended,252,static,0.219145,0.20944338
2017-05-11,extended,252,static,0.34043387,0.33459824
2017-05-12,extended,252,static,0.23398432,0.24683096
2017-05-15,extended,252,static,0.23430474,0.28467295
2017-05-16,extended,252,static,0.27544153,0.34054518
2017-05-17,extended,252,static,0.5703037,0.5751547
2017-05-18,extended,252,static,0.65830266,0.4881256
2017-05-19,extended,252,static,0.36662465,0.46315745
2017-05-22,extended,252,static,0.2527961,0.27738008
2017-05-23,extended,252,static,0.2305911,0.31699154
2017-05-24,extended,252,static,0.22190331,0.23256892
2017-05-25,extended,252,static,0.29225,0.34369376
2017-05-26,extended,252,static,0.19085313,0.21406336
2017-05-30,extended,252,static,0.20878863,0.23169048
2017-05-31,extended,252,static,0.3800636,0.3428525
2017-06-01,extended,252,static,0.2832896,0.36581627
2017-06-02,extended,252,static,0.2677756,0.30322602
2017-06-05,extended,252,static,0.21972047,0.26038456
2017-06-06,extended,252,static,0.29198188,0.33545637
2017-06-07,extended,252,static,0.29310003,0.4093345
2017-06-08,extended,252,static,0.36013472,0.31084952
2017-06-09,extended,252,static,0.59977084,0.6561052
2017-06-12,extended,252,static,0.44649956,0.28536448
2017-06-13,extended,252,static,0.28318912,0.3258992
2017-06-14,extended,252,static,0.45206565,0.46671262
2017-06-15,extended,252,static,0.40803006,0.47993007
2017-06-16,extended,252,static,0.33470094,0.33317402
2017-06-19,extended,252,static,0.24239998,0.32115707
2017-06-20,extended,252,static,0.31976083,0.46646103
2017-06-21,extended,252,static,0.35946548,0.380507
2017-06-22,extended,252,static,0.26895404,0.2872601
2017-06-23,extended,252,static,0.28734648,0.34813967
2017-06-26,extended,252,static,0.37642246,0.36391827
2017-06-27,extended,252,static,0.44197375,0.5290733
2017-06-28,extended,252,static,0.40407717,0.3733268
2017-06-29,extended,252,static,0.69131154,0.6379429
2017-06-30,extended,252,static,0.4383874,0.3253865
2017-07-03,extended,252,static,0.34075877,0.27436072
2017-07-05,extended,252,static,0.34755653,0.38244906
2017-07-06,extended,252,static,0.4471804,0.42491233
2017-07-07,extended,252,static,0.30363896,0.3538964
2017-07-10,extended,252,static,0.2508412,0.30889758
2017-07-11,extended,252,static,0.45187214,0.49268186
2017-07-12,extended,252,static,0.31362855,0.2790821
2017-07-13,extended,252,static,0.21801908,0.26226342
2017-07-14,extended,252,static,0.21768583,0.33509168
2017-07-17,extended,252,static,0.17704883,0.23487352
2017-07-18,extended,252,static,0.29776207,0.32593173
2017-07-19,extended,252,static,0.1982659,0.23453312
2017-07-20,extended,252,static,0.28558522,0.24923398
2017-07-21,extended,252,static,0.21564952,0.2880082
2017-07-24,extended,252,static,0.18798159,0.24235614
2017-07-25,extended,252,static,0.1984781,0.16560683
2017-07-26,extended,252,static,0.24174331,0.2152044
2017-07-27,extended,252,static,0.51248944,0.49301198
2017-07-28,extended,252,static,0.27705154,0.32555026
2017-07-31,extended,252,static,0.27641624,0.30926022
2017-08-01,extended,252,static,0.26178157,0.25824043
2017-08-02,extended,252,static,0.36391228,0.29760936
2017-08-03,extended,252,static,0.26692617,0.26436153
2017-08-04,extended,252,static,0.27783048,0.2909186
2017-08-07,extended,252,static,0.13963027,0.19448029
2017-08-08,extended,252,static,0.32645315,0.42164338
2017-08-09,extended,252,static,0.42734796,0.35192683
2017-08-10,extended,252,static,0.55393314,0.6617566
2017-08-11,extended,252,static,0.40293288,0.3556961
2017-08-14,extended,252,static,0.31971547,0.3784343
2017-08-15,extended,252,static,0.27562705,0.2551151
2017-08-16,extended,252,static,0.30988008,0.3505002
2017-08-17,extended,252,static,0.5666922,0.63543016
2017-08-18,extended,252,static,0.53968716,0.47960398
2017-08-21,extended,252,static,0.38028803,0.43096396
2017-08-22,extended,252,static,0.3325575,0.48746574
2017-08-23,extended,252,static,0.3348245,0.36449778
2017-08-24,extended,252,static,0.40814018,0.3883058
2017-08-25,extended,252,static,0.35221168,0.32928655
2017-08-28,extended,252,static,0.27280107,0.33425018
2017-08-29,extended,252,static,0.30234662,0.43465617
2017-08-30,extended,252,static,0.2819058,0.35745648
2017-08-31,extended,252,static,0.2877491,0.25383487
2017-09-01,extended,252,static,0.26101714,0.2948488
2017-09-05,extended,252,static,0.58727425,0.53229016
2017-09-06,extended,252,static,0.26823452,0.323584
2017-09-07,extended,252,static,0.34883288,0.27963158
2017-09-08,extended,252,static,0.2621461,0.36275914
2017-09-11,extended,252,static,0.27913767,0.33227614
2017-09-12,extended,252,static,0.21457931,0.20865618
2017-09-13,extended,252,static,0.18590152,0.29648408
2017-09-14,extended,252,static,0.20491175,0.21724723
2017-09-15,extended,252,static,0.1887011,0.19271488
2017-09-18,extended,252,static,0.22692591,0.18920757
2017-09-19,extended,252,static,0.20944732,0.24639858
2017-09-20,extended,252,static,0.31940493,0.36789355
2017-09-21,extended,252,static,0.27827996,0.29875746
2017-09-22,extended,252,static,0.18659909,0.2271954
2017-09-25,extended,252,static,0.3676814,0.3985376
2017-09-26,extended,252,static,0.2561093,0.32002935
2017-09-27,extended,252,static,0.33169076,0.41874543
2017-09-28,extended,252,static,0.22696464,0.27045074
2017-09-29,extended,252,static,0.22128515,0.28097486
2017-10-02,extended,252,static,0.23387623,0.28371215
2017-10-03,extended,252,static,0.20675358,0.21117559
2017-10-04,extended,252,static,0.22618231,0.24669763
2017-10-05,extended,252,static,0.20030746,0.26643333
2017-10-06,extended,252,static,0.21610864,0.26976046
2017-10-09,extended,252,static,0.19429979,0.29186937
2017-10-10,extended,252,static,0.26796594,0.2979411
2017-10-11,extended,252,static,0.18613364,0.2145928
2017-10-12,extended,252,static,0.19867781,0.25804937
2017-10-13,extended,252,static,0.18884645,0.19634955
2017-10-16,extended,252,static,0.19695538,0.23003778
2017-10-17,extended,252,static,0.15306546,0.19943248
2017-10-18,extended,252,static,0.17568943,0.18746483
2017-10-19,extended,252,static,0.2339386,0.2979306
2017-10-20,extended,252,static,0.20694198,0.2550632
2017-10-23,extended,252,static,0.22272433,0.3094128
2017-10-24,extended,252,static,0.25207168,0.2057763
2017-10-25,extended,252,static,0.46961364,0.41387424
2017-10-26,extended,252,static,0.35269573,0.2968301
2017-10-27,extended,252,static,0.35850155,0.37373933
2017-10-30,extended,252,static,0.31922522,0.31116435
2017-10-31,extended,252,static,0.19606315,0.20604172
2017-11-01,extended,252,static,0.31454226,0.3102034
2017-11-02,extended,252,static,0.40128538,0.32567802
2017-11-03,extended,252,static,0.21144944,0.324044
2017-11-06,extended,252,static,0.17564416,0.24969326
2017-11-07,extended,252,static,0.28854704,0.3627815
2017-11-08,extended,252,static,0.23774716,0.27761143
2017-11-09,extended,252,static,0.526065,0.43063834
2017-11-10,extended,252,static,0.26222998,0.26814687
2017-11-13,extended,252,static,0.21883929,0.36497802
2017-11-14,extended,252,static,0.43903223,0.4437938
2017-11-15,extended,252,static,0.47249782,0.3901538
2017-11-16,extended,252,static,0.2837501,0.3751666
2017-11-17,extended,252,static,0.23335797,0.3025232
2017-11-20,extended,252,static,0.21441275,0.28769556
2017-11-21,extended,252,static,0.21939652,0.2993389
2017-11-22,extended,252,static,0.16789111,0.32846037
2017-11-24,extended,252,static,0.11036572,0.1506071
2017-11-27,extended,252,static,0.2159171,0.29915252
2017-11-28,extended,252,static,0.3324013,0.4303177
2017-11-29,extended,252,static,0.40184885,0.34550187
2017-11-30,extended,252,static,0.5227156,0.37457708
2017-12-01,extended,252,static,0.9422593,0.8214826
2017-12-04,extended,252,static,0.47601593,0.5408084
2017-12-05,extended,252,static,0.40449536,0.48312852
2017-12-06,extended,252,static,0.36108318,0.42597362
2017-12-07,extended,252,static,0.29853413,0.35065523
2017-12-08,extended,252,static,0.2675435,0.3060641
2017-12-11,extended,252,static,0.25072107,0.2448844
2017-12-12,extended,252,static,0.25566772,0.3371156
2017-12-13,extended,252,static,0.34856224,0.34188426
2017-12-14,extended,252,static,0.34134772,0.33739677
2017-12-15,extended,252,static,0.35419786,0.39243937
2017-12-18,extended,252,static,0.29062662,0.26693457
2017-12-19,extended,252,static,0.29153484,0.38565663
2017-12-20,extended,252,static,0.36737746,0.32162008
2017-12-21,extended,252,static,0.2833372,0.24501725
2017-12-22,extended,252,static,0.20979938,0.2849216
2017-12-26,extended,252,static,0.17409478,0.27377537
2017-12-27,extended,252,static,0.16462064,0.25293443
2017-12-28,extended,252,static,0.12651087,0.19935988
2017-12-29,extended,252,static,0.25891256,0.36094114
2018-01-02,extended,252,static,0.25719547,0.35208255
2018-01-03,extended,252,static,0.23913333,0.32393435
2018-01-04,extended,252,static,0.27034327,0.2107917
2018-01-05,extended,252,static,0.28086627,0.23793724
2018-01-08,extended,252,static,0.24695022,0.28599095
2018-01-09,extended,252,static,0.32538438,0.33882117
2018-01-10,extended,252,static,0.34158424,0.28810495
2018-01-11,extended,252,static,0.2641452,0.3103141
2018-01-12,extended,252,static,0.32101947,0.41298965
2018-01-16,extended,252,static,0.5631255,0.71650887
2018-01-17,extended,252,static,0.41801283,0.4783931
2018-01-18,extended,252,static,0.4627396,0.28732613
2018-01-19,extended,252,static,0.35955313,0.27393624
2018-01-22,extended,252,static,0.35159302,0.4352834
2018-01-23,extended,252,static,0.32428712,0.35611978
2018-01-24,extended,252,static,0.6133342,0.624335
2018-01-25,extended,252,static,0.5513341,0.332819
2018-01-26,extended,252,static,0.3016971,0.50888985
2018-01-29,extended,252,static,0.47275123,0.44459403
2018-01-30,extended,252,static,0.5910142,0.330083
2018-01-31,extended,252,static,0.57198584,0.45884615
2018-02-01,extended,252,static,0.578092,0.4440449
2018-02-02,extended,252,static,0.83759016,0.9429665
2018-02-05,extended,252,static,2.1334946,2.2672997
2018-02-06,extended,252,static,2.57917,1.9942839
2018-02-07,extended,252,static,1.4043378,1.3118502
2018-02-08,extended,252,static,1.9079525,2.1771293
2018-02-09,extended,252,static,2.5284789,2.0128474
2018-02-12,extended,252,static,1.2879539,1.2243725
2018-02-13,extended,252,static,0.8434238,0.8157844
2018-02-14,extended,252,static,0.99494874,0.96515036
2018-02-15,extended,252,static,0.85762036,0.8200632
2018-02-16,extended,252,static,0.8491882,0.6687588
2018-02-20,extended,252,static,0.760702,0.7148737
2018-02-21,extended,252,static,0.87965596,0.81297153
2018-02-22,extended,252,static,0.98245054,0.6878912
2018-02-23,extended,252,static,0.6561958,0.745856
2018-02-26,extended,252,static,0.55855775,0.51916003
2018-02-27,extended,252,static,0.8954676,0.86000866
2018-02-28,extended,252,static,0.8766346,0.89301246
2018-03-01,extended,252,static,1.5348746,1.25546
2018-03-02,extended,252,static,1.0910013,1.1430911
2018-03-05,extended,252,static,0.7670684,0.9943345
2018-03-06,extended,252,static,0.67816013,0.47916576
2018-03-07,extended,252,static,0.68535495,0.67747885
2018-03-08,extended,252,static,0.65897363,0.5481363
2018-03-09,extended,252,static,0.37841392,0.6055436
2018-03-12,extended,252,static,0.53291535,0.45453402
2018-03-13,extended,252,static,0.7008095,0.84139365
2018-03-14,extended,252,static,0.8121773,0.6281853
2018-03-15,extended,252,static,0.5429507,0.5056866
2018-03-16,extended,252,static,0.43193814,0.39502278
2018-03-19,extended,252,static,0.79543597,0.8372097
2018-03-20,extended,252,static,0.57961816,0.45096308
2018-03-21,extended,252,static,0.7872107,0.6660431
2018-03-22,extended,252,static,1.0711269,1.1931543
2018-03-23,extended,252,static,1.2426462,1.3370906
2018-03-26,extended,252,static,1.1403674,1.226178
2018-03-27,extended,252,static,1.3287451,1.3947722
2018-03-28,extended,252,static,1.6397233,1.1500856
2018-03-29,extended,252,static,0.98090833,1.0744009
2018-04-02,extended,252,static,1.3223577,1.548599
2018-04-03,extended,252,static,1.3373339,1.0440074
2018-04-04,extended,252,static,1.1438495,1.4560386
2018-04-05,extended,252,static,0.9285607,0.58824974
2018-04-06,extended,252,static,1.1584303,1.3230351
2018-04-09,extended,252,static,0.8719894,0.96333563
2018-04-10,extended,252,static,1.0520451,0.7670229
2018-04-11,extended,252,static,0.86806107,0.60082626
2018-04-12,extended,252,static,0.7068662,0.64316046
2018-04-13,extended,252,static,0.78899884,0.70899934
2018-04-16,extended,252,static,0.56407565,0.48143974
2018-04-17,extended,252,static,0.4062032,0.46210006
2018-04-18,extended,252,static,0.47526693,0.34359407
2018-04-19,extended,252,static,0.6005024,0.4855622
2018-04-20,extended,252,static,0.7222591,0.68097097
2018-04-23,extended,252,static,0.6041502,0.52817065
2018-04-24,extended,252,static,1.1863954,1.1822735
2018-04-25,extended,252,static,1.0028121,0.74162173
2018-04-26,extended,252,static,0.6151542,0.6843037
2018-04-27,extended,252,static,0.5787579,0.42298758
2018-04-30,extended,252,static,0.6815625,0.7406917
2018-05-01,extended,252,static,0.68900275,0.69915897
2018-05-02,extended,252,static,0.69195116,0.61016256
2018-05-03,extended,252,static,1.0050013,0.88741726
2018-05-04,extended,252,static,0.66810656,1.1193064
2018-05-07,extended,252,static,0.52447784,0.3981722
2018-05-08,extended,252,static,0.67264074,0.51502466
2018-05-09,extended,252,static,0.54460335,0.530503
2018-05-10,extended,252,static,0.44842497,0.42259726
2018-05-11,extended,252,static,0.4540644,0.33476493
2018-05-14,extended,252,static,0.43788758,0.32831684
2018-05-15,extended,252,static,0.62762845,0.38417602
2018-05-16,extended,252,static,0.40248987,0.35210827
2018-05-17,extended,252,static,0.44504035,0.48175174
2018-05-18,extended,252,static,0.46123347,0.30386877
2018-05-21,extended,252,static,0.5162334,0.27458018
2018-05-22,extended,252,static,0.37705407,0.44259766
2018-05-23,extended,252,static,0.5340638,0.41458425
2018-05-24,extended,252,static,0.5723244,0.52933156
2018-05-25,extended,252,static,0.4024551,0.42146093
2018-05-29,extended,252,static,0.7598915,0.6921971
2018-05-30,extended,252,static,0.46071026,0.6842723
2018-05-31,extended,252,static,0.63269466,0.52218974
2018-06-01,extended,252,static,0.44826815,0.37300202
2018-06-04,extended,252,static,0.3107288,0.30588627
2018-06-05,extended,252,static,0.40157136,0.3804262
2018-06-06,extended,252,static,0.38857004,0.4535972
2018-06-07,extended,252,static,0.54338586,0.43728748
2018-06-08,extended,252,static,0.3615654,0.3066376
2018-06-11,extended,252,static,0.2741956,0.29113445
2018-06-12,extended,252,static,0.29102886,0.30110636
2018-06-13,extended,252,static,0.41145262,0.34418884
2018-06-14,extended,252,static,0.33484274,0.34013137
2018-06-15,extended,252,static,0.50510544,0.3888422
2018-06-18,extended,252,static,0.45607635,0.43212256
2018-06-19,extended,252,static,0.4644146,0.5003993
2018-06-20,extended,252,static,0.2830361,0.35412994
2018-06-21,extended,252,static,0.5510257,0.52919585
2018-06-22,extended,252,static,0.3907091,0.47808126
2018-06-25,extended,252,static,0.90794116,0.73017836
2018-06-26,extended,252,static,0.53841484,0.42110628
2018-06-27,extended,252,static,0.86154354,0.86644536
2018-06-28,extended,252,static,0.7607878,0.64232045
2018-06-29,extended,252,static,0.49756324,0.68788433
2018-07-02,extended,252,static,0.62224627,0.54827505
2018-07-03,extended,252,static,0.37678552,0.62446237
2018-07-05,extended,252,static,0.5331748,0.44204724
2018-07-06,extended,252,static,0.47719353,0.5582004
2018-07-09,extended,252,static,0.33211043,0.33903793
2018-07-10,extended,252,static,0.3378377,0.26618925
2018-07-11,extended,252,static,0.44071195,0.53147274
2018-07-12,extended,252,static,0.4066296,0.3791454
2018-07-13,extended,252,static,0.30671635,0.3060921
2018-07-16,extended,252,static,0.30701137,0.3643065
2018-07-17,extended,252,static,0.3502095,0.4848696
2018-07-18,extended,252,static,0.24477342,0.3261123
2018-07-19,extended,252,static,0.3923393,0.32711074
2018-07-20,extended,252,static,0.30862412,0.29443136
2018-07-24,extended,252,static,0.45985803,0.32502764
2018-07-25,extended,252,static,0.46678847,0.5616291
2018-07-26,extended,252,static,0.34546074,0.2688723
2018-07-27,extended,252,static,0.5538758,0.5569083
2018-07-30,extended,252,static,0.510169,0.47933567
2018-07-31,extended,252,static,0.43861365,0.38178068
2018-08-01,extended,252,static,0.3444201,0.43965268
2018-08-02,extended,252,static,0.37689298,0.6560094
2018-08-03,extended,252,static,0.30071822,0.29718468
2018-08-06,extended,252,static,0.2628695,0.3358681
2018-08-07,extended,252,static,0.2995877,0.24492805
2018-08-08,extended,252,static,0.27616307,0.2931702
2018-08-09,extended,252,static,0.27439108,0.2924702
2018-08-10,extended,252,static,0.47827658,0.42865264
2018-08-13,extended,252,static,0.5069188,0.36499837
2018-08-14,extended,252,static,0.4217271,0.3814429
2018-08-15,extended,252,static,0.6703356,0.5496707
2018-08-16,extended,252,static,0.40460682,0.45987448
2018-08-17,extended,252,static,0.41838735,0.44277918
2018-08-20,extended,252,static,0.28990716,0.31468818
2018-08-21,extended,252,static,0.29925922,0.33328524
2018-08-22,extended,252,static,0.3138016,0.264395
2018-08-23,extended,252,static,0.35846165,0.38479722
2018-08-24,extended,252,static,0.29628715,0.34976617
2018-08-27,extended,252,static,0.29306993,0.2821964
2018-08-28,extended,252,static,0.3056651,0.25212172
2018-08-29,extended,252,static,0.25944954,0.37445262
2018-08-30,extended,252,static,0.44833794,0.28712475
2018-08-31,extended,252,static,0.38591444,0.30418974
2018-09-04,extended,252,static,0.48069385,0.34145233
2018-09-05,extended,252,static,0.59206116,0.39187542
2018-09-06,extended,252,static,0.5906903,0.47463402
2018-09-07,extended,252,static,0.6175907,0.40459865
2018-09-10,extended,252,static,0.320564,0.27219912
2018-09-11,extended,252,static,0.38368094,0.54770714
2018-09-12,extended,252,static,0.49884433,0.35719326
2018-09-13,extended,252,static,0.35673806,0.29193538
2018-09-14,extended,252,static,0.35717893,0.30440983
2018-09-17,extended,252,static,0.29021525,0.42711732
2018-09-18,extended,252,static,0.37742603,0.3537133
2018-09-19,extended,252,static,0.32610697,0.24884032
2018-09-20,extended,252,static,0.28829974,0.32253155
2018-09-21,extended,252,static,0.26033905,0.26579562
2018-09-24,extended,252,static,0.33471453,0.23073243
2018-09-25,extended,252,static,0.28322122,0.25368398
2018-09-26,extended,252,static,0.48724553,0.4556413
2018-09-27,extended,252,static,0.3121516,0.4336532
2018-09-28,extended,252,static,0.34141544,0.32883722
2018-10-01,extended,252,static,0.35244173,0.35569507
2018-10-02,extended,252,static,0.39735577,0.31680802
2018-10-03,extended,252,static,0.40135336,0.32728335
2018-10-04,extended,252,static,0.664307,0.5866522
2018-10-05,extended,252,static,0.6507703,0.6917822
2018-10-08,extended,252,static,0.66267294,0.44263905
2018-10-09,extended,252,static,0.6490384,0.4483091
2018-10-10,extended,252,static,1.2177911,1.5646632
2018-10-11,extended,252,static,1.9543244,1.5786082
2018-10-12,extended,252,static,1.407621,1.1868445
2018-10-15,extended,252,static,0.8860246,0.67814165
2018-10-16,extended,252,static,0.67992,0.9703215
2018-10-17,extended,252,static,1.0294368,0.7305421
2018-10-18,extended,252,static,1.1210793,1.1109563
2018-10-19,extended,252,static,0.93846554,0.78641933
2018-10-22,extended,252,static,0.94134355,0.66272694
2018-10-23,extended,252,static,1.1342305,1.4549838
2018-10-24,extended,252,static,1.3328379,1.7669607
2018-10-25,extended,252,static,1.0052441,1.2266014
2018-10-26,extended,252,static,1.7948383,1.3391482
2018-10-29,extended,252,static,1.7380347,2.3046498
2018-10-30,extended,252,static,1.5392501,1.2384274
2018-10-31,extended,252,static,0.90927184,0.84031844
2018-11-01,extended,252,static,0.832247,0.9253702
2018-11-02,extended,252,static,1.2750683,1.050938
2018-11-05,extended,252,static,0.5938045,0.6621565
2018-11-06,extended,252,static,0.60826856,0.6686494
2018-11-07,extended,252,static,0.63887936,0.746565
2018-11-08,extended,252,static,0.66809964,0.6444208
2018-11-09,extended,252,static,0.7428415,0.63080674
2018-11-12,extended,252,static,0.9620618,1.0447632
2018-11-13,extended,252,static,1.2956188,1.138486
2018-11-14,extended,252,static,1.1310673,1.4346303
2018-11-15,extended,252,static,1.3653269,1.3706821
2018-11-16,extended,252,static,0.90452963,0.9644603
2018-11-19,extended,252,static,1.0724597,0.98685783
2018-11-20,extended,252,static,1.3623072,1.1575478
2018-11-21,extended,252,static,0.610116,0.81356156
2018-11-23,extended,252,static,0.509249,0.8435051
2018-11-26,extended,252,static,0.73741895,0.66876084
2018-11-27,extended,252,static,0.7982913,0.6815859
2018-11-28,extended,252,static,0.9434499,1.0382227
2018-11-29,extended,252,static,0.67562723,0.6792263
2018-11-30,extended,252,static,0.5261072,0.6774154
2018-12-03,extended,252,static,0.8151037,0.71201247
2018-12-04,extended,252,static,1.17999,1.4448408
2018-12-06,extended,252,static,1.5504341,1.5657645
2018-12-07,extended,252,static,1.5898981,1.589102
2018-12-10,extended,252,static,1.7373624,1.6092201
2018-12-11,extended,252,static,1.2821363,1.3272289
2018-12-12,extended,252,static,0.9634396,0.9463133
2018-12-13,extended,252,static,1.0447652,1.0040854
2018-12-14,extended,252,static,1.0472836,1.1288874
2018-12-17,extended,252,static,1.2297033,1.4324118
2018-12-18,extended,252,static,1.2986133,1.3810729
2018-12-19,extended,252,static,2.5571506,2.1268268
2018-12-20,extended,252,static,2.004698,1.9616902
2018-12-21,extended,252,static,1.8774447,2.2933638
2018-12-24,extended,252,static,1.503497,1.7865955
2018-12-26,extended,252,static,2.044049,2.5063865
2018-12-27,extended,252,static,2.1549852,2.285657
2018-12-28,extended,252,static,1.4510945,1.4550508
2018-12-31,extended,252,static,1.1217207,1.1056969
2019-01-02,extended,252,static,1.2916089,1.2985836
2019-01-03,extended,252,static,1.6084507,1.2993519
2019-01-04,extended,252,static,1.2826867,1.2120637
2019-01-07,extended,252,static,0.8961574,1.1431593
2019-01-08,extended,252,static,1.0259848,0.7923193
2019-01-09,extended,252,static,0.88327736,0.855665
2019-01-10,extended,252,static,0.8057568,1.0296167
2019-01-11,extended,252,static,0.5889307,0.7015276
2019-01-14,extended,252,static,0.63999677,0.6339738
2019-01-15,extended,252,static,0.730756,0.6635416
2019-01-16,extended,252,static,0.5263264,0.61443496
2019-01-17,extended,252,static,0.7677084,0.8824559
2019-01-18,extended,252,static,0.6335943,0.72445077
2019-01-22,extended,252,static,0.93704396,0.9277612
2019-01-23,extended,252,static,0.81198853,0.94990546
2019-01-24,extended,252,static,0.57189655,0.66682386
2019-01-25,extended,252,static,0.4743837,0.5712265
2019-01-28,extended,252,static,0.7882829,0.66293544
2019-01-29,extended,252,static,0.60521954,0.70118064
2019-01-30,extended,252,static,0.8665881,0.8394903
2019-01-31,extended,252,static,0.6442116,0.72942513
2019-02-01,extended,252,static,0.6480257,0.58203036
2019-02-04,extended,252,static,0.50074315,0.5996017
2019-02-05,extended,252,static,0.42103773,0.47187167
2019-02-06,extended,252,static,0.45855734,0.51209277
2019-02-07,extended,252,static,0.8123491,0.78590924
2019-02-08,extended,252,static,0.5737097,0.6971681
2019-02-11,extended,252,static,0.5052937,0.44143635
2019-02-12,extended,252,static,0.4535485,0.60247207
2019-02-13,extended,252,static,0.44447577,0.45717078
2019-02-14,extended,252,static,0.66549194,0.6132305
2019-02-15,extended,252,static,0.4551266,0.42745116
2019-02-19,extended,252,static,0.34569603,0.6425635
2019-02-20,extended,252,static,0.50145215,0.4344789
2019-02-21,extended,252,static,0.47668287,0.44258925
2019-02-22,extended,252,static,0.38043973,0.4211335
2019-02-25,extended,252,static,0.39038387,0.46690407
2019-02-26,extended,252,static,0.5142023,0.4554209
2019-02-27,extended,252,static,0.47998968,0.4530273
2019-02-28,extended,252,static,0.3938471,0.4009253
2019-03-01,extended,252,static,0.4912823,0.39050052
2019-03-04,extended,252,static,0.7707261,0.872148
2019-03-05,extended,252,static,0.49229854,0.41440967
2019-03-06,extended,252,static,0.5115445,0.4629318
2019-03-07,extended,252,static,0.6930191,0.6790133
2019-03-08,extended,252,static,0.7230079,0.6513321
2019-03-11,extended,252,static,0.43548155,0.6318174
2019-03-12,extended,252,static,0.46117103,0.41287592
2019-03-13,extended,252,static,0.42001438,0.5870889
2019-03-14,extended,252,static,0.36421308,0.39530423
2019-03-15,extended,252,static,0.42215744,0.5029905
2019-03-18,extended,252,static,0.4234672,0.37659633
2019-03-19,extended,252,static,0.70058376,0.57038605
2019-03-20,extended,252,static,0.7935641,0.62899214
2019-03-21,extended,252,static,0.5187143,0.8201378
2019-03-22,extended,252,static,0.93281454,0.80855983
2019-03-25,extended,252,static,0.8673984,0.63932055
2019-03-26,extended,252,static,0.6736325,0.6219955
2019-03-27,extended,252,static,0.7458824,0.89020646
2019-03-28,extended,252,static,0.5232804,0.6878727
2019-03-29,extended,252,static,0.48601383,0.5193473
2019-04-01,extended,252,static,0.44750884,0.6003248
2019-04-02,extended,252,static,0.36200863,0.48884442
2019-04-03,extended,252,static,0.41066626,0.4964105
2019-04-04,extended,252,static,0.44446576,0.4594062
2019-04-05,extended,252,static,0.3059298,0.36036938
2019-04-08,extended,252,static,0.31612223,0.41331992
2019-04-09,extended,252,static,0.4739427,0.38742316
2019-04-10,extended,252,static,0.31667304,0.38155958
2019-04-11,extended,252,static,0.35377553,0.37382016
2019-04-12,extended,252,static,0.34376565,0.34318528
2019-04-15,extended,252,static,0.26486588,0.36418843
2019-04-16,extended,252,static,0.32444918,0.3818729
2019-04-17,extended,252,static,0.41599676,0.4407185
2019-04-18,extended,252,static,0.3621874,0.37715474
2019-04-22,extended,252,static,0.25911576,0.35499838
2019-04-23,extended,252,static,0.3684595,0.5466385
2019-04-24,extended,252,static,0.32863712,0.3546984
2019-04-25,extended,252,static,0.53873265,0.41504696
2019-04-26,extended,252,static,0.39334804,0.44545752
2019-04-29,extended,252,static,0.23422383,0.30505297
2019-04-30,extended,252,static,0.4191312,0.51059973
2019-05-01,extended,252,static,0.5829195,0.53725904
2019-05-02,extended,252,static,0.66348076,0.61647326
2019-05-03,extended,252,static,0.35492235,0.40840414
2019-05-06,extended,252,static,0.519212,0.7564761
2019-05-07,extended,252,static,1.015972,0.8183934
2019-05-08,extended,252,static,0.6873363,0.6272336
2019-05-09,extended,252,static,1.0024401,0.8598306
2019-05-10,extended,252,static,1.0317684,1.3354645
2019-05-13,extended,252,static,0.9969347,1.0437671
2019-05-14,extended,252,static,0.72523475,0.6889413
2019-05-15,extended,252,static,0.7129424,0.82357997
2019-05-16,extended,252,static,0.54267865,0.68190676
2019-05-17,extended,252,static,0.7289981,0.7844778
2019-05-20,extended,252,static,0.6784614,0.5555743
2019-05-21,extended,252,static,0.415755,0.41630194
2019-05-22,extended,252,static,0.44107497,0.51936966
2019-05-23,extended,252,static,0.77697974,0.84008044
2019-05-24,extended,252,static,0.52783793,0.50164044
2019-05-28,extended,252,static,0.538577,0.71742326
2019-05-29,extended,252,static,0.84174484,0.74338216
2019-05-30,extended,252,static,0.5976587,0.6815831
2019-05-31,extended,252,static,0.67879814,0.7057473
2019-06-03,extended,252,static,0.96599436,1.0034374
2019-06-04,extended,252,static,0.65408516,0.9159121
2019-06-05,extended,252,static,0.6356116,0.73696667
2019-06-06,extended,252,static,0.60261893,0.7165056
2019-06-07,extended,252,static,0.585112,0.6238148
2019-06-10,extended,252,static,0.54306006,0.53941447
2019-06-11,extended,252,static,0.5907643,0.76605505
2019-06-12,extended,252,static,0.42591473,0.5274537
2019-06-13,extended,252,static,0.51799214,0.3468195
2019-06-14,extended,252,static,0.43729764,0.50098985
2019-06-17,extended,252,static,0.27199733,0.31635162
2019-06-18,extended,252,static,0.6067126,0.5620845
2019-06-19,extended,252,static,0.5666375,0.48764262
2019-06-20,extended,252,static,0.52097017,0.6463621
2019-06-21,extended,252,static,0.41476467,0.4525853
2019-06-25,extended,252,static,0.53605384,0.6252699
2019-06-26,extended,252,static,0.45854813,0.46700782
2019-06-27,extended,252,static,0.36200416,0.3888599
2019-06-28,extended,252,static,0.31533444,0.3897111
2019-07-01,extended,252,static,0.49275002,0.50968856
2019-07-02,extended,252,static,0.48454106,0.60382545
2019-07-03,extended,252,static,0.21672672,0.5366534
2019-07-05,extended,252,static,0.46708447,0.50270647
2019-07-08,extended,252,static,0.37689027,0.42184672
2019-07-09,extended,252,static,0.27294225,0.5401239
2019-07-10,extended,252,static,0.4559697,0.51180404
2019-07-11,extended,252,static,0.3169631,0.41294375
2019-07-12,extended,252,static,0.22721192,0.36189818
2019-07-15,extended,252,static,0.27931854,0.3499399
2019-07-16,extended,252,static,0.33484223,0.4984704
2019-07-17,extended,252,static,0.38507593,0.55868936
2019-07-18,extended,252,static,0.39525008,0.64224774
2019-07-19,extended,252,static,0.50121135,0.5803519
2019-07-22,extended,252,static,0.4025482,0.48017213
2019-07-23,extended,252,static,0.37862617,0.46863338
2019-07-24,extended,252,static,0.2958664,0.523672
2019-07-25,extended,252,static,0.48138186,0.4822758
2019-07-26,extended,252,static,0.24684747,0.41837347
2019-07-29,extended,252,static,0.27916336,0.39282593
2019-07-30,extended,252,static,0.41136706,0.52933174
2019-07-31,extended,252,static,0.8570504,0.9968329
2019-08-01,extended,252,static,1.413018,1.475993
2019-08-02,extended,252,static,0.8658583,0.8371821
2019-08-05,extended,252,static,1.2163235,1.3623585
2019-08-06,extended,252,static,1.0095519,0.7988568
2019-08-07,extended,252,static,1.3404863,1.6248704
2019-08-08,extended,252,static,0.6005271,0.98328793
2019-08-09,extended,252,static,0.8878992,0.91170603
2019-08-12,extended,252,static,0.72299427,0.8459951
2019-08-13,extended,252,static,1.4477358,1.3033861
2019-08-14,extended,252,static,1.1394889,1.332754
2019-08-15,extended,252,static,0.97321457,0.89803606
2019-08-16,extended,252,static,0.68545794,0.84848267
2019-08-19,extended,252,static,0.47247893,0.512979
2019-08-20,extended,252,static,0.5818361,0.77762336
2019-08-21,extended,252,static,0.36497563,0.54031974
2019-08-22,extended,252,static,0.7187853,0.7086198
2019-08-23,extended,252,static,1.5231749,1.4867774
2019-08-26,extended,252,static,0.7526459,0.70939267
2019-08-27,extended,252,static,0.7449224,0.9736286
2019-08-28,extended,252,static,0.6243859,0.94982255
2019-08-29,extended,252,static,0.65441364,0.8135524
2019-08-30,extended,252,static,0.56218755,0.80196995
2019-09-03,extended,252,static,0.78602874,0.8542414
2019-09-04,extended,252,static,0.3558061,0.6965328
2019-09-05,extended,252,static,0.46335065,0.5841239
2019-09-06,extended,252,static,0.39113587,0.4738942
2019-09-09,extended,252,static,0.36566535,0.55046517
2019-09-10,extended,252,static,0.62653464,0.6012784
2019-09-11,extended,252,static,0.38890582,0.73851854
2019-09-12,extended,252,static,0.5744845,0.6020207
2019-09-13,extended,252,static,0.38585904,0.40724
2019-09-16,extended,252,static,0.37983516,0.6612389
2019-09-17,extended,252,static,0.31243888,0.49627337
2019-09-18,extended,252,static,0.59479177,0.650315
2019-09-19,extended,252,static,0.4269109,0.5549087
2019-09-20,extended,252,static,0.76599157,0.64786524
2019-09-23,extended,252,static,0.37500808,0.5590991
2019-09-24,extended,252,static,0.96183157,1.0899004
2019-09-25,extended,252,static,0.49840924,0.7412747
2019-09-26,extended,252,static,0.62600714,0.644382
2019-09-27,extended,252,static,0.8431996,0.9267058
2019-09-30,extended,252,static,0.39300886,0.48995504
2019-10-01,extended,252,static,0.82772815,1.0309811
2019-10-02,extended,252,static,0.8557239,0.98583335
2019-10-03,extended,252,static,1.1748741,1.1512982
2019-10-04,extended,252,static,0.49482566,0.82722014
2019-10-07,extended,252,static,0.6225671,0.7153991
2019-10-08,extended,252,static,0.84250855,0.7687505
2019-10-09,extended,252,static,0.6158033,0.60548955
2019-10-10,extended,252,static,0.7101426,0.7623665
2019-10-11,extended,252,static,0.700886,0.57613665
2019-10-14,extended,252,static,0.396464,0.5832206
2019-10-15,extended,252,static,0.40729916,0.64137405
2019-10-16,extended,252,static,0.33448914,0.40026203
2019-10-17,extended,252,static,0.42123458,0.4543228
2019-10-18,extended,252,static,0.49201992,0.55024105
2019-10-21,extended,252,static,0.28220996,0.37836307
2019-10-22,extended,252,static,0.3873415,0.5171305
2019-10-23,extended,252,static,0.3241593,0.5169997
2019-10-24,extended,252,static,0.39532715,0.4422211
2019-10-25,extended,252,static,0.3670015,0.5440102
2019-10-28,extended,252,static,0.34164682,0.26274073
2019-10-29,extended,252,static,0.3534293,0.38876513
2019-10-30,extended,252,static,0.4209127,0.5175213
2019-10-31,extended,252,static,0.58050346,0.5904897
2019-11-01,extended,252,static,0.33467627,0.49223122
2019-11-04,extended,252,static,0.30109015,0.32875487
2019-11-05,extended,252,static,0.3071445,0.3744609
2019-11-06,extended,252,static,0.36966428,0.37453705
2019-11-07,extended,252,static,0.45629695,0.38196388
2019-11-08,extended,252,static,0.3335788,0.37490746
2019-11-11,extended,252,static,0.20900644,0.41679525
2019-11-12,extended,252,static,0.33374357,0.40805647
2019-11-13,extended,252,static,0.39428484,0.42654178
2019-11-14,extended,252,static,0.31895727,0.45834652
2019-11-15,extended,252,static,0.25014853,0.3435361
2019-11-19,extended,252,static,0.34028348,0.5171206
2019-11-20,extended,252,static,0.530192,0.57192546
2019-11-21,extended,252,static,0.43375245,0.35866836
2019-11-22,extended,252,static,0.30828884,0.40226835
2019-11-25,extended,252,static,0.28988016,0.44054505
2019-11-26,extended,252,static,0.24163394,0.33680424
2019-11-27,extended,252,static,0.17377497,0.28267002
2019-11-29,extended,252,static,0.20161061,0.37153473
2019-12-02,extended,252,static,0.6143428,0.6059213
2019-12-03,extended,252,static,0.6685485,0.5996051
2019-12-04,extended,252,static,0.3678156,0.42816934
2019-12-05,extended,252,static,0.4083799,0.42068174
2019-12-06,extended,252,static,0.31428805,0.40786603
2019-12-09,extended,252,static,0.2446123,0.38736922
2019-12-10,extended,252,static,0.45085213,0.3938182
2019-12-11,extended,252,static,0.28965053,0.3445963
2019-12-12,extended,252,static,0.90730995,0.59476745
2019-12-13,extended,252,static,0.67179954,0.49916217
2019-12-17,extended,252,static,0.23530492,0.30729088
2019-12-18,extended,252,static,0.27269506,0.27157426
2019-12-19,extended,252,static,0.27776897,0.34949294
2019-12-20,extended,252,static,0.21704257,0.3009977
2019-12-23,extended,252,static,0.14169253,0.21701987
2019-12-24,extended,252,static,0.14038545,0.30370387
2019-12-26,extended,252,static,0.20108193,0.3297195
2019-12-27,extended,252,static,0.283703,0.2747293
2019-12-30,extended,252,static,0.4683421,0.49537793
2019-12-31,extended,252,static,0.31708115,0.44462764
2014-01-08,core,252,expanding,0.5049092173576355,0.3592100143432617
2014-01-09,core,252,expanding,0.4479202330112457,0.4921455383300781
2014-01-10,core,252,expanding,0.4178114235401153,0.4353242218494415
2014-01-13,core,252,expanding,0.47251757979393,0.7111283540725708
2014-01-14,core,252,expanding,0.4948426187038421,0.5147300958633423
2014-01-15,core,252,expanding,0.3897959887981415,0.3990392684936523
2014-01-16,core,252,expanding,0.3719646036624908,0.3934141099452972
2014-01-17,core,252,expanding,0.3625944256782532,0.4232521653175354
2014-01-21,core,252,expanding,0.6656816005706787,0.5011000633239746
2014-01-22,core,252,expanding,0.3137387335300445,0.3594598174095154
2014-01-23,core,252,expanding,0.7124331593513489,0.6244539022445679
2014-01-24,core,252,expanding,0.9068204164505004,1.044709086418152
2014-01-27,core,252,expanding,0.8113361597061157,0.9150065183639526
2014-01-28,core,252,expanding,0.5316144824028015,0.6388409733772278
2014-01-29,core,252,expanding,1.042181134223938,0.7284935712814331
2014-01-30,core,252,expanding,0.7801462411880493,0.7669694423675537
2014-01-31,core,252,expanding,1.1046422719955444,0.8160297870635986
2014-02-03,core,252,expanding,0.9668377041816713,1.3020086288452148
2014-02-04,core,252,expanding,0.8199449777603149,0.7188921570777893
2014-02-05,core,252,expanding,0.9269459247589112,0.9133596420288086
2014-02-06,core,252,expanding,0.5575153231620789,0.722296416759491
2014-02-07,core,252,expanding,0.6537466645240784,0.8658713698387146
2014-02-10,core,252,expanding,0.3124818205833435,0.4521581828594208
2014-02-11,core,252,expanding,0.4162914156913757,0.63338702917099
2014-02-12,core,252,expanding,0.4583132266998291,0.4646040499210357
2014-02-13,core,252,expanding,0.4926544427871704,0.6533252596855164
2014-02-14,core,252,expanding,0.3831894397735595,0.560026228427887
2014-02-18,core,252,expanding,0.3537130951881408,0.3766404688358307
2014-02-19,core,252,expanding,0.5443900227546692,0.5951536297798157
2014-02-20,core,252,expanding,0.5126307606697083,0.6005783677101135
2014-02-21,core,252,expanding,0.411565750837326,0.4730848371982574
2014-02-24,core,252,expanding,0.5828454494476318,0.6406057476997375
2014-02-25,core,252,expanding,0.5681315660476685,0.4979760944843292
2014-02-26,core,252,expanding,0.5470898151397705,0.5279074311256409
2014-02-27,core,252,expanding,0.5245111584663391,0.4783665835857391
2014-02-28,core,252,expanding,0.6110895872116089,0.6265011429786682
2014-03-03,core,252,expanding,0.9133793711662292,0.6748020052909851
2014-03-04,core,252,expanding,0.967548131942749,0.7074970602989197
2014-03-05,core,252,expanding,0.4153722822666168,0.4628557860851288
2014-03-06,core,252,expanding,0.4040771722793579,0.4271852076053619
2014-03-07,core,252,expanding,0.5546953678131104,0.5000607371330261
2014-03-10,core,252,expanding,0.4751482903957367,0.4230276346206665
2014-03-11,core,252,expanding,0.5007032155990601,0.6362197995185852
2014-03-12,core,252,expanding,0.6769493818283081,0.518625795841217
2014-03-13,core,252,expanding,0.7307912707328796,0.8476840853691101
2014-03-14,core,252,expanding,0.6815503835678101,0.6526630520820618
2014-03-17,core,252,expanding,0.7476082444190979,0.6203428506851196
2014-03-18,core,252,expanding,0.482317566871643,0.5572942495346069
2014-03-19,core,252,expanding,0.75743567943573,0.7333406805992126
2014-03-20,core,252,expanding,0.5430734157562256,0.6628252267837524
2014-03-21,core,252,expanding,0.7111092805862427,0.7224282622337341
2014-03-24,core,252,expanding,0.6954413056373596,0.7753922343254089
2014-03-25,core,252,expanding,0.7636263966560364,0.5887083411216736
2014-03-26,core,252,expanding,0.644809365272522,0.7721505761146545
2014-03-27,core,252,expanding,0.7987460494041443,0.6361883282661438
2014-03-28,core,252,expanding,0.6167684197425842,0.6507607102394104
2014-03-31,core,252,expanding,0.7062607407569885,0.5188040137290955
2014-04-01,core,252,expanding,0.4763795733451843,0.4710507094860077
2014-04-02,core,252,expanding,0.3729515671730041,0.4350405931472778
2014-04-03,core,252,expanding,0.3824391663074493,0.4519477188587188
2014-04-04,core,252,expanding,0.7753196358680725,0.8287601470947266
2014-04-07,core,252,expanding,0.7329880595207214,0.7077062129974365
2014-04-08,core,252,expanding,0.626038670539856,0.6491196155548096
2014-04-09,core,252,expanding,0.5471668243408203,0.5694620609283447
2014-04-10,core,252,expanding,0.8312494158744812,1.0349396467208862
2014-04-11,core,252,expanding,1.0073606967926023,0.911064088344574
2014-04-14,core,252,expanding,0.8529536128044128,0.7715417742729187
2014-04-15,core,252,expanding,0.9179202318191528,0.8025867938995361
2014-04-16,core,252,expanding,0.6859830617904663,0.6607635617256165
2014-04-17,core,252,expanding,0.4736447632312774,0.5670102834701538
2014-04-21,core,252,expanding,0.341621994972229,0.4318825304508209
2014-04-22,core,252,expanding,0.3280882239341736,0.4142629504203796
2014-04-23,core,252,expanding,0.3645095825195312,0.4177747964859009
2014-04-24,core,252,expanding,0.5891080498695374,0.4312231540679931
2014-04-25,core,252,expanding,0.5863941311836243,0.5859023928642273
2014-04-28,core,252,expanding,0.8235853314399719,0.7233917713165283
2014-04-29,core,252,expanding,0.5001894235610962,0.4983402490615845
2014-04-30,core,252,expanding,0.4978033900260925,0.4652097523212433
2014-05-01,core,252,expanding,0.4511680901050567,0.4353744983673095
2014-05-02,core,252,expanding,0.5626687407493591,0.4856689274311065
2014-05-05,core,252,expanding,0.7295594215393066,0.6163612008094788
2014-05-06,core,252,expanding,0.5130741000175476,0.6044085025787354
2014-05-07,core,252,expanding,0.8969767689704895,0.5875762104988098
2014-05-08,core,252,expanding,0.5193822383880615,0.673620343208313
2014-05-09,core,252,expanding,0.5581554174423218,0.5031168460845947
2014-05-12,core,252,expanding,0.4801866114139557,0.5441399216651917
2014-05-13,core,252,expanding,0.3169682323932647,0.3495462238788605
2014-05-14,core,252,expanding,0.387529969215393,0.4738346636295318
2014-05-15,core,252,expanding,0.691119372844696,0.6767879724502563
2014-05-16,core,252,expanding,0.4676394462585449,0.5247277021408081
2014-05-19,core,252,expanding,0.3423518240451813,0.487506091594696
2014-05-20,core,252,expanding,0.5234825015068054,0.5850914120674133
2014-05-21,core,252,expanding,0.494206964969635,0.5252070426940918
2014-05-22,core,252,expanding,0.301708847284317,0.4632748663425445
2014-05-23,core,252,expanding,0.2059242725372314,0.369235098361969
2014-05-27,core,252,expanding,0.4249706864356994,0.3328621983528137
2014-05-28,core,252,expanding,0.2931358814239502,0.3804435729980469
2014-05-29,core,252,expanding,0.3629059195518493,0.3720897436141968
2014-05-30,core,252,expanding,0.289627194404602,0.3656887412071228
2014-06-02,core,252,expanding,0.3900781571865082,0.3571953773498535
2014-06-03,core,252,expanding,0.3076380789279938,0.3357771337032318
2014-06-04,core,252,expanding,0.2941426336765289,0.3812844753265381
2014-06-05,core,252,expanding,0.3900737762451172,0.481248140335083
2014-06-06,core,252,expanding,0.2689656913280487,0.3321540355682373
2014-06-09,core,252,expanding,0.2771907150745392,0.3406285047531128
2014-06-10,core,252,expanding,0.297002226114273,0.3197582960128784
2014-06-11,core,252,expanding,0.4113850593566894,0.3807778656482696
2014-06-12,core,252,expanding,0.4183047115802765,0.5171363949775696
2014-06-13,core,252,expanding,0.4343026876449585,0.3968148529529571
2014-06-16,core,252,expanding,0.4416143894195556,0.3916820883750915
2014-06-17,core,252,expanding,0.3711232841014862,0.386393278837204
2014-06-18,core,252,expanding,0.419305682182312,0.4617943167686462
2014-06-19,core,252,expanding,0.2912806570529938,0.3358150720596313
2014-06-20,core,252,expanding,0.233441948890686,0.3065834045410156
2014-06-23,core,252,expanding,0.2667551934719085,0.299221932888031
2014-06-24,core,252,expanding,0.4317242205142975,0.5209110379219055
2014-06-25,core,252,expanding,0.3785480260848999,0.4324785768985748
2014-06-26,core,252,expanding,0.4962846934795379,0.4905105233192444
2014-06-27,core,252,expanding,0.354368656873703,0.3819924890995025
2014-06-30,core,252,expanding,0.2712672650814056,0.3330173194408417
2014-07-01,core,252,expanding,0.3689269125461578,0.456217885017395
2014-07-02,core,252,expanding,0.2615170478820801,0.2979618012905121
2014-07-03,core,252,expanding,0.3173152208328247,0.3657339513301849
2014-07-07,core,252,expanding,0.3631447255611419,0.3796435296535492
2014-07-08,core,252,expanding,0.5589419007301331,0.4519011080265045
2014-07-09,core,252,expanding,0.458191841840744,0.3851069509983063
2014-07-10,core,252,expanding,0.7611199617385864,0.5593554973602295
2014-07-11,core,252,expanding,0.350848376750946,0.4260762929916382
2014-07-14,core,252,expanding,0.4134432673454284,0.4027369916439056
2014-07-15,core,252,expanding,0.538845956325531,0.5572929382324219
2014-07-16,core,252,expanding,0.4470780491828918,0.389970451593399
2014-07-17,core,252,expanding,0.641926109790802,0.691125750541687
2014-07-18,core,252,expanding,0.3977976143360138,0.5915100574493408
2014-07-21,core,252,expanding,0.4088542461395263,0.4605429470539093
2014-07-22,core,252,expanding,0.3765114843845367,0.4526147544384002
2014-07-23,core,252,expanding,0.2525513172149658,0.3677631318569183
2014-07-24,core,252,expanding,0.2758019268512726,0.3482153117656708
2014-07-25,core,252,expanding,0.4329283535480499,0.4150257408618927
2014-07-28,core,252,expanding,0.4222931265830993,0.4528568685054779
2014-07-29,core,252,expanding,0.4585719108581543,0.4950273931026459
2014-07-30,core,252,expanding,0.606133759021759,0.546509861946106
2014-07-31,core,252,expanding,0.8659616112709045,0.9198275804519652
2014-08-01,core,252,expanding,0.8324301242828369,0.8016668558120728
2014-08-04,core,252,expanding,0.4794051647186279,0.7008715271949768
2014-08-05,core,252,expanding,0.8867471814155579,0.772804856300354
2014-08-06,core,252,expanding,0.6750627756118774,0.7428919076919556
2014-08-07,core,252,expanding,0.7133786678314209,0.801192581653595
2014-08-08,core,252,expanding,0.5158858299255371,0.7155213952064514
2014-08-11,core,252,expanding,0.4187553822994232,0.4513909220695495
2014-08-12,core,252,expanding,0.4677827954292297,0.526910662651062
2014-08-13,core,252,expanding,0.4582456648349762,0.4544539451599121
2014-08-14,core,252,expanding,0.2659345865249634,0.3962272405624389
2014-08-15,core,252,expanding,0.7498508095741272,0.6483482122421265
2014-08-18,core,252,expanding,0.4649697542190552,0.3780749440193176
2014-08-19,core,252,expanding,0.2545689642429352,0.3609566688537597
2014-08-20,core,252,expanding,0.3016211092472076,0.3865995109081268
2014-08-21,core,252,expanding,0.2895697355270386,0.3534801602363586
2014-08-22,core,252,expanding,0.4267614781856537,0.3874680697917938
2014-08-25,core,252,expanding,0.3532538115978241,0.3141994178295135
2014-08-26,core,252,expanding,0.2375984042882919,0.2934302687644958
2014-08-27,core,252,expanding,0.2414763420820236,0.2879441678524017
2014-08-28,core,252,expanding,0.4029179513454437,0.3373525142669678
2014-08-29,core,252,expanding,0.2538957595825195,0.3442127406597137
2014-09-02,core,252,expanding,0.3633188903331756,0.3736424446105957
2014-09-03,core,252,expanding,0.3714413344860077,0.4064234793186188
2014-09-04,core,252,expanding,0.4089247584342956,0.5424439907073975
2014-09-05,core,252,expanding,0.4573314487934112,0.5002628564834595
2014-09-08,core,252,expanding,0.3870986402034759,0.4268020093441009
2014-09-09,core,252,expanding,0.5338571071624756,0.5154128074645996
2014-09-10,core,252,expanding,0.5201886296272278,0.4703231155872345
2014-09-11,core,252,expanding,0.4303184747695923,0.4201308488845825
2014-09-12,core,252,expanding,0.4745336472988128,0.529536247253418
2014-09-15,core,252,expanding,0.4190886318683624,0.3991500735282898
2014-09-16,core,252,expanding,0.4405772984027862,0.5765882134437561
2014-09-17,core,252,expanding,0.7170944213867188,0.4773605763912201
2014-09-18,core,252,expanding,0.3703958690166473,0.3761405050754547
2014-09-19,core,252,expanding,0.4573608636856079,0.4518912732601166
2014-09-22,core,252,expanding,0.4457267820835113,0.5286096930503845
2014-09-23,core,252,expanding,0.4930504560470581,0.5226499438285828
2014-09-24,core,252,expanding,0.4097436368465423,0.579115629196167
2014-09-25,core,252,expanding,0.7036588788032532,0.7926355600357056
2014-09-26,core,252,expanding,0.5985597372055054,0.715854287147522
2014-09-29,core,252,expanding,0.9425361156463624,0.6082817316055298
2014-09-30,core,252,expanding,0.6042161583900452,0.6754847764968872
2014-10-01,core,252,expanding,0.7754773497581482,0.8813745379447937
2014-10-02,core,252,expanding,0.7488913536071777,0.9418668150901794
2014-10-03,core,252,expanding,0.8084318041801453,0.756065845489502
2014-10-06,core,252,expanding,0.654168963432312,0.7270495891571045
2014-10-07,core,252,expanding,0.858822762966156,0.8398740291595459
2014-10-08,core,252,expanding,0.8928329348564148,1.1323522329330444
2014-10-09,core,252,expanding,1.0456963777542114,1.1408796310424805
2014-10-10,core,252,expanding,1.105968713760376,1.142524480819702
2014-10-13,core,252,expanding,1.1766607761383057,1.262224555015564
2014-10-14,core,252,expanding,1.235714554786682,1.0322186946868896
2014-10-15,core,252,expanding,2.303750276565552,1.7384202480316162
2014-10-16,core,252,expanding,1.6580957174301147,1.519588589668274
2014-10-17,core,252,expanding,1.2497849464416504,1.2081352472305298
2014-10-20,core,252,expanding,0.7233673930168152,0.853901207447052
2014-10-21,core,252,expanding,0.7497316002845764,0.8711107969284058
2014-10-22,core,252,expanding,0.7443962097167969,0.8720189332962036
2014-10-23,core,252,expanding,1.031681776046753,0.9024167060852052
2014-10-24,core,252,expanding,0.5909020900726318,0.6490246653556824
2014-10-27,core,252,expanding,0.628062903881073,0.5431900024414062
2014-10-28,core,252,expanding,0.5138598680496216,0.6220525503158569
2014-10-29,core,252,expanding,0.7173582315444946,0.7167947292327881
2014-10-30,core,252,expanding,0.5609475374221802,0.7084728479385376
2014-10-31,core,252,expanding,0.7405169010162354,0.4987208843231201
2014-11-03,core,252,expanding,0.4596216678619385,0.4553608298301697
2014-11-04,core,252,expanding,0.5232880115509033,0.5431787371635437
2014-11-05,core,252,expanding,0.5897601246833801,0.4492101371288299
2014-11-06,core,252,expanding,0.3996855616569519,0.4926029443740845
2014-11-07,core,252,expanding,0.4490749835968017,0.351057231426239
2014-11-10,core,252,expanding,0.2844453752040863,0.3034857511520386
2014-11-11,core,252,expanding,0.2587494552135467,0.2841622233390808
2014-11-12,core,252,expanding,0.405623584985733,0.3666521310806274
2014-11-13,core,252,expanding,0.507718563079834,0.4360736608505249
2014-11-14,core,252,expanding,0.3240550458431244,0.3100107610225677
2014-11-17,core,252,expanding,0.3557171523571014,0.314605176448822
2014-11-18,core,252,expanding,0.2924927771091461,0.4145396947860718
2014-11-19,core,252,expanding,0.5172247290611267,0.42030930519104
2014-11-20,core,252,expanding,0.3773044049739837,0.4081130623817444
2014-11-21,core,252,expanding,0.6609857082366943,0.4448905289173126
2014-11-24,core,252,expanding,0.3039441406726837,0.234186053276062
2014-11-25,core,252,expanding,0.3310993909835815,0.3742703199386596
2014-11-26,core,252,expanding,0.1877403706312179,0.3337875306606293
2014-11-28,core,252,expanding,0.3011811673641205,0.4145486354827881
2014-12-01,core,252,expanding,0.6036726236343384,0.4618025422096252
2014-12-02,core,252,expanding,0.3831345736980438,0.4056990146636963
2014-12-03,core,252,expanding,0.2687572836875915,0.360703706741333
2014-12-04,core,252,expanding,0.429543673992157,0.4541675448417663
2014-12-05,core,252,expanding,0.3647364974021911,0.3743185997009277
2014-12-08,core,252,expanding,0.5491243004798889,0.5591832995414734
2014-12-09,core,252,expanding,1.0170496702194214,0.7022981643676758
2014-12-10,core,252,expanding,0.8344765901565552,0.9106523394584656
2014-12-11,core,252,expanding,0.8538368940353394,0.8392698168754578
2014-12-12,core,252,expanding,0.9141978621482848,0.915783941745758
2014-12-15,core,252,expanding,1.2775683403015137,1.1367206573486328
2014-12-16,core,252,expanding,1.244651198387146,1.2887699604034424
2014-12-17,core,252,expanding,1.286188721656799,1.0918810367584229
2014-12-18,core,252,expanding,1.034126877784729,1.0016329288482666
2014-12-19,core,252,expanding,0.5891704559326172,0.6168672442436218
2014-12-22,core,252,expanding,0.3526901006698608,0.4226794838905334
2014-12-23,core,252,expanding,0.3318722248077392,0.3922871351242065
2014-12-24,core,252,expanding,0.2151733487844467,0.3683589398860931
2014-12-26,core,252,expanding,0.2520639598369598,0.3502472639083862
2014-12-29,core,252,expanding,0.2382992357015609,0.2957441210746765
2014-12-30,core,252,expanding,0.3008394241333008,0.372474193572998
2014-12-31,core,252,expanding,0.4884640574455261,0.6249411106109619
2015-01-02,core,252,expanding,0.9161708354949952,0.7194642424583435
2015-01-05,core,252,expanding,0.8366752862930298,0.9290725588798524
2015-01-06,core,252,expanding,1.053530216217041,1.074897289276123
2015-01-07,core,252,expanding,0.9043862223625184,0.7849292159080505
2015-01-08,core,252,expanding,0.846068799495697,0.847616970539093
2015-01-09,core,252,expanding,0.7907400727272034,0.841338574886322
2015-01-12,core,252,expanding,0.819638729095459,0.8210048079490662
2015-01-13,core,252,expanding,1.479487419128418,1.3390251398086548
2015-01-14,core,252,expanding,1.2126911878585815,1.0353974103927612
2015-01-15,core,252,expanding,1.0164530277252195,0.9798585772514344
2015-01-16,core,252,expanding,0.802234411239624,0.9499385356903076
2015-01-20,core,252,expanding,0.9148500561714172,0.8070352673530579
2015-01-21,core,252,expanding,1.0006932020187378,0.8530313372612
2015-01-22,core,252,expanding,0.7813236117362976,0.9445224404335022
2015-01-23,core,252,expanding,0.4990968108177185,0.5835466980934143
2015-01-26,core,252,expanding,0.5482511520385742,0.5935636162757874
2015-01-27,core,252,expanding,1.012906789779663,0.8575294613838196
2015-01-28,core,252,expanding,0.9635168313980104,1.097026824951172
2015-01-29,core,252,expanding,0.9359861612319946,1.0374308824539185
2015-01-30,core,252,expanding,0.9898359775543212,0.9648185968399048
2015-02-02,core,252,expanding,1.085466384887695,1.1223300695419312
2015-02-03,core,252,expanding,0.9412546157836914,0.7327359318733215
2015-02-04,core,252,expanding,0.8157912492752075,0.7496737241744995
2015-02-05,core,252,expanding,0.5828607082366943,0.6751660704612732
2015-02-06,core,252,expanding,0.6425417065620422,0.7464460730552673
2015-02-09,core,252,expanding,0.5797975659370422,0.5703091025352478
2015-02-10,core,252,expanding,0.6225982904434204,0.6351829171180725
2015-02-11,core,252,expanding,0.5280768275260925,0.6090510487556458
2015-02-12,core,252,expanding,0.5131012201309204,0.5376202464103699
2015-02-13,core,252,expanding,0.3230832517147064,0.3885039985179901
2015-02-17,core,252,expanding,0.3878101706504822,0.3871979713439941
2015-02-18,core,252,expanding,0.4377695620059967,0.4218208491802215
2015-02-19,core,252,expanding,0.4493687748908996,0.4394890666007995
2015-02-20,core,252,expanding,0.4546082317829132,0.624843418598175
2015-02-23,core,252,expanding,0.3360538482666015,0.3359443843364715
2015-02-24,core,252,expanding,0.3187811970710754,0.4045197367668152
2015-02-25,core,252,expanding,0.3179743885993957,0.3972770273685455
2015-02-26,core,252,expanding,0.4437330067157745,0.4072233140468597
2015-02-27,core,252,expanding,0.3470306098461151,0.350265771150589
2015-03-02,core,252,expanding,0.2667586803436279,0.3693168759346008
2015-03-03,core,252,expanding,0.5007086396217346,0.4936391413211822
2015-03-04,core,252,expanding,0.6677775382995605,0.5645124912261963
2015-03-05,core,252,expanding,0.3570042848587036,0.4022813141345978
2015-03-06,core,252,expanding,0.7385730147361755,0.7938112616539001
2015-03-09,core,252,expanding,0.3881198167800903,0.4942696690559387
2015-03-10,core,252,expanding,0.8400395512580872,0.8948654532432556
2015-03-11,core,252,expanding,0.5907078981399536,0.621315598487854
2015-03-12,core,252,expanding,0.6523180603981018,0.7039560675621033
2015-03-13,core,252,expanding,0.7049248218536377,0.7035260200500488
2015-03-16,core,252,expanding,0.5238789916038513,0.6876428723335266
2015-03-17,core,252,expanding,0.5899909138679504,0.5677071213722229
2015-03-18,core,252,expanding,1.051440954208374,1.022801399230957
2015-03-19,core,252,expanding,0.5530752539634705,0.5899782776832581
2015-03-20,core,252,expanding,0.6660987138748169,0.760077178478241
2015-03-23,core,252,expanding,0.3736087381839752,0.4483726620674133
2015-03-24,core,252,expanding,0.4509356319904327,0.5562105774879456
2015-03-25,core,252,expanding,0.6865458488464355,0.8580289483070374
2015-03-26,core,252,expanding,0.873544454574585,0.8186569213867188
2015-03-27,core,252,expanding,0.5865139961242676,0.5074335336685181
2015-03-30,core,252,expanding,0.6811202764511108,0.6121222972869873
2015-03-31,core,252,expanding,0.6466434001922607,0.5785267949104309
2015-04-01,core,252,expanding,0.7361587882041931,0.6667575240135193
2015-04-02,core,252,expanding,0.5094029903411865,0.573403537273407
2015-04-06,core,252,expanding,0.5339199304580688,0.7827827334403992
2015-04-07,core,252,expanding,0.4426901638507843,0.5159445405006409
2015-04-08,core,252,expanding,0.7183293104171753,0.5100023150444031
2015-04-09,core,252,expanding,0.597693920135498,0.5351423621177673
2015-04-10,core,252,expanding,0.28354012966156,0.4143186211585998
2015-04-13,core,252,expanding,0.3515390753746032,0.4614250063896179
2015-04-14,core,252,expanding,0.5259081721305847,0.4881050586700439
2015-04-15,core,252,expanding,0.4481188952922821,0.450120598077774
2015-04-16,core,252,expanding,0.4082098305225372,0.4145844578742981
2015-04-17,core,252,expanding,0.7608491778373718,0.6968153119087219
2015-04-20,core,252,expanding,0.6108341217041016,0.5165102481842041
2015-04-21,core,252,expanding,0.4529463052749634,0.533555805683136
2015-04-22,core,252,expanding,0.458896666765213,0.5019189119338989
2015-04-23,core,252,expanding,0.4938202202320099,0.518992006778717
2015-04-24,core,252,expanding,0.3273702263832092,0.3570674061775207
2015-04-27,core,252,expanding,0.481981098651886,0.541864812374115
2015-04-28,core,252,expanding,0.6443674564361572,0.5556240081787109
2015-04-29,core,252,expanding,0.6621337532997131,0.5666627883911133
2015-04-30,core,252,expanding,0.7037506699562073,0.7201728224754333
2015-05-01,core,252,expanding,0.6726866364479065,0.6065370440483093
2015-05-04,core,252,expanding,0.375816285610199,0.400068461894989
2015-05-05,core,252,expanding,0.570682942867279,0.7113782167434692
2015-05-06,core,252,expanding,0.9269205927848816,0.862945020198822
2015-05-07,core,252,expanding,0.5604826211929321,0.6310568451881409
2015-05-08,core,252,expanding,0.8699830770492554,0.6379790306091309
2015-05-11,core,252,expanding,0.4091064631938934,0.5154340863227844
2015-05-12,core,252,expanding,0.8183264136314392,0.6190108060836792
2015-05-13,core,252,expanding,0.6684315204620361,0.5529826283454895
2015-05-14,core,252,expanding,0.5487048625946045,0.5526644587516785
2015-05-15,core,252,expanding,0.3386743068695068,0.3507868349552154
2015-05-18,core,252,expanding,0.2193475365638733,0.3696780800819397
2015-05-19,core,252,expanding,0.3124220073223114,0.3565710186958313
2015-05-20,core,252,expanding,0.4188220202922821,0.4354341328144073
2015-05-21,core,252,expanding,0.279846727848053,0.3676685094833374
2015-05-22,core,252,expanding,0.3309479653835296,0.3317134976387024
2015-05-26,core,252,expanding,0.5155841708183289,0.5814225673675537
2015-05-27,core,252,expanding,0.4025551378726959,0.5244727730751038
2015-05-28,core,252,expanding,0.4390124380588531,0.4459145963191986
2015-05-29,core,252,expanding,0.5354623794555664,0.5055758953094482
2015-06-01,core,252,expanding,0.6326298117637634,0.4929999411106109
2015-06-02,core,252,expanding,0.5542809963226318,0.5689562559127808
2015-06-03,core,252,expanding,0.4349302947521209,0.4510628581047058
2015-06-04,core,252,expanding,0.6734352707862854,0.5755664110183716
2015-06-05,core,252,expanding,0.5858168601989746,0.5582459568977356
2015-06-08,core,252,expanding,0.3806487917900085,0.4952080249786377
2015-06-09,core,252,expanding,0.4707942008972168,0.4987716972827911
2015-06-10,core,252,expanding,0.6238774657249451,0.5834351181983948
2015-06-11,core,252,expanding,0.4449045062065124,0.3457831442356109
2015-06-12,core,252,expanding,0.5156898498535156,0.5090961456298828
2015-06-15,core,252,expanding,0.9224205017089844,0.5692895650863647
2015-06-16,core,252,expanding,0.5270959138870239,0.5053707957267761
2015-06-17,core,252,expanding,0.6415505409240723,0.4976672232151031
2015-06-18,core,252,expanding,0.5652602910995483,0.5890544652938843
2015-06-19,core,252,expanding,0.3343290388584137,0.488292247056961
2015-06-22,core,252,expanding,0.6914674639701843,0.5273706912994385
2015-06-23,core,252,expanding,0.3239480555057525,0.3880048096179962
2015-06-24,core,252,expanding,0.3779144883155823,0.464082270860672
2015-06-25,core,252,expanding,0.4098502099514007,0.4547021687030792
2015-06-26,core,252,expanding,0.4807495176792145,0.4756475985050201
2015-06-29,core,252,expanding,0.8694495558738708,1.0255346298217771
2015-06-30,core,252,expanding,0.8994608521461487,0.6510865688323975
2015-07-01,core,252,expanding,0.772849440574646,0.639811635017395
2015-07-02,core,252,expanding,0.4632080495357513,0.5317482352256775
2015-07-06,core,252,expanding,0.9262874126434326,0.6248791813850403
2015-07-07,core,252,expanding,0.9469451904296876,0.8669756650924683
2015-07-08,core,252,expanding,0.9316666722297668,0.9530239105224608
2015-07-09,core,252,expanding,1.3116600513458252,0.7768691778182983
2015-07-10,core,252,expanding,1.123153805732727,0.7596449851989746
2015-07-13,core,252,expanding,0.6816275119781494,0.658655047416687
2015-07-14,core,252,expanding,0.2428647130727768,0.5708034038543701
2015-07-15,core,252,expanding,0.3678913712501526,0.4819569289684295
2015-07-16,core,252,expanding,0.3954748511314392,0.4762416779994964
2015-07-17,core,252,expanding,0.2423936873674392,0.3612595498561859
2015-07-20,core,252,expanding,0.292244017124176,0.3379885852336883
2015-07-21,core,252,expanding,0.3257938623428345,0.4359495639801025
2015-07-22,core,252,expanding,0.4348017573356628,0.3763967752456665
2015-07-23,core,252,expanding,0.399826169013977,0.5404558181762695
2015-07-24,core,252,expanding,0.4459609091281891,0.7259643077850342
2015-07-27,core,252,expanding,0.7757925391197205,0.5320186614990234
2015-07-28,core,252,expanding,0.5373643636703491,0.6713062524795532
2015-07-29,core,252,expanding,0.4497852921485901,0.5046232342720032
2015-07-30,core,252,expanding,0.4582180976867676,0.5069785118103027
2015-07-31,core,252,expanding,0.3839213848114013,0.4501227438449859
2015-08-03,core,252,expanding,0.5662893056869507,0.5774407386779785
2015-08-04,core,252,expanding,0.4822500050067901,0.4917679131031036
2015-08-05,core,252,expanding,0.64484703540802,0.5136894583702087
2015-08-06,core,252,expanding,0.541225254535675,0.7151016592979431
2015-08-07,core,252,expanding,0.576079785823822,0.5528174638748169
2015-08-10,core,252,expanding,0.6756598353385925,0.6069983243942261
2015-08-11,core,252,expanding,0.8222931623458862,0.7334957122802734
2015-08-12,core,252,expanding,1.070734977722168,1.0467554330825806
2015-08-13,core,252,expanding,0.6425189971923828,0.6388593912124634
2015-08-14,core,252,expanding,0.4068052768707275,0.5405627489089966
2015-08-17,core,252,expanding,0.5880442261695862,0.6542544364929199
2015-08-18,core,252,expanding,0.3682068288326263,0.4607230126857757
2015-08-19,core,252,expanding,0.9496463537216188,0.6660395264625549
2015-08-20,core,252,expanding,1.073470950126648,1.0589174032211304
2015-08-21,core,252,expanding,1.521138310432434,1.69975483417511
2015-08-24,core,252,expanding,6.107092380523682,2.711942672729492
2015-08-25,core,252,expanding,2.710724115371704,2.985589027404785
2015-08-26,core,252,expanding,2.8424289226531982,2.16927433013916
2015-08-27,core,252,expanding,1.896519660949707,1.6533747911453247
2015-08-28,core,252,expanding,0.9556337594985962,0.9987865090370178
2015-08-31,core,252,expanding,1.0897337198257446,0.9607935547828674
2015-09-01,core,252,expanding,2.2449772357940674,2.012941360473633
2015-09-02,core,252,expanding,1.4546595811843872,1.1769447326660156
2015-09-03,core,252,expanding,0.992962121963501,1.303997039794922
2015-09-04,core,252,expanding,1.4397097826004028,1.1652559041976929
2015-09-08,core,252,expanding,1.468074917793274,1.171916365623474
2015-09-09,core,252,expanding,1.1140401363372805,1.5705066919326782
2015-09-10,core,252,expanding,0.8762382864952087,1.178574562072754
2015-09-11,core,252,expanding,0.8052470088005066,0.9134761691093444
2015-09-14,core,252,expanding,0.5960224270820618,0.7369787096977234
2015-09-15,core,252,expanding,0.5569227337837219,0.8131828904151917
2015-09-16,core,252,expanding,0.5929057002067566,0.7288230061531067
2015-09-17,core,252,expanding,1.27928626537323,1.02128267288208
2015-09-18,core,252,expanding,1.361925482749939,1.0822060108184814
2015-09-21,core,252,expanding,0.8707589507102966,0.7909221649169922
2015-09-22,core,252,expanding,1.3077605962753296,1.083749294281006
2015-09-23,core,252,expanding,0.7572812438011169,0.9070867896080016
2015-09-24,core,252,expanding,1.044100642204285,1.0841091871261597
2015-09-25,core,252,expanding,1.0345593690872192,1.1312943696975708
2015-09-28,core,252,expanding,1.1553207635879517,1.5182561874389648
2015-09-29,core,252,expanding,1.1817799806594849,1.0907269716262815
2015-09-30,core,252,expanding,1.495627760887146,1.1030220985412598
2015-10-01,core,252,expanding,1.141032576560974,0.959712028503418
2015-10-02,core,252,expanding,1.693498611450195,1.622504472732544
2015-10-05,core,252,expanding,0.8905875086784363,1.0733740329742432
2015-10-06,core,252,expanding,0.6829049587249756,0.8958574533462524
2015-10-07,core,252,expanding,0.94715017080307,0.7843940854072571
2015-10-08,core,252,expanding,0.7110604047775269,0.8007363677024841
2015-10-09,core,252,expanding,0.5342766046524048,0.6416972875595093
2015-10-12,core,252,expanding,0.3761202991008758,0.3570467233657837
2015-10-13,core,252,expanding,0.615027904510498,0.6245911717414856
2015-10-14,core,252,expanding,0.6851932406425476,0.6463388204574585
2015-10-15,core,252,expanding,0.5368911623954773,0.6949647665023804
2015-10-16,core,252,expanding,0.5126047134399414,0.4469851851463318
2015-10-19,core,252,expanding,0.5282853245735168,0.3991008400917053
2015-10-20,core,252,expanding,0.5042325258255005,0.4496030211448669
2015-10-21,core,252,expanding,0.7471799254417419,0.6131961345672607
2015-10-22,core,252,expanding,0.7661428451538086,0.7807732820510864
2015-10-23,core,252,expanding,0.8509055972099304,0.579827070236206
2015-10-26,core,252,expanding,0.3822285532951355,0.4265763163566589
2015-10-27,core,252,expanding,0.5862306952476501,0.4380418062210083
2015-10-28,core,252,expanding,0.9409856796264648,0.647977888584137
2015-10-29,core,252,expanding,0.4814004302024841,0.4848880171775818
2015-10-30,core,252,expanding,0.5342662334442139,0.5452425479888916
2015-11-02,core,252,expanding,0.4204661846160888,0.5741684436798096
2015-11-03,core,252,expanding,0.4835807979106903,0.4791130423545837
2015-11-04,core,252,expanding,0.614382803440094,0.5264623761177063
2015-11-05,core,252,expanding,0.5839255452156067,0.5499001145362854
2015-11-06,core,252,expanding,0.6034426689147949,0.5750653147697449
2015-11-09,core,252,expanding,0.7614883780479431,0.7424115538597107
2015-11-10,core,252,expanding,0.5499747395515442,0.5135327577590942
2015-11-11,core,252,expanding,0.4731254279613495,0.5349687933921814
2015-11-12,core,252,expanding,0.8733656406402588,0.7600669860839844
2015-11-13,core,252,expanding,0.6671431660652161,0.7806520462036133
2015-11-16,core,252,expanding,0.7153626084327698,0.8030533194541931
2015-11-17,core,252,expanding,0.7524334192276001,0.6630527973175049
2015-11-18,core,252,expanding,0.7099785804748535,0.7777028679847717
2015-11-19,core,252,expanding,0.4644718766212463,0.4509342908859253
2015-11-20,core,252,expanding,0.5691575407981873,0.5389741659164429
2015-11-23,core,252,expanding,0.4336825907230377,0.4558434784412384
2015-11-24,core,252,expanding,0.6535255312919617,0.6167212128639221
2015-11-25,core,252,expanding,0.3200731873512268,0.3785492777824402
2015-11-27,core,252,expanding,0.2484254091978073,0.4008145034313202
2015-11-30,core,252,expanding,0.4424359798431396,0.4031408429145813
2015-12-01,core,252,expanding,0.6222959756851196,0.4523161649703979
2015-12-02,core,252,expanding,0.5199115872383118,0.6808101534843445
2015-12-03,core,252,expanding,0.8429600596427917,0.9551154375076294
2015-12-04,core,252,expanding,0.845172643661499,1.0219730138778689
2015-12-07,core,252,expanding,0.8103945255279541,0.7910158634185791
2015-12-08,core,252,expanding,1.2818913459777832,0.8116968870162964
2015-12-09,core,252,expanding,1.0488706827163696,1.274089813232422
2015-12-10,core,252,expanding,0.7810572385787964,0.8738953471183777
2015-12-11,core,252,expanding,1.160577654838562,1.0578417778015137
2015-12-14,core,252,expanding,1.239391565322876,0.9949938058853148
2015-12-15,core,252,expanding,1.0609846115112305,0.8647041916847229
2015-12-16,core,252,expanding,0.983195960521698,0.8575288653373718
2015-12-17,core,252,expanding,0.9051330089569092,1.0158876180648804
2015-12-18,core,252,expanding,0.975375771522522,1.0511499643325806
2015-12-21,core,252,expanding,0.8869057893753052,0.750424861907959
2015-12-22,core,252,expanding,0.6400415897369385,0.7609929442405701
2015-12-23,core,252,expanding,0.5840789675712585,0.7138035297393799
2015-12-24,core,252,expanding,0.2801190316677093,0.560335636138916
2015-12-28,core,252,expanding,0.544843852519989,0.461853414773941
2015-12-29,core,252,expanding,0.6348679661750793,0.6274394989013672
2015-12-30,core,252,expanding,0.4367802739143371,0.5788630843162537
2015-12-31,core,252,expanding,0.6944714784622192,0.6065977811813354
2016-01-04,core,252,expanding,1.8643945455551147,1.1338694095611572
2016-01-05,core,252,expanding,0.7911797761917114,0.7810689806938171
2016-01-06,core,252,expanding,1.4094488620758057,1.037076115608215
2016-01-07,core,252,expanding,1.9777171611785889,1.3128411769866943
2016-01-08,core,252,expanding,1.3276973962783811,1.586108922958374
2016-01-11,core,252,expanding,1.2732048034667969,1.3393452167510986
2016-01-12,core,252,expanding,1.3360037803649902,1.115444302558899
2016-01-13,core,252,expanding,1.4331769943237305,1.7683470249176023
2016-01-14,core,252,expanding,1.276334524154663,1.6573766469955444
2016-01-15,core,252,expanding,2.256190776824951,1.823709487915039
2016-01-19,core,252,expanding,1.414040446281433,1.4297006130218506
2016-01-20,core,252,expanding,2.090296983718872,2.083519458770752
2016-01-21,core,252,expanding,1.7240387201309204,1.5219926834106443
2016-01-22,core,252,expanding,1.350212812423706,1.2522579431533811
2016-01-25,core,252,expanding,0.8432279825210571,1.145797610282898
2016-01-26,core,252,expanding,1.132907509803772,0.8873446583747864
2016-01-27,core,252,expanding,1.418370008468628,1.4031686782836914
2016-01-28,core,252,expanding,1.6049604415893557,1.1185286045074463
2016-01-29,core,252,expanding,0.8625195026397705,1.3398008346557615
2016-02-01,core,252,expanding,1.108719825744629,0.8941320776939392
2016-02-02,core,252,expanding,1.0957472324371338,1.188146948814392
2016-02-03,core,252,expanding,1.661211013793945,1.4723998308181765
2016-02-04,core,252,expanding,1.3568352460861206,1.251466155052185
2016-02-05,core,252,expanding,1.1918375492095947,1.318515062332153
2016-02-08,core,252,expanding,1.7131495475769043,1.4364670515060425
2016-02-09,core,252,expanding,1.7238924503326416,1.3659740686416626
2016-02-10,core,252,expanding,1.284624099731445,1.2152528762817385
2016-02-11,core,252,expanding,1.7465639114379885,1.3531389236450195
2016-02-12,core,252,expanding,0.9847818613052368,1.095807433128357
2016-02-16,core,252,expanding,0.9619315266609192,0.9193787574768066
2016-02-17,core,252,expanding,0.8570308089256287,1.0334501266479492
2016-02-18,core,252,expanding,0.6592288613319397,0.7470933198928833
2016-02-19,core,252,expanding,0.8370142579078674,0.7299513816833496
2016-02-22,core,252,expanding,0.8208672404289246,0.6165076494216919
2016-02-23,core,252,expanding,0.7050926089286804,0.8497583866119385
2016-02-24,core,252,expanding,1.3654946088790894,1.2082420587539673
2016-02-25,core,252,expanding,0.8240745067596436,0.8961355686187744
2016-02-26,core,252,expanding,0.7443616390228271,0.7679411172866821
2016-02-29,core,252,expanding,0.6923912763595581,0.8817330598831177
2016-03-01,core,252,expanding,0.8032092452049255,0.9441142082214355
2016-03-02,core,252,expanding,0.6526565551757812,0.7250634431838989
2016-03-03,core,252,expanding,0.5303792953491211,0.6296579837799072
2016-03-04,core,252,expanding,0.6377307772636414,0.6712502241134644
2016-03-07,core,252,expanding,0.7092128396034241,0.5854985117912292
2016-03-08,core,252,expanding,0.8456987738609314,0.72758549451828
2016-03-09,core,252,expanding,0.7557376623153687,0.625355064868927
2016-03-10,core,252,expanding,1.0528972148895264,1.074590086936951
2016-03-11,core,252,expanding,0.7802853584289551,0.7381235957145691
2016-03-14,core,252,expanding,0.4418516457080841,0.55904620885849
2016-03-15,core,252,expanding,0.5727604031562805,0.5146769881248474
2016-03-16,core,252,expanding,0.8591802716255188,0.6370282769203186
2016-03-17,core,252,expanding,0.4830599427223205,0.7094164490699768
2016-03-18,core,252,expanding,0.5102292895317078,0.4476505219936371
2016-03-21,core,252,expanding,0.4179591834545135,0.4018498063087463
2016-03-22,core,252,expanding,0.5167195200920105,0.527588427066803
2016-03-23,core,252,expanding,0.4682425260543823,0.5341992974281311
2016-03-24,core,252,expanding,0.5987577438354492,0.5205735564231873
2016-03-28,core,252,expanding,0.3967815637588501,0.394505500793457
2016-03-29,core,252,expanding,0.5566663146018982,0.634401261806488
2016-03-30,core,252,expanding,0.5525966882705688,0.4989800453186035
2016-03-31,core,252,expanding,0.3733204007148742,0.4596434533596039
2016-04-01,core,252,expanding,0.7174330949783325,0.7751907110214233
2016-04-04,core,252,expanding,0.4242019653320312,0.4381000399589538
2016-04-05,core,252,expanding,0.7961450219154358,0.6161131262779236
2016-04-06,core,252,expanding,0.5540632605552673,0.6426486372947693
2016-04-07,core,252,expanding,0.7730053663253784,0.7785895466804504
2016-04-08,core,252,expanding,0.6810202598571777,0.695881724357605
2016-04-11,core,252,expanding,0.6143216490745544,0.7432140707969666
2016-04-12,core,252,expanding,0.6139630079269409,0.7196617126464844
2016-04-13,core,252,expanding,0.5803050398826599,0.5274466872215271
2016-04-14,core,252,expanding,0.4040981829166412,0.4044440388679504
2016-04-15,core,252,expanding,0.2471265494823455,0.3413648009300232
2016-04-18,core,252,expanding,0.4576647281646728,0.5471704602241516
2016-04-19,core,252,expanding,0.4471403062343597,0.4148631989955902
2016-04-20,core,252,expanding,0.3924191296100616,0.4589649736881256
2016-04-21,core,252,expanding,0.4886075556278229,0.4834736585617065
2016-04-22,core,252,expanding,0.4717874526977539,0.449651300907135
2016-04-25,core,252,expanding,0.4663309752941131,0.4158405065536499
2016-04-26,core,252,expanding,0.4146104454994201,0.4016048312187195
2016-04-27,core,252,expanding,0.5534590482711792,0.4850600957870483
2016-04-28,core,252,expanding,0.6042600274085999,0.7181825041770935
2016-04-29,core,252,expanding,0.7228695750236511,0.6821548938751221
2016-05-02,core,252,expanding,0.480984628200531,0.5062645673751831
2016-05-03,core,252,expanding,0.7204863429069519,0.6644803881645203
2016-05-04,core,252,expanding,0.5959994196891785,0.5681617259979248
2016-05-05,core,252,expanding,0.5839337110519409,0.5556849837303162
2016-05-06,core,252,expanding,0.6555532813072205,0.6171210408210754
2016-05-09,core,252,expanding,0.4680878221988678,0.4285719096660614
2016-05-10,core,252,expanding,0.4542472064495086,0.5545735359191895
2016-05-11,core,252,expanding,0.4730702638626098,0.5292205214500427
2016-05-12,core,252,expanding,0.6881145238876343,0.6562061309814453
2016-05-13,core,252,expanding,0.5798383355140686,0.7481345534324646
2016-05-16,core,252,expanding,0.4479709267616272,0.7112323641777039
2016-05-17,core,252,expanding,0.5969027876853943,0.7089722752571106
2016-05-18,core,252,expanding,0.9573208093643188,0.8107582926750183
2016-05-19,core,252,expanding,0.8042436838150024,0.7060834765434265
2016-05-20,core,252,expanding,0.5121746063232422,0.5967422127723694
2016-05-23,core,252,expanding,0.3349516093730926,0.4079371988773346
2016-05-24,core,252,expanding,0.5281316637992859,0.607084333896637
2016-05-25,core,252,expanding,0.4735313057899475,0.4802688062191009
2016-05-26,core,252,expanding,0.3417476713657379,0.3394575119018554
2016-05-27,core,252,expanding,0.2984107136726379,0.3345035016536712
2016-05-31,core,252,expanding,0.4157238900661468,0.4275668859481811
2016-06-01,core,252,expanding,0.5437378883361816,0.4721868932247162
2016-06-02,core,252,expanding,0.4243984520435333,0.4505161941051483
2016-06-03,core,252,expanding,0.594088077545166,0.5675967931747437
2016-06-06,core,252,expanding,0.3940285444259643,0.3955325782299042
2016-06-07,core,252,expanding,0.2598709166049957,0.3578242063522339
2016-06-08,core,252,expanding,0.3198907077312469,0.329223483800888
2016-06-09,core,252,expanding,0.4458799064159393,0.3752974569797516
2016-06-10,core,252,expanding,0.6192079782485962,0.5203678011894226
2016-06-13,core,252,expanding,0.5233069658279419,0.5721621513366699
2016-06-14,core,252,expanding,0.6233665347099304,0.5315317511558533
2016-06-15,core,252,expanding,0.4930331110954284,0.5433754920959473
2016-06-16,core,252,expanding,0.7422111630439758,0.7430928349494934
2016-06-17,core,252,expanding,0.5440672039985657,0.5269476771354675
2016-06-20,core,252,expanding,0.8680330514907837,0.6610609889030457
2016-06-21,core,252,expanding,0.4856100082397461,0.4445274174213409
2016-06-22,core,252,expanding,0.5078912973403931,0.4975438416004181
2016-06-23,core,252,expanding,0.5845242142677307,0.4763753712177276
2016-06-24,core,252,expanding,2.5068275928497314,2.055760622024536
2016-06-27,core,252,expanding,1.1343152523040771,1.3023306131362915
2016-06-28,core,252,expanding,0.9142375588417052,1.101606369018555
2016-06-29,core,252,expanding,0.7956054210662842,0.8464433550834656
2016-06-30,core,252,expanding,0.5864193439483643,0.8545397520065308
2016-07-01,core,252,expanding,0.3890992701053619,0.490979790687561
2016-07-05,core,252,expanding,0.5271096229553223,0.5793353319168091
2016-07-06,core,252,expanding,0.6909399032592773,0.7327343225479126
2016-07-07,core,252,expanding,0.5431602597236633,0.5996701717376709
2016-07-08,core,252,expanding,0.391685426235199,0.6007940769195557
2016-07-11,core,252,expanding,0.4308535456657409,0.3801492154598236
2016-07-12,core,252,expanding,0.5599690675735474,0.4478446841239929
2016-07-13,core,252,expanding,0.3626339137554168,0.4210079908370971
2016-07-14,core,252,expanding,0.5216362476348877,0.3846684098243713
2016-07-15,core,252,expanding,0.3339429497718811,0.4008574187755584
2016-07-18,core,252,expanding,0.2528551518917084,0.2829190492630005
2016-07-19,core,252,expanding,0.2636338472366333,0.3396427035331726
2016-07-20,core,252,expanding,0.2262370586395263,0.3585447072982788
2016-07-21,core,252,expanding,0.337037056684494,0.4337084889411926
2016-07-22,core,252,expanding,0.2645395696163177,0.3668563961982727
2016-07-25,core,252,expanding,0.3274501264095306,0.395617127418518
2016-07-26,core,252,expanding,0.4504607915878296,0.3919704556465149
2016-07-27,core,252,expanding,0.479295939207077,0.4946767389774322
2016-07-28,core,252,expanding,0.4895424544811249,0.4122027456760406
2016-07-29,core,252,expanding,0.4007420241832733,0.4434866309165954
2016-08-01,core,252,expanding,0.4704261720180511,0.4069571495056152
2016-08-02,core,252,expanding,0.4987277686595917,0.6140162944793701
2016-08-03,core,252,expanding,0.3435832560062408,0.4147066473960876
2016-08-04,core,252,expanding,0.3353202641010284,0.3671554327011108
2016-08-05,core,252,expanding,0.3109190464019775,0.4048106074333191
2016-08-08,core,252,expanding,0.2371287792921066,0.33695849776268
2016-08-09,core,252,expanding,0.2269516140222549,0.3255118131637573
2016-08-10,core,252,expanding,0.3250317573547363,0.3966432809829712
2016-08-11,core,252,expanding,0.3414006233215332,0.3542126417160034
2016-08-12,core,252,expanding,0.2294441312551498,0.330131471157074
2016-08-15,core,252,expanding,0.1975472271442413,0.3073906302452087
2016-08-16,core,252,expanding,0.3397499620914459,0.3387978076934814
2016-08-17,core,252,expanding,0.4053941667079925,0.4156709611415863
2016-08-18,core,252,expanding,0.2481752336025238,0.3152723908424377
2016-08-19,core,252,expanding,0.3755485713481903,0.3754850029945373
2016-08-22,core,252,expanding,0.4753009974956512,0.3503189980983734
2016-08-23,core,252,expanding,0.2574482858181,0.2812266647815704
2016-08-24,core,252,expanding,0.3273195028305053,0.4301624000072479
2016-08-25,core,252,expanding,0.3921144306659698,0.3581080138683319
2016-08-26,core,252,expanding,0.6130600571632385,0.6804625391960144
2016-08-29,core,252,expanding,0.2932550311088562,0.3943096101284027
2016-08-30,core,252,expanding,0.3749251365661621,0.4026331603527069
2016-08-31,core,252,expanding,0.3562649190425873,0.4184532463550567
2016-09-01,core,252,expanding,0.4937528371810913,0.4546913206577301
2016-09-02,core,252,expanding,0.3830015659332275,0.3707078397274017
2016-09-06,core,252,expanding,0.3238064646720886,0.3526274263858795
2016-09-07,core,252,expanding,0.2669856548309326,0.3343835771083832
2016-09-08,core,252,expanding,0.2952359914779663,0.3453768193721771
2016-09-09,core,252,expanding,0.664097785949707,1.0735431909561155
2016-09-12,core,252,expanding,0.752480149269104,0.862355649471283
2016-09-13,core,252,expanding,0.969701886177063,0.8861163854598999
2016-09-14,core,252,expanding,0.6843146085739136,0.81520015001297
2016-09-15,core,252,expanding,0.6103323698043823,0.7878884673118591
2016-09-16,core,252,expanding,0.6537879109382629,0.5731084942817688
2016-09-19,core,252,expanding,0.4930750727653503,0.5737793445587158
2016-09-20,core,252,expanding,0.4417466819286346,0.4197524189949035
2016-09-21,core,252,expanding,0.5785161852836609,0.5705963373184204
2016-09-22,core,252,expanding,0.481725662946701,0.3276761174201965
2016-09-23,core,252,expanding,0.3419942259788513,0.3857322335243225
2016-09-26,core,252,expanding,0.458999752998352,0.4547677636146545
2016-09-27,core,252,expanding,0.4963929355144501,0.4941280484199524
2016-09-28,core,252,expanding,0.4797413945198059,0.4987172186374664
2016-09-29,core,252,expanding,0.6804351210594177,0.6455017924308777
2016-09-30,core,252,expanding,0.5552424192428589,0.5315313935279846
2016-10-03,core,252,expanding,0.4135640859603882,0.4137856960296631
2016-10-04,core,252,expanding,0.6580941081047058,0.5994023680686951
2016-10-05,core,252,expanding,0.3504313230514526,0.4031562805175781
2016-10-06,core,252,expanding,0.4211918413639068,0.4459478557109833
2016-10-07,core,252,expanding,0.5236009359359741,0.5815757513046265
2016-10-10,core,252,expanding,0.3350566327571869,0.3203106522560119
2016-10-11,core,252,expanding,0.5850227475166321,0.7812371253967285
2016-10-12,core,252,expanding,0.4278507828712463,0.44998300075531
2016-10-13,core,252,expanding,0.6159225702285767,0.648937463760376
2016-10-14,core,252,expanding,0.5145489573478699,0.5210986137390137
2016-10-17,core,252,expanding,0.3883950114250183,0.430578738451004
2016-10-18,core,252,expanding,0.4081222414970398,0.3361576795578003
2016-10-19,core,252,expanding,0.2723785638809204,0.3741920590400696
2016-10-20,core,252,expanding,0.5416315197944641,0.4004181623458862
2016-10-21,core,252,expanding,0.4507193267345428,0.3840228319168091
2016-10-24,core,252,expanding,0.3396598100662231,0.2843201160430908
2016-10-25,core,252,expanding,0.3230628073215484,0.3655852079391479
2016-10-26,core,252,expanding,0.4787444770336151,0.4233432412147522
2016-10-27,core,252,expanding,0.4776531457901001,0.4702880382537842
2016-10-28,core,252,expanding,0.7668375968933105,0.5982798337936401
2016-10-31,core,252,expanding,0.3748847544193268,0.3420690298080444
2016-11-01,core,252,expanding,0.5948173403739929,0.7957265973091125
2016-11-02,core,252,expanding,0.6631988286972046,0.5591101050376892
2016-11-03,core,252,expanding,0.4272792339324951,0.6425170302391052
2016-11-04,core,252,expanding,0.56281977891922,0.536907434463501
2016-11-07,core,252,expanding,0.762750506401062,0.5936926007270813
2016-11-08,core,252,expanding,0.5622711777687073,0.5653321146965027
2016-11-09,core,252,expanding,1.103110671043396,0.9217664003372192
2016-11-10,core,252,expanding,1.0612717866897583,0.7977268695831299
2016-11-11,core,252,expanding,0.5606706738471985,0.5674471259117126
2016-11-14,core,252,expanding,0.5229861736297607,0.5162256360054016
2016-11-15,core,252,expanding,0.3335860073566437,0.5022831559181213
2016-11-16,core,252,expanding,0.3812691569328308,0.3881861269474029
2016-11-17,core,252,expanding,0.2612607479095459,0.3935644328594208
2016-11-18,core,252,expanding,0.3081079721450805,0.3580232858657837
2016-11-21,core,252,expanding,0.3042566776275635,0.3583519458770752
2016-11-22,core,252,expanding,0.2916544377803802,0.3372073173522949
2016-11-23,core,252,expanding,0.2739172577857971,0.3436038196086883
2016-11-25,core,252,expanding,0.1411752551794052,0.2768107056617737
2016-11-28,core,252,expanding,0.311784029006958,0.3239042460918426
2016-11-29,core,252,expanding,0.3024925589561462,0.3939482867717743
2016-11-30,core,252,expanding,0.5293129682540894,0.442667543888092
2016-12-01,core,252,expanding,0.4615923166275024,0.5016881227493286
2016-12-02,core,252,expanding,0.382408082485199,0.3422336876392364
2016-12-05,core,252,expanding,0.2903845012187958,0.2937168478965759
2016-12-06,core,252,expanding,0.2976779341697693,0.3573826551437378
2016-12-07,core,252,expanding,0.4763052761554718,0.5580834150314331
2016-12-08,core,252,expanding,0.4019447863101959,0.4058631360530853
2016-12-09,core,252,expanding,0.2897843718528747,0.3092157244682312
2016-12-12,core,252,expanding,0.3811413049697876,0.3684760928153991
2016-12-13,core,252,expanding,0.3899644017219543,0.3597020804882049
2016-12-14,core,252,expanding,0.8847878575325012,0.5677872896194458
2016-12-15,core,252,expanding,0.5356317758560181,0.4836727976799011
2016-12-16,core,252,expanding,0.4584411978721618,0.4563042521476745
2016-12-19,core,252,expanding,0.3088212013244629,0.3554141521453857
2016-12-20,core,252,expanding,0.2855783700942993,0.2676438689231872
2016-12-21,core,252,expanding,0.1954396814107895,0.3357244431972503
2016-12-22,core,252,expanding,0.2534743547439575,0.3059888184070587
2016-12-23,core,252,expanding,0.1615386456251144,0.2564429044723511
2016-12-27,core,252,expanding,0.2364281415939331,0.2764757871627807
2016-12-28,core,252,expanding,0.352010577917099,0.4346628785133362
2016-12-29,core,252,expanding,0.3400283455848694,0.3699808418750763
2016-12-30,core,252,expanding,0.469421923160553,0.5374779105186462
2017-01-03,core,252,expanding,0.5941449999809265,0.4053487479686737
2017-01-04,core,252,expanding,0.3641157150268554,0.3421204686164856
2017-01-05,core,252,expanding,0.3432903885841369,0.3832381963729858
2017-01-06,core,252,expanding,0.3869064152240753,0.4450989067554474
2017-01-09,core,252,expanding,0.2839605510234833,0.2791894078254699
2017-01-10,core,252,expanding,0.3544443547725677,0.3926076292991638
2017-01-11,core,252,expanding,0.5368474721908569,0.3783856034278869
2017-01-12,core,252,expanding,0.487313836812973,0.4558712840080261
2017-01-13,core,252,expanding,0.290849506855011,0.2769398391246795
2017-01-17,core,252,expanding,0.3088895082473755,0.3639907240867615
2017-01-18,core,252,expanding,0.3339954912662506,0.2977253794670105
2017-01-19,core,252,expanding,0.3924441039562225,0.4619976282119751
2017-01-20,core,252,expanding,0.454139769077301,0.3729526698589325
2017-01-23,core,252,expanding,0.4279355704784393,0.4287015497684479
2017-01-24,core,252,expanding,0.2782492935657501,0.3915091753005981
2017-01-25,core,252,expanding,0.2939313948154449,0.2889037430286407
2017-01-26,core,252,expanding,0.2952443361282348,0.2673295438289642
2017-01-27,core,252,expanding,0.2568880319595337,0.257961630821228
2017-01-30,core,252,expanding,0.4480785131454468,0.4687452912330627
2017-01-31,core,252,expanding,0.4137376248836517,0.3510003387928009
2017-02-01,core,252,expanding,0.453660637140274,0.4041196405887604
2017-02-02,core,252,expanding,0.4019522368907928,0.3255713582038879
2017-02-03,core,252,expanding,0.2836639881134033,0.3158509135246277
2017-02-06,core,252,expanding,0.2499499022960662,0.2967050969600677
2017-02-07,core,252,expanding,0.2756151556968689,0.2947188317775726
2017-02-08,core,252,expanding,0.3489532768726349,0.3094037473201751
2017-02-09,core,252,expanding,0.2515974044799804,0.328315794467926
2017-02-10,core,252,expanding,0.2165834456682205,0.2556854486465454
2017-02-13,core,252,expanding,0.2217499762773513,0.2540208995342254
2017-02-14,core,252,expanding,0.3285106420516968,0.332121729850769
2017-02-15,core,252,expanding,0.3014621436595917,0.3566124141216278
2017-02-16,core,252,expanding,0.4711402356624603,0.3297106325626373
2017-02-17,core,252,expanding,0.2854782342910766,0.3112322390079498
2017-02-21,core,252,expanding,0.3339502215385437,0.2906543314456939
2017-02-22,core,252,expanding,0.2627743482589721,0.2808093726634979
2017-02-23,core,252,expanding,0.3267427682876587,0.3560084998607635
2017-02-24,core,252,expanding,0.3853337168693542,0.3889107406139374
2017-02-27,core,252,expanding,0.2892083823680877,0.2820011973381042
2017-02-28,core,252,expanding,0.2856677174568176,0.3047665357589721
2017-03-01,core,252,expanding,0.377248615026474,0.3958402276039123
2017-03-02,core,252,expanding,0.3869376182556152,0.384667158126831
2017-03-03,core,252,expanding,0.3139192163944244,0.2956545948982239
2017-03-06,core,252,expanding,0.305844247341156,0.3566434681415558
2017-03-07,core,252,expanding,0.3097547888755798,0.3288428485393524
2017-03-08,core,252,expanding,0.3364221751689911,0.3860808312892914
2017-03-09,core,252,expanding,0.349087119102478,0.3872204124927521
2017-03-10,core,252,expanding,0.3722757697105407,0.353871613740921
2017-03-13,core,252,expanding,0.2337055802345276,0.2443167567253112
2017-03-14,core,252,expanding,0.3798516690731048,0.3398278653621673
2017-03-15,core,252,expanding,0.4296440482139587,0.3903417289257049
2017-03-16,core,252,expanding,0.3226821422576904,0.3334888219833374
2017-03-17,core,252,expanding,0.2527070939540863,0.2905996441841125
2017-03-20,core,252,expanding,0.3469682037830353,0.3442243933677673
2017-03-21,core,252,expanding,0.6479567885398865,0.7725592851638794
2017-03-22,core,252,expanding,0.5360957384109497,0.4393112361431122
2017-03-23,core,252,expanding,0.5107344388961792,0.4829424023628235
2017-03-24,core,252,expanding,0.5062916874885559,0.4998801052570343
2017-03-27,core,252,expanding,0.4787888824939728,0.5735092163085938
2017-03-28,core,252,expanding,0.4661623537540436,0.5443246364593506
2017-03-29,core,252,expanding,0.3232223391532898,0.3453372120857239
2017-03-30,core,252,expanding,0.2998308837413788,0.3236511945724487
2017-03-31,core,252,expanding,0.3427317142486572,0.3145692646503448
2017-04-03,core,252,expanding,0.493642508983612,0.5120953321456909
2017-04-04,core,252,expanding,0.3619523346424103,0.3155384659767151
2017-04-05,core,252,expanding,0.6213233470916748,0.5963144302368164
2017-04-06,core,252,expanding,0.5119221210479736,0.3857012093067169
2017-04-07,core,252,expanding,0.4495516717433929,0.4185889661312103
2017-04-10,core,252,expanding,0.4825155735015869,0.3979151844978332
2017-04-11,core,252,expanding,0.5633184313774109,0.4768106639385223
2017-04-12,core,252,expanding,0.4779595732688904,0.4396936595439911
2017-04-13,core,252,expanding,0.4887461364269256,0.533922016620636
2017-04-17,core,252,expanding,0.3559204041957855,0.4078750312328338
2017-04-18,core,252,expanding,0.4290758669376373,0.4363378882408142
2017-04-19,core,252,expanding,0.3614488244056701,0.5067254900932312
2017-04-20,core,252,expanding,0.3553574383258819,0.4443728923797607
2017-04-21,core,252,expanding,0.3804391920566559,0.3834278285503387
2017-04-24,core,252,expanding,0.2908990383148193,0.2495741844177246
2017-04-25,core,252,expanding,0.2688362300395965,0.3055571317672729
2017-04-26,core,252,expanding,0.4716068804264068,0.3337153792381286
2017-04-27,core,252,expanding,0.3280641734600067,0.3078888654708862
2017-04-28,core,252,expanding,0.2976835668087005,0.3559035062789917
2017-05-01,core,252,expanding,0.2744441032409668,0.3070330917835235
2017-05-02,core,252,expanding,0.2416128516197204,0.2834012508392334
2017-05-03,core,252,expanding,0.2866865396499634,0.3428422212600708
2017-05-04,core,252,expanding,0.3698002099990845,0.3150542974472046
2017-05-05,core,252,expanding,0.2362615019083023,0.2993383407592773
2017-05-08,core,252,expanding,0.2636096775531769,0.2758166790008545
2017-05-09,core,252,expanding,0.2550305724143982,0.3459892272949219
2017-05-10,core,252,expanding,0.2191449999809265,0.2380431145429611
2017-05-11,core,252,expanding,0.3404338657855987,0.3687103390693664
2017-05-12,core,252,expanding,0.2339843213558197,0.2741320729255676
2017-05-15,core,252,expanding,0.234304741024971,0.2979584038257599
2017-05-16,core,252,expanding,0.2754415273666382,0.3022429645061493
2017-05-17,core,252,expanding,0.5703036785125732,0.6902080178260803
2017-05-18,core,252,expanding,0.6583026647567749,0.5184571743011475
2017-05-19,core,252,expanding,0.366624653339386,0.5019212365150452
2017-05-22,core,252,expanding,0.2527961134910583,0.3389328122138977
2017-05-23,core,252,expanding,0.2305911034345626,0.2964179813861847
2017-05-24,core,252,expanding,0.221903309226036,0.2479918599128723
2017-05-25,core,252,expanding,0.2922500073909759,0.2933762669563293
2017-05-26,core,252,expanding,0.1908531337976455,0.2451126873493194
2017-05-30,core,252,expanding,0.2087886333465576,0.2635997831821441
2017-05-31,core,252,expanding,0.3800635933876037,0.316125750541687
2017-06-01,core,252,expanding,0.2832896113395691,0.3227114975452423
2017-06-02,core,252,expanding,0.2677755951881408,0.3424086570739746
2017-06-05,core,252,expanding,0.2197204679250717,0.2811592519283294
2017-06-06,core,252,expanding,0.2919818758964538,0.2915267646312713
2017-06-07,core,252,expanding,0.2931000292301178,0.2946584820747375
2017-06-08,core,252,expanding,0.3601347208023071,0.3041908144950866
2017-06-09,core,252,expanding,0.5997708439826965,0.6379116177558899
2017-06-12,core,252,expanding,0.4464995563030243,0.348021000623703
2017-06-13,core,252,expanding,0.2831891179084778,0.2904594242572784
2017-06-14,core,252,expanding,0.452065646648407,0.3927443921566009
2017-06-15,core,252,expanding,0.4080300629138946,0.3908000886440277
2017-06-16,core,252,expanding,0.3347009420394897,0.3332671821117401
2017-06-19,core,252,expanding,0.242399975657463,0.3127841651439667
2017-06-20,core,252,expanding,0.3197608292102813,0.3765952885150909
2017-06-21,core,252,expanding,0.359465479850769,0.3423754274845123
2017-06-22,core,252,expanding,0.2689540386199951,0.2926132082939148
2017-06-23,core,252,expanding,0.2873464822769165,0.3202573359012604
2017-06-26,core,252,expanding,0.3764224648475647,0.3539104759693146
2017-06-27,core,252,expanding,0.4419737458229065,0.4539075791835785
2017-06-28,core,252,expanding,0.4040771722793579,0.3647124767303467
2017-06-29,core,252,expanding,0.6913115382194519,0.6881120800971985
2017-06-30,core,252,expanding,0.438387393951416,0.3905797898769378
2017-07-03,core,252,expanding,0.3407587707042694,0.3367761671543121
2017-07-05,core,252,expanding,0.3475565314292907,0.3250270485877991
2017-07-06,core,252,expanding,0.4471803903579712,0.4223729074001312
2017-07-07,core,252,expanding,0.3036389648914337,0.3807564675807953
2017-07-10,core,252,expanding,0.2508412003517151,0.319684624671936
2017-07-11,core,252,expanding,0.4518721401691437,0.4434778690338135
2017-07-12,core,252,expanding,0.3136285543441772,0.3062941133975982
2017-07-13,core,252,expanding,0.2180190831422805,0.265078455209732
2017-07-14,core,252,expanding,0.2176858335733413,0.363084614276886
2017-07-17,core,252,expanding,0.1770488321781158,0.2378490418195724
2017-07-18,core,252,expanding,0.2977620661258697,0.2975679934024811
2017-07-19,core,252,expanding,0.1982658952474594,0.2780088186264038
2017-07-20,core,252,expanding,0.2855852246284485,0.2608096599578857
2017-07-21,core,252,expanding,0.2156495153903961,0.2519254386425018
2017-07-24,core,252,expanding,0.1879815906286239,0.268033891916275
2017-07-25,core,252,expanding,0.198478102684021,0.2087462842464447
2017-07-26,core,252,expanding,0.2417433112859726,0.2428020387887954
2017-07-27,core,252,expanding,0.5124894380569458,0.4591165482997894
2017-07-28,core,252,expanding,0.2770515382289886,0.3060154616832733
2017-07-31,core,252,expanding,0.2764162421226501,0.3050340116024017
2017-08-01,core,252,expanding,0.2617815732955932,0.2565937936306
2017-08-02,core,252,expanding,0.363912284374237,0.3463472723960876
2017-08-03,core,252,expanding,0.2669261693954468,0.2841537296772003
2017-08-04,core,252,expanding,0.2778304815292358,0.2432585507631302
2017-08-07,core,252,expanding,0.1396302729845047,0.2201041877269745
2017-08-08,core,252,expanding,0.326453149318695,0.4655041098594665
2017-08-09,core,252,expanding,0.4273479580879211,0.3432585000991821
2017-08-10,core,252,expanding,0.5539331436157227,0.5583654642105103
2017-08-11,core,252,expanding,0.4029328823089599,0.3453376293182373
2017-08-14,core,252,expanding,0.3197154700756073,0.3151604235172272
2017-08-15,core,252,expanding,0.2756270468235016,0.2649199962615967
2017-08-16,core,252,expanding,0.3098800778388977,0.3054136633872986
2017-08-17,core,252,expanding,0.5666921734809875,0.6772174835205078
2017-08-18,core,252,expanding,0.5396871566772461,0.5318573117256165
2017-08-21,core,252,expanding,0.3802880346775055,0.3918943703174591
2017-08-22,core,252,expanding,0.3325574994087219,0.4223135113716125
2017-08-23,core,252,expanding,0.3348245024681091,0.3194941878318786
2017-08-24,core,252,expanding,0.4081401824951172,0.3872773945331573
2017-08-25,core,252,expanding,0.3522116839885711,0.3359747231006622
2017-08-28,core,252,expanding,0.2728010714054107,0.3249235451221466
2017-08-29,core,252,expanding,0.3023466169834137,0.470300942659378
2017-08-30,core,252,expanding,0.2819058001041412,0.3475788235664367
2017-08-31,core,252,expanding,0.2877491116523742,0.2898259460926056
2017-09-01,core,252,expanding,0.2610171437263489,0.2330113351345062
2017-09-05,core,252,expanding,0.5872742533683777,0.4757802486419678
2017-09-06,core,252,expanding,0.268234521150589,0.3330448567867279
2017-09-07,core,252,expanding,0.3488328754901886,0.297836422920227
2017-09-08,core,252,expanding,0.2621460855007171,0.2830720543861389
2017-09-11,core,252,expanding,0.2791376709938049,0.3295304775238037
2017-09-12,core,252,expanding,0.2145793139934539,0.2189327478408813
2017-09-13,core,252,expanding,0.1859015226364135,0.2151096165180206
2017-09-14,core,252,expanding,0.2049117535352707,0.2468999624252319
2017-09-15,core,252,expanding,0.1887010931968689,0.2379065454006195
2017-09-18,core,252,expanding,0.2269259095191955,0.2545085549354553
2017-09-19,core,252,expanding,0.2094473242759704,0.1780657768249511
2017-09-20,core,252,expanding,0.3194049298763275,0.2915326058864593
2017-09-21,core,252,expanding,0.278279960155487,0.2789487838745117
2017-09-22,core,252,expanding,0.1865990906953811,0.2497793138027191
2017-09-25,core,252,expanding,0.3676814138889313,0.3824302554130554
2017-09-26,core,252,expanding,0.2561092972755432,0.2728596329689026
2017-09-27,core,252,expanding,0.3316907584667206,0.324808657169342
2017-09-28,core,252,expanding,0.2269646376371383,0.2385745346546173
2017-09-29,core,252,expanding,0.2212851494550705,0.2866116464138031
2017-10-02,core,252,expanding,0.2338762283325195,0.2607381641864776
2017-10-03,core,252,expanding,0.2067535817623138,0.2181507349014282
2017-10-04,core,252,expanding,0.2261823117733001,0.2337467074394226
2017-10-05,core,252,expanding,0.2003074586391449,0.2594677209854126
2017-10-06,core,252,expanding,0.2161086350679397,0.2365823984146118
2017-10-09,core,252,expanding,0.1942997872829437,0.2925937175750732
2017-10-10,core,252,expanding,0.2679659426212311,0.2771524786949157
2017-10-11,core,252,expanding,0.1861336380243301,0.2208609730005264
2017-10-12,core,252,expanding,0.1986778080463409,0.2423673868179321
2017-10-13,core,252,expanding,0.1888464540243148,0.2297853529453277
2017-10-16,core,252,expanding,0.1969553828239441,0.2464566826820373
2017-10-17,core,252,expanding,0.1530654579401016,0.214145690202713
2017-10-18,core,252,expanding,0.1756894290447235,0.181095540523529
2017-10-19,core,252,expanding,0.2339386045932769,0.2914286255836487
2017-10-20,core,252,expanding,0.2069419771432876,0.2282577157020568
2017-10-23,core,252,expanding,0.2227243334054947,0.3320121169090271
2017-10-24,core,252,expanding,0.2520716786384582,0.2363884598016739
2017-10-25,core,252,expanding,0.469613641500473,0.4381424784660339
2017-10-26,core,252,expanding,0.3526957333087921,0.2510885894298553
2017-10-27,core,252,expanding,0.3585015535354614,0.3657234609127044
2017-10-30,core,252,expanding,0.3192252218723297,0.3231140971183777
2017-10-31,core,252,expanding,0.19606314599514,0.222418338060379
2017-11-01,core,252,expanding,0.3145422637462616,0.2964502274990082
2017-11-02,core,252,expanding,0.4012853801250458,0.3026657998561859
2017-11-03,core,252,expanding,0.2114494442939758,0.2868660688400268
2017-11-06,core,252,expanding,0.1756441593170166,0.2572879791259765
2017-11-07,core,252,expanding,0.2885470390319824,0.2977091372013092
2017-11-08,core,252,expanding,0.2377471625804901,0.256605327129364
2017-11-09,core,252,expanding,0.5260649919509888,0.4040800333023071
2017-11-10,core,252,expanding,0.2622299790382385,0.2722909152507782
2017-11-13,core,252,expanding,0.2188392877578735,0.3306946456432342
2017-11-14,core,252,expanding,0.4390322268009186,0.3455616235733032
2017-11-15,core,252,expanding,0.472497820854187,0.3568839132785797
2017-11-16,core,252,expanding,0.2837500870227813,0.3349083364009857
2017-11-17,core,252,expanding,0.2333579659461975,0.2642315924167633
2017-11-20,core,252,expanding,0.2144127488136291,0.232161596417427
2017-11-21,core,252,expanding,0.2193965166807174,0.263843834400177
2017-11-22,core,252,expanding,0.16789111495018,0.2253915965557098
2017-11-24,core,252,expanding,0.1103657186031341,0.186939463019371
2017-11-27,core,252,expanding,0.215917095541954,0.2302621006965637
2017-11-28,core,252,expanding,0.332401305437088,0.3125951588153839
2017-11-29,core,252,expanding,0.4018488526344299,0.2987840473651886
2017-11-30,core,252,expanding,0.5227156281471252,0.3583082258701324
2017-12-01,core,252,expanding,0.9422593116760254,0.8648872375488281
2017-12-04,core,252,expanding,0.4760159254074096,0.5995497703552246
2017-12-05,core,252,expanding,0.404495358467102,0.5515531897544861
2017-12-06,core,252,expanding,0.3610831797122955,0.374146968126297
2017-12-07,core,252,expanding,0.2985341250896454,0.3392379879951477
2017-12-08,core,252,expanding,0.2675434947013855,0.2470147907733917
2017-12-11,core,252,expanding,0.2507210671901703,0.2463114857673645
2017-12-12,core,252,expanding,0.2556677162647247,0.2522207796573639
2017-12-13,core,252,expanding,0.3485622406005859,0.2512907683849334
2017-12-14,core,252,expanding,0.341347724199295,0.3566298484802246
2017-12-15,core,252,expanding,0.3541978597640991,0.3727869689464569
2017-12-18,core,252,expanding,0.2906266152858734,0.2531681656837463
2017-12-19,core,252,expanding,0.2915348410606384,0.3390139639377594
2017-12-20,core,252,expanding,0.3673774600028991,0.3679879307746887
2017-12-21,core,252,expanding,0.2833372056484222,0.2691026628017425
2017-12-22,core,252,expanding,0.2097993791103363,0.2401225268840789
2017-12-26,core,252,expanding,0.1740947812795639,0.2403196692466735
2017-12-27,core,252,expanding,0.1646206378936767,0.2352209985256195
2017-12-28,core,252,expanding,0.1265108734369278,0.2342057228088379
2017-12-29,core,252,expanding,0.2589125633239746,0.431257963180542
2018-01-02,core,252,expanding,0.2571954727172851,0.2766169905662536
2018-01-03,core,252,expanding,0.2391333281993866,0.3160927891731262
2018-01-04,core,252,expanding,0.2703432738780975,0.2561571300029754
2018-01-05,core,252,expanding,0.280866265296936,0.3102401494979858
2018-01-08,core,252,expanding,0.2469502240419387,0.2839900255203247
2018-01-09,core,252,expanding,0.3253843784332275,0.2754256427288055
2018-01-10,core,252,expanding,0.3415842354297638,0.3293001651763916
2018-01-11,core,252,expanding,0.2641451954841614,0.2851843237876892
2018-01-12,core,252,expanding,0.3210194706916809,0.3366037011146545
2018-01-16,core,252,expanding,0.563125491142273,0.715457022190094
2018-01-17,core,252,expanding,0.4180128276348114,0.4426174461841583
2018-01-18,core,252,expanding,0.4627395868301391,0.4108054041862488
2018-01-19,core,252,expanding,0.3595531284809112,0.2989965081214905
2018-01-22,core,252,expanding,0.351593017578125,0.4560227394104004
2018-01-23,core,252,expanding,0.3242871165275574,0.2843237519264221
2018-01-24,core,252,expanding,0.6133341789245605,0.4967283606529236
2018-01-25,core,252,expanding,0.5513340830802917,0.371092677116394
2018-01-26,core,252,expanding,0.3016971051692962,0.4688945710659027
2018-01-29,core,252,expanding,0.4727512300014496,0.4425507485866546
2018-01-30,core,252,expanding,0.5910142064094543,0.5036574602127075
2018-01-31,core,252,expanding,0.5719858407974243,0.5232313275337219
2018-02-01,core,252,expanding,0.5780919790267944,0.5118986964225769
2018-02-02,core,252,expanding,0.8375901579856873,0.8993611931800842
2018-02-05,core,252,expanding,2.1334946155548096,2.5678768157958984
2018-02-06,core,252,expanding,2.579169988632202,2.282470941543579
2018-02-07,core,252,expanding,1.404337763786316,1.6451822519302368
2018-02-08,core,252,expanding,1.9079525470733645,2.556016206741333
2018-02-09,core,252,expanding,2.5284788608551025,2.305572271347046
2018-02-12,core,252,expanding,1.2879538536071775,1.52156662940979
2018-02-13,core,252,expanding,0.8434237837791443,0.8632047772407532
2018-02-14,core,252,expanding,0.9949487447738647,1.0703481435775757
2018-02-15,core,252,expanding,0.857620358467102,0.8227460980415344
2018-02-16,core,252,expanding,0.8491882085800171,0.8509150147438049
2018-02-20,core,252,expanding,0.7607020139694214,0.8353188037872314
2018-02-21,core,252,expanding,0.8796559572219849,1.0426994562149048
2018-02-22,core,252,expanding,0.982450544834137,0.8891966938972473
2018-02-23,core,252,expanding,0.6561958193778992,0.7149799466133118
2018-02-26,core,252,expanding,0.5585577487945557,0.5509558320045471
2018-02-27,core,252,expanding,0.8954675793647766,0.9627826809883118
2018-02-28,core,252,expanding,0.8766345977783203,0.9725455045700072
2018-03-01,core,252,expanding,1.5348745584487915,1.393431305885315
2018-03-02,core,252,expanding,1.091001272201538,1.2024158239364624
2018-03-05,core,252,expanding,0.7670683860778809,1.1414389610290527
2018-03-06,core,252,expanding,0.6781601309776306,0.7399197816848755
2018-03-07,core,252,expanding,0.6853549480438232,0.8220071792602539
2018-03-08,core,252,expanding,0.6589736342430115,0.5662707090377808
2018-03-09,core,252,expanding,0.3784139156341553,0.6299697756767273
2018-03-12,core,252,expanding,0.5329153537750244,0.3852284848690033
2018-03-13,core,252,expanding,0.7008094787597656,0.8583647012710571
2018-03-14,core,252,expanding,0.812177300453186,0.7232478857040405
2018-03-15,core,252,expanding,0.5429506897926331,0.71233069896698
2018-03-16,core,252,expanding,0.4319381415843963,0.4273513853549957
2018-03-19,core,252,expanding,0.7954359650611877,0.9095330238342284
2018-03-20,core,252,expanding,0.5796181559562683,0.5558503270149231
2018-03-21,core,252,expanding,0.7872107028961182,0.7161896228790283
2018-03-22,core,252,expanding,1.071126937866211,1.1166738271713257
2018-03-23,core,252,expanding,1.2426462173461914,1.4661272764205933
2018-03-26,core,252,expanding,1.1403673887252808,1.1292349100112915
2018-03-27,core,252,expanding,1.3287451267242432,1.6328147649765017
2018-03-28,core,252,expanding,1.639723300933838,1.3224316835403442
2018-03-29,core,252,expanding,0.9809083342552184,1.3420194387435913
2018-04-02,core,252,expanding,1.3223576545715332,1.709027647972107
2018-04-03,core,252,expanding,1.337333917617798,1.121353030204773
2018-04-04,core,252,expanding,1.143849492073059,1.7023671865463257
2018-04-05,core,252,expanding,0.9285606741905212,0.7056809663772583
2018-04-06,core,252,expanding,1.1584303379058838,1.559956192970276
2018-04-09,core,252,expanding,0.8719894289970398,1.0105226039886477
2018-04-10,core,252,expanding,1.0520451068878174,0.8416131734848022
2018-04-11,core,252,expanding,0.8680610656738281,0.7350337505340576
2018-04-12,core,252,expanding,0.7068662047386169,0.5984499454498291
2018-04-13,core,252,expanding,0.7889988422393799,0.8507845401763916
2018-04-16,core,252,expanding,0.5640756487846375,0.5981730222702026
2018-04-17,core,252,expanding,0.4062032103538513,0.5563750267028809
2018-04-18,core,252,expanding,0.4752669334411621,0.480354368686676
2018-04-19,core,252,expanding,0.6005023717880249,0.5664405822753906
2018-04-20,core,252,expanding,0.7222591042518616,0.7603051662445068
2018-04-23,core,252,expanding,0.6041501760482788,0.5876239538192749
2018-04-24,core,252,expanding,1.1863954067230225,1.1542506217956543
2018-04-25,core,252,expanding,1.002812147140503,0.9240187406539916
2018-04-26,core,252,expanding,0.6151542067527771,0.8460990190505981
2018-04-27,core,252,expanding,0.5787578821182251,0.5561280250549316
2018-04-30,core,252,expanding,0.6815624833106995,0.8838505744934082
2018-05-01,core,252,expanding,0.6890027523040771,0.7783926129341125
2018-05-02,core,252,expanding,0.6919511556625366,0.7528529167175293
2018-05-03,core,252,expanding,1.0050013065338137,1.03014075756073
2018-05-04,core,252,expanding,0.6681065559387207,1.096699833869934
2018-05-07,core,252,expanding,0.5244778394699097,0.5713129043579102
2018-05-08,core,252,expanding,0.6726407408714294,0.5827414989471436
2018-05-09,core,252,expanding,0.5446033477783203,0.6143871545791626
2018-05-10,core,252,expanding,0.4484249651432037,0.4937403500080108
2018-05-11,core,252,expanding,0.4540643990039825,0.4305047988891601
2018-05-14,core,252,expanding,0.437887579202652,0.420987457036972
2018-05-15,core,252,expanding,0.6276284456253052,0.4732475876808166
2018-05-16,core,252,expanding,0.4024898707866668,0.4643582999706268
2018-05-17,core,252,expanding,0.4450403451919555,0.507116973400116
2018-05-18,core,252,expanding,0.4612334668636322,0.3647093772888183
2018-05-21,core,252,expanding,0.5162333846092224,0.3524556756019592
2018-05-22,core,252,expanding,0.3770540654659271,0.5057780742645264
2018-05-23,core,252,expanding,0.5340638160705566,0.4986864626407623
2018-05-24,core,252,expanding,0.5723243951797485,0.5581676363945007
2018-05-25,core,252,expanding,0.4024550914764404,0.3618338108062744
2018-05-29,core,252,expanding,0.7598915100097656,0.7159276008605957
2018-05-30,core,252,expanding,0.4607102572917938,0.5417964458465576
2018-05-31,core,252,expanding,0.632694661617279,0.5519489645957947
2018-06-01,core,252,expanding,0.4482681453227997,0.4322450757026672
2018-06-04,core,252,expanding,0.3107287883758545,0.267344981431961
2018-06-05,core,252,expanding,0.4015713632106781,0.3197043240070343
2018-06-06,core,252,expanding,0.3885700404644012,0.4071075618267059
2018-06-07,core,252,expanding,0.5433858633041382,0.4298067688941955
2018-06-08,core,252,expanding,0.3615654110908508,0.3693907558917999
2018-06-11,core,252,expanding,0.2741956114768982,0.2769327163696289
2018-06-12,core,252,expanding,0.2910288572311401,0.2656314671039581
2018-06-13,core,252,expanding,0.4114526212215423,0.3705836236476898
2018-06-14,core,252,expanding,0.3348427414894104,0.3281568884849548
2018-06-15,core,252,expanding,0.5051054358482361,0.457212746143341
2018-06-18,core,252,expanding,0.4560763537883758,0.4248358905315399
2018-06-19,core,252,expanding,0.4644145965576172,0.480561763048172
2018-06-20,core,252,expanding,0.2830361127853393,0.3352906405925751
2018-06-21,core,252,expanding,0.5510256886482239,0.4973721206188202
2018-06-22,core,252,expanding,0.3907091021537781,0.3331549167633056
2018-06-25,core,252,expanding,0.9079411625862122,0.7596436142921448
2018-06-26,core,252,expanding,0.5384148359298706,0.4938091933727264
2018-06-27,core,252,expanding,0.8615435361862183,0.8460261821746826
2018-06-28,core,252,expanding,0.7607877850532532,0.69391930103302
2018-06-29,core,252,expanding,0.4975632429122925,0.6476368308067322
2018-07-02,core,252,expanding,0.622246265411377,0.6414930820465088
2018-07-03,core,252,expanding,0.3767855167388916,0.6028872728347778
2018-07-05,core,252,expanding,0.5331748127937317,0.4471310675144195
2018-07-06,core,252,expanding,0.477193534374237,0.592494010925293
2018-07-09,core,252,expanding,0.3321104347705841,0.3140674531459808
2018-07-10,core,252,expanding,0.3378376960754394,0.2413930892944336
2018-07-11,core,252,expanding,0.4407119452953338,0.3783096969127655
2018-07-12,core,252,expanding,0.4066295921802521,0.364065408706665
2018-07-13,core,252,expanding,0.3067163527011871,0.3524714410305023
2018-07-16,core,252,expanding,0.3070113658905029,0.2856430113315582
2018-07-17,core,252,expanding,0.350209504365921,0.4622784554958343
2018-07-18,core,252,expanding,0.2447734177112579,0.2922066748142242
2018-07-19,core,252,expanding,0.392339289188385,0.3391232490539551
2018-07-20,core,252,expanding,0.308624118566513,0.29582279920578
2018-07-24,core,252,expanding,0.4598580300807953,0.3492657244205475
2018-07-25,core,252,expanding,0.4667884707450866,0.4545465111732483
2018-07-26,core,252,expanding,0.3454607427120209,0.3579636216163635
2018-07-27,core,252,expanding,0.5538758039474487,0.7083476185798645
2018-07-30,core,252,expanding,0.5101690292358398,0.5495215058326721
2018-07-31,core,252,expanding,0.4386136531829834,0.3942718505859375
2018-08-01,core,252,expanding,0.3444201052188873,0.4929210245609283
2018-08-02,core,252,expanding,0.3768929839134216,0.5701584219932556
2018-08-03,core,252,expanding,0.30071821808815,0.3227507472038269
2018-08-06,core,252,expanding,0.2628695070743561,0.35297691822052
2018-08-07,core,252,expanding,0.2995876967906952,0.2106382846832275
2018-08-08,core,252,expanding,0.2761630713939667,0.2689712047576904
2018-08-09,core,252,expanding,0.2743910849094391,0.3015406131744385
2018-08-10,core,252,expanding,0.4782765805721283,0.3993547260761261
2018-08-13,core,252,expanding,0.5069187879562378,0.5372608304023743
2018-08-14,core,252,expanding,0.4217270910739898,0.3393305242061615
2018-08-15,core,252,expanding,0.670335590839386,0.5014972686767578
2018-08-16,core,252,expanding,0.404606819152832,0.3786050081253052
2018-08-17,core,252,expanding,0.4183873534202575,0.4730628430843353
2018-08-20,core,252,expanding,0.289907157421112,0.232513278722763
2018-08-21,core,252,expanding,0.299259215593338,0.2915867567062378
2018-08-22,core,252,expanding,0.3138015866279602,0.3131636679172516
2018-08-23,core,252,expanding,0.3584616482257843,0.3447503745555877
2018-08-24,core,252,expanding,0.2962871491909027,0.2838555872440338
2018-08-27,core,252,expanding,0.2930699288845062,0.263555109500885
2018-08-28,core,252,expanding,0.3056651055812835,0.2452600002288818
2018-08-29,core,252,expanding,0.2594495415687561,0.3283640146255493
2018-08-30,core,252,expanding,0.4483379423618316,0.3746997416019439
2018-08-31,core,252,expanding,0.3859144449234009,0.3373399078845978
2018-09-04,core,252,expanding,0.4806938469409942,0.3570228517055511
2018-09-05,core,252,expanding,0.5920611619949341,0.3962191343307495
2018-09-06,core,252,expanding,0.5906903147697449,0.5361423492431641
2018-09-07,core,252,expanding,0.6175907254219055,0.4956955015659332
2018-09-10,core,252,expanding,0.3205640017986297,0.3037384748458862
2018-09-11,core,252,expanding,0.3836809396743774,0.4803155958652496
2018-09-12,core,252,expanding,0.4988443255424499,0.3797335922718048
2018-09-13,core,252,expanding,0.3567380607128143,0.2926393747329712
2018-09-14,core,252,expanding,0.3571789264678955,0.297781229019165
2018-09-17,core,252,expanding,0.290215253829956,0.398255854845047
2018-09-18,core,252,expanding,0.3774260282516479,0.4043334722518921
2018-09-19,core,252,expanding,0.3261069655418396,0.2791963219642639
2018-09-20,core,252,expanding,0.2882997393608093,0.2868810892105102
2018-09-21,core,252,expanding,0.2603390514850616,0.3098991513252258
2018-09-24,core,252,expanding,0.3347145318984985,0.2827065587043762
2018-09-25,core,252,expanding,0.2832212150096893,0.29972904920578
2018-09-26,core,252,expanding,0.4872455298900604,0.5308505296707153
2018-09-27,core,252,expanding,0.3121516108512878,0.3757179975509643
2018-09-28,core,252,expanding,0.3414154350757599,0.3142185807228088
2018-10-01,core,252,expanding,0.3524417281150818,0.367117702960968
2018-10-02,core,252,expanding,0.3973557651042938,0.2996904850006103
2018-10-03,core,252,expanding,0.4013533592224121,0.4119036197662353
2018-10-04,core,252,expanding,0.6643069982528687,0.5778945088386536
2018-10-05,core,252,expanding,0.6507703065872192,0.773812472820282
2018-10-08,core,252,expanding,0.6626729369163513,0.612739622592926
2018-10-09,core,252,expanding,0.6490383744239807,0.5194163918495178
2018-10-10,core,252,expanding,1.2177910804748535,1.5804879665374756
2018-10-11,core,252,expanding,1.9543243646621704,1.6266545057296753
2018-10-12,core,252,expanding,1.4076210260391235,1.1666464805603027
2018-10-15,core,252,expanding,0.8860245943069458,0.9191253781318665
2018-10-16,core,252,expanding,0.6799200177192688,1.0249488353729248
2018-10-17,core,252,expanding,1.0294368267059326,0.7765882611274719
2018-10-18,core,252,expanding,1.1210793256759644,0.9596150517463684
2018-10-19,core,252,expanding,0.9384655356407166,0.92909574508667
2018-10-22,core,252,expanding,0.9413435459136964,0.8721606135368347
2018-10-23,core,252,expanding,1.1342304944992063,1.4655426740646362
2018-10-24,core,252,expanding,1.33283793926239,1.7138322591781616
2018-10-25,core,252,expanding,1.0052441358566284,1.108230710029602
2018-10-26,core,252,expanding,1.794838309288025,1.6729360818862915
2018-10-29,core,252,expanding,1.738034725189209,2.493955373764038
2018-10-30,core,252,expanding,1.539250135421753,1.211936116218567
2018-10-31,core,252,expanding,0.9092718362808228,0.9764115810394288
2018-11-01,core,252,expanding,0.8322470188140869,0.7765329480171204
2018-11-02,core,252,expanding,1.275068283081055,1.2097982168197632
2018-11-05,core,252,expanding,0.5938044786453247,0.7511124014854431
2018-11-06,core,252,expanding,0.6082685589790344,0.61771160364151
2018-11-07,core,252,expanding,0.6388793587684631,0.7012364268302917
2018-11-08,core,252,expanding,0.6680996417999268,0.5643600821495056
2018-11-09,core,252,expanding,0.7428414821624756,0.7803260684013367
2018-11-12,core,252,expanding,0.9620618224143982,1.0638068914413452
2018-11-13,core,252,expanding,1.295618772506714,0.9668574333190918
2018-11-14,core,252,expanding,1.1310672760009766,1.4371176958084106
2018-11-15,core,252,expanding,1.3653268814086914,1.450656533241272
2018-11-16,core,252,expanding,0.904529631137848,0.9884838461875916
2018-11-19,core,252,expanding,1.072459697723389,1.1864897012710571
2018-11-20,core,252,expanding,1.3623071908950806,1.1064354181289673
2018-11-21,core,252,expanding,0.6101160049438477,0.9825076460838318
2018-11-23,core,252,expanding,0.5092489719390869,0.6588225960731506
2018-11-26,core,252,expanding,0.7374189496040344,0.5390506386756897
2018-11-27,core,252,expanding,0.7982913255691528,0.6748373508453369
2018-11-28,core,252,expanding,0.9434499144554138,0.9068098664283752
2018-11-29,core,252,expanding,0.6756272315979004,0.7330489754676819
2018-11-30,core,252,expanding,0.5261071920394897,0.6993648409843445
2018-12-03,core,252,expanding,0.8151037096977234,0.5104609727859497
2018-12-04,core,252,expanding,1.17999005317688,1.7297791242599487
2018-12-06,core,252,expanding,1.550434112548828,1.712781548500061
2018-12-07,core,252,expanding,1.5898981094360352,2.092991590499878
2018-12-10,core,252,expanding,1.7373623847961426,1.538037657737732
2018-12-11,core,252,expanding,1.28213632106781,1.592454433441162
2018-12-12,core,252,expanding,0.9634395837783812,0.9688540697097778
2018-12-13,core,252,expanding,1.0447652339935305,1.0141373872756958
2018-12-14,core,252,expanding,1.04728364944458,1.0951515436172483
2018-12-17,core,252,expanding,1.2297033071517944,1.4943907260894775
2018-12-18,core,252,expanding,1.2986133098602295,1.2216362953186035
2018-12-19,core,252,expanding,2.5571506023406982,2.1503498554229736
2018-12-20,core,252,expanding,2.0046980381011963,1.73997700214386
2018-12-21,core,252,expanding,1.8774447441101076,2.5215694904327397
2018-12-24,core,252,expanding,1.5034970045089722,1.7667014598846436
2018-12-26,core,252,expanding,2.044049024581909,2.5053110122680664
2018-12-27,core,252,expanding,2.154985189437866,2.3538060188293457
2018-12-28,core,252,expanding,1.4510945081710815,1.4521487951278689
2018-12-31,core,252,expanding,1.1217206716537476,0.960507333278656
2019-01-02,core,252,expanding,1.2916089296340942,1.2287744283676147
2019-01-03,core,252,expanding,1.6084506511688232,1.4463701248168943
2019-01-04,core,252,expanding,1.282686710357666,1.2123384475708008
2019-01-07,core,252,expanding,0.8961573839187622,1.0125292539596558
2019-01-08,core,252,expanding,1.025984764099121,0.7857248187065125
2019-01-09,core,252,expanding,0.8832773566246033,0.8018568158149719
2019-01-10,core,252,expanding,0.8057568073272705,0.9580052495002748
2019-01-11,core,252,expanding,0.5889307260513306,0.5964312553405762
2019-01-14,core,252,expanding,0.6399967670440674,0.5258392691612244
2019-01-15,core,252,expanding,0.7307559847831726,0.6736704111099243
2019-01-16,core,252,expanding,0.5263264179229736,0.5212389230728149
2019-01-17,core,252,expanding,0.767708420753479,0.7738488912582397
2019-01-18,core,252,expanding,0.633594274520874,0.5453521013259888
2019-01-22,core,252,expanding,0.9370439648628236,0.9166058897972108
2019-01-23,core,252,expanding,0.8119885325431824,0.9609384536743164
2019-01-24,core,252,expanding,0.5718965530395508,0.6959958076477051
2019-01-25,core,252,expanding,0.4743837118148803,0.473137229681015
2019-01-28,core,252,expanding,0.7882828712463379,0.6365570425987244
2019-01-29,core,252,expanding,0.6052195429801941,0.6756700277328491
2019-01-30,core,252,expanding,0.8665881156921387,0.7308495044708252
2019-01-31,core,252,expanding,0.6442115902900696,0.5936785936355591
2019-02-01,core,252,expanding,0.6480256915092468,0.5107506513595581
2019-02-04,core,252,expanding,0.5007431507110596,0.5914474725723267
2019-02-05,core,252,expanding,0.4210377335548401,0.431848794221878
2019-02-06,core,252,expanding,0.4585573375225067,0.4015765488147735
2019-02-07,core,252,expanding,0.8123490810394287,0.6834142208099365
2019-02-08,core,252,expanding,0.5737097263336182,0.6666404008865356
2019-02-11,core,252,expanding,0.5052937269210815,0.3784413635730743
2019-02-12,core,252,expanding,0.4535484910011291,0.5068906545639038
2019-02-13,core,252,expanding,0.444475769996643,0.3994726836681366
2019-02-14,core,252,expanding,0.6654919385910034,0.5717228651046753
2019-02-15,core,252,expanding,0.4551266133785248,0.3327277898788452
2019-02-19,core,252,expanding,0.3456960320472717,0.4152171313762665
2019-02-20,core,252,expanding,0.5014521479606628,0.3845559954643249
2019-02-21,core,252,expanding,0.4766828715801239,0.4620318710803985
2019-02-22,core,252,expanding,0.3804397284984588,0.3528607487678528
2019-02-25,core,252,expanding,0.3903838694095611,0.3902607262134552
2019-02-26,core,252,expanding,0.5142022967338562,0.3284493386745453
2019-02-27,core,252,expanding,0.4799896776676178,0.4712727963924408
2019-02-28,core,252,expanding,0.393847107887268,0.3920044004917145
2019-03-01,core,252,expanding,0.4912823140621185,0.4086037874221802
2019-03-04,core,252,expanding,0.7707260847091675,0.9155558347702026
2019-03-05,core,252,expanding,0.4922985434532165,0.4245211780071258
2019-03-06,core,252,expanding,0.5115445256233215,0.5239847898483276
2019-03-07,core,252,expanding,0.6930190920829773,0.6002732515335083
2019-03-08,core,252,expanding,0.7230079174041748,0.5876054763793945
2019-03-11,core,252,expanding,0.4354815483093261,0.6129300594329834
2019-03-12,core,252,expanding,0.46117103099823,0.3162144124507904
2019-03-13,core,252,expanding,0.4200143814086914,0.431808203458786
2019-03-14,core,252,expanding,0.364213079214096,0.3163279891014099
2019-03-15,core,252,expanding,0.4221574366092682,0.4166599214076996
2019-03-18,core,252,expanding,0.4234671890735626,0.2960761487483978
2019-03-19,core,252,expanding,0.7005837559700012,0.5477299690246582
2019-03-20,core,252,expanding,0.7935640811920166,0.6405937075614929
2019-03-21,core,252,expanding,0.5187143087387085,0.7416111826896667
2019-03-22,core,252,expanding,0.9328145384788512,0.8479673266410828
2019-03-25,core,252,expanding,0.8673983812332153,0.686436116695404
2019-03-26,core,252,expanding,0.6736325025558472,0.6131594181060791
2019-03-27,core,252,expanding,0.7458823919296265,0.8670714497566223
2019-03-28,core,252,expanding,0.5232803821563721,0.5877606272697449
2019-03-29,core,252,expanding,0.4860138297080993,0.4584863483905792
2019-04-01,core,252,expanding,0.447508841753006,0.3819159865379333
2019-04-02,core,252,expanding,0.3620086312294006,0.3368529677391052
2019-04-03,core,252,expanding,0.4106662571430206,0.4200392961502075
2019-04-04,core,252,expanding,0.4444657564163208,0.3314120769500732
2019-04-05,core,252,expanding,0.3059298098087311,0.2755875587463379
2019-04-08,core,252,expanding,0.3161222338676452,0.3057771921157837
2019-04-09,core,252,expanding,0.4739426970481872,0.3631601929664612
2019-04-10,core,252,expanding,0.3166730403900146,0.3678191304206848
2019-04-11,core,252,expanding,0.3537755310535431,0.3321450352668762
2019-04-12,core,252,expanding,0.3437656462192535,0.2851035594940185
2019-04-15,core,252,expanding,0.2648658752441406,0.3182860016822815
2019-04-16,core,252,expanding,0.3244491815567016,0.3128982782363891
2019-04-17,core,252,expanding,0.4159967601299286,0.4443251490592956
2019-04-18,core,252,expanding,0.362187385559082,0.3680566549301147
2019-04-22,core,252,expanding,0.2591157555580139,0.2815309166908264
2019-04-23,core,252,expanding,0.3684594929218292,0.3957665562629699
2019-04-24,core,252,expanding,0.3286371231079101,0.3104856014251709
2019-04-25,core,252,expanding,0.538732647895813,0.4259135127067566
2019-04-26,core,252,expanding,0.3933480381965637,0.454569399356842
2019-04-29,core,252,expanding,0.2342238277196884,0.256460040807724
2019-04-30,core,252,expanding,0.419131189584732,0.4560660719871521
2019-05-01,core,252,expanding,0.5829194784164429,0.497478187084198
2019-05-02,core,252,expanding,0.6634807586669922,0.6487922668457031
2019-05-03,core,252,expanding,0.354922354221344,0.3707152009010315
2019-05-06,core,252,expanding,0.519212007522583,0.7677026987075806
2019-05-07,core,252,expanding,1.0159720182418823,0.8787441253662109
2019-05-08,core,252,expanding,0.6873363256454468,0.6937951445579529
2019-05-09,core,252,expanding,1.002440094947815,0.900851309299469
2019-05-10,core,252,expanding,1.0317684412002563,1.2631169557571411
2019-05-13,core,252,expanding,0.996934711933136,0.9931084513664246
2019-05-14,core,252,expanding,0.7252347469329834,0.8168801069259644
2019-05-15,core,252,expanding,0.7129424214363098,0.8196418285369873
2019-05-16,core,252,expanding,0.5426786541938782,0.7393995523452759
2019-05-17,core,252,expanding,0.7289981245994568,0.7174006700515747
2019-05-20,core,252,expanding,0.6784613728523254,0.5975301265716553
2019-05-21,core,252,expanding,0.4157550036907196,0.4605090022087097
2019-05-22,core,252,expanding,0.4410749673843384,0.420731246471405
2019-05-23,core,252,expanding,0.7769797444343567,0.639660656452179
2019-05-24,core,252,expanding,0.5278379321098328,0.5454596877098083
2019-05-28,core,252,expanding,0.5385770201683044,0.8147881031036377
2019-05-29,core,252,expanding,0.8417448401451111,0.6715776920318604
2019-05-30,core,252,expanding,0.5976586937904358,0.6402209997177124
2019-05-31,core,252,expanding,0.6787981390953064,0.618156373500824
2019-06-03,core,252,expanding,0.965994358062744,0.8636717796325684
2019-06-04,core,252,expanding,0.6540851593017578,0.7032667398452759
2019-06-05,core,252,expanding,0.6356115937232971,0.562691867351532
2019-06-06,core,252,expanding,0.602618932723999,0.5798413753509521
2019-06-07,core,252,expanding,0.5851119756698608,0.6181293725967407
2019-06-10,core,252,expanding,0.5430600643157959,0.443073570728302
2019-06-11,core,252,expanding,0.5907642841339111,0.637521505355835
2019-06-12,core,252,expanding,0.4259147346019745,0.4590784013271332
2019-06-13,core,252,expanding,0.5179921388626099,0.3845591247081756
2019-06-14,core,252,expanding,0.4372976422309875,0.3968801200389862
2019-06-17,core,252,expanding,0.271997332572937,0.2779968082904815
2019-06-18,core,252,expanding,0.6067125797271729,0.4302855432033539
2019-06-19,core,252,expanding,0.5666375160217285,0.4309607744216919
2019-06-20,core,252,expanding,0.5209701657295227,0.4280825853347778
2019-06-21,core,252,expanding,0.4147646725177765,0.3731585443019867
2019-06-25,core,252,expanding,0.5360538363456726,0.6018856763839722
2019-06-26,core,252,expanding,0.4585481286048889,0.509974479675293
2019-06-27,core,252,expanding,0.3620041608810425,0.3744376897811889
2019-06-28,core,252,expanding,0.3153344392776489,0.3547340035438537
2019-07-01,core,252,expanding,0.4927500188350677,0.4386946260929107
2019-07-02,core,252,expanding,0.4845410585403442,0.3243927955627441
2019-07-03,core,252,expanding,0.2167267203330993,0.3749957382678985
2019-07-05,core,252,expanding,0.4670844674110412,0.514312207698822
2019-07-08,core,252,expanding,0.3768902719020843,0.3057340681552887
2019-07-09,core,252,expanding,0.2729422450065613,0.4451207816600799
2019-07-10,core,252,expanding,0.4559696912765503,0.3502794206142425
2019-07-11,core,252,expanding,0.3169631063938141,0.3826848566532135
2019-07-12,core,252,expanding,0.2272119224071502,0.3157361447811126
2019-07-15,core,252,expanding,0.2793185412883758,0.1819753795862198
2019-07-16,core,252,expanding,0.3348422348499298,0.3375655114650726
2019-07-17,core,252,expanding,0.3850759267807007,0.3831880092620849
2019-07-18,core,252,expanding,0.3952500820159912,0.4164277017116546
2019-07-19,core,252,expanding,0.5012113451957703,0.6019937992095947
2019-07-22,core,252,expanding,0.4025481939315796,0.3641754686832428
2019-07-23,core,252,expanding,0.3786261677742004,0.3394816219806671
2019-07-24,core,252,expanding,0.2958664000034332,0.4090776741504669
2019-07-25,core,252,expanding,0.4813818633556366,0.4324757158756256
2019-07-26,core,252,expanding,0.246847465634346,0.3218218386173248
2019-07-29,core,252,expanding,0.2791633605957031,0.3084603548049927
2019-07-30,core,252,expanding,0.4113670587539673,0.3760533630847931
2019-07-31,core,252,expanding,0.8570504188537598,0.7983866333961487
2019-08-01,core,252,expanding,1.413017988204956,1.21261727809906
2019-08-02,core,252,expanding,0.8658583164215088,0.8225725889205933
2019-08-05,core,252,expanding,1.2163234949111938,1.3812148571014404
2019-08-06,core,252,expanding,1.0095518827438354,0.9085286855697632
2019-08-07,core,252,expanding,1.3404862880706787,1.5021661520004272
2019-08-08,core,252,expanding,0.6005271077156067,0.838531494140625
2019-08-09,core,252,expanding,0.8878992199897766,0.8957928419113159
2019-08-12,core,252,expanding,0.7229942679405212,0.8291146755218506
2019-08-13,core,252,expanding,1.4477357864379885,1.150396466255188
2019-08-14,core,252,expanding,1.139488935470581,1.4171466827392578
2019-08-15,core,252,expanding,0.9732145667076112,0.8879414200782776
2019-08-16,core,252,expanding,0.6854579448699951,0.8680861592292786
2019-08-19,core,252,expanding,0.4724789261817932,0.4639267027378082
2019-08-20,core,252,expanding,0.5818361043930054,0.7622522711753845
2019-08-21,core,252,expanding,0.36497563123703,0.3125679790973663
2019-08-22,core,252,expanding,0.718785285949707,0.6327565312385559
2019-08-23,core,252,expanding,1.5231748819351196,1.5240215063095093
2019-08-26,core,252,expanding,0.7526459097862244,0.6190808415412903
2019-08-27,core,252,expanding,0.744922399520874,1.1206117868423462
2019-08-28,core,252,expanding,0.6243858933448792,0.7693101763725281
2019-08-29,core,252,expanding,0.654413640499115,0.6099029183387756
2019-08-30,core,252,expanding,0.5621875524520874,0.6319369673728943
2019-09-03,core,252,expanding,0.7860287427902222,0.5984767079353333
2019-09-04,core,252,expanding,0.3558061122894287,0.5351122617721558
2019-09-05,core,252,expanding,0.4633506536483764,0.4471125304698944
2019-09-06,core,252,expanding,0.3911358714103699,0.4196237921714782
2019-09-09,core,252,expanding,0.3656653463840484,0.4440145194530487
2019-09-10,core,252,expanding,0.626534640789032,0.4782378077507019
2019-09-11,core,252,expanding,0.3889058232307434,0.5617655515670776
2019-09-12,core,252,expanding,0.5744845271110535,0.4265801906585693
2019-09-13,core,252,expanding,0.3858590424060821,0.3756189942359924
2019-09-16,core,252,expanding,0.3798351585865021,0.2947013080120086
2019-09-17,core,252,expanding,0.3124388754367828,0.3342129588127136
2019-09-18,core,252,expanding,0.5947917699813843,0.5119496583938599
2019-09-19,core,252,expanding,0.4269109070301056,0.4292783439159393
2019-09-20,core,252,expanding,0.7659915685653687,0.6192596554756165
2019-09-23,core,252,expanding,0.375008076429367,0.4086287915706634
2019-09-24,core,252,expanding,0.9618315696716307,0.8207064867019653
2019-09-25,core,252,expanding,0.498409241437912,0.7571501731872559
2019-09-26,core,252,expanding,0.6260071396827698,0.593225359916687
2019-09-27,core,252,expanding,0.843199610710144,0.8220869302749634
2019-09-30,core,252,expanding,0.3930088579654693,0.4398134648799896
2019-10-01,core,252,expanding,0.8277281522750854,0.9291426539421082
2019-10-02,core,252,expanding,0.8557239174842834,0.9125125408172609
2019-10-03,core,252,expanding,1.1748740673065186,1.108448147773743
2019-10-04,core,252,expanding,0.4948256611824035,0.725242018699646
2019-10-07,core,252,expanding,0.6225671172142029,0.6623518466949463
2019-10-08,core,252,expanding,0.8425085544586182,0.8246147036552429
2019-10-09,core,252,expanding,0.6158033013343811,0.5678379535675049
2019-10-10,core,252,expanding,0.7101426124572754,0.5858541131019592
2019-10-11,core,252,expanding,0.7008860111236572,0.59590083360672
2019-10-14,core,252,expanding,0.3964639902114868,0.2870572805404663
2019-10-15,core,252,expanding,0.4072991609573364,0.5371784567832947
2019-10-16,core,252,expanding,0.3344891369342804,0.3908537924289703
2019-10-17,core,252,expanding,0.4212345778942108,0.3574667870998382
2019-10-18,core,252,expanding,0.492019921541214,0.5023128390312195
2019-10-21,core,252,expanding,0.28220996260643,0.2645707726478576
2019-10-22,core,252,expanding,0.3873414993286133,0.4328151643276214
2019-10-23,core,252,expanding,0.3241592943668365,0.3377133309841156
2019-10-24,core,252,expanding,0.3953271508216858,0.4640332758426666
2019-10-25,core,252,expanding,0.3670015037059784,0.4744510352611542
2019-10-28,core,252,expanding,0.3416468203067779,0.2776884436607361
2019-10-29,core,252,expanding,0.3534292876720428,0.2971248030662536
2019-10-30,core,252,expanding,0.4209127128124237,0.407153308391571
2019-10-31,core,252,expanding,0.5805034637451172,0.462183803319931
2019-11-01,core,252,expanding,0.3346762657165527,0.3071494102478027
2019-11-04,core,252,expanding,0.3010901510715484,0.2385110855102539
2019-11-05,core,252,expanding,0.3071444928646087,0.2914425134658813
2019-11-06,core,252,expanding,0.3696642816066742,0.2821354866027832
2019-11-07,core,252,expanding,0.4562969505786896,0.3295183777809143
2019-11-08,core,252,expanding,0.3335787951946258,0.3651032447814941
2019-11-11,core,252,expanding,0.2090064436197281,0.3048323094844818
2019-11-12,core,252,expanding,0.3337435722351074,0.3481002151966095
2019-11-13,core,252,expanding,0.3942848443984985,0.3551071882247925
2019-11-14,core,252,expanding,0.3189572691917419,0.2935370802879333
2019-11-15,core,252,expanding,0.2501485347747803,0.281273603439331
2019-11-19,core,252,expanding,0.3402834832668304,0.3058460056781769
2019-11-20,core,252,expanding,0.5301920175552368,0.467791199684143
2019-11-21,core,252,expanding,0.4337524473667145,0.3809325993061065
2019-11-22,core,252,expanding,0.3082888424396515,0.3343515992164612
2019-11-25,core,252,expanding,0.2898801565170288,0.2898429036140442
2019-11-26,core,252,expanding,0.2416339367628097,0.2638556957244873
2019-11-27,core,252,expanding,0.1737749725580215,0.2432630062103271
2019-11-29,core,252,expanding,0.2016106098890304,0.295053482055664
2019-12-02,core,252,expanding,0.6143428087234497,0.5242185592651367
2019-12-03,core,252,expanding,0.6685485243797302,0.5093950629234314
2019-12-04,core,252,expanding,0.367815613746643,0.3974472880363464
2019-12-05,core,252,expanding,0.4083799123764038,0.3668984770774841
2019-12-06,core,252,expanding,0.3142880499362945,0.3591173887252807
2019-12-09,core,252,expanding,0.24461230635643,0.3340021967887878
2019-12-10,core,252,expanding,0.4508521258831024,0.3726975619792938
2019-12-11,core,252,expanding,0.2896505296230316,0.2903500497341156
2019-12-12,core,252,expanding,0.9073099493980408,0.4995653629302978
2019-12-13,core,252,expanding,0.6717995405197144,0.4860419332981109
2019-12-17,core,252,expanding,0.2353049218654632,0.2709353268146515
2019-12-18,core,252,expanding,0.2726950645446777,0.280432790517807
2019-12-19,core,252,expanding,0.2777689695358276,0.3029731810092926
2019-12-20,core,252,expanding,0.2170425653457641,0.2504312396049499
2019-12-23,core,252,expanding,0.1416925340890884,0.1841115653514862
2019-12-24,core,252,expanding,0.1403854489326477,0.1784239113330841
2019-12-26,core,252,expanding,0.2010819315910339,0.2355216741561889
2019-12-27,core,252,expanding,0.2837029993534088,0.2675628364086151
2019-12-30,core,252,expanding,0.4683420956134796,0.3749957680702209
2019-12-31,core,252,expanding,0.3170811533927917,0.3374451398849487
2014-01-08,momentum,60,expanding,0.5049092173576355,0.4292927980422973
2014-01-09,momentum,60,expanding,0.4479202330112457,0.4923388957977295
2014-01-10,momentum,60,expanding,0.4178114235401153,0.397544652223587
2014-01-13,momentum,60,expanding,0.47251757979393,0.6561989188194275
2014-01-14,momentum,60,expanding,0.4948426187038421,0.5221787095069885
2014-01-15,momentum,60,expanding,0.3897959887981415,0.4401545524597168
2014-01-16,momentum,60,expanding,0.3719646036624908,0.3818104267120361
2014-01-17,momentum,60,expanding,0.3625944256782532,0.4117936491966247
2014-01-21,momentum,60,expanding,0.6656816005706787,0.5020017623901367
2014-01-22,momentum,60,expanding,0.3137387335300445,0.3469078540802002
2014-01-23,momentum,60,expanding,0.7124331593513489,0.6085438132286072
2014-01-24,momentum,60,expanding,0.9068204164505004,0.9415231347084044
2014-01-27,momentum,60,expanding,0.8113361597061157,1.0077840089797974
2014-01-28,momentum,60,expanding,0.5316144824028015,0.7002578973770142
2014-01-29,momentum,60,expanding,1.042181134223938,0.6941856145858765
2014-01-30,momentum,60,expanding,0.7801462411880493,0.9330164790153505
2014-01-31,momentum,60,expanding,1.1046422719955444,0.8037137389183044
2014-02-03,momentum,60,expanding,0.9668377041816713,1.1296374797821045
2014-02-04,momentum,60,expanding,0.8199449777603149,0.818221390247345
2014-02-05,momentum,60,expanding,0.9269459247589112,0.923381507396698
2014-02-06,momentum,60,expanding,0.5575153231620789,0.7004944086074829
2014-02-07,momentum,60,expanding,0.6537466645240784,0.7819700837135315
2014-02-10,momentum,60,expanding,0.3124818205833435,0.4620648026466369
2014-02-11,momentum,60,expanding,0.4162914156913757,0.5562129616737366
2014-02-12,momentum,60,expanding,0.4583132266998291,0.463122546672821
2014-02-13,momentum,60,expanding,0.4926544427871704,0.5857429504394531
2014-02-14,momentum,60,expanding,0.3831894397735595,0.5394375920295715
2014-02-18,momentum,60,expanding,0.3537130951881408,0.416381299495697
2014-02-19,momentum,60,expanding,0.5443900227546692,0.6221532225608826
2014-02-20,momentum,60,expanding,0.5126307606697083,0.5533153414726257
2014-02-21,momentum,60,expanding,0.411565750837326,0.4268668293952942
2014-02-24,momentum,60,expanding,0.5828454494476318,0.5363703966140747
2014-02-25,momentum,60,expanding,0.5681315660476685,0.4896259307861328
2014-02-26,momentum,60,expanding,0.5470898151397705,0.4367055892944336
2014-02-27,momentum,60,expanding,0.5245111584663391,0.4223384261131286
2014-02-28,momentum,60,expanding,0.6110895872116089,0.5763859748840332
2014-03-03,momentum,60,expanding,0.9133793711662292,0.7176463603973389
2014-03-04,momentum,60,expanding,0.967548131942749,0.6403350830078125
2014-03-05,momentum,60,expanding,0.4153722822666168,0.4520033001899719
2014-03-06,momentum,60,expanding,0.4040771722793579,0.3811089992523193
2014-03-07,momentum,60,expanding,0.5546953678131104,0.5290184020996094
2014-03-10,momentum,60,expanding,0.4751482903957367,0.4311107993125915
2014-03-11,momentum,60,expanding,0.5007032155990601,0.6268513202667236
2014-03-12,momentum,60,expanding,0.6769493818283081,0.5137007236480713
2014-03-13,momentum,60,expanding,0.7307912707328796,0.9295791983604432
2014-03-14,momentum,60,expanding,0.6815503835678101,0.6240190267562866
2014-03-17,momentum,60,expanding,0.7476082444190979,0.6281164884567261
2014-03-18,momentum,60,expanding,0.482317566871643,0.5406425595283508
2014-03-19,momentum,60,expanding,0.75743567943573,0.7211146950721741
2014-03-20,momentum,60,expanding,0.5430734157562256,0.6313064694404602
2014-03-21,momentum,60,expanding,0.7111092805862427,0.7538067102432251
2014-03-24,momentum,60,expanding,0.6954413056373596,0.7488086223602295
2014-03-25,momentum,60,expanding,0.7636263966560364,0.5656933188438416
2014-03-26,momentum,60,expanding,0.644809365272522,0.7325426936149597
2014-03-27,momentum,60,expanding,0.7987460494041443,0.6098843812942505
2014-03-28,momentum,60,expanding,0.6167684197425842,0.6834920644760132
2014-03-31,momentum,60,expanding,0.7062607407569885,0.5181615352630615
2014-04-01,momentum,60,expanding,0.4763795733451843,0.4861996173858642
2014-04-02,momentum,60,expanding,0.3729515671730041,0.391121506690979
2014-04-03,momentum,60,expanding,0.3824391663074493,0.4160313010215759
2014-04-04,momentum,60,expanding,0.7753196358680725,0.9608500599861144
2014-04-07,momentum,60,expanding,0.7329880595207214,0.7224173545837402
2014-04-08,momentum,60,expanding,0.626038670539856,0.7382078170776367
2014-04-09,momentum,60,expanding,0.5471668243408203,0.6529794931411743
2014-04-10,momentum,60,expanding,0.8312494158744812,1.109905242919922
2014-04-11,momentum,60,expanding,1.0073606967926023,0.8398986458778381
2014-04-14,momentum,60,expanding,0.8529536128044128,0.7621487379074097
2014-04-15,momentum,60,expanding,0.9179202318191528,0.862796425819397
2014-04-16,momentum,60,expanding,0.6859830617904663,0.6213774681091309
2014-04-17,momentum,60,expanding,0.4736447632312774,0.5461643934249878
2014-04-21,momentum,60,expanding,0.341621994972229,0.4350303709506988
2014-04-22,momentum,60,expanding,0.3280882239341736,0.4822217226028442
2014-04-23,momentum,60,expanding,0.3645095825195312,0.409498929977417
2014-04-24,momentum,60,expanding,0.5891080498695374,0.4615702927112579
2014-04-25,momentum,60,expanding,0.5863941311836243,0.5907081365585327
2014-04-28,momentum,60,expanding,0.8235853314399719,0.7176551818847656
2014-04-29,momentum,60,expanding,0.5001894235610962,0.5055420994758606
2014-04-30,momentum,60,expanding,0.4978033900260925,0.5133793354034424
2014-05-01,momentum,60,expanding,0.4511680901050567,0.4096639454364776
2014-05-02,momentum,60,expanding,0.5626687407493591,0.4907883405685425
2014-05-05,momentum,60,expanding,0.7295594215393066,0.6601276397705078
2014-05-06,momentum,60,expanding,0.5130741000175476,0.5452102422714233
2014-05-07,momentum,60,expanding,0.8969767689704895,0.6785845756530762
2014-05-08,momentum,60,expanding,0.5193822383880615,0.6960567235946655
2014-05-09,momentum,60,expanding,0.5581554174423218,0.5261128544807434
2014-05-12,momentum,60,expanding,0.4801866114139557,0.4998227953910827
2014-05-13,momentum,60,expanding,0.3169682323932647,0.3384241163730621
2014-05-14,momentum,60,expanding,0.387529969215393,0.4709156155586242
2014-05-15,momentum,60,expanding,0.691119372844696,0.712218165397644
2014-05-16,momentum,60,expanding,0.4676394462585449,0.5185422301292419
2014-05-19,momentum,60,expanding,0.3423518240451813,0.4524920582771301
2014-05-20,momentum,60,expanding,0.5234825015068054,0.5935261845588684
2014-05-21,momentum,60,expanding,0.494206964969635,0.4853296279907226
2014-05-22,momentum,60,expanding,0.301708847284317,0.431293785572052
2014-05-23,momentum,60,expanding,0.2059242725372314,0.3322314023971557
2014-05-27,momentum,60,expanding,0.4249706864356994,0.3007518053054809
2014-05-28,momentum,60,expanding,0.2931358814239502,0.3406082987785339
2014-05-29,momentum,60,expanding,0.3629059195518493,0.3054965734481811
2014-05-30,momentum,60,expanding,0.289627194404602,0.27308189868927
2014-06-02,momentum,60,expanding,0.3900781571865082,0.3017200231552124
2014-06-03,momentum,60,expanding,0.3076380789279938,0.2935121059417724
2014-06-04,momentum,60,expanding,0.2941426336765289,0.3501109480857849
2014-06-05,momentum,60,expanding,0.3900737762451172,0.4738008081912994
2014-06-06,momentum,60,expanding,0.2689656913280487,0.2512611746788025
2014-06-09,momentum,60,expanding,0.2771907150745392,0.2727408409118652
2014-06-10,momentum,60,expanding,0.297002226114273,0.2465737462043762
2014-06-11,momentum,60,expanding,0.4113850593566894,0.3557285666465759
2014-06-12,momentum,60,expanding,0.4183047115802765,0.5397987961769104
2014-06-13,momentum,60,expanding,0.4343026876449585,0.3545254170894623
2014-06-16,momentum,60,expanding,0.4416143894195556,0.3488316535949707
2014-06-17,momentum,60,expanding,0.3711232841014862,0.3759785294532776
2014-06-18,momentum,60,expanding,0.419305682182312,0.4787419438362121
2014-06-19,momentum,60,expanding,0.2912806570529938,0.334231436252594
2014-06-20,momentum,60,expanding,0.233441948890686,0.2480591386556625
2014-06-23,momentum,60,expanding,0.2667551934719085,0.1867838352918625
2014-06-24,momentum,60,expanding,0.4317242205142975,0.506961464881897
2014-06-25,momentum,60,expanding,0.3785480260848999,0.4333304166793823
2014-06-26,momentum,60,expanding,0.4962846934795379,0.4858401417732239
2014-06-27,momentum,60,expanding,0.354368656873703,0.348025918006897
2014-06-30,momentum,60,expanding,0.2712672650814056,0.2683812081813812
2014-07-01,momentum,60,expanding,0.3689269125461578,0.3809287548065185
2014-07-02,momentum,60,expanding,0.2615170478820801,0.2920425534248352
2014-07-03,momentum,60,expanding,0.3173152208328247,0.3175030052661896
2014-07-07,momentum,60,expanding,0.3631447255611419,0.3290570974349975
2014-07-08,momentum,60,expanding,0.5589419007301331,0.5090625286102295
2014-07-09,momentum,60,expanding,0.458191841840744,0.3571220636367798
2014-07-10,momentum,60,expanding,0.7611199617385864,0.5016869306564331
2014-07-11,momentum,60,expanding,0.350848376750946,0.4751491546630859
2014-07-14,momentum,60,expanding,0.4134432673454284,0.3351925015449524
2014-07-15,momentum,60,expanding,0.538845956325531,0.4976327121257782
2014-07-16,momentum,60,expanding,0.4470780491828918,0.360844612121582
2014-07-17,momentum,60,expanding,0.641926109790802,0.7056714296340942
2014-07-18,momentum,60,expanding,0.3977976143360138,0.5615279674530029
2014-07-21,momentum,60,expanding,0.4088542461395263,0.4322921931743622
2014-07-22,momentum,60,expanding,0.3765114843845367,0.4059738218784332
2014-07-23,momentum,60,expanding,0.2525513172149658,0.3402396440505981
2014-07-24,momentum,60,expanding,0.2758019268512726,0.3071460425853729
2014-07-25,momentum,60,expanding,0.4329283535480499,0.3904328346252441
2014-07-28,momentum,60,expanding,0.4222931265830993,0.3967563509941101
2014-07-29,momentum,60,expanding,0.4585719108581543,0.4963498413562774
2014-07-30,momentum,60,expanding,0.606133759021759,0.5157116055488586
2014-07-31,momentum,60,expanding,0.8659616112709045,0.9760599732398988
2014-08-01,momentum,60,expanding,0.8324301242828369,0.821438729763031
2014-08-04,momentum,60,expanding,0.4794051647186279,0.6907373666763306
2014-08-05,momentum,60,expanding,0.8867471814155579,0.8273095488548279
2014-08-06,momentum,60,expanding,0.6750627756118774,0.7362931966781616
2014-08-07,momentum,60,expanding,0.7133786678314209,0.8140944242477417
2014-08-08,momentum,60,expanding,0.5158858299255371,0.6911446452140808
2014-08-11,momentum,60,expanding,0.4187553822994232,0.4424850344657898
2014-08-12,momentum,60,expanding,0.4677827954292297,0.5025706887245178
2014-08-13,momentum,60,expanding,0.4582456648349762,0.4289907217025757
2014-08-14,momentum,60,expanding,0.2659345865249634,0.3362068235874176
2014-08-15,momentum,60,expanding,0.7498508095741272,0.5747438669204712
2014-08-18,momentum,60,expanding,0.4649697542190552,0.3805492222309112
2014-08-19,momentum,60,expanding,0.2545689642429352,0.3325909376144409
2014-08-20,momentum,60,expanding,0.3016211092472076,0.4017920792102813
2014-08-21,momentum,60,expanding,0.2895697355270386,0.3301479816436767
2014-08-22,momentum,60,expanding,0.4267614781856537,0.3853491544723511
2014-08-25,momentum,60,expanding,0.3532538115978241,0.292049765586853
2014-08-26,momentum,60,expanding,0.2375984042882919,0.2836897373199463
2014-08-27,momentum,60,expanding,0.2414763420820236,0.2926528453826904
2014-08-28,momentum,60,expanding,0.4029179513454437,0.3073477447032928
2014-08-29,momentum,60,expanding,0.2538957595825195,0.2913894057273865
2014-09-02,momentum,60,expanding,0.3633188903331756,0.3908338546752929
2014-09-03,momentum,60,expanding,0.3714413344860077,0.3612581491470337
2014-09-04,momentum,60,expanding,0.4089247584342956,0.4986344575881958
2014-09-05,momentum,60,expanding,0.4573314487934112,0.4207861721515655
2014-09-08,momentum,60,expanding,0.3870986402034759,0.3688514828681946
2014-09-09,momentum,60,expanding,0.5338571071624756,0.4892654418945312
2014-09-10,momentum,60,expanding,0.5201886296272278,0.4391117691993713
2014-09-11,momentum,60,expanding,0.4303184747695923,0.4074014723300934
2014-09-12,momentum,60,expanding,0.4745336472988128,0.501387357711792
2014-09-15,momentum,60,expanding,0.4190886318683624,0.3455775678157806
2014-09-16,momentum,60,expanding,0.4405772984027862,0.5333139896392822
2014-09-17,momentum,60,expanding,0.7170944213867188,0.4740723967552185
2014-09-18,momentum,60,expanding,0.3703958690166473,0.3258384168148041
2014-09-19,momentum,60,expanding,0.4573608636856079,0.3918904662132263
2014-09-22,momentum,60,expanding,0.4457267820835113,0.4833299517631531
2014-09-23,momentum,60,expanding,0.4930504560470581,0.4424399137496948
2014-09-24,momentum,60,expanding,0.4097436368465423,0.559320867061615
2014-09-25,momentum,60,expanding,0.7036588788032532,0.7564922571182251
2014-09-26,momentum,60,expanding,0.5985597372055054,0.6618993878364563
2014-09-29,momentum,60,expanding,0.9425361156463624,0.57412189245224
2014-09-30,momentum,60,expanding,0.6042161583900452,0.7255228757858276
2014-10-01,momentum,60,expanding,0.7754773497581482,0.779912531375885
2014-10-02,momentum,60,expanding,0.7488913536071777,0.9904378056526184
2014-10-03,momentum,60,expanding,0.8084318041801453,0.8265576958656311
2014-10-06,momentum,60,expanding,0.654168963432312,0.7356037497520447
2014-10-07,momentum,60,expanding,0.858822762966156,0.7347392439842224
2014-10-08,momentum,60,expanding,0.8928329348564148,1.097360610961914
2014-10-09,momentum,60,expanding,1.0456963777542114,1.0839085578918457
2014-10-10,momentum,60,expanding,1.105968713760376,1.1115047931671145
2014-10-13,momentum,60,expanding,1.1766607761383057,1.321147084236145
2014-10-14,momentum,60,expanding,1.235714554786682,1.218318223953247
2014-10-15,momentum,60,expanding,2.303750276565552,1.8741743564605715
2014-10-16,momentum,60,expanding,1.6580957174301147,1.7776755094528198
2014-10-17,momentum,60,expanding,1.2497849464416504,1.4374558925628662
2014-10-20,momentum,60,expanding,0.7233673930168152,0.9374375939369202
2014-10-21,momentum,60,expanding,0.7497316002845764,0.8908554911613464
2014-10-22,momentum,60,expanding,0.7443962097167969,0.8959129452705383
2014-10-23,momentum,60,expanding,1.031681776046753,0.9941626787185668
2014-10-24,momentum,60,expanding,0.5909020900726318,0.7307095527648926
2014-10-27,momentum,60,expanding,0.628062903881073,0.6292116641998291
2014-10-28,momentum,60,expanding,0.5138598680496216,0.5011038184165955
2014-10-29,momentum,60,expanding,0.7173582315444946,0.8284525275230408
2014-10-30,momentum,60,expanding,0.5609475374221802,0.7989909052848816
2014-10-31,momentum,60,expanding,0.7405169010162354,0.4865588545799255
2014-11-03,momentum,60,expanding,0.4596216678619385,0.3654907643795013
2014-11-04,momentum,60,expanding,0.5232880115509033,0.5979081988334656
2014-11-05,momentum,60,expanding,0.5897601246833801,0.5445300340652466
2014-11-06,momentum,60,expanding,0.3996855616569519,0.5388323664665222
2014-11-07,momentum,60,expanding,0.4490749835968017,0.3925837874412536
2014-11-10,momentum,60,expanding,0.2844453752040863,0.3366316556930542
2014-11-11,momentum,60,expanding,0.2587494552135467,0.3297800719738006
2014-11-12,momentum,60,expanding,0.405623584985733,0.3538985848426819
2014-11-13,momentum,60,expanding,0.507718563079834,0.4233319759368896
2014-11-14,momentum,60,expanding,0.3240550458431244,0.3133420944213867
2014-11-17,momentum,60,expanding,0.3557171523571014,0.3246197700500488
2014-11-18,momentum,60,expanding,0.2924927771091461,0.42560675740242
2014-11-19,momentum,60,expanding,0.5172247290611267,0.4165968298912048
2014-11-20,momentum,60,expanding,0.3773044049739837,0.4098472595214844
2014-11-21,momentum,60,expanding,0.6609857082366943,0.3771277070045471
2014-11-24,momentum,60,expanding,0.3039441406726837,0.2734895050525665
2014-11-25,momentum,60,expanding,0.3310993909835815,0.3712362647056579
2014-11-26,momentum,60,expanding,0.1877403706312179,0.3240175247192383
2014-11-28,momentum,60,expanding,0.3011811673641205,0.3178505599498749
2014-12-01,momentum,60,expanding,0.6036726236343384,0.420997142791748
2014-12-02,momentum,60,expanding,0.3831345736980438,0.4131568670272827
2014-12-03,momentum,60,expanding,0.2687572836875915,0.377663105726242
2014-12-04,momentum,60,expanding,0.429543673992157,0.4434118270874023
2014-12-05,momentum,60,expanding,0.3647364974021911,0.310315728187561
2014-12-08,momentum,60,expanding,0.5491243004798889,0.497098445892334
2014-12-09,momentum,60,expanding,1.0170496702194214,0.6865708827972412
2014-12-10,momentum,60,expanding,0.8344765901565552,0.8296334147453308
2014-12-11,momentum,60,expanding,0.8538368940353394,0.9661515355110168
2014-12-12,momentum,60,expanding,0.9141978621482848,0.9473690390586852
2014-12-15,momentum,60,expanding,1.2775683403015137,1.2630079984664917
2014-12-16,momentum,60,expanding,1.244651198387146,1.349440336227417
2014-12-17,momentum,60,expanding,1.286188721656799,1.284772276878357
2014-12-18,momentum,60,expanding,1.034126877784729,1.1777609586715698
2014-12-19,momentum,60,expanding,0.5891704559326172,0.6168678998947144
2014-12-22,momentum,60,expanding,0.3526901006698608,0.5179157853126526
2014-12-23,momentum,60,expanding,0.3318722248077392,0.5082869529724121
2014-12-24,momentum,60,expanding,0.2151733487844467,0.4168969094753265
2014-12-26,momentum,60,expanding,0.2520639598369598,0.3476159274578094
2014-12-29,momentum,60,expanding,0.2382992357015609,0.343730479478836
2014-12-30,momentum,60,expanding,0.3008394241333008,0.4294715523719787
2014-12-31,momentum,60,expanding,0.4884640574455261,0.699492335319519
2015-01-02,momentum,60,expanding,0.9161708354949952,0.7881265878677368
2015-01-05,momentum,60,expanding,0.8366752862930298,0.9868388175964355
2015-01-06,momentum,60,expanding,1.053530216217041,1.1785047054290771
2015-01-07,momentum,60,expanding,0.9043862223625184,0.7641156911849976
2015-01-08,momentum,60,expanding,0.846068799495697,0.8062838315963745
2015-01-09,momentum,60,expanding,0.7907400727272034,0.8117598295211792
2015-01-12,momentum,60,expanding,0.819638729095459,0.8365433216094971
2015-01-13,momentum,60,expanding,1.479487419128418,1.266191840171814
2015-01-14,momentum,60,expanding,1.2126911878585815,1.064975023269653
2015-01-15,momentum,60,expanding,1.0164530277252195,1.077783703804016
2015-01-16,momentum,60,expanding,0.802234411239624,0.976463794708252
2015-01-20,momentum,60,expanding,0.9148500561714172,0.905410647392273
2015-01-21,momentum,60,expanding,1.0006932020187378,0.8665698766708374
2015-01-22,momentum,60,expanding,0.7813236117362976,0.9409968852996826
2015-01-23,momentum,60,expanding,0.4990968108177185,0.5281326770782471
2015-01-26,momentum,60,expanding,0.5482511520385742,0.6325807571411133
2015-01-27,momentum,60,expanding,1.012906789779663,0.8549449443817139
2015-01-28,momentum,60,expanding,0.9635168313980104,1.2146527767181396
2015-01-29,momentum,60,expanding,0.9359861612319946,1.050979733467102
2015-01-30,momentum,60,expanding,0.9898359775543212,0.9917783737182616
2015-02-02,momentum,60,expanding,1.085466384887695,1.172588586807251
2015-02-03,momentum,60,expanding,0.9412546157836914,0.764258623123169
2015-02-04,momentum,60,expanding,0.8157912492752075,0.7737066745758057
2015-02-05,momentum,60,expanding,0.5828607082366943,0.7264537811279297
2015-02-06,momentum,60,expanding,0.6425417065620422,0.7430019378662109
2015-02-09,momentum,60,expanding,0.5797975659370422,0.6057640314102173
2015-02-10,momentum,60,expanding,0.6225982904434204,0.6312601566314697
2015-02-11,momentum,60,expanding,0.5280768275260925,0.5779507160186768
2015-02-12,momentum,60,expanding,0.5131012201309204,0.4798093438148498
2015-02-13,momentum,60,expanding,0.3230832517147064,0.3265406191349029
2015-02-17,momentum,60,expanding,0.3878101706504822,0.4568891823291778
2015-02-18,momentum,60,expanding,0.4377695620059967,0.3651063442230224
2015-02-19,momentum,60,expanding,0.4493687748908996,0.4135684072971344
2015-02-20,momentum,60,expanding,0.4546082317829132,0.5814874172210693
2015-02-23,momentum,60,expanding,0.3360538482666015,0.3044993579387665
2015-02-24,momentum,60,expanding,0.3187811970710754,0.4055610597133636
2015-02-25,momentum,60,expanding,0.3179743885993957,0.3912779986858368
2015-02-26,momentum,60,expanding,0.4437330067157745,0.3670709133148193
2015-02-27,momentum,60,expanding,0.3470306098461151,0.3374819457530975
2015-03-02,momentum,60,expanding,0.2667586803436279,0.3123499155044555
2015-03-03,momentum,60,expanding,0.5007086396217346,0.51816725730896
2015-03-04,momentum,60,expanding,0.6677775382995605,0.5348862409591675
2015-03-05,momentum,60,expanding,0.3570042848587036,0.4107331037521362
2015-03-06,momentum,60,expanding,0.7385730147361755,0.8113731145858765
2015-03-09,momentum,60,expanding,0.3881198167800903,0.4900426566600799
2015-03-10,momentum,60,expanding,0.8400395512580872,0.8337715864181519
2015-03-11,momentum,60,expanding,0.5907078981399536,0.5555107593536377
2015-03-12,momentum,60,expanding,0.6523180603981018,0.7504202127456665
2015-03-13,momentum,60,expanding,0.7049248218536377,0.6817472577095032
2015-03-16,momentum,60,expanding,0.5238789916038513,0.6865560412406921
2015-03-17,momentum,60,expanding,0.5899909138679504,0.5105077624320984
2015-03-18,momentum,60,expanding,1.051440954208374,1.0192862749099731
2015-03-19,momentum,60,expanding,0.5530752539634705,0.486980527639389
2015-03-20,momentum,60,expanding,0.6660987138748169,0.70635986328125
2015-03-23,momentum,60,expanding,0.3736087381839752,0.4653513729572296
2015-03-24,momentum,60,expanding,0.4509356319904327,0.514022707939148
2015-03-25,momentum,60,expanding,0.6865458488464355,0.9094566106796264
2015-03-26,momentum,60,expanding,0.873544454574585,0.8220998048782349
2015-03-27,momentum,60,expanding,0.5865139961242676,0.5743116140365601
2015-03-30,momentum,60,expanding,0.6811202764511108,0.6748349666595459
2015-03-31,momentum,60,expanding,0.6466434001922607,0.5507864952087402
2015-04-01,momentum,60,expanding,0.7361587882041931,0.6726155281066895
2015-04-02,momentum,60,expanding,0.5094029903411865,0.5345703959465027
2015-04-06,momentum,60,expanding,0.5339199304580688,0.7639725208282471
2015-04-07,momentum,60,expanding,0.4426901638507843,0.5255087614059448
2015-04-08,momentum,60,expanding,0.7183293104171753,0.4674919545650482
2015-04-09,momentum,60,expanding,0.597693920135498,0.5258035659790039
2015-04-10,momentum,60,expanding,0.28354012966156,0.3612208962440491
2015-04-13,momentum,60,expanding,0.3515390753746032,0.4512452781200409
2015-04-14,momentum,60,expanding,0.5259081721305847,0.4739569723606109
2015-04-15,momentum,60,expanding,0.4481188952922821,0.4353863894939422
2015-04-16,momentum,60,expanding,0.4082098305225372,0.3850584030151367
2015-04-17,momentum,60,expanding,0.7608491778373718,0.7879526615142822
2015-04-20,momentum,60,expanding,0.6108341217041016,0.5139974355697632
2015-04-21,momentum,60,expanding,0.4529463052749634,0.53497314453125
2015-04-22,momentum,60,expanding,0.458896666765213,0.5776498317718506
2015-04-23,momentum,60,expanding,0.4938202202320099,0.5167989134788513
2015-04-24,momentum,60,expanding,0.3273702263832092,0.3607122004032135
2015-04-27,momentum,60,expanding,0.481981098651886,0.5297051668167114
2015-04-28,momentum,60,expanding,0.6443674564361572,0.5348906517028809
2015-04-29,momentum,60,expanding,0.6621337532997131,0.5443112850189209
2015-04-30,momentum,60,expanding,0.7037506699562073,0.7520787715911865
2015-05-01,momentum,60,expanding,0.6726866364479065,0.5758352279663086
2015-05-04,momentum,60,expanding,0.375816285610199,0.4112925231456756
2015-05-05,momentum,60,expanding,0.570682942867279,0.7694053649902344
2015-05-06,momentum,60,expanding,0.9269205927848816,0.8284107446670532
2015-05-07,momentum,60,expanding,0.5604826211929321,0.6720472574234009
2015-05-08,momentum,60,expanding,0.8699830770492554,0.650847315788269
2015-05-11,momentum,60,expanding,0.4091064631938934,0.5157225131988525
2015-05-12,momentum,60,expanding,0.8183264136314392,0.643778383731842
2015-05-13,momentum,60,expanding,0.6684315204620361,0.5406721830368042
2015-05-14,momentum,60,expanding,0.5487048625946045,0.6119518876075745
2015-05-15,momentum,60,expanding,0.3386743068695068,0.3556348085403442
2015-05-18,momentum,60,expanding,0.2193475365638733,0.3462777137756347
2015-05-19,momentum,60,expanding,0.3124220073223114,0.396527886390686
2015-05-20,momentum,60,expanding,0.4188220202922821,0.4026789665222168
2015-05-21,momentum,60,expanding,0.279846727848053,0.377673864364624
2015-05-22,momentum,60,expanding,0.3309479653835296,0.354536235332489
2015-05-26,momentum,60,expanding,0.5155841708183289,0.6938363909721375
2015-05-27,momentum,60,expanding,0.4025551378726959,0.5753716826438904
2015-05-28,momentum,60,expanding,0.4390124380588531,0.3977514505386352
2015-05-29,momentum,60,expanding,0.5354623794555664,0.5085033178329468
2015-06-01,momentum,60,expanding,0.6326298117637634,0.4584718942642212
2015-06-02,momentum,60,expanding,0.5542809963226318,0.5255510807037354
2015-06-03,momentum,60,expanding,0.4349302947521209,0.483673095703125
2015-06-04,momentum,60,expanding,0.6734352707862854,0.5495316386222839
2015-06-05,momentum,60,expanding,0.5858168601989746,0.5544277429580688
2015-06-08,momentum,60,expanding,0.3806487917900085,0.4963899850845337
2015-06-09,momentum,60,expanding,0.4707942008972168,0.573712170124054
2015-06-10,momentum,60,expanding,0.6238774657249451,0.6747365593910217
2015-06-11,momentum,60,expanding,0.4449045062065124,0.3259944319725036
2015-06-12,momentum,60,expanding,0.5156898498535156,0.4881816506385803
2015-06-15,momentum,60,expanding,0.9224205017089844,0.5614058375358582
2015-06-16,momentum,60,expanding,0.5270959138870239,0.5109704732894897
2015-06-17,momentum,60,expanding,0.6415505409240723,0.5565284490585327
2015-06-18,momentum,60,expanding,0.5652602910995483,0.6287825107574463
2015-06-19,momentum,60,expanding,0.3343290388584137,0.4258498549461365
2015-06-22,momentum,60,expanding,0.6914674639701843,0.4564307928085327
2015-06-23,momentum,60,expanding,0.3239480555057525,0.3436580300331116
2015-06-24,momentum,60,expanding,0.3779144883155823,0.5390411615371704
2015-06-25,momentum,60,expanding,0.4098502099514007,0.4909489750862121
2015-06-26,momentum,60,expanding,0.4807495176792145,0.4763209223747253
2015-06-29,momentum,60,expanding,0.8694495558738708,0.9619851112365724
2015-06-30,momentum,60,expanding,0.8994608521461487,0.6973212957382202
2015-07-01,momentum,60,expanding,0.772849440574646,0.6275883913040161
2015-07-02,momentum,60,expanding,0.4632080495357513,0.5575144290924072
2015-07-06,momentum,60,expanding,0.9262874126434326,0.6886278390884399
2015-07-07,momentum,60,expanding,0.9469451904296876,0.97085303068161
2015-07-08,momentum,60,expanding,0.9316666722297668,0.9643290638923644
2015-07-09,momentum,60,expanding,1.3116600513458252,0.9229231476783752
2015-07-10,momentum,60,expanding,1.123153805732727,0.891407310962677
2015-07-13,momentum,60,expanding,0.6816275119781494,0.5756123065948486
2015-07-14,momentum,60,expanding,0.2428647130727768,0.5266180038452148
2015-07-15,momentum,60,expanding,0.3678913712501526,0.4070160686969757
2015-07-16,momentum,60,expanding,0.3954748511314392,0.41717529296875
2015-07-17,momentum,60,expanding,0.2423936873674392,0.3537082374095917
2015-07-20,momentum,60,expanding,0.292244017124176,0.2846700549125671
2015-07-21,momentum,60,expanding,0.3257938623428345,0.4398404657840729
2015-07-22,momentum,60,expanding,0.4348017573356628,0.4304061233997345
2015-07-23,momentum,60,expanding,0.399826169013977,0.589481770992279
2015-07-24,momentum,60,expanding,0.4459609091281891,0.7423651218414307
2015-07-27,momentum,60,expanding,0.7757925391197205,0.5996617078781128
2015-07-28,momentum,60,expanding,0.5373643636703491,0.6970690488815308
2015-07-29,momentum,60,expanding,0.4497852921485901,0.4572502076625824
2015-07-30,momentum,60,expanding,0.4582180976867676,0.4884050488471985
2015-07-31,momentum,60,expanding,0.3839213848114013,0.4555477797985077
2015-08-03,momentum,60,expanding,0.5662893056869507,0.5420341491699219
2015-08-04,momentum,60,expanding,0.4822500050067901,0.4801419079303741
2015-08-05,momentum,60,expanding,0.64484703540802,0.5790833234786987
2015-08-06,momentum,60,expanding,0.541225254535675,0.7358356714248657
2015-08-07,momentum,60,expanding,0.576079785823822,0.5375213623046875
2015-08-10,momentum,60,expanding,0.6756598353385925,0.5422142744064331
2015-08-11,momentum,60,expanding,0.8222931623458862,0.6562248468399048
2015-08-12,momentum,60,expanding,1.070734977722168,0.9189908504486084
2015-08-13,momentum,60,expanding,0.6425189971923828,0.6171460151672363
2015-08-14,momentum,60,expanding,0.4068052768707275,0.5516462326049805
2015-08-17,momentum,60,expanding,0.5880442261695862,0.6394092440605164
2015-08-18,momentum,60,expanding,0.3682068288326263,0.4396792650222778
2015-08-19,momentum,60,expanding,0.9496463537216188,0.6782858371734619
2015-08-20,momentum,60,expanding,1.073470950126648,1.1333825588226318
2015-08-21,momentum,60,expanding,1.521138310432434,1.6106512546539309
2015-08-24,momentum,60,expanding,6.107092380523682,2.4537835121154785
2015-08-25,momentum,60,expanding,2.710724115371704,3.0834035873413086
2015-08-26,momentum,60,expanding,2.8424289226531982,2.1331727504730225
2015-08-27,momentum,60,expanding,1.896519660949707,1.6017824411392212
2015-08-28,momentum,60,expanding,0.9556337594985962,1.220924973487854
2015-08-31,momentum,60,expanding,1.0897337198257446,1.0413434505462646
2015-09-01,momentum,60,expanding,2.2449772357940674,1.9674186706542969
2015-09-02,momentum,60,expanding,1.4546595811843872,1.207722544670105
2015-09-03,momentum,60,expanding,0.992962121963501,1.355792999267578
2015-09-04,momentum,60,expanding,1.4397097826004028,1.2022184133529663
2015-09-08,momentum,60,expanding,1.468074917793274,1.2216507196426392
2015-09-09,momentum,60,expanding,1.1140401363372805,1.5843572616577148
2015-09-10,momentum,60,expanding,0.8762382864952087,1.2338569164276123
2015-09-11,momentum,60,expanding,0.8052470088005066,0.9825479984283448
2015-09-14,momentum,60,expanding,0.5960224270820618,0.6436230540275574
2015-09-15,momentum,60,expanding,0.5569227337837219,0.9658093452453612
2015-09-16,momentum,60,expanding,0.5929057002067566,0.661803126335144
2015-09-17,momentum,60,expanding,1.27928626537323,1.1071547269821167
2015-09-18,momentum,60,expanding,1.361925482749939,1.1930930614471436
2015-09-21,momentum,60,expanding,0.8707589507102966,0.7995491027832031
2015-09-22,momentum,60,expanding,1.3077605962753296,1.060840725898743
2015-09-23,momentum,60,expanding,0.7572812438011169,1.084052801132202
2015-09-24,momentum,60,expanding,1.044100642204285,1.1791564226150513
2015-09-25,momentum,60,expanding,1.0345593690872192,1.0540601015090942
2015-09-28,momentum,60,expanding,1.1553207635879517,1.5367257595062256
2015-09-29,momentum,60,expanding,1.1817799806594849,1.1740169525146484
2015-09-30,momentum,60,expanding,1.495627760887146,1.1247689723968506
2015-10-01,momentum,60,expanding,1.141032576560974,1.0517765283584597
2015-10-02,momentum,60,expanding,1.693498611450195,1.5976688861846924
2015-10-05,momentum,60,expanding,0.8905875086784363,1.0233973264694214
2015-10-06,momentum,60,expanding,0.6829049587249756,0.842077910900116
2015-10-07,momentum,60,expanding,0.94715017080307,0.7711875438690186
2015-10-08,momentum,60,expanding,0.7110604047775269,0.8741869330406189
2015-10-09,momentum,60,expanding,0.5342766046524048,0.660513699054718
2015-10-12,momentum,60,expanding,0.3761202991008758,0.4438755512237549
2015-10-13,momentum,60,expanding,0.615027904510498,0.6086407899856567
2015-10-14,momentum,60,expanding,0.6851932406425476,0.6820996999740601
2015-10-15,momentum,60,expanding,0.5368911623954773,0.7663814425468445
2015-10-16,momentum,60,expanding,0.5126047134399414,0.4594299793243408
2015-10-19,momentum,60,expanding,0.5282853245735168,0.4732622504234314
2015-10-20,momentum,60,expanding,0.5042325258255005,0.5214270353317261
2015-10-21,momentum,60,expanding,0.7471799254417419,0.6405460238456726
2015-10-22,momentum,60,expanding,0.7661428451538086,0.8171415328979492
2015-10-23,momentum,60,expanding,0.8509055972099304,0.6369801759719849
2015-10-26,momentum,60,expanding,0.3822285532951355,0.4634749293327331
2015-10-27,momentum,60,expanding,0.5862306952476501,0.5142408609390259
2015-10-28,momentum,60,expanding,0.9409856796264648,0.7331557869911194
2015-10-29,momentum,60,expanding,0.4814004302024841,0.5526977777481079
2015-10-30,momentum,60,expanding,0.5342662334442139,0.5923464894294739
2015-11-02,momentum,60,expanding,0.4204661846160888,0.6264401078224182
2015-11-03,momentum,60,expanding,0.4835807979106903,0.489133358001709
2015-11-04,momentum,60,expanding,0.614382803440094,0.5085931420326233
2015-11-05,momentum,60,expanding,0.5839255452156067,0.625811755657196
2015-11-06,momentum,60,expanding,0.6034426689147949,0.5797631144523621
2015-11-09,momentum,60,expanding,0.7614883780479431,0.7216218709945679
2015-11-10,momentum,60,expanding,0.5499747395515442,0.5692407488822937
2015-11-11,momentum,60,expanding,0.4731254279613495,0.5330858826637268
2015-11-12,momentum,60,expanding,0.8733656406402588,0.7960272431373596
2015-11-13,momentum,60,expanding,0.6671431660652161,0.8260686993598938
2015-11-16,momentum,60,expanding,0.7153626084327698,0.8549231290817261
2015-11-17,momentum,60,expanding,0.7524334192276001,0.6875563859939575
2015-11-18,momentum,60,expanding,0.7099785804748535,0.8546318411827087
2015-11-19,momentum,60,expanding,0.4644718766212463,0.4695736169815063
2015-11-20,momentum,60,expanding,0.5691575407981873,0.558366060256958
2015-11-23,momentum,60,expanding,0.4336825907230377,0.4831644296646118
2015-11-24,momentum,60,expanding,0.6535255312919617,0.6397585868835449
2015-11-25,momentum,60,expanding,0.3200731873512268,0.4065260291099548
2015-11-27,momentum,60,expanding,0.2484254091978073,0.3926467299461365
2015-11-30,momentum,60,expanding,0.4424359798431396,0.4517288208007812
2015-12-01,momentum,60,expanding,0.6222959756851196,0.5225738883018494
2015-12-02,momentum,60,expanding,0.5199115872383118,0.7003924250602722
2015-12-03,momentum,60,expanding,0.8429600596427917,1.056752324104309
2015-12-04,momentum,60,expanding,0.845172643661499,0.983099102973938
2015-12-07,momentum,60,expanding,0.8103945255279541,0.7418226599693298
2015-12-08,momentum,60,expanding,1.2818913459777832,0.8458340167999268
2015-12-09,momentum,60,expanding,1.0488706827163696,1.2273805141448977
2015-12-10,momentum,60,expanding,0.7810572385787964,0.8499884605407715
2015-12-11,momentum,60,expanding,1.160577654838562,1.1816343069076538
2015-12-14,momentum,60,expanding,1.239391565322876,1.0428831577301023
2015-12-15,momentum,60,expanding,1.0609846115112305,0.9189317226409912
2015-12-16,momentum,60,expanding,0.983195960521698,0.9016045928001404
2015-12-17,momentum,60,expanding,0.9051330089569092,1.0618369579315186
2015-12-18,momentum,60,expanding,0.975375771522522,1.1463611125946045
2015-12-21,momentum,60,expanding,0.8869057893753052,0.656173825263977
2015-12-22,momentum,60,expanding,0.6400415897369385,0.7834125757217407
2015-12-23,momentum,60,expanding,0.5840789675712585,0.7665731310844421
2015-12-24,momentum,60,expanding,0.2801190316677093,0.6277798414230347
2015-12-28,momentum,60,expanding,0.544843852519989,0.6227821111679077
2015-12-29,momentum,60,expanding,0.6348679661750793,0.5786327123641968
2015-12-30,momentum,60,expanding,0.4367802739143371,0.6189383864402771
2015-12-31,momentum,60,expanding,0.6944714784622192,0.6193551421165466
2016-01-04,momentum,60,expanding,1.8643945455551147,1.1504201889038086
2016-01-05,momentum,60,expanding,0.7911797761917114,0.8718088269233704
2016-01-06,momentum,60,expanding,1.4094488620758057,1.079639196395874
2016-01-07,momentum,60,expanding,1.9777171611785889,1.4755558967590332
2016-01-08,momentum,60,expanding,1.3276973962783811,1.656700611114502
2016-01-11,momentum,60,expanding,1.2732048034667969,1.3647794723510742
2016-01-12,momentum,60,expanding,1.3360037803649902,1.305699348449707
2016-01-13,momentum,60,expanding,1.4331769943237305,1.8778702020645144
2016-01-14,momentum,60,expanding,1.276334524154663,1.6766674518585205
2016-01-15,momentum,60,expanding,2.256190776824951,1.8990799188613887
2016-01-19,momentum,60,expanding,1.414040446281433,1.5735169649124146
2016-01-20,momentum,60,expanding,2.090296983718872,2.0573575496673584
2016-01-21,momentum,60,expanding,1.7240387201309204,1.7106858491897583
2016-01-22,momentum,60,expanding,1.350212812423706,1.2948569059371948
2016-01-25,momentum,60,expanding,0.8432279825210571,1.208327054977417
2016-01-26,momentum,60,expanding,1.132907509803772,0.984454870223999
2016-01-27,momentum,60,expanding,1.418370008468628,1.4566115140914917
2016-01-28,momentum,60,expanding,1.6049604415893557,1.3029654026031494
2016-01-29,momentum,60,expanding,0.8625195026397705,1.496293544769287
2016-02-01,momentum,60,expanding,1.108719825744629,0.8894787430763245
2016-02-02,momentum,60,expanding,1.0957472324371338,1.1627850532531738
2016-02-03,momentum,60,expanding,1.661211013793945,1.4823490381240845
2016-02-04,momentum,60,expanding,1.3568352460861206,1.3900675773620603
2016-02-05,momentum,60,expanding,1.1918375492095947,1.3712785243988037
2016-02-08,momentum,60,expanding,1.7131495475769043,1.4215075969696045
2016-02-09,momentum,60,expanding,1.7238924503326416,1.4851442575454712
2016-02-10,momentum,60,expanding,1.284624099731445,1.3856384754180908
2016-02-11,momentum,60,expanding,1.7465639114379885,1.431911587715149
2016-02-12,momentum,60,expanding,0.9847818613052368,1.221269130706787
2016-02-16,momentum,60,expanding,0.9619315266609192,0.8846570253372192
2016-02-17,momentum,60,expanding,0.8570308089256287,1.042331576347351
2016-02-18,momentum,60,expanding,0.6592288613319397,0.8743934631347656
2016-02-19,momentum,60,expanding,0.8370142579078674,0.8348873257637024
2016-02-22,momentum,60,expanding,0.8208672404289246,0.664387583732605
2016-02-23,momentum,60,expanding,0.7050926089286804,0.8231780529022217
2016-02-24,momentum,60,expanding,1.3654946088790894,1.2296452522277832
2016-02-25,momentum,60,expanding,0.8240745067596436,0.8245593309402466
2016-02-26,momentum,60,expanding,0.7443616390228271,0.689687967300415
2016-02-29,momentum,60,expanding,0.6923912763595581,0.8557252883911133
2016-03-01,momentum,60,expanding,0.8032092452049255,1.0109959840774536
2016-03-02,momentum,60,expanding,0.6526565551757812,0.6557866930961609
2016-03-03,momentum,60,expanding,0.5303792953491211,0.5603600144386292
2016-03-04,momentum,60,expanding,0.6377307772636414,0.7629873156547546
2016-03-07,momentum,60,expanding,0.7092128396034241,0.7210100293159485
2016-03-08,momentum,60,expanding,0.8456987738609314,0.703871488571167
2016-03-09,momentum,60,expanding,0.7557376623153687,0.5847508311271667
2016-03-10,momentum,60,expanding,1.0528972148895264,1.060633420944214
2016-03-11,momentum,60,expanding,0.7802853584289551,0.7592397332191467
2016-03-14,momentum,60,expanding,0.4418516457080841,0.4837620854377746
2016-03-15,momentum,60,expanding,0.5727604031562805,0.5134024024009705
2016-03-16,momentum,60,expanding,0.8591802716255188,0.569083571434021
2016-03-17,momentum,60,expanding,0.4830599427223205,0.6667670011520386
2016-03-18,momentum,60,expanding,0.5102292895317078,0.4034025371074676
2016-03-21,momentum,60,expanding,0.4179591834545135,0.421541154384613
2016-03-22,momentum,60,expanding,0.5167195200920105,0.5706926584243774
2016-03-23,momentum,60,expanding,0.4682425260543823,0.5290099382400513
2016-03-24,momentum,60,expanding,0.5987577438354492,0.4448089003562927
2016-03-28,momentum,60,expanding,0.3967815637588501,0.3836428523063659
2016-03-29,momentum,60,expanding,0.5566663146018982,0.6566381454467773
2016-03-30,momentum,60,expanding,0.5525966882705688,0.4261675179004669
2016-03-31,momentum,60,expanding,0.3733204007148742,0.3650549054145813
2016-04-01,momentum,60,expanding,0.7174330949783325,0.7848784923553467
2016-04-04,momentum,60,expanding,0.4242019653320312,0.4593510925769806
2016-04-05,momentum,60,expanding,0.7961450219154358,0.6115577220916748
2016-04-06,momentum,60,expanding,0.5540632605552673,0.6292858123779297
2016-04-07,momentum,60,expanding,0.7730053663253784,0.8437727689743042
2016-04-08,momentum,60,expanding,0.6810202598571777,0.6706780195236206
2016-04-11,momentum,60,expanding,0.6143216490745544,0.6520727872848511
2016-04-12,momentum,60,expanding,0.6139630079269409,0.7393136024475098
2016-04-13,momentum,60,expanding,0.5803050398826599,0.5326332449913025
2016-04-14,momentum,60,expanding,0.4040981829166412,0.4349969029426574
2016-04-15,momentum,60,expanding,0.2471265494823455,0.3548010587692261
2016-04-18,momentum,60,expanding,0.4576647281646728,0.5083785057067871
2016-04-19,momentum,60,expanding,0.4471403062343597,0.4145186245441437
2016-04-20,momentum,60,expanding,0.3924191296100616,0.488103836774826
2016-04-21,momentum,60,expanding,0.4886075556278229,0.585822582244873
2016-04-22,momentum,60,expanding,0.4717874526977539,0.4564127922058105
2016-04-25,momentum,60,expanding,0.4663309752941131,0.4563497900962829
2016-04-26,momentum,60,expanding,0.4146104454994201,0.4634751975536346
2016-04-27,momentum,60,expanding,0.5534590482711792,0.5272714495658875
2016-04-28,momentum,60,expanding,0.6042600274085999,0.7523367404937744
2016-04-29,momentum,60,expanding,0.7228695750236511,0.7029861211776733
2016-05-02,momentum,60,expanding,0.480984628200531,0.5261373519897461
2016-05-03,momentum,60,expanding,0.7204863429069519,0.6932204365730286
2016-05-04,momentum,60,expanding,0.5959994196891785,0.6173079609870911
2016-05-05,momentum,60,expanding,0.5839337110519409,0.5340476036071777
2016-05-06,momentum,60,expanding,0.6555532813072205,0.5655293464660645
2016-05-09,momentum,60,expanding,0.4680878221988678,0.451101154088974
2016-05-10,momentum,60,expanding,0.4542472064495086,0.583511471748352
2016-05-11,momentum,60,expanding,0.4730702638626098,0.5691017508506775
2016-05-12,momentum,60,expanding,0.6881145238876343,0.6752729415893555
2016-05-13,momentum,60,expanding,0.5798383355140686,0.7105000019073486
2016-05-16,momentum,60,expanding,0.4479709267616272,0.6462846994400024
2016-05-17,momentum,60,expanding,0.5969027876853943,0.7272058725357056
2016-05-18,momentum,60,expanding,0.9573208093643188,0.8839304447174072
2016-05-19,momentum,60,expanding,0.8042436838150024,0.6864585280418396
2016-05-20,momentum,60,expanding,0.5121746063232422,0.5425603985786438
2016-05-23,momentum,60,expanding,0.3349516093730926,0.4155118465423584
2016-05-24,momentum,60,expanding,0.5281316637992859,0.6293442845344543
2016-05-25,momentum,60,expanding,0.4735313057899475,0.4872176647186279
2016-05-26,momentum,60,expanding,0.3417476713657379,0.3134501278400421
2016-05-27,momentum,60,expanding,0.2984107136726379,0.3439659178256988
2016-05-31,momentum,60,expanding,0.4157238900661468,0.4444984793663025
2016-06-01,momentum,60,expanding,0.5437378883361816,0.525698184967041
2016-06-02,momentum,60,expanding,0.4243984520435333,0.505623459815979
2016-06-03,momentum,60,expanding,0.594088077545166,0.5587325096130371
2016-06-06,momentum,60,expanding,0.3940285444259643,0.3630039989948272
2016-06-07,momentum,60,expanding,0.2598709166049957,0.3626484274864197
2016-06-08,momentum,60,expanding,0.3198907077312469,0.3498129844665527
2016-06-09,momentum,60,expanding,0.4458799064159393,0.3688573837280273
2016-06-10,momentum,60,expanding,0.6192079782485962,0.5355744957923889
2016-06-13,momentum,60,expanding,0.5233069658279419,0.5815854072570801
2016-06-14,momentum,60,expanding,0.6233665347099304,0.5761875510215759
2016-06-15,momentum,60,expanding,0.4930331110954284,0.5732216238975525
2016-06-16,momentum,60,expanding,0.7422111630439758,0.7813125848770142
2016-06-17,momentum,60,expanding,0.5440672039985657,0.5752004384994507
2016-06-20,momentum,60,expanding,0.8680330514907837,0.7098349332809448
2016-06-21,momentum,60,expanding,0.4856100082397461,0.411542534828186
2016-06-22,momentum,60,expanding,0.5078912973403931,0.5182673335075378
2016-06-23,momentum,60,expanding,0.5845242142677307,0.4887838363647461
2016-06-24,momentum,60,expanding,2.5068275928497314,1.7126834392547607
2016-06-27,momentum,60,expanding,1.1343152523040771,1.3058245182037354
2016-06-28,momentum,60,expanding,0.9142375588417052,1.039168119430542
2016-06-29,momentum,60,expanding,0.7956054210662842,0.8496062755584717
2016-06-30,momentum,60,expanding,0.5864193439483643,1.0882529020309448
2016-07-01,momentum,60,expanding,0.3890992701053619,0.6540266275405884
2016-07-05,momentum,60,expanding,0.5271096229553223,0.6320862770080566
2016-07-06,momentum,60,expanding,0.6909399032592773,0.744452714920044
2016-07-07,momentum,60,expanding,0.5431602597236633,0.6719585657119751
2016-07-08,momentum,60,expanding,0.391685426235199,0.5874132513999939
2016-07-11,momentum,60,expanding,0.4308535456657409,0.3803855776786804
2016-07-12,momentum,60,expanding,0.5599690675735474,0.4013135433197021
2016-07-13,momentum,60,expanding,0.3626339137554168,0.3878355026245117
2016-07-14,momentum,60,expanding,0.5216362476348877,0.3386308550834656
2016-07-15,momentum,60,expanding,0.3339429497718811,0.4048454463481903
2016-07-18,momentum,60,expanding,0.2528551518917084,0.2990102469921112
2016-07-19,momentum,60,expanding,0.2636338472366333,0.273652046918869
2016-07-20,momentum,60,expanding,0.2262370586395263,0.2962450683116913
2016-07-21,momentum,60,expanding,0.337037056684494,0.3894392251968384
2016-07-22,momentum,60,expanding,0.2645395696163177,0.2877137959003448
2016-07-25,momentum,60,expanding,0.3274501264095306,0.3312233388423919
2016-07-26,momentum,60,expanding,0.4504607915878296,0.3821002244949341
2016-07-27,momentum,60,expanding,0.479295939207077,0.4587538242340088
2016-07-28,momentum,60,expanding,0.4895424544811249,0.3786826729774475
2016-07-29,momentum,60,expanding,0.4007420241832733,0.3718081712722778
2016-08-01,momentum,60,expanding,0.4704261720180511,0.3679041266441345
2016-08-02,momentum,60,expanding,0.4987277686595917,0.589067816734314
2016-08-03,momentum,60,expanding,0.3435832560062408,0.4042398631572723
2016-08-04,momentum,60,expanding,0.3353202641010284,0.3821727037429809
2016-08-05,momentum,60,expanding,0.3109190464019775,0.3334574103355407
2016-08-08,momentum,60,expanding,0.2371287792921066,0.2837498188018799
2016-08-09,momentum,60,expanding,0.2269516140222549,0.2394884079694748
2016-08-10,momentum,60,expanding,0.3250317573547363,0.3455834984779358
2016-08-11,momentum,60,expanding,0.3414006233215332,0.2743892073631286
2016-08-12,momentum,60,expanding,0.2294441312551498,0.2967484295368194
2016-08-15,momentum,60,expanding,0.1975472271442413,0.2450230121612548
2016-08-16,momentum,60,expanding,0.3397499620914459,0.3286620378494262
2016-08-17,momentum,60,expanding,0.4053941667079925,0.4204107522964477
2016-08-18,momentum,60,expanding,0.2481752336025238,0.3208460211753845
2016-08-19,momentum,60,expanding,0.3755485713481903,0.3258906900882721
2016-08-22,momentum,60,expanding,0.4753009974956512,0.3244341015815735
2016-08-23,momentum,60,expanding,0.2574482858181,0.264163613319397
2016-08-24,momentum,60,expanding,0.3273195028305053,0.4520979225635528
2016-08-25,momentum,60,expanding,0.3921144306659698,0.3946958780288696
2016-08-26,momentum,60,expanding,0.6130600571632385,0.6769871115684509
2016-08-29,momentum,60,expanding,0.2932550311088562,0.401258111000061
2016-08-30,momentum,60,expanding,0.3749251365661621,0.3659100830554962
2016-08-31,momentum,60,expanding,0.3562649190425873,0.4134532809257507
2016-09-01,momentum,60,expanding,0.4937528371810913,0.4696386456489563
2016-09-02,momentum,60,expanding,0.3830015659332275,0.3560962677001953
2016-09-06,momentum,60,expanding,0.3238064646720886,0.3536865711212158
2016-09-07,momentum,60,expanding,0.2669856548309326,0.3198299407958984
2016-09-08,momentum,60,expanding,0.2952359914779663,0.3009143471717834
2016-09-09,momentum,60,expanding,0.664097785949707,0.9419859647750854
2016-09-12,momentum,60,expanding,0.752480149269104,0.9952902793884276
2016-09-13,momentum,60,expanding,0.969701886177063,0.8185651898384094
2016-09-14,momentum,60,expanding,0.6843146085739136,0.838486909866333
2016-09-15,momentum,60,expanding,0.6103323698043823,0.7906197309494019
2016-09-16,momentum,60,expanding,0.6537879109382629,0.5054845213890076
2016-09-19,momentum,60,expanding,0.4930750727653503,0.5786701440811157
2016-09-20,momentum,60,expanding,0.4417466819286346,0.4454451203346252
2016-09-21,momentum,60,expanding,0.5785161852836609,0.5745235681533813
2016-09-22,momentum,60,expanding,0.481725662946701,0.2870984077453613
2016-09-23,momentum,60,expanding,0.3419942259788513,0.3921578228473663
2016-09-26,momentum,60,expanding,0.458999752998352,0.4226534962654114
2016-09-27,momentum,60,expanding,0.4963929355144501,0.4953454732894897
2016-09-28,momentum,60,expanding,0.4797413945198059,0.5459030270576477
2016-09-29,momentum,60,expanding,0.6804351210594177,0.7195947170257568
2016-09-30,momentum,60,expanding,0.5552424192428589,0.5189606547355652
2016-10-03,momentum,60,expanding,0.4135640859603882,0.3767675161361694
2016-10-04,momentum,60,expanding,0.6580941081047058,0.6781414151191711
2016-10-05,momentum,60,expanding,0.3504313230514526,0.420651376247406
2016-10-06,momentum,60,expanding,0.4211918413639068,0.46829354763031
2016-10-07,momentum,60,expanding,0.5236009359359741,0.6022053360939026
2016-10-10,momentum,60,expanding,0.3350566327571869,0.3091452419757843
2016-10-11,momentum,60,expanding,0.5850227475166321,0.7929035425186157
2016-10-12,momentum,60,expanding,0.4278507828712463,0.5050135254859924
2016-10-13,momentum,60,expanding,0.6159225702285767,0.6816562414169312
2016-10-14,momentum,60,expanding,0.5145489573478699,0.5798341035842896
2016-10-17,momentum,60,expanding,0.3883950114250183,0.4759207367897033
2016-10-18,momentum,60,expanding,0.4081222414970398,0.3330591022968292
2016-10-19,momentum,60,expanding,0.2723785638809204,0.3864184617996216
2016-10-20,momentum,60,expanding,0.5416315197944641,0.4033738374710083
2016-10-21,momentum,60,expanding,0.4507193267345428,0.4142593145370483
2016-10-24,momentum,60,expanding,0.3396598100662231,0.2892980277538299
2016-10-25,momentum,60,expanding,0.3230628073215484,0.3762800097465515
2016-10-26,momentum,60,expanding,0.4787444770336151,0.4295121431350708
2016-10-27,momentum,60,expanding,0.4776531457901001,0.4879361391067505
2016-10-28,momentum,60,expanding,0.7668375968933105,0.5934886336326599
2016-10-31,momentum,60,expanding,0.3748847544193268,0.3591062426567077
2016-11-01,momentum,60,expanding,0.5948173403739929,0.8631194233894348
2016-11-02,momentum,60,expanding,0.6631988286972046,0.5938932299613953
2016-11-03,momentum,60,expanding,0.4272792339324951,0.6373870968818665
2016-11-04,momentum,60,expanding,0.56281977891922,0.5563111305236816
2016-11-07,momentum,60,expanding,0.762750506401062,0.6670589447021484
2016-11-08,momentum,60,expanding,0.5622711777687073,0.5382745862007141
2016-11-09,momentum,60,expanding,1.103110671043396,0.8528130650520325
2016-11-10,momentum,60,expanding,1.0612717866897583,0.799009382724762
2016-11-11,momentum,60,expanding,0.5606706738471985,0.568139374256134
2016-11-14,momentum,60,expanding,0.5229861736297607,0.5451303720474243
2016-11-15,momentum,60,expanding,0.3335860073566437,0.4794904291629791
2016-11-16,momentum,60,expanding,0.3812691569328308,0.3906095325946808
2016-11-17,momentum,60,expanding,0.2612607479095459,0.3672661185264587
2016-11-18,momentum,60,expanding,0.3081079721450805,0.2900701761245727
2016-11-21,momentum,60,expanding,0.3042566776275635,0.2846769392490387
2016-11-22,momentum,60,expanding,0.2916544377803802,0.3232812881469726
2016-11-23,momentum,60,expanding,0.2739172577857971,0.3031168580055237
2016-11-25,momentum,60,expanding,0.1411752551794052,0.1481727063655853
2016-11-28,momentum,60,expanding,0.311784029006958,0.3346787393093109
2016-11-29,momentum,60,expanding,0.3024925589561462,0.3974435329437256
2016-11-30,momentum,60,expanding,0.5293129682540894,0.452501893043518
2016-12-01,momentum,60,expanding,0.4615923166275024,0.4969472885131836
2016-12-02,momentum,60,expanding,0.382408082485199,0.3727365136146545
2016-12-05,momentum,60,expanding,0.2903845012187958,0.2420931905508041
2016-12-06,momentum,60,expanding,0.2976779341697693,0.333562970161438
2016-12-07,momentum,60,expanding,0.4763052761554718,0.5815670490264893
2016-12-08,momentum,60,expanding,0.4019447863101959,0.3388029932975769
2016-12-09,momentum,60,expanding,0.2897843718528747,0.2659807801246643
2016-12-12,momentum,60,expanding,0.3811413049697876,0.2991985082626343
2016-12-13,momentum,60,expanding,0.3899644017219543,0.2773743867874145
2016-12-14,momentum,60,expanding,0.8847878575325012,0.5663752555847168
2016-12-15,momentum,60,expanding,0.5356317758560181,0.584726095199585
2016-12-16,momentum,60,expanding,0.4584411978721618,0.5121181011199951
2016-12-19,momentum,60,expanding,0.3088212013244629,0.379786342382431
2016-12-20,momentum,60,expanding,0.2855783700942993,0.3214032053947449
2016-12-21,momentum,60,expanding,0.1954396814107895,0.3450525403022766
2016-12-22,momentum,60,expanding,0.2534743547439575,0.3148235976696014
2016-12-23,momentum,60,expanding,0.1615386456251144,0.2081509977579116
2016-12-27,momentum,60,expanding,0.2364281415939331,0.2827709317207336
2016-12-28,momentum,60,expanding,0.352010577917099,0.4916605353355407
2016-12-29,momentum,60,expanding,0.3400283455848694,0.3724640607833862
2016-12-30,momentum,60,expanding,0.469421923160553,0.5422171950340271
2017-01-03,momentum,60,expanding,0.5941449999809265,0.4747259616851806
2017-01-04,momentum,60,expanding,0.3641157150268554,0.3399201035499573
2017-01-05,momentum,60,expanding,0.3432903885841369,0.3573306202888489
2017-01-06,momentum,60,expanding,0.3869064152240753,0.454943835735321
2017-01-09,momentum,60,expanding,0.2839605510234833,0.2885717749595642
2017-01-10,momentum,60,expanding,0.3544443547725677,0.4210451543331146
2017-01-11,momentum,60,expanding,0.5368474721908569,0.4375780820846557
2017-01-12,momentum,60,expanding,0.487313836812973,0.4636446237564087
2017-01-13,momentum,60,expanding,0.290849506855011,0.2998485565185547
2017-01-17,momentum,60,expanding,0.3088895082473755,0.3373273611068725
2017-01-18,momentum,60,expanding,0.3339954912662506,0.3606038689613342
2017-01-19,momentum,60,expanding,0.3924441039562225,0.4778001308441162
2017-01-20,momentum,60,expanding,0.454139769077301,0.3659917116165161
2017-01-23,momentum,60,expanding,0.4279355704784393,0.384549617767334
2017-01-24,momentum,60,expanding,0.2782492935657501,0.3891367316246032
2017-01-25,momentum,60,expanding,0.2939313948154449,0.2925626039505005
2017-01-26,momentum,60,expanding,0.2952443361282348,0.3196953535079956
2017-01-27,momentum,60,expanding,0.2568880319595337,0.2723063826560974
2017-01-30,momentum,60,expanding,0.4480785131454468,0.4002111554145813
2017-01-31,momentum,60,expanding,0.4137376248836517,0.3735219240188598
2017-02-01,momentum,60,expanding,0.453660637140274,0.4763126969337463
2017-02-02,momentum,60,expanding,0.4019522368907928,0.4277393817901611
2017-02-03,momentum,60,expanding,0.2836639881134033,0.314419686794281
2017-02-06,momentum,60,expanding,0.2499499022960662,0.2961106300354004
2017-02-07,momentum,60,expanding,0.2756151556968689,0.3013278245925903
2017-02-08,momentum,60,expanding,0.3489532768726349,0.3614399135112762
2017-02-09,momentum,60,expanding,0.2515974044799804,0.3482120037078857
2017-02-10,momentum,60,expanding,0.2165834456682205,0.2188903093338012
2017-02-13,momentum,60,expanding,0.2217499762773513,0.2174232006072998
2017-02-14,momentum,60,expanding,0.3285106420516968,0.2648363709449768
2017-02-15,momentum,60,expanding,0.3014621436595917,0.3141265511512756
2017-02-16,momentum,60,expanding,0.4711402356624603,0.3012633323669433
2017-02-17,momentum,60,expanding,0.2854782342910766,0.294858306646347
2017-02-21,momentum,60,expanding,0.3339502215385437,0.2830438017845154
2017-02-22,momentum,60,expanding,0.2627743482589721,0.277624249458313
2017-02-23,momentum,60,expanding,0.3267427682876587,0.3337941467761993
2017-02-24,momentum,60,expanding,0.3853337168693542,0.3563416600227356
2017-02-27,momentum,60,expanding,0.2892083823680877,0.2748965919017792
2017-02-28,momentum,60,expanding,0.2856677174568176,0.324161946773529
2017-03-01,momentum,60,expanding,0.377248615026474,0.3589657843112945
2017-03-02,momentum,60,expanding,0.3869376182556152,0.4024054110050201
2017-03-03,momentum,60,expanding,0.3139192163944244,0.281130850315094
2017-03-06,momentum,60,expanding,0.305844247341156,0.3342095613479614
2017-03-07,momentum,60,expanding,0.3097547888755798,0.3347981572151184
2017-03-08,momentum,60,expanding,0.3364221751689911,0.4196719527244568
2017-03-09,momentum,60,expanding,0.349087119102478,0.4201017916202545
2017-03-10,momentum,60,expanding,0.3722757697105407,0.3627767264842987
2017-03-13,momentum,60,expanding,0.2337055802345276,0.2410543262958526
2017-03-14,momentum,60,expanding,0.3798516690731048,0.3135737776756286
2017-03-15,momentum,60,expanding,0.4296440482139587,0.4133341312408447
2017-03-16,momentum,60,expanding,0.3226821422576904,0.3392869830131531
2017-03-17,momentum,60,expanding,0.2527070939540863,0.3096460103988647
2017-03-20,momentum,60,expanding,0.3469682037830353,0.3053956031799316
2017-03-21,momentum,60,expanding,0.6479567885398865,0.7985625267028809
2017-03-22,momentum,60,expanding,0.5360957384109497,0.4863482713699341
2017-03-23,momentum,60,expanding,0.5107344388961792,0.5451407432556152
2017-03-24,momentum,60,expanding,0.5062916874885559,0.5590623021125793
2017-03-27,momentum,60,expanding,0.4787888824939728,0.6081339120864868
2017-03-28,momentum,60,expanding,0.4661623537540436,0.5526816844940186
2017-03-29,momentum,60,expanding,0.3232223391532898,0.353017508983612
2017-03-30,momentum,60,expanding,0.2998308837413788,0.3259511590003967
2017-03-31,momentum,60,expanding,0.3427317142486572,0.2911170125007629
2017-04-03,momentum,60,expanding,0.493642508983612,0.4963129758834839
2017-04-04,momentum,60,expanding,0.3619523346424103,0.3272444605827331
2017-04-05,momentum,60,expanding,0.6213233470916748,0.6213892698287964
2017-04-06,momentum,60,expanding,0.5119221210479736,0.4708020091056824
2017-04-07,momentum,60,expanding,0.4495516717433929,0.4420701861381531
2017-04-10,momentum,60,expanding,0.4825155735015869,0.4185664653778076
2017-04-11,momentum,60,expanding,0.5633184313774109,0.4668998420238495
2017-04-12,momentum,60,expanding,0.4779595732688904,0.4159448146820068
2017-04-13,momentum,60,expanding,0.4887461364269256,0.5759167671203613
2017-04-17,momentum,60,expanding,0.3559204041957855,0.3930193185806274
2017-04-18,momentum,60,expanding,0.4290758669376373,0.4435353279113769
2017-04-19,momentum,60,expanding,0.3614488244056701,0.4926158487796783
2017-04-20,momentum,60,expanding,0.3553574383258819,0.4344392418861389
2017-04-21,momentum,60,expanding,0.3804391920566559,0.3736668825149536
2017-04-24,momentum,60,expanding,0.2908990383148193,0.1835939288139343
2017-04-25,momentum,60,expanding,0.2688362300395965,0.2123389095067978
2017-04-26,momentum,60,expanding,0.4716068804264068,0.2444439530372619
2017-04-27,momentum,60,expanding,0.3280641734600067,0.2676562666893005
2017-04-28,momentum,60,expanding,0.2976835668087005,0.3713251054286957
2017-05-01,momentum,60,expanding,0.2744441032409668,0.2938090562820434
2017-05-02,momentum,60,expanding,0.2416128516197204,0.2678102850914001
2017-05-03,momentum,60,expanding,0.2866865396499634,0.3537565171718597
2017-05-04,momentum,60,expanding,0.3698002099990845,0.3401308059692383
2017-05-05,momentum,60,expanding,0.2362615019083023,0.2486512959003448
2017-05-08,momentum,60,expanding,0.2636096775531769,0.2106080949306488
2017-05-09,momentum,60,expanding,0.2550305724143982,0.316037118434906
2017-05-10,momentum,60,expanding,0.2191449999809265,0.2637942135334015
2017-05-11,momentum,60,expanding,0.3404338657855987,0.3975811600685119
2017-05-12,momentum,60,expanding,0.2339843213558197,0.2546871602535248
2017-05-15,momentum,60,expanding,0.234304741024971,0.2543073892593384
2017-05-16,momentum,60,expanding,0.2754415273666382,0.2789851129055023
2017-05-17,momentum,60,expanding,0.5703036785125732,0.631810188293457
2017-05-18,momentum,60,expanding,0.6583026647567749,0.6049647331237793
2017-05-19,momentum,60,expanding,0.366624653339386,0.5171217918395996
2017-05-22,momentum,60,expanding,0.2527961134910583,0.2930778861045837
2017-05-23,momentum,60,expanding,0.2305911034345626,0.2509954571723938
2017-05-24,momentum,60,expanding,0.221903309226036,0.219533622264862
2017-05-25,momentum,60,expanding,0.2922500073909759,0.2633402943611145
2017-05-26,momentum,60,expanding,0.1908531337976455,0.1963728964328766
2017-05-30,momentum,60,expanding,0.2087886333465576,0.2252284735441208
2017-05-31,momentum,60,expanding,0.3800635933876037,0.3282010555267334
2017-06-01,momentum,60,expanding,0.2832896113395691,0.3480100035667419
2017-06-02,momentum,60,expanding,0.2677755951881408,0.27737757563591
2017-06-05,momentum,60,expanding,0.2197204679250717,0.2057549804449081
2017-06-06,momentum,60,expanding,0.2919818758964538,0.2901484966278076
2017-06-07,momentum,60,expanding,0.2931000292301178,0.303389310836792
2017-06-08,momentum,60,expanding,0.3601347208023071,0.3077380955219269
2017-06-09,momentum,60,expanding,0.5997708439826965,0.6220515966415405
2017-06-12,momentum,60,expanding,0.4464995563030243,0.3297454714775085
2017-06-13,momentum,60,expanding,0.2831891179084778,0.2828214764595032
2017-06-14,momentum,60,expanding,0.452065646648407,0.3987910747528076
2017-06-15,momentum,60,expanding,0.4080300629138946,0.41984423995018
2017-06-16,momentum,60,expanding,0.3347009420394897,0.3397706151008606
2017-06-19,momentum,60,expanding,0.242399975657463,0.2908270955085754
2017-06-20,momentum,60,expanding,0.3197608292102813,0.3919723629951477
2017-06-21,momentum,60,expanding,0.359465479850769,0.356486976146698
2017-06-22,momentum,60,expanding,0.2689540386199951,0.3023025095462799
2017-06-23,momentum,60,expanding,0.2873464822769165,0.2858628630638122
2017-06-26,momentum,60,expanding,0.3764224648475647,0.3283427953720093
2017-06-27,momentum,60,expanding,0.4419737458229065,0.5102123022079468
2017-06-28,momentum,60,expanding,0.4040771722793579,0.4056975841522217
2017-06-29,momentum,60,expanding,0.6913115382194519,0.7423129081726074
2017-06-30,momentum,60,expanding,0.438387393951416,0.4121274054050445
2017-07-03,momentum,60,expanding,0.3407587707042694,0.3582048416137695
2017-07-05,momentum,60,expanding,0.3475565314292907,0.4017482399940491
2017-07-06,momentum,60,expanding,0.4471803903579712,0.4423500597476959
2017-07-07,momentum,60,expanding,0.3036389648914337,0.3369586765766144
2017-07-10,momentum,60,expanding,0.2508412003517151,0.2882827222347259
2017-07-11,momentum,60,expanding,0.4518721401691437,0.3984718918800354
2017-07-12,momentum,60,expanding,0.3136285543441772,0.2893101572990417
2017-07-13,momentum,60,expanding,0.2180190831422805,0.2611056268215179
2017-07-14,momentum,60,expanding,0.2176858335733413,0.3421861529350281
2017-07-17,momentum,60,expanding,0.1770488321781158,0.1689720749855041
2017-07-18,momentum,60,expanding,0.2977620661258697,0.2348207980394363
2017-07-19,momentum,60,expanding,0.1982658952474594,0.2753433287143707
2017-07-20,momentum,60,expanding,0.2855852246284485,0.2715025246143341
2017-07-21,momentum,60,expanding,0.2156495153903961,0.2352188825607299
2017-07-24,momentum,60,expanding,0.1879815906286239,0.1890202164649963
2017-07-25,momentum,60,expanding,0.198478102684021,0.1791691929101944
2017-07-26,momentum,60,expanding,0.2417433112859726,0.2645289599895477
2017-07-27,momentum,60,expanding,0.5124894380569458,0.4884942471981048
2017-07-28,momentum,60,expanding,0.2770515382289886,0.3029929399490356
2017-07-31,momentum,60,expanding,0.2764162421226501,0.2555246353149414
2017-08-01,momentum,60,expanding,0.2617815732955932,0.2265989631414413
2017-08-02,momentum,60,expanding,0.363912284374237,0.3641386032104492
2017-08-03,momentum,60,expanding,0.2669261693954468,0.2934693396091461
2017-08-04,momentum,60,expanding,0.2778304815292358,0.2561616003513336
2017-08-07,momentum,60,expanding,0.1396302729845047,0.1874254196882248
2017-08-08,momentum,60,expanding,0.326453149318695,0.4507558643817901
2017-08-09,momentum,60,expanding,0.4273479580879211,0.3820158541202545
2017-08-10,momentum,60,expanding,0.5539331436157227,0.561964750289917
2017-08-11,momentum,60,expanding,0.4029328823089599,0.3794093430042267
2017-08-14,momentum,60,expanding,0.3197154700756073,0.2982012331485748
2017-08-15,momentum,60,expanding,0.2756270468235016,0.287840873003006
2017-08-16,momentum,60,expanding,0.3098800778388977,0.3831413388252258
2017-08-17,momentum,60,expanding,0.5666921734809875,0.6549992561340332
2017-08-18,momentum,60,expanding,0.5396871566772461,0.5188188552856445
2017-08-21,momentum,60,expanding,0.3802880346775055,0.3929069936275482
2017-08-22,momentum,60,expanding,0.3325574994087219,0.4626347720623016
2017-08-23,momentum,60,expanding,0.3348245024681091,0.3812807202339172
2017-08-24,momentum,60,expanding,0.4081401824951172,0.3946695923805237
2017-08-25,momentum,60,expanding,0.3522116839885711,0.338047444820404
2017-08-28,momentum,60,expanding,0.2728010714054107,0.2898697853088379
2017-08-29,momentum,60,expanding,0.3023466169834137,0.4903838336467743
2017-08-30,momentum,60,expanding,0.2819058001041412,0.4071654379367828
2017-08-31,momentum,60,expanding,0.2877491116523742,0.253307968378067
2017-09-01,momentum,60,expanding,0.2610171437263489,0.2408616989850998
2017-09-05,momentum,60,expanding,0.5872742533683777,0.5001060366630554
2017-09-06,momentum,60,expanding,0.268234521150589,0.3465662598609924
2017-09-07,momentum,60,expanding,0.3488328754901886,0.3399283289909363
2017-09-08,momentum,60,expanding,0.2621460855007171,0.3347864151000976
2017-09-11,momentum,60,expanding,0.2791376709938049,0.3133614063262939
2017-09-12,momentum,60,expanding,0.2145793139934539,0.1922037303447723
2017-09-13,momentum,60,expanding,0.1859015226364135,0.2176585495471954
2017-09-14,momentum,60,expanding,0.2049117535352707,0.2379252314567566
2017-09-15,momentum,60,expanding,0.1887010931968689,0.2020103186368942
2017-09-18,momentum,60,expanding,0.2269259095191955,0.2080544233322143
2017-09-19,momentum,60,expanding,0.2094473242759704,0.1822210103273391
2017-09-20,momentum,60,expanding,0.3194049298763275,0.3196602761745453
2017-09-21,momentum,60,expanding,0.278279960155487,0.2754682302474975
2017-09-22,momentum,60,expanding,0.1865990906953811,0.249846264719963
2017-09-25,momentum,60,expanding,0.3676814138889313,0.3527138829231262
2017-09-26,momentum,60,expanding,0.2561092972755432,0.2861727476119995
2017-09-27,momentum,60,expanding,0.3316907584667206,0.3854407668113708
2017-09-28,momentum,60,expanding,0.2269646376371383,0.2538985013961792
2017-09-29,momentum,60,expanding,0.2212851494550705,0.2678926289081573
2017-10-02,momentum,60,expanding,0.2338762283325195,0.1974629461765289
2017-10-03,momentum,60,expanding,0.2067535817623138,0.1210963204503059
2017-10-04,momentum,60,expanding,0.2261823117733001,0.1978988945484161
2017-10-05,momentum,60,expanding,0.2003074586391449,0.2235833555459976
2017-10-06,momentum,60,expanding,0.2161086350679397,0.1608547568321228
2017-10-09,momentum,60,expanding,0.1942997872829437,0.2492779344320297
2017-10-10,momentum,60,expanding,0.2679659426212311,0.2169699966907501
2017-10-11,momentum,60,expanding,0.1861336380243301,0.1917885243892669
2017-10-12,momentum,60,expanding,0.1986778080463409,0.2417963445186615
2017-10-13,momentum,60,expanding,0.1888464540243148,0.177248939871788
2017-10-16,momentum,60,expanding,0.1969553828239441,0.1719548851251602
2017-10-17,momentum,60,expanding,0.1530654579401016,0.1522185355424881
2017-10-18,momentum,60,expanding,0.1756894290447235,0.1662629544734954
2017-10-19,momentum,60,expanding,0.2339386045932769,0.294399231672287
2017-10-20,momentum,60,expanding,0.2069419771432876,0.1650348305702209
2017-10-23,momentum,60,expanding,0.2227243334054947,0.3044850528240204
2017-10-24,momentum,60,expanding,0.2520716786384582,0.1665623784065246
2017-10-25,momentum,60,expanding,0.469613641500473,0.4525738358497619
2017-10-26,momentum,60,expanding,0.3526957333087921,0.2571516036987304
2017-10-27,momentum,60,expanding,0.3585015535354614,0.3129618465900421
2017-10-30,momentum,60,expanding,0.3192252218723297,0.3017231822013855
2017-10-31,momentum,60,expanding,0.19606314599514,0.2343747913837433
2017-11-01,momentum,60,expanding,0.3145422637462616,0.3465955853462219
2017-11-02,momentum,60,expanding,0.4012853801250458,0.3593745529651642
2017-11-03,momentum,60,expanding,0.2114494442939758,0.3021528720855713
2017-11-06,momentum,60,expanding,0.1756441593170166,0.220536932349205
2017-11-07,momentum,60,expanding,0.2885470390319824,0.3009587526321411
2017-11-08,momentum,60,expanding,0.2377471625804901,0.2997989654541015
2017-11-09,momentum,60,expanding,0.5260649919509888,0.4457515478134155
2017-11-10,momentum,60,expanding,0.2622299790382385,0.3170942664146423
2017-11-13,momentum,60,expanding,0.2188392877578735,0.3224974274635315
2017-11-14,momentum,60,expanding,0.4390322268009186,0.3568116724491119
2017-11-15,momentum,60,expanding,0.472497820854187,0.4339105188846588
2017-11-16,momentum,60,expanding,0.2837500870227813,0.4292341768741607
2017-11-17,momentum,60,expanding,0.2333579659461975,0.3129408359527588
2017-11-20,momentum,60,expanding,0.2144127488136291,0.2350105047225952
2017-11-21,momentum,60,expanding,0.2193965166807174,0.2672119140625
2017-11-22,momentum,60,expanding,0.16789111495018,0.2259837388992309
2017-11-24,momentum,60,expanding,0.1103657186031341,0.1752039492130279
2017-11-27,momentum,60,expanding,0.215917095541954,0.2291579246520996
2017-11-28,momentum,60,expanding,0.332401305437088,0.3569602072238922
2017-11-29,momentum,60,expanding,0.4018488526344299,0.2947967648506164
2017-11-30,momentum,60,expanding,0.5227156281471252,0.3876357674598694
2017-12-01,momentum,60,expanding,0.9422593116760254,0.8487909436225891
2017-12-04,momentum,60,expanding,0.4760159254074096,0.5508036613464355
2017-12-05,momentum,60,expanding,0.404495358467102,0.4996735453605652
2017-12-06,momentum,60,expanding,0.3610831797122955,0.3421935439109802
2017-12-07,momentum,60,expanding,0.2985341250896454,0.3899824023246765
2017-12-08,momentum,60,expanding,0.2675434947013855,0.251520574092865
2017-12-11,momentum,60,expanding,0.2507210671901703,0.2351327091455459
2017-12-12,momentum,60,expanding,0.2556677162647247,0.2249647080898285
2017-12-13,momentum,60,expanding,0.3485622406005859,0.2324464321136474
2017-12-14,momentum,60,expanding,0.341347724199295,0.3619101643562317
2017-12-15,momentum,60,expanding,0.3541978597640991,0.3804212510585785
2017-12-18,momentum,60,expanding,0.2906266152858734,0.2317511439323425
2017-12-19,momentum,60,expanding,0.2915348410606384,0.3384450078010559
2017-12-20,momentum,60,expanding,0.3673774600028991,0.3488857746124267
2017-12-21,momentum,60,expanding,0.2833372056484222,0.2791705727577209
2017-12-22,momentum,60,expanding,0.2097993791103363,0.2518332600593567
2017-12-26,momentum,60,expanding,0.1740947812795639,0.2373943775892257
2017-12-27,momentum,60,expanding,0.1646206378936767,0.2547758221626282
2017-12-28,momentum,60,expanding,0.1265108734369278,0.2494539320468902
2017-12-29,momentum,60,expanding,0.2589125633239746,0.4122072756290436
2018-01-02,momentum,60,expanding,0.2571954727172851,0.2251196950674057
2018-01-03,momentum,60,expanding,0.2391333281993866,0.2929503321647644
2018-01-04,momentum,60,expanding,0.2703432738780975,0.2449724078178405
2018-01-05,momentum,60,expanding,0.280866265296936,0.2567116916179657
2018-01-08,momentum,60,expanding,0.2469502240419387,0.2164282202720642
2018-01-09,momentum,60,expanding,0.3253843784332275,0.1942408680915832
2018-01-10,momentum,60,expanding,0.3415842354297638,0.3436075747013092
2018-01-11,momentum,60,expanding,0.2641451954841614,0.29165980219841
2018-01-12,momentum,60,expanding,0.3210194706916809,0.3149874806404114
2018-01-16,momentum,60,expanding,0.563125491142273,0.626895546913147
2018-01-17,momentum,60,expanding,0.4180128276348114,0.4610745310783386
2018-01-18,momentum,60,expanding,0.4627395868301391,0.3882592916488647
2018-01-19,momentum,60,expanding,0.3595531284809112,0.3294792771339416
2018-01-22,momentum,60,expanding,0.351593017578125,0.4304248988628387
2018-01-23,momentum,60,expanding,0.3242871165275574,0.2602296769618988
2018-01-24,momentum,60,expanding,0.6133341789245605,0.5135201215744019
2018-01-25,momentum,60,expanding,0.5513340830802917,0.4327512979507446
2018-01-26,momentum,60,expanding,0.3016971051692962,0.4750834107398987
2018-01-29,momentum,60,expanding,0.4727512300014496,0.4388154745101928
2018-01-30,momentum,60,expanding,0.5910142064094543,0.5242090821266174
2018-01-31,momentum,60,expanding,0.5719858407974243,0.5954098105430603
2018-02-01,momentum,60,expanding,0.5780919790267944,0.5791341066360474
2018-02-02,momentum,60,expanding,0.8375901579856873,0.9533533453941344
2018-02-05,momentum,60,expanding,2.1334946155548096,2.4663872718811035
2018-02-06,momentum,60,expanding,2.579169988632202,2.302607297897339
2018-02-07,momentum,60,expanding,1.404337763786316,1.3656822443008425
2018-02-08,momentum,60,expanding,1.9079525470733645,2.3671910762786865
2018-02-09,momentum,60,expanding,2.5284788608551025,2.456430435180664
2018-02-12,momentum,60,expanding,1.2879538536071775,1.383678674697876
2018-02-13,momentum,60,expanding,0.8434237837791443,0.9964690804481506
2018-02-14,momentum,60,expanding,0.9949487447738647,0.995743215084076
2018-02-15,momentum,60,expanding,0.857620358467102,0.882642388343811
2018-02-16,momentum,60,expanding,0.8491882085800171,0.8359960913658142
2018-02-20,momentum,60,expanding,0.7607020139694214,0.772936224937439
2018-02-21,momentum,60,expanding,0.8796559572219849,0.9660822153091432
2018-02-22,momentum,60,expanding,0.982450544834137,0.8204182386398315
2018-02-23,momentum,60,expanding,0.6561958193778992,0.5906744003295898
2018-02-26,momentum,60,expanding,0.5585577487945557,0.5360752940177917
2018-02-27,momentum,60,expanding,0.8954675793647766,0.9355860948562622
2018-02-28,momentum,60,expanding,0.8766345977783203,1.0319936275482178
2018-03-01,momentum,60,expanding,1.5348745584487915,1.5745848417282104
2018-03-02,momentum,60,expanding,1.091001272201538,1.287778615951538
2018-03-05,momentum,60,expanding,0.7670683860778809,1.1779474020004272
2018-03-06,momentum,60,expanding,0.6781601309776306,0.7668852806091309
2018-03-07,momentum,60,expanding,0.6853549480438232,0.8279796838760376
2018-03-08,momentum,60,expanding,0.6589736342430115,0.6107696890830994
2018-03-09,momentum,60,expanding,0.3784139156341553,0.6641525626182556
2018-03-12,momentum,60,expanding,0.5329153537750244,0.4612472653388977
2018-03-13,momentum,60,expanding,0.7008094787597656,0.8777568340301514
2018-03-14,momentum,60,expanding,0.812177300453186,0.7265616655349731
2018-03-15,momentum,60,expanding,0.5429506897926331,0.6791499853134155
2018-03-16,momentum,60,expanding,0.4319381415843963,0.4588397145271301
2018-03-19,momentum,60,expanding,0.7954359650611877,0.91674542427063
2018-03-20,momentum,60,expanding,0.5796181559562683,0.5591281652450562
2018-03-21,momentum,60,expanding,0.7872107028961182,0.7376374006271362
2018-03-22,momentum,60,expanding,1.071126937866211,1.1837729215621948
2018-03-23,momentum,60,expanding,1.2426462173461914,1.556115984916687
2018-03-26,momentum,60,expanding,1.1403673887252808,1.2145636081695557
2018-03-27,momentum,60,expanding,1.3287451267242432,1.5852166414260864
2018-03-28,momentum,60,expanding,1.639723300933838,1.2967329025268557
2018-03-29,momentum,60,expanding,0.9809083342552184,1.2704509496688845
2018-04-02,momentum,60,expanding,1.3223576545715332,1.7378478050231934
2018-04-03,momentum,60,expanding,1.337333917617798,1.0693309307098389
2018-04-04,momentum,60,expanding,1.143849492073059,1.60639750957489
2018-04-05,momentum,60,expanding,0.9285606741905212,0.6818616986274719
2018-04-06,momentum,60,expanding,1.1584303379058838,1.5430036783218384
2018-04-09,momentum,60,expanding,0.8719894289970398,1.0023620128631592
2018-04-10,momentum,60,expanding,1.0520451068878174,0.8202964067459106
2018-04-11,momentum,60,expanding,0.8680610656738281,0.7153626084327698
2018-04-12,momentum,60,expanding,0.7068662047386169,0.6372971534729004
2018-04-13,momentum,60,expanding,0.7889988422393799,0.9448546767234802
2018-04-16,momentum,60,expanding,0.5640756487846375,0.5475209355354309
2018-04-17,momentum,60,expanding,0.4062032103538513,0.5490857362747192
2018-04-18,momentum,60,expanding,0.4752669334411621,0.5130186080932617
2018-04-19,momentum,60,expanding,0.6005023717880249,0.5663304924964905
2018-04-20,momentum,60,expanding,0.7222591042518616,0.7915979623794556
2018-04-23,momentum,60,expanding,0.6041501760482788,0.6090074181556702
2018-04-24,momentum,60,expanding,1.1863954067230225,1.202059268951416
2018-04-25,momentum,60,expanding,1.002812147140503,0.9035128951072692
2018-04-26,momentum,60,expanding,0.6151542067527771,0.8253507018089294
2018-04-27,momentum,60,expanding,0.5787578821182251,0.5621122121810913
2018-04-30,momentum,60,expanding,0.6815624833106995,0.8578071594238281
2018-05-01,momentum,60,expanding,0.6890027523040771,0.7276050448417664
2018-05-02,momentum,60,expanding,0.6919511556625366,0.6819556355476379
2018-05-03,momentum,60,expanding,1.0050013065338137,0.9445886015892028
2018-05-04,momentum,60,expanding,0.6681065559387207,1.1182347536087036
2018-05-07,momentum,60,expanding,0.5244778394699097,0.5018532872200012
2018-05-08,momentum,60,expanding,0.6726407408714294,0.5706304311752319
2018-05-09,momentum,60,expanding,0.5446033477783203,0.5187696814537048
2018-05-10,momentum,60,expanding,0.4484249651432037,0.4887430667877197
2018-05-11,momentum,60,expanding,0.4540643990039825,0.4028290510177612
2018-05-14,momentum,60,expanding,0.437887579202652,0.3968603014945984
2018-05-15,momentum,60,expanding,0.6276284456253052,0.4909164905548095
2018-05-16,momentum,60,expanding,0.4024898707866668,0.441806435585022
2018-05-17,momentum,60,expanding,0.4450403451919555,0.5295167565345764
2018-05-18,momentum,60,expanding,0.4612334668636322,0.4017646312713623
2018-05-21,momentum,60,expanding,0.5162333846092224,0.3310609459877014
2018-05-22,momentum,60,expanding,0.3770540654659271,0.5074450969696045
2018-05-23,momentum,60,expanding,0.5340638160705566,0.4851365685462951
2018-05-24,momentum,60,expanding,0.5723243951797485,0.5582905411720276
2018-05-25,momentum,60,expanding,0.4024550914764404,0.387301504611969
2018-05-29,momentum,60,expanding,0.7598915100097656,0.7158021926879883
2018-05-30,momentum,60,expanding,0.4607102572917938,0.5564643740653992
2018-05-31,momentum,60,expanding,0.632694661617279,0.5238989591598511
2018-06-01,momentum,60,expanding,0.4482681453227997,0.4175672531127929
2018-06-04,momentum,60,expanding,0.3107287883758545,0.2156406641006469
2018-06-05,momentum,60,expanding,0.4015713632106781,0.3842926621437073
2018-06-06,momentum,60,expanding,0.3885700404644012,0.4015179276466369
2018-06-07,momentum,60,expanding,0.5433858633041382,0.3888291120529175
2018-06-08,momentum,60,expanding,0.3615654110908508,0.3723220825195312
2018-06-11,momentum,60,expanding,0.2741956114768982,0.2654369175434112
2018-06-12,momentum,60,expanding,0.2910288572311401,0.2963866591453552
2018-06-13,momentum,60,expanding,0.4114526212215423,0.4473288655281067
2018-06-14,momentum,60,expanding,0.3348427414894104,0.3521146178245544
2018-06-15,momentum,60,expanding,0.5051054358482361,0.4351474046707153
2018-06-18,momentum,60,expanding,0.4560763537883758,0.4101872444152832
2018-06-19,momentum,60,expanding,0.4644145965576172,0.5040215253829956
2018-06-20,momentum,60,expanding,0.2830361127853393,0.3781498968601227
2018-06-21,momentum,60,expanding,0.5510256886482239,0.5631769895553589
2018-06-22,momentum,60,expanding,0.3907091021537781,0.3790461421012878
2018-06-25,momentum,60,expanding,0.9079411625862122,0.7598505020141602
2018-06-26,momentum,60,expanding,0.5384148359298706,0.4861704111099243
2018-06-27,momentum,60,expanding,0.8615435361862183,0.9329334497451782
2018-06-28,momentum,60,expanding,0.7607877850532532,0.7653041481971741
2018-06-29,momentum,60,expanding,0.4975632429122925,0.7083408236503601
2018-07-02,momentum,60,expanding,0.622246265411377,0.6449369192123413
2018-07-03,momentum,60,expanding,0.3767855167388916,0.6378019452095032
2018-07-05,momentum,60,expanding,0.5331748127937317,0.5012688040733337
2018-07-06,momentum,60,expanding,0.477193534374237,0.5035423636436462
2018-07-09,momentum,60,expanding,0.3321104347705841,0.3288276791572571
2018-07-10,momentum,60,expanding,0.3378376960754394,0.2381432205438614
2018-07-11,momentum,60,expanding,0.4407119452953338,0.370189368724823
2018-07-12,momentum,60,expanding,0.4066295921802521,0.336972713470459
2018-07-13,momentum,60,expanding,0.3067163527011871,0.3130280375480652
2018-07-16,momentum,60,expanding,0.3070113658905029,0.3357793688774109
2018-07-17,momentum,60,expanding,0.350209504365921,0.4428610205650329
2018-07-18,momentum,60,expanding,0.2447734177112579,0.3076758086681366
2018-07-19,momentum,60,expanding,0.392339289188385,0.359330415725708
2018-07-20,momentum,60,expanding,0.308624118566513,0.292537122964859
2018-07-24,momentum,60,expanding,0.4598580300807953,0.3449628353118896
2018-07-25,momentum,60,expanding,0.4667884707450866,0.4846853613853454
2018-07-26,momentum,60,expanding,0.3454607427120209,0.3316407203674316
2018-07-27,momentum,60,expanding,0.5538758039474487,0.6241118907928467
2018-07-30,momentum,60,expanding,0.5101690292358398,0.504027247428894
2018-07-31,momentum,60,expanding,0.4386136531829834,0.3998744487762451
2018-08-01,momentum,60,expanding,0.3444201052188873,0.486595094203949
2018-08-02,momentum,60,expanding,0.3768929839134216,0.5919011235237122
2018-08-03,momentum,60,expanding,0.30071821808815,0.2885023653507232
2018-08-06,momentum,60,expanding,0.2628695070743561,0.3239357471466064
2018-08-07,momentum,60,expanding,0.2995876967906952,0.2074967324733734
2018-08-08,momentum,60,expanding,0.2761630713939667,0.2729986011981964
2018-08-09,momentum,60,expanding,0.2743910849094391,0.2975806891918182
2018-08-10,momentum,60,expanding,0.4782765805721283,0.3961124718189239
2018-08-13,momentum,60,expanding,0.5069187879562378,0.4899215698242187
2018-08-14,momentum,60,expanding,0.4217270910739898,0.3541145324707031
2018-08-15,momentum,60,expanding,0.670335590839386,0.5244593620300293
2018-08-16,momentum,60,expanding,0.404606819152832,0.4278410077095032
2018-08-17,momentum,60,expanding,0.4183873534202575,0.4524397253990173
2018-08-20,momentum,60,expanding,0.289907157421112,0.2531243562698364
2018-08-21,momentum,60,expanding,0.299259215593338,0.2845887541770935
2018-08-22,momentum,60,expanding,0.3138015866279602,0.313934326171875
2018-08-23,momentum,60,expanding,0.3584616482257843,0.3575668931007385
2018-08-24,momentum,60,expanding,0.2962871491909027,0.2720852196216583
2018-08-27,momentum,60,expanding,0.2930699288845062,0.2224459499120712
2018-08-28,momentum,60,expanding,0.3056651055812835,0.234068676829338
2018-08-29,momentum,60,expanding,0.2594495415687561,0.3155422210693359
2018-08-30,momentum,60,expanding,0.4483379423618316,0.3928868770599365
2018-08-31,momentum,60,expanding,0.3859144449234009,0.3394094705581665
2018-09-04,momentum,60,expanding,0.4806938469409942,0.3681206107139587
2018-09-05,momentum,60,expanding,0.5920611619949341,0.4406856894493103
2018-09-06,momentum,60,expanding,0.5906903147697449,0.5358670353889465
2018-09-07,momentum,60,expanding,0.6175907254219055,0.5087534785270691
2018-09-10,momentum,60,expanding,0.3205640017986297,0.3401598334312439
2018-09-11,momentum,60,expanding,0.3836809396743774,0.5010998845100403
2018-09-12,momentum,60,expanding,0.4988443255424499,0.4184004962444305
2018-09-13,momentum,60,expanding,0.3567380607128143,0.2890946865081787
2018-09-14,momentum,60,expanding,0.3571789264678955,0.2883397936820984
2018-09-17,momentum,60,expanding,0.290215253829956,0.3669362068176269
2018-09-18,momentum,60,expanding,0.3774260282516479,0.3859500288963318
2018-09-19,momentum,60,expanding,0.3261069655418396,0.2803420424461365
2018-09-20,momentum,60,expanding,0.2882997393608093,0.2934056520462036
2018-09-21,momentum,60,expanding,0.2603390514850616,0.3032386302947998
2018-09-24,momentum,60,expanding,0.3347145318984985,0.2992998659610748
2018-09-25,momentum,60,expanding,0.2832212150096893,0.3261156380176544
2018-09-26,momentum,60,expanding,0.4872455298900604,0.550531268119812
2018-09-27,momentum,60,expanding,0.3121516108512878,0.4171160757541656
2018-09-28,momentum,60,expanding,0.3414154350757599,0.358916312456131
2018-10-01,momentum,60,expanding,0.3524417281150818,0.3892261087894439
2018-10-02,momentum,60,expanding,0.3973557651042938,0.3163893222808838
2018-10-03,momentum,60,expanding,0.4013533592224121,0.4252880215644836
2018-10-04,momentum,60,expanding,0.6643069982528687,0.6090521812438965
2018-10-05,momentum,60,expanding,0.6507703065872192,0.772301435470581
2018-10-08,momentum,60,expanding,0.6626729369163513,0.6243029832839966
2018-10-09,momentum,60,expanding,0.6490383744239807,0.5516835451126099
2018-10-10,momentum,60,expanding,1.2177910804748535,1.7837942838668823
2018-10-11,momentum,60,expanding,1.9543243646621704,1.6165872812271118
2018-10-12,momentum,60,expanding,1.4076210260391235,1.2486817836761477
2018-10-15,momentum,60,expanding,0.8860245943069458,0.8956031799316406
2018-10-16,momentum,60,expanding,0.6799200177192688,1.1588366031646729
2018-10-17,momentum,60,expanding,1.0294368267059326,0.7961057424545288
2018-10-18,momentum,60,expanding,1.1210793256759644,1.042597770690918
2018-10-19,momentum,60,expanding,0.9384655356407166,0.9404439330101012
2018-10-22,momentum,60,expanding,0.9413435459136964,0.7942726016044617
2018-10-23,momentum,60,expanding,1.1342304944992063,1.4466273784637451
2018-10-24,momentum,60,expanding,1.33283793926239,1.8709678649902344
2018-10-25,momentum,60,expanding,1.0052441358566284,1.3486027717590332
2018-10-26,momentum,60,expanding,1.794838309288025,1.601408839225769
2018-10-29,momentum,60,expanding,1.738034725189209,2.3643016815185547
2018-10-30,momentum,60,expanding,1.539250135421753,1.30865478515625
2018-10-31,momentum,60,expanding,0.9092718362808228,0.995930016040802
2018-11-01,momentum,60,expanding,0.8322470188140869,0.8593454957008362
2018-11-02,momentum,60,expanding,1.275068283081055,1.331552505493164
2018-11-05,momentum,60,expanding,0.5938044786453247,0.6958240866661072
2018-11-06,momentum,60,expanding,0.6082685589790344,0.6381585001945496
2018-11-07,momentum,60,expanding,0.6388793587684631,0.7654865384101868
2018-11-08,momentum,60,expanding,0.6680996417999268,0.4628628492355346
2018-11-09,momentum,60,expanding,0.7428414821624756,0.823274552822113
2018-11-12,momentum,60,expanding,0.9620618224143982,1.1500874757766724
2018-11-13,momentum,60,expanding,1.295618772506714,0.9629657864570618
2018-11-14,momentum,60,expanding,1.1310672760009766,1.3806350231170654
2018-11-15,momentum,60,expanding,1.3653268814086914,1.384059190750122
2018-11-16,momentum,60,expanding,0.904529631137848,1.0421316623687744
2018-11-19,momentum,60,expanding,1.072459697723389,1.222673416137695
2018-11-20,momentum,60,expanding,1.3623071908950806,1.1568206548690796
2018-11-21,momentum,60,expanding,0.6101160049438477,0.9386346936225892
2018-11-23,momentum,60,expanding,0.5092489719390869,0.8367841243743896
2018-11-26,momentum,60,expanding,0.7374189496040344,0.6561763882637024
2018-11-27,momentum,60,expanding,0.7982913255691528,0.6873529553413391
2018-11-28,momentum,60,expanding,0.9434499144554138,0.9803842306137084
2018-11-29,momentum,60,expanding,0.6756272315979004,0.7341675758361816
2018-11-30,momentum,60,expanding,0.5261071920394897,0.6570307016372681
2018-12-03,momentum,60,expanding,0.8151037096977234,0.4992498159408569
2018-12-04,momentum,60,expanding,1.17999005317688,1.9197471141815183
2018-12-06,momentum,60,expanding,1.550434112548828,1.6675448417663574
2018-12-07,momentum,60,expanding,1.5898981094360352,1.9794729948043823
2018-12-10,momentum,60,expanding,1.7373623847961426,1.6645612716674805
2018-12-11,momentum,60,expanding,1.28213632106781,1.561786413192749
2018-12-12,momentum,60,expanding,0.9634395837783812,1.1009811162948608
2018-12-13,momentum,60,expanding,1.0447652339935305,1.052335262298584
2018-12-14,momentum,60,expanding,1.04728364944458,1.197790503501892
2018-12-17,momentum,60,expanding,1.2297033071517944,1.5843122005462646
2018-12-18,momentum,60,expanding,1.2986133098602295,1.3246488571166992
2018-12-19,momentum,60,expanding,2.5571506023406982,2.2880160808563232
2018-12-20,momentum,60,expanding,2.0046980381011963,2.0806896686553955
2018-12-21,momentum,60,expanding,1.8774447441101076,2.6843960285186768
2018-12-24,momentum,60,expanding,1.5034970045089722,2.0693798065185547
2018-12-26,momentum,60,expanding,2.044049024581909,2.635937213897705
2018-12-27,momentum,60,expanding,2.154985189437866,2.1906142234802246
2018-12-28,momentum,60,expanding,1.4510945081710815,1.3373569250106812
2018-12-31,momentum,60,expanding,1.1217206716537476,0.9805350303649902
2019-01-02,momentum,60,expanding,1.2916089296340942,1.5218278169631958
2019-01-03,momentum,60,expanding,1.6084506511688232,1.583829641342163
2019-01-04,momentum,60,expanding,1.282686710357666,1.3652445077896118
2019-01-07,momentum,60,expanding,0.8961573839187622,1.0816279649734497
2019-01-08,momentum,60,expanding,1.025984764099121,0.7755128741264343
2019-01-09,momentum,60,expanding,0.8832773566246033,0.8552186489105225
2019-01-10,momentum,60,expanding,0.8057568073272705,1.01954185962677
2019-01-11,momentum,60,expanding,0.5889307260513306,0.6282623410224915
2019-01-14,momentum,60,expanding,0.6399967670440674,0.6451011896133423
2019-01-15,momentum,60,expanding,0.7307559847831726,0.7322965264320374
2019-01-16,momentum,60,expanding,0.5263264179229736,0.5826432108879089
2019-01-17,momentum,60,expanding,0.767708420753479,0.880932629108429
2019-01-18,momentum,60,expanding,0.633594274520874,0.5943505167961121
2019-01-22,momentum,60,expanding,0.9370439648628236,0.9227303266525269
2019-01-23,momentum,60,expanding,0.8119885325431824,1.055516004562378
2019-01-24,momentum,60,expanding,0.5718965530395508,0.7714670300483704
2019-01-25,momentum,60,expanding,0.4743837118148803,0.5619927048683167
2019-01-28,momentum,60,expanding,0.7882828712463379,0.6018587350845337
2019-01-29,momentum,60,expanding,0.6052195429801941,0.7536654472351074
2019-01-30,momentum,60,expanding,0.8665881156921387,0.788362979888916
2019-01-31,momentum,60,expanding,0.6442115902900696,0.6406898498535156
2019-02-01,momentum,60,expanding,0.6480256915092468,0.6120171546936035
2019-02-04,momentum,60,expanding,0.5007431507110596,0.6049357056617737
2019-02-05,momentum,60,expanding,0.4210377335548401,0.4267793893814087
2019-02-06,momentum,60,expanding,0.4585573375225067,0.4944440126419067
2019-02-07,momentum,60,expanding,0.8123490810394287,0.7420735955238342
2019-02-08,momentum,60,expanding,0.5737097263336182,0.75593101978302
2019-02-11,momentum,60,expanding,0.5052937269210815,0.43595951795578
2019-02-12,momentum,60,expanding,0.4535484910011291,0.5254667401313782
2019-02-13,momentum,60,expanding,0.444475769996643,0.438206136226654
2019-02-14,momentum,60,expanding,0.6654919385910034,0.6059961318969727
2019-02-15,momentum,60,expanding,0.4551266133785248,0.4044504761695862
2019-02-19,momentum,60,expanding,0.3456960320472717,0.5178744196891785
2019-02-20,momentum,60,expanding,0.5014521479606628,0.441131591796875
2019-02-21,momentum,60,expanding,0.4766828715801239,0.4485989212989807
2019-02-22,momentum,60,expanding,0.3804397284984588,0.3727877736091614
2019-02-25,momentum,60,expanding,0.3903838694095611,0.4034547209739685
2019-02-26,momentum,60,expanding,0.5142022967338562,0.4483924508094787
2019-02-27,momentum,60,expanding,0.4799896776676178,0.4974246621131897
2019-02-28,momentum,60,expanding,0.393847107887268,0.3674670457839966
2019-03-01,momentum,60,expanding,0.4912823140621185,0.4388716220855713
2019-03-04,momentum,60,expanding,0.7707260847091675,0.8418391942977905
2019-03-05,momentum,60,expanding,0.4922985434532165,0.4531652927398681
2019-03-06,momentum,60,expanding,0.5115445256233215,0.5549152493476868
2019-03-07,momentum,60,expanding,0.6930190920829773,0.5976333618164062
2019-03-08,momentum,60,expanding,0.7230079174041748,0.6062069535255432
2019-03-11,momentum,60,expanding,0.4354815483093261,0.669255256652832
2019-03-12,momentum,60,expanding,0.46117103099823,0.357523500919342
2019-03-13,momentum,60,expanding,0.4200143814086914,0.4728572070598602
2019-03-14,momentum,60,expanding,0.364213079214096,0.3867979049682617
2019-03-15,momentum,60,expanding,0.4221574366092682,0.4322499930858612
2019-03-18,momentum,60,expanding,0.4234671890735626,0.3028341233730316
2019-03-19,momentum,60,expanding,0.7005837559700012,0.5347719192504883
2019-03-20,momentum,60,expanding,0.7935640811920166,0.6555149555206299
2019-03-21,momentum,60,expanding,0.5187143087387085,0.742080569267273
2019-03-22,momentum,60,expanding,0.9328145384788512,0.8296693563461304
2019-03-25,momentum,60,expanding,0.8673983812332153,0.6416220664978027
2019-03-26,momentum,60,expanding,0.6736325025558472,0.6063333749771118
2019-03-27,momentum,60,expanding,0.7458823919296265,0.8747172355651855
2019-03-28,momentum,60,expanding,0.5232803821563721,0.5952107906341553
2019-03-29,momentum,60,expanding,0.4860138297080993,0.4647078812122345
2019-04-01,momentum,60,expanding,0.447508841753006,0.4477788507938385
2019-04-02,momentum,60,expanding,0.3620086312294006,0.4293200075626373
2019-04-03,momentum,60,expanding,0.4106662571430206,0.469040036201477
2019-04-04,momentum,60,expanding,0.4444657564163208,0.3824797570705414
2019-04-05,momentum,60,expanding,0.3059298098087311,0.3114888966083526
2019-04-08,momentum,60,expanding,0.3161222338676452,0.3309066891670227
2019-04-09,momentum,60,expanding,0.4739426970481872,0.4762055277824402
2019-04-10,momentum,60,expanding,0.3166730403900146,0.374239981174469
2019-04-11,momentum,60,expanding,0.3537755310535431,0.3712783455848694
2019-04-12,momentum,60,expanding,0.3437656462192535,0.2809931933879852
2019-04-15,momentum,60,expanding,0.2648658752441406,0.3282391130924225
2019-04-16,momentum,60,expanding,0.3244491815567016,0.3471499979496002
2019-04-17,momentum,60,expanding,0.4159967601299286,0.4957059025764465
2019-04-18,momentum,60,expanding,0.362187385559082,0.3854683935642242
2019-04-22,momentum,60,expanding,0.2591157555580139,0.3015819191932678
2019-04-23,momentum,60,expanding,0.3684594929218292,0.4496252238750458
2019-04-24,momentum,60,expanding,0.3286371231079101,0.3423139154911041
2019-04-25,momentum,60,expanding,0.538732647895813,0.4045414328575134
2019-04-26,momentum,60,expanding,0.3933480381965637,0.4301706850528717
2019-04-29,momentum,60,expanding,0.2342238277196884,0.2716516256332397
2019-04-30,momentum,60,expanding,0.419131189584732,0.4238266348838806
2019-05-01,momentum,60,expanding,0.5829194784164429,0.5383768081665039
2019-05-02,momentum,60,expanding,0.6634807586669922,0.6290367245674133
2019-05-03,momentum,60,expanding,0.354922354221344,0.3922704458236694
2019-05-06,momentum,60,expanding,0.519212007522583,0.6758413910865784
2019-05-07,momentum,60,expanding,1.0159720182418823,0.8802040219306946
2019-05-08,momentum,60,expanding,0.6873363256454468,0.6710256934165955
2019-05-09,momentum,60,expanding,1.002440094947815,0.8827109932899475
2019-05-10,momentum,60,expanding,1.0317684412002563,1.2805057764053345
2019-05-13,momentum,60,expanding,0.996934711933136,0.9464810490608216
2019-05-14,momentum,60,expanding,0.7252347469329834,0.9265828728675842
2019-05-15,momentum,60,expanding,0.7129424214363098,0.965701162815094
2019-05-16,momentum,60,expanding,0.5426786541938782,0.6318506002426147
2019-05-17,momentum,60,expanding,0.7289981245994568,0.7051776647567749
2019-05-20,momentum,60,expanding,0.6784613728523254,0.694318950176239
2019-05-21,momentum,60,expanding,0.4157550036907196,0.4162509441375732
2019-05-22,momentum,60,expanding,0.4410749673843384,0.463411271572113
2019-05-23,momentum,60,expanding,0.7769797444343567,0.6715099811553955
2019-05-24,momentum,60,expanding,0.5278379321098328,0.6131231784820557
2019-05-28,momentum,60,expanding,0.5385770201683044,0.8987412452697754
2019-05-29,momentum,60,expanding,0.8417448401451111,0.8007423281669617
2019-05-30,momentum,60,expanding,0.5976586937904358,0.7236719131469727
2019-05-31,momentum,60,expanding,0.6787981390953064,0.5894374251365662
2019-06-03,momentum,60,expanding,0.965994358062744,0.9673559069633484
2019-06-04,momentum,60,expanding,0.6540851593017578,0.7525764107704163
2019-06-05,momentum,60,expanding,0.6356115937232971,0.590255081653595
2019-06-06,momentum,60,expanding,0.602618932723999,0.5621491074562073
2019-06-07,momentum,60,expanding,0.5851119756698608,0.5386736392974854
2019-06-10,momentum,60,expanding,0.5430600643157959,0.4463523626327514
2019-06-11,momentum,60,expanding,0.5907642841339111,0.612221360206604
2019-06-12,momentum,60,expanding,0.4259147346019745,0.4934838414192199
2019-06-13,momentum,60,expanding,0.5179921388626099,0.3654099106788635
2019-06-14,momentum,60,expanding,0.4372976422309875,0.4022889137268066
2019-06-17,momentum,60,expanding,0.271997332572937,0.3148850202560425
2019-06-18,momentum,60,expanding,0.6067125797271729,0.3985294103622436
2019-06-19,momentum,60,expanding,0.5666375160217285,0.4116251468658447
2019-06-20,momentum,60,expanding,0.5209701657295227,0.3731099367141723
2019-06-21,momentum,60,expanding,0.4147646725177765,0.3934951424598694
2019-06-25,momentum,60,expanding,0.5360538363456726,0.6575239896774292
2019-06-26,momentum,60,expanding,0.4585481286048889,0.5023350715637207
2019-06-27,momentum,60,expanding,0.3620041608810425,0.4133256673812866
2019-06-28,momentum,60,expanding,0.3153344392776489,0.3221634030342102
2019-07-01,momentum,60,expanding,0.4927500188350677,0.3826119899749756
2019-07-02,momentum,60,expanding,0.4845410585403442,0.3534590005874634
2019-07-03,momentum,60,expanding,0.2167267203330993,0.3316515684127807
2019-07-05,momentum,60,expanding,0.4670844674110412,0.4410932660102844
2019-07-08,momentum,60,expanding,0.3768902719020843,0.3515067100524902
2019-07-09,momentum,60,expanding,0.2729422450065613,0.4140881896018982
2019-07-10,momentum,60,expanding,0.4559696912765503,0.3728104829788208
2019-07-11,momentum,60,expanding,0.3169631063938141,0.3316724896430969
2019-07-12,momentum,60,expanding,0.2272119224071502,0.2706334590911865
2019-07-15,momentum,60,expanding,0.2793185412883758,0.2287635505199432
2019-07-16,momentum,60,expanding,0.3348422348499298,0.352364718914032
2019-07-17,momentum,60,expanding,0.3850759267807007,0.4687574505805969
2019-07-18,momentum,60,expanding,0.3952500820159912,0.4389299750328064
2019-07-19,momentum,60,expanding,0.5012113451957703,0.5914145708084106
2019-07-22,momentum,60,expanding,0.4025481939315796,0.3669857382774353
2019-07-23,momentum,60,expanding,0.3786261677742004,0.3427233099937439
2019-07-24,momentum,60,expanding,0.2958664000034332,0.4067257344722748
2019-07-25,momentum,60,expanding,0.4813818633556366,0.4149913787841797
2019-07-26,momentum,60,expanding,0.246847465634346,0.3039143681526184
2019-07-29,momentum,60,expanding,0.2791633605957031,0.2916285395622253
2019-07-30,momentum,60,expanding,0.4113670587539673,0.3606162071228027
2019-07-31,momentum,60,expanding,0.8570504188537598,0.8764645457267761
2019-08-01,momentum,60,expanding,1.413017988204956,1.1493432521820068
2019-08-02,momentum,60,expanding,0.8658583164215088,0.8648164868354797
2019-08-05,momentum,60,expanding,1.2163234949111938,1.5533406734466553
2019-08-06,momentum,60,expanding,1.0095518827438354,1.0271055698394775
2019-08-07,momentum,60,expanding,1.3404862880706787,1.382529616355896
2019-08-08,momentum,60,expanding,0.6005271077156067,0.773184061050415
2019-08-09,momentum,60,expanding,0.8878992199897766,0.8730711936950684
2019-08-12,momentum,60,expanding,0.7229942679405212,0.8506463766098022
2019-08-13,momentum,60,expanding,1.4477357864379885,1.122260570526123
2019-08-14,momentum,60,expanding,1.139488935470581,1.4698437452316284
2019-08-15,momentum,60,expanding,0.9732145667076112,0.9222384691238404
2019-08-16,momentum,60,expanding,0.6854579448699951,0.8080791234970093
2019-08-19,momentum,60,expanding,0.4724789261817932,0.4622699916362762
2019-08-20,momentum,60,expanding,0.5818361043930054,0.6994249820709229
2019-08-21,momentum,60,expanding,0.36497563123703,0.4469630718231201
2019-08-22,momentum,60,expanding,0.718785285949707,0.6865041255950928
2019-08-23,momentum,60,expanding,1.5231748819351196,1.533733367919922
2019-08-26,momentum,60,expanding,0.7526459097862244,0.6351052522659302
2019-08-27,momentum,60,expanding,0.744922399520874,0.926000952720642
2019-08-28,momentum,60,expanding,0.6243858933448792,0.8189934492111206
2019-08-29,momentum,60,expanding,0.654413640499115,0.5866912007331848
2019-08-30,momentum,60,expanding,0.5621875524520874,0.7101565599441528
2019-09-03,momentum,60,expanding,0.7860287427902222,0.6258165836334229
2019-09-04,momentum,60,expanding,0.3558061122894287,0.5006557106971741
2019-09-05,momentum,60,expanding,0.4633506536483764,0.434405505657196
2019-09-06,momentum,60,expanding,0.3911358714103699,0.3093383312225342
2019-09-09,momentum,60,expanding,0.3656653463840484,0.4007958769798279
2019-09-10,momentum,60,expanding,0.626534640789032,0.4626901745796203
2019-09-11,momentum,60,expanding,0.3889058232307434,0.4425550699234009
2019-09-12,momentum,60,expanding,0.5744845271110535,0.3783687055110931
2019-09-13,momentum,60,expanding,0.3858590424060821,0.3533514142036438
2019-09-16,momentum,60,expanding,0.3798351585865021,0.3161858320236206
2019-09-17,momentum,60,expanding,0.3124388754367828,0.3374881744384765
2019-09-18,momentum,60,expanding,0.5947917699813843,0.5275865793228149
2019-09-19,momentum,60,expanding,0.4269109070301056,0.4397818148136139
2019-09-20,momentum,60,expanding,0.7659915685653687,0.6045583486557007
2019-09-23,momentum,60,expanding,0.375008076429367,0.3918293714523315
2019-09-24,momentum,60,expanding,0.9618315696716307,0.8472942113876343
2019-09-25,momentum,60,expanding,0.498409241437912,0.7309191226959229
2019-09-26,momentum,60,expanding,0.6260071396827698,0.5756702423095703
2019-09-27,momentum,60,expanding,0.843199610710144,0.8226773738861084
2019-09-30,momentum,60,expanding,0.3930088579654693,0.4508773982524872
2019-10-01,momentum,60,expanding,0.8277281522750854,0.9195067882537842
2019-10-02,momentum,60,expanding,0.8557239174842834,0.9517805576324464
2019-10-03,momentum,60,expanding,1.1748740673065186,1.119343876838684
2019-10-04,momentum,60,expanding,0.4948256611824035,0.7743278741836548
2019-10-07,momentum,60,expanding,0.6225671172142029,0.6445314884185791
2019-10-08,momentum,60,expanding,0.8425085544586182,0.7471246719360352
2019-10-09,momentum,60,expanding,0.6158033013343811,0.6211192607879639
2019-10-10,momentum,60,expanding,0.7101426124572754,0.6866405010223389
2019-10-11,momentum,60,expanding,0.7008860111236572,0.5785857439041138
2019-10-14,momentum,60,expanding,0.3964639902114868,0.3673014640808105
2019-10-15,momentum,60,expanding,0.4072991609573364,0.485285609960556
2019-10-16,momentum,60,expanding,0.3344891369342804,0.3995855450630188
2019-10-17,momentum,60,expanding,0.4212345778942108,0.3610893487930298
2019-10-18,momentum,60,expanding,0.492019921541214,0.5023530721664429
2019-10-21,momentum,60,expanding,0.28220996260643,0.2963561713695526
2019-10-22,momentum,60,expanding,0.3873414993286133,0.4612050354480743
2019-10-23,momentum,60,expanding,0.3241592943668365,0.3874579966068268
2019-10-24,momentum,60,expanding,0.3953271508216858,0.361907958984375
2019-10-25,momentum,60,expanding,0.3670015037059784,0.4288651943206787
2019-10-28,momentum,60,expanding,0.3416468203067779,0.222557708621025
2019-10-29,momentum,60,expanding,0.3534292876720428,0.319390058517456
2019-10-30,momentum,60,expanding,0.4209127128124237,0.4277033805847168
2019-10-31,momentum,60,expanding,0.5805034637451172,0.4624654650688171
2019-11-01,momentum,60,expanding,0.3346762657165527,0.3056378960609436
2019-11-04,momentum,60,expanding,0.3010901510715484,0.2258733212947845
2019-11-05,momentum,60,expanding,0.3071444928646087,0.3072786331176758
2019-11-06,momentum,60,expanding,0.3696642816066742,0.3282557129859924
2019-11-07,momentum,60,expanding,0.4562969505786896,0.3508957028388977
2019-11-08,momentum,60,expanding,0.3335787951946258,0.3616573512554168
2019-11-11,momentum,60,expanding,0.2090064436197281,0.298581063747406
2019-11-12,momentum,60,expanding,0.3337435722351074,0.3362159132957458
2019-11-13,momentum,60,expanding,0.3942848443984985,0.3802903890609741
2019-11-14,momentum,60,expanding,0.3189572691917419,0.3752102851867676
2019-11-15,momentum,60,expanding,0.2501485347747803,0.3007230162620544
2019-11-19,momentum,60,expanding,0.3402834832668304,0.2901180386543274
2019-11-20,momentum,60,expanding,0.5301920175552368,0.4657911658287048
2019-11-21,momentum,60,expanding,0.4337524473667145,0.3837337493896484
2019-11-22,momentum,60,expanding,0.3082888424396515,0.3501567244529724
2019-11-25,momentum,60,expanding,0.2898801565170288,0.2993055582046509
2019-11-26,momentum,60,expanding,0.2416339367628097,0.2638193070888519
2019-11-27,momentum,60,expanding,0.1737749725580215,0.241749033331871
2019-11-29,momentum,60,expanding,0.2016106098890304,0.290169894695282
2019-12-02,momentum,60,expanding,0.6143428087234497,0.5699973106384277
2019-12-03,momentum,60,expanding,0.6685485243797302,0.5371019244194031
2019-12-04,momentum,60,expanding,0.367815613746643,0.4452466070652008
2019-12-05,momentum,60,expanding,0.4083799123764038,0.4121481478214264
2019-12-06,momentum,60,expanding,0.3142880499362945,0.3176253736019134
2019-12-09,momentum,60,expanding,0.24461230635643,0.3136347532272339
2019-12-10,momentum,60,expanding,0.4508521258831024,0.3220278918743133
2019-12-11,momentum,60,expanding,0.2896505296230316,0.2949414849281311
2019-12-12,momentum,60,expanding,0.9073099493980408,0.4821801483631134
2019-12-13,momentum,60,expanding,0.6717995405197144,0.4956543743610382
2019-12-17,momentum,60,expanding,0.2353049218654632,0.2304800003767013
2019-12-18,momentum,60,expanding,0.2726950645446777,0.23249152302742
2019-12-19,momentum,60,expanding,0.2777689695358276,0.3141975700855255
2019-12-20,momentum,60,expanding,0.2170425653457641,0.2404783368110656
2019-12-23,momentum,60,expanding,0.1416925340890884,0.1634746342897415
2019-12-24,momentum,60,expanding,0.1403854489326477,0.1652138531208038
2019-12-26,momentum,60,expanding,0.2010819315910339,0.2396240830421447
2019-12-27,momentum,60,expanding,0.2837029993534088,0.3062904477119446
2019-12-30,momentum,60,expanding,0.4683420956134796,0.3860194087028503
2019-12-31,momentum,60,expanding,0.3170811533927917,0.3526033163070678
2014-01-08,extended,252,expanding,0.5049092173576355,0.3156550824642181
2014-01-09,extended,252,expanding,0.4479202330112457,0.3648562133312225
2014-01-10,extended,252,expanding,0.4178114235401153,0.3590379953384399
2014-01-13,extended,252,expanding,0.47251757979393,0.7116126418113708
2014-01-14,extended,252,expanding,0.4948426187038421,0.523709237575531
2014-01-15,extended,252,expanding,0.3897959887981415,0.4635086357593536
2014-01-16,extended,252,expanding,0.3719646036624908,0.3408302366733551
2014-01-17,extended,252,expanding,0.3625944256782532,0.4197729527950287
2014-01-21,extended,252,expanding,0.6656816005706787,0.4615785181522369
2014-01-22,extended,252,expanding,0.3137387335300445,0.3291347324848175
2014-01-23,extended,252,expanding,0.7124331593513489,0.6953420639038086
2014-01-24,extended,252,expanding,0.9068204164505004,0.9841009974479676
2014-01-27,extended,252,expanding,0.8113361597061157,0.8965469002723694
2014-01-28,extended,252,expanding,0.5316144824028015,0.5868654847145081
2014-01-29,extended,252,expanding,1.042181134223938,0.7496166825294495
2014-01-30,extended,252,expanding,0.7801462411880493,0.8340016007423401
2014-01-31,extended,252,expanding,1.1046422719955444,0.7182664275169373
2014-02-03,extended,252,expanding,0.9668377041816713,1.25224769115448
2014-02-04,extended,252,expanding,0.8199449777603149,0.6649426817893982
2014-02-05,extended,252,expanding,0.9269459247589112,0.8651368618011475
2014-02-06,extended,252,expanding,0.5575153231620789,0.6207728981971741
2014-02-07,extended,252,expanding,0.6537466645240784,0.7709227800369263
2014-02-10,extended,252,expanding,0.3124818205833435,0.4756043553352356
2014-02-11,extended,252,expanding,0.4162914156913757,0.5754260420799255
2014-02-12,extended,252,expanding,0.4583132266998291,0.3902931213378906
2014-02-13,extended,252,expanding,0.4926544427871704,0.4468069076538086
2014-02-14,extended,252,expanding,0.3831894397735595,0.5479303002357483
2014-02-18,extended,252,expanding,0.3537130951881408,0.4145672619342804
2014-02-19,extended,252,expanding,0.5443900227546692,0.5215247273445129
2014-02-20,extended,252,expanding,0.5126307606697083,0.5013461112976074
2014-02-21,extended,252,expanding,0.411565750837326,0.5363813638687134
2014-02-24,extended,252,expanding,0.5828454494476318,0.6240972280502319
2014-02-25,extended,252,expanding,0.5681315660476685,0.4983610510826111
2014-02-26,extended,252,expanding,0.5470898151397705,0.4040864109992981
2014-02-27,extended,252,expanding,0.5245111584663391,0.4360139369964599
2014-02-28,extended,252,expanding,0.6110895872116089,0.5292983651161194
2014-03-03,extended,252,expanding,0.9133793711662292,0.7274978756904602
2014-03-04,extended,252,expanding,0.967548131942749,0.6624982953071594
2014-03-05,extended,252,expanding,0.4153722822666168,0.3927320837974548
2014-03-06,extended,252,expanding,0.4040771722793579,0.3682864904403686
2014-03-07,extended,252,expanding,0.5546953678131104,0.4505356252193451
2014-03-10,extended,252,expanding,0.4751482903957367,0.4451324343681335
2014-03-11,extended,252,expanding,0.5007032155990601,0.6877309679985046
2014-03-12,extended,252,expanding,0.6769493818283081,0.5784541964530945
2014-03-13,extended,252,expanding,0.7307912707328796,0.8291977047920227
2014-03-14,extended,252,expanding,0.6815503835678101,0.5500187277793884
2014-03-17,extended,252,expanding,0.7476082444190979,0.8553255200386047
2014-03-18,extended,252,expanding,0.482317566871643,0.5232284665107727
2014-03-19,extended,252,expanding,0.75743567943573,0.7346637845039368
2014-03-20,extended,252,expanding,0.5430734157562256,0.5365352034568787
2014-03-21,extended,252,expanding,0.7111092805862427,0.6116365790367126
2014-03-24,extended,252,expanding,0.6954413056373596,0.7577782869338989
2014-03-25,extended,252,expanding,0.7636263966560364,0.5479194521903992
2014-03-26,extended,252,expanding,0.644809365272522,0.7087811827659607
2014-03-27,extended,252,expanding,0.7987460494041443,0.4987024366855621
2014-03-28,extended,252,expanding,0.6167684197425842,0.5886279940605164
2014-03-31,extended,252,expanding,0.7062607407569885,0.4139007031917572
2014-04-01,extended,252,expanding,0.4763795733451843,0.4390475451946258
2014-04-02,extended,252,expanding,0.3729515671730041,0.3256197869777679
2014-04-03,extended,252,expanding,0.3824391663074493,0.3909627795219421
2014-04-04,extended,252,expanding,0.7753196358680725,0.7963504195213318
2014-04-07,extended,252,expanding,0.7329880595207214,0.7501623034477234
2014-04-08,extended,252,expanding,0.626038670539856,0.6906021237373352
2014-04-09,extended,252,expanding,0.5471668243408203,0.5942772626876831
2014-04-10,extended,252,expanding,0.8312494158744812,1.1110491752624512
2014-04-11,extended,252,expanding,1.0073606967926023,0.82442307472229
2014-04-14,extended,252,expanding,0.8529536128044128,0.7116476893424988
2014-04-15,extended,252,expanding,0.9179202318191528,0.7644997239112854
2014-04-16,extended,252,expanding,0.6859830617904663,0.5029447674751282
2014-04-17,extended,252,expanding,0.4736447632312774,0.4780089259147644
2014-04-21,extended,252,expanding,0.341621994972229,0.4803989231586456
2014-04-22,extended,252,expanding,0.3280882239341736,0.4181443154811859
2014-04-23,extended,252,expanding,0.3645095825195312,0.3606373965740204
2014-04-24,extended,252,expanding,0.5891080498695374,0.3863618671894073
2014-04-25,extended,252,expanding,0.5863941311836243,0.565384030342102
2014-04-28,extended,252,expanding,0.8235853314399719,0.679932177066803
2014-04-29,extended,252,expanding,0.5001894235610962,0.4045633375644684
2014-04-30,extended,252,expanding,0.4978033900260925,0.3958543837070465
2014-05-01,extended,252,expanding,0.4511680901050567,0.3768573701381683
2014-05-02,extended,252,expanding,0.5626687407493591,0.4798819124698639
2014-05-05,extended,252,expanding,0.7295594215393066,0.5706390738487244
2014-05-06,extended,252,expanding,0.5130741000175476,0.5522865653038025
2014-05-07,extended,252,expanding,0.8969767689704895,0.6853256821632385
2014-05-08,extended,252,expanding,0.5193822383880615,0.5539000630378723
2014-05-09,extended,252,expanding,0.5581554174423218,0.5203713178634644
2014-05-12,extended,252,expanding,0.4801866114139557,0.549669623374939
2014-05-13,extended,252,expanding,0.3169682323932647,0.395352303981781
2014-05-14,extended,252,expanding,0.387529969215393,0.4130184352397918
2014-05-15,extended,252,expanding,0.691119372844696,0.6896551251411438
2014-05-16,extended,252,expanding,0.4676394462585449,0.4781703948974609
2014-05-19,extended,252,expanding,0.3423518240451813,0.5633207559585571
2014-05-20,extended,252,expanding,0.5234825015068054,0.6175853610038757
2014-05-21,extended,252,expanding,0.494206964969635,0.470937430858612
2014-05-22,extended,252,expanding,0.301708847284317,0.3338398039340973
2014-05-23,extended,252,expanding,0.2059242725372314,0.261666864156723
2014-05-27,extended,252,expanding,0.4249706864356994,0.3356116116046905
2014-05-28,extended,252,expanding,0.2931358814239502,0.3320336043834686
2014-05-29,extended,252,expanding,0.3629059195518493,0.3495872020721435
2014-05-30,extended,252,expanding,0.289627194404602,0.2770930528640747
2014-06-02,extended,252,expanding,0.3900781571865082,0.4285108149051666
2014-06-03,extended,252,expanding,0.3076380789279938,0.3031682968139648
2014-06-04,extended,252,expanding,0.2941426336765289,0.3673146665096283
2014-06-05,extended,252,expanding,0.3900737762451172,0.4851554036140442
2014-06-06,extended,252,expanding,0.2689656913280487,0.2671886086463928
2014-06-09,extended,252,expanding,0.2771907150745392,0.3912030160427093
2014-06-10,extended,252,expanding,0.297002226114273,0.3290137946605682
2014-06-11,extended,252,expanding,0.4113850593566894,0.3717034161090851
2014-06-12,extended,252,expanding,0.4183047115802765,0.5202595591545105
2014-06-13,extended,252,expanding,0.4343026876449585,0.3540116250514984
2014-06-16,extended,252,expanding,0.4416143894195556,0.3607905507087707
2014-06-17,extended,252,expanding,0.3711232841014862,0.4266969561576843
2014-06-18,extended,252,expanding,0.419305682182312,0.4423132240772247
2014-06-19,extended,252,expanding,0.2912806570529938,0.4386176466941833
2014-06-20,extended,252,expanding,0.233441948890686,0.2916414141654968
2014-06-23,extended,252,expanding,0.2667551934719085,0.344365507364273
2014-06-24,extended,252,expanding,0.4317242205142975,0.5773594379425049
2014-06-25,extended,252,expanding,0.3785480260848999,0.4761000275611877
2014-06-26,extended,252,expanding,0.4962846934795379,0.4808004200458526
2014-06-27,extended,252,expanding,0.354368656873703,0.3238949775695801
2014-06-30,extended,252,expanding,0.2712672650814056,0.4395052492618561
2014-07-01,extended,252,expanding,0.3689269125461578,0.4429948031902313
2014-07-02,extended,252,expanding,0.2615170478820801,0.2540794610977173
2014-07-03,extended,252,expanding,0.3173152208328247,0.3289592862129211
2014-07-07,extended,252,expanding,0.3631447255611419,0.4113593697547912
2014-07-08,extended,252,expanding,0.5589419007301331,0.5455382466316223
2014-07-09,extended,252,expanding,0.458191841840744,0.3856430053710937
2014-07-10,extended,252,expanding,0.7611199617385864,0.5619396567344666
2014-07-11,extended,252,expanding,0.350848376750946,0.4707162976264953
2014-07-14,extended,252,expanding,0.4134432673454284,0.3693255484104156
2014-07-15,extended,252,expanding,0.538845956325531,0.5257395505905151
2014-07-16,extended,252,expanding,0.4470780491828918,0.2975597679615021
2014-07-17,extended,252,expanding,0.641926109790802,0.5860388875007629
2014-07-18,extended,252,expanding,0.3977976143360138,0.5226598978042603
2014-07-21,extended,252,expanding,0.4088542461395263,0.490311324596405
2014-07-22,extended,252,expanding,0.3765114843845367,0.4343504011631012
2014-07-23,extended,252,expanding,0.2525513172149658,0.2831455767154693
2014-07-24,extended,252,expanding,0.2758019268512726,0.3486794531345367
2014-07-25,extended,252,expanding,0.4329283535480499,0.3606355786323547
2014-07-28,extended,252,expanding,0.4222931265830993,0.3995350897312164
2014-07-29,extended,252,expanding,0.4585719108581543,0.4674160778522491
2014-07-30,extended,252,expanding,0.606133759021759,0.4373538196086883
2014-07-31,extended,252,expanding,0.8659616112709045,0.878553569316864
2014-08-01,extended,252,expanding,0.8324301242828369,0.711387574672699
2014-08-04,extended,252,expanding,0.4794051647186279,0.5572512149810791
2014-08-05,extended,252,expanding,0.8867471814155579,0.7453805208206177
2014-08-06,extended,252,expanding,0.6750627756118774,0.574981689453125
2014-08-07,extended,252,expanding,0.7133786678314209,0.6997812986373901
2014-08-08,extended,252,expanding,0.5158858299255371,0.6435243487358093
2014-08-11,extended,252,expanding,0.4187553822994232,0.5389883518218994
2014-08-12,extended,252,expanding,0.4677827954292297,0.4024059474468231
2014-08-13,extended,252,expanding,0.4582456648349762,0.3682763278484344
2014-08-14,extended,252,expanding,0.2659345865249634,0.2842989563941955
2014-08-15,extended,252,expanding,0.7498508095741272,0.5923222303390503
2014-08-18,extended,252,expanding,0.4649697542190552,0.4360969960689544
2014-08-19,extended,252,expanding,0.2545689642429352,0.4134809672832489
2014-08-20,extended,252,expanding,0.3016211092472076,0.3961639106273651
2014-08-21,extended,252,expanding,0.2895697355270386,0.2924572825431824
2014-08-22,extended,252,expanding,0.4267614781856537,0.4187279045581817
2014-08-25,extended,252,expanding,0.3532538115978241,0.3530333340167999
2014-08-26,extended,252,expanding,0.2375984042882919,0.3124672174453735
2014-08-27,extended,252,expanding,0.2414763420820236,0.3415873944759369
2014-08-28,extended,252,expanding,0.4029179513454437,0.2968031764030456
2014-08-29,extended,252,expanding,0.2538957595825195,0.3787573873996734
2014-09-02,extended,252,expanding,0.3633188903331756,0.4352749288082123
2014-09-03,extended,252,expanding,0.3714413344860077,0.4231445491313934
2014-09-04,extended,252,expanding,0.4089247584342956,0.5936818718910217
2014-09-05,extended,252,expanding,0.4573314487934112,0.4114179313182831
2014-09-08,extended,252,expanding,0.3870986402034759,0.4059487283229828
2014-09-09,extended,252,expanding,0.5338571071624756,0.5314167141914368
2014-09-10,extended,252,expanding,0.5201886296272278,0.4219069182872772
2014-09-11,extended,252,expanding,0.4303184747695923,0.3696787059307098
2014-09-12,extended,252,expanding,0.4745336472988128,0.4596904218196869
2014-09-15,extended,252,expanding,0.4190886318683624,0.3547365665435791
2014-09-16,extended,252,expanding,0.4405772984027862,0.5633408427238464
2014-09-17,extended,252,expanding,0.7170944213867188,0.4270959198474884
2014-09-18,extended,252,expanding,0.3703958690166473,0.3063890933990478
2014-09-19,extended,252,expanding,0.4573608636856079,0.4340361356735229
2014-09-22,extended,252,expanding,0.4457267820835113,0.527383029460907
2014-09-23,extended,252,expanding,0.4930504560470581,0.5253251791000366
2014-09-24,extended,252,expanding,0.4097436368465423,0.5189686417579651
2014-09-25,extended,252,expanding,0.7036588788032532,0.7583380341529846
2014-09-26,extended,252,expanding,0.5985597372055054,0.5528252720832825
2014-09-29,extended,252,expanding,0.9425361156463624,0.5469191670417786
2014-09-30,extended,252,expanding,0.6042161583900452,0.6128243207931519
2014-10-01,extended,252,expanding,0.7754773497581482,0.8034068942070007
2014-10-02,extended,252,expanding,0.7488913536071777,0.8175700306892395
2014-10-03,extended,252,expanding,0.8084318041801453,0.7444739937782288
2014-10-06,extended,252,expanding,0.654168963432312,0.6664150357246399
2014-10-07,extended,252,expanding,0.858822762966156,0.8558059334754944
2014-10-08,extended,252,expanding,0.8928329348564148,1.0452556610107422
2014-10-09,extended,252,expanding,1.0456963777542114,1.2017903327941897
2014-10-10,extended,252,expanding,1.105968713760376,1.1515204906463623
2014-10-13,extended,252,expanding,1.1766607761383057,1.248084306716919
2014-10-14,extended,252,expanding,1.235714554786682,1.09681236743927
2014-10-15,extended,252,expanding,2.303750276565552,1.9361717700958248
2014-10-16,extended,252,expanding,1.6580957174301147,1.4824957847595217
2014-10-17,extended,252,expanding,1.2497849464416504,1.151092767715454
2014-10-20,extended,252,expanding,0.7233673930168152,0.788828432559967
2014-10-21,extended,252,expanding,0.7497316002845764,0.7950791716575623
2014-10-22,extended,252,expanding,0.7443962097167969,0.836120069026947
2014-10-23,extended,252,expanding,1.031681776046753,0.7922317385673523
2014-10-24,extended,252,expanding,0.5909020900726318,0.6646727919578552
2014-10-27,extended,252,expanding,0.628062903881073,0.4220784604549408
2014-10-28,extended,252,expanding,0.5138598680496216,0.6048983335494995
2014-10-29,extended,252,expanding,0.7173582315444946,0.6367242336273193
2014-10-30,extended,252,expanding,0.5609475374221802,0.7114695310592651
2014-10-31,extended,252,expanding,0.7405169010162354,0.5509412884712219
2014-11-03,extended,252,expanding,0.4596216678619385,0.3505385816097259
2014-11-04,extended,252,expanding,0.5232880115509033,0.5629468560218811
2014-11-05,extended,252,expanding,0.5897601246833801,0.3639006018638611
2014-11-06,extended,252,expanding,0.3996855616569519,0.4825253188610077
2014-11-07,extended,252,expanding,0.4490749835968017,0.483741283416748
2014-11-10,extended,252,expanding,0.2844453752040863,0.3278388977050781
2014-11-11,extended,252,expanding,0.2587494552135467,0.3582580685615539
2014-11-12,extended,252,expanding,0.405623584985733,0.356509655714035
2014-11-13,extended,252,expanding,0.507718563079834,0.4110362231731415
2014-11-14,extended,252,expanding,0.3240550458431244,0.3820029199123382
2014-11-17,extended,252,expanding,0.3557171523571014,0.369109958410263
2014-11-18,extended,252,expanding,0.2924927771091461,0.5887450575828552
2014-11-19,extended,252,expanding,0.5172247290611267,0.3865476548671722
2014-11-20,extended,252,expanding,0.3773044049739837,0.3096202611923218
2014-11-21,extended,252,expanding,0.6609857082366943,0.3808546364307403
2014-11-24,extended,252,expanding,0.3039441406726837,0.2705342769622803
2014-11-25,extended,252,expanding,0.3310993909835815,0.3886906504631042
2014-11-26,extended,252,expanding,0.1877403706312179,0.3131857216358185
2014-11-28,extended,252,expanding,0.3011811673641205,0.905248761177063
2014-12-01,extended,252,expanding,0.6036726236343384,0.6096771955490112
2014-12-02,extended,252,expanding,0.3831345736980438,0.472148060798645
2014-12-03,extended,252,expanding,0.2687572836875915,0.2531260848045349
2014-12-04,extended,252,expanding,0.429543673992157,0.3525426387786865
2014-12-05,extended,252,expanding,0.3647364974021911,0.2569665014743805
2014-12-08,extended,252,expanding,0.5491243004798889,0.6473608016967773
2014-12-09,extended,252,expanding,1.0170496702194214,0.6509106159210205
2014-12-10,extended,252,expanding,0.8344765901565552,0.9102330207824708
2014-12-11,extended,252,expanding,0.8538368940353394,0.7437050342559814
2014-12-12,extended,252,expanding,0.9141978621482848,0.9514713287353516
2014-12-15,extended,252,expanding,1.2775683403015137,1.1259207725524902
2014-12-16,extended,252,expanding,1.244651198387146,1.47645103931427
2014-12-17,extended,252,expanding,1.286188721656799,1.1448062658309937
2014-12-18,extended,252,expanding,1.034126877784729,1.0186868906021118
2014-12-19,extended,252,expanding,0.5891704559326172,0.5682634711265564
2014-12-22,extended,252,expanding,0.3526901006698608,0.5884583592414856
2014-12-23,extended,252,expanding,0.3318722248077392,0.4585150480270386
2014-12-24,extended,252,expanding,0.2151733487844467,0.393842875957489
2014-12-26,extended,252,expanding,0.2520639598369598,0.2896269857883453
2014-12-29,extended,252,expanding,0.2382992357015609,0.3535113930702209
2014-12-30,extended,252,expanding,0.3008394241333008,0.3821167349815368
2014-12-31,extended,252,expanding,0.4884640574455261,0.6221502423286438
2015-01-02,extended,252,expanding,0.9161708354949952,0.6365713477134705
2015-01-05,extended,252,expanding,0.8366752862930298,1.106560230255127
2015-01-06,extended,252,expanding,1.053530216217041,0.9898391962051392
2015-01-07,extended,252,expanding,0.9043862223625184,0.7257692813873291
2015-01-08,extended,252,expanding,0.846068799495697,0.7472421526908875
2015-01-09,extended,252,expanding,0.7907400727272034,0.802547037601471
2015-01-12,extended,252,expanding,0.819638729095459,0.950671374797821
2015-01-13,extended,252,expanding,1.479487419128418,1.1748253107070925
2015-01-14,extended,252,expanding,1.2126911878585815,0.9082690477371216
2015-01-15,extended,252,expanding,1.0164530277252195,1.1352304220199585
2015-01-16,extended,252,expanding,0.802234411239624,0.8648244738578796
2015-01-20,extended,252,expanding,0.9148500561714172,0.8857302665710449
2015-01-21,extended,252,expanding,1.0006932020187378,0.6824964284896851
2015-01-22,extended,252,expanding,0.7813236117362976,1.0322414636611938
2015-01-23,extended,252,expanding,0.4990968108177185,0.6322763562202454
2015-01-26,extended,252,expanding,0.5482511520385742,0.5579416155815125
2015-01-27,extended,252,expanding,1.012906789779663,0.8158899545669556
2015-01-28,extended,252,expanding,0.9635168313980104,1.2324049472808838
2015-01-29,extended,252,expanding,0.9359861612319946,1.012000322341919
2015-01-30,extended,252,expanding,0.9898359775543212,0.9805752038955688
2015-02-02,extended,252,expanding,1.085466384887695,1.0866620540618896
2015-02-03,extended,252,expanding,0.9412546157836914,0.8219150304794312
2015-02-04,extended,252,expanding,0.8157912492752075,1.1392792463302612
2015-02-05,extended,252,expanding,0.5828607082366943,0.6151030659675598
2015-02-06,extended,252,expanding,0.6425417065620422,0.6854566335678101
2015-02-09,extended,252,expanding,0.5797975659370422,0.5693589448928833
2015-02-10,extended,252,expanding,0.6225982904434204,0.7983968257904053
2015-02-11,extended,252,expanding,0.5280768275260925,0.5785346031188965
2015-02-12,extended,252,expanding,0.5131012201309204,0.687559962272644
2015-02-13,extended,252,expanding,0.3230832517147064,0.3521055579185486
2015-02-17,extended,252,expanding,0.3878101706504822,0.5199148654937744
2015-02-18,extended,252,expanding,0.4377695620059967,0.4152800440788269
2015-02-19,extended,252,expanding,0.4493687748908996,0.374492883682251
2015-02-20,extended,252,expanding,0.4546082317829132,0.5557470917701721
2015-02-23,extended,252,expanding,0.3360538482666015,0.3853054940700531
2015-02-24,extended,252,expanding,0.3187811970710754,0.3494794964790344
2015-02-25,extended,252,expanding,0.3179743885993957,0.3774090409278869
2015-02-26,extended,252,expanding,0.4437330067157745,0.5880785584449768
2015-02-27,extended,252,expanding,0.3470306098461151,0.3706440925598144
2015-03-02,extended,252,expanding,0.2667586803436279,0.4081208109855652
2015-03-03,extended,252,expanding,0.5007086396217346,0.448763757944107
2015-03-04,extended,252,expanding,0.6677775382995605,0.5934827923774719
2015-03-05,extended,252,expanding,0.3570042848587036,0.34754478931427
2015-03-06,extended,252,expanding,0.7385730147361755,0.8310291171073914
2015-03-09,extended,252,expanding,0.3881198167800903,0.412392258644104
2015-03-10,extended,252,expanding,0.8400395512580872,0.970845639705658
2015-03-11,extended,252,expanding,0.5907078981399536,0.6200153231620789
2015-03-12,extended,252,expanding,0.6523180603981018,0.676982045173645
2015-03-13,extended,252,expanding,0.7049248218536377,0.8379998207092285
2015-03-16,extended,252,expanding,0.5238789916038513,0.6911378502845764
2015-03-17,extended,252,expanding,0.5899909138679504,0.5140305161476135
2015-03-18,extended,252,expanding,1.051440954208374,1.0814896821975708
2015-03-19,extended,252,expanding,0.5530752539634705,0.6375607252120972
2015-03-20,extended,252,expanding,0.6660987138748169,0.789104700088501
2015-03-23,extended,252,expanding,0.3736087381839752,0.4866711497306824
2015-03-24,extended,252,expanding,0.4509356319904327,0.5374571084976196
2015-03-25,extended,252,expanding,0.6865458488464355,0.7396679520606995
2015-03-26,extended,252,expanding,0.873544454574585,0.74503093957901
2015-03-27,extended,252,expanding,0.5865139961242676,0.6238501667976379
2015-03-30,extended,252,expanding,0.6811202764511108,0.5954360365867615
2015-03-31,extended,252,expanding,0.6466434001922607,0.5404567718505859
2015-04-01,extended,252,expanding,0.7361587882041931,0.5465408563613892
2015-04-02,extended,252,expanding,0.5094029903411865,0.6387032270431519
2015-04-06,extended,252,expanding,0.5339199304580688,0.8820815086364746
2015-04-07,extended,252,expanding,0.4426901638507843,0.4878798425197601
2015-04-08,extended,252,expanding,0.7183293104171753,0.627329409122467
2015-04-09,extended,252,expanding,0.597693920135498,0.6689427495002747
2015-04-10,extended,252,expanding,0.28354012966156,0.3921975791454315
2015-04-13,extended,252,expanding,0.3515390753746032,0.4973849356174469
2015-04-14,extended,252,expanding,0.5259081721305847,0.6026946306228638
2015-04-15,extended,252,expanding,0.4481188952922821,0.515408456325531
2015-04-16,extended,252,expanding,0.4082098305225372,0.4652515351772308
2015-04-17,extended,252,expanding,0.7608491778373718,0.6547757387161255
2015-04-20,extended,252,expanding,0.6108341217041016,0.4832403361797333
2015-04-21,extended,252,expanding,0.4529463052749634,0.4423952102661133
2015-04-22,extended,252,expanding,0.458896666765213,0.3861762285232544
2015-04-23,extended,252,expanding,0.4938202202320099,0.5982245206832886
2015-04-24,extended,252,expanding,0.3273702263832092,0.285647988319397
2015-04-27,extended,252,expanding,0.481981098651886,0.5695252418518066
2015-04-28,extended,252,expanding,0.6443674564361572,0.5059981346130371
2015-04-29,extended,252,expanding,0.6621337532997131,0.4867047667503357
2015-04-30,extended,252,expanding,0.7037506699562073,0.6606286764144897
2015-05-01,extended,252,expanding,0.6726866364479065,0.6199550628662109
2015-05-04,extended,252,expanding,0.375816285610199,0.4677239656448364
2015-05-05,extended,252,expanding,0.570682942867279,0.6051552295684814
2015-05-06,extended,252,expanding,0.9269205927848816,0.9064921140670776
2015-05-07,extended,252,expanding,0.5604826211929321,0.6287108659744263
2015-05-08,extended,252,expanding,0.8699830770492554,0.628066897392273
2015-05-11,extended,252,expanding,0.4091064631938934,0.424468845129013
2015-05-12,extended,252,expanding,0.8183264136314392,0.5363060235977173
2015-05-13,extended,252,expanding,0.6684315204620361,0.6068152189254761
2015-05-14,extended,252,expanding,0.5487048625946045,0.4588223993778229
2015-05-15,extended,252,expanding,0.3386743068695068,0.3503707647323608
2015-05-18,extended,252,expanding,0.2193475365638733,0.5763071775436401
2015-05-19,extended,252,expanding,0.3124220073223114,0.638120174407959
2015-05-20,extended,252,expanding,0.4188220202922821,0.3921884298324585
2015-05-21,extended,252,expanding,0.279846727848053,0.3453599810600281
2015-05-22,extended,252,expanding,0.3309479653835296,0.4780678749084472
2015-05-26,extended,252,expanding,0.5155841708183289,0.8741926550865173
2015-05-27,extended,252,expanding,0.4025551378726959,0.5227484107017517
2015-05-28,extended,252,expanding,0.4390124380588531,0.3647697567939758
2015-05-29,extended,252,expanding,0.5354623794555664,0.4728023111820221
2015-06-01,extended,252,expanding,0.6326298117637634,0.4970307946205139
2015-06-02,extended,252,expanding,0.5542809963226318,0.6173093318939209
2015-06-03,extended,252,expanding,0.4349302947521209,0.4327078759670257
2015-06-04,extended,252,expanding,0.6734352707862854,0.6091973781585693
2015-06-05,extended,252,expanding,0.5858168601989746,0.6291369199752808
2015-06-08,extended,252,expanding,0.3806487917900085,0.5633530020713806
2015-06-09,extended,252,expanding,0.4707942008972168,0.546650230884552
2015-06-10,extended,252,expanding,0.6238774657249451,0.6824896335601807
2015-06-11,extended,252,expanding,0.4449045062065124,0.4356328248977661
2015-06-12,extended,252,expanding,0.5156898498535156,0.5321553349494934
2015-06-15,extended,252,expanding,0.9224205017089844,0.4811317920684814
2015-06-16,extended,252,expanding,0.5270959138870239,0.3691028356552124
2015-06-17,extended,252,expanding,0.6415505409240723,0.4191845655441284
2015-06-18,extended,252,expanding,0.5652602910995483,0.5891420841217041
2015-06-19,extended,252,expanding,0.3343290388584137,0.4862698912620544
2015-06-22,extended,252,expanding,0.6914674639701843,0.3718235492706299
2015-06-23,extended,252,expanding,0.3239480555057525,0.3446017503738403
2015-06-24,extended,252,expanding,0.3779144883155823,0.4528471231460571
2015-06-25,extended,252,expanding,0.4098502099514007,0.3707526922225952
2015-06-26,extended,252,expanding,0.4807495176792145,0.3458701968193054
2015-06-29,extended,252,expanding,0.8694495558738708,0.8610883355140686
2015-06-30,extended,252,expanding,0.8994608521461487,0.4768297672271728
2015-07-01,extended,252,expanding,0.772849440574646,0.5696143507957458
2015-07-02,extended,252,expanding,0.4632080495357513,0.4736588597297668
2015-07-06,extended,252,expanding,0.9262874126434326,0.8459763526916504
2015-07-07,extended,252,expanding,0.9469451904296876,0.8183372020721436
2015-07-08,extended,252,expanding,0.9316666722297668,0.8970537781715393
2015-07-09,extended,252,expanding,1.3116600513458252,0.6370258927345276
2015-07-10,extended,252,expanding,1.123153805732727,0.7357063889503479
2015-07-13,extended,252,expanding,0.6816275119781494,0.7087645530700684
2015-07-14,extended,252,expanding,0.2428647130727768,0.4195948243141174
2015-07-15,extended,252,expanding,0.3678913712501526,0.5742855072021484
2015-07-16,extended,252,expanding,0.3954748511314392,0.39961838722229
2015-07-17,extended,252,expanding,0.2423936873674392,0.3326831459999084
2015-07-20,extended,252,expanding,0.292244017124176,0.2950401902198791
2015-07-21,extended,252,expanding,0.3257938623428345,0.4104079008102417
2015-07-22,extended,252,expanding,0.4348017573356628,0.3904697895050049
2015-07-23,extended,252,expanding,0.399826169013977,0.5305046439170837
2015-07-24,extended,252,expanding,0.4459609091281891,0.6541451811790466
2015-07-27,extended,252,expanding,0.7757925391197205,0.6554880142211914
2015-07-28,extended,252,expanding,0.5373643636703491,0.5192480087280273
2015-07-29,extended,252,expanding,0.4497852921485901,0.4362069368362427
2015-07-30,extended,252,expanding,0.4582180976867676,0.4509174227714538
2015-07-31,extended,252,expanding,0.3839213848114013,0.4968416690826416
2015-08-03,extended,252,expanding,0.5662893056869507,0.6387637257575989
2015-08-04,extended,252,expanding,0.4822500050067901,0.4280892014503479
2015-08-05,extended,252,expanding,0.64484703540802,0.4632381200790405
2015-08-06,extended,252,expanding,0.541225254535675,0.6610049605369568
2015-08-07,extended,252,expanding,0.576079785823822,0.5030675530433655
2015-08-10,extended,252,expanding,0.6756598353385925,0.4313231110572815
2015-08-11,extended,252,expanding,0.8222931623458862,0.8471586108207703
2015-08-12,extended,252,expanding,1.070734977722168,1.0823384523391724
2015-08-13,extended,252,expanding,0.6425189971923828,0.5570781826972961
2015-08-14,extended,252,expanding,0.4068052768707275,0.3889795541763305
2015-08-17,extended,252,expanding,0.5880442261695862,0.7275274991989136
2015-08-18,extended,252,expanding,0.3682068288326263,0.4332263469696045
2015-08-19,extended,252,expanding,0.9496463537216188,0.9012379050254822
2015-08-20,extended,252,expanding,1.073470950126648,1.0817352533340454
2015-08-21,extended,252,expanding,1.521138310432434,1.7732185125350952
2015-08-24,extended,252,expanding,6.107092380523682,2.7856240272521973
2015-08-25,extended,252,expanding,2.710724115371704,3.0754709243774414
2015-08-26,extended,252,expanding,2.8424289226531982,2.158369541168213
2015-08-27,extended,252,expanding,1.896519660949707,1.7686920166015625
2015-08-28,extended,252,expanding,0.9556337594985962,0.9879931807518004
2015-08-31,extended,252,expanding,1.0897337198257446,1.0308552980422974
2015-09-01,extended,252,expanding,2.2449772357940674,2.027820110321045
2015-09-02,extended,252,expanding,1.4546595811843872,1.0419610738754272
2015-09-03,extended,252,expanding,0.992962121963501,1.0798252820968628
2015-09-04,extended,252,expanding,1.4397097826004028,1.2323979139328003
2015-09-08,extended,252,expanding,1.468074917793274,1.1505662202835083
2015-09-09,extended,252,expanding,1.1140401363372805,1.6578502655029297
2015-09-10,extended,252,expanding,0.8762382864952087,1.1814496517181396
2015-09-11,extended,252,expanding,0.8052470088005066,0.9325165152549744
2015-09-14,extended,252,expanding,0.5960224270820618,0.6872708797454834
2015-09-15,extended,252,expanding,0.5569227337837219,0.8681722283363342
2015-09-16,extended,252,expanding,0.5929057002067566,0.6761734485626221
2015-09-17,extended,252,expanding,1.27928626537323,0.9827157855033876
2015-09-18,extended,252,expanding,1.361925482749939,1.2405848503112793
2015-09-21,extended,252,expanding,0.8707589507102966,0.8550357818603516
2015-09-22,extended,252,expanding,1.3077605962753296,1.0954902172088623
2015-09-23,extended,252,expanding,0.7572812438011169,1.0049936771392822
2015-09-24,extended,252,expanding,1.044100642204285,1.123774528503418
2015-09-25,extended,252,expanding,1.0345593690872192,0.97881281375885
2015-09-28,extended,252,expanding,1.1553207635879517,1.550275444984436
2015-09-29,extended,252,expanding,1.1817799806594849,0.9643177390098572
2015-09-30,extended,252,expanding,1.495627760887146,1.0459030866622925
2015-10-01,extended,252,expanding,1.141032576560974,0.9177611470222472
2015-10-02,extended,252,expanding,1.693498611450195,1.4682611227035522
2015-10-05,extended,252,expanding,0.8905875086784363,0.8933863639831543
2015-10-06,extended,252,expanding,0.6829049587249756,0.884669840335846
2015-10-07,extended,252,expanding,0.94715017080307,0.7201429009437561
2015-10-08,extended,252,expanding,0.7110604047775269,0.7179291248321533
2015-10-09,extended,252,expanding,0.5342766046524048,0.5363470911979675
2015-10-12,extended,252,expanding,0.3761202991008758,0.5333231687545776
2015-10-13,extended,252,expanding,0.615027904510498,0.6592862010002136
2015-10-14,extended,252,expanding,0.6851932406425476,0.7913113236427307
2015-10-15,extended,252,expanding,0.5368911623954773,0.7387756109237671
2015-10-16,extended,252,expanding,0.5126047134399414,0.4093913435935974
2015-10-19,extended,252,expanding,0.5282853245735168,0.4936073422431946
2015-10-20,extended,252,expanding,0.5042325258255005,0.4402366578578949
2015-10-21,extended,252,expanding,0.7471799254417419,0.6222163438796997
2015-10-22,extended,252,expanding,0.7661428451538086,0.7876134514808655
2015-10-23,extended,252,expanding,0.8509055972099304,0.6413432955741882
2015-10-26,extended,252,expanding,0.3822285532951355,0.4851973056793213
2015-10-27,extended,252,expanding,0.5862306952476501,0.4990040957927704
2015-10-28,extended,252,expanding,0.9409856796264648,0.7403685450553894
2015-10-29,extended,252,expanding,0.4814004302024841,0.4697615802288055
2015-10-30,extended,252,expanding,0.5342662334442139,0.3932780921459198
2015-11-02,extended,252,expanding,0.4204661846160888,0.5825601816177368
2015-11-03,extended,252,expanding,0.4835807979106903,0.5659052729606628
2015-11-04,extended,252,expanding,0.614382803440094,0.7044713497161865
2015-11-05,extended,252,expanding,0.5839255452156067,0.5211350917816162
2015-11-06,extended,252,expanding,0.6034426689147949,0.5970708131790161
2015-11-09,extended,252,expanding,0.7614883780479431,0.7285252809524536
2015-11-10,extended,252,expanding,0.5499747395515442,0.5052499175071716
2015-11-11,extended,252,expanding,0.4731254279613495,0.5618576407432556
2015-11-12,extended,252,expanding,0.8733656406402588,0.7778983116149902
2015-11-13,extended,252,expanding,0.6671431660652161,0.8933335542678833
2015-11-16,extended,252,expanding,0.7153626084327698,0.7930110692977905
2015-11-17,extended,252,expanding,0.7524334192276001,0.6464927792549133
2015-11-18,extended,252,expanding,0.7099785804748535,0.7046602368354797
2015-11-19,extended,252,expanding,0.4644718766212463,0.437082976102829
2015-11-20,extended,252,expanding,0.5691575407981873,0.47255340218544
2015-11-23,extended,252,expanding,0.4336825907230377,0.4258852899074554
2015-11-24,extended,252,expanding,0.6535255312919617,0.591042160987854
2015-11-25,extended,252,expanding,0.3200731873512268,0.3415269553661346
2015-11-27,extended,252,expanding,0.2484254091978073,0.3402005732059479
2015-11-30,extended,252,expanding,0.4424359798431396,0.4377823770046234
2015-12-01,extended,252,expanding,0.6222959756851196,0.4193868935108185
2015-12-02,extended,252,expanding,0.5199115872383118,0.7069235444068909
2015-12-03,extended,252,expanding,0.8429600596427917,1.1287052631378174
2015-12-04,extended,252,expanding,0.845172643661499,1.079275369644165
2015-12-07,extended,252,expanding,0.8103945255279541,0.798982560634613
2015-12-08,extended,252,expanding,1.2818913459777832,0.7298675775527954
2015-12-09,extended,252,expanding,1.0488706827163696,1.2495492696762085
2015-12-10,extended,252,expanding,0.7810572385787964,0.7731317281723022
2015-12-11,extended,252,expanding,1.160577654838562,1.138414740562439
2015-12-14,extended,252,expanding,1.239391565322876,0.8348844647407532
2015-12-15,extended,252,expanding,1.0609846115112305,0.7717440128326416
2015-12-16,extended,252,expanding,0.983195960521698,0.9860773086547852
2015-12-17,extended,252,expanding,0.9051330089569092,1.1420304775238037
2015-12-18,extended,252,expanding,0.975375771522522,1.011257290840149
2015-12-21,extended,252,expanding,0.8869057893753052,0.7321288585662842
2015-12-22,extended,252,expanding,0.6400415897369385,0.6909327507019043
2015-12-23,extended,252,expanding,0.5840789675712585,0.7220379710197449
2015-12-24,extended,252,expanding,0.2801190316677093,0.460691750049591
2015-12-28,extended,252,expanding,0.544843852519989,0.6358850598335266
2015-12-29,extended,252,expanding,0.6348679661750793,0.5803518295288086
2015-12-30,extended,252,expanding,0.4367802739143371,0.4658880531787872
2015-12-31,extended,252,expanding,0.6944714784622192,0.5720466375350952
2016-01-04,extended,252,expanding,1.8643945455551147,1.2005833387374878
2016-01-05,extended,252,expanding,0.7911797761917114,0.8629323244094849
2016-01-06,extended,252,expanding,1.4094488620758057,1.238438367843628
2016-01-07,extended,252,expanding,1.9777171611785889,1.440017580986023
2016-01-08,extended,252,expanding,1.3276973962783811,1.6391857862472534
2016-01-11,extended,252,expanding,1.2732048034667969,1.4097692966461182
2016-01-12,extended,252,expanding,1.3360037803649902,1.2052627801895142
2016-01-13,extended,252,expanding,1.4331769943237305,1.782936453819275
2016-01-14,extended,252,expanding,1.276334524154663,1.526705622673035
2016-01-15,extended,252,expanding,2.256190776824951,1.894977688789368
2016-01-19,extended,252,expanding,1.414040446281433,1.5440452098846436
2016-01-20,extended,252,expanding,2.090296983718872,2.084973096847534
2016-01-21,extended,252,expanding,1.7240387201309204,1.4999905824661257
2016-01-22,extended,252,expanding,1.350212812423706,1.219306468963623
2016-01-25,extended,252,expanding,0.8432279825210571,1.3946508169174194
2016-01-26,extended,252,expanding,1.132907509803772,0.9020291566848756
2016-01-27,extended,252,expanding,1.418370008468628,1.3172663450241089
2016-01-28,extended,252,expanding,1.6049604415893557,0.9893426299095154
2016-01-29,extended,252,expanding,0.8625195026397705,1.285069465637207
2016-02-01,extended,252,expanding,1.108719825744629,1.1394212245941162
2016-02-02,extended,252,expanding,1.0957472324371338,1.4472088813781738
2016-02-03,extended,252,expanding,1.661211013793945,1.489458441734314
2016-02-04,extended,252,expanding,1.3568352460861206,1.2240300178527832
2016-02-05,extended,252,expanding,1.1918375492095947,1.4572218656539917
2016-02-08,extended,252,expanding,1.7131495475769043,1.7241359949111938
2016-02-09,extended,252,expanding,1.7238924503326416,1.4925729036331177
2016-02-10,extended,252,expanding,1.284624099731445,1.389149785041809
2016-02-11,extended,252,expanding,1.7465639114379885,1.5996638536453247
2016-02-12,extended,252,expanding,0.9847818613052368,1.2066394090652466
2016-02-16,extended,252,expanding,0.9619315266609192,0.9991849064826964
2016-02-17,extended,252,expanding,0.8570308089256287,0.991493046283722
2016-02-18,extended,252,expanding,0.6592288613319397,0.8017595410346985
2016-02-19,extended,252,expanding,0.8370142579078674,0.653081476688385
2016-02-22,extended,252,expanding,0.8208672404289246,0.7135669589042664
2016-02-23,extended,252,expanding,0.7050926089286804,0.8010348677635193
2016-02-24,extended,252,expanding,1.3654946088790894,1.0798853635787964
2016-02-25,extended,252,expanding,0.8240745067596436,0.808903157711029
2016-02-26,extended,252,expanding,0.7443616390228271,0.6844433546066284
2016-02-29,extended,252,expanding,0.6923912763595581,0.8186355233192444
2016-03-01,extended,252,expanding,0.8032092452049255,0.9072446227073668
2016-03-02,extended,252,expanding,0.6526565551757812,0.5733646154403687
2016-03-03,extended,252,expanding,0.5303792953491211,0.6010707020759583
2016-03-04,extended,252,expanding,0.6377307772636414,0.5673646330833435
2016-03-07,extended,252,expanding,0.7092128396034241,0.5309277772903442
2016-03-08,extended,252,expanding,0.8456987738609314,0.7601978182792664
2016-03-09,extended,252,expanding,0.7557376623153687,0.5688146352767944
2016-03-10,extended,252,expanding,1.0528972148895264,1.0657347440719604
2016-03-11,extended,252,expanding,0.7802853584289551,0.6597871780395508
2016-03-14,extended,252,expanding,0.4418516457080841,0.5981867909431458
2016-03-15,extended,252,expanding,0.5727604031562805,0.516529381275177
2016-03-16,extended,252,expanding,0.8591802716255188,0.7102371454238892
2016-03-17,extended,252,expanding,0.4830599427223205,0.8403093814849854
2016-03-18,extended,252,expanding,0.5102292895317078,0.398143321275711
2016-03-21,extended,252,expanding,0.4179591834545135,0.3714137673377991
2016-03-22,extended,252,expanding,0.5167195200920105,0.5196313858032227
2016-03-23,extended,252,expanding,0.4682425260543823,0.6270297169685364
2016-03-24,extended,252,expanding,0.5987577438354492,0.4176753759384155
2016-03-28,extended,252,expanding,0.3967815637588501,0.407157838344574
2016-03-29,extended,252,expanding,0.5566663146018982,0.704468846321106
2016-03-30,extended,252,expanding,0.5525966882705688,0.4031794667243957
2016-03-31,extended,252,expanding,0.3733204007148742,0.3986949920654297
2016-04-01,extended,252,expanding,0.7174330949783325,0.7177445888519287
2016-04-04,extended,252,expanding,0.4242019653320312,0.643266499042511
2016-04-05,extended,252,expanding,0.7961450219154358,0.6316585540771484
2016-04-06,extended,252,expanding,0.5540632605552673,0.6779855489730835
2016-04-07,extended,252,expanding,0.7730053663253784,0.8021970391273499
2016-04-08,extended,252,expanding,0.6810202598571777,0.7147493362426758
2016-04-11,extended,252,expanding,0.6143216490745544,0.6620135307312012
2016-04-12,extended,252,expanding,0.6139630079269409,0.6562250852584839
2016-04-13,extended,252,expanding,0.5803050398826599,0.5923826694488525
2016-04-14,extended,252,expanding,0.4040981829166412,0.3808202743530273
2016-04-15,extended,252,expanding,0.2471265494823455,0.3443007171154022
2016-04-18,extended,252,expanding,0.4576647281646728,0.4824695885181427
2016-04-19,extended,252,expanding,0.4471403062343597,0.5500439405441284
2016-04-20,extended,252,expanding,0.3924191296100616,0.5353701710700989
2016-04-21,extended,252,expanding,0.4886075556278229,0.4046886265277862
2016-04-22,extended,252,expanding,0.4717874526977539,0.4023383855819702
2016-04-25,extended,252,expanding,0.4663309752941131,0.4333633482456207
2016-04-26,extended,252,expanding,0.4146104454994201,0.4105056524276733
2016-04-27,extended,252,expanding,0.5534590482711792,0.470889151096344
2016-04-28,extended,252,expanding,0.6042600274085999,0.6679818034172058
2016-04-29,extended,252,expanding,0.7228695750236511,0.7375587821006775
2016-05-02,extended,252,expanding,0.480984628200531,0.4958853423595428
2016-05-03,extended,252,expanding,0.7204863429069519,0.7828791737556458
2016-05-04,extended,252,expanding,0.5959994196891785,0.6019421219825745
2016-05-05,extended,252,expanding,0.5839337110519409,0.5853824019432068
2016-05-06,extended,252,expanding,0.6555532813072205,0.5730674862861633
2016-05-09,extended,252,expanding,0.4680878221988678,0.4516915380954742
2016-05-10,extended,252,expanding,0.4542472064495086,0.5519267320632935
2016-05-11,extended,252,expanding,0.4730702638626098,0.5561617016792297
2016-05-12,extended,252,expanding,0.6881145238876343,0.4318443238735199
2016-05-13,extended,252,expanding,0.5798383355140686,0.6509416699409485
2016-05-16,extended,252,expanding,0.4479709267616272,0.568719208240509
2016-05-17,extended,252,expanding,0.5969027876853943,0.6241488456726074
2016-05-18,extended,252,expanding,0.9573208093643188,0.6497294306755066
2016-05-19,extended,252,expanding,0.8042436838150024,0.6665305495262146
2016-05-20,extended,252,expanding,0.5121746063232422,0.5038051605224609
2016-05-23,extended,252,expanding,0.3349516093730926,0.4509837031364441
2016-05-24,extended,252,expanding,0.5281316637992859,0.6323021054267883
2016-05-25,extended,252,expanding,0.4735313057899475,0.364875316619873
2016-05-26,extended,252,expanding,0.3417476713657379,0.3450994193553924
2016-05-27,extended,252,expanding,0.2984107136726379,0.3428703546524048
2016-05-31,extended,252,expanding,0.4157238900661468,0.5093072652816772
2016-06-01,extended,252,expanding,0.5437378883361816,0.4737361073493957
2016-06-02,extended,252,expanding,0.4243984520435333,0.4320326149463653
2016-06-03,extended,252,expanding,0.594088077545166,0.811115026473999
2016-06-06,extended,252,expanding,0.3940285444259643,0.4421733021736145
2016-06-07,extended,252,expanding,0.2598709166049957,0.3854328691959381
2016-06-08,extended,252,expanding,0.3198907077312469,0.3930379152297973
2016-06-09,extended,252,expanding,0.4458799064159393,0.3421949446201324
2016-06-10,extended,252,expanding,0.6192079782485962,0.5811004638671875
2016-06-13,extended,252,expanding,0.5233069658279419,0.6257607936859131
2016-06-14,extended,252,expanding,0.6233665347099304,0.6748304963111877
2016-06-15,extended,252,expanding,0.4930331110954284,0.5607411861419678
2016-06-16,extended,252,expanding,0.7422111630439758,0.8296685814857483
2016-06-17,extended,252,expanding,0.5440672039985657,0.5681081414222717
2016-06-20,extended,252,expanding,0.8680330514907837,0.6113333106040955
2016-06-21,extended,252,expanding,0.4856100082397461,0.3528374433517456
2016-06-22,extended,252,expanding,0.5078912973403931,0.4891275763511657
2016-06-23,extended,252,expanding,0.5845242142677307,0.5274742245674133
2016-06-24,extended,252,expanding,2.5068275928497314,1.8467646837234497
2016-06-27,extended,252,expanding,1.1343152523040771,1.6472408771514893
2016-06-28,extended,252,expanding,0.9142375588417052,0.8327957987785339
2016-06-29,extended,252,expanding,0.7956054210662842,1.0167875289916992
2016-06-30,extended,252,expanding,0.5864193439483643,0.8407415747642517
2016-07-01,extended,252,expanding,0.3890992701053619,0.6630668640136719
2016-07-05,extended,252,expanding,0.5271096229553223,0.8012300133705139
2016-07-06,extended,252,expanding,0.6909399032592773,0.8165526986122131
2016-07-07,extended,252,expanding,0.5431602597236633,0.800070583820343
2016-07-08,extended,252,expanding,0.391685426235199,0.7112058401107788
2016-07-11,extended,252,expanding,0.4308535456657409,0.4257554411888122
2016-07-12,extended,252,expanding,0.5599690675735474,0.5586832165718079
2016-07-13,extended,252,expanding,0.3626339137554168,0.5278837084770203
2016-07-14,extended,252,expanding,0.5216362476348877,0.3472215235233307
2016-07-15,extended,252,expanding,0.3339429497718811,0.4194519221782684
2016-07-18,extended,252,expanding,0.2528551518917084,0.3042225837707519
2016-07-19,extended,252,expanding,0.2636338472366333,0.386056900024414
2016-07-20,extended,252,expanding,0.2262370586395263,0.317672997713089
2016-07-21,extended,252,expanding,0.337037056684494,0.5051979422569275
2016-07-22,extended,252,expanding,0.2645395696163177,0.334686815738678
2016-07-25,extended,252,expanding,0.3274501264095306,0.3987833559513092
2016-07-26,extended,252,expanding,0.4504607915878296,0.3540552258491516
2016-07-27,extended,252,expanding,0.479295939207077,0.4625775814056396
2016-07-28,extended,252,expanding,0.4895424544811249,0.4180977940559387
2016-07-29,extended,252,expanding,0.4007420241832733,0.4221293926239013
2016-08-01,extended,252,expanding,0.4704261720180511,0.4095458686351776
2016-08-02,extended,252,expanding,0.4987277686595917,0.6664066910743713
2016-08-03,extended,252,expanding,0.3435832560062408,0.4650707542896271
2016-08-04,extended,252,expanding,0.3353202641010284,0.3139074146747589
2016-08-05,extended,252,expanding,0.3109190464019775,0.295796662569046
2016-08-08,extended,252,expanding,0.2371287792921066,0.2721756994724273
2016-08-09,extended,252,expanding,0.2269516140222549,0.2742872238159179
2016-08-10,extended,252,expanding,0.3250317573547363,0.3383172154426574
2016-08-11,extended,252,expanding,0.3414006233215332,0.2560877203941345
2016-08-12,extended,252,expanding,0.2294441312551498,0.1960559338331222
2016-08-15,extended,252,expanding,0.1975472271442413,0.22654490172863
2016-08-16,extended,252,expanding,0.3397499620914459,0.364492118358612
2016-08-17,extended,252,expanding,0.4053941667079925,0.3378763198852539
2016-08-18,extended,252,expanding,0.2481752336025238,0.2454433590173721
2016-08-19,extended,252,expanding,0.3755485713481903,0.2659813165664673
2016-08-22,extended,252,expanding,0.4753009974956512,0.356611430644989
2016-08-23,extended,252,expanding,0.2574482858181,0.244127869606018
2016-08-24,extended,252,expanding,0.3273195028305053,0.4501462578773498
2016-08-25,extended,252,expanding,0.3921144306659698,0.3258863985538482
2016-08-26,extended,252,expanding,0.6130600571632385,0.7849804759025574
2016-08-29,extended,252,expanding,0.2932550311088562,0.3490141928195953
2016-08-30,extended,252,expanding,0.3749251365661621,0.4011945128440857
2016-08-31,extended,252,expanding,0.3562649190425873,0.4450828433036804
2016-09-01,extended,252,expanding,0.4937528371810913,0.4723118543624878
2016-09-02,extended,252,expanding,0.3830015659332275,0.3260879218578338
2016-09-06,extended,252,expanding,0.3238064646720886,0.4619896411895752
2016-09-07,extended,252,expanding,0.2669856548309326,0.2248670607805252
2016-09-08,extended,252,expanding,0.2952359914779663,0.2707955241203308
2016-09-09,extended,252,expanding,0.664097785949707,1.0353820323944092
2016-09-12,extended,252,expanding,0.752480149269104,0.8688669204711914
2016-09-13,extended,252,expanding,0.969701886177063,0.9656522274017334
2016-09-14,extended,252,expanding,0.6843146085739136,0.771268904209137
2016-09-15,extended,252,expanding,0.6103323698043823,0.7554868459701538
2016-09-16,extended,252,expanding,0.6537879109382629,0.5375126600265503
2016-09-19,extended,252,expanding,0.4930750727653503,0.5498385429382324
2016-09-20,extended,252,expanding,0.4417466819286346,0.4463881254196167
2016-09-21,extended,252,expanding,0.5785161852836609,0.5961905717849731
2016-09-22,extended,252,expanding,0.481725662946701,0.3867024481296539
2016-09-23,extended,252,expanding,0.3419942259788513,0.4842338562011719
2016-09-26,extended,252,expanding,0.458999752998352,0.4729364216327667
2016-09-27,extended,252,expanding,0.4963929355144501,0.6029843688011169
2016-09-28,extended,252,expanding,0.4797413945198059,0.5997098088264465
2016-09-29,extended,252,expanding,0.6804351210594177,0.6582380533218384
2016-09-30,extended,252,expanding,0.5552424192428589,0.4528943300247192
2016-10-03,extended,252,expanding,0.4135640859603882,0.4249477386474609
2016-10-04,extended,252,expanding,0.6580941081047058,0.5566527843475342
2016-10-05,extended,252,expanding,0.3504313230514526,0.398635596036911
2016-10-06,extended,252,expanding,0.4211918413639068,0.4968856573104858
2016-10-07,extended,252,expanding,0.5236009359359741,0.6047020554542542
2016-10-10,extended,252,expanding,0.3350566327571869,0.3396975100040436
2016-10-11,extended,252,expanding,0.5850227475166321,0.7031919360160828
2016-10-12,extended,252,expanding,0.4278507828712463,0.4543873369693756
2016-10-13,extended,252,expanding,0.6159225702285767,0.5817524790763855
2016-10-14,extended,252,expanding,0.5145489573478699,0.406757652759552
2016-10-17,extended,252,expanding,0.3883950114250183,0.4375277459621429
2016-10-18,extended,252,expanding,0.4081222414970398,0.3026292622089386
2016-10-19,extended,252,expanding,0.2723785638809204,0.3135807514190674
2016-10-20,extended,252,expanding,0.5416315197944641,0.484306275844574
2016-10-21,extended,252,expanding,0.4507193267345428,0.3942955434322357
2016-10-24,extended,252,expanding,0.3396598100662231,0.2637947797775268
2016-10-25,extended,252,expanding,0.3230628073215484,0.3959793448448181
2016-10-26,extended,252,expanding,0.4787444770336151,0.4440045058727264
2016-10-27,extended,252,expanding,0.4776531457901001,0.420875996351242
2016-10-28,extended,252,expanding,0.7668375968933105,0.6154839396476746
2016-10-31,extended,252,expanding,0.3748847544193268,0.3889424800872803
2016-11-01,extended,252,expanding,0.5948173403739929,0.8240479230880737
2016-11-02,extended,252,expanding,0.6631988286972046,0.6477298736572266
2016-11-03,extended,252,expanding,0.4272792339324951,0.6776770949363708
2016-11-04,extended,252,expanding,0.56281977891922,0.5706673860549927
2016-11-07,extended,252,expanding,0.762750506401062,0.6815956830978394
2016-11-08,extended,252,expanding,0.5622711777687073,0.5572744607925415
2016-11-09,extended,252,expanding,1.103110671043396,0.9144710302352904
2016-11-10,extended,252,expanding,1.0612717866897583,0.841051459312439
2016-11-11,extended,252,expanding,0.5606706738471985,0.6688154935836792
2016-11-14,extended,252,expanding,0.5229861736297607,0.570346474647522
2016-11-15,extended,252,expanding,0.3335860073566437,0.4983435869216919
2016-11-16,extended,252,expanding,0.3812691569328308,0.3437410295009613
2016-11-17,extended,252,expanding,0.2612607479095459,0.3116172850131988
2016-11-18,extended,252,expanding,0.3081079721450805,0.3106756210327148
2016-11-21,extended,252,expanding,0.3042566776275635,0.2642121016979217
2016-11-22,extended,252,expanding,0.2916544377803802,0.2730756998062134
2016-11-23,extended,252,expanding,0.2739172577857971,0.2962790131568908
2016-11-25,extended,252,expanding,0.1411752551794052,0.212610512971878
2016-11-28,extended,252,expanding,0.311784029006958,0.3704971671104431
2016-11-29,extended,252,expanding,0.3024925589561462,0.3455347418785095
2016-11-30,extended,252,expanding,0.5293129682540894,0.6318941712379456
2016-12-01,extended,252,expanding,0.4615923166275024,0.5152271389961243
2016-12-02,extended,252,expanding,0.382408082485199,0.2397414147853851
2016-12-05,extended,252,expanding,0.2903845012187958,0.3192424178123474
2016-12-06,extended,252,expanding,0.2976779341697693,0.239408478140831
2016-12-07,extended,252,expanding,0.4763052761554718,0.6273914575576782
2016-12-08,extended,252,expanding,0.4019447863101959,0.3138487935066223
2016-12-09,extended,252,expanding,0.2897843718528747,0.3153704404830932
2016-12-12,extended,252,expanding,0.3811413049697876,0.339651346206665
2016-12-13,extended,252,expanding,0.3899644017219543,0.2850793302059173
2016-12-14,extended,252,expanding,0.8847878575325012,0.6041767597198486
2016-12-15,extended,252,expanding,0.5356317758560181,0.5277590155601501
2016-12-16,extended,252,expanding,0.4584411978721618,0.3424209654331207
2016-12-19,extended,252,expanding,0.3088212013244629,0.2671118974685669
2016-12-20,extended,252,expanding,0.2855783700942993,0.1840597987174987
2016-12-21,extended,252,expanding,0.1954396814107895,0.3556636273860931
2016-12-22,extended,252,expanding,0.2534743547439575,0.1955514252185821
2016-12-23,extended,252,expanding,0.1615386456251144,0.1802255362272262
2016-12-27,extended,252,expanding,0.2364281415939331,0.2186886966228485
2016-12-28,extended,252,expanding,0.352010577917099,0.4738286435604095
2016-12-29,extended,252,expanding,0.3400283455848694,0.2582607865333557
2016-12-30,extended,252,expanding,0.469421923160553,0.3671084642410278
2017-01-03,extended,252,expanding,0.5941449999809265,0.4616444110870361
2017-01-04,extended,252,expanding,0.3641157150268554,0.3276077210903168
2017-01-05,extended,252,expanding,0.3432903885841369,0.3711825907230377
2017-01-06,extended,252,expanding,0.3869064152240753,0.3677646219730377
2017-01-09,extended,252,expanding,0.2839605510234833,0.3543766438961029
2017-01-10,extended,252,expanding,0.3544443547725677,0.3274869918823242
2017-01-11,extended,252,expanding,0.5368474721908569,0.3245656192302704
2017-01-12,extended,252,expanding,0.487313836812973,0.5010767579078674
2017-01-13,extended,252,expanding,0.290849506855011,0.2591887712478637
2017-01-17,extended,252,expanding,0.3088895082473755,0.4367161989212036
2017-01-18,extended,252,expanding,0.3339954912662506,0.2685327529907226
2017-01-19,extended,252,expanding,0.3924441039562225,0.3611525297164917
2017-01-20,extended,252,expanding,0.454139769077301,0.2713693380355835
2017-01-23,extended,252,expanding,0.4279355704784393,0.4358875155448913
2017-01-24,extended,252,expanding,0.2782492935657501,0.3767507672309875
2017-01-25,extended,252,expanding,0.2939313948154449,0.2406484186649322
2017-01-26,extended,252,expanding,0.2952443361282348,0.198633924126625
2017-01-27,extended,252,expanding,0.2568880319595337,0.1926333457231521
2017-01-30,extended,252,expanding,0.4480785131454468,0.4319036602973938
2017-01-31,extended,252,expanding,0.4137376248836517,0.3402641415596008
2017-02-01,extended,252,expanding,0.453660637140274,0.4589731693267822
2017-02-02,extended,252,expanding,0.4019522368907928,0.4203254580497741
2017-02-03,extended,252,expanding,0.2836639881134033,0.3619794249534607
2017-02-06,extended,252,expanding,0.2499499022960662,0.2894969582557678
2017-02-07,extended,252,expanding,0.2756151556968689,0.3561802506446838
2017-02-08,extended,252,expanding,0.3489532768726349,0.3215647339820862
2017-02-09,extended,252,expanding,0.2515974044799804,0.3675456047058105
2017-02-10,extended,252,expanding,0.2165834456682205,0.2598490715026855
2017-02-13,extended,252,expanding,0.2217499762773513,0.2393307536840438
2017-02-14,extended,252,expanding,0.3285106420516968,0.3488185405731201
2017-02-15,extended,252,expanding,0.3014621436595917,0.4374216794967651
2017-02-16,extended,252,expanding,0.4711402356624603,0.3230814337730407
2017-02-17,extended,252,expanding,0.2854782342910766,0.3599830269813537
2017-02-21,extended,252,expanding,0.3339502215385437,0.337166965007782
2017-02-22,extended,252,expanding,0.2627743482589721,0.278510570526123
2017-02-23,extended,252,expanding,0.3267427682876587,0.3760687112808227
2017-02-24,extended,252,expanding,0.3853337168693542,0.3989429473876953
2017-02-27,extended,252,expanding,0.2892083823680877,0.3194565176963806
2017-02-28,extended,252,expanding,0.2856677174568176,0.3177439570426941
2017-03-01,extended,252,expanding,0.377248615026474,0.3818117976188659
2017-03-02,extended,252,expanding,0.3869376182556152,0.3080464005470276
2017-03-03,extended,252,expanding,0.3139192163944244,0.2054364681243896
2017-03-06,extended,252,expanding,0.305844247341156,0.3278219103813171
2017-03-07,extended,252,expanding,0.3097547888755798,0.2844032645225525
2017-03-08,extended,252,expanding,0.3364221751689911,0.3759607672691345
2017-03-09,extended,252,expanding,0.349087119102478,0.3152819275856018
2017-03-10,extended,252,expanding,0.3722757697105407,0.300858199596405
2017-03-13,extended,252,expanding,0.2337055802345276,0.1990566551685333
2017-03-14,extended,252,expanding,0.3798516690731048,0.2941383719444275
2017-03-15,extended,252,expanding,0.4296440482139587,0.4592078328132629
2017-03-16,extended,252,expanding,0.3226821422576904,0.3474240005016327
2017-03-17,extended,252,expanding,0.2527070939540863,0.1995695531368255
2017-03-20,extended,252,expanding,0.3469682037830353,0.2870344817638397
2017-03-21,extended,252,expanding,0.6479567885398865,0.7846887111663818
2017-03-22,extended,252,expanding,0.5360957384109497,0.3969683647155761
2017-03-23,extended,252,expanding,0.5107344388961792,0.4673568904399872
2017-03-24,extended,252,expanding,0.5062916874885559,0.4686802327632904
2017-03-27,extended,252,expanding,0.4787888824939728,0.5368267893791199
2017-03-28,extended,252,expanding,0.4661623537540436,0.5303460955619812
2017-03-29,extended,252,expanding,0.3232223391532898,0.3028835356235504
2017-03-30,extended,252,expanding,0.2998308837413788,0.2946555316448211
2017-03-31,extended,252,expanding,0.3427317142486572,0.2561465203762054
2017-04-03,extended,252,expanding,0.493642508983612,0.4509690403938293
2017-04-04,extended,252,expanding,0.3619523346424103,0.3435242176055908
2017-04-05,extended,252,expanding,0.6213233470916748,0.5291522145271301
2017-04-06,extended,252,expanding,0.5119221210479736,0.4099538326263428
2017-04-07,extended,252,expanding,0.4495516717433929,0.4291529357433319
2017-04-10,extended,252,expanding,0.4825155735015869,0.3825937211513519
2017-04-11,extended,252,expanding,0.5633184313774109,0.5418442487716675
2017-04-12,extended,252,expanding,0.4779595732688904,0.4232738018035888
2017-04-13,extended,252,expanding,0.4887461364269256,0.5512816905975342
2017-04-17,extended,252,expanding,0.3559204041957855,0.4459791481494903
2017-04-18,extended,252,expanding,0.4290758669376373,0.5003955960273743
2017-04-19,extended,252,expanding,0.3614488244056701,0.4864259958267212
2017-04-20,extended,252,expanding,0.3553574383258819,0.4250719845294952
2017-04-21,extended,252,expanding,0.3804391920566559,0.3573762476444244
2017-04-24,extended,252,expanding,0.2908990383148193,0.2424234598875045
2017-04-25,extended,252,expanding,0.2688362300395965,0.233862042427063
2017-04-26,extended,252,expanding,0.4716068804264068,0.3156883120536804
2017-04-27,extended,252,expanding,0.3280641734600067,0.2517869770526886
2017-04-28,extended,252,expanding,0.2976835668087005,0.2836695909500122
2017-05-01,extended,252,expanding,0.2744441032409668,0.2655810117721557
2017-05-02,extended,252,expanding,0.2416128516197204,0.257072389125824
2017-05-03,extended,252,expanding,0.2866865396499634,0.2680573463439941
2017-05-04,extended,252,expanding,0.3698002099990845,0.3056028485298157
2017-05-05,extended,252,expanding,0.2362615019083023,0.2369297444820404
2017-05-08,extended,252,expanding,0.2636096775531769,0.2628296911716461
2017-05-09,extended,252,expanding,0.2550305724143982,0.3161862194538116
2017-05-10,extended,252,expanding,0.2191449999809265,0.258946418762207
2017-05-11,extended,252,expanding,0.3404338657855987,0.3126828372478485
2017-05-12,extended,252,expanding,0.2339843213558197,0.1913085430860519
2017-05-15,extended,252,expanding,0.234304741024971,0.3153014183044433
2017-05-16,extended,252,expanding,0.2754415273666382,0.3259319365024566
2017-05-17,extended,252,expanding,0.5703036785125732,0.543333888053894
2017-05-18,extended,252,expanding,0.6583026647567749,0.4906311631202698
2017-05-19,extended,252,expanding,0.366624653339386,0.4567927420139313
2017-05-22,extended,252,expanding,0.2527961134910583,0.3197308778762817
2017-05-23,extended,252,expanding,0.2305911034345626,0.2666306793689728
2017-05-24,extended,252,expanding,0.221903309226036,0.2111625671386718
2017-05-25,extended,252,expanding,0.2922500073909759,0.2282207757234573
2017-05-26,extended,252,expanding,0.1908531337976455,0.1891014277935028
2017-05-30,extended,252,expanding,0.2087886333465576,0.2251418381929397
2017-05-31,extended,252,expanding,0.3800635933876037,0.2838899195194244
2017-06-01,extended,252,expanding,0.2832896113395691,0.3324779272079468
2017-06-02,extended,252,expanding,0.2677755951881408,0.2130815237760543
2017-06-05,extended,252,expanding,0.2197204679250717,0.1967131793498993
2017-06-06,extended,252,expanding,0.2919818758964538,0.310612142086029
2017-06-07,extended,252,expanding,0.2931000292301178,0.2837009131908417
2017-06-08,extended,252,expanding,0.3601347208023071,0.221803992986679
2017-06-09,extended,252,expanding,0.5997708439826965,0.5418314933776855
2017-06-12,extended,252,expanding,0.4464995563030243,0.2746890485286712
2017-06-13,extended,252,expanding,0.2831891179084778,0.3408522307872772
2017-06-14,extended,252,expanding,0.452065646648407,0.4101212620735168
2017-06-15,extended,252,expanding,0.4080300629138946,0.3771615028381347
2017-06-16,extended,252,expanding,0.3347009420394897,0.2909577786922455
2017-06-19,extended,252,expanding,0.242399975657463,0.2519384026527405
2017-06-20,extended,252,expanding,0.3197608292102813,0.396272599697113
2017-06-21,extended,252,expanding,0.359465479850769,0.3521822094917297
2017-06-22,extended,252,expanding,0.2689540386199951,0.2333774864673614
2017-06-23,extended,252,expanding,0.2873464822769165,0.3033323884010315
2017-06-26,extended,252,expanding,0.3764224648475647,0.325861781835556
2017-06-27,extended,252,expanding,0.4419737458229065,0.5356032252311707
2017-06-28,extended,252,expanding,0.4040771722793579,0.3390744626522064
2017-06-29,extended,252,expanding,0.6913115382194519,0.5646129250526428
2017-06-30,extended,252,expanding,0.438387393951416,0.3806957602500915
2017-07-03,extended,252,expanding,0.3407587707042694,0.3232158124446869
2017-07-05,extended,252,expanding,0.3475565314292907,0.3229279518127441
2017-07-06,extended,252,expanding,0.4471803903579712,0.405570924282074
2017-07-07,extended,252,expanding,0.3036389648914337,0.2677426934242248
2017-07-10,extended,252,expanding,0.2508412003517151,0.328978955745697
2017-07-11,extended,252,expanding,0.4518721401691437,0.475437730550766
2017-07-12,extended,252,expanding,0.3136285543441772,0.2303759604692459
2017-07-13,extended,252,expanding,0.2180190831422805,0.1885750740766525
2017-07-14,extended,252,expanding,0.2176858335733413,0.3097885549068451
2017-07-17,extended,252,expanding,0.1770488321781158,0.2667906582355499
2017-07-18,extended,252,expanding,0.2977620661258697,0.3227281272411346
2017-07-19,extended,252,expanding,0.1982658952474594,0.2306697219610214
2017-07-20,extended,252,expanding,0.2855852246284485,0.1913780272006988
2017-07-21,extended,252,expanding,0.2156495153903961,0.2146080881357193
2017-07-24,extended,252,expanding,0.1879815906286239,0.269786387681961
2017-07-25,extended,252,expanding,0.198478102684021,0.2259047627449035
2017-07-26,extended,252,expanding,0.2417433112859726,0.2142341881990432
2017-07-27,extended,252,expanding,0.5124894380569458,0.4644410908222198
2017-07-28,extended,252,expanding,0.2770515382289886,0.3276188969612121
2017-07-31,extended,252,expanding,0.2764162421226501,0.2516226172447204
2017-08-01,extended,252,expanding,0.2617815732955932,0.2719874382019043
2017-08-02,extended,252,expanding,0.363912284374237,0.3005754947662353
2017-08-03,extended,252,expanding,0.2669261693954468,0.2207735925912857
2017-08-04,extended,252,expanding,0.2778304815292358,0.3251649141311645
2017-08-07,extended,252,expanding,0.1396302729845047,0.299180805683136
2017-08-08,extended,252,expanding,0.326453149318695,0.4711834490299225
2017-08-09,extended,252,expanding,0.4273479580879211,0.3819136321544647
2017-08-10,extended,252,expanding,0.5539331436157227,0.6063929200172424
2017-08-11,extended,252,expanding,0.4029328823089599,0.3126443326473236
2017-08-14,extended,252,expanding,0.3197154700756073,0.3850833475589752
2017-08-15,extended,252,expanding,0.2756270468235016,0.339001715183258
2017-08-16,extended,252,expanding,0.3098800778388977,0.3993697166442871
2017-08-17,extended,252,expanding,0.5666921734809875,0.640048623085022
2017-08-18,extended,252,expanding,0.5396871566772461,0.5355708599090576
2017-08-21,extended,252,expanding,0.3802880346775055,0.4832335412502289
2017-08-22,extended,252,expanding,0.3325574994087219,0.4276900887489319
2017-08-23,extended,252,expanding,0.3348245024681091,0.4073569476604461
2017-08-24,extended,252,expanding,0.4081401824951172,0.442063957452774
2017-08-25,extended,252,expanding,0.3522116839885711,0.3467139601707458
2017-08-28,extended,252,expanding,0.2728010714054107,0.4014889001846313
2017-08-29,extended,252,expanding,0.3023466169834137,0.4580630958080292
2017-08-30,extended,252,expanding,0.2819058001041412,0.395183116197586
2017-08-31,extended,252,expanding,0.2877491116523742,0.3161915242671966
2017-09-01,extended,252,expanding,0.2610171437263489,0.1903518289327621
2017-09-05,extended,252,expanding,0.5872742533683777,0.5122478008270264
2017-09-06,extended,252,expanding,0.268234521150589,0.2915096879005432
2017-09-07,extended,252,expanding,0.3488328754901886,0.2866556346416473
2017-09-08,extended,252,expanding,0.2621460855007171,0.2674755156040191
2017-09-11,extended,252,expanding,0.2791376709938049,0.2996602654457092
2017-09-12,extended,252,expanding,0.2145793139934539,0.1674676090478897
2017-09-13,extended,252,expanding,0.1859015226364135,0.2507063150405884
2017-09-14,extended,252,expanding,0.2049117535352707,0.1944588422775268
2017-09-15,extended,252,expanding,0.1887010931968689,0.1947849243879318
2017-09-18,extended,252,expanding,0.2269259095191955,0.195202499628067
2017-09-19,extended,252,expanding,0.2094473242759704,0.1768114864826202
2017-09-20,extended,252,expanding,0.3194049298763275,0.3049023747444153
2017-09-21,extended,252,expanding,0.278279960155487,0.2060546427965164
2017-09-22,extended,252,expanding,0.1865990906953811,0.2064628303050995
2017-09-25,extended,252,expanding,0.3676814138889313,0.3941187560558319
2017-09-26,extended,252,expanding,0.2561092972755432,0.2340568155050277
2017-09-27,extended,252,expanding,0.3316907584667206,0.293533444404602
2017-09-28,extended,252,expanding,0.2269646376371383,0.2026664167642593
2017-09-29,extended,252,expanding,0.2212851494550705,0.1893180608749389
2017-10-02,extended,252,expanding,0.2338762283325195,0.2545880973339081
2017-10-03,extended,252,expanding,0.2067535817623138,0.2130768299102783
2017-10-04,extended,252,expanding,0.2261823117733001,0.2330750524997711
2017-10-05,extended,252,expanding,0.2003074586391449,0.2588349878787994
2017-10-06,extended,252,expanding,0.2161086350679397,0.2048135548830032
2017-10-09,extended,252,expanding,0.1942997872829437,0.2771566212177276
2017-10-10,extended,252,expanding,0.2679659426212311,0.2902551591396332
2017-10-11,extended,252,expanding,0.1861336380243301,0.2071435749530792
2017-10-12,extended,252,expanding,0.1986778080463409,0.1976304203271865
2017-10-13,extended,252,expanding,0.1888464540243148,0.1993789672851562
2017-10-16,extended,252,expanding,0.1969553828239441,0.246007964015007
2017-10-17,extended,252,expanding,0.1530654579401016,0.1985175162553787
2017-10-18,extended,252,expanding,0.1756894290447235,0.1992303282022476
2017-10-19,extended,252,expanding,0.2339386045932769,0.2689615190029144
2017-10-20,extended,252,expanding,0.2069419771432876,0.2100019603967666
2017-10-23,extended,252,expanding,0.2227243334054947,0.3156333565711975
2017-10-24,extended,252,expanding,0.2520716786384582,0.2153816670179367
2017-10-25,extended,252,expanding,0.469613641500473,0.4068546295166015
2017-10-26,extended,252,expanding,0.3526957333087921,0.3038143217563629
2017-10-27,extended,252,expanding,0.3585015535354614,0.3406707644462585
2017-10-30,extended,252,expanding,0.3192252218723297,0.3092810213565826
2017-10-31,extended,252,expanding,0.19606314599514,0.1868327558040619
2017-11-01,extended,252,expanding,0.3145422637462616,0.264286994934082
2017-11-02,extended,252,expanding,0.4012853801250458,0.2539535462856293
2017-11-03,extended,252,expanding,0.2114494442939758,0.2623229622840881
2017-11-06,extended,252,expanding,0.1756441593170166,0.2594660818576813
2017-11-07,extended,252,expanding,0.2885470390319824,0.2858041226863861
2017-11-08,extended,252,expanding,0.2377471625804901,0.2125121057033538
2017-11-09,extended,252,expanding,0.5260649919509888,0.3885309994220733
2017-11-10,extended,252,expanding,0.2622299790382385,0.2251045703887939
2017-11-13,extended,252,expanding,0.2188392877578735,0.3064407110214233
2017-11-14,extended,252,expanding,0.4390322268009186,0.4063045680522918
2017-11-15,extended,252,expanding,0.472497820854187,0.3806772232055664
2017-11-16,extended,252,expanding,0.2837500870227813,0.3628479540348053
2017-11-17,extended,252,expanding,0.2333579659461975,0.2928410768508911
2017-11-20,extended,252,expanding,0.2144127488136291,0.2816268801689148
2017-11-21,extended,252,expanding,0.2193965166807174,0.2484224438667297
2017-11-22,extended,252,expanding,0.16789111495018,0.2681083381175995
2017-11-24,extended,252,expanding,0.1103657186031341,0.124234639108181
2017-11-27,extended,252,expanding,0.215917095541954,0.2215891778469085
2017-11-28,extended,252,expanding,0.332401305437088,0.3870616853237152
2017-11-29,extended,252,expanding,0.4018488526344299,0.3175196051597595
2017-11-30,extended,252,expanding,0.5227156281471252,0.3474230170249939
2017-12-01,extended,252,expanding,0.9422593116760254,0.7104184627532959
2017-12-04,extended,252,expanding,0.4760159254074096,0.4760917425155639
2017-12-05,extended,252,expanding,0.404495358467102,0.4566102921962738
2017-12-06,extended,252,expanding,0.3610831797122955,0.3206475973129272
2017-12-07,extended,252,expanding,0.2985341250896454,0.3605500757694244
2017-12-08,extended,252,expanding,0.2675434947013855,0.2122267335653305
2017-12-11,extended,252,expanding,0.2507210671901703,0.222610056400299
2017-12-12,extended,252,expanding,0.2556677162647247,0.2729283273220062
2017-12-13,extended,252,expanding,0.3485622406005859,0.3299458622932434
2017-12-14,extended,252,expanding,0.341347724199295,0.2865667641162872
2017-12-15,extended,252,expanding,0.3541978597640991,0.364992618560791
2017-12-18,extended,252,expanding,0.2906266152858734,0.2918800115585327
2017-12-19,extended,252,expanding,0.2915348410606384,0.3380852341651916
2017-12-20,extended,252,expanding,0.3673774600028991,0.290582925081253
2017-12-21,extended,252,expanding,0.2833372056484222,0.1979888826608657
2017-12-22,extended,252,expanding,0.2097993791103363,0.265237808227539
2017-12-26,extended,252,expanding,0.1740947812795639,0.2613825798034668
2017-12-27,extended,252,expanding,0.1646206378936767,0.1762854903936386
2017-12-28,extended,252,expanding,0.1265108734369278,0.1529794484376907
2017-12-29,extended,252,expanding,0.2589125633239746,0.2964237034320831
2018-01-02,extended,252,expanding,0.2571954727172851,0.276950865983963
2018-01-03,extended,252,expanding,0.2391333281993866,0.2582680881023407
2018-01-04,extended,252,expanding,0.2703432738780975,0.134629487991333
2018-01-05,extended,252,expanding,0.280866265296936,0.145494282245636
2018-01-08,extended,252,expanding,0.2469502240419387,0.1828510463237762
2018-01-09,extended,252,expanding,0.3253843784332275,0.2616402804851532
2018-01-10,extended,252,expanding,0.3415842354297638,0.2592262625694275
2018-01-11,extended,252,expanding,0.2641451954841614,0.1956430375576019
2018-01-12,extended,252,expanding,0.3210194706916809,0.298828125
2018-01-16,extended,252,expanding,0.563125491142273,0.6269243955612183
2018-01-17,extended,252,expanding,0.4180128276348114,0.4001863300800323
2018-01-18,extended,252,expanding,0.4627395868301391,0.2332322299480438
2018-01-19,extended,252,expanding,0.3595531284809112,0.1958526223897934
2018-01-22,extended,252,expanding,0.351593017578125,0.3587089478969574
2018-01-23,extended,252,expanding,0.3242871165275574,0.2953751385211944
2018-01-24,extended,252,expanding,0.6133341789245605,0.5556110143661499
2018-01-25,extended,252,expanding,0.5513340830802917,0.2470034807920456
2018-01-26,extended,252,expanding,0.3016971051692962,0.4402623474597931
2018-01-29,extended,252,expanding,0.4727512300014496,0.3513513803482055
2018-01-30,extended,252,expanding,0.5910142064094543,0.2931038737297058
2018-01-31,extended,252,expanding,0.5719858407974243,0.3608162999153137
2018-02-01,extended,252,expanding,0.5780919790267944,0.3623819053173065
2018-02-02,extended,252,expanding,0.8375901579856873,0.6670901775360107
2018-02-05,extended,252,expanding,2.1334946155548096,1.4515366554260254
2018-02-06,extended,252,expanding,2.579169988632202,1.989056944847107
2018-02-07,extended,252,expanding,1.404337763786316,1.3464040756225586
2018-02-08,extended,252,expanding,1.9079525470733645,1.4352682828903198
2018-02-09,extended,252,expanding,2.5284788608551025,2.047487497329712
2018-02-12,extended,252,expanding,1.2879538536071775,1.1481566429138184
2018-02-13,extended,252,expanding,0.8434237837791443,0.7613221406936646
2018-02-14,extended,252,expanding,0.9949487447738647,0.8925146460533142
2018-02-15,extended,252,expanding,0.857620358467102,0.7394683957099915
2018-02-16,extended,252,expanding,0.8491882085800171,0.5478378534317017
2018-02-20,extended,252,expanding,0.7607020139694214,0.5967370271682739
2018-02-21,extended,252,expanding,0.8796559572219849,0.7689998745918274
2018-02-22,extended,252,expanding,0.982450544834137,0.607024610042572
2018-02-23,extended,252,expanding,0.6561958193778992,0.6972398161888123
2018-02-26,extended,252,expanding,0.5585577487945557,0.4895358383655548
2018-02-27,extended,252,expanding,0.8954675793647766,0.6794759035110474
2018-02-28,extended,252,expanding,0.8766345977783203,0.8175047039985657
2018-03-01,extended,252,expanding,1.5348745584487915,1.0785484313964844
2018-03-02,extended,252,expanding,1.091001272201538,0.8459845185279846
2018-03-05,extended,252,expanding,0.7670683860778809,0.8744251132011414
2018-03-06,extended,252,expanding,0.6781601309776306,0.4014521241188049
2018-03-07,extended,252,expanding,0.6853549480438232,0.5542157888412476
2018-03-08,extended,252,expanding,0.6589736342430115,0.405406653881073
2018-03-09,extended,252,expanding,0.3784139156341553,0.5068122148513794
2018-03-12,extended,252,expanding,0.5329153537750244,0.3213567435741424
2018-03-13,extended,252,expanding,0.7008094787597656,0.6405687928199768
2018-03-14,extended,252,expanding,0.812177300453186,0.4905772805213928
2018-03-15,extended,252,expanding,0.5429506897926331,0.3930862843990326
2018-03-16,extended,252,expanding,0.4319381415843963,0.308729737997055
2018-03-19,extended,252,expanding,0.7954359650611877,0.6604863405227661
2018-03-20,extended,252,expanding,0.5796181559562683,0.4425103962421417
2018-03-21,extended,252,expanding,0.7872107028961182,0.5541816353797913
2018-03-22,extended,252,expanding,1.071126937866211,0.8723161220550537
2018-03-23,extended,252,expanding,1.2426462173461914,1.1156312227249146
2018-03-26,extended,252,expanding,1.1403673887252808,1.4309781789779663
2018-03-27,extended,252,expanding,1.3287451267242432,1.4333306550979614
2018-03-28,extended,252,expanding,1.639723300933838,1.2433935403823853
2018-03-29,extended,252,expanding,0.9809083342552184,1.1698912382125854
2018-04-02,extended,252,expanding,1.3223576545715332,1.646048903465271
2018-04-03,extended,252,expanding,1.337333917617798,1.1167646646499634
2018-04-04,extended,252,expanding,1.143849492073059,1.5668402910232544
2018-04-05,extended,252,expanding,0.9285606741905212,0.5664202570915222
2018-04-06,extended,252,expanding,1.1584303379058838,1.370508074760437
2018-04-09,extended,252,expanding,0.8719894289970398,0.9907688498497008
2018-04-10,extended,252,expanding,1.0520451068878174,0.7664721608161926
2018-04-11,extended,252,expanding,0.8680610656738281,0.7082239389419556
2018-04-12,extended,252,expanding,0.7068662047386169,0.5978512763977051
2018-04-13,extended,252,expanding,0.7889988422393799,0.7766891121864319
2018-04-16,extended,252,expanding,0.5640756487846375,0.5186309218406677
2018-04-17,extended,252,expanding,0.4062032103538513,0.4599517285823822
2018-04-18,extended,252,expanding,0.4752669334411621,0.3438020646572113
2018-04-19,extended,252,expanding,0.6005023717880249,0.4776754677295685
2018-04-20,extended,252,expanding,0.7222591042518616,0.6593273878097534
2018-04-23,extended,252,expanding,0.6041501760482788,0.5318273901939392
2018-04-24,extended,252,expanding,1.1863954067230225,1.192107319831848
2018-04-25,extended,252,expanding,1.002812147140503,0.7539229393005371
2018-04-26,extended,252,expanding,0.6151542067527771,0.6912667155265808
2018-04-27,extended,252,expanding,0.5787578821182251,0.4318146705627441
2018-04-30,extended,252,expanding,0.6815624833106995,0.7369616627693176
2018-05-01,extended,252,expanding,0.6890027523040771,0.6406142115592957
2018-05-02,extended,252,expanding,0.6919511556625366,0.6830047965049744
2018-05-03,extended,252,expanding,1.0050013065338137,0.8750543594360352
2018-05-04,extended,252,expanding,0.6681065559387207,1.0615986585617063
2018-05-07,extended,252,expanding,0.5244778394699097,0.4021801948547363
2018-05-08,extended,252,expanding,0.6726407408714294,0.467185914516449
2018-05-09,extended,252,expanding,0.5446033477783203,0.5707506537437439
2018-05-10,extended,252,expanding,0.4484249651432037,0.4824545979499817
2018-05-11,extended,252,expanding,0.4540643990039825,0.3039970397949219
2018-05-14,extended,252,expanding,0.437887579202652,0.317219078540802
2018-05-15,extended,252,expanding,0.6276284456253052,0.3943101763725281
2018-05-16,extended,252,expanding,0.4024898707866668,0.340876042842865
2018-05-17,extended,252,expanding,0.4450403451919555,0.4439460635185241
2018-05-18,extended,252,expanding,0.4612334668636322,0.2846153974533081
2018-05-21,extended,252,expanding,0.5162333846092224,0.2832197844982147
2018-05-22,extended,252,expanding,0.3770540654659271,0.4392629265785217
2018-05-23,extended,252,expanding,0.5340638160705566,0.441322922706604
2018-05-24,extended,252,expanding,0.5723243951797485,0.5357353091239929
2018-05-25,extended,252,expanding,0.4024550914764404,0.3556698560714721
2018-05-29,extended,252,expanding,0.7598915100097656,0.6328798532485962
2018-05-30,extended,252,expanding,0.4607102572917938,0.704310417175293
2018-05-31,extended,252,expanding,0.632694661617279,0.4901473522186279
2018-06-01,extended,252,expanding,0.4482681453227997,0.3698038458824157
2018-06-04,extended,252,expanding,0.3107287883758545,0.2835478782653808
2018-06-05,extended,252,expanding,0.4015713632106781,0.3722410798072815
2018-06-06,extended,252,expanding,0.3885700404644012,0.4398686289787292
2018-06-07,extended,252,expanding,0.5433858633041382,0.4438977241516113
2018-06-08,extended,252,expanding,0.3615654110908508,0.3346173167228699
2018-06-11,extended,252,expanding,0.2741956114768982,0.3154417276382446
2018-06-12,extended,252,expanding,0.2910288572311401,0.2738040089607239
2018-06-13,extended,252,expanding,0.4114526212215423,0.3781501054763794
2018-06-14,extended,252,expanding,0.3348427414894104,0.3826777338981628
2018-06-15,extended,252,expanding,0.5051054358482361,0.4470502734184265
2018-06-18,extended,252,expanding,0.4560763537883758,0.4579911828041076
2018-06-19,extended,252,expanding,0.4644145965576172,0.4676524996757507
2018-06-20,extended,252,expanding,0.2830361127853393,0.4439176619052887
2018-06-21,extended,252,expanding,0.5510256886482239,0.5127449631690979
2018-06-22,extended,252,expanding,0.3907091021537781,0.4234043061733246
2018-06-25,extended,252,expanding,0.9079411625862122,0.6832646727561951
2018-06-26,extended,252,expanding,0.5384148359298706,0.539116382598877
2018-06-27,extended,252,expanding,0.8615435361862183,0.9218162894248962
2018-06-28,extended,252,expanding,0.7607877850532532,0.6853082180023193
2018-06-29,extended,252,expanding,0.4975632429122925,0.6501676440238953
2018-07-02,extended,252,expanding,0.622246265411377,0.5113471746444702
2018-07-03,extended,252,expanding,0.3767855167388916,0.6495738625526428
2018-07-05,extended,252,expanding,0.5331748127937317,0.4440301656723022
2018-07-06,extended,252,expanding,0.477193534374237,0.541743814945221
2018-07-09,extended,252,expanding,0.3321104347705841,0.3012239933013916
2018-07-10,extended,252,expanding,0.3378376960754394,0.2190482467412948
2018-07-11,extended,252,expanding,0.4407119452953338,0.4410512447357178
2018-07-12,extended,252,expanding,0.4066295921802521,0.3447940945625305
2018-07-13,extended,252,expanding,0.3067163527011871,0.2248293310403823
2018-07-16,extended,252,expanding,0.3070113658905029,0.3135145604610443
2018-07-17,extended,252,expanding,0.350209504365921,0.4097241759300232
2018-07-18,extended,252,expanding,0.2447734177112579,0.2557263374328613
2018-07-19,extended,252,expanding,0.392339289188385,0.2749354541301727
2018-07-20,extended,252,expanding,0.308624118566513,0.2868289649486542
2018-07-24,extended,252,expanding,0.4598580300807953,0.2964115738868713
2018-07-25,extended,252,expanding,0.4667884707450866,0.6212491989135742
2018-07-26,extended,252,expanding,0.3454607427120209,0.2962574958801269
2018-07-27,extended,252,expanding,0.5538758039474487,0.4993070363998413
2018-07-30,extended,252,expanding,0.5101690292358398,0.4950564503669739
2018-07-31,extended,252,expanding,0.4386136531829834,0.3821288049221039
2018-08-01,extended,252,expanding,0.3444201052188873,0.4675663411617279
2018-08-02,extended,252,expanding,0.3768929839134216,0.6300776600837708
2018-08-03,extended,252,expanding,0.30071821808815,0.2889216840267181
2018-08-06,extended,252,expanding,0.2628695070743561,0.3495146632194519
2018-08-07,extended,252,expanding,0.2995876967906952,0.3216608166694641
2018-08-08,extended,252,expanding,0.2761630713939667,0.311062604188919
2018-08-09,extended,252,expanding,0.2743910849094391,0.2531925141811371
2018-08-10,extended,252,expanding,0.4782765805721283,0.380176842212677
2018-08-13,extended,252,expanding,0.5069187879562378,0.3822985887527466
2018-08-14,extended,252,expanding,0.4217270910739898,0.3937942683696747
2018-08-15,extended,252,expanding,0.670335590839386,0.5679675340652466
2018-08-16,extended,252,expanding,0.404606819152832,0.4294066131114959
2018-08-17,extended,252,expanding,0.4183873534202575,0.4540131092071533
2018-08-20,extended,252,expanding,0.289907157421112,0.320544958114624
2018-08-21,extended,252,expanding,0.299259215593338,0.4218040406703949
2018-08-22,extended,252,expanding,0.3138015866279602,0.3407048285007477
2018-08-23,extended,252,expanding,0.3584616482257843,0.3423767387866974
2018-08-24,extended,252,expanding,0.2962871491909027,0.3904702365398407
2018-08-27,extended,252,expanding,0.2930699288845062,0.3057588338851928
2018-08-28,extended,252,expanding,0.3056651055812835,0.2765920162200928
2018-08-29,extended,252,expanding,0.2594495415687561,0.4307227432727813
2018-08-30,extended,252,expanding,0.4483379423618316,0.2781812846660614
2018-08-31,extended,252,expanding,0.3859144449234009,0.3226151466369629
2018-09-04,extended,252,expanding,0.4806938469409942,0.3184763491153717
2018-09-05,extended,252,expanding,0.5920611619949341,0.408143013715744
2018-09-06,extended,252,expanding,0.5906903147697449,0.4732451140880584
2018-09-07,extended,252,expanding,0.6175907254219055,0.398070752620697
2018-09-10,extended,252,expanding,0.3205640017986297,0.356170117855072
2018-09-11,extended,252,expanding,0.3836809396743774,0.5650101900100708
2018-09-12,extended,252,expanding,0.4988443255424499,0.3934049308300018
2018-09-13,extended,252,expanding,0.3567380607128143,0.2537709772586822
2018-09-14,extended,252,expanding,0.3571789264678955,0.2871653735637665
2018-09-17,extended,252,expanding,0.290215253829956,0.4355146884918213
2018-09-18,extended,252,expanding,0.3774260282516479,0.2947919070720672
2018-09-19,extended,252,expanding,0.3261069655418396,0.2393917292356491
2018-09-20,extended,252,expanding,0.2882997393608093,0.2643714845180511
2018-09-21,extended,252,expanding,0.2603390514850616,0.1733910888433456
2018-09-24,extended,252,expanding,0.3347145318984985,0.2318510115146637
2018-09-25,extended,252,expanding,0.2832212150096893,0.2079700082540512
2018-09-26,extended,252,expanding,0.4872455298900604,0.3290800154209137
2018-09-27,extended,252,expanding,0.3121516108512878,0.316401869058609
2018-09-28,extended,252,expanding,0.3414154350757599,0.2378618866205215
2018-10-01,extended,252,expanding,0.3524417281150818,0.2959905564785003
2018-10-02,extended,252,expanding,0.3973557651042938,0.2498033195734024
2018-10-03,extended,252,expanding,0.4013533592224121,0.2816229164600372
2018-10-04,extended,252,expanding,0.6643069982528687,0.4786528944969177
2018-10-05,extended,252,expanding,0.6507703065872192,0.5627265572547913
2018-10-08,extended,252,expanding,0.6626729369163513,0.3819143772125244
2018-10-09,extended,252,expanding,0.6490383744239807,0.4074490964412689
2018-10-10,extended,252,expanding,1.2177910804748535,1.4628335237503052
2018-10-11,extended,252,expanding,1.9543243646621704,1.5723804235458374
2018-10-12,extended,252,expanding,1.4076210260391235,1.1267237663269043
2018-10-15,extended,252,expanding,0.8860245943069458,0.8988965153694153
2018-10-16,extended,252,expanding,0.6799200177192688,1.055846929550171
2018-10-17,extended,252,expanding,1.0294368267059326,0.816642701625824
2018-10-18,extended,252,expanding,1.1210793256759644,1.119107365608215
2018-10-19,extended,252,expanding,0.9384655356407166,0.8488892316818237
2018-10-22,extended,252,expanding,0.9413435459136964,0.6641468405723572
2018-10-23,extended,252,expanding,1.1342304944992063,1.5078455209732056
2018-10-24,extended,252,expanding,1.33283793926239,1.642297625541687
2018-10-25,extended,252,expanding,1.0052441358566284,1.4763940572738647
2018-10-26,extended,252,expanding,1.794838309288025,1.591723084449768
2018-10-29,extended,252,expanding,1.738034725189209,2.667497158050537
2018-10-30,extended,252,expanding,1.539250135421753,1.4649063348770142
2018-10-31,extended,252,expanding,0.9092718362808228,0.9989166855812072
2018-11-01,extended,252,expanding,0.8322470188140869,0.9934030771255492
2018-11-02,extended,252,expanding,1.275068283081055,1.1555660963058472
2018-11-05,extended,252,expanding,0.5938044786453247,0.697077751159668
2018-11-06,extended,252,expanding,0.6082685589790344,0.6774184107780457
2018-11-07,extended,252,expanding,0.6388793587684631,0.8026567101478577
2018-11-08,extended,252,expanding,0.6680996417999268,0.573788046836853
2018-11-09,extended,252,expanding,0.7428414821624756,0.7023184895515442
2018-11-12,extended,252,expanding,0.9620618224143982,0.8272200226783752
2018-11-13,extended,252,expanding,1.295618772506714,1.065523982048035
2018-11-14,extended,252,expanding,1.1310672760009766,1.4503329992294312
2018-11-15,extended,252,expanding,1.3653268814086914,1.0658385753631592
2018-11-16,extended,252,expanding,0.904529631137848,0.8841046690940857
2018-11-19,extended,252,expanding,1.072459697723389,0.9357704520225524
2018-11-20,extended,252,expanding,1.3623071908950806,1.067903757095337
2018-11-21,extended,252,expanding,0.6101160049438477,0.7285789251327515
2018-11-23,extended,252,expanding,0.5092489719390869,0.8103755712509155
2018-11-26,extended,252,expanding,0.7374189496040344,0.6365903615951538
2018-11-27,extended,252,expanding,0.7982913255691528,0.6272980570793152
2018-11-28,extended,252,expanding,0.9434499144554138,1.1409530639648438
2018-11-29,extended,252,expanding,0.6756272315979004,0.591285765171051
2018-11-30,extended,252,expanding,0.5261071920394897,0.5715389847755432
2018-12-03,extended,252,expanding,0.8151037096977234,0.6701495051383972
2018-12-04,extended,252,expanding,1.17999005317688,1.2244104146957395
2018-12-06,extended,252,expanding,1.550434112548828,1.5016063451766968
2018-12-07,extended,252,expanding,1.5898981094360352,1.4133893251419067
2018-12-10,extended,252,expanding,1.7373623847961426,1.5101606845855713
2018-12-11,extended,252,expanding,1.28213632106781,1.2836405038833618
2018-12-12,extended,252,expanding,0.9634395837783812,1.066110372543335
2018-12-13,extended,252,expanding,1.0447652339935305,1.0980288982391355
2018-12-14,extended,252,expanding,1.04728364944458,1.0307164192199707
2018-12-17,extended,252,expanding,1.2297033071517944,1.591233730316162
2018-12-18,extended,252,expanding,1.2986133098602295,1.4224283695220947
2018-12-19,extended,252,expanding,2.5571506023406982,2.26932144165039
2018-12-20,extended,252,expanding,2.0046980381011963,2.135293245315552
2018-12-21,extended,252,expanding,1.8774447441101076,2.429108142852783
2018-12-24,extended,252,expanding,1.5034970045089722,2.00729775428772
2018-12-26,extended,252,expanding,2.044049024581909,2.601417064666748
2018-12-27,extended,252,expanding,2.154985189437866,2.494786262512207
2018-12-28,extended,252,expanding,1.4510945081710815,1.5463025569915771
2018-12-31,extended,252,expanding,1.1217206716537476,1.1019153594970703
2019-01-02,extended,252,expanding,1.2916089296340942,1.4264702796936035
2019-01-03,extended,252,expanding,1.6084506511688232,1.4419182538986206
2019-01-04,extended,252,expanding,1.282686710357666,1.2517744302749634
2019-01-07,extended,252,expanding,0.8961573839187622,1.2336134910583496
2019-01-08,extended,252,expanding,1.025984764099121,0.8245977163314819
2019-01-09,extended,252,expanding,0.8832773566246033,0.8886487483978271
2019-01-10,extended,252,expanding,0.8057568073272705,0.9050394296646118
2019-01-11,extended,252,expanding,0.5889307260513306,0.7806615233421326
2019-01-14,extended,252,expanding,0.6399967670440674,0.7067907452583313
2019-01-15,extended,252,expanding,0.7307559847831726,0.7795054316520691
2019-01-16,extended,252,expanding,0.5263264179229736,0.6904643774032593
2019-01-17,extended,252,expanding,0.767708420753479,0.91494619846344
2019-01-18,extended,252,expanding,0.633594274520874,0.6500360369682312
2019-01-22,extended,252,expanding,0.9370439648628236,0.8148172497749329
2019-01-23,extended,252,expanding,0.8119885325431824,1.0334041118621826
2019-01-24,extended,252,expanding,0.5718965530395508,0.7412627339363098
2019-01-25,extended,252,expanding,0.4743837118148803,0.6351293921470642
2019-01-28,extended,252,expanding,0.7882828712463379,0.5698363184928894
2019-01-29,extended,252,expanding,0.6052195429801941,0.7165092825889587
2019-01-30,extended,252,expanding,0.8665881156921387,0.9290400743484496
2019-01-31,extended,252,expanding,0.6442115902900696,0.7104153037071228
2019-02-01,extended,252,expanding,0.6480256915092468,0.5419395565986633
2019-02-04,extended,252,expanding,0.5007431507110596,0.5927076935768127
2019-02-05,extended,252,expanding,0.4210377335548401,0.4544267356395721
2019-02-06,extended,252,expanding,0.4585573375225067,0.5605714917182922
2019-02-07,extended,252,expanding,0.8123490810394287,0.7071617841720581
2019-02-08,extended,252,expanding,0.5737097263336182,0.664672315120697
2019-02-11,extended,252,expanding,0.5052937269210815,0.4798999428749084
2019-02-12,extended,252,expanding,0.4535484910011291,0.671160101890564
2019-02-13,extended,252,expanding,0.444475769996643,0.4414142966270447
2019-02-14,extended,252,expanding,0.6654919385910034,0.6074572801589966
2019-02-15,extended,252,expanding,0.4551266133785248,0.5135064721107483
2019-02-19,extended,252,expanding,0.3456960320472717,0.6497710347175598
2019-02-20,extended,252,expanding,0.5014521479606628,0.4731726944446563
2019-02-21,extended,252,expanding,0.4766828715801239,0.4777348339557647
2019-02-22,extended,252,expanding,0.3804397284984588,0.441357672214508
2019-02-25,extended,252,expanding,0.3903838694095611,0.4466205537319183
2019-02-26,extended,252,expanding,0.5142022967338562,0.4724386930465698
2019-02-27,extended,252,expanding,0.4799896776676178,0.5395704507827759
2019-02-28,extended,252,expanding,0.393847107887268,0.427664190530777
2019-03-01,extended,252,expanding,0.4912823140621185,0.3498679995536804
2019-03-04,extended,252,expanding,0.7707260847091675,0.7355956435203552
2019-03-05,extended,252,expanding,0.4922985434532165,0.4366298913955688
2019-03-06,extended,252,expanding,0.5115445256233215,0.5445008277893066
2019-03-07,extended,252,expanding,0.6930190920829773,0.6074671745300293
2019-03-08,extended,252,expanding,0.7230079174041748,0.5773078799247742
2019-03-11,extended,252,expanding,0.4354815483093261,0.6668885946273804
2019-03-12,extended,252,expanding,0.46117103099823,0.4139105975627899
2019-03-13,extended,252,expanding,0.4200143814086914,0.5707544684410095
2019-03-14,extended,252,expanding,0.364213079214096,0.3485227525234222
2019-03-15,extended,252,expanding,0.4221574366092682,0.3950175940990448
2019-03-18,extended,252,expanding,0.4234671890735626,0.3439005315303802
2019-03-19,extended,252,expanding,0.7005837559700012,0.4892719984054565
2019-03-20,extended,252,expanding,0.7935640811920166,0.6087791919708252
2019-03-21,extended,252,expanding,0.5187143087387085,0.6832209229469299
2019-03-22,extended,252,expanding,0.9328145384788512,0.7315379977226257
2019-03-25,extended,252,expanding,0.8673983812332153,0.5416904091835022
2019-03-26,extended,252,expanding,0.6736325025558472,0.6507646441459656
2019-03-27,extended,252,expanding,0.7458823919296265,0.7459446787834167
2019-03-28,extended,252,expanding,0.5232803821563721,0.5989595651626587
2019-03-29,extended,252,expanding,0.4860138297080993,0.4834271371364593
2019-04-01,extended,252,expanding,0.447508841753006,0.5699726939201355
2019-04-02,extended,252,expanding,0.3620086312294006,0.4421215653419494
2019-04-03,extended,252,expanding,0.4106662571430206,0.4728111028671264
2019-04-04,extended,252,expanding,0.4444657564163208,0.3705677688121795
2019-04-05,extended,252,expanding,0.3059298098087311,0.3589261174201965
2019-04-08,extended,252,expanding,0.3161222338676452,0.3886075019836426
2019-04-09,extended,252,expanding,0.4739426970481872,0.4107380509376526
2019-04-10,extended,252,expanding,0.3166730403900146,0.3895747661590576
2019-04-11,extended,252,expanding,0.3537755310535431,0.3088026940822601
2019-04-12,extended,252,expanding,0.3437656462192535,0.3287975192070007
2019-04-15,extended,252,expanding,0.2648658752441406,0.3192758858203888
2019-04-16,extended,252,expanding,0.3244491815567016,0.3575524389743805
2019-04-17,extended,252,expanding,0.4159967601299286,0.4338609278202057
2019-04-18,extended,252,expanding,0.362187385559082,0.3458491861820221
2019-04-22,extended,252,expanding,0.2591157555580139,0.3459184467792511
2019-04-23,extended,252,expanding,0.3684594929218292,0.4457062482833862
2019-04-24,extended,252,expanding,0.3286371231079101,0.3108505010604858
2019-04-25,extended,252,expanding,0.538732647895813,0.377505749464035
2019-04-26,extended,252,expanding,0.3933480381965637,0.3898837566375732
2019-04-29,extended,252,expanding,0.2342238277196884,0.2751821875572204
2019-04-30,extended,252,expanding,0.419131189584732,0.445327877998352
2019-05-01,extended,252,expanding,0.5829194784164429,0.4975991249084472
2019-05-02,extended,252,expanding,0.6634807586669922,0.5084924697875977
2019-05-03,extended,252,expanding,0.354922354221344,0.3763329088687897
2019-05-06,extended,252,expanding,0.519212007522583,0.6168792247772217
2019-05-07,extended,252,expanding,1.0159720182418823,0.7437986135482788
2019-05-08,extended,252,expanding,0.6873363256454468,0.6583471298217773
2019-05-09,extended,252,expanding,1.002440094947815,0.7839616537094116
2019-05-10,extended,252,expanding,1.0317684412002563,1.0235867500305176
2019-05-13,extended,252,expanding,0.996934711933136,1.05172860622406
2019-05-14,extended,252,expanding,0.7252347469329834,0.6318206787109375
2019-05-15,extended,252,expanding,0.7129424214363098,0.7467378377914429
2019-05-16,extended,252,expanding,0.5426786541938782,0.680633544921875
2019-05-17,extended,252,expanding,0.7289981245994568,0.6097902059555054
2019-05-20,extended,252,expanding,0.6784613728523254,0.5536999702453613
2019-05-21,extended,252,expanding,0.4157550036907196,0.3832326233386993
2019-05-22,extended,252,expanding,0.4410749673843384,0.4717580378055572
2019-05-23,extended,252,expanding,0.7769797444343567,0.8171175718307495
2019-05-24,extended,252,expanding,0.5278379321098328,0.5190551280975342
2019-05-28,extended,252,expanding,0.5385770201683044,0.7070426940917969
2019-05-29,extended,252,expanding,0.8417448401451111,0.7439227104187012
2019-05-30,extended,252,expanding,0.5976586937904358,0.6256107091903687
2019-05-31,extended,252,expanding,0.6787981390953064,0.8299602270126343
2019-06-03,extended,252,expanding,0.965994358062744,0.9304760694503784
2019-06-04,extended,252,expanding,0.6540851593017578,0.929840922355652
2019-06-05,extended,252,expanding,0.6356115937232971,0.7036067247390747
2019-06-06,extended,252,expanding,0.602618932723999,0.6434877514839172
2019-06-07,extended,252,expanding,0.5851119756698608,0.5913972854614258
2019-06-10,extended,252,expanding,0.5430600643157959,0.5054262280464172
2019-06-11,extended,252,expanding,0.5907642841339111,0.6031952500343323
2019-06-12,extended,252,expanding,0.4259147346019745,0.4825903475284576
2019-06-13,extended,252,expanding,0.5179921388626099,0.4052957594394684
2019-06-14,extended,252,expanding,0.4372976422309875,0.4680669605731964
2019-06-17,extended,252,expanding,0.271997332572937,0.4065619707107544
2019-06-18,extended,252,expanding,0.6067125797271729,0.4998340904712677
2019-06-19,extended,252,expanding,0.5666375160217285,0.4834288656711578
2019-06-20,extended,252,expanding,0.5209701657295227,0.5375328063964844
2019-06-21,extended,252,expanding,0.4147646725177765,0.3881389200687408
2019-06-25,extended,252,expanding,0.5360538363456726,0.5929858088493347
2019-06-26,extended,252,expanding,0.4585481286048889,0.4735795557498932
2019-06-27,extended,252,expanding,0.3620041608810425,0.4104918539524078
2019-06-28,extended,252,expanding,0.3153344392776489,0.4097775518894195
2019-07-01,extended,252,expanding,0.4927500188350677,0.6042214632034302
2019-07-02,extended,252,expanding,0.4845410585403442,0.658383309841156
2019-07-03,extended,252,expanding,0.2167267203330993,0.5984908938407898
2019-07-05,extended,252,expanding,0.4670844674110412,0.6491525769233704
2019-07-08,extended,252,expanding,0.3768902719020843,0.3793988227844238
2019-07-09,extended,252,expanding,0.2729422450065613,0.4561051428318023
2019-07-10,extended,252,expanding,0.4559696912765503,0.5030996799468994
2019-07-11,extended,252,expanding,0.3169631063938141,0.3291234672069549
2019-07-12,extended,252,expanding,0.2272119224071502,0.3098995685577392
2019-07-15,extended,252,expanding,0.2793185412883758,0.2502038478851318
2019-07-16,extended,252,expanding,0.3348422348499298,0.3476482331752777
2019-07-17,extended,252,expanding,0.3850759267807007,0.5202203989028931
2019-07-18,extended,252,expanding,0.3952500820159912,0.5708551406860352
2019-07-19,extended,252,expanding,0.5012113451957703,0.5470419526100159
2019-07-22,extended,252,expanding,0.4025481939315796,0.4638870358467102
2019-07-23,extended,252,expanding,0.3786261677742004,0.427342414855957
2019-07-24,extended,252,expanding,0.2958664000034332,0.4751015901565552
2019-07-25,extended,252,expanding,0.4813818633556366,0.436240404844284
2019-07-26,extended,252,expanding,0.246847465634346,0.3332789838314056
2019-07-29,extended,252,expanding,0.2791633605957031,0.3356266021728515
2019-07-30,extended,252,expanding,0.4113670587539673,0.4962830245494842
2019-07-31,extended,252,expanding,0.8570504188537598,1.0329550504684448
2019-08-01,extended,252,expanding,1.413017988204956,1.37188720703125
2019-08-02,extended,252,expanding,0.8658583164215088,0.8058046698570251
2019-08-05,extended,252,expanding,1.2163234949111938,1.3286426067352295
2019-08-06,extended,252,expanding,1.0095518827438354,0.9504923820495604
2019-08-07,extended,252,expanding,1.3404862880706787,1.4957220554351809
2019-08-08,extended,252,expanding,0.6005271077156067,1.0164378881454468
2019-08-09,extended,252,expanding,0.8878992199897766,0.7569198608398438
2019-08-12,extended,252,expanding,0.7229942679405212,0.9085413813591005
2019-08-13,extended,252,expanding,1.4477357864379885,1.2355165481567385
2019-08-14,extended,252,expanding,1.139488935470581,1.203557372093201
2019-08-15,extended,252,expanding,0.9732145667076112,0.940393090248108
2019-08-16,extended,252,expanding,0.6854579448699951,0.8208238482475281
2019-08-19,extended,252,expanding,0.4724789261817932,0.6139298677444458
2019-08-20,extended,252,expanding,0.5818361043930054,0.6808883547782898
2019-08-21,extended,252,expanding,0.36497563123703,0.4709675014019012
2019-08-22,extended,252,expanding,0.718785285949707,0.6377251744270325
2019-08-23,extended,252,expanding,1.5231748819351196,1.3317806720733645
2019-08-26,extended,252,expanding,0.7526459097862244,0.7395577430725098
2019-08-27,extended,252,expanding,0.744922399520874,0.898285448551178
2019-08-28,extended,252,expanding,0.6243858933448792,0.850878894329071
2019-08-29,extended,252,expanding,0.654413640499115,0.7364224791526794
2019-08-30,extended,252,expanding,0.5621875524520874,0.67105633020401
2019-09-03,extended,252,expanding,0.7860287427902222,0.9371479153633118
2019-09-04,extended,252,expanding,0.3558061122894287,0.7924486994743347
2019-09-05,extended,252,expanding,0.4633506536483764,0.7574660181999207
2019-09-06,extended,252,expanding,0.3911358714103699,0.5694755911827087
2019-09-09,extended,252,expanding,0.3656653463840484,0.6420000791549683
2019-09-10,extended,252,expanding,0.626534640789032,0.62859708070755
2019-09-11,extended,252,expanding,0.3889058232307434,0.7119861245155334
2019-09-12,extended,252,expanding,0.5744845271110535,0.6225360631942749
2019-09-13,extended,252,expanding,0.3858590424060821,0.5058432221412659
2019-09-16,extended,252,expanding,0.3798351585865021,0.8703638911247253
2019-09-17,extended,252,expanding,0.3124388754367828,0.6841742396354675
2019-09-18,extended,252,expanding,0.5947917699813843,0.6885865926742554
2019-09-19,extended,252,expanding,0.4269109070301056,0.5783447623252869
2019-09-20,extended,252,expanding,0.7659915685653687,0.7205702662467957
2019-09-23,extended,252,expanding,0.375008076429367,0.6155259013175964
2019-09-24,extended,252,expanding,0.9618315696716307,1.1183788776397705
2019-09-25,extended,252,expanding,0.498409241437912,0.7846562266349792
2019-09-26,extended,252,expanding,0.6260071396827698,0.7261618971824646
2019-09-27,extended,252,expanding,0.843199610710144,0.9268754720687866
2019-09-30,extended,252,expanding,0.3930088579654693,0.623040497303009
2019-10-01,extended,252,expanding,0.8277281522750854,0.9090138673782348
2019-10-02,extended,252,expanding,0.8557239174842834,0.9366729259490968
2019-10-03,extended,252,expanding,1.1748740673065186,1.156534194946289
2019-10-04,extended,252,expanding,0.4948256611824035,0.8593780398368835
2019-10-07,extended,252,expanding,0.6225671172142029,0.6110883951187134
2019-10-08,extended,252,expanding,0.8425085544586182,0.666467010974884
2019-10-09,extended,252,expanding,0.6158033013343811,0.5420560240745544
2019-10-10,extended,252,expanding,0.7101426124572754,0.7408673167228699
2019-10-11,extended,252,expanding,0.7008860111236572,0.6275010108947754
2019-10-14,extended,252,expanding,0.3964639902114868,0.3840934932231903
2019-10-15,extended,252,expanding,0.4072991609573364,0.5709964632987976
2019-10-16,extended,252,expanding,0.3344891369342804,0.390152633190155
2019-10-17,extended,252,expanding,0.4212345778942108,0.4033451974391937
2019-10-18,extended,252,expanding,0.492019921541214,0.5185196399688721
2019-10-21,extended,252,expanding,0.28220996260643,0.2649051249027252
2019-10-22,extended,252,expanding,0.3873414993286133,0.4562544226646423
2019-10-23,extended,252,expanding,0.3241592943668365,0.4503524303436279
2019-10-24,extended,252,expanding,0.3953271508216858,0.4120078980922699
2019-10-25,extended,252,expanding,0.3670015037059784,0.4929325580596924
2019-10-28,extended,252,expanding,0.3416468203067779,0.2125997245311737
2019-10-29,extended,252,expanding,0.3534292876720428,0.3251952528953552
2019-10-30,extended,252,expanding,0.4209127128124237,0.4694598019123077
2019-10-31,extended,252,expanding,0.5805034637451172,0.4958203136920929
2019-11-01,extended,252,expanding,0.3346762657165527,0.3899291753768921
2019-11-04,extended,252,expanding,0.3010901510715484,0.2824750244617462
2019-11-05,extended,252,expanding,0.3071444928646087,0.4365918338298797
2019-11-06,extended,252,expanding,0.3696642816066742,0.3276474177837372
2019-11-07,extended,252,expanding,0.4562969505786896,0.3838483095169067
2019-11-08,extended,252,expanding,0.3335787951946258,0.3540056943893432
2019-11-11,extended,252,expanding,0.2090064436197281,0.3216651678085327
2019-11-12,extended,252,expanding,0.3337435722351074,0.3830401599407196
2019-11-13,extended,252,expanding,0.3942848443984985,0.3696343302726745
2019-11-14,extended,252,expanding,0.3189572691917419,0.3325803875923157
2019-11-15,extended,252,expanding,0.2501485347747803,0.3075461685657501
2019-11-19,extended,252,expanding,0.3402834832668304,0.3949878811836242
2019-11-20,extended,252,expanding,0.5301920175552368,0.5415357947349548
2019-11-21,extended,252,expanding,0.4337524473667145,0.352918416261673
2019-11-22,extended,252,expanding,0.3082888424396515,0.3043856918811798
2019-11-25,extended,252,expanding,0.2898801565170288,0.322062611579895
2019-11-26,extended,252,expanding,0.2416339367628097,0.278422862291336
2019-11-27,extended,252,expanding,0.1737749725580215,0.2587918937206268
2019-11-29,extended,252,expanding,0.2016106098890304,0.2951908111572265
2019-12-02,extended,252,expanding,0.6143428087234497,0.5871757864952087
2019-12-03,extended,252,expanding,0.6685485243797302,0.5914530158042908
2019-12-04,extended,252,expanding,0.367815613746643,0.4415091872215271
2019-12-05,extended,252,expanding,0.4083799123764038,0.3783082365989685
2019-12-06,extended,252,expanding,0.3142880499362945,0.3398405611515045
2019-12-09,extended,252,expanding,0.24461230635643,0.2680435180664062
2019-12-10,extended,252,expanding,0.4508521258831024,0.3570297360420227
2019-12-11,extended,252,expanding,0.2896505296230316,0.3194110691547394
2019-12-12,extended,252,expanding,0.9073099493980408,0.5162893533706665
2019-12-13,extended,252,expanding,0.6717995405197144,0.4687095284461975
2019-12-17,extended,252,expanding,0.2353049218654632,0.2858943045139313
2019-12-18,extended,252,expanding,0.2726950645446777,0.2217060923576355
2019-12-19,extended,252,expanding,0.2777689695358276,0.3208866715431213
2019-12-20,extended,252,expanding,0.2170425653457641,0.2615834474563598
2019-12-23,extended,252,expanding,0.1416925340890884,0.2357137650251388
2019-12-24,extended,252,expanding,0.1403854489326477,0.2039354145526886
2019-12-26,extended,252,expanding,0.2010819315910339,0.2862027883529663
2019-12-27,extended,252,expanding,0.2837029993534088,0.2601815462112427
2019-12-30,extended,252,expanding,0.4683420956134796,0.4206500351428985
2019-12-31,extended,252,expanding,0.3170811533927917,0.3871964514255523
2014-01-08,core,252,expanding,0.5049092173576355,0.3592100143432617
2014-01-09,core,252,expanding,0.4479202330112457,0.4921455383300781
2014-01-10,core,252,expanding,0.41781142354011536,0.43532422184944153
2014-01-13,core,252,expanding,0.47251757979393005,0.7111283540725708
2014-01-14,core,252,expanding,0.49484261870384216,0.5147300958633423
2014-01-15,core,252,expanding,0.3897959887981415,0.39903926849365234
2014-01-16,core,252,expanding,0.37196460366249084,0.39341410994529724
2014-01-17,core,252,expanding,0.3625944256782532,0.4232521653175354
2014-01-21,core,252,expanding,0.6656816005706787,0.5011000633239746
2014-01-22,core,252,expanding,0.31373873353004456,0.3594598174095154
2014-01-23,core,252,expanding,0.7124331593513489,0.6244539022445679
2014-01-24,core,252,expanding,0.9068204164505005,1.0447090864181519
2014-01-27,core,252,expanding,0.8113361597061157,0.9150065183639526
2014-01-28,core,252,expanding,0.5316144824028015,0.6388409733772278
2014-01-29,core,252,expanding,1.042181134223938,0.7284935712814331
2014-01-30,core,252,expanding,0.7801462411880493,0.7669694423675537
2014-01-31,core,252,expanding,1.1046422719955444,0.8160297870635986
2014-02-03,core,252,expanding,0.9668377041816711,1.3020086288452148
2014-02-04,core,252,expanding,0.8199449777603149,0.7188921570777893
2014-02-05,core,252,expanding,0.9269459247589111,0.9133596420288086
2014-02-06,core,252,expanding,0.5575153231620789,0.722296416759491
2014-02-07,core,252,expanding,0.6537466645240784,0.8658713698387146
2014-02-10,core,252,expanding,0.3124818205833435,0.4521581828594208
2014-02-11,core,252,expanding,0.41629141569137573,0.63338702917099
2014-02-12,core,252,expanding,0.4583132266998291,0.46460404992103577
2014-02-13,core,252,expanding,0.4926544427871704,0.6533252596855164
2014-02-14,core,252,expanding,0.38318943977355957,0.560026228427887
2014-02-18,core,252,expanding,0.35371309518814087,0.3766404688358307
2014-02-19,core,252,expanding,0.5443900227546692,0.5951536297798157
2014-02-20,core,252,expanding,0.5126307606697083,0.6005783677101135
2014-02-21,core,252,expanding,0.41156575083732605,0.47308483719825745
2014-02-24,core,252,expanding,0.5828454494476318,0.6406057476997375
2014-02-25,core,252,expanding,0.5681315660476685,0.4979760944843292
2014-02-26,core,252,expanding,0.5470898151397705,0.5279074311256409
2014-02-27,core,252,expanding,0.5245111584663391,0.47836658358573914
2014-02-28,core,252,expanding,0.6110895872116089,0.6265011429786682
2014-03-03,core,252,expanding,0.9133793711662292,0.6748020052909851
2014-03-04,core,252,expanding,0.967548131942749,0.7074970602989197
2014-03-05,core,252,expanding,0.4153722822666168,0.4628557860851288
2014-03-06,core,252,expanding,0.4040771722793579,0.42718520760536194
2014-03-07,core,252,expanding,0.5546953678131104,0.5000607371330261
2014-03-10,core,252,expanding,0.4751482903957367,0.4230276346206665
2014-03-11,core,252,expanding,0.5007032155990601,0.6362197995185852
2014-03-12,core,252,expanding,0.6769493818283081,0.518625795841217
2014-03-13,core,252,expanding,0.7307912707328796,0.8476840853691101
2014-03-14,core,252,expanding,0.6815503835678101,0.6526630520820618
2014-03-17,core,252,expanding,0.7476082444190979,0.6203428506851196
2014-03-18,core,252,expanding,0.48231756687164307,0.5572942495346069
2014-03-19,core,252,expanding,0.75743567943573,0.7333406805992126
2014-03-20,core,252,expanding,0.5430734157562256,0.6628252267837524
2014-03-21,core,252,expanding,0.7111092805862427,0.7224282622337341
2014-03-24,core,252,expanding,0.6954413056373596,0.7753922343254089
2014-03-25,core,252,expanding,0.7636263966560364,0.5887083411216736
2014-03-26,core,252,expanding,0.644809365272522,0.7721505761146545
2014-03-27,core,252,expanding,0.7987460494041443,0.6361883282661438
2014-03-28,core,252,expanding,0.6167684197425842,0.6507607102394104
2014-03-31,core,252,expanding,0.7062607407569885,0.5188040137290955
2014-04-01,core,252,expanding,0.4763795733451843,0.4710507094860077
2014-04-02,core,252,expanding,0.37295156717300415,0.43504059314727783
2014-04-03,core,252,expanding,0.38243916630744934,0.45194771885871887
2014-04-04,core,252,expanding,0.7753196358680725,0.8287601470947266
2014-04-07,core,252,expanding,0.7329880595207214,0.7077062129974365
2014-04-08,core,252,expanding,0.626038670539856,0.6491196155548096
2014-04-09,core,252,expanding,0.5471668243408203,0.5694620609283447
2014-04-10,core,252,expanding,0.8312494158744812,1.0349396467208862
2014-04-11,core,252,expanding,1.0073606967926025,0.911064088344574
2014-04-14,core,252,expanding,0.8529536128044128,0.7715417742729187
2014-04-15,core,252,expanding,0.9179202318191528,0.8025867938995361
2014-04-16,core,252,expanding,0.6859830617904663,0.6607635617256165
2014-04-17,core,252,expanding,0.47364476323127747,0.5670102834701538
2014-04-21,core,252,expanding,0.341621994972229,0.4318825304508209
2014-04-22,core,252,expanding,0.3280882239341736,0.41426295042037964
2014-04-23,core,252,expanding,0.36450958251953125,0.4177747964859009
2014-04-24,core,252,expanding,0.5891080498695374,0.43122315406799316
2014-04-25,core,252,expanding,0.5863941311836243,0.5859023928642273
2014-04-28,core,252,expanding,0.8235853314399719,0.7233917713165283
2014-04-29,core,252,expanding,0.5001894235610962,0.4983402490615845
2014-04-30,core,252,expanding,0.49780339002609253,0.4652097523212433
2014-05-01,core,252,expanding,0.45116809010505676,0.43537449836730957
2014-05-02,core,252,expanding,0.5626687407493591,0.48566892743110657
2014-05-05,core,252,expanding,0.7295594215393066,0.6163612008094788
2014-05-06,core,252,expanding,0.5130741000175476,0.6044085025787354
2014-05-07,core,252,expanding,0.8969767689704895,0.5875762104988098
2014-05-08,core,252,expanding,0.5193822383880615,0.673620343208313
2014-05-09,core,252,expanding,0.5581554174423218,0.5031168460845947
2014-05-12,core,252,expanding,0.4801866114139557,0.5441399216651917
2014-05-13,core,252,expanding,0.31696823239326477,0.3495462238788605
2014-05-14,core,252,expanding,0.38752996921539307,0.47383466362953186
2014-05-15,core,252,expanding,0.691119372844696,0.6767879724502563
2014-05-16,core,252,expanding,0.4676394462585449,0.5247277021408081
2014-05-19,core,252,expanding,0.3423518240451813,0.48750609159469604
2014-05-20,core,252,expanding,0.5234825015068054,0.5850914120674133
2014-05-21,core,252,expanding,0.494206964969635,0.5252070426940918
2014-05-22,core,252,expanding,0.301708847284317,0.46327486634254456
2014-05-23,core,252,expanding,0.20592427253723145,0.369235098361969
2014-05-27,core,252,expanding,0.42497068643569946,0.3328621983528137
2014-05-28,core,252,expanding,0.2931358814239502,0.3804435729980469
2014-05-29,core,252,expanding,0.36290591955184937,0.3720897436141968
2014-05-30,core,252,expanding,0.28962719440460205,0.3656887412071228
2014-06-02,core,252,expanding,0.3900781571865082,0.3571953773498535
2014-06-03,core,252,expanding,0.3076380789279938,0.3357771337032318
2014-06-04,core,252,expanding,0.29414263367652893,0.3812844753265381
2014-06-05,core,252,expanding,0.3900737762451172,0.481248140335083
2014-06-06,core,252,expanding,0.2689656913280487,0.3321540355682373
2014-06-09,core,252,expanding,0.2771907150745392,0.3406285047531128
2014-06-10,core,252,expanding,0.29700222611427307,0.3197582960128784
2014-06-11,core,252,expanding,0.41138505935668945,0.38077786564826965
2014-06-12,core,252,expanding,0.4183047115802765,0.5171363949775696
2014-06-13,core,252,expanding,0.4343026876449585,0.39681485295295715
2014-06-16,core,252,expanding,0.44161438941955566,0.39168208837509155
2014-06-17,core,252,expanding,0.3711232841014862,0.386393278837204
2014-06-18,core,252,expanding,0.419305682182312,0.46179431676864624
2014-06-19,core,252,expanding,0.2912806570529938,0.33581507205963135
2014-06-20,core,252,expanding,0.23344194889068604,0.3065834045410156
2014-06-23,core,252,expanding,0.26675519347190857,0.299221932888031
2014-06-24,core,252,expanding,0.4317242205142975,0.5209110379219055
2014-06-25,core,252,expanding,0.3785480260848999,0.43247857689857483
2014-06-26,core,252,expanding,0.49628469347953796,0.4905105233192444
2014-06-27,core,252,expanding,0.354368656873703,0.38199248909950256
2014-06-30,core,252,expanding,0.27126726508140564,0.3330173194408417
2014-07-01,core,252,expanding,0.36892691254615784,0.456217885017395
2014-07-02,core,252,expanding,0.2615170478820801,0.2979618012905121
2014-07-03,core,252,expanding,0.3173152208328247,0.36573395133018494
2014-07-07,core,252,expanding,0.36314472556114197,0.3796435296535492
2014-07-08,core,252,expanding,0.5589419007301331,0.4519011080265045
2014-07-09,core,252,expanding,0.458191841840744,0.3851069509983063
2014-07-10,core,252,expanding,0.7611199617385864,0.5593554973602295
2014-07-11,core,252,expanding,0.35084837675094604,0.4260762929916382
2014-07-14,core,252,expanding,0.41344326734542847,0.40273699164390564
2014-07-15,core,252,expanding,0.538845956325531,0.5572929382324219
2014-07-16,core,252,expanding,0.44707804918289185,0.38997045159339905
2014-07-17,core,252,expanding,0.641926109790802,0.691125750541687
2014-07-18,core,252,expanding,0.3977976143360138,0.5915100574493408
2014-07-21,core,252,expanding,0.40885424613952637,0.4605429470539093
2014-07-22,core,252,expanding,0.37651148438453674,0.45261475443840027
2014-07-23,core,252,expanding,0.2525513172149658,0.36776313185691833
2014-07-24,core,252,expanding,0.2758019268512726,0.3482153117656708
2014-07-25,core,252,expanding,0.4329283535480499,0.4150257408618927
2014-07-28,core,252,expanding,0.42229312658309937,0.4528568685054779
2014-07-29,core,252,expanding,0.4585719108581543,0.4950273931026459
2014-07-30,core,252,expanding,0.606133759021759,0.546509861946106
2014-07-31,core,252,expanding,0.8659616112709045,0.9198275804519653
2014-08-01,core,252,expanding,0.8324301242828369,0.8016668558120728
2014-08-04,core,252,expanding,0.47940516471862793,0.7008715271949768
2014-08-05,core,252,expanding,0.8867471814155579,0.772804856300354
2014-08-06,core,252,expanding,0.6750627756118774,0.7428919076919556
2014-08-07,core,252,expanding,0.7133786678314209,0.801192581653595
2014-08-08,core,252,expanding,0.5158858299255371,0.7155213952064514
2014-08-11,core,252,expanding,0.4187553822994232,0.45139092206954956
2014-08-12,core,252,expanding,0.46778279542922974,0.526910662651062
2014-08-13,core,252,expanding,0.4582456648349762,0.4544539451599121
2014-08-14,core,252,expanding,0.2659345865249634,0.39622724056243896
2014-08-15,core,252,expanding,0.7498508095741272,0.6483482122421265
2014-08-18,core,252,expanding,0.4649697542190552,0.3780749440193176
2014-08-19,core,252,expanding,0.2545689642429352,0.36095666885375977
2014-08-20,core,252,expanding,0.30162110924720764,0.38659951090812683
2014-08-21,core,252,expanding,0.2895697355270386,0.35348016023635864
2014-08-22,core,252,expanding,0.4267614781856537,0.3874680697917938
2014-08-25,core,252,expanding,0.3532538115978241,0.31419941782951355
2014-08-26,core,252,expanding,0.23759840428829193,0.29343026876449585
2014-08-27,core,252,expanding,0.24147634208202362,0.28794416785240173
2014-08-28,core,252,expanding,0.4029179513454437,0.3373525142669678
2014-08-29,core,252,expanding,0.25389575958251953,0.34421274065971375
2014-09-02,core,252,expanding,0.36331889033317566,0.3736424446105957
2014-09-03,core,252,expanding,0.3714413344860077,0.4064234793186188
2014-09-04,core,252,expanding,0.40892475843429565,0.5424439907073975
2014-09-05,core,252,expanding,0.45733144879341125,0.5002628564834595
2014-09-08,core,252,expanding,0.38709864020347595,0.42680200934410095
2014-09-09,core,252,expanding,0.5338571071624756,0.5154128074645996
2014-09-10,core,252,expanding,0.5201886296272278,0.4703231155872345
2014-09-11,core,252,expanding,0.4303184747695923,0.4201308488845825
2014-09-12,core,252,expanding,0.47453364729881287,0.529536247253418
2014-09-15,core,252,expanding,0.4190886318683624,0.3991500735282898
2014-09-16,core,252,expanding,0.44057729840278625,0.5765882134437561
2014-09-17,core,252,expanding,0.7170944213867188,0.4773605763912201
2014-09-18,core,252,expanding,0.37039586901664734,0.3761405050754547
2014-09-19,core,252,expanding,0.4573608636856079,0.4518912732601166
2014-09-22,core,252,expanding,0.44572678208351135,0.5286096930503845
2014-09-23,core,252,expanding,0.4930504560470581,0.5226499438285828
2014-09-24,core,252,expanding,0.40974363684654236,0.579115629196167
2014-09-25,core,252,expanding,0.7036588788032532,0.7926355600357056
2014-09-26,core,252,expanding,0.5985597372055054,0.715854287147522
2014-09-29,core,252,expanding,0.9425361156463623,0.6082817316055298
2014-09-30,core,252,expanding,0.6042161583900452,0.6754847764968872
2014-10-01,core,252,expanding,0.7754773497581482,0.8813745379447937
2014-10-02,core,252,expanding,0.7488913536071777,0.9418668150901794
2014-10-03,core,252,expanding,0.8084318041801453,0.756065845489502
2014-10-06,core,252,expanding,0.654168963432312,0.7270495891571045
2014-10-07,core,252,expanding,0.858822762966156,0.8398740291595459
2014-10-08,core,252,expanding,0.8928329348564148,1.1323522329330444
2014-10-09,core,252,expanding,1.0456963777542114,1.1408796310424805
2014-10-10,core,252,expanding,1.105968713760376,1.1425244808197021
2014-10-13,core,252,expanding,1.1766607761383057,1.262224555015564
2014-10-14,core,252,expanding,1.2357145547866821,1.0322186946868896
2014-10-15,core,252,expanding,2.3037502765655518,1.7384202480316162
2014-10-16,core,252,expanding,1.6580957174301147,1.519588589668274
2014-10-17,core,252,expanding,1.2497849464416504,1.2081352472305298
2014-10-20,core,252,expanding,0.7233673930168152,0.853901207447052
2014-10-21,core,252,expanding,0.7497316002845764,0.8711107969284058
2014-10-22,core,252,expanding,0.7443962097167969,0.8720189332962036
2014-10-23,core,252,expanding,1.031681776046753,0.9024167060852051
2014-10-24,core,252,expanding,0.5909020900726318,0.6490246653556824
2014-10-27,core,252,expanding,0.628062903881073,0.5431900024414062
2014-10-28,core,252,expanding,0.5138598680496216,0.6220525503158569
2014-10-29,core,252,expanding,0.7173582315444946,0.7167947292327881
2014-10-30,core,252,expanding,0.5609475374221802,0.7084728479385376
2014-10-31,core,252,expanding,0.7405169010162354,0.4987208843231201
2014-11-03,core,252,expanding,0.4596216678619385,0.4553608298301697
2014-11-04,core,252,expanding,0.5232880115509033,0.5431787371635437
2014-11-05,core,252,expanding,0.5897601246833801,0.44921013712882996
2014-11-06,core,252,expanding,0.3996855616569519,0.4926029443740845
2014-11-07,core,252,expanding,0.44907498359680176,0.351057231426239
2014-11-10,core,252,expanding,0.2844453752040863,0.3034857511520386
2014-11-11,core,252,expanding,0.25874945521354675,0.2841622233390808
2014-11-12,core,252,expanding,0.40562358498573303,0.36665213108062744
2014-11-13,core,252,expanding,0.507718563079834,0.4360736608505249
2014-11-14,core,252,expanding,0.3240550458431244,0.31001076102256775
2014-11-17,core,252,expanding,0.35571715235710144,0.314605176448822
2014-11-18,core,252,expanding,0.2924927771091461,0.4145396947860718
2014-11-19,core,252,expanding,0.5172247290611267,0.42030930519104004
2014-11-20,core,252,expanding,0.37730440497398376,0.4081130623817444
2014-11-21,core,252,expanding,0.6609857082366943,0.4448905289173126
2014-11-24,core,252,expanding,0.3039441406726837,0.234186053276062
2014-11-25,core,252,expanding,0.33109939098358154,0.37427031993865967
2014-11-26,core,252,expanding,0.18774037063121796,0.3337875306606293
2014-11-28,core,252,expanding,0.3011811673641205,0.4145486354827881
2014-12-01,core,252,expanding,0.6036726236343384,0.46180254220962524
2014-12-02,core,252,expanding,0.3831345736980438,0.4056990146636963
2014-12-03,core,252,expanding,0.26875728368759155,0.360703706741333
2014-12-04,core,252,expanding,0.429543673992157,0.45416754484176636
2014-12-05,core,252,expanding,0.36473649740219116,0.37431859970092773
2014-12-08,core,252,expanding,0.5491243004798889,0.5591832995414734
2014-12-09,core,252,expanding,1.0170496702194214,0.7022981643676758
2014-12-10,core,252,expanding,0.8344765901565552,0.9106523394584656
2014-12-11,core,252,expanding,0.8538368940353394,0.8392698168754578
2014-12-12,core,252,expanding,0.9141978621482849,0.9157839417457581
2014-12-15,core,252,expanding,1.2775683403015137,1.1367206573486328
2014-12-16,core,252,expanding,1.244651198387146,1.2887699604034424
2014-12-17,core,252,expanding,1.2861887216567993,1.0918810367584229
2014-12-18,core,252,expanding,1.034126877784729,1.0016329288482666
2014-12-19,core,252,expanding,0.5891704559326172,0.6168672442436218
2014-12-22,core,252,expanding,0.35269010066986084,0.42267948389053345
2014-12-23,core,252,expanding,0.33187222480773926,0.39228713512420654
2014-12-24,core,252,expanding,0.21517334878444672,0.36835893988609314
2014-12-26,core,252,expanding,0.25206395983695984,0.35024726390838623
2014-12-29,core,252,expanding,0.23829923570156097,0.2957441210746765
2014-12-30,core,252,expanding,0.3008394241333008,0.37247419357299805
2014-12-31,core,252,expanding,0.4884640574455261,0.6249411106109619
2015-01-02,core,252,expanding,0.9161708354949951,0.7194642424583435
2015-01-05,core,252,expanding,0.8366752862930298,0.9290725588798523
2015-01-06,core,252,expanding,1.053530216217041,1.074897289276123
2015-01-07,core,252,expanding,0.9043862223625183,0.7849292159080505
2015-01-08,core,252,expanding,0.846068799495697,0.847616970539093
2015-01-09,core,252,expanding,0.7907400727272034,0.841338574886322
2015-01-12,core,252,expanding,0.819638729095459,0.8210048079490662
2015-01-13,core,252,expanding,1.479487419128418,1.3390251398086548
2015-01-14,core,252,expanding,1.2126911878585815,1.0353974103927612
2015-01-15,core,252,expanding,1.0164530277252197,0.9798585772514343
2015-01-16,core,252,expanding,0.802234411239624,0.9499385356903076
2015-01-20,core,252,expanding,0.9148500561714172,0.8070352673530579
2015-01-21,core,252,expanding,1.0006932020187378,0.8530313372612
2015-01-22,core,252,expanding,0.7813236117362976,0.9445224404335022
2015-01-23,core,252,expanding,0.4990968108177185,0.5835466980934143
2015-01-26,core,252,expanding,0.5482511520385742,0.5935636162757874
2015-01-27,core,252,expanding,1.012906789779663,0.8575294613838196
2015-01-28,core,252,expanding,0.9635168313980103,1.0970268249511719
2015-01-29,core,252,expanding,0.9359861612319946,1.0374308824539185
2015-01-30,core,252,expanding,0.9898359775543213,0.9648185968399048
2015-02-02,core,252,expanding,1.0854663848876953,1.1223300695419312
2015-02-03,core,252,expanding,0.9412546157836914,0.7327359318733215
2015-02-04,core,252,expanding,0.8157912492752075,0.7496737241744995
2015-02-05,core,252,expanding,0.5828607082366943,0.6751660704612732
2015-02-06,core,252,expanding,0.6425417065620422,0.7464460730552673
2015-02-09,core,252,expanding,0.5797975659370422,0.5703091025352478
2015-02-10,core,252,expanding,0.6225982904434204,0.6351829171180725
2015-02-11,core,252,expanding,0.5280768275260925,0.6090510487556458
2015-02-12,core,252,expanding,0.5131012201309204,0.5376202464103699
2015-02-13,core,252,expanding,0.3230832517147064,0.3885039985179901
2015-02-17,core,252,expanding,0.3878101706504822,0.38719797134399414
2015-02-18,core,252,expanding,0.4377695620059967,0.42182084918022156
2015-02-19,core,252,expanding,0.44936877489089966,0.43948906660079956
2015-02-20,core,252,expanding,0.4546082317829132,0.624843418598175
2015-02-23,core,252,expanding,0.33605384826660156,0.33594438433647156
2015-02-24,core,252,expanding,0.31878119707107544,0.4045197367668152
2015-02-25,core,252,expanding,0.31797438859939575,0.39727702736854553
2015-02-26,core,252,expanding,0.44373300671577454,0.40722331404685974
2015-02-27,core,252,expanding,0.3470306098461151,0.350265771150589
2015-03-02,core,252,expanding,0.26675868034362793,0.36931687593460083
2015-03-03,core,252,expanding,0.5007086396217346,0.49363914132118225
2015-03-04,core,252,expanding,0.6677775382995605,0.5645124912261963
2015-03-05,core,252,expanding,0.3570042848587036,0.4022813141345978
2015-03-06,core,252,expanding,0.7385730147361755,0.7938112616539001
2015-03-09,core,252,expanding,0.38811981678009033,0.4942696690559387
2015-03-10,core,252,expanding,0.8400395512580872,0.8948654532432556
2015-03-11,core,252,expanding,0.5907078981399536,0.621315598487854
2015-03-12,core,252,expanding,0.6523180603981018,0.7039560675621033
2015-03-13,core,252,expanding,0.7049248218536377,0.7035260200500488
2015-03-16,core,252,expanding,0.5238789916038513,0.6876428723335266
2015-03-17,core,252,expanding,0.5899909138679504,0.5677071213722229
2015-03-18,core,252,expanding,1.051440954208374,1.022801399230957
2015-03-19,core,252,expanding,0.5530752539634705,0.5899782776832581
2015-03-20,core,252,expanding,0.6660987138748169,0.760077178478241
2015-03-23,core,252,expanding,0.3736087381839752,0.44837266206741333
2015-03-24,core,252,expanding,0.45093563199043274,0.5562105774879456
2015-03-25,core,252,expanding,0.6865458488464355,0.8580289483070374
2015-03-26,core,252,expanding,0.873544454574585,0.8186569213867188
2015-03-27,core,252,expanding,0.5865139961242676,0.5074335336685181
2015-03-30,core,252,expanding,0.6811202764511108,0.6121222972869873
2015-03-31,core,252,expanding,0.6466434001922607,0.5785267949104309
2015-04-01,core,252,expanding,0.7361587882041931,0.6667575240135193
2015-04-02,core,252,expanding,0.5094029903411865,0.573403537273407
2015-04-06,core,252,expanding,0.5339199304580688,0.7827827334403992
2015-04-07,core,252,expanding,0.4426901638507843,0.5159445405006409
2015-04-08,core,252,expanding,0.7183293104171753,0.5100023150444031
2015-04-09,core,252,expanding,0.597693920135498,0.5351423621177673
2015-04-10,core,252,expanding,0.28354012966156006,0.41431862115859985
2015-04-13,core,252,expanding,0.35153907537460327,0.4614250063896179
2015-04-14,core,252,expanding,0.5259081721305847,0.48810505867004395
2015-04-15,core,252,expanding,0.4481188952922821,0.45012059807777405
2015-04-16,core,252,expanding,0.40820983052253723,0.4145844578742981
2015-04-17,core,252,expanding,0.7608491778373718,0.6968153119087219
2015-04-20,core,252,expanding,0.6108341217041016,0.5165102481842041
2015-04-21,core,252,expanding,0.4529463052749634,0.533555805683136
2015-04-22,core,252,expanding,0.458896666765213,0.5019189119338989
2015-04-23,core,252,expanding,0.4938202202320099,0.518992006778717
2015-04-24,core,252,expanding,0.32737022638320923,0.35706740617752075
2015-04-27,core,252,expanding,0.481981098651886,0.541864812374115
2015-04-28,core,252,expanding,0.6443674564361572,0.5556240081787109
2015-04-29,core,252,expanding,0.6621337532997131,0.5666627883911133
2015-04-30,core,252,expanding,0.7037506699562073,0.7201728224754333
2015-05-01,core,252,expanding,0.6726866364479065,0.6065370440483093
2015-05-04,core,252,expanding,0.375816285610199,0.400068461894989
2015-05-05,core,252,expanding,0.570682942867279,0.7113782167434692
2015-05-06,core,252,expanding,0.9269205927848816,0.862945020198822
2015-05-07,core,252,expanding,0.5604826211929321,0.6310568451881409
2015-05-08,core,252,expanding,0.8699830770492554,0.6379790306091309
2015-05-11,core,252,expanding,0.40910646319389343,0.5154340863227844
2015-05-12,core,252,expanding,0.8183264136314392,0.6190108060836792
2015-05-13,core,252,expanding,0.6684315204620361,0.5529826283454895
2015-05-14,core,252,expanding,0.5487048625946045,0.5526644587516785
2015-05-15,core,252,expanding,0.33867430686950684,0.35078683495521545
2015-05-18,core,252,expanding,0.2193475365638733,0.3696780800819397
2015-05-19,core,252,expanding,0.3124220073223114,0.3565710186958313
2015-05-20,core,252,expanding,0.4188220202922821,0.43543413281440735
2015-05-21,core,252,expanding,0.279846727848053,0.3676685094833374
2015-05-22,core,252,expanding,0.33094796538352966,0.3317134976387024
2015-05-26,core,252,expanding,0.5155841708183289,0.5814225673675537
2015-05-27,core,252,expanding,0.4025551378726959,0.5244727730751038
2015-05-28,core,252,expanding,0.43901243805885315,0.4459145963191986
2015-05-29,core,252,expanding,0.5354623794555664,0.5055758953094482
2015-06-01,core,252,expanding,0.6326298117637634,0.49299994111061096
2015-06-02,core,252,expanding,0.5542809963226318,0.5689562559127808
2015-06-03,core,252,expanding,0.43493029475212097,0.4510628581047058
2015-06-04,core,252,expanding,0.6734352707862854,0.5755664110183716
2015-06-05,core,252,expanding,0.5858168601989746,0.5582459568977356
2015-06-08,core,252,expanding,0.38064879179000854,0.4952080249786377
2015-06-09,core,252,expanding,0.4707942008972168,0.49877169728279114
2015-06-10,core,252,expanding,0.6238774657249451,0.5834351181983948
2015-06-11,core,252,expanding,0.44490450620651245,0.34578314423561096
2015-06-12,core,252,expanding,0.5156898498535156,0.5090961456298828
2015-06-15,core,252,expanding,0.9224205017089844,0.5692895650863647
2015-06-16,core,252,expanding,0.5270959138870239,0.5053707957267761
2015-06-17,core,252,expanding,0.6415505409240723,0.49766722321510315
2015-06-18,core,252,expanding,0.5652602910995483,0.5890544652938843
2015-06-19,core,252,expanding,0.3343290388584137,0.48829224705696106
2015-06-22,core,252,expanding,0.6914674639701843,0.5273706912994385
2015-06-23,core,252,expanding,0.32394805550575256,0.3880048096179962
2015-06-24,core,252,expanding,0.3779144883155823,0.464082270860672
2015-06-25,core,252,expanding,0.40985020995140076,0.4547021687030792
2015-06-26,core,252,expanding,0.4807495176792145,0.47564759850502014
2015-06-29,core,252,expanding,0.8694495558738708,1.0255346298217773
2015-06-30,core,252,expanding,0.8994608521461487,0.6510865688323975
2015-07-01,core,252,expanding,0.772849440574646,0.639811635017395
2015-07-02,core,252,expanding,0.46320804953575134,0.5317482352256775
2015-07-06,core,252,expanding,0.9262874126434326,0.6248791813850403
2015-07-07,core,252,expanding,0.9469451904296875,0.8669756650924683
2015-07-08,core,252,expanding,0.9316666722297668,0.9530239105224609
2015-07-09,core,252,expanding,1.3116600513458252,0.7768691778182983
2015-07-10,core,252,expanding,1.123153805732727,0.7596449851989746
2015-07-13,core,252,expanding,0.6816275119781494,0.658655047416687
2015-07-14,core,252,expanding,0.2428647130727768,0.5708034038543701
2015-07-15,core,252,expanding,0.3678913712501526,0.48195692896842957
2015-07-16,core,252,expanding,0.3954748511314392,0.47624167799949646
2015-07-17,core,252,expanding,0.24239368736743927,0.3612595498561859
2015-07-20,core,252,expanding,0.292244017124176,0.33798858523368835
2015-07-21,core,252,expanding,0.3257938623428345,0.43594956398010254
2015-07-22,core,252,expanding,0.43480175733566284,0.3763967752456665
2015-07-23,core,252,expanding,0.39982616901397705,0.5404558181762695
2015-07-24,core,252,expanding,0.4459609091281891,0.7259643077850342
2015-07-27,core,252,expanding,0.7757925391197205,0.5320186614990234
2015-07-28,core,252,expanding,0.5373643636703491,0.6713062524795532
2015-07-29,core,252,expanding,0.4497852921485901,0.5046232342720032
2015-07-30,core,252,expanding,0.4582180976867676,0.5069785118103027
2015-07-31,core,252,expanding,0.38392138481140137,0.45012274384498596
2015-08-03,core,252,expanding,0.5662893056869507,0.5774407386779785
2015-08-04,core,252,expanding,0.48225000500679016,0.49176791310310364
2015-08-05,core,252,expanding,0.64484703540802,0.5136894583702087
2015-08-06,core,252,expanding,0.541225254535675,0.7151016592979431
2015-08-07,core,252,expanding,0.576079785823822,0.5528174638748169
2015-08-10,core,252,expanding,0.6756598353385925,0.6069983243942261
2015-08-11,core,252,expanding,0.8222931623458862,0.7334957122802734
2015-08-12,core,252,expanding,1.070734977722168,1.0467554330825806
2015-08-13,core,252,expanding,0.6425189971923828,0.6388593912124634
2015-08-14,core,252,expanding,0.40680527687072754,0.5405627489089966
2015-08-17,core,252,expanding,0.5880442261695862,0.6542544364929199
2015-08-18,core,252,expanding,0.36820682883262634,0.46072301268577576
2015-08-19,core,252,expanding,0.9496463537216187,0.6660395264625549
2015-08-20,core,252,expanding,1.073470950126648,1.0589174032211304
2015-08-21,core,252,expanding,1.521138310432434,1.6997548341751099
2015-08-24,core,252,expanding,6.107092380523682,2.711942672729492
2015-08-25,core,252,expanding,2.710724115371704,2.985589027404785
2015-08-26,core,252,expanding,2.8424289226531982,2.16927433013916
2015-08-27,core,252,expanding,1.896519660949707,1.6533747911453247
2015-08-28,core,252,expanding,0.9556337594985962,0.9987865090370178
2015-08-31,core,252,expanding,1.0897337198257446,0.9607935547828674
2015-09-01,core,252,expanding,2.2449772357940674,2.012941360473633
2015-09-02,core,252,expanding,1.4546595811843872,1.1769447326660156
2015-09-03,core,252,expanding,0.992962121963501,1.3039970397949219
2015-09-04,core,252,expanding,1.4397097826004028,1.1652559041976929
2015-09-08,core,252,expanding,1.468074917793274,1.1719163656234741
2015-09-09,core,252,expanding,1.1140401363372803,1.5705066919326782
2015-09-10,core,252,expanding,0.8762382864952087,1.178574562072754
2015-09-11,core,252,expanding,0.8052470088005066,0.9134761691093445
2015-09-14,core,252,expanding,0.5960224270820618,0.7369787096977234
2015-09-15,core,252,expanding,0.5569227337837219,0.8131828904151917
2015-09-16,core,252,expanding,0.5929057002067566,0.7288230061531067
2015-09-17,core,252,expanding,1.27928626537323,1.02128267288208
2015-09-18,core,252,expanding,1.361925482749939,1.0822060108184814
2015-09-21,core,252,expanding,0.8707589507102966,0.7909221649169922
2015-09-22,core,252,expanding,1.3077605962753296,1.0837492942810059
2015-09-23,core,252,expanding,0.7572812438011169,0.9070867896080017
2015-09-24,core,252,expanding,1.0441006422042847,1.0841091871261597
2015-09-25,core,252,expanding,1.0345593690872192,1.1312943696975708
2015-09-28,core,252,expanding,1.1553207635879517,1.5182561874389648
2015-09-29,core,252,expanding,1.1817799806594849,1.0907269716262817
2015-09-30,core,252,expanding,1.495627760887146,1.1030220985412598
2015-10-01,core,252,expanding,1.1410325765609741,0.959712028503418
2015-10-02,core,252,expanding,1.6934986114501953,1.622504472732544
2015-10-05,core,252,expanding,0.8905875086784363,1.0733740329742432
2015-10-06,core,252,expanding,0.6829049587249756,0.8958574533462524
2015-10-07,core,252,expanding,0.9471501708030701,0.7843940854072571
2015-10-08,core,252,expanding,0.7110604047775269,0.8007363677024841
2015-10-09,core,252,expanding,0.5342766046524048,0.6416972875595093
2015-10-12,core,252,expanding,0.37612029910087585,0.3570467233657837
2015-10-13,core,252,expanding,0.615027904510498,0.6245911717414856
2015-10-14,core,252,expanding,0.6851932406425476,0.6463388204574585
2015-10-15,core,252,expanding,0.5368911623954773,0.6949647665023804
2015-10-16,core,252,expanding,0.5126047134399414,0.4469851851463318
2015-10-19,core,252,expanding,0.5282853245735168,0.3991008400917053
2015-10-20,core,252,expanding,0.5042325258255005,0.44960302114486694
2015-10-21,core,252,expanding,0.7471799254417419,0.6131961345672607
2015-10-22,core,252,expanding,0.7661428451538086,0.7807732820510864
2015-10-23,core,252,expanding,0.8509055972099304,0.579827070236206
2015-10-26,core,252,expanding,0.3822285532951355,0.42657631635665894
2015-10-27,core,252,expanding,0.5862306952476501,0.4380418062210083
2015-10-28,core,252,expanding,0.9409856796264648,0.647977888584137
2015-10-29,core,252,expanding,0.48140043020248413,0.4848880171775818
2015-10-30,core,252,expanding,0.5342662334442139,0.5452425479888916
2015-11-02,core,252,expanding,0.42046618461608887,0.5741684436798096
2015-11-03,core,252,expanding,0.4835807979106903,0.47911304235458374
2015-11-04,core,252,expanding,0.614382803440094,0.5264623761177063
2015-11-05,core,252,expanding,0.5839255452156067,0.5499001145362854
2015-11-06,core,252,expanding,0.6034426689147949,0.5750653147697449
2015-11-09,core,252,expanding,0.7614883780479431,0.7424115538597107
2015-11-10,core,252,expanding,0.5499747395515442,0.5135327577590942
2015-11-11,core,252,expanding,0.4731254279613495,0.5349687933921814
2015-11-12,core,252,expanding,0.8733656406402588,0.7600669860839844
2015-11-13,core,252,expanding,0.6671431660652161,0.7806520462036133
2015-11-16,core,252,expanding,0.7153626084327698,0.8030533194541931
2015-11-17,core,252,expanding,0.7524334192276001,0.6630527973175049
2015-11-18,core,252,expanding,0.7099785804748535,0.7777028679847717
2015-11-19,core,252,expanding,0.46447187662124634,0.4509342908859253
2015-11-20,core,252,expanding,0.5691575407981873,0.5389741659164429
2015-11-23,core,252,expanding,0.4336825907230377,0.4558434784412384
2015-11-24,core,252,expanding,0.6535255312919617,0.6167212128639221
2015-11-25,core,252,expanding,0.3200731873512268,0.3785492777824402
2015-11-27,core,252,expanding,0.2484254091978073,0.4008145034313202
2015-11-30,core,252,expanding,0.44243597984313965,0.4031408429145813
2015-12-01,core,252,expanding,0.6222959756851196,0.45231616497039795
2015-12-02,core,252,expanding,0.5199115872383118,0.6808101534843445
2015-12-03,core,252,expanding,0.8429600596427917,0.9551154375076294
2015-12-04,core,252,expanding,0.845172643661499,1.0219730138778687
2015-12-07,core,252,expanding,0.8103945255279541,0.7910158634185791
2015-12-08,core,252,expanding,1.2818913459777832,0.8116968870162964
2015-12-09,core,252,expanding,1.0488706827163696,1.2740898132324219
2015-12-10,core,252,expanding,0.7810572385787964,0.8738953471183777
2015-12-11,core,252,expanding,1.160577654838562,1.0578417778015137
2015-12-14,core,252,expanding,1.239391565322876,0.9949938058853149
2015-12-15,core,252,expanding,1.0609846115112305,0.8647041916847229
2015-12-16,core,252,expanding,0.983195960521698,0.8575288653373718
2015-12-17,core,252,expanding,0.9051330089569092,1.0158876180648804
2015-12-18,core,252,expanding,0.975375771522522,1.0511499643325806
2015-12-21,core,252,expanding,0.8869057893753052,0.750424861907959
2015-12-22,core,252,expanding,0.6400415897369385,0.7609929442405701
2015-12-23,core,252,expanding,0.5840789675712585,0.7138035297393799
2015-12-24,core,252,expanding,0.28011903166770935,0.560335636138916
2015-12-28,core,252,expanding,0.544843852519989,0.46185341477394104
2015-12-29,core,252,expanding,0.6348679661750793,0.6274394989013672
2015-12-30,core,252,expanding,0.43678027391433716,0.5788630843162537
2015-12-31,core,252,expanding,0.6944714784622192,0.6065977811813354
2016-01-04,core,252,expanding,1.8643945455551147,1.1338694095611572
2016-01-05,core,252,expanding,0.7911797761917114,0.7810689806938171
2016-01-06,core,252,expanding,1.4094488620758057,1.0370761156082153
2016-01-07,core,252,expanding,1.9777171611785889,1.3128411769866943
2016-01-08,core,252,expanding,1.3276973962783813,1.586108922958374
2016-01-11,core,252,expanding,1.2732048034667969,1.3393452167510986
2016-01-12,core,252,expanding,1.3360037803649902,1.115444302558899
2016-01-13,core,252,expanding,1.4331769943237305,1.7683470249176025
2016-01-14,core,252,expanding,1.276334524154663,1.6573766469955444
2016-01-15,core,252,expanding,2.256190776824951,1.823709487915039
2016-01-19,core,252,expanding,1.414040446281433,1.4297006130218506
2016-01-20,core,252,expanding,2.090296983718872,2.083519458770752
2016-01-21,core,252,expanding,1.7240387201309204,1.5219926834106445
2016-01-22,core,252,expanding,1.350212812423706,1.2522579431533813
2016-01-25,core,252,expanding,0.8432279825210571,1.145797610282898
2016-01-26,core,252,expanding,1.132907509803772,0.8873446583747864
2016-01-27,core,252,expanding,1.418370008468628,1.4031686782836914
2016-01-28,core,252,expanding,1.6049604415893555,1.1185286045074463
2016-01-29,core,252,expanding,0.8625195026397705,1.3398008346557617
2016-02-01,core,252,expanding,1.108719825744629,0.8941320776939392
2016-02-02,core,252,expanding,1.0957472324371338,1.188146948814392
2016-02-03,core,252,expanding,1.6612110137939453,1.4723998308181763
2016-02-04,core,252,expanding,1.3568352460861206,1.251466155052185
2016-02-05,core,252,expanding,1.1918375492095947,1.3185150623321533
2016-02-08,core,252,expanding,1.7131495475769043,1.4364670515060425
2016-02-09,core,252,expanding,1.7238924503326416,1.3659740686416626
2016-02-10,core,252,expanding,1.2846240997314453,1.2152528762817383
2016-02-11,core,252,expanding,1.7465639114379883,1.3531389236450195
2016-02-12,core,252,expanding,0.9847818613052368,1.095807433128357
2016-02-16,core,252,expanding,0.9619315266609192,0.9193787574768066
2016-02-17,core,252,expanding,0.8570308089256287,1.0334501266479492
2016-02-18,core,252,expanding,0.6592288613319397,0.7470933198928833
2016-02-19,core,252,expanding,0.8370142579078674,0.7299513816833496
2016-02-22,core,252,expanding,0.8208672404289246,0.6165076494216919
2016-02-23,core,252,expanding,0.7050926089286804,0.8497583866119385
2016-02-24,core,252,expanding,1.3654946088790894,1.2082420587539673
2016-02-25,core,252,expanding,0.8240745067596436,0.8961355686187744
2016-02-26,core,252,expanding,0.7443616390228271,0.7679411172866821
2016-02-29,core,252,expanding,0.6923912763595581,0.8817330598831177
2016-03-01,core,252,expanding,0.8032092452049255,0.9441142082214355
2016-03-02,core,252,expanding,0.6526565551757812,0.7250634431838989
2016-03-03,core,252,expanding,0.5303792953491211,0.6296579837799072
2016-03-04,core,252,expanding,0.6377307772636414,0.6712502241134644
2016-03-07,core,252,expanding,0.7092128396034241,0.5854985117912292
2016-03-08,core,252,expanding,0.8456987738609314,0.72758549451828
2016-03-09,core,252,expanding,0.7557376623153687,0.625355064868927
2016-03-10,core,252,expanding,1.0528972148895264,1.0745900869369507
2016-03-11,core,252,expanding,0.7802853584289551,0.7381235957145691
2016-03-14,core,252,expanding,0.4418516457080841,0.55904620885849
2016-03-15,core,252,expanding,0.5727604031562805,0.5146769881248474
2016-03-16,core,252,expanding,0.8591802716255188,0.6370282769203186
2016-03-17,core,252,expanding,0.48305994272232056,0.7094164490699768
2016-03-18,core,252,expanding,0.5102292895317078,0.4476505219936371
2016-03-21,core,252,expanding,0.41795918345451355,0.40184980630874634
2016-03-22,core,252,expanding,0.5167195200920105,0.527588427066803
2016-03-23,core,252,expanding,0.4682425260543823,0.5341992974281311
2016-03-24,core,252,expanding,0.5987577438354492,0.5205735564231873
2016-03-28,core,252,expanding,0.3967815637588501,0.39450550079345703
2016-03-29,core,252,expanding,0.5566663146018982,0.634401261806488
2016-03-30,core,252,expanding,0.5525966882705688,0.4989800453186035
2016-03-31,core,252,expanding,0.37332040071487427,0.4596434533596039
2016-04-01,core,252,expanding,0.7174330949783325,0.7751907110214233
2016-04-04,core,252,expanding,0.42420196533203125,0.43810003995895386
2016-04-05,core,252,expanding,0.7961450219154358,0.6161131262779236
2016-04-06,core,252,expanding,0.5540632605552673,0.6426486372947693
2016-04-07,core,252,expanding,0.7730053663253784,0.7785895466804504
2016-04-08,core,252,expanding,0.6810202598571777,0.695881724357605
2016-04-11,core,252,expanding,0.6143216490745544,0.7432140707969666
2016-04-12,core,252,expanding,0.6139630079269409,0.7196617126464844
2016-04-13,core,252,expanding,0.5803050398826599,0.5274466872215271
2016-04-14,core,252,expanding,0.40409818291664124,0.40444403886795044
2016-04-15,core,252,expanding,0.24712654948234558,0.3413648009300232
2016-04-18,core,252,expanding,0.45766472816467285,0.5471704602241516
2016-04-19,core,252,expanding,0.44714030623435974,0.4148631989955902
2016-04-20,core,252,expanding,0.39241912961006165,0.4589649736881256
2016-04-21,core,252,expanding,0.4886075556278229,0.48347365856170654
2016-04-22,core,252,expanding,0.4717874526977539,0.449651300907135
2016-04-25,core,252,expanding,0.46633097529411316,0.4158405065536499
2016-04-26,core,252,expanding,0.41461044549942017,0.4016048312187195
2016-04-27,core,252,expanding,0.5534590482711792,0.48506009578704834
2016-04-28,core,252,expanding,0.6042600274085999,0.7181825041770935
2016-04-29,core,252,expanding,0.7228695750236511,0.6821548938751221
2016-05-02,core,252,expanding,0.480984628200531,0.5062645673751831
2016-05-03,core,252,expanding,0.7204863429069519,0.6644803881645203
2016-05-04,core,252,expanding,0.5959994196891785,0.5681617259979248
2016-05-05,core,252,expanding,0.5839337110519409,0.5556849837303162
2016-05-06,core,252,expanding,0.6555532813072205,0.6171210408210754
2016-05-09,core,252,expanding,0.4680878221988678,0.4285719096660614
2016-05-10,core,252,expanding,0.45424720644950867,0.5545735359191895
2016-05-11,core,252,expanding,0.47307026386260986,0.5292205214500427
2016-05-12,core,252,expanding,0.6881145238876343,0.6562061309814453
2016-05-13,core,252,expanding,0.5798383355140686,0.7481345534324646
2016-05-16,core,252,expanding,0.4479709267616272,0.7112323641777039
2016-05-17,core,252,expanding,0.5969027876853943,0.7089722752571106
2016-05-18,core,252,expanding,0.9573208093643188,0.8107582926750183
2016-05-19,core,252,expanding,0.8042436838150024,0.7060834765434265
2016-05-20,core,252,expanding,0.5121746063232422,0.5967422127723694
2016-05-23,core,252,expanding,0.33495160937309265,0.4079371988773346
2016-05-24,core,252,expanding,0.5281316637992859,0.607084333896637
2016-05-25,core,252,expanding,0.4735313057899475,0.48026880621910095
2016-05-26,core,252,expanding,0.3417476713657379,0.33945751190185547
2016-05-27,core,252,expanding,0.29841071367263794,0.33450350165367126
2016-05-31,core,252,expanding,0.41572389006614685,0.42756688594818115
2016-06-01,core,252,expanding,0.5437378883361816,0.4721868932247162
2016-06-02,core,252,expanding,0.4243984520435333,0.4505161941051483
2016-06-03,core,252,expanding,0.594088077545166,0.5675967931747437
2016-06-06,core,252,expanding,0.39402854442596436,0.3955325782299042
2016-06-07,core,252,expanding,0.2598709166049957,0.3578242063522339
2016-06-08,core,252,expanding,0.31989070773124695,0.32922348380088806
2016-06-09,core,252,expanding,0.44587990641593933,0.3752974569797516
2016-06-10,core,252,expanding,0.6192079782485962,0.5203678011894226
2016-06-13,core,252,expanding,0.5233069658279419,0.5721621513366699
2016-06-14,core,252,expanding,0.6233665347099304,0.5315317511558533
2016-06-15,core,252,expanding,0.49303311109542847,0.5433754920959473
2016-06-16,core,252,expanding,0.7422111630439758,0.7430928349494934
2016-06-17,core,252,expanding,0.5440672039985657,0.5269476771354675
2016-06-20,core,252,expanding,0.8680330514907837,0.6610609889030457
2016-06-21,core,252,expanding,0.4856100082397461,0.44452741742134094
2016-06-22,core,252,expanding,0.5078912973403931,0.4975438416004181
2016-06-23,core,252,expanding,0.5845242142677307,0.47637537121772766
2016-06-24,core,252,expanding,2.5068275928497314,2.055760622024536
2016-06-27,core,252,expanding,1.1343152523040771,1.3023306131362915
2016-06-28,core,252,expanding,0.9142375588417053,1.1016063690185547
2016-06-29,core,252,expanding,0.7956054210662842,0.8464433550834656
2016-06-30,core,252,expanding,0.5864193439483643,0.8545397520065308
2016-07-01,core,252,expanding,0.38909927010536194,0.49097979068756104
2016-07-05,core,252,expanding,0.5271096229553223,0.5793353319168091
2016-07-06,core,252,expanding,0.6909399032592773,0.7327343225479126
2016-07-07,core,252,expanding,0.5431602597236633,0.5996701717376709
2016-07-08,core,252,expanding,0.391685426235199,0.6007940769195557
2016-07-11,core,252,expanding,0.43085354566574097,0.3801492154598236
2016-07-12,core,252,expanding,0.5599690675735474,0.4478446841239929
2016-07-13,core,252,expanding,0.36263391375541687,0.42100799083709717
2016-07-14,core,252,expanding,0.5216362476348877,0.38466840982437134
2016-07-15,core,252,expanding,0.3339429497718811,0.40085741877555847
2016-07-18,core,252,expanding,0.2528551518917084,0.2829190492630005
2016-07-19,core,252,expanding,0.2636338472366333,0.3396427035331726
2016-07-20,core,252,expanding,0.22623705863952637,0.3585447072982788
2016-07-21,core,252,expanding,0.337037056684494,0.4337084889411926
2016-07-22,core,252,expanding,0.26453956961631775,0.3668563961982727
2016-07-25,core,252,expanding,0.32745012640953064,0.39561712741851807
2016-07-26,core,252,expanding,0.4504607915878296,0.3919704556465149
2016-07-27,core,252,expanding,0.479295939207077,0.49467673897743225
2016-07-28,core,252,expanding,0.4895424544811249,0.41220274567604065
2016-07-29,core,252,expanding,0.4007420241832733,0.44348663091659546
2016-08-01,core,252,expanding,0.47042617201805115,0.40695714950561523
2016-08-02,core,252,expanding,0.4987277686595917,0.6140162944793701
2016-08-03,core,252,expanding,0.34358325600624084,0.41470664739608765
2016-08-04,core,252,expanding,0.33532026410102844,0.36715543270111084
2016-08-05,core,252,expanding,0.31091904640197754,0.4048106074333191
2016-08-08,core,252,expanding,0.23712877929210663,0.33695849776268005
2016-08-09,core,252,expanding,0.22695161402225494,0.3255118131637573
2016-08-10,core,252,expanding,0.32503175735473633,0.3966432809829712
2016-08-11,core,252,expanding,0.3414006233215332,0.3542126417160034
2016-08-12,core,252,expanding,0.22944413125514984,0.330131471157074
2016-08-15,core,252,expanding,0.19754722714424133,0.30739063024520874
2016-08-16,core,252,expanding,0.3397499620914459,0.33879780769348145
2016-08-17,core,252,expanding,0.40539416670799255,0.4156709611415863
2016-08-18,core,252,expanding,0.2481752336025238,0.31527239084243774
2016-08-19,core,252,expanding,0.3755485713481903,0.37548500299453735
2016-08-22,core,252,expanding,0.47530099749565125,0.3503189980983734
2016-08-23,core,252,expanding,0.2574482858181,0.28122666478157043
2016-08-24,core,252,expanding,0.32731950283050537,0.4301624000072479
2016-08-25,core,252,expanding,0.39211443066596985,0.3581080138683319
2016-08-26,core,252,expanding,0.6130600571632385,0.6804625391960144
2016-08-29,core,252,expanding,0.2932550311088562,0.3943096101284027
2016-08-30,core,252,expanding,0.3749251365661621,0.4026331603527069
2016-08-31,core,252,expanding,0.3562649190425873,0.41845324635505676
2016-09-01,core,252,expanding,0.4937528371810913,0.4546913206577301
2016-09-02,core,252,expanding,0.38300156593322754,0.37070783972740173
2016-09-06,core,252,expanding,0.3238064646720886,0.3526274263858795
2016-09-07,core,252,expanding,0.2669856548309326,0.3343835771083832
2016-09-08,core,252,expanding,0.2952359914779663,0.3453768193721771
2016-09-09,core,252,expanding,0.664097785949707,1.0735431909561157
2016-09-12,core,252,expanding,0.752480149269104,0.862355649471283
2016-09-13,core,252,expanding,0.969701886177063,0.8861163854598999
2016-09-14,core,252,expanding,0.6843146085739136,0.81520015001297
2016-09-15,core,252,expanding,0.6103323698043823,0.7878884673118591
2016-09-16,core,252,expanding,0.6537879109382629,0.5731084942817688
2016-09-19,core,252,expanding,0.49307507276535034,0.5737793445587158
2016-09-20,core,252,expanding,0.44174668192863464,0.41975241899490356
2016-09-21,core,252,expanding,0.5785161852836609,0.5705963373184204
2016-09-22,core,252,expanding,0.48172566294670105,0.32767611742019653
2016-09-23,core,252,expanding,0.3419942259788513,0.3857322335243225
2016-09-26,core,252,expanding,0.45899975299835205,0.45476776361465454
2016-09-27,core,252,expanding,0.4963929355144501,0.4941280484199524
2016-09-28,core,252,expanding,0.4797413945198059,0.49871721863746643
2016-09-29,core,252,expanding,0.6804351210594177,0.6455017924308777
2016-09-30,core,252,expanding,0.5552424192428589,0.5315313935279846
2016-10-03,core,252,expanding,0.4135640859603882,0.4137856960296631
2016-10-04,core,252,expanding,0.6580941081047058,0.5994023680686951
2016-10-05,core,252,expanding,0.35043132305145264,0.4031562805175781
2016-10-06,core,252,expanding,0.42119184136390686,0.4459478557109833
2016-10-07,core,252,expanding,0.5236009359359741,0.5815757513046265
2016-10-10,core,252,expanding,0.3350566327571869,0.32031065225601196
2016-10-11,core,252,expanding,0.5850227475166321,0.7812371253967285
2016-10-12,core,252,expanding,0.42785078287124634,0.44998300075531006
2016-10-13,core,252,expanding,0.6159225702285767,0.648937463760376
2016-10-14,core,252,expanding,0.5145489573478699,0.5210986137390137
2016-10-17,core,252,expanding,0.3883950114250183,0.43057873845100403
2016-10-18,core,252,expanding,0.4081222414970398,0.3361576795578003
2016-10-19,core,252,expanding,0.2723785638809204,0.3741920590400696
2016-10-20,core,252,expanding,0.5416315197944641,0.40041816234588623
2016-10-21,core,252,expanding,0.45071932673454285,0.3840228319168091
2016-10-24,core,252,expanding,0.33965981006622314,0.2843201160430908
2016-10-25,core,252,expanding,0.32306280732154846,0.36558520793914795
2016-10-26,core,252,expanding,0.4787444770336151,0.4233432412147522
2016-10-27,core,252,expanding,0.4776531457901001,0.4702880382537842
2016-10-28,core,252,expanding,0.7668375968933105,0.5982798337936401
2016-10-31,core,252,expanding,0.3748847544193268,0.34206902980804443
2016-11-01,core,252,expanding,0.5948173403739929,0.7957265973091125
2016-11-02,core,252,expanding,0.6631988286972046,0.5591101050376892
2016-11-03,core,252,expanding,0.4272792339324951,0.6425170302391052
2016-11-04,core,252,expanding,0.56281977891922,0.536907434463501
2016-11-07,core,252,expanding,0.762750506401062,0.5936926007270813
2016-11-08,core,252,expanding,0.5622711777687073,0.5653321146965027
2016-11-09,core,252,expanding,1.103110671043396,0.9217664003372192
2016-11-10,core,252,expanding,1.0612717866897583,0.7977268695831299
2016-11-11,core,252,expanding,0.5606706738471985,0.5674471259117126
2016-11-14,core,252,expanding,0.5229861736297607,0.5162256360054016
2016-11-15,core,252,expanding,0.3335860073566437,0.5022831559181213
2016-11-16,core,252,expanding,0.3812691569328308,0.38818612694740295
2016-11-17,core,252,expanding,0.2612607479095459,0.3935644328594208
2016-11-18,core,252,expanding,0.30810797214508057,0.3580232858657837
2016-11-21,core,252,expanding,0.3042566776275635,0.3583519458770752
2016-11-22,core,252,expanding,0.29165443778038025,0.3372073173522949
2016-11-23,core,252,expanding,0.2739172577857971,0.34360381960868835
2016-11-25,core,252,expanding,0.1411752551794052,0.2768107056617737
2016-11-28,core,252,expanding,0.311784029006958,0.32390424609184265
2016-11-29,core,252,expanding,0.30249255895614624,0.3939482867717743
2016-11-30,core,252,expanding,0.5293129682540894,0.44266754388809204
2016-12-01,core,252,expanding,0.46159231662750244,0.5016881227493286
2016-12-02,core,252,expanding,0.382408082485199,0.34223368763923645
2016-12-05,core,252,expanding,0.2903845012187958,0.2937168478965759
2016-12-06,core,252,expanding,0.2976779341697693,0.3573826551437378
2016-12-07,core,252,expanding,0.4763052761554718,0.5580834150314331
2016-12-08,core,252,expanding,0.4019447863101959,0.4058631360530853
2016-12-09,core,252,expanding,0.28978437185287476,0.3092157244682312
2016-12-12,core,252,expanding,0.3811413049697876,0.36847609281539917
2016-12-13,core,252,expanding,0.38996440172195435,0.35970208048820496
2016-12-14,core,252,expanding,0.8847878575325012,0.5677872896194458
2016-12-15,core,252,expanding,0.5356317758560181,0.4836727976799011
2016-12-16,core,252,expanding,0.45844119787216187,0.45630425214767456
2016-12-19,core,252,expanding,0.3088212013244629,0.35541415214538574
2016-12-20,core,252,expanding,0.2855783700942993,0.26764386892318726
2016-12-21,core,252,expanding,0.1954396814107895,0.33572444319725037
2016-12-22,core,252,expanding,0.2534743547439575,0.3059888184070587
2016-12-23,core,252,expanding,0.16153864562511444,0.2564429044723511
2016-12-27,core,252,expanding,0.2364281415939331,0.27647578716278076
2016-12-28,core,252,expanding,0.352010577917099,0.4346628785133362
2016-12-29,core,252,expanding,0.3400283455848694,0.3699808418750763
2016-12-30,core,252,expanding,0.469421923160553,0.5374779105186462
2017-01-03,core,252,expanding,0.5941449999809265,0.4053487479686737
2017-01-04,core,252,expanding,0.36411571502685547,0.3421204686164856
2017-01-05,core,252,expanding,0.34329038858413696,0.38323819637298584
2017-01-06,core,252,expanding,0.3869064152240753,0.4450989067554474
2017-01-09,core,252,expanding,0.2839605510234833,0.27918940782546997
2017-01-10,core,252,expanding,0.35444435477256775,0.3926076292991638
2017-01-11,core,252,expanding,0.5368474721908569,0.37838560342788696
2017-01-12,core,252,expanding,0.487313836812973,0.4558712840080261
2017-01-13,core,252,expanding,0.290849506855011,0.27693983912467957
2017-01-17,core,252,expanding,0.3088895082473755,0.3639907240867615
2017-01-18,core,252,expanding,0.3339954912662506,0.2977253794670105
2017-01-19,core,252,expanding,0.39244410395622253,0.4619976282119751
2017-01-20,core,252,expanding,0.454139769077301,0.3729526698589325
2017-01-23,core,252,expanding,0.42793557047843933,0.4287015497684479
2017-01-24,core,252,expanding,0.2782492935657501,0.39150917530059814
2017-01-25,core,252,expanding,0.29393139481544495,0.28890374302864075
2017-01-26,core,252,expanding,0.29524433612823486,0.26732954382896423
2017-01-27,core,252,expanding,0.2568880319595337,0.257961630821228
2017-01-30,core,252,expanding,0.4480785131454468,0.46874529123306274
2017-01-31,core,252,expanding,0.41373762488365173,0.3510003387928009
2017-02-01,core,252,expanding,0.45366063714027405,0.4041196405887604
2017-02-02,core,252,expanding,0.40195223689079285,0.32557135820388794
2017-02-03,core,252,expanding,0.2836639881134033,0.3158509135246277
2017-02-06,core,252,expanding,0.24994990229606628,0.29670509696006775
2017-02-07,core,252,expanding,0.2756151556968689,0.29471883177757263
2017-02-08,core,252,expanding,0.3489532768726349,0.30940374732017517
2017-02-09,core,252,expanding,0.25159740447998047,0.328315794467926
2017-02-10,core,252,expanding,0.21658344566822052,0.2556854486465454
2017-02-13,core,252,expanding,0.22174997627735138,0.25402089953422546
2017-02-14,core,252,expanding,0.3285106420516968,0.33212172985076904
2017-02-15,core,252,expanding,0.3014621436595917,0.3566124141216278
2017-02-16,core,252,expanding,0.4711402356624603,0.32971063256263733
2017-02-17,core,252,expanding,0.28547823429107666,0.31123223900794983
2017-02-21,core,252,expanding,0.3339502215385437,0.29065433144569397
2017-02-22,core,252,expanding,0.26277434825897217,0.2808093726634979
2017-02-23,core,252,expanding,0.3267427682876587,0.35600849986076355
2017-02-24,core,252,expanding,0.38533371686935425,0.3889107406139374
2017-02-27,core,252,expanding,0.28920838236808777,0.28200119733810425
2017-02-28,core,252,expanding,0.2856677174568176,0.30476653575897217
2017-03-01,core,252,expanding,0.377248615026474,0.39584022760391235
2017-03-02,core,252,expanding,0.38693761825561523,0.38466715812683105
2017-03-03,core,252,expanding,0.31391921639442444,0.2956545948982239
2017-03-06,core,252,expanding,0.305844247341156,0.3566434681415558
2017-03-07,core,252,expanding,0.30975478887557983,0.3288428485393524
2017-03-08,core,252,expanding,0.3364221751689911,0.3860808312892914
2017-03-09,core,252,expanding,0.349087119102478,0.3872204124927521
2017-03-10,core,252,expanding,0.37227576971054077,0.353871613740921
2017-03-13,core,252,expanding,0.2337055802345276,0.24431675672531128
2017-03-14,core,252,expanding,0.37985166907310486,0.33982786536216736
2017-03-15,core,252,expanding,0.42964404821395874,0.39034172892570496
2017-03-16,core,252,expanding,0.32268214225769043,0.3334888219833374
2017-03-17,core,252,expanding,0.2527070939540863,0.29059964418411255
2017-03-20,core,252,expanding,0.3469682037830353,0.34422439336776733
2017-03-21,core,252,expanding,0.6479567885398865,0.7725592851638794
2017-03-22,core,252,expanding,0.5360957384109497,0.4393112361431122
2017-03-23,core,252,expanding,0.5107344388961792,0.4829424023628235
2017-03-24,core,252,expanding,0.5062916874885559,0.4998801052570343
2017-03-27,core,252,expanding,0.4787888824939728,0.5735092163085938
2017-03-28,core,252,expanding,0.4661623537540436,0.5443246364593506
2017-03-29,core,252,expanding,0.3232223391532898,0.3453372120857239
2017-03-30,core,252,expanding,0.2998308837413788,0.32365119457244873
2017-03-31,core,252,expanding,0.3427317142486572,0.31456926465034485
2017-04-03,core,252,expanding,0.49364250898361206,0.5120953321456909
2017-04-04,core,252,expanding,0.3619523346424103,0.3155384659767151
2017-04-05,core,252,expanding,0.6213233470916748,0.5963144302368164
2017-04-06,core,252,expanding,0.5119221210479736,0.3857012093067169
2017-04-07,core,252,expanding,0.44955167174339294,0.4185889661312103
2017-04-10,core,252,expanding,0.4825155735015869,0.39791518449783325
2017-04-11,core,252,expanding,0.5633184313774109,0.47681066393852234
2017-04-12,core,252,expanding,0.4779595732688904,0.4396936595439911
2017-04-13,core,252,expanding,0.48874613642692566,0.533922016620636
2017-04-17,core,252,expanding,0.3559204041957855,0.40787503123283386
2017-04-18,core,252,expanding,0.42907586693763733,0.4363378882408142
2017-04-19,core,252,expanding,0.36144882440567017,0.5067254900932312
2017-04-20,core,252,expanding,0.35535743832588196,0.44437289237976074
2017-04-21,core,252,expanding,0.3804391920566559,0.38342782855033875
2017-04-24,core,252,expanding,0.29089903831481934,0.2495741844177246
2017-04-25,core,252,expanding,0.26883623003959656,0.30555713176727295
2017-04-26,core,252,expanding,0.47160688042640686,0.33371537923812866
2017-04-27,core,252,expanding,0.3280641734600067,0.30788886547088623
2017-04-28,core,252,expanding,0.29768356680870056,0.3559035062789917
2017-05-01,core,252,expanding,0.2744441032409668,0.30703309178352356
2017-05-02,core,252,expanding,0.24161285161972046,0.2834012508392334
2017-05-03,core,252,expanding,0.2866865396499634,0.3428422212600708
2017-05-04,core,252,expanding,0.3698002099990845,0.3150542974472046
2017-05-05,core,252,expanding,0.2362615019083023,0.29933834075927734
2017-05-08,core,252,expanding,0.2636096775531769,0.2758166790008545
2017-05-09,core,252,expanding,0.2550305724143982,0.3459892272949219
2017-05-10,core,252,expanding,0.2191449999809265,0.23804311454296112
2017-05-11,core,252,expanding,0.34043386578559875,0.36871033906936646
2017-05-12,core,252,expanding,0.2339843213558197,0.2741320729255676
2017-05-15,core,252,expanding,0.234304741024971,0.2979584038257599
2017-05-16,core,252,expanding,0.2754415273666382,0.3022429645061493
2017-05-17,core,252,expanding,0.5703036785125732,0.6902080178260803
2017-05-18,core,252,expanding,0.6583026647567749,0.5184571743011475
2017-05-19,core,252,expanding,0.366624653339386,0.5019212365150452
2017-05-22,core,252,expanding,0.25279611349105835,0.3389328122138977
2017-05-23,core,252,expanding,0.23059110343456268,0.2964179813861847
2017-05-24,core,252,expanding,0.22190330922603607,0.24799185991287231
2017-05-25,core,252,expanding,0.29225000739097595,0.29337626695632935
2017-05-26,core,252,expanding,0.19085313379764557,0.24511268734931946
2017-05-30,core,252,expanding,0.20878863334655762,0.26359978318214417
2017-05-31,core,252,expanding,0.38006359338760376,0.316125750541687
2017-06-01,core,252,expanding,0.2832896113395691,0.3227114975452423
2017-06-02,core,252,expanding,0.26777559518814087,0.3424086570739746
2017-06-05,core,252,expanding,0.21972046792507172,0.28115925192832947
2017-06-06,core,252,expanding,0.29198187589645386,0.29152676463127136
2017-06-07,core,252,expanding,0.2931000292301178,0.29465848207473755
2017-06-08,core,252,expanding,0.36013472080230713,0.30419081449508667
2017-06-09,core,252,expanding,0.5997708439826965,0.6379116177558899
2017-06-12,core,252,expanding,0.4464995563030243,0.348021000623703
2017-06-13,core,252,expanding,0.2831891179084778,0.29045942425727844
2017-06-14,core,252,expanding,0.452065646648407,0.39274439215660095
2017-06-15,core,252,expanding,0.40803006291389465,0.3908000886440277
2017-06-16,core,252,expanding,0.33470094203948975,0.3332671821117401
2017-06-19,core,252,expanding,0.24239997565746307,0.3127841651439667
2017-06-20,core,252,expanding,0.31976082921028137,0.37659528851509094
2017-06-21,core,252,expanding,0.35946547985076904,0.34237542748451233
2017-06-22,core,252,expanding,0.2689540386199951,0.2926132082939148
2017-06-23,core,252,expanding,0.2873464822769165,0.3202573359012604
2017-06-26,core,252,expanding,0.3764224648475647,0.3539104759693146
2017-06-27,core,252,expanding,0.4419737458229065,0.4539075791835785
2017-06-28,core,252,expanding,0.4040771722793579,0.3647124767303467
2017-06-29,core,252,expanding,0.6913115382194519,0.6881120800971985
2017-06-30,core,252,expanding,0.438387393951416,0.39057978987693787
2017-07-03,core,252,expanding,0.3407587707042694,0.33677616715431213
2017-07-05,core,252,expanding,0.34755653142929077,0.3250270485877991
2017-07-06,core,252,expanding,0.4471803903579712,0.4223729074001312
2017-07-07,core,252,expanding,0.3036389648914337,0.3807564675807953
2017-07-10,core,252,expanding,0.2508412003517151,0.31968462467193604
2017-07-11,core,252,expanding,0.4518721401691437,0.4434778690338135
2017-07-12,core,252,expanding,0.31362855434417725,0.30629411339759827
2017-07-13,core,252,expanding,0.21801908314228058,0.26507845520973206
2017-07-14,core,252,expanding,0.21768583357334137,0.363084614276886
2017-07-17,core,252,expanding,0.17704883217811584,0.23784904181957245
2017-07-18,core,252,expanding,0.29776206612586975,0.2975679934024811
2017-07-19,core,252,expanding,0.1982658952474594,0.2780088186264038
2017-07-20,core,252,expanding,0.2855852246284485,0.26080965995788574
2017-07-21,core,252,expanding,0.21564951539039612,0.25192543864250183
2017-07-24,core,252,expanding,0.18798159062862396,0.268033891916275
2017-07-25,core,252,expanding,0.198478102684021,0.2087462842464447
2017-07-26,core,252,expanding,0.2417433112859726,0.24280203878879547
2017-07-27,core,252,expanding,0.5124894380569458,0.45911654829978943
2017-07-28,core,252,expanding,0.27705153822898865,0.3060154616832733
2017-07-31,core,252,expanding,0.27641624212265015,0.30503401160240173
2017-08-01,core,252,expanding,0.26178157329559326,0.2565937936306
2017-08-02,core,252,expanding,0.36391228437423706,0.34634727239608765
2017-08-03,core,252,expanding,0.2669261693954468,0.2841537296772003
2017-08-04,core,252,expanding,0.27783048152923584,0.2432585507631302
2017-08-07,core,252,expanding,0.1396302729845047,0.2201041877269745
2017-08-08,core,252,expanding,0.32645314931869507,0.46550410985946655
2017-08-09,core,252,expanding,0.42734795808792114,0.34325850009918213
2017-08-10,core,252,expanding,0.5539331436157227,0.5583654642105103
2017-08-11,core,252,expanding,0.40293288230895996,0.3453376293182373
2017-08-14,core,252,expanding,0.3197154700756073,0.3151604235172272
2017-08-15,core,252,expanding,0.2756270468235016,0.2649199962615967
2017-08-16,core,252,expanding,0.3098800778388977,0.3054136633872986
2017-08-17,core,252,expanding,0.5666921734809875,0.6772174835205078
2017-08-18,core,252,expanding,0.5396871566772461,0.5318573117256165
2017-08-21,core,252,expanding,0.3802880346775055,0.3918943703174591
2017-08-22,core,252,expanding,0.3325574994087219,0.42231351137161255
2017-08-23,core,252,expanding,0.33482450246810913,0.31949418783187866
2017-08-24,core,252,expanding,0.4081401824951172,0.38727739453315735
2017-08-25,core,252,expanding,0.35221168398857117,0.33597472310066223
2017-08-28,core,252,expanding,0.27280107140541077,0.3249235451221466
2017-08-29,core,252,expanding,0.3023466169834137,0.47030094265937805
2017-08-30,core,252,expanding,0.28190580010414124,0.34757882356643677
2017-08-31,core,252,expanding,0.28774911165237427,0.2898259460926056
2017-09-01,core,252,expanding,0.2610171437263489,0.23301133513450623
2017-09-05,core,252,expanding,0.5872742533683777,0.4757802486419678
2017-09-06,core,252,expanding,0.268234521150589,0.3330448567867279
2017-09-07,core,252,expanding,0.3488328754901886,0.29783642292022705
2017-09-08,core,252,expanding,0.26214608550071716,0.2830720543861389
2017-09-11,core,252,expanding,0.27913767099380493,0.3295304775238037
2017-09-12,core,252,expanding,0.21457931399345398,0.21893274784088135
2017-09-13,core,252,expanding,0.18590152263641357,0.21510961651802063
2017-09-14,core,252,expanding,0.2049117535352707,0.24689996242523193
2017-09-15,core,252,expanding,0.1887010931968689,0.2379065454006195
2017-09-18,core,252,expanding,0.22692590951919556,0.2545085549354553
2017-09-19,core,252,expanding,0.20944732427597046,0.17806577682495117
2017-09-20,core,252,expanding,0.3194049298763275,0.29153260588645935
2017-09-21,core,252,expanding,0.27827996015548706,0.2789487838745117
2017-09-22,core,252,expanding,0.18659909069538116,0.24977931380271912
2017-09-25,core,252,expanding,0.3676814138889313,0.3824302554130554
2017-09-26,core,252,expanding,0.2561092972755432,0.2728596329689026
2017-09-27,core,252,expanding,0.3316907584667206,0.32480865716934204
2017-09-28,core,252,expanding,0.22696463763713837,0.2385745346546173
2017-09-29,core,252,expanding,0.2212851494550705,0.2866116464138031
2017-10-02,core,252,expanding,0.23387622833251953,0.26073816418647766
2017-10-03,core,252,expanding,0.20675358176231384,0.21815073490142822
2017-10-04,core,252,expanding,0.22618231177330017,0.2337467074394226
2017-10-05,core,252,expanding,0.2003074586391449,0.2594677209854126
2017-10-06,core,252,expanding,0.21610863506793976,0.23658239841461182
2017-10-09,core,252,expanding,0.19429978728294373,0.29259371757507324
2017-10-10,core,252,expanding,0.2679659426212311,0.27715247869491577
2017-10-11,core,252,expanding,0.18613363802433014,0.22086097300052643
2017-10-12,core,252,expanding,0.19867780804634094,0.24236738681793213
2017-10-13,core,252,expanding,0.18884645402431488,0.22978535294532776
2017-10-16,core,252,expanding,0.1969553828239441,0.24645668268203735
2017-10-17,core,252,expanding,0.15306545794010162,0.214145690202713
2017-10-18,core,252,expanding,0.1756894290447235,0.18109554052352905
2017-10-19,core,252,expanding,0.23393860459327698,0.2914286255836487
2017-10-20,core,252,expanding,0.20694197714328766,0.22825771570205688
2017-10-23,core,252,expanding,0.2227243334054947,0.3320121169090271
2017-10-24,core,252,expanding,0.25207167863845825,0.2363884598016739
2017-10-25,core,252,expanding,0.469613641500473,0.43814247846603394
2017-10-26,core,252,expanding,0.3526957333087921,0.25108858942985535
2017-10-27,core,252,expanding,0.3585015535354614,0.36572346091270447
2017-10-30,core,252,expanding,0.3192252218723297,0.3231140971183777
2017-10-31,core,252,expanding,0.19606314599514008,0.22241833806037903
2017-11-01,core,252,expanding,0.3145422637462616,0.2964502274990082
2017-11-02,core,252,expanding,0.4012853801250458,0.3026657998561859
2017-11-03,core,252,expanding,0.21144944429397583,0.28686606884002686
2017-11-06,core,252,expanding,0.1756441593170166,0.25728797912597656
2017-11-07,core,252,expanding,0.2885470390319824,0.2977091372013092
2017-11-08,core,252,expanding,0.2377471625804901,0.256605327129364
2017-11-09,core,252,expanding,0.5260649919509888,0.40408003330230713
2017-11-10,core,252,expanding,0.2622299790382385,0.2722909152507782
2017-11-13,core,252,expanding,0.21883928775787354,0.33069464564323425
2017-11-14,core,252,expanding,0.4390322268009186,0.3455616235733032
2017-11-15,core,252,expanding,0.472497820854187,0.3568839132785797
2017-11-16,core,252,expanding,0.28375008702278137,0.3349083364009857
2017-11-17,core,252,expanding,0.2333579659461975,0.2642315924167633
2017-11-20,core,252,expanding,0.21441274881362915,0.23216159641742706
2017-11-21,core,252,expanding,0.21939651668071747,0.263843834400177
2017-11-22,core,252,expanding,0.16789111495018005,0.22539159655570984
2017-11-24,core,252,expanding,0.11036571860313416,0.18693946301937103
2017-11-27,core,252,expanding,0.21591709554195404,0.23026210069656372
2017-11-28,core,252,expanding,0.332401305437088,0.3125951588153839
2017-11-29,core,252,expanding,0.40184885263442993,0.2987840473651886
2017-11-30,core,252,expanding,0.5227156281471252,0.35830822587013245
2017-12-01,core,252,expanding,0.9422593116760254,0.8648872375488281
2017-12-04,core,252,expanding,0.47601592540740967,0.5995497703552246
2017-12-05,core,252,expanding,0.40449535846710205,0.5515531897544861
2017-12-06,core,252,expanding,0.36108317971229553,0.374146968126297
2017-12-07,core,252,expanding,0.2985341250896454,0.3392379879951477
2017-12-08,core,252,expanding,0.2675434947013855,0.24701479077339172
2017-12-11,core,252,expanding,0.2507210671901703,0.2463114857673645
2017-12-12,core,252,expanding,0.25566771626472473,0.2522207796573639
2017-12-13,core,252,expanding,0.34856224060058594,0.25129076838493347
2017-12-14,core,252,expanding,0.34134772419929504,0.3566298484802246
2017-12-15,core,252,expanding,0.3541978597640991,0.3727869689464569
2017-12-18,core,252,expanding,0.2906266152858734,0.25316816568374634
2017-12-19,core,252,expanding,0.2915348410606384,0.3390139639377594
2017-12-20,core,252,expanding,0.36737746000289917,0.3679879307746887
2017-12-21,core,252,expanding,0.28333720564842224,0.26910266280174255
2017-12-22,core,252,expanding,0.2097993791103363,0.24012252688407898
2017-12-26,core,252,expanding,0.1740947812795639,0.24031966924667358
2017-12-27,core,252,expanding,0.16462063789367676,0.2352209985256195
2017-12-28,core,252,expanding,0.1265108734369278,0.2342057228088379
2017-12-29,core,252,expanding,0.2589125633239746,0.431257963180542
2018-01-02,core,252,expanding,0.25719547271728516,0.27661699056625366
2018-01-03,core,252,expanding,0.2391333281993866,0.3160927891731262
2018-01-04,core,252,expanding,0.27034327387809753,0.25615713000297546
2018-01-05,core,252,expanding,0.28086626529693604,0.31024014949798584
2018-01-08,core,252,expanding,0.24695022404193878,0.2839900255203247
2018-01-09,core,252,expanding,0.32538437843322754,0.27542564272880554
2018-01-10,core,252,expanding,0.3415842354297638,0.3293001651763916
2018-01-11,core,252,expanding,0.2641451954841614,0.2851843237876892
2018-01-12,core,252,expanding,0.3210194706916809,0.33660370111465454
2018-01-16,core,252,expanding,0.563125491142273,0.715457022190094
2018-01-17,core,252,expanding,0.4180128276348114,0.4426174461841583
2018-01-18,core,252,expanding,0.46273958683013916,0.4108054041862488
2018-01-19,core,252,expanding,0.35955312848091125,0.2989965081214905
2018-01-22,core,252,expanding,0.351593017578125,0.4560227394104004
2018-01-23,core,252,expanding,0.3242871165275574,0.2843237519264221
2018-01-24,core,252,expanding,0.6133341789245605,0.4967283606529236
2018-01-25,core,252,expanding,0.5513340830802917,0.37109267711639404
2018-01-26,core,252,expanding,0.30169710516929626,0.4688945710659027
2018-01-29,core,252,expanding,0.4727512300014496,0.44255074858665466
2018-01-30,core,252,expanding,0.5910142064094543,0.5036574602127075
2018-01-31,core,252,expanding,0.5719858407974243,0.5232313275337219
2018-02-01,core,252,expanding,0.5780919790267944,0.5118986964225769
2018-02-02,core,252,expanding,0.8375901579856873,0.8993611931800842
2018-02-05,core,252,expanding,2.1334946155548096,2.5678768157958984
2018-02-06,core,252,expanding,2.579169988632202,2.282470941543579
2018-02-07,core,252,expanding,1.404337763786316,1.6451822519302368
2018-02-08,core,252,expanding,1.9079525470733643,2.556016206741333
2018-02-09,core,252,expanding,2.5284788608551025,2.305572271347046
2018-02-12,core,252,expanding,1.2879538536071777,1.52156662940979
2018-02-13,core,252,expanding,0.8434237837791443,0.8632047772407532
2018-02-14,core,252,expanding,0.9949487447738647,1.0703481435775757
2018-02-15,core,252,expanding,0.857620358467102,0.8227460980415344
2018-02-16,core,252,expanding,0.8491882085800171,0.8509150147438049
2018-02-20,core,252,expanding,0.7607020139694214,0.8353188037872314
2018-02-21,core,252,expanding,0.8796559572219849,1.0426994562149048
2018-02-22,core,252,expanding,0.982450544834137,0.8891966938972473
2018-02-23,core,252,expanding,0.6561958193778992,0.7149799466133118
2018-02-26,core,252,expanding,0.5585577487945557,0.5509558320045471
2018-02-27,core,252,expanding,0.8954675793647766,0.9627826809883118
2018-02-28,core,252,expanding,0.8766345977783203,0.9725455045700073
2018-03-01,core,252,expanding,1.5348745584487915,1.393431305885315
2018-03-02,core,252,expanding,1.091001272201538,1.2024158239364624
2018-03-05,core,252,expanding,0.7670683860778809,1.1414389610290527
2018-03-06,core,252,expanding,0.6781601309776306,0.7399197816848755
2018-03-07,core,252,expanding,0.6853549480438232,0.8220071792602539
2018-03-08,core,252,expanding,0.6589736342430115,0.5662707090377808
2018-03-09,core,252,expanding,0.3784139156341553,0.6299697756767273
2018-03-12,core,252,expanding,0.5329153537750244,0.3852284848690033
2018-03-13,core,252,expanding,0.7008094787597656,0.8583647012710571
2018-03-14,core,252,expanding,0.812177300453186,0.7232478857040405
2018-03-15,core,252,expanding,0.5429506897926331,0.71233069896698
2018-03-16,core,252,expanding,0.43193814158439636,0.4273513853549957
2018-03-19,core,252,expanding,0.7954359650611877,0.9095330238342285
2018-03-20,core,252,expanding,0.5796181559562683,0.5558503270149231
2018-03-21,core,252,expanding,0.7872107028961182,0.7161896228790283
2018-03-22,core,252,expanding,1.071126937866211,1.1166738271713257
2018-03-23,core,252,expanding,1.2426462173461914,1.4661272764205933
2018-03-26,core,252,expanding,1.1403673887252808,1.1292349100112915
2018-03-27,core,252,expanding,1.3287451267242432,1.6328147649765015
2018-03-28,core,252,expanding,1.639723300933838,1.3224316835403442
2018-03-29,core,252,expanding,0.9809083342552185,1.3420194387435913
2018-04-02,core,252,expanding,1.3223576545715332,1.709027647972107
2018-04-03,core,252,expanding,1.3373339176177979,1.121353030204773
2018-04-04,core,252,expanding,1.143849492073059,1.7023671865463257
2018-04-05,core,252,expanding,0.9285606741905212,0.7056809663772583
2018-04-06,core,252,expanding,1.1584303379058838,1.5599561929702759
2018-04-09,core,252,expanding,0.8719894289970398,1.0105226039886475
2018-04-10,core,252,expanding,1.0520451068878174,0.8416131734848022
2018-04-11,core,252,expanding,0.8680610656738281,0.7350337505340576
2018-04-12,core,252,expanding,0.7068662047386169,0.5984499454498291
2018-04-13,core,252,expanding,0.7889988422393799,0.8507845401763916
2018-04-16,core,252,expanding,0.5640756487846375,0.5981730222702026
2018-04-17,core,252,expanding,0.4062032103538513,0.5563750267028809
2018-04-18,core,252,expanding,0.4752669334411621,0.480354368686676
2018-04-19,core,252,expanding,0.6005023717880249,0.5664405822753906
2018-04-20,core,252,expanding,0.7222591042518616,0.7603051662445068
2018-04-23,core,252,expanding,0.6041501760482788,0.5876239538192749
2018-04-24,core,252,expanding,1.1863954067230225,1.1542506217956543
2018-04-25,core,252,expanding,1.002812147140503,0.9240187406539917
2018-04-26,core,252,expanding,0.6151542067527771,0.8460990190505981
2018-04-27,core,252,expanding,0.5787578821182251,0.5561280250549316
2018-04-30,core,252,expanding,0.6815624833106995,0.8838505744934082
2018-05-01,core,252,expanding,0.6890027523040771,0.7783926129341125
2018-05-02,core,252,expanding,0.6919511556625366,0.7528529167175293
2018-05-03,core,252,expanding,1.0050013065338135,1.03014075756073
2018-05-04,core,252,expanding,0.6681065559387207,1.096699833869934
2018-05-07,core,252,expanding,0.5244778394699097,0.5713129043579102
2018-05-08,core,252,expanding,0.6726407408714294,0.5827414989471436
2018-05-09,core,252,expanding,0.5446033477783203,0.6143871545791626
2018-05-10,core,252,expanding,0.44842496514320374,0.49374035000801086
2018-05-11,core,252,expanding,0.45406439900398254,0.43050479888916016
2018-05-14,core,252,expanding,0.437887579202652,0.42098745703697205
2018-05-15,core,252,expanding,0.6276284456253052,0.47324758768081665
2018-05-16,core,252,expanding,0.40248987078666687,0.46435829997062683
2018-05-17,core,252,expanding,0.44504034519195557,0.507116973400116
2018-05-18,core,252,expanding,0.4612334668636322,0.36470937728881836
2018-05-21,core,252,expanding,0.5162333846092224,0.35245567560195923
2018-05-22,core,252,expanding,0.3770540654659271,0.5057780742645264
2018-05-23,core,252,expanding,0.5340638160705566,0.49868646264076233
2018-05-24,core,252,expanding,0.5723243951797485,0.5581676363945007
2018-05-25,core,252,expanding,0.40245509147644043,0.3618338108062744
2018-05-29,core,252,expanding,0.7598915100097656,0.7159276008605957
2018-05-30,core,252,expanding,0.4607102572917938,0.5417964458465576
2018-05-31,core,252,expanding,0.632694661617279,0.5519489645957947
2018-06-01,core,252,expanding,0.4482681453227997,0.43224507570266724
2018-06-04,core,252,expanding,0.3107287883758545,0.26734498143196106
2018-06-05,core,252,expanding,0.4015713632106781,0.3197043240070343
2018-06-06,core,252,expanding,0.38857004046440125,0.40710756182670593
2018-06-07,core,252,expanding,0.5433858633041382,0.42980676889419556
2018-06-08,core,252,expanding,0.36156541109085083,0.3693907558917999
2018-06-11,core,252,expanding,0.2741956114768982,0.2769327163696289
2018-06-12,core,252,expanding,0.29102885723114014,0.26563146710395813
2018-06-13,core,252,expanding,0.41145262122154236,0.3705836236476898
2018-06-14,core,252,expanding,0.3348427414894104,0.32815688848495483
2018-06-15,core,252,expanding,0.5051054358482361,0.45721274614334106
2018-06-18,core,252,expanding,0.45607635378837585,0.4248358905315399
2018-06-19,core,252,expanding,0.4644145965576172,0.480561763048172
2018-06-20,core,252,expanding,0.28303611278533936,0.3352906405925751
2018-06-21,core,252,expanding,0.5510256886482239,0.4973721206188202
2018-06-22,core,252,expanding,0.3907091021537781,0.33315491676330566
2018-06-25,core,252,expanding,0.9079411625862122,0.7596436142921448
2018-06-26,core,252,expanding,0.5384148359298706,0.49380919337272644
2018-06-27,core,252,expanding,0.8615435361862183,0.8460261821746826
2018-06-28,core,252,expanding,0.7607877850532532,0.69391930103302
2018-06-29,core,252,expanding,0.4975632429122925,0.6476368308067322
2018-07-02,core,252,expanding,0.622246265411377,0.6414930820465088
2018-07-03,core,252,expanding,0.3767855167388916,0.6028872728347778
2018-07-05,core,252,expanding,0.5331748127937317,0.44713106751441956
2018-07-06,core,252,expanding,0.47719353437423706,0.592494010925293
2018-07-09,core,252,expanding,0.3321104347705841,0.31406745314598083
2018-07-10,core,252,expanding,0.33783769607543945,0.2413930892944336
2018-07-11,core,252,expanding,0.44071194529533386,0.3783096969127655
2018-07-12,core,252,expanding,0.4066295921802521,0.36406540870666504
2018-07-13,core,252,expanding,0.30671635270118713,0.3524714410305023
2018-07-16,core,252,expanding,0.30701136589050293,0.2856430113315582
2018-07-17,core,252,expanding,0.350209504365921,0.46227845549583435
2018-07-18,core,252,expanding,0.24477341771125793,0.29220667481422424
2018-07-19,core,252,expanding,0.392339289188385,0.3391232490539551
2018-07-20,core,252,expanding,0.30862411856651306,0.29582279920578003
2018-07-24,core,252,expanding,0.4598580300807953,0.3492657244205475
2018-07-25,core,252,expanding,0.46678847074508667,0.4545465111732483
2018-07-26,core,252,expanding,0.3454607427120209,0.3579636216163635
2018-07-27,core,252,expanding,0.5538758039474487,0.7083476185798645
2018-07-30,core,252,expanding,0.5101690292358398,0.5495215058326721
2018-07-31,core,252,expanding,0.4386136531829834,0.3942718505859375
2018-08-01,core,252,expanding,0.34442010521888733,0.49292102456092834
2018-08-02,core,252,expanding,0.37689298391342163,0.5701584219932556
2018-08-03,core,252,expanding,0.30071821808815,0.3227507472038269
2018-08-06,core,252,expanding,0.2628695070743561,0.35297691822052
2018-08-07,core,252,expanding,0.2995876967906952,0.21063828468322754
2018-08-08,core,252,expanding,0.2761630713939667,0.26897120475769043
2018-08-09,core,252,expanding,0.2743910849094391,0.3015406131744385
2018-08-10,core,252,expanding,0.4782765805721283,0.3993547260761261
2018-08-13,core,252,expanding,0.5069187879562378,0.5372608304023743
2018-08-14,core,252,expanding,0.42172709107398987,0.3393305242061615
2018-08-15,core,252,expanding,0.670335590839386,0.5014972686767578
2018-08-16,core,252,expanding,0.40460681915283203,0.3786050081253052
2018-08-17,core,252,expanding,0.41838735342025757,0.4730628430843353
2018-08-20,core,252,expanding,0.28990715742111206,0.23251327872276306
2018-08-21,core,252,expanding,0.299259215593338,0.2915867567062378
2018-08-22,core,252,expanding,0.3138015866279602,0.3131636679172516
2018-08-23,core,252,expanding,0.3584616482257843,0.34475037455558777
2018-08-24,core,252,expanding,0.2962871491909027,0.2838555872440338
2018-08-27,core,252,expanding,0.2930699288845062,0.263555109500885
2018-08-28,core,252,expanding,0.30566510558128357,0.24526000022888184
2018-08-29,core,252,expanding,0.2594495415687561,0.3283640146255493
2018-08-30,core,252,expanding,0.44833794236183167,0.37469974160194397
2018-08-31,core,252,expanding,0.3859144449234009,0.3373399078845978
2018-09-04,core,252,expanding,0.48069384694099426,0.35702285170555115
2018-09-05,core,252,expanding,0.5920611619949341,0.3962191343307495
2018-09-06,core,252,expanding,0.5906903147697449,0.5361423492431641
2018-09-07,core,252,expanding,0.6175907254219055,0.4956955015659332
2018-09-10,core,252,expanding,0.32056400179862976,0.30373847484588623
2018-09-11,core,252,expanding,0.38368093967437744,0.48031559586524963
2018-09-12,core,252,expanding,0.49884432554244995,0.3797335922718048
2018-09-13,core,252,expanding,0.35673806071281433,0.2926393747329712
2018-09-14,core,252,expanding,0.3571789264678955,0.29778122901916504
2018-09-17,core,252,expanding,0.29021525382995605,0.398255854845047
2018-09-18,core,252,expanding,0.37742602825164795,0.4043334722518921
2018-09-19,core,252,expanding,0.3261069655418396,0.2791963219642639
2018-09-20,core,252,expanding,0.2882997393608093,0.28688108921051025
2018-09-21,core,252,expanding,0.26033905148506165,0.30989915132522583
2018-09-24,core,252,expanding,0.33471453189849854,0.2827065587043762
2018-09-25,core,252,expanding,0.28322121500968933,0.29972904920578003
2018-09-26,core,252,expanding,0.4872455298900604,0.5308505296707153
2018-09-27,core,252,expanding,0.31215161085128784,0.37571799755096436
2018-09-28,core,252,expanding,0.3414154350757599,0.31421858072280884
2018-10-01,core,252,expanding,0.3524417281150818,0.367117702960968
2018-10-02,core,252,expanding,0.3973557651042938,0.29969048500061035
2018-10-03,core,252,expanding,0.4013533592224121,0.41190361976623535
2018-10-04,core,252,expanding,0.6643069982528687,0.5778945088386536
2018-10-05,core,252,expanding,0.6507703065872192,0.773812472820282
2018-10-08,core,252,expanding,0.6626729369163513,0.612739622592926
2018-10-09,core,252,expanding,0.6490383744239807,0.5194163918495178
2018-10-10,core,252,expanding,1.2177910804748535,1.5804879665374756
2018-10-11,core,252,expanding,1.9543243646621704,1.6266545057296753
2018-10-12,core,252,expanding,1.4076210260391235,1.1666464805603027
2018-10-15,core,252,expanding,0.8860245943069458,0.9191253781318665
2018-10-16,core,252,expanding,0.6799200177192688,1.0249488353729248
2018-10-17,core,252,expanding,1.0294368267059326,0.7765882611274719
2018-10-18,core,252,expanding,1.1210793256759644,0.9596150517463684
2018-10-19,core,252,expanding,0.9384655356407166,0.9290957450866699
2018-10-22,core,252,expanding,0.9413435459136963,0.8721606135368347
2018-10-23,core,252,expanding,1.1342304944992065,1.4655426740646362
2018-10-24,core,252,expanding,1.3328379392623901,1.7138322591781616
2018-10-25,core,252,expanding,1.0052441358566284,1.108230710029602
2018-10-26,core,252,expanding,1.794838309288025,1.6729360818862915
2018-10-29,core,252,expanding,1.738034725189209,2.493955373764038
2018-10-30,core,252,expanding,1.539250135421753,1.211936116218567
2018-10-31,core,252,expanding,0.9092718362808228,0.9764115810394287
2018-11-01,core,252,expanding,0.8322470188140869,0.7765329480171204
2018-11-02,core,252,expanding,1.2750682830810547,1.2097982168197632
2018-11-05,core,252,expanding,0.5938044786453247,0.7511124014854431
2018-11-06,core,252,expanding,0.6082685589790344,0.61771160364151
2018-11-07,core,252,expanding,0.6388793587684631,0.7012364268302917
2018-11-08,core,252,expanding,0.6680996417999268,0.5643600821495056
2018-11-09,core,252,expanding,0.7428414821624756,0.7803260684013367
2018-11-12,core,252,expanding,0.9620618224143982,1.0638068914413452
2018-11-13,core,252,expanding,1.2956187725067139,0.9668574333190918
2018-11-14,core,252,expanding,1.1310672760009766,1.4371176958084106
2018-11-15,core,252,expanding,1.3653268814086914,1.450656533241272
2018-11-16,core,252,expanding,0.9045296311378479,0.9884838461875916
2018-11-19,core,252,expanding,1.0724596977233887,1.1864897012710571
2018-11-20,core,252,expanding,1.3623071908950806,1.1064354181289673
2018-11-21,core,252,expanding,0.6101160049438477,0.9825076460838318
2018-11-23,core,252,expanding,0.5092489719390869,0.6588225960731506
2018-11-26,core,252,expanding,0.7374189496040344,0.5390506386756897
2018-11-27,core,252,expanding,0.7982913255691528,0.6748373508453369
2018-11-28,core,252,expanding,0.9434499144554138,0.9068098664283752
2018-11-29,core,252,expanding,0.6756272315979004,0.7330489754676819
2018-11-30,core,252,expanding,0.5261071920394897,0.6993648409843445
2018-12-03,core,252,expanding,0.8151037096977234,0.5104609727859497
2018-12-04,core,252,expanding,1.1799900531768799,1.7297791242599487
2018-12-06,core,252,expanding,1.5504341125488281,1.712781548500061
2018-12-07,core,252,expanding,1.5898981094360352,2.092991590499878
2018-12-10,core,252,expanding,1.7373623847961426,1.538037657737732
2018-12-11,core,252,expanding,1.28213632106781,1.592454433441162
2018-12-12,core,252,expanding,0.9634395837783813,0.9688540697097778
2018-12-13,core,252,expanding,1.0447652339935303,1.0141373872756958
2018-12-14,core,252,expanding,1.04728364944458,1.0951515436172485
2018-12-17,core,252,expanding,1.2297033071517944,1.4943907260894775
2018-12-18,core,252,expanding,1.2986133098602295,1.2216362953186035
2018-12-19,core,252,expanding,2.5571506023406982,2.1503498554229736
2018-12-20,core,252,expanding,2.0046980381011963,1.7399770021438599
2018-12-21,core,252,expanding,1.8774447441101074,2.5215694904327393
2018-12-24,core,252,expanding,1.5034970045089722,1.7667014598846436
2018-12-26,core,252,expanding,2.044049024581909,2.5053110122680664
2018-12-27,core,252,expanding,2.154985189437866,2.3538060188293457
2018-12-28,core,252,expanding,1.4510945081710815,1.4521487951278687
2018-12-31,core,252,expanding,1.1217206716537476,0.960507333278656
2019-01-02,core,252,expanding,1.2916089296340942,1.2287744283676147
2019-01-03,core,252,expanding,1.6084506511688232,1.4463701248168945
2019-01-04,core,252,expanding,1.282686710357666,1.2123384475708008
2019-01-07,core,252,expanding,0.8961573839187622,1.0125292539596558
2019-01-08,core,252,expanding,1.025984764099121,0.7857248187065125
2019-01-09,core,252,expanding,0.8832773566246033,0.8018568158149719
2019-01-10,core,252,expanding,0.8057568073272705,0.9580052495002747
2019-01-11,core,252,expanding,0.5889307260513306,0.5964312553405762
2019-01-14,core,252,expanding,0.6399967670440674,0.5258392691612244
2019-01-15,core,252,expanding,0.7307559847831726,0.6736704111099243
2019-01-16,core,252,expanding,0.5263264179229736,0.5212389230728149
2019-01-17,core,252,expanding,0.767708420753479,0.7738488912582397
2019-01-18,core,252,expanding,0.633594274520874,0.5453521013259888
2019-01-22,core,252,expanding,0.9370439648628235,0.9166058897972107
2019-01-23,core,252,expanding,0.8119885325431824,0.9609384536743164
2019-01-24,core,252,expanding,0.5718965530395508,0.6959958076477051
2019-01-25,core,252,expanding,0.47438371181488037,0.473137229681015
2019-01-28,core,252,expanding,0.7882828712463379,0.6365570425987244
2019-01-29,core,252,expanding,0.6052195429801941,0.6756700277328491
2019-01-30,core,252,expanding,0.8665881156921387,0.7308495044708252
2019-01-31,core,252,expanding,0.6442115902900696,0.5936785936355591
2019-02-01,core,252,expanding,0.6480256915092468,0.5107506513595581
2019-02-04,core,252,expanding,0.5007431507110596,0.5914474725723267
2019-02-05,core,252,expanding,0.4210377335548401,0.43184879422187805
2019-02-06,core,252,expanding,0.4585573375225067,0.40157654881477356
2019-02-07,core,252,expanding,0.8123490810394287,0.6834142208099365
2019-02-08,core,252,expanding,0.5737097263336182,0.6666404008865356
2019-02-11,core,252,expanding,0.5052937269210815,0.37844136357307434
2019-02-12,core,252,expanding,0.45354849100112915,0.5068906545639038
2019-02-13,core,252,expanding,0.44447576999664307,0.3994726836681366
2019-02-14,core,252,expanding,0.6654919385910034,0.5717228651046753
2019-02-15,core,252,expanding,0.4551266133785248,0.3327277898788452
2019-02-19,core,252,expanding,0.34569603204727173,0.4152171313762665
2019-02-20,core,252,expanding,0.5014521479606628,0.38455599546432495
2019-02-21,core,252,expanding,0.4766828715801239,0.46203187108039856
2019-02-22,core,252,expanding,0.38043972849845886,0.3528607487678528
2019-02-25,core,252,expanding,0.39038386940956116,0.3902607262134552
2019-02-26,core,252,expanding,0.5142022967338562,0.3284493386745453
2019-02-27,core,252,expanding,0.4799896776676178,0.4712727963924408
2019-02-28,core,252,expanding,0.39384710788726807,0.3920044004917145
2019-03-01,core,252,expanding,0.49128231406211853,0.4086037874221802
2019-03-04,core,252,expanding,0.7707260847091675,0.9155558347702026
2019-03-05,core,252,expanding,0.49229854345321655,0.42452117800712585
2019-03-06,core,252,expanding,0.5115445256233215,0.5239847898483276
2019-03-07,core,252,expanding,0.6930190920829773,0.6002732515335083
2019-03-08,core,252,expanding,0.7230079174041748,0.5876054763793945
2019-03-11,core,252,expanding,0.43548154830932617,0.6129300594329834
2019-03-12,core,252,expanding,0.46117103099823,0.3162144124507904
2019-03-13,core,252,expanding,0.4200143814086914,0.431808203458786
2019-03-14,core,252,expanding,0.36421307921409607,0.3163279891014099
2019-03-15,core,252,expanding,0.4221574366092682,0.4166599214076996
2019-03-18,core,252,expanding,0.4234671890735626,0.2960761487483978
2019-03-19,core,252,expanding,0.7005837559700012,0.5477299690246582
2019-03-20,core,252,expanding,0.7935640811920166,0.6405937075614929
2019-03-21,core,252,expanding,0.5187143087387085,0.7416111826896667
2019-03-22,core,252,expanding,0.9328145384788513,0.8479673266410828
2019-03-25,core,252,expanding,0.8673983812332153,0.686436116695404
2019-03-26,core,252,expanding,0.6736325025558472,0.6131594181060791
2019-03-27,core,252,expanding,0.7458823919296265,0.8670714497566223
2019-03-28,core,252,expanding,0.5232803821563721,0.5877606272697449
2019-03-29,core,252,expanding,0.48601382970809937,0.4584863483905792
2019-04-01,core,252,expanding,0.447508841753006,0.38191598653793335
2019-04-02,core,252,expanding,0.36200863122940063,0.3368529677391052
2019-04-03,core,252,expanding,0.41066625714302063,0.4200392961502075
2019-04-04,core,252,expanding,0.4444657564163208,0.33141207695007324
2019-04-05,core,252,expanding,0.3059298098087311,0.2755875587463379
2019-04-08,core,252,expanding,0.31612223386764526,0.3057771921157837
2019-04-09,core,252,expanding,0.47394269704818726,0.3631601929664612
2019-04-10,core,252,expanding,0.31667304039001465,0.3678191304206848
2019-04-11,core,252,expanding,0.3537755310535431,0.3321450352668762
2019-04-12,core,252,expanding,0.34376564621925354,0.28510355949401855
2019-04-15,core,252,expanding,0.2648658752441406,0.3182860016822815
2019-04-16,core,252,expanding,0.32444918155670166,0.31289827823638916
2019-04-17,core,252,expanding,0.4159967601299286,0.44432514905929565
2019-04-18,core,252,expanding,0.36218738555908203,0.36805665493011475
2019-04-22,core,252,expanding,0.2591157555580139,0.2815309166908264
2019-04-23,core,252,expanding,0.3684594929218292,0.39576655626296997
2019-04-24,core,252,expanding,0.32863712310791016,0.3104856014251709
2019-04-25,core,252,expanding,0.538732647895813,0.4259135127067566
2019-04-26,core,252,expanding,0.3933480381965637,0.45456939935684204
2019-04-29,core,252,expanding,0.23422382771968842,0.256460040807724
2019-04-30,core,252,expanding,0.41913118958473206,0.4560660719871521
2019-05-01,core,252,expanding,0.5829194784164429,0.497478187084198
2019-05-02,core,252,expanding,0.6634807586669922,0.6487922668457031
2019-05-03,core,252,expanding,0.354922354221344,0.3707152009010315
2019-05-06,core,252,expanding,0.519212007522583,0.7677026987075806
2019-05-07,core,252,expanding,1.0159720182418823,0.8787441253662109
2019-05-08,core,252,expanding,0.6873363256454468,0.6937951445579529
2019-05-09,core,252,expanding,1.002440094947815,0.900851309299469
2019-05-10,core,252,expanding,1.0317684412002563,1.2631169557571411
2019-05-13,core,252,expanding,0.996934711933136,0.9931084513664246
2019-05-14,core,252,expanding,0.7252347469329834,0.8168801069259644
2019-05-15,core,252,expanding,0.7129424214363098,0.8196418285369873
2019-05-16,core,252,expanding,0.5426786541938782,0.7393995523452759
2019-05-17,core,252,expanding,0.7289981245994568,0.7174006700515747
2019-05-20,core,252,expanding,0.6784613728523254,0.5975301265716553
2019-05-21,core,252,expanding,0.4157550036907196,0.4605090022087097
2019-05-22,core,252,expanding,0.4410749673843384,0.42073124647140503
2019-05-23,core,252,expanding,0.7769797444343567,0.639660656452179
2019-05-24,core,252,expanding,0.5278379321098328,0.5454596877098083
2019-05-28,core,252,expanding,0.5385770201683044,0.8147881031036377
2019-05-29,core,252,expanding,0.8417448401451111,0.6715776920318604
2019-05-30,core,252,expanding,0.5976586937904358,0.6402209997177124
2019-05-31,core,252,expanding,0.6787981390953064,0.618156373500824
2019-06-03,core,252,expanding,0.9659943580627441,0.8636717796325684
2019-06-04,core,252,expanding,0.6540851593017578,0.7032667398452759
2019-06-05,core,252,expanding,0.6356115937232971,0.562691867351532
2019-06-06,core,252,expanding,0.602618932723999,0.5798413753509521
2019-06-07,core,252,expanding,0.5851119756698608,0.6181293725967407
2019-06-10,core,252,expanding,0.5430600643157959,0.443073570728302
2019-06-11,core,252,expanding,0.5907642841339111,0.637521505355835
2019-06-12,core,252,expanding,0.4259147346019745,0.4590784013271332
2019-06-13,core,252,expanding,0.5179921388626099,0.38455912470817566
2019-06-14,core,252,expanding,0.43729764223098755,0.3968801200389862
2019-06-17,core,252,expanding,0.271997332572937,0.27799680829048157
2019-06-18,core,252,expanding,0.6067125797271729,0.4302855432033539
2019-06-19,core,252,expanding,0.5666375160217285,0.4309607744216919
2019-06-20,core,252,expanding,0.5209701657295227,0.42808258533477783
2019-06-21,core,252,expanding,0.4147646725177765,0.3731585443019867
2019-06-25,core,252,expanding,0.5360538363456726,0.6018856763839722
2019-06-26,core,252,expanding,0.4585481286048889,0.509974479675293
2019-06-27,core,252,expanding,0.3620041608810425,0.37443768978118896
2019-06-28,core,252,expanding,0.3153344392776489,0.35473400354385376
2019-07-01,core,252,expanding,0.49275001883506775,0.43869462609291077
2019-07-02,core,252,expanding,0.48454105854034424,0.32439279556274414
2019-07-03,core,252,expanding,0.21672672033309937,0.37499573826789856
2019-07-05,core,252,expanding,0.46708446741104126,0.514312207698822
2019-07-08,core,252,expanding,0.37689027190208435,0.3057340681552887
2019-07-09,core,252,expanding,0.2729422450065613,0.44512078166007996
2019-07-10,core,252,expanding,0.4559696912765503,0.35027942061424255
2019-07-11,core,252,expanding,0.3169631063938141,0.3826848566532135
2019-07-12,core,252,expanding,0.22721192240715027,0.31573614478111267
2019-07-15,core,252,expanding,0.27931854128837585,0.1819753795862198
2019-07-16,core,252,expanding,0.3348422348499298,0.33756551146507263
2019-07-17,core,252,expanding,0.3850759267807007,0.38318800926208496
2019-07-18,core,252,expanding,0.3952500820159912,0.41642770171165466
2019-07-19,core,252,expanding,0.5012113451957703,0.6019937992095947
2019-07-22,core,252,expanding,0.4025481939315796,0.3641754686832428
2019-07-23,core,252,expanding,0.37862616777420044,0.3394816219806671
2019-07-24,core,252,expanding,0.2958664000034332,0.4090776741504669
2019-07-25,core,252,expanding,0.4813818633556366,0.4324757158756256
2019-07-26,core,252,expanding,0.246847465634346,0.32182183861732483
2019-07-29,core,252,expanding,0.2791633605957031,0.3084603548049927
2019-07-30,core,252,expanding,0.4113670587539673,0.3760533630847931
2019-07-31,core,252,expanding,0.8570504188537598,0.7983866333961487
2019-08-01,core,252,expanding,1.413017988204956,1.21261727809906
2019-08-02,core,252,expanding,0.8658583164215088,0.8225725889205933
2019-08-05,core,252,expanding,1.2163234949111938,1.3812148571014404
2019-08-06,core,252,expanding,1.0095518827438354,0.9085286855697632
2019-08-07,core,252,expanding,1.3404862880706787,1.5021661520004272
2019-08-08,core,252,expanding,0.6005271077156067,0.838531494140625
2019-08-09,core,252,expanding,0.8878992199897766,0.8957928419113159
2019-08-12,core,252,expanding,0.7229942679405212,0.8291146755218506
2019-08-13,core,252,expanding,1.4477357864379883,1.150396466255188
2019-08-14,core,252,expanding,1.139488935470581,1.4171466827392578
2019-08-15,core,252,expanding,0.9732145667076111,0.8879414200782776
2019-08-16,core,252,expanding,0.6854579448699951,0.8680861592292786
2019-08-19,core,252,expanding,0.4724789261817932,0.4639267027378082
2019-08-20,core,252,expanding,0.5818361043930054,0.7622522711753845
2019-08-21,core,252,expanding,0.36497563123703003,0.31256797909736633
2019-08-22,core,252,expanding,0.718785285949707,0.6327565312385559
2019-08-23,core,252,expanding,1.5231748819351196,1.5240215063095093
2019-08-26,core,252,expanding,0.7526459097862244,0.6190808415412903
2019-08-27,core,252,expanding,0.744922399520874,1.1206117868423462
2019-08-28,core,252,expanding,0.6243858933448792,0.7693101763725281
2019-08-29,core,252,expanding,0.654413640499115,0.6099029183387756
2019-08-30,core,252,expanding,0.5621875524520874,0.6319369673728943
2019-09-03,core,252,expanding,0.7860287427902222,0.5984767079353333
2019-09-04,core,252,expanding,0.3558061122894287,0.5351122617721558
2019-09-05,core,252,expanding,0.46335065364837646,0.4471125304698944
2019-09-06,core,252,expanding,0.3911358714103699,0.41962379217147827
2019-09-09,core,252,expanding,0.36566534638404846,0.4440145194530487
2019-09-10,core,252,expanding,0.626534640789032,0.4782378077507019
2019-09-11,core,252,expanding,0.3889058232307434,0.5617655515670776
2019-09-12,core,252,expanding,0.5744845271110535,0.42658019065856934
2019-09-13,core,252,expanding,0.38585904240608215,0.37561899423599243
2019-09-16,core,252,expanding,0.3798351585865021,0.29470130801200867
2019-09-17,core,252,expanding,0.31243887543678284,0.3342129588127136
2019-09-18,core,252,expanding,0.5947917699813843,0.5119496583938599
2019-09-19,core,252,expanding,0.4269109070301056,0.42927834391593933
2019-09-20,core,252,expanding,0.7659915685653687,0.6192596554756165
2019-09-23,core,252,expanding,0.37500807642936707,0.40862879157066345
2019-09-24,core,252,expanding,0.9618315696716309,0.8207064867019653
2019-09-25,core,252,expanding,0.498409241437912,0.7571501731872559
2019-09-26,core,252,expanding,0.6260071396827698,0.593225359916687
2019-09-27,core,252,expanding,0.843199610710144,0.8220869302749634
2019-09-30,core,252,expanding,0.39300885796546936,0.4398134648799896
2019-10-01,core,252,expanding,0.8277281522750854,0.9291426539421082
2019-10-02,core,252,expanding,0.8557239174842834,0.9125125408172607
2019-10-03,core,252,expanding,1.1748740673065186,1.1084481477737427
2019-10-04,core,252,expanding,0.49482566118240356,0.725242018699646
2019-10-07,core,252,expanding,0.6225671172142029,0.6623518466949463
2019-10-08,core,252,expanding,0.8425085544586182,0.8246147036552429
2019-10-09,core,252,expanding,0.6158033013343811,0.5678379535675049
2019-10-10,core,252,expanding,0.7101426124572754,0.5858541131019592
2019-10-11,core,252,expanding,0.7008860111236572,0.59590083360672
2019-10-14,core,252,expanding,0.3964639902114868,0.2870572805404663
2019-10-15,core,252,expanding,0.4072991609573364,0.5371784567832947
2019-10-16,core,252,expanding,0.3344891369342804,0.39085379242897034
2019-10-17,core,252,expanding,0.4212345778942108,0.35746678709983826
2019-10-18,core,252,expanding,0.492019921541214,0.5023128390312195
2019-10-21,core,252,expanding,0.28220996260643005,0.26457077264785767
2019-10-22,core,252,expanding,0.3873414993286133,0.43281516432762146
2019-10-23,core,252,expanding,0.32415929436683655,0.3377133309841156
2019-10-24,core,252,expanding,0.3953271508216858,0.4640332758426666
2019-10-25,core,252,expanding,0.3670015037059784,0.4744510352611542
2019-10-28,core,252,expanding,0.34164682030677795,0.2776884436607361
2019-10-29,core,252,expanding,0.35342928767204285,0.29712480306625366
2019-10-30,core,252,expanding,0.4209127128124237,0.40715330839157104
2019-10-31,core,252,expanding,0.5805034637451172,0.46218380331993103
2019-11-01,core,252,expanding,0.33467626571655273,0.30714941024780273
2019-11-04,core,252,expanding,0.30109015107154846,0.2385110855102539
2019-11-05,core,252,expanding,0.30714449286460876,0.29144251346588135
2019-11-06,core,252,expanding,0.3696642816066742,0.2821354866027832
2019-11-07,core,252,expanding,0.4562969505786896,0.3295183777809143
2019-11-08,core,252,expanding,0.33357879519462585,0.36510324478149414
2019-11-11,core,252,expanding,0.2090064436197281,0.3048323094844818
2019-11-12,core,252,expanding,0.3337435722351074,0.3481002151966095
2019-11-13,core,252,expanding,0.39428484439849854,0.3551071882247925
2019-11-14,core,252,expanding,0.31895726919174194,0.29353708028793335
2019-11-15,core,252,expanding,0.2501485347747803,0.28127360343933105
2019-11-19,core,252,expanding,0.34028348326683044,0.3058460056781769
2019-11-20,core,252,expanding,0.5301920175552368,0.46779119968414307
2019-11-21,core,252,expanding,0.4337524473667145,0.38093259930610657
2019-11-22,core,252,expanding,0.3082888424396515,0.3343515992164612
2019-11-25,core,252,expanding,0.2898801565170288,0.2898429036140442
2019-11-26,core,252,expanding,0.24163393676280975,0.2638556957244873
2019-11-27,core,252,expanding,0.17377497255802155,0.24326300621032715
2019-11-29,core,252,expanding,0.20161060988903046,0.29505348205566406
2019-12-02,core,252,expanding,0.6143428087234497,0.5242185592651367
2019-12-03,core,252,expanding,0.6685485243797302,0.5093950629234314
2019-12-04,core,252,expanding,0.36781561374664307,0.39744728803634644
2019-12-05,core,252,expanding,0.4083799123764038,0.36689847707748413
2019-12-06,core,252,expanding,0.31428804993629456,0.35911738872528076
2019-12-09,core,252,expanding,0.24461230635643005,0.33400219678878784
2019-12-10,core,252,expanding,0.4508521258831024,0.3726975619792938
2019-12-11,core,252,expanding,0.2896505296230316,0.2903500497341156
2019-12-12,core,252,expanding,0.9073099493980408,0.49956536293029785
2019-12-13,core,252,expanding,0.6717995405197144,0.48604193329811096
2019-12-17,core,252,expanding,0.23530492186546326,0.2709353268146515
2019-12-18,core,252,expanding,0.27269506454467773,0.280432790517807
2019-12-19,core,252,expanding,0.27776896953582764,0.3029731810092926
2019-12-20,core,252,expanding,0.21704256534576416,0.25043123960494995
2019-12-23,core,252,expanding,0.14169253408908844,0.1841115653514862
2019-12-24,core,252,expanding,0.1403854489326477,0.1784239113330841
2019-12-26,core,252,expanding,0.20108193159103394,0.23552167415618896
2019-12-27,core,252,expanding,0.2837029993534088,0.2675628364086151
2019-12-30,core,252,expanding,0.4683420956134796,0.37499576807022095
2019-12-31,core,252,expanding,0.31708115339279175,0.33744513988494873
2014-01-08,momentum,60,expanding,0.5049092173576355,0.42929279804229736
2014-01-09,momentum,60,expanding,0.4479202330112457,0.4923388957977295
2014-01-10,momentum,60,expanding,0.41781142354011536,0.39754465222358704
2014-01-13,momentum,60,expanding,0.47251757979393005,0.6561989188194275
2014-01-14,momentum,60,expanding,0.49484261870384216,0.5221787095069885
2014-01-15,momentum,60,expanding,0.3897959887981415,0.4401545524597168
2014-01-16,momentum,60,expanding,0.37196460366249084,0.38181042671203613
2014-01-17,momentum,60,expanding,0.3625944256782532,0.41179364919662476
2014-01-21,momentum,60,expanding,0.6656816005706787,0.5020017623901367
2014-01-22,momentum,60,expanding,0.31373873353004456,0.3469078540802002
2014-01-23,momentum,60,expanding,0.7124331593513489,0.6085438132286072
2014-01-24,momentum,60,expanding,0.9068204164505005,0.9415231347084045
2014-01-27,momentum,60,expanding,0.8113361597061157,1.0077840089797974
2014-01-28,momentum,60,expanding,0.5316144824028015,0.7002578973770142
2014-01-29,momentum,60,expanding,1.042181134223938,0.6941856145858765
2014-01-30,momentum,60,expanding,0.7801462411880493,0.9330164790153503
2014-01-31,momentum,60,expanding,1.1046422719955444,0.8037137389183044
2014-02-03,momentum,60,expanding,0.9668377041816711,1.1296374797821045
2014-02-04,momentum,60,expanding,0.8199449777603149,0.818221390247345
2014-02-05,momentum,60,expanding,0.9269459247589111,0.923381507396698
2014-02-06,momentum,60,expanding,0.5575153231620789,0.7004944086074829
2014-02-07,momentum,60,expanding,0.6537466645240784,0.7819700837135315
2014-02-10,momentum,60,expanding,0.3124818205833435,0.46206480264663696
2014-02-11,momentum,60,expanding,0.41629141569137573,0.5562129616737366
2014-02-12,momentum,60,expanding,0.4583132266998291,0.46312254667282104
2014-02-13,momentum,60,expanding,0.4926544427871704,0.5857429504394531
2014-02-14,momentum,60,expanding,0.38318943977355957,0.5394375920295715
2014-02-18,momentum,60,expanding,0.35371309518814087,0.416381299495697
2014-02-19,momentum,60,expanding,0.5443900227546692,0.6221532225608826
2014-02-20,momentum,60,expanding,0.5126307606697083,0.5533153414726257
2014-02-21,momentum,60,expanding,0.41156575083732605,0.4268668293952942
2014-02-24,momentum,60,expanding,0.5828454494476318,0.5363703966140747
2014-02-25,momentum,60,expanding,0.5681315660476685,0.4896259307861328
2014-02-26,momentum,60,expanding,0.5470898151397705,0.4367055892944336
2014-02-27,momentum,60,expanding,0.5245111584663391,0.42233842611312866
2014-02-28,momentum,60,expanding,0.6110895872116089,0.5763859748840332
2014-03-03,momentum,60,expanding,0.9133793711662292,0.7176463603973389
2014-03-04,momentum,60,expanding,0.967548131942749,0.6403350830078125
2014-03-05,momentum,60,expanding,0.4153722822666168,0.4520033001899719
2014-03-06,momentum,60,expanding,0.4040771722793579,0.38110899925231934
2014-03-07,momentum,60,expanding,0.5546953678131104,0.5290184020996094
2014-03-10,momentum,60,expanding,0.4751482903957367,0.43111079931259155
2014-03-11,momentum,60,expanding,0.5007032155990601,0.6268513202667236
2014-03-12,momentum,60,expanding,0.6769493818283081,0.5137007236480713
2014-03-13,momentum,60,expanding,0.7307912707328796,0.9295791983604431
2014-03-14,momentum,60,expanding,0.6815503835678101,0.6240190267562866
2014-03-17,momentum,60,expanding,0.7476082444190979,0.6281164884567261
2014-03-18,momentum,60,expanding,0.48231756687164307,0.5406425595283508
2014-03-19,momentum,60,expanding,0.75743567943573,0.7211146950721741
2014-03-20,momentum,60,expanding,0.5430734157562256,0.6313064694404602
2014-03-21,momentum,60,expanding,0.7111092805862427,0.7538067102432251
2014-03-24,momentum,60,expanding,0.6954413056373596,0.7488086223602295
2014-03-25,momentum,60,expanding,0.7636263966560364,0.5656933188438416
2014-03-26,momentum,60,expanding,0.644809365272522,0.7325426936149597
2014-03-27,momentum,60,expanding,0.7987460494041443,0.6098843812942505
2014-03-28,momentum,60,expanding,0.6167684197425842,0.6834920644760132
2014-03-31,momentum,60,expanding,0.7062607407569885,0.5181615352630615
2014-04-01,momentum,60,expanding,0.4763795733451843,0.48619961738586426
2014-04-02,momentum,60,expanding,0.37295156717300415,0.391121506690979
2014-04-03,momentum,60,expanding,0.38243916630744934,0.4160313010215759
2014-04-04,momentum,60,expanding,0.7753196358680725,0.9608500599861145
2014-04-07,momentum,60,expanding,0.7329880595207214,0.7224173545837402
2014-04-08,momentum,60,expanding,0.626038670539856,0.7382078170776367
2014-04-09,momentum,60,expanding,0.5471668243408203,0.6529794931411743
2014-04-10,momentum,60,expanding,0.8312494158744812,1.1099052429199219
2014-04-11,momentum,60,expanding,1.0073606967926025,0.8398986458778381
2014-04-14,momentum,60,expanding,0.8529536128044128,0.7621487379074097
2014-04-15,momentum,60,expanding,0.9179202318191528,0.862796425819397
2014-04-16,momentum,60,expanding,0.6859830617904663,0.6213774681091309
2014-04-17,momentum,60,expanding,0.47364476323127747,0.5461643934249878
2014-04-21,momentum,60,expanding,0.341621994972229,0.43503037095069885
2014-04-22,momentum,60,expanding,0.3280882239341736,0.48222172260284424
2014-04-23,momentum,60,expanding,0.36450958251953125,0.409498929977417
2014-04-24,momentum,60,expanding,0.5891080498695374,0.46157029271125793
2014-04-25,momentum,60,expanding,0.5863941311836243,0.5907081365585327
2014-04-28,momentum,60,expanding,0.8235853314399719,0.7176551818847656
2014-04-29,momentum,60,expanding,0.5001894235610962,0.5055420994758606
2014-04-30,momentum,60,expanding,0.49780339002609253,0.5133793354034424
2014-05-01,momentum,60,expanding,0.45116809010505676,0.40966394543647766
2014-05-02,momentum,60,expanding,0.5626687407493591,0.4907883405685425
2014-05-05,momentum,60,expanding,0.7295594215393066,0.6601276397705078
2014-05-06,momentum,60,expanding,0.5130741000175476,0.5452102422714233
2014-05-07,momentum,60,expanding,0.8969767689704895,0.6785845756530762
2014-05-08,momentum,60,expanding,0.5193822383880615,0.6960567235946655
2014-05-09,momentum,60,expanding,0.5581554174423218,0.5261128544807434
2014-05-12,momentum,60,expanding,0.4801866114139557,0.49982279539108276
2014-05-13,momentum,60,expanding,0.31696823239326477,0.33842411637306213
2014-05-14,momentum,60,expanding,0.38752996921539307,0.47091561555862427
2014-05-15,momentum,60,expanding,0.691119372844696,0.712218165397644
2014-05-16,momentum,60,expanding,0.4676394462585449,0.5185422301292419
2014-05-19,momentum,60,expanding,0.3423518240451813,0.4524920582771301
2014-05-20,momentum,60,expanding,0.5234825015068054,0.5935261845588684
2014-05-21,momentum,60,expanding,0.494206964969635,0.48532962799072266
2014-05-22,momentum,60,expanding,0.301708847284317,0.431293785572052
2014-05-23,momentum,60,expanding,0.20592427253723145,0.33223140239715576
2014-05-27,momentum,60,expanding,0.42497068643569946,0.30075180530548096
2014-05-28,momentum,60,expanding,0.2931358814239502,0.34060829877853394
2014-05-29,momentum,60,expanding,0.36290591955184937,0.30549657344818115
2014-05-30,momentum,60,expanding,0.28962719440460205,0.27308189868927
2014-06-02,momentum,60,expanding,0.3900781571865082,0.3017200231552124
2014-06-03,momentum,60,expanding,0.3076380789279938,0.29351210594177246
2014-06-04,momentum,60,expanding,0.29414263367652893,0.3501109480857849
2014-06-05,momentum,60,expanding,0.3900737762451172,0.47380080819129944
2014-06-06,momentum,60,expanding,0.2689656913280487,0.2512611746788025
2014-06-09,momentum,60,expanding,0.2771907150745392,0.27274084091186523
2014-06-10,momentum,60,expanding,0.29700222611427307,0.24657374620437622
2014-06-11,momentum,60,expanding,0.41138505935668945,0.3557285666465759
2014-06-12,momentum,60,expanding,0.4183047115802765,0.5397987961769104
2014-06-13,momentum,60,expanding,0.4343026876449585,0.3545254170894623
2014-06-16,momentum,60,expanding,0.44161438941955566,0.3488316535949707
2014-06-17,momentum,60,expanding,0.3711232841014862,0.3759785294532776
2014-06-18,momentum,60,expanding,0.419305682182312,0.47874194383621216
2014-06-19,momentum,60,expanding,0.2912806570529938,0.334231436252594
2014-06-20,momentum,60,expanding,0.23344194889068604,0.24805913865566254
2014-06-23,momentum,60,expanding,0.26675519347190857,0.1867838352918625
2014-06-24,momentum,60,expanding,0.4317242205142975,0.506961464881897
2014-06-25,momentum,60,expanding,0.3785480260848999,0.4333304166793823
2014-06-26,momentum,60,expanding,0.49628469347953796,0.4858401417732239
2014-06-27,momentum,60,expanding,0.354368656873703,0.348025918006897
2014-06-30,momentum,60,expanding,0.27126726508140564,0.2683812081813812
2014-07-01,momentum,60,expanding,0.36892691254615784,0.38092875480651855
2014-07-02,momentum,60,expanding,0.2615170478820801,0.2920425534248352
2014-07-03,momentum,60,expanding,0.3173152208328247,0.3175030052661896
2014-07-07,momentum,60,expanding,0.36314472556114197,0.32905709743499756
2014-07-08,momentum,60,expanding,0.5589419007301331,0.5090625286102295
2014-07-09,momentum,60,expanding,0.458191841840744,0.3571220636367798
2014-07-10,momentum,60,expanding,0.7611199617385864,0.5016869306564331
2014-07-11,momentum,60,expanding,0.35084837675094604,0.47514915466308594
2014-07-14,momentum,60,expanding,0.41344326734542847,0.3351925015449524
2014-07-15,momentum,60,expanding,0.538845956325531,0.4976327121257782
2014-07-16,momentum,60,expanding,0.44707804918289185,0.36084461212158203
2014-07-17,momentum,60,expanding,0.641926109790802,0.7056714296340942
2014-07-18,momentum,60,expanding,0.3977976143360138,0.5615279674530029
2014-07-21,momentum,60,expanding,0.40885424613952637,0.4322921931743622
2014-07-22,momentum,60,expanding,0.37651148438453674,0.4059738218784332
2014-07-23,momentum,60,expanding,0.2525513172149658,0.34023964405059814
2014-07-24,momentum,60,expanding,0.2758019268512726,0.3071460425853729
2014-07-25,momentum,60,expanding,0.4329283535480499,0.39043283462524414
2014-07-28,momentum,60,expanding,0.42229312658309937,0.3967563509941101
2014-07-29,momentum,60,expanding,0.4585719108581543,0.49634984135627747
2014-07-30,momentum,60,expanding,0.606133759021759,0.5157116055488586
2014-07-31,momentum,60,expanding,0.8659616112709045,0.9760599732398987
2014-08-01,momentum,60,expanding,0.8324301242828369,0.821438729763031
2014-08-04,momentum,60,expanding,0.47940516471862793,0.6907373666763306
2014-08-05,momentum,60,expanding,0.8867471814155579,0.8273095488548279
2014-08-06,momentum,60,expanding,0.6750627756118774,0.7362931966781616
2014-08-07,momentum,60,expanding,0.7133786678314209,0.8140944242477417
2014-08-08,momentum,60,expanding,0.5158858299255371,0.6911446452140808
2014-08-11,momentum,60,expanding,0.4187553822994232,0.4424850344657898
2014-08-12,momentum,60,expanding,0.46778279542922974,0.5025706887245178
2014-08-13,momentum,60,expanding,0.4582456648349762,0.4289907217025757
2014-08-14,momentum,60,expanding,0.2659345865249634,0.3362068235874176
2014-08-15,momentum,60,expanding,0.7498508095741272,0.5747438669204712
2014-08-18,momentum,60,expanding,0.4649697542190552,0.38054922223091125
2014-08-19,momentum,60,expanding,0.2545689642429352,0.3325909376144409
2014-08-20,momentum,60,expanding,0.30162110924720764,0.40179207921028137
2014-08-21,momentum,60,expanding,0.2895697355270386,0.33014798164367676
2014-08-22,momentum,60,expanding,0.4267614781856537,0.3853491544723511
2014-08-25,momentum,60,expanding,0.3532538115978241,0.292049765586853
2014-08-26,momentum,60,expanding,0.23759840428829193,0.2836897373199463
2014-08-27,momentum,60,expanding,0.24147634208202362,0.29265284538269043
2014-08-28,momentum,60,expanding,0.4029179513454437,0.30734774470329285
2014-08-29,momentum,60,expanding,0.25389575958251953,0.2913894057273865
2014-09-02,momentum,60,expanding,0.36331889033317566,0.39083385467529297
2014-09-03,momentum,60,expanding,0.3714413344860077,0.3612581491470337
2014-09-04,momentum,60,expanding,0.40892475843429565,0.4986344575881958
2014-09-05,momentum,60,expanding,0.45733144879341125,0.42078617215156555
2014-09-08,momentum,60,expanding,0.38709864020347595,0.3688514828681946
2014-09-09,momentum,60,expanding,0.5338571071624756,0.48926544189453125
2014-09-10,momentum,60,expanding,0.5201886296272278,0.43911176919937134
2014-09-11,momentum,60,expanding,0.4303184747695923,0.4074014723300934
2014-09-12,momentum,60,expanding,0.47453364729881287,0.501387357711792
2014-09-15,momentum,60,expanding,0.4190886318683624,0.34557756781578064
2014-09-16,momentum,60,expanding,0.44057729840278625,0.5333139896392822
2014-09-17,momentum,60,expanding,0.7170944213867188,0.4740723967552185
2014-09-18,momentum,60,expanding,0.37039586901664734,0.3258384168148041
2014-09-19,momentum,60,expanding,0.4573608636856079,0.3918904662132263
2014-09-22,momentum,60,expanding,0.44572678208351135,0.4833299517631531
2014-09-23,momentum,60,expanding,0.4930504560470581,0.4424399137496948
2014-09-24,momentum,60,expanding,0.40974363684654236,0.559320867061615
2014-09-25,momentum,60,expanding,0.7036588788032532,0.7564922571182251
2014-09-26,momentum,60,expanding,0.5985597372055054,0.6618993878364563
2014-09-29,momentum,60,expanding,0.9425361156463623,0.57412189245224
2014-09-30,momentum,60,expanding,0.6042161583900452,0.7255228757858276
2014-10-01,momentum,60,expanding,0.7754773497581482,0.779912531375885
2014-10-02,momentum,60,expanding,0.7488913536071777,0.9904378056526184
2014-10-03,momentum,60,expanding,0.8084318041801453,0.8265576958656311
2014-10-06,momentum,60,expanding,0.654168963432312,0.7356037497520447
2014-10-07,momentum,60,expanding,0.858822762966156,0.7347392439842224
2014-10-08,momentum,60,expanding,0.8928329348564148,1.097360610961914
2014-10-09,momentum,60,expanding,1.0456963777542114,1.0839085578918457
2014-10-10,momentum,60,expanding,1.105968713760376,1.1115047931671143
2014-10-13,momentum,60,expanding,1.1766607761383057,1.321147084236145
2014-10-14,momentum,60,expanding,1.2357145547866821,1.218318223953247
2014-10-15,momentum,60,expanding,2.3037502765655518,1.8741743564605713
2014-10-16,momentum,60,expanding,1.6580957174301147,1.7776755094528198
2014-10-17,momentum,60,expanding,1.2497849464416504,1.4374558925628662
2014-10-20,momentum,60,expanding,0.7233673930168152,0.9374375939369202
2014-10-21,momentum,60,expanding,0.7497316002845764,0.8908554911613464
2014-10-22,momentum,60,expanding,0.7443962097167969,0.8959129452705383
2014-10-23,momentum,60,expanding,1.031681776046753,0.9941626787185669
2014-10-24,momentum,60,expanding,0.5909020900726318,0.7307095527648926
2014-10-27,momentum,60,expanding,0.628062903881073,0.6292116641998291
2014-10-28,momentum,60,expanding,0.5138598680496216,0.5011038184165955
2014-10-29,momentum,60,expanding,0.7173582315444946,0.8284525275230408
2014-10-30,momentum,60,expanding,0.5609475374221802,0.7989909052848816
2014-10-31,momentum,60,expanding,0.7405169010162354,0.48655885457992554
2014-11-03,momentum,60,expanding,0.4596216678619385,0.36549076437950134
2014-11-04,momentum,60,expanding,0.5232880115509033,0.5979081988334656
2014-11-05,momentum,60,expanding,0.5897601246833801,0.5445300340652466
2014-11-06,momentum,60,expanding,0.3996855616569519,0.5388323664665222
2014-11-07,momentum,60,expanding,0.44907498359680176,0.39258378744125366
2014-11-10,momentum,60,expanding,0.2844453752040863,0.3366316556930542
2014-11-11,momentum,60,expanding,0.25874945521354675,0.32978007197380066
2014-11-12,momentum,60,expanding,0.40562358498573303,0.3538985848426819
2014-11-13,momentum,60,expanding,0.507718563079834,0.42333197593688965
2014-11-14,momentum,60,expanding,0.3240550458431244,0.3133420944213867
2014-11-17,momentum,60,expanding,0.35571715235710144,0.32461977005004883
2014-11-18,momentum,60,expanding,0.2924927771091461,0.42560675740242004
2014-11-19,momentum,60,expanding,0.5172247290611267,0.41659682989120483
2014-11-20,momentum,60,expanding,0.37730440497398376,0.4098472595214844
2014-11-21,momentum,60,expanding,0.6609857082366943,0.3771277070045471
2014-11-24,momentum,60,expanding,0.3039441406726837,0.27348950505256653
2014-11-25,momentum,60,expanding,0.33109939098358154,0.37123626470565796
2014-11-26,momentum,60,expanding,0.18774037063121796,0.3240175247192383
2014-11-28,momentum,60,expanding,0.3011811673641205,0.3178505599498749
2014-12-01,momentum,60,expanding,0.6036726236343384,0.42099714279174805
2014-12-02,momentum,60,expanding,0.3831345736980438,0.4131568670272827
2014-12-03,momentum,60,expanding,0.26875728368759155,0.37766310572624207
2014-12-04,momentum,60,expanding,0.429543673992157,0.44341182708740234
2014-12-05,momentum,60,expanding,0.36473649740219116,0.31031572818756104
2014-12-08,momentum,60,expanding,0.5491243004798889,0.497098445892334
2014-12-09,momentum,60,expanding,1.0170496702194214,0.6865708827972412
2014-12-10,momentum,60,expanding,0.8344765901565552,0.8296334147453308
2014-12-11,momentum,60,expanding,0.8538368940353394,0.9661515355110168
2014-12-12,momentum,60,expanding,0.9141978621482849,0.9473690390586853
2014-12-15,momentum,60,expanding,1.2775683403015137,1.2630079984664917
2014-12-16,momentum,60,expanding,1.244651198387146,1.349440336227417
2014-12-17,momentum,60,expanding,1.2861887216567993,1.284772276878357
2014-12-18,momentum,60,expanding,1.034126877784729,1.1777609586715698
2014-12-19,momentum,60,expanding,0.5891704559326172,0.6168678998947144
2014-12-22,momentum,60,expanding,0.35269010066986084,0.5179157853126526
2014-12-23,momentum,60,expanding,0.33187222480773926,0.5082869529724121
2014-12-24,momentum,60,expanding,0.21517334878444672,0.41689690947532654
2014-12-26,momentum,60,expanding,0.25206395983695984,0.34761592745780945
2014-12-29,momentum,60,expanding,0.23829923570156097,0.34373047947883606
2014-12-30,momentum,60,expanding,0.3008394241333008,0.42947155237197876
2014-12-31,momentum,60,expanding,0.4884640574455261,0.699492335319519
2015-01-02,momentum,60,expanding,0.9161708354949951,0.7881265878677368
2015-01-05,momentum,60,expanding,0.8366752862930298,0.9868388175964355
2015-01-06,momentum,60,expanding,1.053530216217041,1.1785047054290771
2015-01-07,momentum,60,expanding,0.9043862223625183,0.7641156911849976
2015-01-08,momentum,60,expanding,0.846068799495697,0.8062838315963745
2015-01-09,momentum,60,expanding,0.7907400727272034,0.8117598295211792
2015-01-12,momentum,60,expanding,0.819638729095459,0.8365433216094971
2015-01-13,momentum,60,expanding,1.479487419128418,1.266191840171814
2015-01-14,momentum,60,expanding,1.2126911878585815,1.0649750232696533
2015-01-15,momentum,60,expanding,1.0164530277252197,1.0777837038040161
2015-01-16,momentum,60,expanding,0.802234411239624,0.976463794708252
2015-01-20,momentum,60,expanding,0.9148500561714172,0.905410647392273
2015-01-21,momentum,60,expanding,1.0006932020187378,0.8665698766708374
2015-01-22,momentum,60,expanding,0.7813236117362976,0.9409968852996826
2015-01-23,momentum,60,expanding,0.4990968108177185,0.5281326770782471
2015-01-26,momentum,60,expanding,0.5482511520385742,0.6325807571411133
2015-01-27,momentum,60,expanding,1.012906789779663,0.8549449443817139
2015-01-28,momentum,60,expanding,0.9635168313980103,1.2146527767181396
2015-01-29,momentum,60,expanding,0.9359861612319946,1.050979733467102
2015-01-30,momentum,60,expanding,0.9898359775543213,0.9917783737182617
2015-02-02,momentum,60,expanding,1.0854663848876953,1.172588586807251
2015-02-03,momentum,60,expanding,0.9412546157836914,0.764258623123169
2015-02-04,momentum,60,expanding,0.8157912492752075,0.7737066745758057
2015-02-05,momentum,60,expanding,0.5828607082366943,0.7264537811279297
2015-02-06,momentum,60,expanding,0.6425417065620422,0.7430019378662109
2015-02-09,momentum,60,expanding,0.5797975659370422,0.6057640314102173
2015-02-10,momentum,60,expanding,0.6225982904434204,0.6312601566314697
2015-02-11,momentum,60,expanding,0.5280768275260925,0.5779507160186768
2015-02-12,momentum,60,expanding,0.5131012201309204,0.47980934381484985
2015-02-13,momentum,60,expanding,0.3230832517147064,0.32654061913490295
2015-02-17,momentum,60,expanding,0.3878101706504822,0.45688918232917786
2015-02-18,momentum,60,expanding,0.4377695620059967,0.36510634422302246
2015-02-19,momentum,60,expanding,0.44936877489089966,0.4135684072971344
2015-02-20,momentum,60,expanding,0.4546082317829132,0.5814874172210693
2015-02-23,momentum,60,expanding,0.33605384826660156,0.3044993579387665
2015-02-24,momentum,60,expanding,0.31878119707107544,0.40556105971336365
2015-02-25,momentum,60,expanding,0.31797438859939575,0.3912779986858368
2015-02-26,momentum,60,expanding,0.44373300671577454,0.36707091331481934
2015-02-27,momentum,60,expanding,0.3470306098461151,0.33748194575309753
2015-03-02,momentum,60,expanding,0.26675868034362793,0.31234991550445557
2015-03-03,momentum,60,expanding,0.5007086396217346,0.51816725730896
2015-03-04,momentum,60,expanding,0.6677775382995605,0.5348862409591675
2015-03-05,momentum,60,expanding,0.3570042848587036,0.41073310375213623
2015-03-06,momentum,60,expanding,0.7385730147361755,0.8113731145858765
2015-03-09,momentum,60,expanding,0.38811981678009033,0.49004265666007996
2015-03-10,momentum,60,expanding,0.8400395512580872,0.8337715864181519
2015-03-11,momentum,60,expanding,0.5907078981399536,0.5555107593536377
2015-03-12,momentum,60,expanding,0.6523180603981018,0.7504202127456665
2015-03-13,momentum,60,expanding,0.7049248218536377,0.6817472577095032
2015-03-16,momentum,60,expanding,0.5238789916038513,0.6865560412406921
2015-03-17,momentum,60,expanding,0.5899909138679504,0.5105077624320984
2015-03-18,momentum,60,expanding,1.051440954208374,1.0192862749099731
2015-03-19,momentum,60,expanding,0.5530752539634705,0.48698052763938904
2015-03-20,momentum,60,expanding,0.6660987138748169,0.70635986328125
2015-03-23,momentum,60,expanding,0.3736087381839752,0.4653513729572296
2015-03-24,momentum,60,expanding,0.45093563199043274,0.514022707939148
2015-03-25,momentum,60,expanding,0.6865458488464355,0.9094566106796265
2015-03-26,momentum,60,expanding,0.873544454574585,0.8220998048782349
2015-03-27,momentum,60,expanding,0.5865139961242676,0.5743116140365601
2015-03-30,momentum,60,expanding,0.6811202764511108,0.6748349666595459
2015-03-31,momentum,60,expanding,0.6466434001922607,0.5507864952087402
2015-04-01,momentum,60,expanding,0.7361587882041931,0.6726155281066895
2015-04-02,momentum,60,expanding,0.5094029903411865,0.5345703959465027
2015-04-06,momentum,60,expanding,0.5339199304580688,0.7639725208282471
2015-04-07,momentum,60,expanding,0.4426901638507843,0.5255087614059448
2015-04-08,momentum,60,expanding,0.7183293104171753,0.4674919545650482
2015-04-09,momentum,60,expanding,0.597693920135498,0.5258035659790039
2015-04-10,momentum,60,expanding,0.28354012966156006,0.3612208962440491
2015-04-13,momentum,60,expanding,0.35153907537460327,0.4512452781200409
2015-04-14,momentum,60,expanding,0.5259081721305847,0.47395697236061096
2015-04-15,momentum,60,expanding,0.4481188952922821,0.43538638949394226
2015-04-16,momentum,60,expanding,0.40820983052253723,0.3850584030151367
2015-04-17,momentum,60,expanding,0.7608491778373718,0.7879526615142822
2015-04-20,momentum,60,expanding,0.6108341217041016,0.5139974355697632
2015-04-21,momentum,60,expanding,0.4529463052749634,0.53497314453125
2015-04-22,momentum,60,expanding,0.458896666765213,0.5776498317718506
2015-04-23,momentum,60,expanding,0.4938202202320099,0.5167989134788513
2015-04-24,momentum,60,expanding,0.32737022638320923,0.3607122004032135
2015-04-27,momentum,60,expanding,0.481981098651886,0.5297051668167114
2015-04-28,momentum,60,expanding,0.6443674564361572,0.5348906517028809
2015-04-29,momentum,60,expanding,0.6621337532997131,0.5443112850189209
2015-04-30,momentum,60,expanding,0.7037506699562073,0.7520787715911865
2015-05-01,momentum,60,expanding,0.6726866364479065,0.5758352279663086
2015-05-04,momentum,60,expanding,0.375816285610199,0.41129252314567566
2015-05-05,momentum,60,expanding,0.570682942867279,0.7694053649902344
2015-05-06,momentum,60,expanding,0.9269205927848816,0.8284107446670532
2015-05-07,momentum,60,expanding,0.5604826211929321,0.6720472574234009
2015-05-08,momentum,60,expanding,0.8699830770492554,0.650847315788269
2015-05-11,momentum,60,expanding,0.40910646319389343,0.5157225131988525
2015-05-12,momentum,60,expanding,0.8183264136314392,0.643778383731842
2015-05-13,momentum,60,expanding,0.6684315204620361,0.5406721830368042
2015-05-14,momentum,60,expanding,0.5487048625946045,0.6119518876075745
2015-05-15,momentum,60,expanding,0.33867430686950684,0.35563480854034424
2015-05-18,momentum,60,expanding,0.2193475365638733,0.34627771377563477
2015-05-19,momentum,60,expanding,0.3124220073223114,0.39652788639068604
2015-05-20,momentum,60,expanding,0.4188220202922821,0.4026789665222168
2015-05-21,momentum,60,expanding,0.279846727848053,0.377673864364624
2015-05-22,momentum,60,expanding,0.33094796538352966,0.354536235332489
2015-05-26,momentum,60,expanding,0.5155841708183289,0.6938363909721375
2015-05-27,momentum,60,expanding,0.4025551378726959,0.5753716826438904
2015-05-28,momentum,60,expanding,0.43901243805885315,0.39775145053863525
2015-05-29,momentum,60,expanding,0.5354623794555664,0.5085033178329468
2015-06-01,momentum,60,expanding,0.6326298117637634,0.4584718942642212
2015-06-02,momentum,60,expanding,0.5542809963226318,0.5255510807037354
2015-06-03,momentum,60,expanding,0.43493029475212097,0.483673095703125
2015-06-04,momentum,60,expanding,0.6734352707862854,0.5495316386222839
2015-06-05,momentum,60,expanding,0.5858168601989746,0.5544277429580688
2015-06-08,momentum,60,expanding,0.38064879179000854,0.4963899850845337
2015-06-09,momentum,60,expanding,0.4707942008972168,0.573712170124054
2015-06-10,momentum,60,expanding,0.6238774657249451,0.6747365593910217
2015-06-11,momentum,60,expanding,0.44490450620651245,0.32599443197250366
2015-06-12,momentum,60,expanding,0.5156898498535156,0.4881816506385803
2015-06-15,momentum,60,expanding,0.9224205017089844,0.5614058375358582
2015-06-16,momentum,60,expanding,0.5270959138870239,0.5109704732894897
2015-06-17,momentum,60,expanding,0.6415505409240723,0.5565284490585327
2015-06-18,momentum,60,expanding,0.5652602910995483,0.6287825107574463
2015-06-19,momentum,60,expanding,0.3343290388584137,0.4258498549461365
2015-06-22,momentum,60,expanding,0.6914674639701843,0.4564307928085327
2015-06-23,momentum,60,expanding,0.32394805550575256,0.3436580300331116
2015-06-24,momentum,60,expanding,0.3779144883155823,0.5390411615371704
2015-06-25,momentum,60,expanding,0.40985020995140076,0.49094897508621216
2015-06-26,momentum,60,expanding,0.4807495176792145,0.47632092237472534
2015-06-29,momentum,60,expanding,0.8694495558738708,0.9619851112365723
2015-06-30,momentum,60,expanding,0.8994608521461487,0.6973212957382202
2015-07-01,momentum,60,expanding,0.772849440574646,0.6275883913040161
2015-07-02,momentum,60,expanding,0.46320804953575134,0.5575144290924072
2015-07-06,momentum,60,expanding,0.9262874126434326,0.6886278390884399
2015-07-07,momentum,60,expanding,0.9469451904296875,0.9708530306816101
2015-07-08,momentum,60,expanding,0.9316666722297668,0.9643290638923645
2015-07-09,momentum,60,expanding,1.3116600513458252,0.9229231476783752
2015-07-10,momentum,60,expanding,1.123153805732727,0.891407310962677
2015-07-13,momentum,60,expanding,0.6816275119781494,0.5756123065948486
2015-07-14,momentum,60,expanding,0.2428647130727768,0.5266180038452148
2015-07-15,momentum,60,expanding,0.3678913712501526,0.4070160686969757
2015-07-16,momentum,60,expanding,0.3954748511314392,0.41717529296875
2015-07-17,momentum,60,expanding,0.24239368736743927,0.3537082374095917
2015-07-20,momentum,60,expanding,0.292244017124176,0.28467005491256714
2015-07-21,momentum,60,expanding,0.3257938623428345,0.4398404657840729
2015-07-22,momentum,60,expanding,0.43480175733566284,0.4304061233997345
2015-07-23,momentum,60,expanding,0.39982616901397705,0.589481770992279
2015-07-24,momentum,60,expanding,0.4459609091281891,0.7423651218414307
2015-07-27,momentum,60,expanding,0.7757925391197205,0.5996617078781128
2015-07-28,momentum,60,expanding,0.5373643636703491,0.6970690488815308
2015-07-29,momentum,60,expanding,0.4497852921485901,0.4572502076625824
2015-07-30,momentum,60,expanding,0.4582180976867676,0.4884050488471985
2015-07-31,momentum,60,expanding,0.38392138481140137,0.4555477797985077
2015-08-03,momentum,60,expanding,0.5662893056869507,0.5420341491699219
2015-08-04,momentum,60,expanding,0.48225000500679016,0.48014190793037415
2015-08-05,momentum,60,expanding,0.64484703540802,0.5790833234786987
2015-08-06,momentum,60,expanding,0.541225254535675,0.7358356714248657
2015-08-07,momentum,60,expanding,0.576079785823822,0.5375213623046875
2015-08-10,momentum,60,expanding,0.6756598353385925,0.5422142744064331
2015-08-11,momentum,60,expanding,0.8222931623458862,0.6562248468399048
2015-08-12,momentum,60,expanding,1.070734977722168,0.9189908504486084
2015-08-13,momentum,60,expanding,0.6425189971923828,0.6171460151672363
2015-08-14,momentum,60,expanding,0.40680527687072754,0.5516462326049805
2015-08-17,momentum,60,expanding,0.5880442261695862,0.6394092440605164
2015-08-18,momentum,60,expanding,0.36820682883262634,0.43967926502227783
2015-08-19,momentum,60,expanding,0.9496463537216187,0.6782858371734619
2015-08-20,momentum,60,expanding,1.073470950126648,1.1333825588226318
2015-08-21,momentum,60,expanding,1.521138310432434,1.6106512546539307
2015-08-24,momentum,60,expanding,6.107092380523682,2.4537835121154785
2015-08-25,momentum,60,expanding,2.710724115371704,3.0834035873413086
2015-08-26,momentum,60,expanding,2.8424289226531982,2.1331727504730225
2015-08-27,momentum,60,expanding,1.896519660949707,1.6017824411392212
2015-08-28,momentum,60,expanding,0.9556337594985962,1.220924973487854
2015-08-31,momentum,60,expanding,1.0897337198257446,1.0413434505462646
2015-09-01,momentum,60,expanding,2.2449772357940674,1.9674186706542969
2015-09-02,momentum,60,expanding,1.4546595811843872,1.207722544670105
2015-09-03,momentum,60,expanding,0.992962121963501,1.3557929992675781
2015-09-04,momentum,60,expanding,1.4397097826004028,1.2022184133529663
2015-09-08,momentum,60,expanding,1.468074917793274,1.2216507196426392
2015-09-09,momentum,60,expanding,1.1140401363372803,1.5843572616577148
2015-09-10,momentum,60,expanding,0.8762382864952087,1.2338569164276123
2015-09-11,momentum,60,expanding,0.8052470088005066,0.9825479984283447
2015-09-14,momentum,60,expanding,0.5960224270820618,0.6436230540275574
2015-09-15,momentum,60,expanding,0.5569227337837219,0.9658093452453613
2015-09-16,momentum,60,expanding,0.5929057002067566,0.661803126335144
2015-09-17,momentum,60,expanding,1.27928626537323,1.1071547269821167
2015-09-18,momentum,60,expanding,1.361925482749939,1.1930930614471436
2015-09-21,momentum,60,expanding,0.8707589507102966,0.7995491027832031
2015-09-22,momentum,60,expanding,1.3077605962753296,1.0608407258987427
2015-09-23,momentum,60,expanding,0.7572812438011169,1.0840528011322021
2015-09-24,momentum,60,expanding,1.0441006422042847,1.1791564226150513
2015-09-25,momentum,60,expanding,1.0345593690872192,1.0540601015090942
2015-09-28,momentum,60,expanding,1.1553207635879517,1.5367257595062256
2015-09-29,momentum,60,expanding,1.1817799806594849,1.1740169525146484
2015-09-30,momentum,60,expanding,1.495627760887146,1.1247689723968506
2015-10-01,momentum,60,expanding,1.1410325765609741,1.0517765283584595
2015-10-02,momentum,60,expanding,1.6934986114501953,1.5976688861846924
2015-10-05,momentum,60,expanding,0.8905875086784363,1.0233973264694214
2015-10-06,momentum,60,expanding,0.6829049587249756,0.842077910900116
2015-10-07,momentum,60,expanding,0.9471501708030701,0.7711875438690186
2015-10-08,momentum,60,expanding,0.7110604047775269,0.8741869330406189
2015-10-09,momentum,60,expanding,0.5342766046524048,0.660513699054718
2015-10-12,momentum,60,expanding,0.37612029910087585,0.4438755512237549
2015-10-13,momentum,60,expanding,0.615027904510498,0.6086407899856567
2015-10-14,momentum,60,expanding,0.6851932406425476,0.6820996999740601
2015-10-15,momentum,60,expanding,0.5368911623954773,0.7663814425468445
2015-10-16,momentum,60,expanding,0.5126047134399414,0.4594299793243408
2015-10-19,momentum,60,expanding,0.5282853245735168,0.4732622504234314
2015-10-20,momentum,60,expanding,0.5042325258255005,0.5214270353317261
2015-10-21,momentum,60,expanding,0.7471799254417419,0.6405460238456726
2015-10-22,momentum,60,expanding,0.7661428451538086,0.8171415328979492
2015-10-23,momentum,60,expanding,0.8509055972099304,0.6369801759719849
2015-10-26,momentum,60,expanding,0.3822285532951355,0.46347492933273315
2015-10-27,momentum,60,expanding,0.5862306952476501,0.5142408609390259
2015-10-28,momentum,60,expanding,0.9409856796264648,0.7331557869911194
2015-10-29,momentum,60,expanding,0.48140043020248413,0.5526977777481079
2015-10-30,momentum,60,expanding,0.5342662334442139,0.5923464894294739
2015-11-02,momentum,60,expanding,0.42046618461608887,0.6264401078224182
2015-11-03,momentum,60,expanding,0.4835807979106903,0.489133358001709
2015-11-04,momentum,60,expanding,0.614382803440094,0.5085931420326233
2015-11-05,momentum,60,expanding,0.5839255452156067,0.625811755657196
2015-11-06,momentum,60,expanding,0.6034426689147949,0.5797631144523621
2015-11-09,momentum,60,expanding,0.7614883780479431,0.7216218709945679
2015-11-10,momentum,60,expanding,0.5499747395515442,0.5692407488822937
2015-11-11,momentum,60,expanding,0.4731254279613495,0.5330858826637268
2015-11-12,momentum,60,expanding,0.8733656406402588,0.7960272431373596
2015-11-13,momentum,60,expanding,0.6671431660652161,0.8260686993598938
2015-11-16,momentum,60,expanding,0.7153626084327698,0.8549231290817261
2015-11-17,momentum,60,expanding,0.7524334192276001,0.6875563859939575
2015-11-18,momentum,60,expanding,0.7099785804748535,0.8546318411827087
2015-11-19,momentum,60,expanding,0.46447187662124634,0.46957361698150635
2015-11-20,momentum,60,expanding,0.5691575407981873,0.558366060256958
2015-11-23,momentum,60,expanding,0.4336825907230377,0.4831644296646118
2015-11-24,momentum,60,expanding,0.6535255312919617,0.6397585868835449
2015-11-25,momentum,60,expanding,0.3200731873512268,0.40652602910995483
2015-11-27,momentum,60,expanding,0.2484254091978073,0.3926467299461365
2015-11-30,momentum,60,expanding,0.44243597984313965,0.45172882080078125
2015-12-01,momentum,60,expanding,0.6222959756851196,0.5225738883018494
2015-12-02,momentum,60,expanding,0.5199115872383118,0.7003924250602722
2015-12-03,momentum,60,expanding,0.8429600596427917,1.056752324104309
2015-12-04,momentum,60,expanding,0.845172643661499,0.983099102973938
2015-12-07,momentum,60,expanding,0.8103945255279541,0.7418226599693298
2015-12-08,momentum,60,expanding,1.2818913459777832,0.8458340167999268
2015-12-09,momentum,60,expanding,1.0488706827163696,1.2273805141448975
2015-12-10,momentum,60,expanding,0.7810572385787964,0.8499884605407715
2015-12-11,momentum,60,expanding,1.160577654838562,1.1816343069076538
2015-12-14,momentum,60,expanding,1.239391565322876,1.0428831577301025
2015-12-15,momentum,60,expanding,1.0609846115112305,0.9189317226409912
2015-12-16,momentum,60,expanding,0.983195960521698,0.9016045928001404
2015-12-17,momentum,60,expanding,0.9051330089569092,1.0618369579315186
2015-12-18,momentum,60,expanding,0.975375771522522,1.1463611125946045
2015-12-21,momentum,60,expanding,0.8869057893753052,0.656173825263977
2015-12-22,momentum,60,expanding,0.6400415897369385,0.7834125757217407
2015-12-23,momentum,60,expanding,0.5840789675712585,0.7665731310844421
2015-12-24,momentum,60,expanding,0.28011903166770935,0.6277798414230347
2015-12-28,momentum,60,expanding,0.544843852519989,0.6227821111679077
2015-12-29,momentum,60,expanding,0.6348679661750793,0.5786327123641968
2015-12-30,momentum,60,expanding,0.43678027391433716,0.6189383864402771
2015-12-31,momentum,60,expanding,0.6944714784622192,0.6193551421165466
2016-01-04,momentum,60,expanding,1.8643945455551147,1.1504201889038086
2016-01-05,momentum,60,expanding,0.7911797761917114,0.8718088269233704
2016-01-06,momentum,60,expanding,1.4094488620758057,1.079639196395874
2016-01-07,momentum,60,expanding,1.9777171611785889,1.4755558967590332
2016-01-08,momentum,60,expanding,1.3276973962783813,1.656700611114502
2016-01-11,momentum,60,expanding,1.2732048034667969,1.3647794723510742
2016-01-12,momentum,60,expanding,1.3360037803649902,1.305699348449707
2016-01-13,momentum,60,expanding,1.4331769943237305,1.8778702020645142
2016-01-14,momentum,60,expanding,1.276334524154663,1.6766674518585205
2016-01-15,momentum,60,expanding,2.256190776824951,1.8990799188613892
2016-01-19,momentum,60,expanding,1.414040446281433,1.5735169649124146
2016-01-20,momentum,60,expanding,2.090296983718872,2.0573575496673584
2016-01-21,momentum,60,expanding,1.7240387201309204,1.7106858491897583
2016-01-22,momentum,60,expanding,1.350212812423706,1.2948569059371948
2016-01-25,momentum,60,expanding,0.8432279825210571,1.208327054977417
2016-01-26,momentum,60,expanding,1.132907509803772,0.984454870223999
2016-01-27,momentum,60,expanding,1.418370008468628,1.4566115140914917
2016-01-28,momentum,60,expanding,1.6049604415893555,1.3029654026031494
2016-01-29,momentum,60,expanding,0.8625195026397705,1.496293544769287
2016-02-01,momentum,60,expanding,1.108719825744629,0.8894787430763245
2016-02-02,momentum,60,expanding,1.0957472324371338,1.1627850532531738
2016-02-03,momentum,60,expanding,1.6612110137939453,1.4823490381240845
2016-02-04,momentum,60,expanding,1.3568352460861206,1.3900675773620605
2016-02-05,momentum,60,expanding,1.1918375492095947,1.3712785243988037
2016-02-08,momentum,60,expanding,1.7131495475769043,1.4215075969696045
2016-02-09,momentum,60,expanding,1.7238924503326416,1.4851442575454712
2016-02-10,momentum,60,expanding,1.2846240997314453,1.3856384754180908
2016-02-11,momentum,60,expanding,1.7465639114379883,1.431911587715149
2016-02-12,momentum,60,expanding,0.9847818613052368,1.221269130706787
2016-02-16,momentum,60,expanding,0.9619315266609192,0.8846570253372192
2016-02-17,momentum,60,expanding,0.8570308089256287,1.042331576347351
2016-02-18,momentum,60,expanding,0.6592288613319397,0.8743934631347656
2016-02-19,momentum,60,expanding,0.8370142579078674,0.8348873257637024
2016-02-22,momentum,60,expanding,0.8208672404289246,0.664387583732605
2016-02-23,momentum,60,expanding,0.7050926089286804,0.8231780529022217
2016-02-24,momentum,60,expanding,1.3654946088790894,1.2296452522277832
2016-02-25,momentum,60,expanding,0.8240745067596436,0.8245593309402466
2016-02-26,momentum,60,expanding,0.7443616390228271,0.689687967300415
2016-02-29,momentum,60,expanding,0.6923912763595581,0.8557252883911133
2016-03-01,momentum,60,expanding,0.8032092452049255,1.0109959840774536
2016-03-02,momentum,60,expanding,0.6526565551757812,0.6557866930961609
2016-03-03,momentum,60,expanding,0.5303792953491211,0.5603600144386292
2016-03-04,momentum,60,expanding,0.6377307772636414,0.7629873156547546
2016-03-07,momentum,60,expanding,0.7092128396034241,0.7210100293159485
2016-03-08,momentum,60,expanding,0.8456987738609314,0.703871488571167
2016-03-09,momentum,60,expanding,0.7557376623153687,0.5847508311271667
2016-03-10,momentum,60,expanding,1.0528972148895264,1.0606334209442139
2016-03-11,momentum,60,expanding,0.7802853584289551,0.7592397332191467
2016-03-14,momentum,60,expanding,0.4418516457080841,0.48376208543777466
2016-03-15,momentum,60,expanding,0.5727604031562805,0.5134024024009705
2016-03-16,momentum,60,expanding,0.8591802716255188,0.569083571434021
2016-03-17,momentum,60,expanding,0.48305994272232056,0.6667670011520386
2016-03-18,momentum,60,expanding,0.5102292895317078,0.40340253710746765
2016-03-21,momentum,60,expanding,0.41795918345451355,0.42154115438461304
2016-03-22,momentum,60,expanding,0.5167195200920105,0.5706926584243774
2016-03-23,momentum,60,expanding,0.4682425260543823,0.5290099382400513
2016-03-24,momentum,60,expanding,0.5987577438354492,0.4448089003562927
2016-03-28,momentum,60,expanding,0.3967815637588501,0.38364285230636597
2016-03-29,momentum,60,expanding,0.5566663146018982,0.6566381454467773
2016-03-30,momentum,60,expanding,0.5525966882705688,0.4261675179004669
2016-03-31,momentum,60,expanding,0.37332040071487427,0.3650549054145813
2016-04-01,momentum,60,expanding,0.7174330949783325,0.7848784923553467
2016-04-04,momentum,60,expanding,0.42420196533203125,0.4593510925769806
2016-04-05,momentum,60,expanding,0.7961450219154358,0.6115577220916748
2016-04-06,momentum,60,expanding,0.5540632605552673,0.6292858123779297
2016-04-07,momentum,60,expanding,0.7730053663253784,0.8437727689743042
2016-04-08,momentum,60,expanding,0.6810202598571777,0.6706780195236206
2016-04-11,momentum,60,expanding,0.6143216490745544,0.6520727872848511
2016-04-12,momentum,60,expanding,0.6139630079269409,0.7393136024475098
2016-04-13,momentum,60,expanding,0.5803050398826599,0.5326332449913025
2016-04-14,momentum,60,expanding,0.40409818291664124,0.43499690294265747
2016-04-15,momentum,60,expanding,0.24712654948234558,0.3548010587692261
2016-04-18,momentum,60,expanding,0.45766472816467285,0.5083785057067871
2016-04-19,momentum,60,expanding,0.44714030623435974,0.4145186245441437
2016-04-20,momentum,60,expanding,0.39241912961006165,0.48810383677482605
2016-04-21,momentum,60,expanding,0.4886075556278229,0.585822582244873
2016-04-22,momentum,60,expanding,0.4717874526977539,0.45641279220581055
2016-04-25,momentum,60,expanding,0.46633097529411316,0.45634979009628296
2016-04-26,momentum,60,expanding,0.41461044549942017,0.46347519755363464
2016-04-27,momentum,60,expanding,0.5534590482711792,0.5272714495658875
2016-04-28,momentum,60,expanding,0.6042600274085999,0.7523367404937744
2016-04-29,momentum,60,expanding,0.7228695750236511,0.7029861211776733
2016-05-02,momentum,60,expanding,0.480984628200531,0.5261373519897461
2016-05-03,momentum,60,expanding,0.7204863429069519,0.6932204365730286
2016-05-04,momentum,60,expanding,0.5959994196891785,0.6173079609870911
2016-05-05,momentum,60,expanding,0.5839337110519409,0.5340476036071777
2016-05-06,momentum,60,expanding,0.6555532813072205,0.5655293464660645
2016-05-09,momentum,60,expanding,0.4680878221988678,0.451101154088974
2016-05-10,momentum,60,expanding,0.45424720644950867,0.583511471748352
2016-05-11,momentum,60,expanding,0.47307026386260986,0.5691017508506775
2016-05-12,momentum,60,expanding,0.6881145238876343,0.6752729415893555
2016-05-13,momentum,60,expanding,0.5798383355140686,0.7105000019073486
2016-05-16,momentum,60,expanding,0.4479709267616272,0.6462846994400024
2016-05-17,momentum,60,expanding,0.5969027876853943,0.7272058725357056
2016-05-18,momentum,60,expanding,0.9573208093643188,0.8839304447174072
2016-05-19,momentum,60,expanding,0.8042436838150024,0.6864585280418396
2016-05-20,momentum,60,expanding,0.5121746063232422,0.5425603985786438
2016-05-23,momentum,60,expanding,0.33495160937309265,0.4155118465423584
2016-05-24,momentum,60,expanding,0.5281316637992859,0.6293442845344543
2016-05-25,momentum,60,expanding,0.4735313057899475,0.48721766471862793
2016-05-26,momentum,60,expanding,0.3417476713657379,0.3134501278400421
2016-05-27,momentum,60,expanding,0.29841071367263794,0.34396591782569885
2016-05-31,momentum,60,expanding,0.41572389006614685,0.4444984793663025
2016-06-01,momentum,60,expanding,0.5437378883361816,0.525698184967041
2016-06-02,momentum,60,expanding,0.4243984520435333,0.505623459815979
2016-06-03,momentum,60,expanding,0.594088077545166,0.5587325096130371
2016-06-06,momentum,60,expanding,0.39402854442596436,0.36300399899482727
2016-06-07,momentum,60,expanding,0.2598709166049957,0.3626484274864197
2016-06-08,momentum,60,expanding,0.31989070773124695,0.34981298446655273
2016-06-09,momentum,60,expanding,0.44587990641593933,0.36885738372802734
2016-06-10,momentum,60,expanding,0.6192079782485962,0.5355744957923889
2016-06-13,momentum,60,expanding,0.5233069658279419,0.5815854072570801
2016-06-14,momentum,60,expanding,0.6233665347099304,0.5761875510215759
2016-06-15,momentum,60,expanding,0.49303311109542847,0.5732216238975525
2016-06-16,momentum,60,expanding,0.7422111630439758,0.7813125848770142
2016-06-17,momentum,60,expanding,0.5440672039985657,0.5752004384994507
2016-06-20,momentum,60,expanding,0.8680330514907837,0.7098349332809448
2016-06-21,momentum,60,expanding,0.4856100082397461,0.41154253482818604
2016-06-22,momentum,60,expanding,0.5078912973403931,0.5182673335075378
2016-06-23,momentum,60,expanding,0.5845242142677307,0.4887838363647461
2016-06-24,momentum,60,expanding,2.5068275928497314,1.7126834392547607
2016-06-27,momentum,60,expanding,1.1343152523040771,1.3058245182037354
2016-06-28,momentum,60,expanding,0.9142375588417053,1.039168119430542
2016-06-29,momentum,60,expanding,0.7956054210662842,0.8496062755584717
2016-06-30,momentum,60,expanding,0.5864193439483643,1.0882529020309448
2016-07-01,momentum,60,expanding,0.38909927010536194,0.6540266275405884
2016-07-05,momentum,60,expanding,0.5271096229553223,0.6320862770080566
2016-07-06,momentum,60,expanding,0.6909399032592773,0.744452714920044
2016-07-07,momentum,60,expanding,0.5431602597236633,0.6719585657119751
2016-07-08,momentum,60,expanding,0.391685426235199,0.5874132513999939
2016-07-11,momentum,60,expanding,0.43085354566574097,0.3803855776786804
2016-07-12,momentum,60,expanding,0.5599690675735474,0.40131354331970215
2016-07-13,momentum,60,expanding,0.36263391375541687,0.3878355026245117
2016-07-14,momentum,60,expanding,0.5216362476348877,0.3386308550834656
2016-07-15,momentum,60,expanding,0.3339429497718811,0.4048454463481903
2016-07-18,momentum,60,expanding,0.2528551518917084,0.2990102469921112
2016-07-19,momentum,60,expanding,0.2636338472366333,0.273652046918869
2016-07-20,momentum,60,expanding,0.22623705863952637,0.2962450683116913
2016-07-21,momentum,60,expanding,0.337037056684494,0.3894392251968384
2016-07-22,momentum,60,expanding,0.26453956961631775,0.28771379590034485
2016-07-25,momentum,60,expanding,0.32745012640953064,0.33122333884239197
2016-07-26,momentum,60,expanding,0.4504607915878296,0.3821002244949341
2016-07-27,momentum,60,expanding,0.479295939207077,0.4587538242340088
2016-07-28,momentum,60,expanding,0.4895424544811249,0.3786826729774475
2016-07-29,momentum,60,expanding,0.4007420241832733,0.37180817127227783
2016-08-01,momentum,60,expanding,0.47042617201805115,0.3679041266441345
2016-08-02,momentum,60,expanding,0.4987277686595917,0.589067816734314
2016-08-03,momentum,60,expanding,0.34358325600624084,0.40423986315727234
2016-08-04,momentum,60,expanding,0.33532026410102844,0.38217270374298096
2016-08-05,momentum,60,expanding,0.31091904640197754,0.33345741033554077
2016-08-08,momentum,60,expanding,0.23712877929210663,0.2837498188018799
2016-08-09,momentum,60,expanding,0.22695161402225494,0.2394884079694748
2016-08-10,momentum,60,expanding,0.32503175735473633,0.3455834984779358
2016-08-11,momentum,60,expanding,0.3414006233215332,0.27438920736312866
2016-08-12,momentum,60,expanding,0.22944413125514984,0.29674842953681946
2016-08-15,momentum,60,expanding,0.19754722714424133,0.24502301216125488
2016-08-16,momentum,60,expanding,0.3397499620914459,0.32866203784942627
2016-08-17,momentum,60,expanding,0.40539416670799255,0.42041075229644775
2016-08-18,momentum,60,expanding,0.2481752336025238,0.3208460211753845
2016-08-19,momentum,60,expanding,0.3755485713481903,0.3258906900882721
2016-08-22,momentum,60,expanding,0.47530099749565125,0.3244341015815735
2016-08-23,momentum,60,expanding,0.2574482858181,0.264163613319397
2016-08-24,momentum,60,expanding,0.32731950283050537,0.45209792256355286
2016-08-25,momentum,60,expanding,0.39211443066596985,0.39469587802886963
2016-08-26,momentum,60,expanding,0.6130600571632385,0.6769871115684509
2016-08-29,momentum,60,expanding,0.2932550311088562,0.40125811100006104
2016-08-30,momentum,60,expanding,0.3749251365661621,0.3659100830554962
2016-08-31,momentum,60,expanding,0.3562649190425873,0.41345328092575073
2016-09-01,momentum,60,expanding,0.4937528371810913,0.4696386456489563
2016-09-02,momentum,60,expanding,0.38300156593322754,0.3560962677001953
2016-09-06,momentum,60,expanding,0.3238064646720886,0.3536865711212158
2016-09-07,momentum,60,expanding,0.2669856548309326,0.31982994079589844
2016-09-08,momentum,60,expanding,0.2952359914779663,0.30091434717178345
2016-09-09,momentum,60,expanding,0.664097785949707,0.9419859647750854
2016-09-12,momentum,60,expanding,0.752480149269104,0.9952902793884277
2016-09-13,momentum,60,expanding,0.969701886177063,0.8185651898384094
2016-09-14,momentum,60,expanding,0.6843146085739136,0.838486909866333
2016-09-15,momentum,60,expanding,0.6103323698043823,0.7906197309494019
2016-09-16,momentum,60,expanding,0.6537879109382629,0.5054845213890076
2016-09-19,momentum,60,expanding,0.49307507276535034,0.5786701440811157
2016-09-20,momentum,60,expanding,0.44174668192863464,0.44544512033462524
2016-09-21,momentum,60,expanding,0.5785161852836609,0.5745235681533813
2016-09-22,momentum,60,expanding,0.48172566294670105,0.28709840774536133
2016-09-23,momentum,60,expanding,0.3419942259788513,0.39215782284736633
2016-09-26,momentum,60,expanding,0.45899975299835205,0.4226534962654114
2016-09-27,momentum,60,expanding,0.4963929355144501,0.49534547328948975
2016-09-28,momentum,60,expanding,0.4797413945198059,0.5459030270576477
2016-09-29,momentum,60,expanding,0.6804351210594177,0.7195947170257568
2016-09-30,momentum,60,expanding,0.5552424192428589,0.5189606547355652
2016-10-03,momentum,60,expanding,0.4135640859603882,0.37676751613616943
2016-10-04,momentum,60,expanding,0.6580941081047058,0.6781414151191711
2016-10-05,momentum,60,expanding,0.35043132305145264,0.420651376247406
2016-10-06,momentum,60,expanding,0.42119184136390686,0.46829354763031006
2016-10-07,momentum,60,expanding,0.5236009359359741,0.6022053360939026
2016-10-10,momentum,60,expanding,0.3350566327571869,0.3091452419757843
2016-10-11,momentum,60,expanding,0.5850227475166321,0.7929035425186157
2016-10-12,momentum,60,expanding,0.42785078287124634,0.5050135254859924
2016-10-13,momentum,60,expanding,0.6159225702285767,0.6816562414169312
2016-10-14,momentum,60,expanding,0.5145489573478699,0.5798341035842896
2016-10-17,momentum,60,expanding,0.3883950114250183,0.47592073678970337
2016-10-18,momentum,60,expanding,0.4081222414970398,0.3330591022968292
2016-10-19,momentum,60,expanding,0.2723785638809204,0.3864184617996216
2016-10-20,momentum,60,expanding,0.5416315197944641,0.4033738374710083
2016-10-21,momentum,60,expanding,0.45071932673454285,0.41425931453704834
2016-10-24,momentum,60,expanding,0.33965981006622314,0.28929802775382996
2016-10-25,momentum,60,expanding,0.32306280732154846,0.3762800097465515
2016-10-26,momentum,60,expanding,0.4787444770336151,0.4295121431350708
2016-10-27,momentum,60,expanding,0.4776531457901001,0.4879361391067505
2016-10-28,momentum,60,expanding,0.7668375968933105,0.5934886336326599
2016-10-31,momentum,60,expanding,0.3748847544193268,0.35910624265670776
2016-11-01,momentum,60,expanding,0.5948173403739929,0.8631194233894348
2016-11-02,momentum,60,expanding,0.6631988286972046,0.5938932299613953
2016-11-03,momentum,60,expanding,0.4272792339324951,0.6373870968818665
2016-11-04,momentum,60,expanding,0.56281977891922,0.5563111305236816
2016-11-07,momentum,60,expanding,0.762750506401062,0.6670589447021484
2016-11-08,momentum,60,expanding,0.5622711777687073,0.5382745862007141
2016-11-09,momentum,60,expanding,1.103110671043396,0.8528130650520325
2016-11-10,momentum,60,expanding,1.0612717866897583,0.799009382724762
2016-11-11,momentum,60,expanding,0.5606706738471985,0.568139374256134
2016-11-14,momentum,60,expanding,0.5229861736297607,0.5451303720474243
2016-11-15,momentum,60,expanding,0.3335860073566437,0.4794904291629791
2016-11-16,momentum,60,expanding,0.3812691569328308,0.3906095325946808
2016-11-17,momentum,60,expanding,0.2612607479095459,0.36726611852645874
2016-11-18,momentum,60,expanding,0.30810797214508057,0.29007017612457275
2016-11-21,momentum,60,expanding,0.3042566776275635,0.2846769392490387
2016-11-22,momentum,60,expanding,0.29165443778038025,0.32328128814697266
2016-11-23,momentum,60,expanding,0.2739172577857971,0.3031168580055237
2016-11-25,momentum,60,expanding,0.1411752551794052,0.14817270636558533
2016-11-28,momentum,60,expanding,0.311784029006958,0.3346787393093109
2016-11-29,momentum,60,expanding,0.30249255895614624,0.3974435329437256
2016-11-30,momentum,60,expanding,0.5293129682540894,0.45250189304351807
2016-12-01,momentum,60,expanding,0.46159231662750244,0.4969472885131836
2016-12-02,momentum,60,expanding,0.382408082485199,0.37273651361465454
2016-12-05,momentum,60,expanding,0.2903845012187958,0.24209319055080414
2016-12-06,momentum,60,expanding,0.2976779341697693,0.333562970161438
2016-12-07,momentum,60,expanding,0.4763052761554718,0.5815670490264893
2016-12-08,momentum,60,expanding,0.4019447863101959,0.3388029932975769
2016-12-09,momentum,60,expanding,0.28978437185287476,0.2659807801246643
2016-12-12,momentum,60,expanding,0.3811413049697876,0.2991985082626343
2016-12-13,momentum,60,expanding,0.38996440172195435,0.27737438678741455
2016-12-14,momentum,60,expanding,0.8847878575325012,0.5663752555847168
2016-12-15,momentum,60,expanding,0.5356317758560181,0.584726095199585
2016-12-16,momentum,60,expanding,0.45844119787216187,0.5121181011199951
2016-12-19,momentum,60,expanding,0.3088212013244629,0.37978634238243103
2016-12-20,momentum,60,expanding,0.2855783700942993,0.3214032053947449
2016-12-21,momentum,60,expanding,0.1954396814107895,0.3450525403022766
2016-12-22,momentum,60,expanding,0.2534743547439575,0.31482359766960144
2016-12-23,momentum,60,expanding,0.16153864562511444,0.20815099775791168
2016-12-27,momentum,60,expanding,0.2364281415939331,0.28277093172073364
2016-12-28,momentum,60,expanding,0.352010577917099,0.49166053533554077
2016-12-29,momentum,60,expanding,0.3400283455848694,0.37246406078338623
2016-12-30,momentum,60,expanding,0.469421923160553,0.5422171950340271
2017-01-03,momentum,60,expanding,0.5941449999809265,0.47472596168518066
2017-01-04,momentum,60,expanding,0.36411571502685547,0.3399201035499573
2017-01-05,momentum,60,expanding,0.34329038858413696,0.3573306202888489
2017-01-06,momentum,60,expanding,0.3869064152240753,0.45494383573532104
2017-01-09,momentum,60,expanding,0.2839605510234833,0.2885717749595642
2017-01-10,momentum,60,expanding,0.35444435477256775,0.4210451543331146
2017-01-11,momentum,60,expanding,0.5368474721908569,0.43757808208465576
2017-01-12,momentum,60,expanding,0.487313836812973,0.4636446237564087
2017-01-13,momentum,60,expanding,0.290849506855011,0.2998485565185547
2017-01-17,momentum,60,expanding,0.3088895082473755,0.33732736110687256
2017-01-18,momentum,60,expanding,0.3339954912662506,0.36060386896133423
2017-01-19,momentum,60,expanding,0.39244410395622253,0.4778001308441162
2017-01-20,momentum,60,expanding,0.454139769077301,0.3659917116165161
2017-01-23,momentum,60,expanding,0.42793557047843933,0.384549617767334
2017-01-24,momentum,60,expanding,0.2782492935657501,0.38913673162460327
2017-01-25,momentum,60,expanding,0.29393139481544495,0.2925626039505005
2017-01-26,momentum,60,expanding,0.29524433612823486,0.3196953535079956
2017-01-27,momentum,60,expanding,0.2568880319595337,0.2723063826560974
2017-01-30,momentum,60,expanding,0.4480785131454468,0.4002111554145813
2017-01-31,momentum,60,expanding,0.41373762488365173,0.37352192401885986
2017-02-01,momentum,60,expanding,0.45366063714027405,0.47631269693374634
2017-02-02,momentum,60,expanding,0.40195223689079285,0.42773938179016113
2017-02-03,momentum,60,expanding,0.2836639881134033,0.314419686794281
2017-02-06,momentum,60,expanding,0.24994990229606628,0.2961106300354004
2017-02-07,momentum,60,expanding,0.2756151556968689,0.30132782459259033
2017-02-08,momentum,60,expanding,0.3489532768726349,0.36143991351127625
2017-02-09,momentum,60,expanding,0.25159740447998047,0.34821200370788574
2017-02-10,momentum,60,expanding,0.21658344566822052,0.21889030933380127
2017-02-13,momentum,60,expanding,0.22174997627735138,0.2174232006072998
2017-02-14,momentum,60,expanding,0.3285106420516968,0.2648363709449768
2017-02-15,momentum,60,expanding,0.3014621436595917,0.31412655115127563
2017-02-16,momentum,60,expanding,0.4711402356624603,0.30126333236694336
2017-02-17,momentum,60,expanding,0.28547823429107666,0.29485830664634705
2017-02-21,momentum,60,expanding,0.3339502215385437,0.2830438017845154
2017-02-22,momentum,60,expanding,0.26277434825897217,0.277624249458313
2017-02-23,momentum,60,expanding,0.3267427682876587,0.33379414677619934
2017-02-24,momentum,60,expanding,0.38533371686935425,0.3563416600227356
2017-02-27,momentum,60,expanding,0.28920838236808777,0.2748965919017792
2017-02-28,momentum,60,expanding,0.2856677174568176,0.32416194677352905
2017-03-01,momentum,60,expanding,0.377248615026474,0.35896578431129456
2017-03-02,momentum,60,expanding,0.38693761825561523,0.40240541100502014
2017-03-03,momentum,60,expanding,0.31391921639442444,0.281130850315094
2017-03-06,momentum,60,expanding,0.305844247341156,0.3342095613479614
2017-03-07,momentum,60,expanding,0.30975478887557983,0.3347981572151184
2017-03-08,momentum,60,expanding,0.3364221751689911,0.4196719527244568
2017-03-09,momentum,60,expanding,0.349087119102478,0.4201017916202545
2017-03-10,momentum,60,expanding,0.37227576971054077,0.3627767264842987
2017-03-13,momentum,60,expanding,0.2337055802345276,0.24105432629585266
2017-03-14,momentum,60,expanding,0.37985166907310486,0.31357377767562866
2017-03-15,momentum,60,expanding,0.42964404821395874,0.4133341312408447
2017-03-16,momentum,60,expanding,0.32268214225769043,0.3392869830131531
2017-03-17,momentum,60,expanding,0.2527070939540863,0.30964601039886475
2017-03-20,momentum,60,expanding,0.3469682037830353,0.30539560317993164
2017-03-21,momentum,60,expanding,0.6479567885398865,0.7985625267028809
2017-03-22,momentum,60,expanding,0.5360957384109497,0.4863482713699341
2017-03-23,momentum,60,expanding,0.5107344388961792,0.5451407432556152
2017-03-24,momentum,60,expanding,0.5062916874885559,0.5590623021125793
2017-03-27,momentum,60,expanding,0.4787888824939728,0.6081339120864868
2017-03-28,momentum,60,expanding,0.4661623537540436,0.5526816844940186
2017-03-29,momentum,60,expanding,0.3232223391532898,0.35301750898361206
2017-03-30,momentum,60,expanding,0.2998308837413788,0.32595115900039673
2017-03-31,momentum,60,expanding,0.3427317142486572,0.29111701250076294
2017-04-03,momentum,60,expanding,0.49364250898361206,0.4963129758834839
2017-04-04,momentum,60,expanding,0.3619523346424103,0.32724446058273315
2017-04-05,momentum,60,expanding,0.6213233470916748,0.6213892698287964
2017-04-06,momentum,60,expanding,0.5119221210479736,0.4708020091056824
2017-04-07,momentum,60,expanding,0.44955167174339294,0.4420701861381531
2017-04-10,momentum,60,expanding,0.4825155735015869,0.4185664653778076
2017-04-11,momentum,60,expanding,0.5633184313774109,0.4668998420238495
2017-04-12,momentum,60,expanding,0.4779595732688904,0.41594481468200684
2017-04-13,momentum,60,expanding,0.48874613642692566,0.5759167671203613
2017-04-17,momentum,60,expanding,0.3559204041957855,0.39301931858062744
2017-04-18,momentum,60,expanding,0.42907586693763733,0.44353532791137695
2017-04-19,momentum,60,expanding,0.36144882440567017,0.49261584877967834
2017-04-20,momentum,60,expanding,0.35535743832588196,0.4344392418861389
2017-04-21,momentum,60,expanding,0.3804391920566559,0.3736668825149536
2017-04-24,momentum,60,expanding,0.29089903831481934,0.18359392881393433
2017-04-25,momentum,60,expanding,0.26883623003959656,0.2123389095067978
2017-04-26,momentum,60,expanding,0.47160688042640686,0.24444395303726196
2017-04-27,momentum,60,expanding,0.3280641734600067,0.26765626668930054
2017-04-28,momentum,60,expanding,0.29768356680870056,0.3713251054286957
2017-05-01,momentum,60,expanding,0.2744441032409668,0.29380905628204346
2017-05-02,momentum,60,expanding,0.24161285161972046,0.26781028509140015
2017-05-03,momentum,60,expanding,0.2866865396499634,0.35375651717185974
2017-05-04,momentum,60,expanding,0.3698002099990845,0.3401308059692383
2017-05-05,momentum,60,expanding,0.2362615019083023,0.24865129590034485
2017-05-08,momentum,60,expanding,0.2636096775531769,0.2106080949306488
2017-05-09,momentum,60,expanding,0.2550305724143982,0.316037118434906
2017-05-10,momentum,60,expanding,0.2191449999809265,0.2637942135334015
2017-05-11,momentum,60,expanding,0.34043386578559875,0.39758116006851196
2017-05-12,momentum,60,expanding,0.2339843213558197,0.2546871602535248
2017-05-15,momentum,60,expanding,0.234304741024971,0.2543073892593384
2017-05-16,momentum,60,expanding,0.2754415273666382,0.2789851129055023
2017-05-17,momentum,60,expanding,0.5703036785125732,0.631810188293457
2017-05-18,momentum,60,expanding,0.6583026647567749,0.6049647331237793
2017-05-19,momentum,60,expanding,0.366624653339386,0.5171217918395996
2017-05-22,momentum,60,expanding,0.25279611349105835,0.29307788610458374
2017-05-23,momentum,60,expanding,0.23059110343456268,0.2509954571723938
2017-05-24,momentum,60,expanding,0.22190330922603607,0.21953362226486206
2017-05-25,momentum,60,expanding,0.29225000739097595,0.2633402943611145
2017-05-26,momentum,60,expanding,0.19085313379764557,0.1963728964328766
2017-05-30,momentum,60,expanding,0.20878863334655762,0.2252284735441208
2017-05-31,momentum,60,expanding,0.38006359338760376,0.3282010555267334
2017-06-01,momentum,60,expanding,0.2832896113395691,0.34801000356674194
2017-06-02,momentum,60,expanding,0.26777559518814087,0.27737757563591003
2017-06-05,momentum,60,expanding,0.21972046792507172,0.20575498044490814
2017-06-06,momentum,60,expanding,0.29198187589645386,0.2901484966278076
2017-06-07,momentum,60,expanding,0.2931000292301178,0.303389310836792
2017-06-08,momentum,60,expanding,0.36013472080230713,0.3077380955219269
2017-06-09,momentum,60,expanding,0.5997708439826965,0.6220515966415405
2017-06-12,momentum,60,expanding,0.4464995563030243,0.32974547147750854
2017-06-13,momentum,60,expanding,0.2831891179084778,0.2828214764595032
2017-06-14,momentum,60,expanding,0.452065646648407,0.3987910747528076
2017-06-15,momentum,60,expanding,0.40803006291389465,0.41984423995018005
2017-06-16,momentum,60,expanding,0.33470094203948975,0.3397706151008606
2017-06-19,momentum,60,expanding,0.24239997565746307,0.29082709550857544
2017-06-20,momentum,60,expanding,0.31976082921028137,0.3919723629951477
2017-06-21,momentum,60,expanding,0.35946547985076904,0.356486976146698
2017-06-22,momentum,60,expanding,0.2689540386199951,0.3023025095462799
2017-06-23,momentum,60,expanding,0.2873464822769165,0.28586286306381226
2017-06-26,momentum,60,expanding,0.3764224648475647,0.3283427953720093
2017-06-27,momentum,60,expanding,0.4419737458229065,0.5102123022079468
2017-06-28,momentum,60,expanding,0.4040771722793579,0.4056975841522217
2017-06-29,momentum,60,expanding,0.6913115382194519,0.7423129081726074
2017-06-30,momentum,60,expanding,0.438387393951416,0.41212740540504456
2017-07-03,momentum,60,expanding,0.3407587707042694,0.35820484161376953
2017-07-05,momentum,60,expanding,0.34755653142929077,0.4017482399940491
2017-07-06,momentum,60,expanding,0.4471803903579712,0.4423500597476959
2017-07-07,momentum,60,expanding,0.3036389648914337,0.3369586765766144
2017-07-10,momentum,60,expanding,0.2508412003517151,0.28828272223472595
2017-07-11,momentum,60,expanding,0.4518721401691437,0.3984718918800354
2017-07-12,momentum,60,expanding,0.31362855434417725,0.28931015729904175
2017-07-13,momentum,60,expanding,0.21801908314228058,0.26110562682151794
2017-07-14,momentum,60,expanding,0.21768583357334137,0.3421861529350281
2017-07-17,momentum,60,expanding,0.17704883217811584,0.16897207498550415
2017-07-18,momentum,60,expanding,0.29776206612586975,0.23482079803943634
2017-07-19,momentum,60,expanding,0.1982658952474594,0.2753433287143707
2017-07-20,momentum,60,expanding,0.2855852246284485,0.2715025246143341
2017-07-21,momentum,60,expanding,0.21564951539039612,0.23521888256072998
2017-07-24,momentum,60,expanding,0.18798159062862396,0.18902021646499634
2017-07-25,momentum,60,expanding,0.198478102684021,0.1791691929101944
2017-07-26,momentum,60,expanding,0.2417433112859726,0.26452895998954773
2017-07-27,momentum,60,expanding,0.5124894380569458,0.48849424719810486
2017-07-28,momentum,60,expanding,0.27705153822898865,0.30299293994903564
2017-07-31,momentum,60,expanding,0.27641624212265015,0.2555246353149414
2017-08-01,momentum,60,expanding,0.26178157329559326,0.22659896314144135
2017-08-02,momentum,60,expanding,0.36391228437423706,0.3641386032104492
2017-08-03,momentum,60,expanding,0.2669261693954468,0.2934693396091461
2017-08-04,momentum,60,expanding,0.27783048152923584,0.2561616003513336
2017-08-07,momentum,60,expanding,0.1396302729845047,0.1874254196882248
2017-08-08,momentum,60,expanding,0.32645314931869507,0.45075586438179016
2017-08-09,momentum,60,expanding,0.42734795808792114,0.3820158541202545
2017-08-10,momentum,60,expanding,0.5539331436157227,0.561964750289917
2017-08-11,momentum,60,expanding,0.40293288230895996,0.3794093430042267
2017-08-14,momentum,60,expanding,0.3197154700756073,0.29820123314857483
2017-08-15,momentum,60,expanding,0.2756270468235016,0.287840873003006
2017-08-16,momentum,60,expanding,0.3098800778388977,0.38314133882522583
2017-08-17,momentum,60,expanding,0.5666921734809875,0.6549992561340332
2017-08-18,momentum,60,expanding,0.5396871566772461,0.5188188552856445
2017-08-21,momentum,60,expanding,0.3802880346775055,0.3929069936275482
2017-08-22,momentum,60,expanding,0.3325574994087219,0.46263477206230164
2017-08-23,momentum,60,expanding,0.33482450246810913,0.38128072023391724
2017-08-24,momentum,60,expanding,0.4081401824951172,0.3946695923805237
2017-08-25,momentum,60,expanding,0.35221168398857117,0.33804744482040405
2017-08-28,momentum,60,expanding,0.27280107140541077,0.2898697853088379
2017-08-29,momentum,60,expanding,0.3023466169834137,0.4903838336467743
2017-08-30,momentum,60,expanding,0.28190580010414124,0.40716543793678284
2017-08-31,momentum,60,expanding,0.28774911165237427,0.253307968378067
2017-09-01,momentum,60,expanding,0.2610171437263489,0.2408616989850998
2017-09-05,momentum,60,expanding,0.5872742533683777,0.5001060366630554
2017-09-06,momentum,60,expanding,0.268234521150589,0.34656625986099243
2017-09-07,momentum,60,expanding,0.3488328754901886,0.3399283289909363
2017-09-08,momentum,60,expanding,0.26214608550071716,0.33478641510009766
2017-09-11,momentum,60,expanding,0.27913767099380493,0.31336140632629395
2017-09-12,momentum,60,expanding,0.21457931399345398,0.19220373034477234
2017-09-13,momentum,60,expanding,0.18590152263641357,0.21765854954719543
2017-09-14,momentum,60,expanding,0.2049117535352707,0.2379252314567566
2017-09-15,momentum,60,expanding,0.1887010931968689,0.20201031863689423
2017-09-18,momentum,60,expanding,0.22692590951919556,0.20805442333221436
2017-09-19,momentum,60,expanding,0.20944732427597046,0.18222101032733917
2017-09-20,momentum,60,expanding,0.3194049298763275,0.3196602761745453
2017-09-21,momentum,60,expanding,0.27827996015548706,0.27546823024749756
2017-09-22,momentum,60,expanding,0.18659909069538116,0.24984626471996307
2017-09-25,momentum,60,expanding,0.3676814138889313,0.3527138829231262
2017-09-26,momentum,60,expanding,0.2561092972755432,0.2861727476119995
2017-09-27,momentum,60,expanding,0.3316907584667206,0.38544076681137085
2017-09-28,momentum,60,expanding,0.22696463763713837,0.2538985013961792
2017-09-29,momentum,60,expanding,0.2212851494550705,0.26789262890815735
2017-10-02,momentum,60,expanding,0.23387622833251953,0.19746294617652893
2017-10-03,momentum,60,expanding,0.20675358176231384,0.12109632045030594
2017-10-04,momentum,60,expanding,0.22618231177330017,0.19789889454841614
2017-10-05,momentum,60,expanding,0.2003074586391449,0.22358335554599762
2017-10-06,momentum,60,expanding,0.21610863506793976,0.1608547568321228
2017-10-09,momentum,60,expanding,0.19429978728294373,0.24927793443202972
2017-10-10,momentum,60,expanding,0.2679659426212311,0.21696999669075012
2017-10-11,momentum,60,expanding,0.18613363802433014,0.19178852438926697
2017-10-12,momentum,60,expanding,0.19867780804634094,0.2417963445186615
2017-10-13,momentum,60,expanding,0.18884645402431488,0.17724893987178802
2017-10-16,momentum,60,expanding,0.1969553828239441,0.17195488512516022
2017-10-17,momentum,60,expanding,0.15306545794010162,0.1522185355424881
2017-10-18,momentum,60,expanding,0.1756894290447235,0.16626295447349548
2017-10-19,momentum,60,expanding,0.23393860459327698,0.294399231672287
2017-10-20,momentum,60,expanding,0.20694197714328766,0.16503483057022095
2017-10-23,momentum,60,expanding,0.2227243334054947,0.3044850528240204
2017-10-24,momentum,60,expanding,0.25207167863845825,0.16656237840652466
2017-10-25,momentum,60,expanding,0.469613641500473,0.45257383584976196
2017-10-26,momentum,60,expanding,0.3526957333087921,0.25715160369873047
2017-10-27,momentum,60,expanding,0.3585015535354614,0.3129618465900421
2017-10-30,momentum,60,expanding,0.3192252218723297,0.3017231822013855
2017-10-31,momentum,60,expanding,0.19606314599514008,0.2343747913837433
2017-11-01,momentum,60,expanding,0.3145422637462616,0.3465955853462219
2017-11-02,momentum,60,expanding,0.4012853801250458,0.3593745529651642
2017-11-03,momentum,60,expanding,0.21144944429397583,0.3021528720855713
2017-11-06,momentum,60,expanding,0.1756441593170166,0.22053693234920502
2017-11-07,momentum,60,expanding,0.2885470390319824,0.3009587526321411
2017-11-08,momentum,60,expanding,0.2377471625804901,0.29979896545410156
2017-11-09,momentum,60,expanding,0.5260649919509888,0.4457515478134155
2017-11-10,momentum,60,expanding,0.2622299790382385,0.31709426641464233
2017-11-13,momentum,60,expanding,0.21883928775787354,0.3224974274635315
2017-11-14,momentum,60,expanding,0.4390322268009186,0.35681167244911194
2017-11-15,momentum,60,expanding,0.472497820854187,0.4339105188846588
2017-11-16,momentum,60,expanding,0.28375008702278137,0.42923417687416077
2017-11-17,momentum,60,expanding,0.2333579659461975,0.3129408359527588
2017-11-20,momentum,60,expanding,0.21441274881362915,0.23501050472259521
2017-11-21,momentum,60,expanding,0.21939651668071747,0.2672119140625
2017-11-22,momentum,60,expanding,0.16789111495018005,0.22598373889923096
2017-11-24,momentum,60,expanding,0.11036571860313416,0.17520394921302795
2017-11-27,momentum,60,expanding,0.21591709554195404,0.2291579246520996
2017-11-28,momentum,60,expanding,0.332401305437088,0.3569602072238922
2017-11-29,momentum,60,expanding,0.40184885263442993,0.29479676485061646
2017-11-30,momentum,60,expanding,0.5227156281471252,0.3876357674598694
2017-12-01,momentum,60,expanding,0.9422593116760254,0.8487909436225891
2017-12-04,momentum,60,expanding,0.47601592540740967,0.5508036613464355
2017-12-05,momentum,60,expanding,0.40449535846710205,0.4996735453605652
2017-12-06,momentum,60,expanding,0.36108317971229553,0.3421935439109802
2017-12-07,momentum,60,expanding,0.2985341250896454,0.3899824023246765
2017-12-08,momentum,60,expanding,0.2675434947013855,0.251520574092865
2017-12-11,momentum,60,expanding,0.2507210671901703,0.23513270914554596
2017-12-12,momentum,60,expanding,0.25566771626472473,0.2249647080898285
2017-12-13,momentum,60,expanding,0.34856224060058594,0.23244643211364746
2017-12-14,momentum,60,expanding,0.34134772419929504,0.3619101643562317
2017-12-15,momentum,60,expanding,0.3541978597640991,0.3804212510585785
2017-12-18,momentum,60,expanding,0.2906266152858734,0.23175114393234253
2017-12-19,momentum,60,expanding,0.2915348410606384,0.3384450078010559
2017-12-20,momentum,60,expanding,0.36737746000289917,0.34888577461242676
2017-12-21,momentum,60,expanding,0.28333720564842224,0.27917057275772095
2017-12-22,momentum,60,expanding,0.2097993791103363,0.2518332600593567
2017-12-26,momentum,60,expanding,0.1740947812795639,0.23739437758922577
2017-12-27,momentum,60,expanding,0.16462063789367676,0.2547758221626282
2017-12-28,momentum,60,expanding,0.1265108734369278,0.24945393204689026
2017-12-29,momentum,60,expanding,0.2589125633239746,0.4122072756290436
2018-01-02,momentum,60,expanding,0.25719547271728516,0.2251196950674057
2018-01-03,momentum,60,expanding,0.2391333281993866,0.2929503321647644
2018-01-04,momentum,60,expanding,0.27034327387809753,0.24497240781784058
2018-01-05,momentum,60,expanding,0.28086626529693604,0.2567116916179657
2018-01-08,momentum,60,expanding,0.24695022404193878,0.2164282202720642
2018-01-09,momentum,60,expanding,0.32538437843322754,0.19424086809158325
2018-01-10,momentum,60,expanding,0.3415842354297638,0.3436075747013092
2018-01-11,momentum,60,expanding,0.2641451954841614,0.29165980219841003
2018-01-12,momentum,60,expanding,0.3210194706916809,0.3149874806404114
2018-01-16,momentum,60,expanding,0.563125491142273,0.626895546913147
2018-01-17,momentum,60,expanding,0.4180128276348114,0.4610745310783386
2018-01-18,momentum,60,expanding,0.46273958683013916,0.38825929164886475
2018-01-19,momentum,60,expanding,0.35955312848091125,0.32947927713394165
2018-01-22,momentum,60,expanding,0.351593017578125,0.43042489886283875
2018-01-23,momentum,60,expanding,0.3242871165275574,0.2602296769618988
2018-01-24,momentum,60,expanding,0.6133341789245605,0.5135201215744019
2018-01-25,momentum,60,expanding,0.5513340830802917,0.43275129795074463
2018-01-26,momentum,60,expanding,0.30169710516929626,0.4750834107398987
2018-01-29,momentum,60,expanding,0.4727512300014496,0.43881547451019287
2018-01-30,momentum,60,expanding,0.5910142064094543,0.5242090821266174
2018-01-31,momentum,60,expanding,0.5719858407974243,0.5954098105430603
2018-02-01,momentum,60,expanding,0.5780919790267944,0.5791341066360474
2018-02-02,momentum,60,expanding,0.8375901579856873,0.9533533453941345
2018-02-05,momentum,60,expanding,2.1334946155548096,2.4663872718811035
2018-02-06,momentum,60,expanding,2.579169988632202,2.302607297897339
2018-02-07,momentum,60,expanding,1.404337763786316,1.3656822443008423
2018-02-08,momentum,60,expanding,1.9079525470733643,2.3671910762786865
2018-02-09,momentum,60,expanding,2.5284788608551025,2.456430435180664
2018-02-12,momentum,60,expanding,1.2879538536071777,1.383678674697876
2018-02-13,momentum,60,expanding,0.8434237837791443,0.9964690804481506
2018-02-14,momentum,60,expanding,0.9949487447738647,0.9957432150840759
2018-02-15,momentum,60,expanding,0.857620358467102,0.882642388343811
2018-02-16,momentum,60,expanding,0.8491882085800171,0.8359960913658142
2018-02-20,momentum,60,expanding,0.7607020139694214,0.772936224937439
2018-02-21,momentum,60,expanding,0.8796559572219849,0.9660822153091431
2018-02-22,momentum,60,expanding,0.982450544834137,0.8204182386398315
2018-02-23,momentum,60,expanding,0.6561958193778992,0.5906744003295898
2018-02-26,momentum,60,expanding,0.5585577487945557,0.5360752940177917
2018-02-27,momentum,60,expanding,0.8954675793647766,0.9355860948562622
2018-02-28,momentum,60,expanding,0.8766345977783203,1.0319936275482178
2018-03-01,momentum,60,expanding,1.5348745584487915,1.5745848417282104
2018-03-02,momentum,60,expanding,1.091001272201538,1.287778615951538
2018-03-05,momentum,60,expanding,0.7670683860778809,1.1779474020004272
2018-03-06,momentum,60,expanding,0.6781601309776306,0.7668852806091309
2018-03-07,momentum,60,expanding,0.6853549480438232,0.8279796838760376
2018-03-08,momentum,60,expanding,0.6589736342430115,0.6107696890830994
2018-03-09,momentum,60,expanding,0.3784139156341553,0.6641525626182556
2018-03-12,momentum,60,expanding,0.5329153537750244,0.4612472653388977
2018-03-13,momentum,60,expanding,0.7008094787597656,0.8777568340301514
2018-03-14,momentum,60,expanding,0.812177300453186,0.7265616655349731
2018-03-15,momentum,60,expanding,0.5429506897926331,0.6791499853134155
2018-03-16,momentum,60,expanding,0.43193814158439636,0.4588397145271301
2018-03-19,momentum,60,expanding,0.7954359650611877,0.9167454242706299
2018-03-20,momentum,60,expanding,0.5796181559562683,0.5591281652450562
2018-03-21,momentum,60,expanding,0.7872107028961182,0.7376374006271362
2018-03-22,momentum,60,expanding,1.071126937866211,1.1837729215621948
2018-03-23,momentum,60,expanding,1.2426462173461914,1.556115984916687
2018-03-26,momentum,60,expanding,1.1403673887252808,1.2145636081695557
2018-03-27,momentum,60,expanding,1.3287451267242432,1.5852166414260864
2018-03-28,momentum,60,expanding,1.639723300933838,1.2967329025268555
2018-03-29,momentum,60,expanding,0.9809083342552185,1.2704509496688843
2018-04-02,momentum,60,expanding,1.3223576545715332,1.7378478050231934
2018-04-03,momentum,60,expanding,1.3373339176177979,1.0693309307098389
2018-04-04,momentum,60,expanding,1.143849492073059,1.6063975095748901
2018-04-05,momentum,60,expanding,0.9285606741905212,0.6818616986274719
2018-04-06,momentum,60,expanding,1.1584303379058838,1.5430036783218384
2018-04-09,momentum,60,expanding,0.8719894289970398,1.0023620128631592
2018-04-10,momentum,60,expanding,1.0520451068878174,0.8202964067459106
2018-04-11,momentum,60,expanding,0.8680610656738281,0.7153626084327698
2018-04-12,momentum,60,expanding,0.7068662047386169,0.6372971534729004
2018-04-13,momentum,60,expanding,0.7889988422393799,0.9448546767234802
2018-04-16,momentum,60,expanding,0.5640756487846375,0.5475209355354309
2018-04-17,momentum,60,expanding,0.4062032103538513,0.5490857362747192
2018-04-18,momentum,60,expanding,0.4752669334411621,0.5130186080932617
2018-04-19,momentum,60,expanding,0.6005023717880249,0.5663304924964905
2018-04-20,momentum,60,expanding,0.7222591042518616,0.7915979623794556
2018-04-23,momentum,60,expanding,0.6041501760482788,0.6090074181556702
2018-04-24,momentum,60,expanding,1.1863954067230225,1.202059268951416
2018-04-25,momentum,60,expanding,1.002812147140503,0.9035128951072693
2018-04-26,momentum,60,expanding,0.6151542067527771,0.8253507018089294
2018-04-27,momentum,60,expanding,0.5787578821182251,0.5621122121810913
2018-04-30,momentum,60,expanding,0.6815624833106995,0.8578071594238281
2018-05-01,momentum,60,expanding,0.6890027523040771,0.7276050448417664
2018-05-02,momentum,60,expanding,0.6919511556625366,0.6819556355476379
2018-05-03,momentum,60,expanding,1.0050013065338135,0.9445886015892029
2018-05-04,momentum,60,expanding,0.6681065559387207,1.1182347536087036
2018-05-07,momentum,60,expanding,0.5244778394699097,0.5018532872200012
2018-05-08,momentum,60,expanding,0.6726407408714294,0.5706304311752319
2018-05-09,momentum,60,expanding,0.5446033477783203,0.5187696814537048
2018-05-10,momentum,60,expanding,0.44842496514320374,0.4887430667877197
2018-05-11,momentum,60,expanding,0.45406439900398254,0.40282905101776123
2018-05-14,momentum,60,expanding,0.437887579202652,0.3968603014945984
2018-05-15,momentum,60,expanding,0.6276284456253052,0.49091649055480957
2018-05-16,momentum,60,expanding,0.40248987078666687,0.441806435585022
2018-05-17,momentum,60,expanding,0.44504034519195557,0.5295167565345764
2018-05-18,momentum,60,expanding,0.4612334668636322,0.4017646312713623
2018-05-21,momentum,60,expanding,0.5162333846092224,0.3310609459877014
2018-05-22,momentum,60,expanding,0.3770540654659271,0.5074450969696045
2018-05-23,momentum,60,expanding,0.5340638160705566,0.48513656854629517
2018-05-24,momentum,60,expanding,0.5723243951797485,0.5582905411720276
2018-05-25,momentum,60,expanding,0.40245509147644043,0.387301504611969
2018-05-29,momentum,60,expanding,0.7598915100097656,0.7158021926879883
2018-05-30,momentum,60,expanding,0.4607102572917938,0.5564643740653992
2018-05-31,momentum,60,expanding,0.632694661617279,0.5238989591598511
2018-06-01,momentum,60,expanding,0.4482681453227997,0.41756725311279297
2018-06-04,momentum,60,expanding,0.3107287883758545,0.21564066410064697
2018-06-05,momentum,60,expanding,0.4015713632106781,0.3842926621437073
2018-06-06,momentum,60,expanding,0.38857004046440125,0.40151792764663696
2018-06-07,momentum,60,expanding,0.5433858633041382,0.3888291120529175
2018-06-08,momentum,60,expanding,0.36156541109085083,0.37232208251953125
2018-06-11,momentum,60,expanding,0.2741956114768982,0.26543691754341125
2018-06-12,momentum,60,expanding,0.29102885723114014,0.2963866591453552
2018-06-13,momentum,60,expanding,0.41145262122154236,0.4473288655281067
2018-06-14,momentum,60,expanding,0.3348427414894104,0.35211461782455444
2018-06-15,momentum,60,expanding,0.5051054358482361,0.43514740467071533
2018-06-18,momentum,60,expanding,0.45607635378837585,0.4101872444152832
2018-06-19,momentum,60,expanding,0.4644145965576172,0.5040215253829956
2018-06-20,momentum,60,expanding,0.28303611278533936,0.3781498968601227
2018-06-21,momentum,60,expanding,0.5510256886482239,0.5631769895553589
2018-06-22,momentum,60,expanding,0.3907091021537781,0.37904614210128784
2018-06-25,momentum,60,expanding,0.9079411625862122,0.7598505020141602
2018-06-26,momentum,60,expanding,0.5384148359298706,0.4861704111099243
2018-06-27,momentum,60,expanding,0.8615435361862183,0.9329334497451782
2018-06-28,momentum,60,expanding,0.7607877850532532,0.7653041481971741
2018-06-29,momentum,60,expanding,0.4975632429122925,0.7083408236503601
2018-07-02,momentum,60,expanding,0.622246265411377,0.6449369192123413
2018-07-03,momentum,60,expanding,0.3767855167388916,0.6378019452095032
2018-07-05,momentum,60,expanding,0.5331748127937317,0.5012688040733337
2018-07-06,momentum,60,expanding,0.47719353437423706,0.5035423636436462
2018-07-09,momentum,60,expanding,0.3321104347705841,0.3288276791572571
2018-07-10,momentum,60,expanding,0.33783769607543945,0.2381432205438614
2018-07-11,momentum,60,expanding,0.44071194529533386,0.370189368724823
2018-07-12,momentum,60,expanding,0.4066295921802521,0.336972713470459
2018-07-13,momentum,60,expanding,0.30671635270118713,0.3130280375480652
2018-07-16,momentum,60,expanding,0.30701136589050293,0.3357793688774109
2018-07-17,momentum,60,expanding,0.350209504365921,0.44286102056503296
2018-07-18,momentum,60,expanding,0.24477341771125793,0.3076758086681366
2018-07-19,momentum,60,expanding,0.392339289188385,0.359330415725708
2018-07-20,momentum,60,expanding,0.30862411856651306,0.292537122964859
2018-07-24,momentum,60,expanding,0.4598580300807953,0.34496283531188965
2018-07-25,momentum,60,expanding,0.46678847074508667,0.48468536138534546
2018-07-26,momentum,60,expanding,0.3454607427120209,0.33164072036743164
2018-07-27,momentum,60,expanding,0.5538758039474487,0.6241118907928467
2018-07-30,momentum,60,expanding,0.5101690292358398,0.504027247428894
2018-07-31,momentum,60,expanding,0.4386136531829834,0.3998744487762451
2018-08-01,momentum,60,expanding,0.34442010521888733,0.486595094203949
2018-08-02,momentum,60,expanding,0.37689298391342163,0.5919011235237122
2018-08-03,momentum,60,expanding,0.30071821808815,0.28850236535072327
2018-08-06,momentum,60,expanding,0.2628695070743561,0.32393574714660645
2018-08-07,momentum,60,expanding,0.2995876967906952,0.2074967324733734
2018-08-08,momentum,60,expanding,0.2761630713939667,0.2729986011981964
2018-08-09,momentum,60,expanding,0.2743910849094391,0.29758068919181824
2018-08-10,momentum,60,expanding,0.4782765805721283,0.39611247181892395
2018-08-13,momentum,60,expanding,0.5069187879562378,0.48992156982421875
2018-08-14,momentum,60,expanding,0.42172709107398987,0.3541145324707031
2018-08-15,momentum,60,expanding,0.670335590839386,0.5244593620300293
2018-08-16,momentum,60,expanding,0.40460681915283203,0.4278410077095032
2018-08-17,momentum,60,expanding,0.41838735342025757,0.45243972539901733
2018-08-20,momentum,60,expanding,0.28990715742111206,0.2531243562698364
2018-08-21,momentum,60,expanding,0.299259215593338,0.2845887541770935
2018-08-22,momentum,60,expanding,0.3138015866279602,0.313934326171875
2018-08-23,momentum,60,expanding,0.3584616482257843,0.3575668931007385
2018-08-24,momentum,60,expanding,0.2962871491909027,0.2720852196216583
2018-08-27,momentum,60,expanding,0.2930699288845062,0.22244594991207123
2018-08-28,momentum,60,expanding,0.30566510558128357,0.23406867682933807
2018-08-29,momentum,60,expanding,0.2594495415687561,0.31554222106933594
2018-08-30,momentum,60,expanding,0.44833794236183167,0.3928868770599365
2018-08-31,momentum,60,expanding,0.3859144449234009,0.3394094705581665
2018-09-04,momentum,60,expanding,0.48069384694099426,0.36812061071395874
2018-09-05,momentum,60,expanding,0.5920611619949341,0.4406856894493103
2018-09-06,momentum,60,expanding,0.5906903147697449,0.5358670353889465
2018-09-07,momentum,60,expanding,0.6175907254219055,0.5087534785270691
2018-09-10,momentum,60,expanding,0.32056400179862976,0.3401598334312439
2018-09-11,momentum,60,expanding,0.38368093967437744,0.5010998845100403
2018-09-12,momentum,60,expanding,0.49884432554244995,0.41840049624443054
2018-09-13,momentum,60,expanding,0.35673806071281433,0.2890946865081787
2018-09-14,momentum,60,expanding,0.3571789264678955,0.2883397936820984
2018-09-17,momentum,60,expanding,0.29021525382995605,0.36693620681762695
2018-09-18,momentum,60,expanding,0.37742602825164795,0.3859500288963318
2018-09-19,momentum,60,expanding,0.3261069655418396,0.2803420424461365
2018-09-20,momentum,60,expanding,0.2882997393608093,0.2934056520462036
2018-09-21,momentum,60,expanding,0.26033905148506165,0.3032386302947998
2018-09-24,momentum,60,expanding,0.33471453189849854,0.29929986596107483
2018-09-25,momentum,60,expanding,0.28322121500968933,0.3261156380176544
2018-09-26,momentum,60,expanding,0.4872455298900604,0.550531268119812
2018-09-27,momentum,60,expanding,0.31215161085128784,0.41711607575416565
2018-09-28,momentum,60,expanding,0.3414154350757599,0.358916312456131
2018-10-01,momentum,60,expanding,0.3524417281150818,0.38922610878944397
2018-10-02,momentum,60,expanding,0.3973557651042938,0.3163893222808838
2018-10-03,momentum,60,expanding,0.4013533592224121,0.42528802156448364
2018-10-04,momentum,60,expanding,0.6643069982528687,0.6090521812438965
2018-10-05,momentum,60,expanding,0.6507703065872192,0.772301435470581
2018-10-08,momentum,60,expanding,0.6626729369163513,0.6243029832839966
2018-10-09,momentum,60,expanding,0.6490383744239807,0.5516835451126099
2018-10-10,momentum,60,expanding,1.2177910804748535,1.7837942838668823
2018-10-11,momentum,60,expanding,1.9543243646621704,1.6165872812271118
2018-10-12,momentum,60,expanding,1.4076210260391235,1.2486817836761475
2018-10-15,momentum,60,expanding,0.8860245943069458,0.8956031799316406
2018-10-16,momentum,60,expanding,0.6799200177192688,1.1588366031646729
2018-10-17,momentum,60,expanding,1.0294368267059326,0.7961057424545288
2018-10-18,momentum,60,expanding,1.1210793256759644,1.042597770690918
2018-10-19,momentum,60,expanding,0.9384655356407166,0.9404439330101013
2018-10-22,momentum,60,expanding,0.9413435459136963,0.7942726016044617
2018-10-23,momentum,60,expanding,1.1342304944992065,1.4466273784637451
2018-10-24,momentum,60,expanding,1.3328379392623901,1.8709678649902344
2018-10-25,momentum,60,expanding,1.0052441358566284,1.3486027717590332
2018-10-26,momentum,60,expanding,1.794838309288025,1.601408839225769
2018-10-29,momentum,60,expanding,1.738034725189209,2.3643016815185547
2018-10-30,momentum,60,expanding,1.539250135421753,1.30865478515625
2018-10-31,momentum,60,expanding,0.9092718362808228,0.995930016040802
2018-11-01,momentum,60,expanding,0.8322470188140869,0.8593454957008362
2018-11-02,momentum,60,expanding,1.2750682830810547,1.331552505493164
2018-11-05,momentum,60,expanding,0.5938044786453247,0.6958240866661072
2018-11-06,momentum,60,expanding,0.6082685589790344,0.6381585001945496
2018-11-07,momentum,60,expanding,0.6388793587684631,0.7654865384101868
2018-11-08,momentum,60,expanding,0.6680996417999268,0.46286284923553467
2018-11-09,momentum,60,expanding,0.7428414821624756,0.823274552822113
2018-11-12,momentum,60,expanding,0.9620618224143982,1.1500874757766724
2018-11-13,momentum,60,expanding,1.2956187725067139,0.9629657864570618
2018-11-14,momentum,60,expanding,1.1310672760009766,1.3806350231170654
2018-11-15,momentum,60,expanding,1.3653268814086914,1.384059190750122
2018-11-16,momentum,60,expanding,0.9045296311378479,1.0421316623687744
2018-11-19,momentum,60,expanding,1.0724596977233887,1.2226734161376953
2018-11-20,momentum,60,expanding,1.3623071908950806,1.1568206548690796
2018-11-21,momentum,60,expanding,0.6101160049438477,0.9386346936225891
2018-11-23,momentum,60,expanding,0.5092489719390869,0.8367841243743896
2018-11-26,momentum,60,expanding,0.7374189496040344,0.6561763882637024
2018-11-27,momentum,60,expanding,0.7982913255691528,0.6873529553413391
2018-11-28,momentum,60,expanding,0.9434499144554138,0.9803842306137085
2018-11-29,momentum,60,expanding,0.6756272315979004,0.7341675758361816
2018-11-30,momentum,60,expanding,0.5261071920394897,0.6570307016372681
2018-12-03,momentum,60,expanding,0.8151037096977234,0.49924981594085693
2018-12-04,momentum,60,expanding,1.1799900531768799,1.9197471141815186
2018-12-06,momentum,60,expanding,1.5504341125488281,1.6675448417663574
2018-12-07,momentum,60,expanding,1.5898981094360352,1.9794729948043823
2018-12-10,momentum,60,expanding,1.7373623847961426,1.6645612716674805
2018-12-11,momentum,60,expanding,1.28213632106781,1.561786413192749
2018-12-12,momentum,60,expanding,0.9634395837783813,1.1009811162948608
2018-12-13,momentum,60,expanding,1.0447652339935303,1.052335262298584
2018-12-14,momentum,60,expanding,1.04728364944458,1.197790503501892
2018-12-17,momentum,60,expanding,1.2297033071517944,1.5843122005462646
2018-12-18,momentum,60,expanding,1.2986133098602295,1.3246488571166992
2018-12-19,momentum,60,expanding,2.5571506023406982,2.2880160808563232
2018-12-20,momentum,60,expanding,2.0046980381011963,2.0806896686553955
2018-12-21,momentum,60,expanding,1.8774447441101074,2.6843960285186768
2018-12-24,momentum,60,expanding,1.5034970045089722,2.0693798065185547
2018-12-26,momentum,60,expanding,2.044049024581909,2.635937213897705
2018-12-27,momentum,60,expanding,2.154985189437866,2.1906142234802246
2018-12-28,momentum,60,expanding,1.4510945081710815,1.3373569250106812
2018-12-31,momentum,60,expanding,1.1217206716537476,0.9805350303649902
2019-01-02,momentum,60,expanding,1.2916089296340942,1.5218278169631958
2019-01-03,momentum,60,expanding,1.6084506511688232,1.583829641342163
2019-01-04,momentum,60,expanding,1.282686710357666,1.3652445077896118
2019-01-07,momentum,60,expanding,0.8961573839187622,1.0816279649734497
2019-01-08,momentum,60,expanding,1.025984764099121,0.7755128741264343
2019-01-09,momentum,60,expanding,0.8832773566246033,0.8552186489105225
2019-01-10,momentum,60,expanding,0.8057568073272705,1.01954185962677
2019-01-11,momentum,60,expanding,0.5889307260513306,0.6282623410224915
2019-01-14,momentum,60,expanding,0.6399967670440674,0.6451011896133423
2019-01-15,momentum,60,expanding,0.7307559847831726,0.7322965264320374
2019-01-16,momentum,60,expanding,0.5263264179229736,0.5826432108879089
2019-01-17,momentum,60,expanding,0.767708420753479,0.880932629108429
2019-01-18,momentum,60,expanding,0.633594274520874,0.5943505167961121
2019-01-22,momentum,60,expanding,0.9370439648628235,0.9227303266525269
2019-01-23,momentum,60,expanding,0.8119885325431824,1.055516004562378
2019-01-24,momentum,60,expanding,0.5718965530395508,0.7714670300483704
2019-01-25,momentum,60,expanding,0.47438371181488037,0.5619927048683167
2019-01-28,momentum,60,expanding,0.7882828712463379,0.6018587350845337
2019-01-29,momentum,60,expanding,0.6052195429801941,0.7536654472351074
2019-01-30,momentum,60,expanding,0.8665881156921387,0.788362979888916
2019-01-31,momentum,60,expanding,0.6442115902900696,0.6406898498535156
2019-02-01,momentum,60,expanding,0.6480256915092468,0.6120171546936035
2019-02-04,momentum,60,expanding,0.5007431507110596,0.6049357056617737
2019-02-05,momentum,60,expanding,0.4210377335548401,0.4267793893814087
2019-02-06,momentum,60,expanding,0.4585573375225067,0.49444401264190674
2019-02-07,momentum,60,expanding,0.8123490810394287,0.7420735955238342
2019-02-08,momentum,60,expanding,0.5737097263336182,0.75593101978302
2019-02-11,momentum,60,expanding,0.5052937269210815,0.43595951795578003
2019-02-12,momentum,60,expanding,0.45354849100112915,0.5254667401313782
2019-02-13,momentum,60,expanding,0.44447576999664307,0.43820613622665405
2019-02-14,momentum,60,expanding,0.6654919385910034,0.6059961318969727
2019-02-15,momentum,60,expanding,0.4551266133785248,0.4044504761695862
2019-02-19,momentum,60,expanding,0.34569603204727173,0.5178744196891785
2019-02-20,momentum,60,expanding,0.5014521479606628,0.441131591796875
2019-02-21,momentum,60,expanding,0.4766828715801239,0.4485989212989807
2019-02-22,momentum,60,expanding,0.38043972849845886,0.3727877736091614
2019-02-25,momentum,60,expanding,0.39038386940956116,0.4034547209739685
2019-02-26,momentum,60,expanding,0.5142022967338562,0.44839245080947876
2019-02-27,momentum,60,expanding,0.4799896776676178,0.4974246621131897
2019-02-28,momentum,60,expanding,0.39384710788726807,0.3674670457839966
2019-03-01,momentum,60,expanding,0.49128231406211853,0.4388716220855713
2019-03-04,momentum,60,expanding,0.7707260847091675,0.8418391942977905
2019-03-05,momentum,60,expanding,0.49229854345321655,0.45316529273986816
2019-03-06,momentum,60,expanding,0.5115445256233215,0.5549152493476868
2019-03-07,momentum,60,expanding,0.6930190920829773,0.5976333618164062
2019-03-08,momentum,60,expanding,0.7230079174041748,0.6062069535255432
2019-03-11,momentum,60,expanding,0.43548154830932617,0.669255256652832
2019-03-12,momentum,60,expanding,0.46117103099823,0.35752350091934204
2019-03-13,momentum,60,expanding,0.4200143814086914,0.47285720705986023
2019-03-14,momentum,60,expanding,0.36421307921409607,0.3867979049682617
2019-03-15,momentum,60,expanding,0.4221574366092682,0.4322499930858612
2019-03-18,momentum,60,expanding,0.4234671890735626,0.3028341233730316
2019-03-19,momentum,60,expanding,0.7005837559700012,0.5347719192504883
2019-03-20,momentum,60,expanding,0.7935640811920166,0.6555149555206299
2019-03-21,momentum,60,expanding,0.5187143087387085,0.742080569267273
2019-03-22,momentum,60,expanding,0.9328145384788513,0.8296693563461304
2019-03-25,momentum,60,expanding,0.8673983812332153,0.6416220664978027
2019-03-26,momentum,60,expanding,0.6736325025558472,0.6063333749771118
2019-03-27,momentum,60,expanding,0.7458823919296265,0.8747172355651855
2019-03-28,momentum,60,expanding,0.5232803821563721,0.5952107906341553
2019-03-29,momentum,60,expanding,0.48601382970809937,0.4647078812122345
2019-04-01,momentum,60,expanding,0.447508841753006,0.4477788507938385
2019-04-02,momentum,60,expanding,0.36200863122940063,0.42932000756263733
2019-04-03,momentum,60,expanding,0.41066625714302063,0.46904003620147705
2019-04-04,momentum,60,expanding,0.4444657564163208,0.3824797570705414
2019-04-05,momentum,60,expanding,0.3059298098087311,0.31148889660835266
2019-04-08,momentum,60,expanding,0.31612223386764526,0.3309066891670227
2019-04-09,momentum,60,expanding,0.47394269704818726,0.4762055277824402
2019-04-10,momentum,60,expanding,0.31667304039001465,0.374239981174469
2019-04-11,momentum,60,expanding,0.3537755310535431,0.3712783455848694
2019-04-12,momentum,60,expanding,0.34376564621925354,0.28099319338798523
2019-04-15,momentum,60,expanding,0.2648658752441406,0.3282391130924225
2019-04-16,momentum,60,expanding,0.32444918155670166,0.3471499979496002
2019-04-17,momentum,60,expanding,0.4159967601299286,0.49570590257644653
2019-04-18,momentum,60,expanding,0.36218738555908203,0.38546839356422424
2019-04-22,momentum,60,expanding,0.2591157555580139,0.3015819191932678
2019-04-23,momentum,60,expanding,0.3684594929218292,0.4496252238750458
2019-04-24,momentum,60,expanding,0.32863712310791016,0.3423139154911041
2019-04-25,momentum,60,expanding,0.538732647895813,0.4045414328575134
2019-04-26,momentum,60,expanding,0.3933480381965637,0.4301706850528717
2019-04-29,momentum,60,expanding,0.23422382771968842,0.27165162563323975
2019-04-30,momentum,60,expanding,0.41913118958473206,0.4238266348838806
2019-05-01,momentum,60,expanding,0.5829194784164429,0.5383768081665039
2019-05-02,momentum,60,expanding,0.6634807586669922,0.6290367245674133
2019-05-03,momentum,60,expanding,0.354922354221344,0.39227044582366943
2019-05-06,momentum,60,expanding,0.519212007522583,0.6758413910865784
2019-05-07,momentum,60,expanding,1.0159720182418823,0.8802040219306946
2019-05-08,momentum,60,expanding,0.6873363256454468,0.6710256934165955
2019-05-09,momentum,60,expanding,1.002440094947815,0.8827109932899475
2019-05-10,momentum,60,expanding,1.0317684412002563,1.2805057764053345
2019-05-13,momentum,60,expanding,0.996934711933136,0.9464810490608215
2019-05-14,momentum,60,expanding,0.7252347469329834,0.9265828728675842
2019-05-15,momentum,60,expanding,0.7129424214363098,0.965701162815094
2019-05-16,momentum,60,expanding,0.5426786541938782,0.6318506002426147
2019-05-17,momentum,60,expanding,0.7289981245994568,0.7051776647567749
2019-05-20,momentum,60,expanding,0.6784613728523254,0.694318950176239
2019-05-21,momentum,60,expanding,0.4157550036907196,0.41625094413757324
2019-05-22,momentum,60,expanding,0.4410749673843384,0.46341127157211304
2019-05-23,momentum,60,expanding,0.7769797444343567,0.6715099811553955
2019-05-24,momentum,60,expanding,0.5278379321098328,0.6131231784820557
2019-05-28,momentum,60,expanding,0.5385770201683044,0.8987412452697754
2019-05-29,momentum,60,expanding,0.8417448401451111,0.8007423281669617
2019-05-30,momentum,60,expanding,0.5976586937904358,0.7236719131469727
2019-05-31,momentum,60,expanding,0.6787981390953064,0.5894374251365662
2019-06-03,momentum,60,expanding,0.9659943580627441,0.9673559069633484
2019-06-04,momentum,60,expanding,0.6540851593017578,0.7525764107704163
2019-06-05,momentum,60,expanding,0.6356115937232971,0.590255081653595
2019-06-06,momentum,60,expanding,0.602618932723999,0.5621491074562073
2019-06-07,momentum,60,expanding,0.5851119756698608,0.5386736392974854
2019-06-10,momentum,60,expanding,0.5430600643157959,0.44635236263275146
2019-06-11,momentum,60,expanding,0.5907642841339111,0.612221360206604
2019-06-12,momentum,60,expanding,0.4259147346019745,0.49348384141921997
2019-06-13,momentum,60,expanding,0.5179921388626099,0.3654099106788635
2019-06-14,momentum,60,expanding,0.43729764223098755,0.40228891372680664
2019-06-17,momentum,60,expanding,0.271997332572937,0.3148850202560425
2019-06-18,momentum,60,expanding,0.6067125797271729,0.39852941036224365
2019-06-19,momentum,60,expanding,0.5666375160217285,0.4116251468658447
2019-06-20,momentum,60,expanding,0.5209701657295227,0.37310993671417236
2019-06-21,momentum,60,expanding,0.4147646725177765,0.3934951424598694
2019-06-25,momentum,60,expanding,0.5360538363456726,0.6575239896774292
2019-06-26,momentum,60,expanding,0.4585481286048889,0.5023350715637207
2019-06-27,momentum,60,expanding,0.3620041608810425,0.4133256673812866
2019-06-28,momentum,60,expanding,0.3153344392776489,0.3221634030342102
2019-07-01,momentum,60,expanding,0.49275001883506775,0.3826119899749756
2019-07-02,momentum,60,expanding,0.48454105854034424,0.3534590005874634
2019-07-03,momentum,60,expanding,0.21672672033309937,0.33165156841278076
2019-07-05,momentum,60,expanding,0.46708446741104126,0.4410932660102844
2019-07-08,momentum,60,expanding,0.37689027190208435,0.35150671005249023
2019-07-09,momentum,60,expanding,0.2729422450065613,0.4140881896018982
2019-07-10,momentum,60,expanding,0.4559696912765503,0.3728104829788208
2019-07-11,momentum,60,expanding,0.3169631063938141,0.3316724896430969
2019-07-12,momentum,60,expanding,0.22721192240715027,0.2706334590911865
2019-07-15,momentum,60,expanding,0.27931854128837585,0.22876355051994324
2019-07-16,momentum,60,expanding,0.3348422348499298,0.352364718914032
2019-07-17,momentum,60,expanding,0.3850759267807007,0.4687574505805969
2019-07-18,momentum,60,expanding,0.3952500820159912,0.4389299750328064
2019-07-19,momentum,60,expanding,0.5012113451957703,0.5914145708084106
2019-07-22,momentum,60,expanding,0.4025481939315796,0.3669857382774353
2019-07-23,momentum,60,expanding,0.37862616777420044,0.3427233099937439
2019-07-24,momentum,60,expanding,0.2958664000034332,0.4067257344722748
2019-07-25,momentum,60,expanding,0.4813818633556366,0.4149913787841797
2019-07-26,momentum,60,expanding,0.246847465634346,0.3039143681526184
2019-07-29,momentum,60,expanding,0.2791633605957031,0.29162853956222534
2019-07-30,momentum,60,expanding,0.4113670587539673,0.36061620712280273
2019-07-31,momentum,60,expanding,0.8570504188537598,0.8764645457267761
2019-08-01,momentum,60,expanding,1.413017988204956,1.1493432521820068
2019-08-02,momentum,60,expanding,0.8658583164215088,0.8648164868354797
2019-08-05,momentum,60,expanding,1.2163234949111938,1.5533406734466553
2019-08-06,momentum,60,expanding,1.0095518827438354,1.0271055698394775
2019-08-07,momentum,60,expanding,1.3404862880706787,1.382529616355896
2019-08-08,momentum,60,expanding,0.6005271077156067,0.773184061050415
2019-08-09,momentum,60,expanding,0.8878992199897766,0.8730711936950684
2019-08-12,momentum,60,expanding,0.7229942679405212,0.8506463766098022
2019-08-13,momentum,60,expanding,1.4477357864379883,1.122260570526123
2019-08-14,momentum,60,expanding,1.139488935470581,1.4698437452316284
2019-08-15,momentum,60,expanding,0.9732145667076111,0.9222384691238403
2019-08-16,momentum,60,expanding,0.6854579448699951,0.8080791234970093
2019-08-19,momentum,60,expanding,0.4724789261817932,0.46226999163627625
2019-08-20,momentum,60,expanding,0.5818361043930054,0.6994249820709229
2019-08-21,momentum,60,expanding,0.36497563123703003,0.4469630718231201
2019-08-22,momentum,60,expanding,0.718785285949707,0.6865041255950928
2019-08-23,momentum,60,expanding,1.5231748819351196,1.5337333679199219
2019-08-26,momentum,60,expanding,0.7526459097862244,0.6351052522659302
2019-08-27,momentum,60,expanding,0.744922399520874,0.9260009527206421
2019-08-28,momentum,60,expanding,0.6243858933448792,0.8189934492111206
2019-08-29,momentum,60,expanding,0.654413640499115,0.5866912007331848
2019-08-30,momentum,60,expanding,0.5621875524520874,0.7101565599441528
2019-09-03,momentum,60,expanding,0.7860287427902222,0.6258165836334229
2019-09-04,momentum,60,expanding,0.3558061122894287,0.5006557106971741
2019-09-05,momentum,60,expanding,0.46335065364837646,0.43440550565719604
2019-09-06,momentum,60,expanding,0.3911358714103699,0.3093383312225342
2019-09-09,momentum,60,expanding,0.36566534638404846,0.4007958769798279
2019-09-10,momentum,60,expanding,0.626534640789032,0.46269017457962036
2019-09-11,momentum,60,expanding,0.3889058232307434,0.4425550699234009
2019-09-12,momentum,60,expanding,0.5744845271110535,0.37836870551109314
2019-09-13,momentum,60,expanding,0.38585904240608215,0.3533514142036438
2019-09-16,momentum,60,expanding,0.3798351585865021,0.3161858320236206
2019-09-17,momentum,60,expanding,0.31243887543678284,0.33748817443847656
2019-09-18,momentum,60,expanding,0.5947917699813843,0.5275865793228149
2019-09-19,momentum,60,expanding,0.4269109070301056,0.4397818148136139
2019-09-20,momentum,60,expanding,0.7659915685653687,0.6045583486557007
2019-09-23,momentum,60,expanding,0.37500807642936707,0.39182937145233154
2019-09-24,momentum,60,expanding,0.9618315696716309,0.8472942113876343
2019-09-25,momentum,60,expanding,0.498409241437912,0.7309191226959229
2019-09-26,momentum,60,expanding,0.6260071396827698,0.5756702423095703
2019-09-27,momentum,60,expanding,0.843199610710144,0.8226773738861084
2019-09-30,momentum,60,expanding,0.39300885796546936,0.4508773982524872
2019-10-01,momentum,60,expanding,0.8277281522750854,0.9195067882537842
2019-10-02,momentum,60,expanding,0.8557239174842834,0.9517805576324463
2019-10-03,momentum,60,expanding,1.1748740673065186,1.119343876838684
2019-10-04,momentum,60,expanding,0.49482566118240356,0.7743278741836548
2019-10-07,momentum,60,expanding,0.6225671172142029,0.6445314884185791
2019-10-08,momentum,60,expanding,0.8425085544586182,0.7471246719360352
2019-10-09,momentum,60,expanding,0.6158033013343811,0.6211192607879639
2019-10-10,momentum,60,expanding,0.7101426124572754,0.6866405010223389
2019-10-11,momentum,60,expanding,0.7008860111236572,0.5785857439041138
2019-10-14,momentum,60,expanding,0.3964639902114868,0.36730146408081055
2019-10-15,momentum,60,expanding,0.4072991609573364,0.48528560996055603
2019-10-16,momentum,60,expanding,0.3344891369342804,0.3995855450630188
2019-10-17,momentum,60,expanding,0.4212345778942108,0.3610893487930298
2019-10-18,momentum,60,expanding,0.492019921541214,0.5023530721664429
2019-10-21,momentum,60,expanding,0.28220996260643005,0.2963561713695526
2019-10-22,momentum,60,expanding,0.3873414993286133,0.46120503544807434
2019-10-23,momentum,60,expanding,0.32415929436683655,0.3874579966068268
2019-10-24,momentum,60,expanding,0.3953271508216858,0.361907958984375
2019-10-25,momentum,60,expanding,0.3670015037059784,0.4288651943206787
2019-10-28,momentum,60,expanding,0.34164682030677795,0.22255770862102509
2019-10-29,momentum,60,expanding,0.35342928767204285,0.31939005851745605
2019-10-30,momentum,60,expanding,0.4209127128124237,0.4277033805847168
2019-10-31,momentum,60,expanding,0.5805034637451172,0.46246546506881714
2019-11-01,momentum,60,expanding,0.33467626571655273,0.3056378960609436
2019-11-04,momentum,60,expanding,0.30109015107154846,0.22587332129478455
2019-11-05,momentum,60,expanding,0.30714449286460876,0.3072786331176758
2019-11-06,momentum,60,expanding,0.3696642816066742,0.32825571298599243
2019-11-07,momentum,60,expanding,0.4562969505786896,0.3508957028388977
2019-11-08,momentum,60,expanding,0.33357879519462585,0.36165735125541687
2019-11-11,momentum,60,expanding,0.2090064436197281,0.298581063747406
2019-11-12,momentum,60,expanding,0.3337435722351074,0.33621591329574585
2019-11-13,momentum,60,expanding,0.39428484439849854,0.3802903890609741
2019-11-14,momentum,60,expanding,0.31895726919174194,0.3752102851867676
2019-11-15,momentum,60,expanding,0.2501485347747803,0.30072301626205444
2019-11-19,momentum,60,expanding,0.34028348326683044,0.2901180386543274
2019-11-20,momentum,60,expanding,0.5301920175552368,0.46579116582870483
2019-11-21,momentum,60,expanding,0.4337524473667145,0.38373374938964844
2019-11-22,momentum,60,expanding,0.3082888424396515,0.3501567244529724
2019-11-25,momentum,60,expanding,0.2898801565170288,0.2993055582046509
2019-11-26,momentum,60,expanding,0.24163393676280975,0.26381930708885193
2019-11-27,momentum,60,expanding,0.17377497255802155,0.24174903333187103
2019-11-29,momentum,60,expanding,0.20161060988903046,0.290169894695282
2019-12-02,momentum,60,expanding,0.6143428087234497,0.5699973106384277
2019-12-03,momentum,60,expanding,0.6685485243797302,0.5371019244194031
2019-12-04,momentum,60,expanding,0.36781561374664307,0.4452466070652008
2019-12-05,momentum,60,expanding,0.4083799123764038,0.4121481478214264
2019-12-06,momentum,60,expanding,0.31428804993629456,0.31762537360191345
2019-12-09,momentum,60,expanding,0.24461230635643005,0.3136347532272339
2019-12-10,momentum,60,expanding,0.4508521258831024,0.32202789187431335
2019-12-11,momentum,60,expanding,0.2896505296230316,0.2949414849281311
2019-12-12,momentum,60,expanding,0.9073099493980408,0.4821801483631134
2019-12-13,momentum,60,expanding,0.6717995405197144,0.4956543743610382
2019-12-17,momentum,60,expanding,0.23530492186546326,0.23048000037670135
2019-12-18,momentum,60,expanding,0.27269506454467773,0.23249152302742004
2019-12-19,momentum,60,expanding,0.27776896953582764,0.3141975700855255
2019-12-20,momentum,60,expanding,0.21704256534576416,0.24047833681106567
2019-12-23,momentum,60,expanding,0.14169253408908844,0.16347463428974152
2019-12-24,momentum,60,expanding,0.1403854489326477,0.16521385312080383
2019-12-26,momentum,60,expanding,0.20108193159103394,0.23962408304214478
2019-12-27,momentum,60,expanding,0.2837029993534088,0.3062904477119446
2019-12-30,momentum,60,expanding,0.4683420956134796,0.38601940870285034
2019-12-31,momentum,60,expanding,0.31708115339279175,0.35260331630706787
2014-01-08,extended,252,expanding,0.5049092173576355,0.31565508246421814
2014-01-09,extended,252,expanding,0.4479202330112457,0.36485621333122253
2014-01-10,extended,252,expanding,0.41781142354011536,0.35903799533843994
2014-01-13,extended,252,expanding,0.47251757979393005,0.7116126418113708
2014-01-14,extended,252,expanding,0.49484261870384216,0.523709237575531
2014-01-15,extended,252,expanding,0.3897959887981415,0.46350863575935364
2014-01-16,extended,252,expanding,0.37196460366249084,0.3408302366733551
2014-01-17,extended,252,expanding,0.3625944256782532,0.4197729527950287
2014-01-21,extended,252,expanding,0.6656816005706787,0.46157851815223694
2014-01-22,extended,252,expanding,0.31373873353004456,0.3291347324848175
2014-01-23,extended,252,expanding,0.7124331593513489,0.6953420639038086
2014-01-24,extended,252,expanding,0.9068204164505005,0.9841009974479675
2014-01-27,extended,252,expanding,0.8113361597061157,0.8965469002723694
2014-01-28,extended,252,expanding,0.5316144824028015,0.5868654847145081
2014-01-29,extended,252,expanding,1.042181134223938,0.7496166825294495
2014-01-30,extended,252,expanding,0.7801462411880493,0.8340016007423401
2014-01-31,extended,252,expanding,1.1046422719955444,0.7182664275169373
2014-02-03,extended,252,expanding,0.9668377041816711,1.25224769115448
2014-02-04,extended,252,expanding,0.8199449777603149,0.6649426817893982
2014-02-05,extended,252,expanding,0.9269459247589111,0.8651368618011475
2014-02-06,extended,252,expanding,0.5575153231620789,0.6207728981971741
2014-02-07,extended,252,expanding,0.6537466645240784,0.7709227800369263
2014-02-10,extended,252,expanding,0.3124818205833435,0.4756043553352356
2014-02-11,extended,252,expanding,0.41629141569137573,0.5754260420799255
2014-02-12,extended,252,expanding,0.4583132266998291,0.3902931213378906
2014-02-13,extended,252,expanding,0.4926544427871704,0.4468069076538086
2014-02-14,extended,252,expanding,0.38318943977355957,0.5479303002357483
2014-02-18,extended,252,expanding,0.35371309518814087,0.4145672619342804
2014-02-19,extended,252,expanding,0.5443900227546692,0.5215247273445129
2014-02-20,extended,252,expanding,0.5126307606697083,0.5013461112976074
2014-02-21,extended,252,expanding,0.41156575083732605,0.5363813638687134
2014-02-24,extended,252,expanding,0.5828454494476318,0.6240972280502319
2014-02-25,extended,252,expanding,0.5681315660476685,0.4983610510826111
2014-02-26,extended,252,expanding,0.5470898151397705,0.4040864109992981
2014-02-27,extended,252,expanding,0.5245111584663391,0.43601393699645996
2014-02-28,extended,252,expanding,0.6110895872116089,0.5292983651161194
2014-03-03,extended,252,expanding,0.9133793711662292,0.7274978756904602
2014-03-04,extended,252,expanding,0.967548131942749,0.6624982953071594
2014-03-05,extended,252,expanding,0.4153722822666168,0.39273208379745483
2014-03-06,extended,252,expanding,0.4040771722793579,0.36828649044036865
2014-03-07,extended,252,expanding,0.5546953678131104,0.4505356252193451
2014-03-10,extended,252,expanding,0.4751482903957367,0.44513243436813354
2014-03-11,extended,252,expanding,0.5007032155990601,0.6877309679985046
2014-03-12,extended,252,expanding,0.6769493818283081,0.5784541964530945
2014-03-13,extended,252,expanding,0.7307912707328796,0.8291977047920227
2014-03-14,extended,252,expanding,0.6815503835678101,0.5500187277793884
2014-03-17,extended,252,expanding,0.7476082444190979,0.8553255200386047
2014-03-18,extended,252,expanding,0.48231756687164307,0.5232284665107727
2014-03-19,extended,252,expanding,0.75743567943573,0.7346637845039368
2014-03-20,extended,252,expanding,0.5430734157562256,0.5365352034568787
2014-03-21,extended,252,expanding,0.7111092805862427,0.6116365790367126
2014-03-24,extended,252,expanding,0.6954413056373596,0.7577782869338989
2014-03-25,extended,252,expanding,0.7636263966560364,0.5479194521903992
2014-03-26,extended,252,expanding,0.644809365272522,0.7087811827659607
2014-03-27,extended,252,expanding,0.7987460494041443,0.49870243668556213
2014-03-28,extended,252,expanding,0.6167684197425842,0.5886279940605164
2014-03-31,extended,252,expanding,0.7062607407569885,0.4139007031917572
2014-04-01,extended,252,expanding,0.4763795733451843,0.43904754519462585
2014-04-02,extended,252,expanding,0.37295156717300415,0.32561978697776794
2014-04-03,extended,252,expanding,0.38243916630744934,0.39096277952194214
2014-04-04,extended,252,expanding,0.7753196358680725,0.7963504195213318
2014-04-07,extended,252,expanding,0.7329880595207214,0.7501623034477234
2014-04-08,extended,252,expanding,0.626038670539856,0.6906021237373352
2014-04-09,extended,252,expanding,0.5471668243408203,0.5942772626876831
2014-04-10,extended,252,expanding,0.8312494158744812,1.1110491752624512
2014-04-11,extended,252,expanding,1.0073606967926025,0.82442307472229
2014-04-14,extended,252,expanding,0.8529536128044128,0.7116476893424988
2014-04-15,extended,252,expanding,0.9179202318191528,0.7644997239112854
2014-04-16,extended,252,expanding,0.6859830617904663,0.5029447674751282
2014-04-17,extended,252,expanding,0.47364476323127747,0.4780089259147644
2014-04-21,extended,252,expanding,0.341621994972229,0.48039892315864563
2014-04-22,extended,252,expanding,0.3280882239341736,0.4181443154811859
2014-04-23,extended,252,expanding,0.36450958251953125,0.3606373965740204
2014-04-24,extended,252,expanding,0.5891080498695374,0.38636186718940735
2014-04-25,extended,252,expanding,0.5863941311836243,0.565384030342102
2014-04-28,extended,252,expanding,0.8235853314399719,0.679932177066803
2014-04-29,extended,252,expanding,0.5001894235610962,0.4045633375644684
2014-04-30,extended,252,expanding,0.49780339002609253,0.3958543837070465
2014-05-01,extended,252,expanding,0.45116809010505676,0.37685737013816833
2014-05-02,extended,252,expanding,0.5626687407493591,0.4798819124698639
2014-05-05,extended,252,expanding,0.7295594215393066,0.5706390738487244
2014-05-06,extended,252,expanding,0.5130741000175476,0.5522865653038025
2014-05-07,extended,252,expanding,0.8969767689704895,0.6853256821632385
2014-05-08,extended,252,expanding,0.5193822383880615,0.5539000630378723
2014-05-09,extended,252,expanding,0.5581554174423218,0.5203713178634644
2014-05-12,extended,252,expanding,0.4801866114139557,0.549669623374939
2014-05-13,extended,252,expanding,0.31696823239326477,0.395352303981781
2014-05-14,extended,252,expanding,0.38752996921539307,0.41301843523979187
2014-05-15,extended,252,expanding,0.691119372844696,0.6896551251411438
2014-05-16,extended,252,expanding,0.4676394462585449,0.47817039489746094
2014-05-19,extended,252,expanding,0.3423518240451813,0.5633207559585571
2014-05-20,extended,252,expanding,0.5234825015068054,0.6175853610038757
2014-05-21,extended,252,expanding,0.494206964969635,0.47093743085861206
2014-05-22,extended,252,expanding,0.301708847284317,0.3338398039340973
2014-05-23,extended,252,expanding,0.20592427253723145,0.261666864156723
2014-05-27,extended,252,expanding,0.42497068643569946,0.33561161160469055
2014-05-28,extended,252,expanding,0.2931358814239502,0.33203360438346863
2014-05-29,extended,252,expanding,0.36290591955184937,0.34958720207214355
2014-05-30,extended,252,expanding,0.28962719440460205,0.2770930528640747
2014-06-02,extended,252,expanding,0.3900781571865082,0.4285108149051666
2014-06-03,extended,252,expanding,0.3076380789279938,0.30316829681396484
2014-06-04,extended,252,expanding,0.29414263367652893,0.3673146665096283
2014-06-05,extended,252,expanding,0.3900737762451172,0.4851554036140442
2014-06-06,extended,252,expanding,0.2689656913280487,0.2671886086463928
2014-06-09,extended,252,expanding,0.2771907150745392,0.39120301604270935
2014-06-10,extended,252,expanding,0.29700222611427307,0.32901379466056824
2014-06-11,extended,252,expanding,0.41138505935668945,0.3717034161090851
2014-06-12,extended,252,expanding,0.4183047115802765,0.5202595591545105
2014-06-13,extended,252,expanding,0.4343026876449585,0.3540116250514984
2014-06-16,extended,252,expanding,0.44161438941955566,0.36079055070877075
2014-06-17,extended,252,expanding,0.3711232841014862,0.4266969561576843
2014-06-18,extended,252,expanding,0.419305682182312,0.44231322407722473
2014-06-19,extended,252,expanding,0.2912806570529938,0.43861764669418335
2014-06-20,extended,252,expanding,0.23344194889068604,0.2916414141654968
2014-06-23,extended,252,expanding,0.26675519347190857,0.34436550736427307
2014-06-24,extended,252,expanding,0.4317242205142975,0.5773594379425049
2014-06-25,extended,252,expanding,0.3785480260848999,0.47610002756118774
2014-06-26,extended,252,expanding,0.49628469347953796,0.48080042004585266
2014-06-27,extended,252,expanding,0.354368656873703,0.3238949775695801
2014-06-30,extended,252,expanding,0.27126726508140564,0.4395052492618561
2014-07-01,extended,252,expanding,0.36892691254615784,0.4429948031902313
2014-07-02,extended,252,expanding,0.2615170478820801,0.2540794610977173
2014-07-03,extended,252,expanding,0.3173152208328247,0.32895928621292114
2014-07-07,extended,252,expanding,0.36314472556114197,0.41135936975479126
2014-07-08,extended,252,expanding,0.5589419007301331,0.5455382466316223
2014-07-09,extended,252,expanding,0.458191841840744,0.38564300537109375
2014-07-10,extended,252,expanding,0.7611199617385864,0.5619396567344666
2014-07-11,extended,252,expanding,0.35084837675094604,0.47071629762649536
2014-07-14,extended,252,expanding,0.41344326734542847,0.36932554841041565
2014-07-15,extended,252,expanding,0.538845956325531,0.5257395505905151
2014-07-16,extended,252,expanding,0.44707804918289185,0.2975597679615021
2014-07-17,extended,252,expanding,0.641926109790802,0.5860388875007629
2014-07-18,extended,252,expanding,0.3977976143360138,0.5226598978042603
2014-07-21,extended,252,expanding,0.40885424613952637,0.49031132459640503
2014-07-22,extended,252,expanding,0.37651148438453674,0.4343504011631012
2014-07-23,extended,252,expanding,0.2525513172149658,0.28314557671546936
2014-07-24,extended,252,expanding,0.2758019268512726,0.34867945313453674
2014-07-25,extended,252,expanding,0.4329283535480499,0.36063557863235474
2014-07-28,extended,252,expanding,0.42229312658309937,0.39953508973121643
2014-07-29,extended,252,expanding,0.4585719108581543,0.46741607785224915
2014-07-30,extended,252,expanding,0.606133759021759,0.43735381960868835
2014-07-31,extended,252,expanding,0.8659616112709045,0.878553569316864
2014-08-01,extended,252,expanding,0.8324301242828369,0.711387574672699
2014-08-04,extended,252,expanding,0.47940516471862793,0.5572512149810791
2014-08-05,extended,252,expanding,0.8867471814155579,0.7453805208206177
2014-08-06,extended,252,expanding,0.6750627756118774,0.574981689453125
2014-08-07,extended,252,expanding,0.7133786678314209,0.6997812986373901
2014-08-08,extended,252,expanding,0.5158858299255371,0.6435243487358093
2014-08-11,extended,252,expanding,0.4187553822994232,0.5389883518218994
2014-08-12,extended,252,expanding,0.46778279542922974,0.4024059474468231
2014-08-13,extended,252,expanding,0.4582456648349762,0.36827632784843445
2014-08-14,extended,252,expanding,0.2659345865249634,0.28429895639419556
2014-08-15,extended,252,expanding,0.7498508095741272,0.5923222303390503
2014-08-18,extended,252,expanding,0.4649697542190552,0.43609699606895447
2014-08-19,extended,252,expanding,0.2545689642429352,0.4134809672832489
2014-08-20,extended,252,expanding,0.30162110924720764,0.3961639106273651
2014-08-21,extended,252,expanding,0.2895697355270386,0.2924572825431824
2014-08-22,extended,252,expanding,0.4267614781856537,0.41872790455818176
2014-08-25,extended,252,expanding,0.3532538115978241,0.3530333340167999
2014-08-26,extended,252,expanding,0.23759840428829193,0.31246721744537354
2014-08-27,extended,252,expanding,0.24147634208202362,0.3415873944759369
2014-08-28,extended,252,expanding,0.4029179513454437,0.29680317640304565
2014-08-29,extended,252,expanding,0.25389575958251953,0.37875738739967346
2014-09-02,extended,252,expanding,0.36331889033317566,0.4352749288082123
2014-09-03,extended,252,expanding,0.3714413344860077,0.42314454913139343
2014-09-04,extended,252,expanding,0.40892475843429565,0.5936818718910217
2014-09-05,extended,252,expanding,0.45733144879341125,0.4114179313182831
2014-09-08,extended,252,expanding,0.38709864020347595,0.4059487283229828
2014-09-09,extended,252,expanding,0.5338571071624756,0.5314167141914368
2014-09-10,extended,252,expanding,0.5201886296272278,0.4219069182872772
2014-09-11,extended,252,expanding,0.4303184747695923,0.36967870593070984
2014-09-12,extended,252,expanding,0.47453364729881287,0.4596904218196869
2014-09-15,extended,252,expanding,0.4190886318683624,0.3547365665435791
2014-09-16,extended,252,expanding,0.44057729840278625,0.5633408427238464
2014-09-17,extended,252,expanding,0.7170944213867188,0.4270959198474884
2014-09-18,extended,252,expanding,0.37039586901664734,0.30638909339904785
2014-09-19,extended,252,expanding,0.4573608636856079,0.43403613567352295
2014-09-22,extended,252,expanding,0.44572678208351135,0.527383029460907
2014-09-23,extended,252,expanding,0.4930504560470581,0.5253251791000366
2014-09-24,extended,252,expanding,0.40974363684654236,0.5189686417579651
2014-09-25,extended,252,expanding,0.7036588788032532,0.7583380341529846
2014-09-26,extended,252,expanding,0.5985597372055054,0.5528252720832825
2014-09-29,extended,252,expanding,0.9425361156463623,0.5469191670417786
2014-09-30,extended,252,expanding,0.6042161583900452,0.6128243207931519
2014-10-01,extended,252,expanding,0.7754773497581482,0.8034068942070007
2014-10-02,extended,252,expanding,0.7488913536071777,0.8175700306892395
2014-10-03,extended,252,expanding,0.8084318041801453,0.7444739937782288
2014-10-06,extended,252,expanding,0.654168963432312,0.6664150357246399
2014-10-07,extended,252,expanding,0.858822762966156,0.8558059334754944
2014-10-08,extended,252,expanding,0.8928329348564148,1.0452556610107422
2014-10-09,extended,252,expanding,1.0456963777542114,1.2017903327941895
2014-10-10,extended,252,expanding,1.105968713760376,1.1515204906463623
2014-10-13,extended,252,expanding,1.1766607761383057,1.248084306716919
2014-10-14,extended,252,expanding,1.2357145547866821,1.09681236743927
2014-10-15,extended,252,expanding,2.3037502765655518,1.9361717700958252
2014-10-16,extended,252,expanding,1.6580957174301147,1.4824957847595215
2014-10-17,extended,252,expanding,1.2497849464416504,1.151092767715454
2014-10-20,extended,252,expanding,0.7233673930168152,0.788828432559967
2014-10-21,extended,252,expanding,0.7497316002845764,0.7950791716575623
2014-10-22,extended,252,expanding,0.7443962097167969,0.836120069026947
2014-10-23,extended,252,expanding,1.031681776046753,0.7922317385673523
2014-10-24,extended,252,expanding,0.5909020900726318,0.6646727919578552
2014-10-27,extended,252,expanding,0.628062903881073,0.4220784604549408
2014-10-28,extended,252,expanding,0.5138598680496216,0.6048983335494995
2014-10-29,extended,252,expanding,0.7173582315444946,0.6367242336273193
2014-10-30,extended,252,expanding,0.5609475374221802,0.7114695310592651
2014-10-31,extended,252,expanding,0.7405169010162354,0.5509412884712219
2014-11-03,extended,252,expanding,0.4596216678619385,0.35053858160972595
2014-11-04,extended,252,expanding,0.5232880115509033,0.5629468560218811
2014-11-05,extended,252,expanding,0.5897601246833801,0.3639006018638611
2014-11-06,extended,252,expanding,0.3996855616569519,0.4825253188610077
2014-11-07,extended,252,expanding,0.44907498359680176,0.48374128341674805
2014-11-10,extended,252,expanding,0.2844453752040863,0.3278388977050781
2014-11-11,extended,252,expanding,0.25874945521354675,0.35825806856155396
2014-11-12,extended,252,expanding,0.40562358498573303,0.35650965571403503
2014-11-13,extended,252,expanding,0.507718563079834,0.4110362231731415
2014-11-14,extended,252,expanding,0.3240550458431244,0.38200291991233826
2014-11-17,extended,252,expanding,0.35571715235710144,0.36910995841026306
2014-11-18,extended,252,expanding,0.2924927771091461,0.5887450575828552
2014-11-19,extended,252,expanding,0.5172247290611267,0.38654765486717224
2014-11-20,extended,252,expanding,0.37730440497398376,0.3096202611923218
2014-11-21,extended,252,expanding,0.6609857082366943,0.38085463643074036
2014-11-24,extended,252,expanding,0.3039441406726837,0.2705342769622803
2014-11-25,extended,252,expanding,0.33109939098358154,0.38869065046310425
2014-11-26,extended,252,expanding,0.18774037063121796,0.3131857216358185
2014-11-28,extended,252,expanding,0.3011811673641205,0.905248761177063
2014-12-01,extended,252,expanding,0.6036726236343384,0.6096771955490112
2014-12-02,extended,252,expanding,0.3831345736980438,0.472148060798645
2014-12-03,extended,252,expanding,0.26875728368759155,0.2531260848045349
2014-12-04,extended,252,expanding,0.429543673992157,0.3525426387786865
2014-12-05,extended,252,expanding,0.36473649740219116,0.2569665014743805
2014-12-08,extended,252,expanding,0.5491243004798889,0.6473608016967773
2014-12-09,extended,252,expanding,1.0170496702194214,0.6509106159210205
2014-12-10,extended,252,expanding,0.8344765901565552,0.9102330207824707
2014-12-11,extended,252,expanding,0.8538368940353394,0.7437050342559814
2014-12-12,extended,252,expanding,0.9141978621482849,0.9514713287353516
2014-12-15,extended,252,expanding,1.2775683403015137,1.1259207725524902
2014-12-16,extended,252,expanding,1.244651198387146,1.47645103931427
2014-12-17,extended,252,expanding,1.2861887216567993,1.1448062658309937
2014-12-18,extended,252,expanding,1.034126877784729,1.0186868906021118
2014-12-19,extended,252,expanding,0.5891704559326172,0.5682634711265564
2014-12-22,extended,252,expanding,0.35269010066986084,0.5884583592414856
2014-12-23,extended,252,expanding,0.33187222480773926,0.4585150480270386
2014-12-24,extended,252,expanding,0.21517334878444672,0.393842875957489
2014-12-26,extended,252,expanding,0.25206395983695984,0.28962698578834534
2014-12-29,extended,252,expanding,0.23829923570156097,0.35351139307022095
2014-12-30,extended,252,expanding,0.3008394241333008,0.38211673498153687
2014-12-31,extended,252,expanding,0.4884640574455261,0.6221502423286438
2015-01-02,extended,252,expanding,0.9161708354949951,0.6365713477134705
2015-01-05,extended,252,expanding,0.8366752862930298,1.106560230255127
2015-01-06,extended,252,expanding,1.053530216217041,0.9898391962051392
2015-01-07,extended,252,expanding,0.9043862223625183,0.7257692813873291
2015-01-08,extended,252,expanding,0.846068799495697,0.7472421526908875
2015-01-09,extended,252,expanding,0.7907400727272034,0.802547037601471
2015-01-12,extended,252,expanding,0.819638729095459,0.950671374797821
2015-01-13,extended,252,expanding,1.479487419128418,1.1748253107070923
2015-01-14,extended,252,expanding,1.2126911878585815,0.9082690477371216
2015-01-15,extended,252,expanding,1.0164530277252197,1.1352304220199585
2015-01-16,extended,252,expanding,0.802234411239624,0.8648244738578796
2015-01-20,extended,252,expanding,0.9148500561714172,0.8857302665710449
2015-01-21,extended,252,expanding,1.0006932020187378,0.6824964284896851
2015-01-22,extended,252,expanding,0.7813236117362976,1.0322414636611938
2015-01-23,extended,252,expanding,0.4990968108177185,0.6322763562202454
2015-01-26,extended,252,expanding,0.5482511520385742,0.5579416155815125
2015-01-27,extended,252,expanding,1.012906789779663,0.8158899545669556
2015-01-28,extended,252,expanding,0.9635168313980103,1.2324049472808838
2015-01-29,extended,252,expanding,0.9359861612319946,1.012000322341919
2015-01-30,extended,252,expanding,0.9898359775543213,0.9805752038955688
2015-02-02,extended,252,expanding,1.0854663848876953,1.0866620540618896
2015-02-03,extended,252,expanding,0.9412546157836914,0.8219150304794312
2015-02-04,extended,252,expanding,0.8157912492752075,1.1392792463302612
2015-02-05,extended,252,expanding,0.5828607082366943,0.6151030659675598
2015-02-06,extended,252,expanding,0.6425417065620422,0.6854566335678101
2015-02-09,extended,252,expanding,0.5797975659370422,0.5693589448928833
2015-02-10,extended,252,expanding,0.6225982904434204,0.7983968257904053
2015-02-11,extended,252,expanding,0.5280768275260925,0.5785346031188965
2015-02-12,extended,252,expanding,0.5131012201309204,0.687559962272644
2015-02-13,extended,252,expanding,0.3230832517147064,0.3521055579185486
2015-02-17,extended,252,expanding,0.3878101706504822,0.5199148654937744
2015-02-18,extended,252,expanding,0.4377695620059967,0.4152800440788269
2015-02-19,extended,252,expanding,0.44936877489089966,0.374492883682251
2015-02-20,extended,252,expanding,0.4546082317829132,0.5557470917701721
2015-02-23,extended,252,expanding,0.33605384826660156,0.3853054940700531
2015-02-24,extended,252,expanding,0.31878119707107544,0.3494794964790344
2015-02-25,extended,252,expanding,0.31797438859939575,0.37740904092788696
2015-02-26,extended,252,expanding,0.44373300671577454,0.5880785584449768
2015-02-27,extended,252,expanding,0.3470306098461151,0.37064409255981445
2015-03-02,extended,252,expanding,0.26675868034362793,0.4081208109855652
2015-03-03,extended,252,expanding,0.5007086396217346,0.44876375794410706
2015-03-04,extended,252,expanding,0.6677775382995605,0.5934827923774719
2015-03-05,extended,252,expanding,0.3570042848587036,0.34754478931427
2015-03-06,extended,252,expanding,0.7385730147361755,0.8310291171073914
2015-03-09,extended,252,expanding,0.38811981678009033,0.412392258644104
2015-03-10,extended,252,expanding,0.8400395512580872,0.970845639705658
2015-03-11,extended,252,expanding,0.5907078981399536,0.6200153231620789
2015-03-12,extended,252,expanding,0.6523180603981018,0.676982045173645
2015-03-13,extended,252,expanding,0.7049248218536377,0.8379998207092285
2015-03-16,extended,252,expanding,0.5238789916038513,0.6911378502845764
2015-03-17,extended,252,expanding,0.5899909138679504,0.5140305161476135
2015-03-18,extended,252,expanding,1.051440954208374,1.0814896821975708
2015-03-19,extended,252,expanding,0.5530752539634705,0.6375607252120972
2015-03-20,extended,252,expanding,0.6660987138748169,0.789104700088501
2015-03-23,extended,252,expanding,0.3736087381839752,0.4866711497306824
2015-03-24,extended,252,expanding,0.45093563199043274,0.5374571084976196
2015-03-25,extended,252,expanding,0.6865458488464355,0.7396679520606995
2015-03-26,extended,252,expanding,0.873544454574585,0.74503093957901
2015-03-27,extended,252,expanding,0.5865139961242676,0.6238501667976379
2015-03-30,extended,252,expanding,0.6811202764511108,0.5954360365867615
2015-03-31,extended,252,expanding,0.6466434001922607,0.5404567718505859
2015-04-01,extended,252,expanding,0.7361587882041931,0.5465408563613892
2015-04-02,extended,252,expanding,0.5094029903411865,0.6387032270431519
2015-04-06,extended,252,expanding,0.5339199304580688,0.8820815086364746
2015-04-07,extended,252,expanding,0.4426901638507843,0.48787984251976013
2015-04-08,extended,252,expanding,0.7183293104171753,0.627329409122467
2015-04-09,extended,252,expanding,0.597693920135498,0.6689427495002747
2015-04-10,extended,252,expanding,0.28354012966156006,0.3921975791454315
2015-04-13,extended,252,expanding,0.35153907537460327,0.4973849356174469
2015-04-14,extended,252,expanding,0.5259081721305847,0.6026946306228638
2015-04-15,extended,252,expanding,0.4481188952922821,0.515408456325531
2015-04-16,extended,252,expanding,0.40820983052253723,0.46525153517723083
2015-04-17,extended,252,expanding,0.7608491778373718,0.6547757387161255
2015-04-20,extended,252,expanding,0.6108341217041016,0.4832403361797333
2015-04-21,extended,252,expanding,0.4529463052749634,0.4423952102661133
2015-04-22,extended,252,expanding,0.458896666765213,0.3861762285232544
2015-04-23,extended,252,expanding,0.4938202202320099,0.5982245206832886
2015-04-24,extended,252,expanding,0.32737022638320923,0.285647988319397
2015-04-27,extended,252,expanding,0.481981098651886,0.5695252418518066
2015-04-28,extended,252,expanding,0.6443674564361572,0.5059981346130371
2015-04-29,extended,252,expanding,0.6621337532997131,0.4867047667503357
2015-04-30,extended,252,expanding,0.7037506699562073,0.6606286764144897
2015-05-01,extended,252,expanding,0.6726866364479065,0.6199550628662109
2015-05-04,extended,252,expanding,0.375816285610199,0.4677239656448364
2015-05-05,extended,252,expanding,0.570682942867279,0.6051552295684814
2015-05-06,extended,252,expanding,0.9269205927848816,0.9064921140670776
2015-05-07,extended,252,expanding,0.5604826211929321,0.6287108659744263
2015-05-08,extended,252,expanding,0.8699830770492554,0.628066897392273
2015-05-11,extended,252,expanding,0.40910646319389343,0.42446884512901306
2015-05-12,extended,252,expanding,0.8183264136314392,0.5363060235977173
2015-05-13,extended,252,expanding,0.6684315204620361,0.6068152189254761
2015-05-14,extended,252,expanding,0.5487048625946045,0.4588223993778229
2015-05-15,extended,252,expanding,0.33867430686950684,0.35037076473236084
2015-05-18,extended,252,expanding,0.2193475365638733,0.5763071775436401
2015-05-19,extended,252,expanding,0.3124220073223114,0.638120174407959
2015-05-20,extended,252,expanding,0.4188220202922821,0.3921884298324585
2015-05-21,extended,252,expanding,0.279846727848053,0.3453599810600281
2015-05-22,extended,252,expanding,0.33094796538352966,0.47806787490844727
2015-05-26,extended,252,expanding,0.5155841708183289,0.8741926550865173
2015-05-27,extended,252,expanding,0.4025551378726959,0.5227484107017517
2015-05-28,extended,252,expanding,0.43901243805885315,0.36476975679397583
2015-05-29,extended,252,expanding,0.5354623794555664,0.4728023111820221
2015-06-01,extended,252,expanding,0.6326298117637634,0.4970307946205139
2015-06-02,extended,252,expanding,0.5542809963226318,0.6173093318939209
2015-06-03,extended,252,expanding,0.43493029475212097,0.43270787596702576
2015-06-04,extended,252,expanding,0.6734352707862854,0.6091973781585693
2015-06-05,extended,252,expanding,0.5858168601989746,0.6291369199752808
2015-06-08,extended,252,expanding,0.38064879179000854,0.5633530020713806
2015-06-09,extended,252,expanding,0.4707942008972168,0.546650230884552
2015-06-10,extended,252,expanding,0.6238774657249451,0.6824896335601807
2015-06-11,extended,252,expanding,0.44490450620651245,0.4356328248977661
2015-06-12,extended,252,expanding,0.5156898498535156,0.5321553349494934
2015-06-15,extended,252,expanding,0.9224205017089844,0.48113179206848145
2015-06-16,extended,252,expanding,0.5270959138870239,0.3691028356552124
2015-06-17,extended,252,expanding,0.6415505409240723,0.4191845655441284
2015-06-18,extended,252,expanding,0.5652602910995483,0.5891420841217041
2015-06-19,extended,252,expanding,0.3343290388584137,0.48626989126205444
2015-06-22,extended,252,expanding,0.6914674639701843,0.3718235492706299
2015-06-23,extended,252,expanding,0.32394805550575256,0.34460175037384033
2015-06-24,extended,252,expanding,0.3779144883155823,0.45284712314605713
2015-06-25,extended,252,expanding,0.40985020995140076,0.3707526922225952
2015-06-26,extended,252,expanding,0.4807495176792145,0.3458701968193054
2015-06-29,extended,252,expanding,0.8694495558738708,0.8610883355140686
2015-06-30,extended,252,expanding,0.8994608521461487,0.47682976722717285
2015-07-01,extended,252,expanding,0.772849440574646,0.5696143507957458
2015-07-02,extended,252,expanding,0.46320804953575134,0.47365885972976685
2015-07-06,extended,252,expanding,0.9262874126434326,0.8459763526916504
2015-07-07,extended,252,expanding,0.9469451904296875,0.8183372020721436
2015-07-08,extended,252,expanding,0.9316666722297668,0.8970537781715393
2015-07-09,extended,252,expanding,1.3116600513458252,0.6370258927345276
2015-07-10,extended,252,expanding,1.123153805732727,0.7357063889503479
2015-07-13,extended,252,expanding,0.6816275119781494,0.7087645530700684
2015-07-14,extended,252,expanding,0.2428647130727768,0.41959482431411743
2015-07-15,extended,252,expanding,0.3678913712501526,0.5742855072021484
2015-07-16,extended,252,expanding,0.3954748511314392,0.39961838722229004
2015-07-17,extended,252,expanding,0.24239368736743927,0.33268314599990845
2015-07-20,extended,252,expanding,0.292244017124176,0.29504019021987915
2015-07-21,extended,252,expanding,0.3257938623428345,0.4104079008102417
2015-07-22,extended,252,expanding,0.43480175733566284,0.3904697895050049
2015-07-23,extended,252,expanding,0.39982616901397705,0.5305046439170837
2015-07-24,extended,252,expanding,0.4459609091281891,0.6541451811790466
2015-07-27,extended,252,expanding,0.7757925391197205,0.6554880142211914
2015-07-28,extended,252,expanding,0.5373643636703491,0.5192480087280273
2015-07-29,extended,252,expanding,0.4497852921485901,0.4362069368362427
2015-07-30,extended,252,expanding,0.4582180976867676,0.45091742277145386
2015-07-31,extended,252,expanding,0.38392138481140137,0.4968416690826416
2015-08-03,extended,252,expanding,0.5662893056869507,0.6387637257575989
2015-08-04,extended,252,expanding,0.48225000500679016,0.4280892014503479
2015-08-05,extended,252,expanding,0.64484703540802,0.4632381200790405
2015-08-06,extended,252,expanding,0.541225254535675,0.6610049605369568
2015-08-07,extended,252,expanding,0.576079785823822,0.5030675530433655
2015-08-10,extended,252,expanding,0.6756598353385925,0.4313231110572815
2015-08-11,extended,252,expanding,0.8222931623458862,0.8471586108207703
2015-08-12,extended,252,expanding,1.070734977722168,1.0823384523391724
2015-08-13,extended,252,expanding,0.6425189971923828,0.5570781826972961
2015-08-14,extended,252,expanding,0.40680527687072754,0.38897955417633057
2015-08-17,extended,252,expanding,0.5880442261695862,0.7275274991989136
2015-08-18,extended,252,expanding,0.36820682883262634,0.4332263469696045
2015-08-19,extended,252,expanding,0.9496463537216187,0.9012379050254822
2015-08-20,extended,252,expanding,1.073470950126648,1.0817352533340454
2015-08-21,extended,252,expanding,1.521138310432434,1.7732185125350952
2015-08-24,extended,252,expanding,6.107092380523682,2.7856240272521973
2015-08-25,extended,252,expanding,2.710724115371704,3.0754709243774414
2015-08-26,extended,252,expanding,2.8424289226531982,2.158369541168213
2015-08-27,extended,252,expanding,1.896519660949707,1.7686920166015625
2015-08-28,extended,252,expanding,0.9556337594985962,0.9879931807518005
2015-08-31,extended,252,expanding,1.0897337198257446,1.0308552980422974
2015-09-01,extended,252,expanding,2.2449772357940674,2.027820110321045
2015-09-02,extended,252,expanding,1.4546595811843872,1.0419610738754272
2015-09-03,extended,252,expanding,0.992962121963501,1.0798252820968628
2015-09-04,extended,252,expanding,1.4397097826004028,1.2323979139328003
2015-09-08,extended,252,expanding,1.468074917793274,1.1505662202835083
2015-09-09,extended,252,expanding,1.1140401363372803,1.6578502655029297
2015-09-10,extended,252,expanding,0.8762382864952087,1.1814496517181396
2015-09-11,extended,252,expanding,0.8052470088005066,0.9325165152549744
2015-09-14,extended,252,expanding,0.5960224270820618,0.6872708797454834
2015-09-15,extended,252,expanding,0.5569227337837219,0.8681722283363342
2015-09-16,extended,252,expanding,0.5929057002067566,0.6761734485626221
2015-09-17,extended,252,expanding,1.27928626537323,0.9827157855033875
2015-09-18,extended,252,expanding,1.361925482749939,1.2405848503112793
2015-09-21,extended,252,expanding,0.8707589507102966,0.8550357818603516
2015-09-22,extended,252,expanding,1.3077605962753296,1.0954902172088623
2015-09-23,extended,252,expanding,0.7572812438011169,1.0049936771392822
2015-09-24,extended,252,expanding,1.0441006422042847,1.123774528503418
2015-09-25,extended,252,expanding,1.0345593690872192,0.9788128137588501
2015-09-28,extended,252,expanding,1.1553207635879517,1.550275444984436
2015-09-29,extended,252,expanding,1.1817799806594849,0.9643177390098572
2015-09-30,extended,252,expanding,1.495627760887146,1.0459030866622925
2015-10-01,extended,252,expanding,1.1410325765609741,0.9177611470222473
2015-10-02,extended,252,expanding,1.6934986114501953,1.4682611227035522
2015-10-05,extended,252,expanding,0.8905875086784363,0.8933863639831543
2015-10-06,extended,252,expanding,0.6829049587249756,0.884669840335846
2015-10-07,extended,252,expanding,0.9471501708030701,0.7201429009437561
2015-10-08,extended,252,expanding,0.7110604047775269,0.7179291248321533
2015-10-09,extended,252,expanding,0.5342766046524048,0.5363470911979675
2015-10-12,extended,252,expanding,0.37612029910087585,0.5333231687545776
2015-10-13,extended,252,expanding,0.615027904510498,0.6592862010002136
2015-10-14,extended,252,expanding,0.6851932406425476,0.7913113236427307
2015-10-15,extended,252,expanding,0.5368911623954773,0.7387756109237671
2015-10-16,extended,252,expanding,0.5126047134399414,0.4093913435935974
2015-10-19,extended,252,expanding,0.5282853245735168,0.4936073422431946
2015-10-20,extended,252,expanding,0.5042325258255005,0.4402366578578949
2015-10-21,extended,252,expanding,0.7471799254417419,0.6222163438796997
2015-10-22,extended,252,expanding,0.7661428451538086,0.7876134514808655
2015-10-23,extended,252,expanding,0.8509055972099304,0.6413432955741882
2015-10-26,extended,252,expanding,0.3822285532951355,0.4851973056793213
2015-10-27,extended,252,expanding,0.5862306952476501,0.4990040957927704
2015-10-28,extended,252,expanding,0.9409856796264648,0.7403685450553894
2015-10-29,extended,252,expanding,0.48140043020248413,0.46976158022880554
2015-10-30,extended,252,expanding,0.5342662334442139,0.3932780921459198
2015-11-02,extended,252,expanding,0.42046618461608887,0.5825601816177368
2015-11-03,extended,252,expanding,0.4835807979106903,0.5659052729606628
2015-11-04,extended,252,expanding,0.614382803440094,0.7044713497161865
2015-11-05,extended,252,expanding,0.5839255452156067,0.5211350917816162
2015-11-06,extended,252,expanding,0.6034426689147949,0.5970708131790161
2015-11-09,extended,252,expanding,0.7614883780479431,0.7285252809524536
2015-11-10,extended,252,expanding,0.5499747395515442,0.5052499175071716
2015-11-11,extended,252,expanding,0.4731254279613495,0.5618576407432556
2015-11-12,extended,252,expanding,0.8733656406402588,0.7778983116149902
2015-11-13,extended,252,expanding,0.6671431660652161,0.8933335542678833
2015-11-16,extended,252,expanding,0.7153626084327698,0.7930110692977905
2015-11-17,extended,252,expanding,0.7524334192276001,0.6464927792549133
2015-11-18,extended,252,expanding,0.7099785804748535,0.7046602368354797
2015-11-19,extended,252,expanding,0.46447187662124634,0.437082976102829
2015-11-20,extended,252,expanding,0.5691575407981873,0.47255340218544006
2015-11-23,extended,252,expanding,0.4336825907230377,0.42588528990745544
2015-11-24,extended,252,expanding,0.6535255312919617,0.591042160987854
2015-11-25,extended,252,expanding,0.3200731873512268,0.34152695536613464
2015-11-27,extended,252,expanding,0.2484254091978073,0.3402005732059479
2015-11-30,extended,252,expanding,0.44243597984313965,0.4377823770046234
2015-12-01,extended,252,expanding,0.6222959756851196,0.4193868935108185
2015-12-02,extended,252,expanding,0.5199115872383118,0.7069235444068909
2015-12-03,extended,252,expanding,0.8429600596427917,1.1287052631378174
2015-12-04,extended,252,expanding,0.845172643661499,1.079275369644165
2015-12-07,extended,252,expanding,0.8103945255279541,0.798982560634613
2015-12-08,extended,252,expanding,1.2818913459777832,0.7298675775527954
2015-12-09,extended,252,expanding,1.0488706827163696,1.2495492696762085
2015-12-10,extended,252,expanding,0.7810572385787964,0.7731317281723022
2015-12-11,extended,252,expanding,1.160577654838562,1.138414740562439
2015-12-14,extended,252,expanding,1.239391565322876,0.8348844647407532
2015-12-15,extended,252,expanding,1.0609846115112305,0.7717440128326416
2015-12-16,extended,252,expanding,0.983195960521698,0.9860773086547852
2015-12-17,extended,252,expanding,0.9051330089569092,1.1420304775238037
2015-12-18,extended,252,expanding,0.975375771522522,1.011257290840149
2015-12-21,extended,252,expanding,0.8869057893753052,0.7321288585662842
2015-12-22,extended,252,expanding,0.6400415897369385,0.6909327507019043
2015-12-23,extended,252,expanding,0.5840789675712585,0.7220379710197449
2015-12-24,extended,252,expanding,0.28011903166770935,0.46069175004959106
2015-12-28,extended,252,expanding,0.544843852519989,0.6358850598335266
2015-12-29,extended,252,expanding,0.6348679661750793,0.5803518295288086
2015-12-30,extended,252,expanding,0.43678027391433716,0.46588805317878723
2015-12-31,extended,252,expanding,0.6944714784622192,0.5720466375350952
2016-01-04,extended,252,expanding,1.8643945455551147,1.2005833387374878
2016-01-05,extended,252,expanding,0.7911797761917114,0.8629323244094849
2016-01-06,extended,252,expanding,1.4094488620758057,1.238438367843628
2016-01-07,extended,252,expanding,1.9777171611785889,1.440017580986023
2016-01-08,extended,252,expanding,1.3276973962783813,1.6391857862472534
2016-01-11,extended,252,expanding,1.2732048034667969,1.4097692966461182
2016-01-12,extended,252,expanding,1.3360037803649902,1.2052627801895142
2016-01-13,extended,252,expanding,1.4331769943237305,1.782936453819275
2016-01-14,extended,252,expanding,1.276334524154663,1.5267056226730347
2016-01-15,extended,252,expanding,2.256190776824951,1.8949776887893677
2016-01-19,extended,252,expanding,1.414040446281433,1.5440452098846436
2016-01-20,extended,252,expanding,2.090296983718872,2.084973096847534
2016-01-21,extended,252,expanding,1.7240387201309204,1.4999905824661255
2016-01-22,extended,252,expanding,1.350212812423706,1.219306468963623
2016-01-25,extended,252,expanding,0.8432279825210571,1.3946508169174194
2016-01-26,extended,252,expanding,1.132907509803772,0.9020291566848755
2016-01-27,extended,252,expanding,1.418370008468628,1.3172663450241089
2016-01-28,extended,252,expanding,1.6049604415893555,0.9893426299095154
2016-01-29,extended,252,expanding,0.8625195026397705,1.285069465637207
2016-02-01,extended,252,expanding,1.108719825744629,1.1394212245941162
2016-02-02,extended,252,expanding,1.0957472324371338,1.4472088813781738
2016-02-03,extended,252,expanding,1.6612110137939453,1.489458441734314
2016-02-04,extended,252,expanding,1.3568352460861206,1.2240300178527832
2016-02-05,extended,252,expanding,1.1918375492095947,1.4572218656539917
2016-02-08,extended,252,expanding,1.7131495475769043,1.7241359949111938
2016-02-09,extended,252,expanding,1.7238924503326416,1.4925729036331177
2016-02-10,extended,252,expanding,1.2846240997314453,1.389149785041809
2016-02-11,extended,252,expanding,1.7465639114379883,1.5996638536453247
2016-02-12,extended,252,expanding,0.9847818613052368,1.2066394090652466
2016-02-16,extended,252,expanding,0.9619315266609192,0.9991849064826965
2016-02-17,extended,252,expanding,0.8570308089256287,0.9914930462837219
2016-02-18,extended,252,expanding,0.6592288613319397,0.8017595410346985
2016-02-19,extended,252,expanding,0.8370142579078674,0.653081476688385
2016-02-22,extended,252,expanding,0.8208672404289246,0.7135669589042664
2016-02-23,extended,252,expanding,0.7050926089286804,0.8010348677635193
2016-02-24,extended,252,expanding,1.3654946088790894,1.0798853635787964
2016-02-25,extended,252,expanding,0.8240745067596436,0.808903157711029
2016-02-26,extended,252,expanding,0.7443616390228271,0.6844433546066284
2016-02-29,extended,252,expanding,0.6923912763595581,0.8186355233192444
2016-03-01,extended,252,expanding,0.8032092452049255,0.9072446227073669
2016-03-02,extended,252,expanding,0.6526565551757812,0.5733646154403687
2016-03-03,extended,252,expanding,0.5303792953491211,0.6010707020759583
2016-03-04,extended,252,expanding,0.6377307772636414,0.5673646330833435
2016-03-07,extended,252,expanding,0.7092128396034241,0.5309277772903442
2016-03-08,extended,252,expanding,0.8456987738609314,0.7601978182792664
2016-03-09,extended,252,expanding,0.7557376623153687,0.5688146352767944
2016-03-10,extended,252,expanding,1.0528972148895264,1.0657347440719604
2016-03-11,extended,252,expanding,0.7802853584289551,0.6597871780395508
2016-03-14,extended,252,expanding,0.4418516457080841,0.5981867909431458
2016-03-15,extended,252,expanding,0.5727604031562805,0.516529381275177
2016-03-16,extended,252,expanding,0.8591802716255188,0.7102371454238892
2016-03-17,extended,252,expanding,0.48305994272232056,0.8403093814849854
2016-03-18,extended,252,expanding,0.5102292895317078,0.39814332127571106
2016-03-21,extended,252,expanding,0.41795918345451355,0.3714137673377991
2016-03-22,extended,252,expanding,0.5167195200920105,0.5196313858032227
2016-03-23,extended,252,expanding,0.4682425260543823,0.6270297169685364
2016-03-24,extended,252,expanding,0.5987577438354492,0.4176753759384155
2016-03-28,extended,252,expanding,0.3967815637588501,0.407157838344574
2016-03-29,extended,252,expanding,0.5566663146018982,0.704468846321106
2016-03-30,extended,252,expanding,0.5525966882705688,0.40317946672439575
2016-03-31,extended,252,expanding,0.37332040071487427,0.3986949920654297
2016-04-01,extended,252,expanding,0.7174330949783325,0.7177445888519287
2016-04-04,extended,252,expanding,0.42420196533203125,0.643266499042511
2016-04-05,extended,252,expanding,0.7961450219154358,0.6316585540771484
2016-04-06,extended,252,expanding,0.5540632605552673,0.6779855489730835
2016-04-07,extended,252,expanding,0.7730053663253784,0.8021970391273499
2016-04-08,extended,252,expanding,0.6810202598571777,0.7147493362426758
2016-04-11,extended,252,expanding,0.6143216490745544,0.6620135307312012
2016-04-12,extended,252,expanding,0.6139630079269409,0.6562250852584839
2016-04-13,extended,252,expanding,0.5803050398826599,0.5923826694488525
2016-04-14,extended,252,expanding,0.40409818291664124,0.38082027435302734
2016-04-15,extended,252,expanding,0.24712654948234558,0.3443007171154022
2016-04-18,extended,252,expanding,0.45766472816467285,0.4824695885181427
2016-04-19,extended,252,expanding,0.44714030623435974,0.5500439405441284
2016-04-20,extended,252,expanding,0.39241912961006165,0.5353701710700989
2016-04-21,extended,252,expanding,0.4886075556278229,0.40468862652778625
2016-04-22,extended,252,expanding,0.4717874526977539,0.4023383855819702
2016-04-25,extended,252,expanding,0.46633097529411316,0.4333633482456207
2016-04-26,extended,252,expanding,0.41461044549942017,0.41050565242767334
2016-04-27,extended,252,expanding,0.5534590482711792,0.470889151096344
2016-04-28,extended,252,expanding,0.6042600274085999,0.6679818034172058
2016-04-29,extended,252,expanding,0.7228695750236511,0.7375587821006775
2016-05-02,extended,252,expanding,0.480984628200531,0.49588534235954285
2016-05-03,extended,252,expanding,0.7204863429069519,0.7828791737556458
2016-05-04,extended,252,expanding,0.5959994196891785,0.6019421219825745
2016-05-05,extended,252,expanding,0.5839337110519409,0.5853824019432068
2016-05-06,extended,252,expanding,0.6555532813072205,0.5730674862861633
2016-05-09,extended,252,expanding,0.4680878221988678,0.45169153809547424
2016-05-10,extended,252,expanding,0.45424720644950867,0.5519267320632935
2016-05-11,extended,252,expanding,0.47307026386260986,0.5561617016792297
2016-05-12,extended,252,expanding,0.6881145238876343,0.4318443238735199
2016-05-13,extended,252,expanding,0.5798383355140686,0.6509416699409485
2016-05-16,extended,252,expanding,0.4479709267616272,0.568719208240509
2016-05-17,extended,252,expanding,0.5969027876853943,0.6241488456726074
2016-05-18,extended,252,expanding,0.9573208093643188,0.6497294306755066
2016-05-19,extended,252,expanding,0.8042436838150024,0.6665305495262146
2016-05-20,extended,252,expanding,0.5121746063232422,0.5038051605224609
2016-05-23,extended,252,expanding,0.33495160937309265,0.4509837031364441
2016-05-24,extended,252,expanding,0.5281316637992859,0.6323021054267883
2016-05-25,extended,252,expanding,0.4735313057899475,0.36487531661987305
2016-05-26,extended,252,expanding,0.3417476713657379,0.34509941935539246
2016-05-27,extended,252,expanding,0.29841071367263794,0.3428703546524048
2016-05-31,extended,252,expanding,0.41572389006614685,0.5093072652816772
2016-06-01,extended,252,expanding,0.5437378883361816,0.47373610734939575
2016-06-02,extended,252,expanding,0.4243984520435333,0.43203261494636536
2016-06-03,extended,252,expanding,0.594088077545166,0.811115026473999
2016-06-06,extended,252,expanding,0.39402854442596436,0.4421733021736145
2016-06-07,extended,252,expanding,0.2598709166049957,0.3854328691959381
2016-06-08,extended,252,expanding,0.31989070773124695,0.39303791522979736
2016-06-09,extended,252,expanding,0.44587990641593933,0.34219494462013245
2016-06-10,extended,252,expanding,0.6192079782485962,0.5811004638671875
2016-06-13,extended,252,expanding,0.5233069658279419,0.6257607936859131
2016-06-14,extended,252,expanding,0.6233665347099304,0.6748304963111877
2016-06-15,extended,252,expanding,0.49303311109542847,0.5607411861419678
2016-06-16,extended,252,expanding,0.7422111630439758,0.8296685814857483
2016-06-17,extended,252,expanding,0.5440672039985657,0.5681081414222717
2016-06-20,extended,252,expanding,0.8680330514907837,0.6113333106040955
2016-06-21,extended,252,expanding,0.4856100082397461,0.3528374433517456
2016-06-22,extended,252,expanding,0.5078912973403931,0.48912757635116577
2016-06-23,extended,252,expanding,0.5845242142677307,0.5274742245674133
2016-06-24,extended,252,expanding,2.5068275928497314,1.8467646837234497
2016-06-27,extended,252,expanding,1.1343152523040771,1.6472408771514893
2016-06-28,extended,252,expanding,0.9142375588417053,0.8327957987785339
2016-06-29,extended,252,expanding,0.7956054210662842,1.0167875289916992
2016-06-30,extended,252,expanding,0.5864193439483643,0.8407415747642517
2016-07-01,extended,252,expanding,0.38909927010536194,0.6630668640136719
2016-07-05,extended,252,expanding,0.5271096229553223,0.8012300133705139
2016-07-06,extended,252,expanding,0.6909399032592773,0.8165526986122131
2016-07-07,extended,252,expanding,0.5431602597236633,0.800070583820343
2016-07-08,extended,252,expanding,0.391685426235199,0.7112058401107788
2016-07-11,extended,252,expanding,0.43085354566574097,0.42575544118881226
2016-07-12,extended,252,expanding,0.5599690675735474,0.5586832165718079
2016-07-13,extended,252,expanding,0.36263391375541687,0.5278837084770203
2016-07-14,extended,252,expanding,0.5216362476348877,0.3472215235233307
2016-07-15,extended,252,expanding,0.3339429497718811,0.41945192217826843
2016-07-18,extended,252,expanding,0.2528551518917084,0.30422258377075195
2016-07-19,extended,252,expanding,0.2636338472366333,0.38605690002441406
2016-07-20,extended,252,expanding,0.22623705863952637,0.317672997713089
2016-07-21,extended,252,expanding,0.337037056684494,0.5051979422569275
2016-07-22,extended,252,expanding,0.26453956961631775,0.334686815738678
2016-07-25,extended,252,expanding,0.32745012640953064,0.3987833559513092
2016-07-26,extended,252,expanding,0.4504607915878296,0.3540552258491516
2016-07-27,extended,252,expanding,0.479295939207077,0.46257758140563965
2016-07-28,extended,252,expanding,0.4895424544811249,0.4180977940559387
2016-07-29,extended,252,expanding,0.4007420241832733,0.42212939262390137
2016-08-01,extended,252,expanding,0.47042617201805115,0.4095458686351776
2016-08-02,extended,252,expanding,0.4987277686595917,0.6664066910743713
2016-08-03,extended,252,expanding,0.34358325600624084,0.4650707542896271
2016-08-04,extended,252,expanding,0.33532026410102844,0.3139074146747589
2016-08-05,extended,252,expanding,0.31091904640197754,0.295796662569046
2016-08-08,extended,252,expanding,0.23712877929210663,0.27217569947242737
2016-08-09,extended,252,expanding,0.22695161402225494,0.27428722381591797
2016-08-10,extended,252,expanding,0.32503175735473633,0.33831721544265747
2016-08-11,extended,252,expanding,0.3414006233215332,0.2560877203941345
2016-08-12,extended,252,expanding,0.22944413125514984,0.19605593383312225
2016-08-15,extended,252,expanding,0.19754722714424133,0.22654490172863007
2016-08-16,extended,252,expanding,0.3397499620914459,0.36449211835861206
2016-08-17,extended,252,expanding,0.40539416670799255,0.3378763198852539
2016-08-18,extended,252,expanding,0.2481752336025238,0.24544335901737213
2016-08-19,extended,252,expanding,0.3755485713481903,0.2659813165664673
2016-08-22,extended,252,expanding,0.47530099749565125,0.356611430644989
2016-08-23,extended,252,expanding,0.2574482858181,0.24412786960601807
2016-08-24,extended,252,expanding,0.32731950283050537,0.45014625787734985
2016-08-25,extended,252,expanding,0.39211443066596985,0.32588639855384827
2016-08-26,extended,252,expanding,0.6130600571632385,0.7849804759025574
2016-08-29,extended,252,expanding,0.2932550311088562,0.34901419281959534
2016-08-30,extended,252,expanding,0.3749251365661621,0.4011945128440857
2016-08-31,extended,252,expanding,0.3562649190425873,0.4450828433036804
2016-09-01,extended,252,expanding,0.4937528371810913,0.4723118543624878
2016-09-02,extended,252,expanding,0.38300156593322754,0.32608792185783386
2016-09-06,extended,252,expanding,0.3238064646720886,0.4619896411895752
2016-09-07,extended,252,expanding,0.2669856548309326,0.2248670607805252
2016-09-08,extended,252,expanding,0.2952359914779663,0.2707955241203308
2016-09-09,extended,252,expanding,0.664097785949707,1.0353820323944092
2016-09-12,extended,252,expanding,0.752480149269104,0.8688669204711914
2016-09-13,extended,252,expanding,0.969701886177063,0.9656522274017334
2016-09-14,extended,252,expanding,0.6843146085739136,0.771268904209137
2016-09-15,extended,252,expanding,0.6103323698043823,0.7554868459701538
2016-09-16,extended,252,expanding,0.6537879109382629,0.5375126600265503
2016-09-19,extended,252,expanding,0.49307507276535034,0.5498385429382324
2016-09-20,extended,252,expanding,0.44174668192863464,0.4463881254196167
2016-09-21,extended,252,expanding,0.5785161852836609,0.5961905717849731
2016-09-22,extended,252,expanding,0.48172566294670105,0.38670244812965393
2016-09-23,extended,252,expanding,0.3419942259788513,0.4842338562011719
2016-09-26,extended,252,expanding,0.45899975299835205,0.4729364216327667
2016-09-27,extended,252,expanding,0.4963929355144501,0.6029843688011169
2016-09-28,extended,252,expanding,0.4797413945198059,0.5997098088264465
2016-09-29,extended,252,expanding,0.6804351210594177,0.6582380533218384
2016-09-30,extended,252,expanding,0.5552424192428589,0.45289433002471924
2016-10-03,extended,252,expanding,0.4135640859603882,0.42494773864746094
2016-10-04,extended,252,expanding,0.6580941081047058,0.5566527843475342
2016-10-05,extended,252,expanding,0.35043132305145264,0.398635596036911
2016-10-06,extended,252,expanding,0.42119184136390686,0.49688565731048584
2016-10-07,extended,252,expanding,0.5236009359359741,0.6047020554542542
2016-10-10,extended,252,expanding,0.3350566327571869,0.3396975100040436
2016-10-11,extended,252,expanding,0.5850227475166321,0.7031919360160828
2016-10-12,extended,252,expanding,0.42785078287124634,0.4543873369693756
2016-10-13,extended,252,expanding,0.6159225702285767,0.5817524790763855
2016-10-14,extended,252,expanding,0.5145489573478699,0.406757652759552
2016-10-17,extended,252,expanding,0.3883950114250183,0.43752774596214294
2016-10-18,extended,252,expanding,0.4081222414970398,0.3026292622089386
2016-10-19,extended,252,expanding,0.2723785638809204,0.3135807514190674
2016-10-20,extended,252,expanding,0.5416315197944641,0.484306275844574
2016-10-21,extended,252,expanding,0.45071932673454285,0.3942955434322357
2016-10-24,extended,252,expanding,0.33965981006622314,0.26379477977752686
2016-10-25,extended,252,expanding,0.32306280732154846,0.3959793448448181
2016-10-26,extended,252,expanding,0.4787444770336151,0.44400450587272644
2016-10-27,extended,252,expanding,0.4776531457901001,0.42087599635124207
2016-10-28,extended,252,expanding,0.7668375968933105,0.6154839396476746
2016-10-31,extended,252,expanding,0.3748847544193268,0.3889424800872803
2016-11-01,extended,252,expanding,0.5948173403739929,0.8240479230880737
2016-11-02,extended,252,expanding,0.6631988286972046,0.6477298736572266
2016-11-03,extended,252,expanding,0.4272792339324951,0.6776770949363708
2016-11-04,extended,252,expanding,0.56281977891922,0.5706673860549927
2016-11-07,extended,252,expanding,0.762750506401062,0.6815956830978394
2016-11-08,extended,252,expanding,0.5622711777687073,0.5572744607925415
2016-11-09,extended,252,expanding,1.103110671043396,0.9144710302352905
2016-11-10,extended,252,expanding,1.0612717866897583,0.841051459312439
2016-11-11,extended,252,expanding,0.5606706738471985,0.6688154935836792
2016-11-14,extended,252,expanding,0.5229861736297607,0.570346474647522
2016-11-15,extended,252,expanding,0.3335860073566437,0.4983435869216919
2016-11-16,extended,252,expanding,0.3812691569328308,0.3437410295009613
2016-11-17,extended,252,expanding,0.2612607479095459,0.31161728501319885
2016-11-18,extended,252,expanding,0.30810797214508057,0.31067562103271484
2016-11-21,extended,252,expanding,0.3042566776275635,0.26421210169792175
2016-11-22,extended,252,expanding,0.29165443778038025,0.2730756998062134
2016-11-23,extended,252,expanding,0.2739172577857971,0.29627901315689087
2016-11-25,extended,252,expanding,0.1411752551794052,0.21261051297187805
2016-11-28,extended,252,expanding,0.311784029006958,0.3704971671104431
2016-11-29,extended,252,expanding,0.30249255895614624,0.3455347418785095
2016-11-30,extended,252,expanding,0.5293129682540894,0.6318941712379456
2016-12-01,extended,252,expanding,0.46159231662750244,0.5152271389961243
2016-12-02,extended,252,expanding,0.382408082485199,0.23974141478538513
2016-12-05,extended,252,expanding,0.2903845012187958,0.3192424178123474
2016-12-06,extended,252,expanding,0.2976779341697693,0.239408478140831
2016-12-07,extended,252,expanding,0.4763052761554718,0.6273914575576782
2016-12-08,extended,252,expanding,0.4019447863101959,0.3138487935066223
2016-12-09,extended,252,expanding,0.28978437185287476,0.31537044048309326
2016-12-12,extended,252,expanding,0.3811413049697876,0.33965134620666504
2016-12-13,extended,252,expanding,0.38996440172195435,0.28507933020591736
2016-12-14,extended,252,expanding,0.8847878575325012,0.6041767597198486
2016-12-15,extended,252,expanding,0.5356317758560181,0.5277590155601501
2016-12-16,extended,252,expanding,0.45844119787216187,0.3424209654331207
2016-12-19,extended,252,expanding,0.3088212013244629,0.2671118974685669
2016-12-20,extended,252,expanding,0.2855783700942993,0.18405979871749878
2016-12-21,extended,252,expanding,0.1954396814107895,0.35566362738609314
2016-12-22,extended,252,expanding,0.2534743547439575,0.19555142521858215
2016-12-23,extended,252,expanding,0.16153864562511444,0.18022553622722626
2016-12-27,extended,252,expanding,0.2364281415939331,0.2186886966228485
2016-12-28,extended,252,expanding,0.352010577917099,0.47382864356040955
2016-12-29,extended,252,expanding,0.3400283455848694,0.2582607865333557
2016-12-30,extended,252,expanding,0.469421923160553,0.36710846424102783
2017-01-03,extended,252,expanding,0.5941449999809265,0.46164441108703613
2017-01-04,extended,252,expanding,0.36411571502685547,0.3276077210903168
2017-01-05,extended,252,expanding,0.34329038858413696,0.3711825907230377
2017-01-06,extended,252,expanding,0.3869064152240753,0.3677646219730377
2017-01-09,extended,252,expanding,0.2839605510234833,0.3543766438961029
2017-01-10,extended,252,expanding,0.35444435477256775,0.3274869918823242
2017-01-11,extended,252,expanding,0.5368474721908569,0.3245656192302704
2017-01-12,extended,252,expanding,0.487313836812973,0.5010767579078674
2017-01-13,extended,252,expanding,0.290849506855011,0.25918877124786377
2017-01-17,extended,252,expanding,0.3088895082473755,0.4367161989212036
2017-01-18,extended,252,expanding,0.3339954912662506,0.26853275299072266
2017-01-19,extended,252,expanding,0.39244410395622253,0.3611525297164917
2017-01-20,extended,252,expanding,0.454139769077301,0.2713693380355835
2017-01-23,extended,252,expanding,0.42793557047843933,0.43588751554489136
2017-01-24,extended,252,expanding,0.2782492935657501,0.37675076723098755
2017-01-25,extended,252,expanding,0.29393139481544495,0.24064841866493225
2017-01-26,extended,252,expanding,0.29524433612823486,0.19863392412662506
2017-01-27,extended,252,expanding,0.2568880319595337,0.19263334572315216
2017-01-30,extended,252,expanding,0.4480785131454468,0.4319036602973938
2017-01-31,extended,252,expanding,0.41373762488365173,0.34026414155960083
2017-02-01,extended,252,expanding,0.45366063714027405,0.4589731693267822
2017-02-02,extended,252,expanding,0.40195223689079285,0.42032545804977417
2017-02-03,extended,252,expanding,0.2836639881134033,0.3619794249534607
2017-02-06,extended,252,expanding,0.24994990229606628,0.2894969582557678
2017-02-07,extended,252,expanding,0.2756151556968689,0.35618025064468384
2017-02-08,extended,252,expanding,0.3489532768726349,0.3215647339820862
2017-02-09,extended,252,expanding,0.25159740447998047,0.36754560470581055
2017-02-10,extended,252,expanding,0.21658344566822052,0.25984907150268555
2017-02-13,extended,252,expanding,0.22174997627735138,0.23933075368404388
2017-02-14,extended,252,expanding,0.3285106420516968,0.3488185405731201
2017-02-15,extended,252,expanding,0.3014621436595917,0.43742167949676514
2017-02-16,extended,252,expanding,0.4711402356624603,0.32308143377304077
2017-02-17,extended,252,expanding,0.28547823429107666,0.35998302698135376
2017-02-21,extended,252,expanding,0.3339502215385437,0.337166965007782
2017-02-22,extended,252,expanding,0.26277434825897217,0.27851057052612305
2017-02-23,extended,252,expanding,0.3267427682876587,0.37606871128082275
2017-02-24,extended,252,expanding,0.38533371686935425,0.3989429473876953
2017-02-27,extended,252,expanding,0.28920838236808777,0.3194565176963806
2017-02-28,extended,252,expanding,0.2856677174568176,0.3177439570426941
2017-03-01,extended,252,expanding,0.377248615026474,0.38181179761886597
2017-03-02,extended,252,expanding,0.38693761825561523,0.3080464005470276
2017-03-03,extended,252,expanding,0.31391921639442444,0.20543646812438965
2017-03-06,extended,252,expanding,0.305844247341156,0.32782191038131714
2017-03-07,extended,252,expanding,0.30975478887557983,0.2844032645225525
2017-03-08,extended,252,expanding,0.3364221751689911,0.3759607672691345
2017-03-09,extended,252,expanding,0.349087119102478,0.3152819275856018
2017-03-10,extended,252,expanding,0.37227576971054077,0.30085819959640503
2017-03-13,extended,252,expanding,0.2337055802345276,0.19905665516853333
2017-03-14,extended,252,expanding,0.37985166907310486,0.2941383719444275
2017-03-15,extended,252,expanding,0.42964404821395874,0.45920783281326294
2017-03-16,extended,252,expanding,0.32268214225769043,0.3474240005016327
2017-03-17,extended,252,expanding,0.2527070939540863,0.19956955313682556
2017-03-20,extended,252,expanding,0.3469682037830353,0.2870344817638397
2017-03-21,extended,252,expanding,0.6479567885398865,0.7846887111663818
2017-03-22,extended,252,expanding,0.5360957384109497,0.39696836471557617
2017-03-23,extended,252,expanding,0.5107344388961792,0.4673568904399872
2017-03-24,extended,252,expanding,0.5062916874885559,0.4686802327632904
2017-03-27,extended,252,expanding,0.4787888824939728,0.5368267893791199
2017-03-28,extended,252,expanding,0.4661623537540436,0.5303460955619812
2017-03-29,extended,252,expanding,0.3232223391532898,0.3028835356235504
2017-03-30,extended,252,expanding,0.2998308837413788,0.29465553164482117
2017-03-31,extended,252,expanding,0.3427317142486572,0.25614652037620544
2017-04-03,extended,252,expanding,0.49364250898361206,0.45096904039382935
2017-04-04,extended,252,expanding,0.3619523346424103,0.3435242176055908
2017-04-05,extended,252,expanding,0.6213233470916748,0.5291522145271301
2017-04-06,extended,252,expanding,0.5119221210479736,0.4099538326263428
2017-04-07,extended,252,expanding,0.44955167174339294,0.4291529357433319
2017-04-10,extended,252,expanding,0.4825155735015869,0.38259372115135193
2017-04-11,extended,252,expanding,0.5633184313774109,0.5418442487716675
2017-04-12,extended,252,expanding,0.4779595732688904,0.42327380180358887
2017-04-13,extended,252,expanding,0.48874613642692566,0.5512816905975342
2017-04-17,extended,252,expanding,0.3559204041957855,0.44597914814949036
2017-04-18,extended,252,expanding,0.42907586693763733,0.5003955960273743
2017-04-19,extended,252,expanding,0.36144882440567017,0.4864259958267212
2017-04-20,extended,252,expanding,0.35535743832588196,0.42507198452949524
2017-04-21,extended,252,expanding,0.3804391920566559,0.35737624764442444
2017-04-24,extended,252,expanding,0.29089903831481934,0.24242345988750458
2017-04-25,extended,252,expanding,0.26883623003959656,0.233862042427063
2017-04-26,extended,252,expanding,0.47160688042640686,0.3156883120536804
2017-04-27,extended,252,expanding,0.3280641734600067,0.2517869770526886
2017-04-28,extended,252,expanding,0.29768356680870056,0.2836695909500122
2017-05-01,extended,252,expanding,0.2744441032409668,0.26558101177215576
2017-05-02,extended,252,expanding,0.24161285161972046,0.257072389125824
2017-05-03,extended,252,expanding,0.2866865396499634,0.26805734634399414
2017-05-04,extended,252,expanding,0.3698002099990845,0.3056028485298157
2017-05-05,extended,252,expanding,0.2362615019083023,0.2369297444820404
2017-05-08,extended,252,expanding,0.2636096775531769,0.2628296911716461
2017-05-09,extended,252,expanding,0.2550305724143982,0.31618621945381165
2017-05-10,extended,252,expanding,0.2191449999809265,0.25894641876220703
2017-05-11,extended,252,expanding,0.34043386578559875,0.3126828372478485
2017-05-12,extended,252,expanding,0.2339843213558197,0.19130854308605194
2017-05-15,extended,252,expanding,0.234304741024971,0.31530141830444336
2017-05-16,extended,252,expanding,0.2754415273666382,0.32593193650245667
2017-05-17,extended,252,expanding,0.5703036785125732,0.543333888053894
2017-05-18,extended,252,expanding,0.6583026647567749,0.4906311631202698
2017-05-19,extended,252,expanding,0.366624653339386,0.4567927420139313
2017-05-22,extended,252,expanding,0.25279611349105835,0.31973087787628174
2017-05-23,extended,252,expanding,0.23059110343456268,0.2666306793689728
2017-05-24,extended,252,expanding,0.22190330922603607,0.21116256713867188
2017-05-25,extended,252,expanding,0.29225000739097595,0.22822077572345734
2017-05-26,extended,252,expanding,0.19085313379764557,0.1891014277935028
2017-05-30,extended,252,expanding,0.20878863334655762,0.22514183819293976
2017-05-31,extended,252,expanding,0.38006359338760376,0.28388991951942444
2017-06-01,extended,252,expanding,0.2832896113395691,0.3324779272079468
2017-06-02,extended,252,expanding,0.26777559518814087,0.21308152377605438
2017-06-05,extended,252,expanding,0.21972046792507172,0.1967131793498993
2017-06-06,extended,252,expanding,0.29198187589645386,0.31061214208602905
2017-06-07,extended,252,expanding,0.2931000292301178,0.2837009131908417
2017-06-08,extended,252,expanding,0.36013472080230713,0.22180399298667908
2017-06-09,extended,252,expanding,0.5997708439826965,0.5418314933776855
2017-06-12,extended,252,expanding,0.4464995563030243,0.27468904852867126
2017-06-13,extended,252,expanding,0.2831891179084778,0.3408522307872772
2017-06-14,extended,252,expanding,0.452065646648407,0.41012126207351685
2017-06-15,extended,252,expanding,0.40803006291389465,0.37716150283813477
2017-06-16,extended,252,expanding,0.33470094203948975,0.2909577786922455
2017-06-19,extended,252,expanding,0.24239997565746307,0.2519384026527405
2017-06-20,extended,252,expanding,0.31976082921028137,0.39627259969711304
2017-06-21,extended,252,expanding,0.35946547985076904,0.35218220949172974
2017-06-22,extended,252,expanding,0.2689540386199951,0.23337748646736145
2017-06-23,extended,252,expanding,0.2873464822769165,0.3033323884010315
2017-06-26,extended,252,expanding,0.3764224648475647,0.32586178183555603
2017-06-27,extended,252,expanding,0.4419737458229065,0.5356032252311707
2017-06-28,extended,252,expanding,0.4040771722793579,0.3390744626522064
2017-06-29,extended,252,expanding,0.6913115382194519,0.5646129250526428
2017-06-30,extended,252,expanding,0.438387393951416,0.38069576025009155
2017-07-03,extended,252,expanding,0.3407587707042694,0.3232158124446869
2017-07-05,extended,252,expanding,0.34755653142929077,0.32292795181274414
2017-07-06,extended,252,expanding,0.4471803903579712,0.405570924282074
2017-07-07,extended,252,expanding,0.3036389648914337,0.26774269342422485
2017-07-10,extended,252,expanding,0.2508412003517151,0.328978955745697
2017-07-11,extended,252,expanding,0.4518721401691437,0.475437730550766
2017-07-12,extended,252,expanding,0.31362855434417725,0.2303759604692459
2017-07-13,extended,252,expanding,0.21801908314228058,0.18857507407665253
2017-07-14,extended,252,expanding,0.21768583357334137,0.3097885549068451
2017-07-17,extended,252,expanding,0.17704883217811584,0.2667906582355499
2017-07-18,extended,252,expanding,0.29776206612586975,0.32272812724113464
2017-07-19,extended,252,expanding,0.1982658952474594,0.23066972196102142
2017-07-20,extended,252,expanding,0.2855852246284485,0.19137802720069885
2017-07-21,extended,252,expanding,0.21564951539039612,0.2146080881357193
2017-07-24,extended,252,expanding,0.18798159062862396,0.26978638768196106
2017-07-25,extended,252,expanding,0.198478102684021,0.22590476274490356
2017-07-26,extended,252,expanding,0.2417433112859726,0.21423418819904327
2017-07-27,extended,252,expanding,0.5124894380569458,0.46444109082221985
2017-07-28,extended,252,expanding,0.27705153822898865,0.32761889696121216
2017-07-31,extended,252,expanding,0.27641624212265015,0.25162261724472046
2017-08-01,extended,252,expanding,0.26178157329559326,0.2719874382019043
2017-08-02,extended,252,expanding,0.36391228437423706,0.30057549476623535
2017-08-03,extended,252,expanding,0.2669261693954468,0.2207735925912857
2017-08-04,extended,252,expanding,0.27783048152923584,0.32516491413116455
2017-08-07,extended,252,expanding,0.1396302729845047,0.299180805683136
2017-08-08,extended,252,expanding,0.32645314931869507,0.4711834490299225
2017-08-09,extended,252,expanding,0.42734795808792114,0.3819136321544647
2017-08-10,extended,252,expanding,0.5539331436157227,0.6063929200172424
2017-08-11,extended,252,expanding,0.40293288230895996,0.3126443326473236
2017-08-14,extended,252,expanding,0.3197154700756073,0.3850833475589752
2017-08-15,extended,252,expanding,0.2756270468235016,0.33900171518325806
2017-08-16,extended,252,expanding,0.3098800778388977,0.3993697166442871
2017-08-17,extended,252,expanding,0.5666921734809875,0.640048623085022
2017-08-18,extended,252,expanding,0.5396871566772461,0.5355708599090576
2017-08-21,extended,252,expanding,0.3802880346775055,0.4832335412502289
2017-08-22,extended,252,expanding,0.3325574994087219,0.4276900887489319
2017-08-23,extended,252,expanding,0.33482450246810913,0.40735694766044617
2017-08-24,extended,252,expanding,0.4081401824951172,0.44206395745277405
2017-08-25,extended,252,expanding,0.35221168398857117,0.34671396017074585
2017-08-28,extended,252,expanding,0.27280107140541077,0.40148890018463135
2017-08-29,extended,252,expanding,0.3023466169834137,0.4580630958080292
2017-08-30,extended,252,expanding,0.28190580010414124,0.39518311619758606
2017-08-31,extended,252,expanding,0.28774911165237427,0.31619152426719666
2017-09-01,extended,252,expanding,0.2610171437263489,0.19035182893276215
2017-09-05,extended,252,expanding,0.5872742533683777,0.5122478008270264
2017-09-06,extended,252,expanding,0.268234521150589,0.2915096879005432
2017-09-07,extended,252,expanding,0.3488328754901886,0.28665563464164734
2017-09-08,extended,252,expanding,0.26214608550071716,0.26747551560401917
2017-09-11,extended,252,expanding,0.27913767099380493,0.29966026544570923
2017-09-12,extended,252,expanding,0.21457931399345398,0.1674676090478897
2017-09-13,extended,252,expanding,0.18590152263641357,0.2507063150405884
2017-09-14,extended,252,expanding,0.2049117535352707,0.19445884227752686
2017-09-15,extended,252,expanding,0.1887010931968689,0.19478492438793182
2017-09-18,extended,252,expanding,0.22692590951919556,0.19520249962806702
2017-09-19,extended,252,expanding,0.20944732427597046,0.17681148648262024
2017-09-20,extended,252,expanding,0.3194049298763275,0.3049023747444153
2017-09-21,extended,252,expanding,0.27827996015548706,0.20605464279651642
2017-09-22,extended,252,expanding,0.18659909069538116,0.2064628303050995
2017-09-25,extended,252,expanding,0.3676814138889313,0.3941187560558319
2017-09-26,extended,252,expanding,0.2561092972755432,0.23405681550502777
2017-09-27,extended,252,expanding,0.3316907584667206,0.29353344440460205
2017-09-28,extended,252,expanding,0.22696463763713837,0.20266641676425934
2017-09-29,extended,252,expanding,0.2212851494550705,0.18931806087493896
2017-10-02,extended,252,expanding,0.23387622833251953,0.2545880973339081
2017-10-03,extended,252,expanding,0.20675358176231384,0.21307682991027832
2017-10-04,extended,252,expanding,0.22618231177330017,0.23307505249977112
2017-10-05,extended,252,expanding,0.2003074586391449,0.25883498787879944
2017-10-06,extended,252,expanding,0.21610863506793976,0.20481355488300323
2017-10-09,extended,252,expanding,0.19429978728294373,0.27715662121772766
2017-10-10,extended,252,expanding,0.2679659426212311,0.2902551591396332
2017-10-11,extended,252,expanding,0.18613363802433014,0.20714357495307922
2017-10-12,extended,252,expanding,0.19867780804634094,0.19763042032718658
2017-10-13,extended,252,expanding,0.18884645402431488,0.19937896728515625
2017-10-16,extended,252,expanding,0.1969553828239441,0.24600796401500702
2017-10-17,extended,252,expanding,0.15306545794010162,0.19851751625537872
2017-10-18,extended,252,expanding,0.1756894290447235,0.19923032820224762
2017-10-19,extended,252,expanding,0.23393860459327698,0.26896151900291443
2017-10-20,extended,252,expanding,0.20694197714328766,0.21000196039676666
2017-10-23,extended,252,expanding,0.2227243334054947,0.3156333565711975
2017-10-24,extended,252,expanding,0.25207167863845825,0.2153816670179367
2017-10-25,extended,252,expanding,0.469613641500473,0.40685462951660156
2017-10-26,extended,252,expanding,0.3526957333087921,0.3038143217563629
2017-10-27,extended,252,expanding,0.3585015535354614,0.34067076444625854
2017-10-30,extended,252,expanding,0.3192252218723297,0.30928102135658264
2017-10-31,extended,252,expanding,0.19606314599514008,0.1868327558040619
2017-11-01,extended,252,expanding,0.3145422637462616,0.26428699493408203
2017-11-02,extended,252,expanding,0.4012853801250458,0.2539535462856293
2017-11-03,extended,252,expanding,0.21144944429397583,0.26232296228408813
2017-11-06,extended,252,expanding,0.1756441593170166,0.2594660818576813
2017-11-07,extended,252,expanding,0.2885470390319824,0.2858041226863861
2017-11-08,extended,252,expanding,0.2377471625804901,0.21251210570335388
2017-11-09,extended,252,expanding,0.5260649919509888,0.38853099942207336
2017-11-10,extended,252,expanding,0.2622299790382385,0.22510457038879395
2017-11-13,extended,252,expanding,0.21883928775787354,0.30644071102142334
2017-11-14,extended,252,expanding,0.4390322268009186,0.40630456805229187
2017-11-15,extended,252,expanding,0.472497820854187,0.3806772232055664
2017-11-16,extended,252,expanding,0.28375008702278137,0.3628479540348053
2017-11-17,extended,252,expanding,0.2333579659461975,0.2928410768508911
2017-11-20,extended,252,expanding,0.21441274881362915,0.2816268801689148
2017-11-21,extended,252,expanding,0.21939651668071747,0.24842244386672974
2017-11-22,extended,252,expanding,0.16789111495018005,0.2681083381175995
2017-11-24,extended,252,expanding,0.11036571860313416,0.124234639108181
2017-11-27,extended,252,expanding,0.21591709554195404,0.22158917784690857
2017-11-28,extended,252,expanding,0.332401305437088,0.3870616853237152
2017-11-29,extended,252,expanding,0.40184885263442993,0.3175196051597595
2017-11-30,extended,252,expanding,0.5227156281471252,0.3474230170249939
2017-12-01,extended,252,expanding,0.9422593116760254,0.7104184627532959
2017-12-04,extended,252,expanding,0.47601592540740967,0.47609174251556396
2017-12-05,extended,252,expanding,0.40449535846710205,0.4566102921962738
2017-12-06,extended,252,expanding,0.36108317971229553,0.32064759731292725
2017-12-07,extended,252,expanding,0.2985341250896454,0.36055007576942444
2017-12-08,extended,252,expanding,0.2675434947013855,0.2122267335653305
2017-12-11,extended,252,expanding,0.2507210671901703,0.22261005640029907
2017-12-12,extended,252,expanding,0.25566771626472473,0.2729283273220062
2017-12-13,extended,252,expanding,0.34856224060058594,0.3299458622932434
2017-12-14,extended,252,expanding,0.34134772419929504,0.28656676411628723
2017-12-15,extended,252,expanding,0.3541978597640991,0.364992618560791
2017-12-18,extended,252,expanding,0.2906266152858734,0.2918800115585327
2017-12-19,extended,252,expanding,0.2915348410606384,0.33808523416519165
2017-12-20,extended,252,expanding,0.36737746000289917,0.29058292508125305
2017-12-21,extended,252,expanding,0.28333720564842224,0.19798888266086578
2017-12-22,extended,252,expanding,0.2097993791103363,0.26523780822753906
2017-12-26,extended,252,expanding,0.1740947812795639,0.2613825798034668
2017-12-27,extended,252,expanding,0.16462063789367676,0.1762854903936386
2017-12-28,extended,252,expanding,0.1265108734369278,0.15297944843769073
2017-12-29,extended,252,expanding,0.2589125633239746,0.29642370343208313
2018-01-02,extended,252,expanding,0.25719547271728516,0.276950865983963
2018-01-03,extended,252,expanding,0.2391333281993866,0.2582680881023407
2018-01-04,extended,252,expanding,0.27034327387809753,0.134629487991333
2018-01-05,extended,252,expanding,0.28086626529693604,0.145494282245636
2018-01-08,extended,252,expanding,0.24695022404193878,0.18285104632377625
2018-01-09,extended,252,expanding,0.32538437843322754,0.2616402804851532
2018-01-10,extended,252,expanding,0.3415842354297638,0.2592262625694275
2018-01-11,extended,252,expanding,0.2641451954841614,0.19564303755760193
2018-01-12,extended,252,expanding,0.3210194706916809,0.298828125
2018-01-16,extended,252,expanding,0.563125491142273,0.6269243955612183
2018-01-17,extended,252,expanding,0.4180128276348114,0.40018633008003235
2018-01-18,extended,252,expanding,0.46273958683013916,0.23323222994804382
2018-01-19,extended,252,expanding,0.35955312848091125,0.1958526223897934
2018-01-22,extended,252,expanding,0.351593017578125,0.3587089478969574
2018-01-23,extended,252,expanding,0.3242871165275574,0.29537513852119446
2018-01-24,extended,252,expanding,0.6133341789245605,0.5556110143661499
2018-01-25,extended,252,expanding,0.5513340830802917,0.2470034807920456
2018-01-26,extended,252,expanding,0.30169710516929626,0.4402623474597931
2018-01-29,extended,252,expanding,0.4727512300014496,0.35135138034820557
2018-01-30,extended,252,expanding,0.5910142064094543,0.2931038737297058
2018-01-31,extended,252,expanding,0.5719858407974243,0.3608162999153137
2018-02-01,extended,252,expanding,0.5780919790267944,0.3623819053173065
2018-02-02,extended,252,expanding,0.8375901579856873,0.6670901775360107
2018-02-05,extended,252,expanding,2.1334946155548096,1.4515366554260254
2018-02-06,extended,252,expanding,2.579169988632202,1.989056944847107
2018-02-07,extended,252,expanding,1.404337763786316,1.3464040756225586
2018-02-08,extended,252,expanding,1.9079525470733643,1.4352682828903198
2018-02-09,extended,252,expanding,2.5284788608551025,2.047487497329712
2018-02-12,extended,252,expanding,1.2879538536071777,1.1481566429138184
2018-02-13,extended,252,expanding,0.8434237837791443,0.7613221406936646
2018-02-14,extended,252,expanding,0.9949487447738647,0.8925146460533142
2018-02-15,extended,252,expanding,0.857620358467102,0.7394683957099915
2018-02-16,extended,252,expanding,0.8491882085800171,0.5478378534317017
2018-02-20,extended,252,expanding,0.7607020139694214,0.5967370271682739
2018-02-21,extended,252,expanding,0.8796559572219849,0.7689998745918274
2018-02-22,extended,252,expanding,0.982450544834137,0.607024610042572
2018-02-23,extended,252,expanding,0.6561958193778992,0.6972398161888123
2018-02-26,extended,252,expanding,0.5585577487945557,0.4895358383655548
2018-02-27,extended,252,expanding,0.8954675793647766,0.6794759035110474
2018-02-28,extended,252,expanding,0.8766345977783203,0.8175047039985657
2018-03-01,extended,252,expanding,1.5348745584487915,1.0785484313964844
2018-03-02,extended,252,expanding,1.091001272201538,0.8459845185279846
2018-03-05,extended,252,expanding,0.7670683860778809,0.8744251132011414
2018-03-06,extended,252,expanding,0.6781601309776306,0.40145212411880493
2018-03-07,extended,252,expanding,0.6853549480438232,0.5542157888412476
2018-03-08,extended,252,expanding,0.6589736342430115,0.405406653881073
2018-03-09,extended,252,expanding,0.3784139156341553,0.5068122148513794
2018-03-12,extended,252,expanding,0.5329153537750244,0.32135674357414246
2018-03-13,extended,252,expanding,0.7008094787597656,0.6405687928199768
2018-03-14,extended,252,expanding,0.812177300453186,0.4905772805213928
2018-03-15,extended,252,expanding,0.5429506897926331,0.3930862843990326
2018-03-16,extended,252,expanding,0.43193814158439636,0.30872973799705505
2018-03-19,extended,252,expanding,0.7954359650611877,0.6604863405227661
2018-03-20,extended,252,expanding,0.5796181559562683,0.4425103962421417
2018-03-21,extended,252,expanding,0.7872107028961182,0.5541816353797913
2018-03-22,extended,252,expanding,1.071126937866211,0.8723161220550537
2018-03-23,extended,252,expanding,1.2426462173461914,1.1156312227249146
2018-03-26,extended,252,expanding,1.1403673887252808,1.4309781789779663
2018-03-27,extended,252,expanding,1.3287451267242432,1.4333306550979614
2018-03-28,extended,252,expanding,1.639723300933838,1.2433935403823853
2018-03-29,extended,252,expanding,0.9809083342552185,1.1698912382125854
2018-04-02,extended,252,expanding,1.3223576545715332,1.646048903465271
2018-04-03,extended,252,expanding,1.3373339176177979,1.1167646646499634
2018-04-04,extended,252,expanding,1.143849492073059,1.5668402910232544
2018-04-05,extended,252,expanding,0.9285606741905212,0.5664202570915222
2018-04-06,extended,252,expanding,1.1584303379058838,1.370508074760437
2018-04-09,extended,252,expanding,0.8719894289970398,0.9907688498497009
2018-04-10,extended,252,expanding,1.0520451068878174,0.7664721608161926
2018-04-11,extended,252,expanding,0.8680610656738281,0.7082239389419556
2018-04-12,extended,252,expanding,0.7068662047386169,0.5978512763977051
2018-04-13,extended,252,expanding,0.7889988422393799,0.7766891121864319
2018-04-16,extended,252,expanding,0.5640756487846375,0.5186309218406677
2018-04-17,extended,252,expanding,0.4062032103538513,0.4599517285823822
2018-04-18,extended,252,expanding,0.4752669334411621,0.3438020646572113
2018-04-19,extended,252,expanding,0.6005023717880249,0.4776754677295685
2018-04-20,extended,252,expanding,0.7222591042518616,0.6593273878097534
2018-04-23,extended,252,expanding,0.6041501760482788,0.5318273901939392
2018-04-24,extended,252,expanding,1.1863954067230225,1.1921073198318481
2018-04-25,extended,252,expanding,1.002812147140503,0.7539229393005371
2018-04-26,extended,252,expanding,0.6151542067527771,0.6912667155265808
2018-04-27,extended,252,expanding,0.5787578821182251,0.43181467056274414
2018-04-30,extended,252,expanding,0.6815624833106995,0.7369616627693176
2018-05-01,extended,252,expanding,0.6890027523040771,0.6406142115592957
2018-05-02,extended,252,expanding,0.6919511556625366,0.6830047965049744
2018-05-03,extended,252,expanding,1.0050013065338135,0.8750543594360352
2018-05-04,extended,252,expanding,0.6681065559387207,1.0615986585617065
2018-05-07,extended,252,expanding,0.5244778394699097,0.40218019485473633
2018-05-08,extended,252,expanding,0.6726407408714294,0.467185914516449
2018-05-09,extended,252,expanding,0.5446033477783203,0.5707506537437439
2018-05-10,extended,252,expanding,0.44842496514320374,0.4824545979499817
2018-05-11,extended,252,expanding,0.45406439900398254,0.3039970397949219
2018-05-14,extended,252,expanding,0.437887579202652,0.317219078540802
2018-05-15,extended,252,expanding,0.6276284456253052,0.3943101763725281
2018-05-16,extended,252,expanding,0.40248987078666687,0.340876042842865
2018-05-17,extended,252,expanding,0.44504034519195557,0.44394606351852417
2018-05-18,extended,252,expanding,0.4612334668636322,0.2846153974533081
2018-05-21,extended,252,expanding,0.5162333846092224,0.2832197844982147
2018-05-22,extended,252,expanding,0.3770540654659271,0.43926292657852173
2018-05-23,extended,252,expanding,0.5340638160705566,0.441322922706604
2018-05-24,extended,252,expanding,0.5723243951797485,0.5357353091239929
2018-05-25,extended,252,expanding,0.40245509147644043,0.35566985607147217
2018-05-29,extended,252,expanding,0.7598915100097656,0.6328798532485962
2018-05-30,extended,252,expanding,0.4607102572917938,0.704310417175293
2018-05-31,extended,252,expanding,0.632694661617279,0.49014735221862793
2018-06-01,extended,252,expanding,0.4482681453227997,0.36980384588241577
2018-06-04,extended,252,expanding,0.3107287883758545,0.28354787826538086
2018-06-05,extended,252,expanding,0.4015713632106781,0.3722410798072815
2018-06-06,extended,252,expanding,0.38857004046440125,0.43986862897872925
2018-06-07,extended,252,expanding,0.5433858633041382,0.44389772415161133
2018-06-08,extended,252,expanding,0.36156541109085083,0.3346173167228699
2018-06-11,extended,252,expanding,0.2741956114768982,0.31544172763824463
2018-06-12,extended,252,expanding,0.29102885723114014,0.2738040089607239
2018-06-13,extended,252,expanding,0.41145262122154236,0.3781501054763794
2018-06-14,extended,252,expanding,0.3348427414894104,0.38267773389816284
2018-06-15,extended,252,expanding,0.5051054358482361,0.4470502734184265
2018-06-18,extended,252,expanding,0.45607635378837585,0.45799118280410767
2018-06-19,extended,252,expanding,0.4644145965576172,0.46765249967575073
2018-06-20,extended,252,expanding,0.28303611278533936,0.4439176619052887
2018-06-21,extended,252,expanding,0.5510256886482239,0.5127449631690979
2018-06-22,extended,252,expanding,0.3907091021537781,0.4234043061733246
2018-06-25,extended,252,expanding,0.9079411625862122,0.6832646727561951
2018-06-26,extended,252,expanding,0.5384148359298706,0.539116382598877
2018-06-27,extended,252,expanding,0.8615435361862183,0.9218162894248962
2018-06-28,extended,252,expanding,0.7607877850532532,0.6853082180023193
2018-06-29,extended,252,expanding,0.4975632429122925,0.6501676440238953
2018-07-02,extended,252,expanding,0.622246265411377,0.5113471746444702
2018-07-03,extended,252,expanding,0.3767855167388916,0.6495738625526428
2018-07-05,extended,252,expanding,0.5331748127937317,0.44403016567230225
2018-07-06,extended,252,expanding,0.47719353437423706,0.541743814945221
2018-07-09,extended,252,expanding,0.3321104347705841,0.3012239933013916
2018-07-10,extended,252,expanding,0.33783769607543945,0.21904824674129486
2018-07-11,extended,252,expanding,0.44071194529533386,0.4410512447357178
2018-07-12,extended,252,expanding,0.4066295921802521,0.3447940945625305
2018-07-13,extended,252,expanding,0.30671635270118713,0.22482933104038239
2018-07-16,extended,252,expanding,0.30701136589050293,0.3135145604610443
2018-07-17,extended,252,expanding,0.350209504365921,0.4097241759300232
2018-07-18,extended,252,expanding,0.24477341771125793,0.25572633743286133
2018-07-19,extended,252,expanding,0.392339289188385,0.27493545413017273
2018-07-20,extended,252,expanding,0.30862411856651306,0.2868289649486542
2018-07-24,extended,252,expanding,0.4598580300807953,0.29641157388687134
2018-07-25,extended,252,expanding,0.46678847074508667,0.6212491989135742
2018-07-26,extended,252,expanding,0.3454607427120209,0.29625749588012695
2018-07-27,extended,252,expanding,0.5538758039474487,0.4993070363998413
2018-07-30,extended,252,expanding,0.5101690292358398,0.4950564503669739
2018-07-31,extended,252,expanding,0.4386136531829834,0.3821288049221039
2018-08-01,extended,252,expanding,0.34442010521888733,0.4675663411617279
2018-08-02,extended,252,expanding,0.37689298391342163,0.6300776600837708
2018-08-03,extended,252,expanding,0.30071821808815,0.28892168402671814
2018-08-06,extended,252,expanding,0.2628695070743561,0.3495146632194519
2018-08-07,extended,252,expanding,0.2995876967906952,0.3216608166694641
2018-08-08,extended,252,expanding,0.2761630713939667,0.31106260418891907
2018-08-09,extended,252,expanding,0.2743910849094391,0.2531925141811371
2018-08-10,extended,252,expanding,0.4782765805721283,0.380176842212677
2018-08-13,extended,252,expanding,0.5069187879562378,0.3822985887527466
2018-08-14,extended,252,expanding,0.42172709107398987,0.3937942683696747
2018-08-15,extended,252,expanding,0.670335590839386,0.5679675340652466
2018-08-16,extended,252,expanding,0.40460681915283203,0.42940661311149597
2018-08-17,extended,252,expanding,0.41838735342025757,0.4540131092071533
2018-08-20,extended,252,expanding,0.28990715742111206,0.320544958114624
2018-08-21,extended,252,expanding,0.299259215593338,0.4218040406703949
2018-08-22,extended,252,expanding,0.3138015866279602,0.3407048285007477
2018-08-23,extended,252,expanding,0.3584616482257843,0.3423767387866974
2018-08-24,extended,252,expanding,0.2962871491909027,0.3904702365398407
2018-08-27,extended,252,expanding,0.2930699288845062,0.30575883388519287
2018-08-28,extended,252,expanding,0.30566510558128357,0.2765920162200928
2018-08-29,extended,252,expanding,0.2594495415687561,0.43072274327278137
2018-08-30,extended,252,expanding,0.44833794236183167,0.2781812846660614
2018-08-31,extended,252,expanding,0.3859144449234009,0.3226151466369629
2018-09-04,extended,252,expanding,0.48069384694099426,0.3184763491153717
2018-09-05,extended,252,expanding,0.5920611619949341,0.408143013715744
2018-09-06,extended,252,expanding,0.5906903147697449,0.47324511408805847
2018-09-07,extended,252,expanding,0.6175907254219055,0.398070752620697
2018-09-10,extended,252,expanding,0.32056400179862976,0.356170117855072
2018-09-11,extended,252,expanding,0.38368093967437744,0.5650101900100708
2018-09-12,extended,252,expanding,0.49884432554244995,0.39340493083000183
2018-09-13,extended,252,expanding,0.35673806071281433,0.25377097725868225
2018-09-14,extended,252,expanding,0.3571789264678955,0.2871653735637665
2018-09-17,extended,252,expanding,0.29021525382995605,0.4355146884918213
2018-09-18,extended,252,expanding,0.37742602825164795,0.29479190707206726
2018-09-19,extended,252,expanding,0.3261069655418396,0.2393917292356491
2018-09-20,extended,252,expanding,0.2882997393608093,0.26437148451805115
2018-09-21,extended,252,expanding,0.26033905148506165,0.17339108884334564
2018-09-24,extended,252,expanding,0.33471453189849854,0.2318510115146637
2018-09-25,extended,252,expanding,0.28322121500968933,0.2079700082540512
2018-09-26,extended,252,expanding,0.4872455298900604,0.3290800154209137
2018-09-27,extended,252,expanding,0.31215161085128784,0.316401869058609
2018-09-28,extended,252,expanding,0.3414154350757599,0.23786188662052155
2018-10-01,extended,252,expanding,0.3524417281150818,0.29599055647850037
2018-10-02,extended,252,expanding,0.3973557651042938,0.2498033195734024
2018-10-03,extended,252,expanding,0.4013533592224121,0.28162291646003723
2018-10-04,extended,252,expanding,0.6643069982528687,0.4786528944969177
2018-10-05,extended,252,expanding,0.6507703065872192,0.5627265572547913
2018-10-08,extended,252,expanding,0.6626729369163513,0.3819143772125244
2018-10-09,extended,252,expanding,0.6490383744239807,0.4074490964412689
2018-10-10,extended,252,expanding,1.2177910804748535,1.4628335237503052
2018-10-11,extended,252,expanding,1.9543243646621704,1.5723804235458374
2018-10-12,extended,252,expanding,1.4076210260391235,1.1267237663269043
2018-10-15,extended,252,expanding,0.8860245943069458,0.8988965153694153
2018-10-16,extended,252,expanding,0.6799200177192688,1.055846929550171
2018-10-17,extended,252,expanding,1.0294368267059326,0.816642701625824
2018-10-18,extended,252,expanding,1.1210793256759644,1.1191073656082153
2018-10-19,extended,252,expanding,0.9384655356407166,0.8488892316818237
2018-10-22,extended,252,expanding,0.9413435459136963,0.6641468405723572
2018-10-23,extended,252,expanding,1.1342304944992065,1.5078455209732056
2018-10-24,extended,252,expanding,1.3328379392623901,1.642297625541687
2018-10-25,extended,252,expanding,1.0052441358566284,1.4763940572738647
2018-10-26,extended,252,expanding,1.794838309288025,1.591723084449768
2018-10-29,extended,252,expanding,1.738034725189209,2.667497158050537
2018-10-30,extended,252,expanding,1.539250135421753,1.4649063348770142
2018-10-31,extended,252,expanding,0.9092718362808228,0.9989166855812073
2018-11-01,extended,252,expanding,0.8322470188140869,0.9934030771255493
2018-11-02,extended,252,expanding,1.2750682830810547,1.1555660963058472
2018-11-05,extended,252,expanding,0.5938044786453247,0.697077751159668
2018-11-06,extended,252,expanding,0.6082685589790344,0.6774184107780457
2018-11-07,extended,252,expanding,0.6388793587684631,0.8026567101478577
2018-11-08,extended,252,expanding,0.6680996417999268,0.573788046836853
2018-11-09,extended,252,expanding,0.7428414821624756,0.7023184895515442
2018-11-12,extended,252,expanding,0.9620618224143982,0.8272200226783752
2018-11-13,extended,252,expanding,1.2956187725067139,1.0655239820480347
2018-11-14,extended,252,expanding,1.1310672760009766,1.4503329992294312
2018-11-15,extended,252,expanding,1.3653268814086914,1.0658385753631592
2018-11-16,extended,252,expanding,0.9045296311378479,0.8841046690940857
2018-11-19,extended,252,expanding,1.0724596977233887,0.9357704520225525
2018-11-20,extended,252,expanding,1.3623071908950806,1.067903757095337
2018-11-21,extended,252,expanding,0.6101160049438477,0.7285789251327515
2018-11-23,extended,252,expanding,0.5092489719390869,0.8103755712509155
2018-11-26,extended,252,expanding,0.7374189496040344,0.6365903615951538
2018-11-27,extended,252,expanding,0.7982913255691528,0.6272980570793152
2018-11-28,extended,252,expanding,0.9434499144554138,1.1409530639648438
2018-11-29,extended,252,expanding,0.6756272315979004,0.591285765171051
2018-11-30,extended,252,expanding,0.5261071920394897,0.5715389847755432
2018-12-03,extended,252,expanding,0.8151037096977234,0.6701495051383972
2018-12-04,extended,252,expanding,1.1799900531768799,1.2244104146957397
2018-12-06,extended,252,expanding,1.5504341125488281,1.5016063451766968
2018-12-07,extended,252,expanding,1.5898981094360352,1.4133893251419067
2018-12-10,extended,252,expanding,1.7373623847961426,1.5101606845855713
2018-12-11,extended,252,expanding,1.28213632106781,1.2836405038833618
2018-12-12,extended,252,expanding,0.9634395837783813,1.066110372543335
2018-12-13,extended,252,expanding,1.0447652339935303,1.0980288982391357
2018-12-14,extended,252,expanding,1.04728364944458,1.0307164192199707
2018-12-17,extended,252,expanding,1.2297033071517944,1.591233730316162
2018-12-18,extended,252,expanding,1.2986133098602295,1.4224283695220947
2018-12-19,extended,252,expanding,2.5571506023406982,2.2693214416503906
2018-12-20,extended,252,expanding,2.0046980381011963,2.1352932453155518
2018-12-21,extended,252,expanding,1.8774447441101074,2.429108142852783
2018-12-24,extended,252,expanding,1.5034970045089722,2.0072977542877197
2018-12-26,extended,252,expanding,2.044049024581909,2.601417064666748
2018-12-27,extended,252,expanding,2.154985189437866,2.494786262512207
2018-12-28,extended,252,expanding,1.4510945081710815,1.5463025569915771
2018-12-31,extended,252,expanding,1.1217206716537476,1.1019153594970703
2019-01-02,extended,252,expanding,1.2916089296340942,1.4264702796936035
2019-01-03,extended,252,expanding,1.6084506511688232,1.4419182538986206
2019-01-04,extended,252,expanding,1.282686710357666,1.2517744302749634
2019-01-07,extended,252,expanding,0.8961573839187622,1.2336134910583496
2019-01-08,extended,252,expanding,1.025984764099121,0.8245977163314819
2019-01-09,extended,252,expanding,0.8832773566246033,0.8886487483978271
2019-01-10,extended,252,expanding,0.8057568073272705,0.9050394296646118
2019-01-11,extended,252,expanding,0.5889307260513306,0.7806615233421326
2019-01-14,extended,252,expanding,0.6399967670440674,0.7067907452583313
2019-01-15,extended,252,expanding,0.7307559847831726,0.7795054316520691
2019-01-16,extended,252,expanding,0.5263264179229736,0.6904643774032593
2019-01-17,extended,252,expanding,0.767708420753479,0.9149461984634399
2019-01-18,extended,252,expanding,0.633594274520874,0.6500360369682312
2019-01-22,extended,252,expanding,0.9370439648628235,0.8148172497749329
2019-01-23,extended,252,expanding,0.8119885325431824,1.0334041118621826
2019-01-24,extended,252,expanding,0.5718965530395508,0.7412627339363098
2019-01-25,extended,252,expanding,0.47438371181488037,0.6351293921470642
2019-01-28,extended,252,expanding,0.7882828712463379,0.5698363184928894
2019-01-29,extended,252,expanding,0.6052195429801941,0.7165092825889587
2019-01-30,extended,252,expanding,0.8665881156921387,0.9290400743484497
2019-01-31,extended,252,expanding,0.6442115902900696,0.7104153037071228
2019-02-01,extended,252,expanding,0.6480256915092468,0.5419395565986633
2019-02-04,extended,252,expanding,0.5007431507110596,0.5927076935768127
2019-02-05,extended,252,expanding,0.4210377335548401,0.45442673563957214
2019-02-06,extended,252,expanding,0.4585573375225067,0.5605714917182922
2019-02-07,extended,252,expanding,0.8123490810394287,0.7071617841720581
2019-02-08,extended,252,expanding,0.5737097263336182,0.664672315120697
2019-02-11,extended,252,expanding,0.5052937269210815,0.47989994287490845
2019-02-12,extended,252,expanding,0.45354849100112915,0.671160101890564
2019-02-13,extended,252,expanding,0.44447576999664307,0.4414142966270447
2019-02-14,extended,252,expanding,0.6654919385910034,0.6074572801589966
2019-02-15,extended,252,expanding,0.4551266133785248,0.5135064721107483
2019-02-19,extended,252,expanding,0.34569603204727173,0.6497710347175598
2019-02-20,extended,252,expanding,0.5014521479606628,0.47317269444465637
2019-02-21,extended,252,expanding,0.4766828715801239,0.47773483395576477
2019-02-22,extended,252,expanding,0.38043972849845886,0.44135767221450806
2019-02-25,extended,252,expanding,0.39038386940956116,0.44662055373191833
2019-02-26,extended,252,expanding,0.5142022967338562,0.4724386930465698
2019-02-27,extended,252,expanding,0.4799896776676178,0.5395704507827759
2019-02-28,extended,252,expanding,0.39384710788726807,0.427664190530777
2019-03-01,extended,252,expanding,0.49128231406211853,0.3498679995536804
2019-03-04,extended,252,expanding,0.7707260847091675,0.7355956435203552
2019-03-05,extended,252,expanding,0.49229854345321655,0.43662989139556885
2019-03-06,extended,252,expanding,0.5115445256233215,0.5445008277893066
2019-03-07,extended,252,expanding,0.6930190920829773,0.6074671745300293
2019-03-08,extended,252,expanding,0.7230079174041748,0.5773078799247742
2019-03-11,extended,252,expanding,0.43548154830932617,0.6668885946273804
2019-03-12,extended,252,expanding,0.46117103099823,0.4139105975627899
2019-03-13,extended,252,expanding,0.4200143814086914,0.5707544684410095
2019-03-14,extended,252,expanding,0.36421307921409607,0.34852275252342224
2019-03-15,extended,252,expanding,0.4221574366092682,0.3950175940990448
2019-03-18,extended,252,expanding,0.4234671890735626,0.34390053153038025
2019-03-19,extended,252,expanding,0.7005837559700012,0.48927199840545654
2019-03-20,extended,252,expanding,0.7935640811920166,0.6087791919708252
2019-03-21,extended,252,expanding,0.5187143087387085,0.6832209229469299
2019-03-22,extended,252,expanding,0.9328145384788513,0.7315379977226257
2019-03-25,extended,252,expanding,0.8673983812332153,0.5416904091835022
2019-03-26,extended,252,expanding,0.6736325025558472,0.6507646441459656
2019-03-27,extended,252,expanding,0.7458823919296265,0.7459446787834167
2019-03-28,extended,252,expanding,0.5232803821563721,0.5989595651626587
2019-03-29,extended,252,expanding,0.48601382970809937,0.48342713713645935
2019-04-01,extended,252,expanding,0.447508841753006,0.5699726939201355
2019-04-02,extended,252,expanding,0.36200863122940063,0.44212156534194946
2019-04-03,extended,252,expanding,0.41066625714302063,0.47281110286712646
2019-04-04,extended,252,expanding,0.4444657564163208,0.37056776881217957
2019-04-05,extended,252,expanding,0.3059298098087311,0.35892611742019653
2019-04-08,extended,252,expanding,0.31612223386764526,0.3886075019836426
2019-04-09,extended,252,expanding,0.47394269704818726,0.4107380509376526
2019-04-10,extended,252,expanding,0.31667304039001465,0.3895747661590576
2019-04-11,extended,252,expanding,0.3537755310535431,0.30880269408226013
2019-04-12,extended,252,expanding,0.34376564621925354,0.32879751920700073
2019-04-15,extended,252,expanding,0.2648658752441406,0.3192758858203888
2019-04-16,extended,252,expanding,0.32444918155670166,0.3575524389743805
2019-04-17,extended,252,expanding,0.4159967601299286,0.4338609278202057
2019-04-18,extended,252,expanding,0.36218738555908203,0.3458491861820221
2019-04-22,extended,252,expanding,0.2591157555580139,0.3459184467792511
2019-04-23,extended,252,expanding,0.3684594929218292,0.44570624828338623
2019-04-24,extended,252,expanding,0.32863712310791016,0.31085050106048584
2019-04-25,extended,252,expanding,0.538732647895813,0.37750574946403503
2019-04-26,extended,252,expanding,0.3933480381965637,0.38988375663757324
2019-04-29,extended,252,expanding,0.23422382771968842,0.27518218755722046
2019-04-30,extended,252,expanding,0.41913118958473206,0.44532787799835205
2019-05-01,extended,252,expanding,0.5829194784164429,0.49759912490844727
2019-05-02,extended,252,expanding,0.6634807586669922,0.5084924697875977
2019-05-03,extended,252,expanding,0.354922354221344,0.3763329088687897
2019-05-06,extended,252,expanding,0.519212007522583,0.6168792247772217
2019-05-07,extended,252,expanding,1.0159720182418823,0.7437986135482788
2019-05-08,extended,252,expanding,0.6873363256454468,0.6583471298217773
2019-05-09,extended,252,expanding,1.002440094947815,0.7839616537094116
2019-05-10,extended,252,expanding,1.0317684412002563,1.0235867500305176
2019-05-13,extended,252,expanding,0.996934711933136,1.05172860622406
2019-05-14,extended,252,expanding,0.7252347469329834,0.6318206787109375
2019-05-15,extended,252,expanding,0.7129424214363098,0.7467378377914429
2019-05-16,extended,252,expanding,0.5426786541938782,0.680633544921875
2019-05-17,extended,252,expanding,0.7289981245994568,0.6097902059555054
2019-05-20,extended,252,expanding,0.6784613728523254,0.5536999702453613
2019-05-21,extended,252,expanding,0.4157550036907196,0.38323262333869934
2019-05-22,extended,252,expanding,0.4410749673843384,0.47175803780555725
2019-05-23,extended,252,expanding,0.7769797444343567,0.8171175718307495
2019-05-24,extended,252,expanding,0.5278379321098328,0.5190551280975342
2019-05-28,extended,252,expanding,0.5385770201683044,0.7070426940917969
2019-05-29,extended,252,expanding,0.8417448401451111,0.7439227104187012
2019-05-30,extended,252,expanding,0.5976586937904358,0.6256107091903687
2019-05-31,extended,252,expanding,0.6787981390953064,0.8299602270126343
2019-06-03,extended,252,expanding,0.9659943580627441,0.9304760694503784
2019-06-04,extended,252,expanding,0.6540851593017578,0.9298409223556519
2019-06-05,extended,252,expanding,0.6356115937232971,0.7036067247390747
2019-06-06,extended,252,expanding,0.602618932723999,0.6434877514839172
2019-06-07,extended,252,expanding,0.5851119756698608,0.5913972854614258
2019-06-10,extended,252,expanding,0.5430600643157959,0.5054262280464172
2019-06-11,extended,252,expanding,0.5907642841339111,0.6031952500343323
2019-06-12,extended,252,expanding,0.4259147346019745,0.48259034752845764
2019-06-13,extended,252,expanding,0.5179921388626099,0.4052957594394684
2019-06-14,extended,252,expanding,0.43729764223098755,0.4680669605731964
2019-06-17,extended,252,expanding,0.271997332572937,0.4065619707107544
2019-06-18,extended,252,expanding,0.6067125797271729,0.4998340904712677
2019-06-19,extended,252,expanding,0.5666375160217285,0.48342886567115784
2019-06-20,extended,252,expanding,0.5209701657295227,0.5375328063964844
2019-06-21,extended,252,expanding,0.4147646725177765,0.38813892006874084
2019-06-25,extended,252,expanding,0.5360538363456726,0.5929858088493347
2019-06-26,extended,252,expanding,0.4585481286048889,0.4735795557498932
2019-06-27,extended,252,expanding,0.3620041608810425,0.41049185395240784
2019-06-28,extended,252,expanding,0.3153344392776489,0.40977755188941956
2019-07-01,extended,252,expanding,0.49275001883506775,0.6042214632034302
2019-07-02,extended,252,expanding,0.48454105854034424,0.658383309841156
2019-07-03,extended,252,expanding,0.21672672033309937,0.5984908938407898
2019-07-05,extended,252,expanding,0.46708446741104126,0.6491525769233704
2019-07-08,extended,252,expanding,0.37689027190208435,0.37939882278442383
2019-07-09,extended,252,expanding,0.2729422450065613,0.45610514283180237
2019-07-10,extended,252,expanding,0.4559696912765503,0.5030996799468994
2019-07-11,extended,252,expanding,0.3169631063938141,0.32912346720695496
2019-07-12,extended,252,expanding,0.22721192240715027,0.30989956855773926
2019-07-15,extended,252,expanding,0.27931854128837585,0.25020384788513184
2019-07-16,extended,252,expanding,0.3348422348499298,0.3476482331752777
2019-07-17,extended,252,expanding,0.3850759267807007,0.5202203989028931
2019-07-18,extended,252,expanding,0.3952500820159912,0.5708551406860352
2019-07-19,extended,252,expanding,0.5012113451957703,0.5470419526100159
2019-07-22,extended,252,expanding,0.4025481939315796,0.4638870358467102
2019-07-23,extended,252,expanding,0.37862616777420044,0.42734241485595703
2019-07-24,extended,252,expanding,0.2958664000034332,0.4751015901565552
2019-07-25,extended,252,expanding,0.4813818633556366,0.43624040484428406
2019-07-26,extended,252,expanding,0.246847465634346,0.33327898383140564
2019-07-29,extended,252,expanding,0.2791633605957031,0.33562660217285156
2019-07-30,extended,252,expanding,0.4113670587539673,0.49628302454948425
2019-07-31,extended,252,expanding,0.8570504188537598,1.0329550504684448
2019-08-01,extended,252,expanding,1.413017988204956,1.37188720703125
2019-08-02,extended,252,expanding,0.8658583164215088,0.8058046698570251
2019-08-05,extended,252,expanding,1.2163234949111938,1.3286426067352295
2019-08-06,extended,252,expanding,1.0095518827438354,0.9504923820495605
2019-08-07,extended,252,expanding,1.3404862880706787,1.4957220554351807
2019-08-08,extended,252,expanding,0.6005271077156067,1.0164378881454468
2019-08-09,extended,252,expanding,0.8878992199897766,0.7569198608398438
2019-08-12,extended,252,expanding,0.7229942679405212,0.9085413813591003
2019-08-13,extended,252,expanding,1.4477357864379883,1.2355165481567383
2019-08-14,extended,252,expanding,1.139488935470581,1.2035573720932007
2019-08-15,extended,252,expanding,0.9732145667076111,0.9403930902481079
2019-08-16,extended,252,expanding,0.6854579448699951,0.8208238482475281
2019-08-19,extended,252,expanding,0.4724789261817932,0.6139298677444458
2019-08-20,extended,252,expanding,0.5818361043930054,0.6808883547782898
2019-08-21,extended,252,expanding,0.36497563123703003,0.47096750140190125
2019-08-22,extended,252,expanding,0.718785285949707,0.6377251744270325
2019-08-23,extended,252,expanding,1.5231748819351196,1.3317806720733643
2019-08-26,extended,252,expanding,0.7526459097862244,0.7395577430725098
2019-08-27,extended,252,expanding,0.744922399520874,0.898285448551178
2019-08-28,extended,252,expanding,0.6243858933448792,0.850878894329071
2019-08-29,extended,252,expanding,0.654413640499115,0.7364224791526794
2019-08-30,extended,252,expanding,0.5621875524520874,0.67105633020401
2019-09-03,extended,252,expanding,0.7860287427902222,0.9371479153633118
2019-09-04,extended,252,expanding,0.3558061122894287,0.7924486994743347
2019-09-05,extended,252,expanding,0.46335065364837646,0.7574660181999207
2019-09-06,extended,252,expanding,0.3911358714103699,0.5694755911827087
2019-09-09,extended,252,expanding,0.36566534638404846,0.6420000791549683
2019-09-10,extended,252,expanding,0.626534640789032,0.62859708070755
2019-09-11,extended,252,expanding,0.3889058232307434,0.7119861245155334
2019-09-12,extended,252,expanding,0.5744845271110535,0.6225360631942749
2019-09-13,extended,252,expanding,0.38585904240608215,0.5058432221412659
2019-09-16,extended,252,expanding,0.3798351585865021,0.8703638911247253
2019-09-17,extended,252,expanding,0.31243887543678284,0.6841742396354675
2019-09-18,extended,252,expanding,0.5947917699813843,0.6885865926742554
2019-09-19,extended,252,expanding,0.4269109070301056,0.5783447623252869
2019-09-20,extended,252,expanding,0.7659915685653687,0.7205702662467957
2019-09-23,extended,252,expanding,0.37500807642936707,0.6155259013175964
2019-09-24,extended,252,expanding,0.9618315696716309,1.1183788776397705
2019-09-25,extended,252,expanding,0.498409241437912,0.7846562266349792
2019-09-26,extended,252,expanding,0.6260071396827698,0.7261618971824646
2019-09-27,extended,252,expanding,0.843199610710144,0.9268754720687866
2019-09-30,extended,252,expanding,0.39300885796546936,0.623040497303009
2019-10-01,extended,252,expanding,0.8277281522750854,0.9090138673782349
2019-10-02,extended,252,expanding,0.8557239174842834,0.9366729259490967
2019-10-03,extended,252,expanding,1.1748740673065186,1.156534194946289
2019-10-04,extended,252,expanding,0.49482566118240356,0.8593780398368835
2019-10-07,extended,252,expanding,0.6225671172142029,0.6110883951187134
2019-10-08,extended,252,expanding,0.8425085544586182,0.666467010974884
2019-10-09,extended,252,expanding,0.6158033013343811,0.5420560240745544
2019-10-10,extended,252,expanding,0.7101426124572754,0.7408673167228699
2019-10-11,extended,252,expanding,0.7008860111236572,0.6275010108947754
2019-10-14,extended,252,expanding,0.3964639902114868,0.3840934932231903
2019-10-15,extended,252,expanding,0.4072991609573364,0.5709964632987976
2019-10-16,extended,252,expanding,0.3344891369342804,0.39015263319015503
2019-10-17,extended,252,expanding,0.4212345778942108,0.4033451974391937
2019-10-18,extended,252,expanding,0.492019921541214,0.5185196399688721
2019-10-21,extended,252,expanding,0.28220996260643005,0.2649051249027252
2019-10-22,extended,252,expanding,0.3873414993286133,0.45625442266464233
2019-10-23,extended,252,expanding,0.32415929436683655,0.45035243034362793
2019-10-24,extended,252,expanding,0.3953271508216858,0.4120078980922699
2019-10-25,extended,252,expanding,0.3670015037059784,0.4929325580596924
2019-10-28,extended,252,expanding,0.34164682030677795,0.2125997245311737
2019-10-29,extended,252,expanding,0.35342928767204285,0.3251952528953552
2019-10-30,extended,252,expanding,0.4209127128124237,0.46945980191230774
2019-10-31,extended,252,expanding,0.5805034637451172,0.4958203136920929
2019-11-01,extended,252,expanding,0.33467626571655273,0.3899291753768921
2019-11-04,extended,252,expanding,0.30109015107154846,0.2824750244617462
2019-11-05,extended,252,expanding,0.30714449286460876,0.43659183382987976
2019-11-06,extended,252,expanding,0.3696642816066742,0.3276474177837372
2019-11-07,extended,252,expanding,0.4562969505786896,0.38384830951690674
2019-11-08,extended,252,expanding,0.33357879519462585,0.35400569438934326
2019-11-11,extended,252,expanding,0.2090064436197281,0.3216651678085327
2019-11-12,extended,252,expanding,0.3337435722351074,0.3830401599407196
2019-11-13,extended,252,expanding,0.39428484439849854,0.36963433027267456
2019-11-14,extended,252,expanding,0.31895726919174194,0.3325803875923157
2019-11-15,extended,252,expanding,0.2501485347747803,0.3075461685657501
2019-11-19,extended,252,expanding,0.34028348326683044,0.39498788118362427
2019-11-20,extended,252,expanding,0.5301920175552368,0.5415357947349548
2019-11-21,extended,252,expanding,0.4337524473667145,0.352918416261673
2019-11-22,extended,252,expanding,0.3082888424396515,0.3043856918811798
2019-11-25,extended,252,expanding,0.2898801565170288,0.322062611579895
2019-11-26,extended,252,expanding,0.24163393676280975,0.27842286229133606
2019-11-27,extended,252,expanding,0.17377497255802155,0.25879189372062683
2019-11-29,extended,252,expanding,0.20161060988903046,0.29519081115722656
2019-12-02,extended,252,expanding,0.6143428087234497,0.5871757864952087
2019-12-03,extended,252,expanding,0.6685485243797302,0.5914530158042908
2019-12-04,extended,252,expanding,0.36781561374664307,0.4415091872215271
2019-12-05,extended,252,expanding,0.4083799123764038,0.3783082365989685
2019-12-06,extended,252,expanding,0.31428804993629456,0.3398405611515045
2019-12-09,extended,252,expanding,0.24461230635643005,0.26804351806640625
2019-12-10,extended,252,expanding,0.4508521258831024,0.3570297360420227
2019-12-11,extended,252,expanding,0.2896505296230316,0.3194110691547394
2019-12-12,extended,252,expanding,0.9073099493980408,0.5162893533706665
2019-12-13,extended,252,expanding,0.6717995405197144,0.4687095284461975
2019-12-17,extended,252,expanding,0.23530492186546326,0.2858943045139313
2019-12-18,extended,252,expanding,0.27269506454467773,0.2217060923576355
2019-12-19,extended,252,expanding,0.27776896953582764,0.32088667154312134
2019-12-20,extended,252,expanding,0.21704256534576416,0.26158344745635986
2019-12-23,extended,252,expanding,0.14169253408908844,0.23571376502513885
2019-12-24,extended,252,expanding,0.1403854489326477,0.2039354145526886
2019-12-26,extended,252,expanding,0.20108193159103394,0.2862027883529663
2019-12-27,extended,252,expanding,0.2837029993534088,0.2601815462112427
2019-12-30,extended,252,expanding,0.4683420956134796,0.42065003514289856
2019-12-31,extended,252,expanding,0.31708115339279175,0.38719645142555237
