date,feature_set,L,protocol,RV_target,RV_pred
2013-12-19,core,22,static,0.48027983,0.64642847
2013-12-20,core,22,static,0.56459975,0.4497538
2013-12-23,core,22,static,0.4692802,0.40340224
2013-12-24,core,22,static,0.37592426,0.4296654
2013-12-26,core,22,static,0.34329724,0.46747547
2013-12-27,core,22,static,0.40542945,0.5237002
2013-12-30,core,22,static,0.39755836,0.4180519
2014-01-02,core,22,static,0.745619,0.91859025
2014-01-03,core,22,static,0.83173496,0.77260464
2014-01-06,core,22,static,0.66945153,0.59841454
2014-01-07,core,22,static,0.66912365,0.54256135
2014-01-08,core,22,static,0.6145574,0.57389015
2014-01-09,core,22,static,0.72558045,0.5665466
2014-01-10,core,22,static,0.8143008,0.6896829
2014-01-13,core,22,static,0.50973,0.48518884
2014-01-14,core,22,static,0.6865121,0.65051013
2014-01-15,core,22,static,0.45595104,0.49021843
2014-01-16,core,22,static,0.6030574,0.44292817
2014-01-17,core,22,static,0.5502644,0.6046714
2014-01-20,core,22,static,0.55134165,0.5671049
2014-01-21,core,22,static,0.40762115,0.48255205
2014-01-22,core,22,static,0.40055934,0.44777837
2014-01-23,core,22,static,0.55819607,0.5860551
2014-01-24,core,22,static,0.6551958,0.6238448
2014-01-27,core,22,static,0.6563229,0.58208513
2014-01-28,core,22,static,0.5331622,0.5314476
2014-01-29,core,22,static,0.48386818,0.47250524
2014-02-03,core,22,static,0.48515627,0.491559
2014-02-04,core,22,static,0.6177616,0.5593875
2014-02-05,core,22,static,0.4867734,0.5033077
2014-02-06,core,22,static,0.5684755,0.48769644
2014-02-07,core,22,static,0.4129472,0.46653968
2014-02-10,core,22,static,0.47753435,0.47965044
2014-02-11,core,22,static,0.43266043,0.44990796
2014-02-12,core,22,static,0.41571212,0.397978
2014-02-13,core,22,static,0.5321779,0.55389947
2014-02-14,core,22,static,0.43489394,0.50552374
2014-02-17,core,22,static,0.44116375,0.45089483
2014-02-18,core,22,static,0.4554524,0.48404086
2014-02-19,core,22,static,0.51835936,0.45672742
2014-02-20,core,22,static,0.57120365,0.483155
2014-02-21,core,22,static,0.2922706,0.38992375
2014-02-24,core,22,static,0.4961578,0.4879636
2014-02-25,core,22,static,0.38584572,0.37404385
2014-02-26,core,22,static,0.38891312,0.5051119
2014-02-27,core,22,static,0.36891544,0.45557994
2014-02-28,core,22,static,0.5748443,0.38567734
2014-03-03,core,22,static,0.49052024,0.43747205
2014-03-04,core,22,static,0.3731192,0.44011295
2014-03-05,core,22,static,0.29578462,0.33616397
2014-03-06,core,22,static,0.36687255,0.39269707
2014-03-07,core,22,static,0.35954282,0.47231707
2014-03-10,core,22,static,0.39663768,0.43205
2014-03-11,core,22,static,0.36216235,0.40928096
2014-03-12,core,22,static,0.52406615,0.60967845
2014-03-13,core,22,static,0.7643156,0.5098524
2014-03-14,core,22,static,0.49179876,0.5178819
2014-03-17,core,22,static,0.440258,0.42362538
2014-03-18,core,22,static,0.4034605,0.4425613
2014-03-19,core,22,static,0.37717324,0.45640424
2014-03-20,core,22,static,0.49770895,0.48419857
2014-03-21,core,22,static,0.30561572,0.3667429
2014-03-24,core,22,static,0.55959314,0.45946932
2014-03-25,core,22,static,0.47395012,0.41897923
2014-03-26,core,22,static,0.3636279,0.38082013
2014-03-27,core,22,static,0.3300193,0.47499105
2014-03-28,core,22,static,0.44567809,0.47876623
2014-03-31,core,22,static,0.5329057,0.48744988
2014-04-01,core,22,static,0.45367453,0.4751568
2014-04-02,core,22,static,0.238201,0.36947066
2014-04-03,core,22,static,0.3425025,0.49073073
2014-04-04,core,22,static,0.38496485,0.39728695
2014-04-07,core,22,static,0.5002975,0.455455
2014-04-08,core,22,static,0.4536314,0.46156698
2014-04-09,core,22,static,0.37307066,0.38290173
2014-04-10,core,22,static,0.50099003,0.41688973
2014-04-11,core,22,static,0.40514937,0.45727932
2014-04-14,core,22,static,0.46094933,0.3961226
2014-04-15,core,22,static,0.39984715,0.48849636
2014-04-16,core,22,static,0.34781387,0.41249225
2014-04-17,core,22,static,0.34906006,0.4629051
2014-04-18,core,22,static,0.33066025,0.35398117
2014-04-21,core,22,static,0.32748717,0.43056566
2014-04-22,core,22,static,0.39831004,0.39829472
2014-04-23,core,22,static,0.381451,0.4493375
2014-04-24,core,22,static,0.36006987,0.45233518
2014-04-25,core,22,static,0.37953928,0.5746243
2014-04-28,core,22,static,0.46890783,0.4160437
2014-04-29,core,22,static,0.4484777,0.46491113
2014-04-30,core,22,static,0.3416393,0.50541496
2014-05-02,core,22,static,0.34048426,0.48490706
2014-05-07,core,22,static,0.48494962,0.49809396
2014-05-08,core,22,static,0.4457768,0.4411303
2014-05-09,core,22,static,0.39555353,0.43018487
2014-05-12,core,22,static,0.3764048,0.48742318
2014-05-13,core,22,static,0.3723531,0.46708742
2014-05-14,core,22,static,0.4369127,0.4507217
2014-05-15,core,22,static,0.35734537,0.39339292
2014-05-16,core,22,static,0.48168162,0.4855855
2014-05-19,core,22,static,0.5512502,0.4749753
2014-05-20,core,22,static,0.3573945,0.42840725
2014-05-21,core,22,static,0.42510924,0.457259
2014-05-22,core,22,static,0.4092602,0.40506554
2014-05-23,core,22,static,0.2651022,0.38529474
2014-05-26,core,22,static,0.399295,0.42866763
2014-05-27,core,22,static,0.6404549,0.55354846
2014-05-28,core,22,static,0.4267683,0.4585243
2014-05-29,core,22,static,0.27189663,0.49245006
2014-05-30,core,22,static,0.6504426,0.5752949
2014-06-02,core,22,static,0.39264828,0.43423486
2014-06-03,core,22,static,0.60500765,0.4849751
2014-06-05,core,22,static,0.43817604,0.54644126
2014-06-09,core,22,static,0.4332506,0.5823969
2014-06-10,core,22,static,0.49776107,0.40562457
2014-06-11,core,22,static,0.40366834,0.40898052
2014-06-12,core,22,static,0.37406954,0.43559742
2014-06-13,core,22,static,0.50387836,0.56569976
2014-06-16,core,22,static,0.31889334,0.44324926
2014-06-17,core,22,static,0.31693837,0.39530492
2014-06-18,core,22,static,0.38902605,0.46356034
2014-06-19,core,22,static,0.33651564,0.4337955
2014-06-20,core,22,static,0.46845403,0.60078114
2014-06-23,core,22,static,0.4674691,0.40567532
2014-06-24,core,22,static,0.384609,0.47322643
2014-06-25,core,22,static,0.36639097,0.46747473
2014-06-26,core,22,static,0.62370855,0.44105017
2014-06-27,core,22,static,0.45669696,0.5072659
2014-06-30,core,22,static,0.421138,0.37936518
2014-07-01,core,22,static,0.32784396,0.415117
2014-07-02,core,22,static,0.4311952,0.42059517
2014-07-03,core,22,static,0.31473687,0.3862822
2014-07-04,core,22,static,0.37441212,0.4509213
2014-07-07,core,22,static,0.38168913,0.42635697
2014-07-08,core,22,static,0.47110578,0.39832658
2014-07-09,core,22,static,0.33105847,0.4078158
2014-07-10,core,22,static,0.29468086,0.3587059
2014-07-11,core,22,static,0.29963273,0.38583672
2014-07-14,core,22,static,0.39193794,0.37735528
2014-07-15,core,22,static,0.4075967,0.36374158
2014-07-16,core,22,static,0.3580271,0.3938355
2014-07-17,core,22,static,0.28855145,0.33810326
2014-07-18,core,22,static,0.30281526,0.44992703
2014-07-21,core,22,static,0.3475782,0.45024255
2014-07-22,core,22,static,0.3701284,0.3678916
2014-07-23,core,22,static,0.33715287,0.41129678
2014-07-24,core,22,static,0.3925678,0.42264873
2014-07-25,core,22,static,0.39154992,0.3740732
2014-07-28,core,22,static,0.39611506,0.4561801
2014-07-29,core,22,static,0.4402754,0.39497378
2014-07-30,core,22,static,0.5263765,0.5762028
2014-07-31,core,22,static,0.68732923,0.55993086
2014-08-01,core,22,static,0.5611398,0.55064756
2014-08-04,core,22,static,0.5234078,0.49972385
2014-08-05,core,22,static,0.5006744,0.52226
2014-08-06,core,22,static,0.42100957,0.47217798
2014-08-07,core,22,static,0.42803073,0.50453526
2014-08-08,core,22,static,0.54905045,0.60953575
2014-08-11,core,22,static,0.40855855,0.4375426
2014-08-12,core,22,static,0.45808536,0.49578765
2014-08-13,core,22,static,0.37273914,0.45468453
2014-08-14,core,22,static,0.41851518,0.4896888
2014-08-18,core,22,static,0.5593621,0.5122603
2014-08-19,core,22,static,0.3205721,0.33607423
2014-08-20,core,22,static,0.4542845,0.48741698
2014-08-21,core,22,static,0.5047452,0.6416213
2014-08-22,core,22,static,0.42705104,0.43017584
2014-08-25,core,22,static,0.5974487,0.5156828
2014-08-26,core,22,static,0.35681435,0.37929213
2014-08-27,core,22,static,0.45551103,0.40773827
2014-08-28,core,22,static,0.32768294,0.47640672
2014-08-29,core,22,static,0.5166976,0.45202658
2014-09-01,core,22,static,0.42619717,0.42769825
2014-09-02,core,22,static,0.39515647,0.46197134
2014-09-03,core,22,static,0.5543262,0.45108533
2014-09-04,core,22,static,0.4892236,0.46678752
2014-09-05,core,22,static,0.40816993,0.49282825
2014-09-11,core,22,static,0.7266974,0.48981556
2014-09-12,core,22,static,0.4590848,0.4495025
2014-09-15,core,22,static,0.43585527,0.4691866
2014-09-16,core,22,static,0.29281414,0.37045813
2014-09-17,core,22,static,0.37738502,0.35683846
2014-09-18,core,22,static,0.3807929,0.5009454
2014-09-19,core,22,static,0.3251082,0.37997323
2014-09-22,core,22,static,0.43448827,0.48519355
2014-09-23,core,22,static,0.5151247,0.41862535
2014-09-24,core,22,static,0.48339394,0.44748795
2014-09-25,core,22,static,0.41328657,0.50591105
2014-09-26,core,22,static,0.41926065,0.46376944
2014-09-29,core,22,static,0.49092257,0.47053564
2014-09-30,core,22,static,0.4185666,0.5410576
2014-10-01,core,22,static,0.31939605,0.5432653
2014-10-02,core,22,static,0.6898203,0.5942069
2014-10-06,core,22,static,0.5242728,0.58307546
2014-10-07,core,22,static,0.48625708,0.45458484
2014-10-08,core,22,static,0.5505924,0.515924
2014-10-10,core,22,static,0.53692883,0.63144803
2014-10-13,core,22,static,0.736411,0.49648887
2014-10-14,core,22,static,0.596226,0.46505478
2014-10-15,core,22,static,0.6676354,0.58387846
2014-10-16,core,22,static,0.6282262,0.55568254
2014-10-17,core,22,static,0.6876258,0.6864844
2014-10-20,core,22,static,0.37683234,0.4592135
2014-10-21,core,22,static,0.53052425,0.49298692
2014-10-22,core,22,static,0.439299,0.43498105
2014-10-23,core,22,static,0.76390135,0.58230275
2014-10-24,core,22,static,0.67026865,0.7068767
2014-10-27,core,22,static,0.3780209,0.43890738
2014-10-28,core,22,static,0.38197294,0.47033703
2014-10-29,core,22,static,0.59493434,0.5557914
2014-10-30,core,22,static,0.6260377,0.5511419
2014-10-31,core,22,static,0.62573487,0.532583
2014-11-03,core,22,static,0.515155,0.47243112
2014-11-04,core,22,static,0.585234,0.6269771
2014-11-05,core,22,static,0.526671,0.57816666
2014-11-06,core,22,static,0.64335394,0.53791946
2014-11-07,core,22,static,0.49799624,0.46450007
2014-11-10,core,22,static,0.44324467,0.4113752
2014-11-11,core,22,static,0.41973338,0.38626146
2014-11-12,core,22,static,0.39307055,0.4434303
2014-11-13,core,22,static,0.43068418,0.5367828
2014-11-14,core,22,static,0.66949475,0.56113786
2014-11-17,core,22,static,0.6341669,0.4961293
2014-11-18,core,22,static,0.5666394,0.416535
2014-11-19,core,22,static,0.5010618,0.5062462
2014-11-20,core,22,static,0.51566744,0.4520265
2014-11-21,core,22,static,0.3318023,0.42169774
2014-11-24,core,22,static,0.3079933,0.38826707
2014-11-25,core,22,static,0.47510704,0.34186223
2014-11-26,core,22,static,0.41046423,0.46082792
2014-11-27,core,22,static,0.42532575,0.43793693
2014-11-28,core,22,static,0.43114895,0.42189133
2014-12-01,core,22,static,0.42047596,0.384137
2014-12-02,core,22,static,0.41847506,0.41155395
2014-12-03,core,22,static,0.43730697,0.40175948
2014-12-04,core,22,static,0.34017053,0.39815712
2014-12-05,core,22,static,0.29264355,0.36578742
2014-12-08,core,22,static,0.30122593,0.40653232
2014-12-09,core,22,static,0.31311747,0.35236174
2014-12-10,core,22,static,0.47854897,0.48919806
2014-12-11,core,22,static,0.6749274,0.6189121
2014-12-12,core,22,static,0.5025717,0.48701495
2014-12-15,core,22,static,0.47724685,0.60841805
2014-12-16,core,22,static,0.4911253,0.5035744
2014-12-17,core,22,static,0.5890781,0.5027874
2014-12-18,core,22,static,0.74484754,0.85528123
2014-12-19,core,22,static,0.6986612,0.4432994
2014-12-22,core,22,static,0.50286496,0.5358865
2014-12-23,core,22,static,0.31127355,0.45739615
2014-12-24,core,22,static,0.39547744,0.4108739
2014-12-26,core,22,static,0.38823494,0.47295555
2014-12-29,core,22,static,0.4127921,0.4434203
2014-12-30,core,22,static,0.48542786,0.5657341
2015-01-02,core,22,static,0.46897152,0.62182385
2015-01-05,core,22,static,0.71077925,0.58891815
2015-01-06,core,22,static,0.58421755,0.64015174
2015-01-07,core,22,static,0.40920374,0.4842785
2015-01-08,core,22,static,0.39667127,0.45472345
2015-01-09,core,22,static,0.37639695,0.45233968
2015-01-12,core,22,static,0.39231175,0.4172346
2015-01-13,core,22,static,0.50338966,0.41593444
2015-01-14,core,22,static,0.45990178,0.44853076
2015-01-15,core,22,static,0.48670793,0.4486693
2015-01-16,core,22,static,0.5324012,0.60995543
2015-01-19,core,22,static,0.37361118,0.42359817
2015-01-20,core,22,static,0.4801419,0.39262033
2015-01-21,core,22,static,0.46535662,0.4455915
2015-01-22,core,22,static,0.4227397,0.48234376
2015-01-23,core,22,static,0.43462372,0.44826347
2015-01-26,core,22,static,0.41431355,0.46451798
2015-01-27,core,22,static,0.3717231,0.37923098
2015-01-28,core,22,static,0.38393363,0.506999
2015-01-29,core,22,static,0.4646711,0.4647615
2015-01-30,core,22,static,0.5166637,0.5061261
2015-02-02,core,22,static,0.43396014,0.44701508
2015-02-03,core,22,static,0.54287523,0.5208014
2015-02-04,core,22,static,0.44758877,0.3840115
2015-02-05,core,22,static,0.39394376,0.50779164
2015-02-06,core,22,static,0.47000152,0.42773485
2015-02-09,core,22,static,0.39241865,0.40794957
2015-02-10,core,22,static,0.4345792,0.4911281
2015-02-11,core,22,static,0.37759364,0.39928192
2015-02-12,core,22,static,0.43717173,0.48991373
2015-02-13,core,22,static,0.36823046,0.38765973
2015-02-16,core,22,static,0.33519894,0.39431483
2015-02-17,core,22,static,0.31718782,0.38719565
2015-02-23,core,22,static,0.24621129,0.419998
2015-02-24,core,22,static,0.30792415,0.32684734
2015-02-25,core,22,static,0.3182324,0.31235015
2015-02-26,core,22,static,0.38990286,0.36950922
2015-02-27,core,22,static,0.47086844,0.42430937
2015-03-02,core,22,static,0.39558092,0.39993554
2015-03-03,core,22,static,0.33467677,0.36701813
2015-03-04,core,22,static,0.35309902,0.3781007
2015-03-05,core,22,static,0.36552134,0.3731216
2015-03-06,core,22,static,0.28833833,0.38878077
2015-03-09,core,22,static,0.35330012,0.418566
2015-03-10,core,22,static,0.52937216,0.5022817
2015-03-11,core,22,static,0.48851034,0.48306155
2015-03-12,core,22,static,0.7905255,0.5417842
2015-03-13,core,22,static,0.35611054,0.3831034
2015-03-16,core,22,static,0.32779276,0.43207157
2015-03-17,core,22,static,0.5014861,0.54368347
2015-03-18,core,22,static,0.44014743,0.42545348
2015-03-19,core,22,static,0.49780563,0.47613543
2015-03-20,core,22,static,0.4250708,0.46414143
2015-03-23,core,22,static,0.51843107,0.45133168
2015-03-24,core,22,static,0.3522225,0.4453615
2015-03-25,core,22,static,0.30849868,0.40035897
2015-03-26,core,22,static,0.42036015,0.48631686
2015-03-27,core,22,static,0.48113868,0.45208824
2015-03-30,core,22,static,0.42340615,0.45104212
2015-03-31,core,22,static,0.3945001,0.4202404
2015-04-01,core,22,static,0.42614794,0.46605313
2015-04-02,core,22,static,0.4117238,0.4322336
2015-04-03,core,22,static,0.34641802,0.44658527
2015-04-06,core,22,static,0.48865163,0.437616
2015-04-07,core,22,static,0.46775958,0.48218644
2015-04-08,core,22,static,0.2970583,0.42070952
2015-04-09,core,22,static,0.37125695,0.39762986
2015-04-10,core,22,static,0.43423086,0.47663224
2015-04-13,core,22,static,0.34378946,0.4097008
2015-04-14,core,22,static,0.5208348,0.45015836
2015-04-15,core,22,static,0.413188,0.44261327
2015-04-16,core,22,static,0.45509562,0.40032363
2015-04-17,core,22,static,0.38721758,0.421212
2015-04-20,core,22,static,0.49090785,0.51314694
2015-04-21,core,22,static,0.42544895,0.4457327
2015-04-22,core,22,static,0.9061538,0.6884299
2015-04-23,core,22,static,0.78710514,0.6941647
2015-04-24,core,22,static,0.7086444,0.78313667
2015-04-27,core,22,static,0.4825939,0.6135115
2015-04-28,core,22,static,0.42580023,0.59764534
2015-04-29,core,22,static,0.5785798,0.6445362
2015-04-30,core,22,static,0.49580005,0.52688634
2015-05-04,core,22,static,0.4582878,0.43180397
2015-05-06,core,22,static,0.46169978,0.59818566
2015-05-07,core,22,static,0.581258,0.7654591
2015-05-08,core,22,static,0.57891643,0.56277674
2015-05-11,core,22,static,0.48070416,0.48134392
2015-05-12,core,22,static,0.4349594,0.4645021
2015-05-13,core,22,static,0.5513823,0.43955737
2015-05-14,core,22,static,0.36771038,0.39093274
2015-05-15,core,22,static,0.5494416,0.64466566
2015-05-18,core,22,static,0.5521967,0.46484533
2015-05-19,core,22,static,0.5842618,0.5167685
2015-05-20,core,22,static,0.397592,0.43753988
2015-05-21,core,22,static,0.46203166,0.53094363
2015-05-22,core,22,static,0.43587726,0.48630798
2015-05-26,core,22,static,0.69523454,0.47000375
2015-05-27,core,22,static,0.66407424,0.71337515
2015-05-28,core,22,static,0.58385545,0.5186703
2015-05-29,core,22,static,0.47500667,0.58420044
2015-06-01,core,22,static,0.7755205,0.5880395
2015-06-02,core,22,static,0.6786005,0.71598107
2015-06-03,core,22,static,0.68659085,0.7188259
2015-06-04,core,22,static,0.6508273,0.60925764
2015-06-05,core,22,static,0.69513357,0.561886
2015-06-08,core,22,static,0.6300256,0.53477687
2015-06-09,core,22,static,0.5512057,0.5223341
2015-06-10,core,22,static,0.55687886,0.6730873
2015-06-11,core,22,static,0.52646726,0.5030122
2015-06-12,core,22,static,0.59666693,0.7441805
2015-06-15,core,22,static,0.6091835,0.5157907
2015-06-16,core,22,static,0.86266726,0.79011613
2015-06-17,core,22,static,0.5755643,0.5650211
2015-06-18,core,22,static,0.5761382,0.52497053
2015-06-19,core,22,static,0.55882305,0.48359016
2015-06-22,core,22,static,0.5072078,0.5356682
2015-06-23,core,22,static,0.40189433,0.48406756
2015-06-24,core,22,static,0.49130565,0.4397998
2015-06-25,core,22,static,0.42484134,0.4850537
2015-06-26,core,22,static,0.42865404,0.49569994
2015-06-29,core,22,static,0.54642594,0.46435714
2015-06-30,core,22,static,0.79986274,0.5659031
2015-07-01,core,22,static,0.5309773,0.57500017
2015-07-02,core,22,static,0.42298937,0.45436773
2015-07-03,core,22,static,0.49392998,0.5274804
2015-07-06,core,22,static,0.70410967,0.84516364
2015-07-07,core,22,static,1.2697808,0.8569706
2015-07-08,core,22,static,0.9289754,1.0138835
2015-07-09,core,22,static,0.91673833,1.0415809
2015-07-10,core,22,static,0.61174023,0.6401481
2015-07-13,core,22,static,0.611966,0.73567754
2015-07-14,core,22,static,0.62655807,0.6359965
2015-07-15,core,22,static,0.5505885,0.52553827
2015-07-16,core,22,static,0.38838267,0.5220158
2015-07-17,core,22,static,0.8732395,0.7536906
2015-07-20,core,22,static,0.43888596,0.5728857
2015-07-21,core,22,static,0.55127376,0.57247
2015-07-22,core,22,static,0.62025476,0.56484073
2015-07-23,core,22,static,0.49155486,0.54676884
2015-07-24,core,22,static,0.5470408,0.61942106
2015-07-27,core,22,static,0.7153333,0.5205744
2015-07-28,core,22,static,0.8191336,0.68753254
2015-07-29,core,22,static,0.5667343,0.6042494
2015-07-30,core,22,static,0.71114796,0.6675143
2015-07-31,core,22,static,0.7327988,0.66721636
2015-08-03,core,22,static,0.4797667,0.6508218
2015-08-04,core,22,static,0.50947493,0.5569651
2015-08-05,core,22,static,0.45489973,0.49099988
2015-08-06,core,22,static,0.48685527,0.6377813
2015-08-07,core,22,static,0.43246758,0.4903814
2015-08-10,core,22,static,0.56543386,0.48177296
2015-08-11,core,22,static,0.6210647,0.7139872
2015-08-12,core,22,static,1.0305247,0.8906615
2015-08-13,core,22,static,0.80435836,0.7461655
2015-08-17,core,22,static,0.5732548,0.6865756
2015-08-18,core,22,static,0.75889903,0.64972466
2015-08-19,core,22,static,1.0924137,1.0331714
2015-08-20,core,22,static,0.7815961,0.86671335
2015-08-21,core,22,static,0.9134856,0.9652913
2015-08-24,core,22,static,1.8107414,1.6763921
2015-08-25,core,22,static,1.8910074,1.4618437
2015-08-26,core,22,static,1.0096093,1.3843783
2015-08-27,core,22,static,1.0561913,0.98731583
2015-08-28,core,22,static,0.56707877,0.65909725
2015-08-31,core,22,static,0.59578997,0.6349327
2015-09-01,core,22,static,0.6166712,0.8256936
2015-09-02,core,22,static,0.7860436,0.8901627
2015-09-03,core,22,static,0.6534895,0.7240442
2015-09-04,core,22,static,0.7472652,1.0389197
2015-09-07,core,22,static,0.8502557,0.7779841
2015-09-08,core,22,static,0.6740726,0.81821924
2015-09-09,core,22,static,0.57209575,0.56399256
2015-09-10,core,22,static,0.74454945,1.1233542
2015-09-11,core,22,static,0.50379705,0.6302251
2015-09-14,core,22,static,0.6348398,0.74112767
2015-09-15,core,22,static,0.4543648,0.5079164
2015-09-16,core,22,static,0.5155807,0.57342553
2015-09-17,core,22,static,0.68464905,0.57808477
2015-09-18,core,22,static,0.79493463,0.7701722
2015-09-21,core,22,static,0.679192,0.6975654
2015-09-22,core,22,static,0.50560457,0.6059976
2015-09-23,core,22,static,0.6404673,0.77324694
2015-09-24,core,22,static,0.37382257,0.5956336
2015-09-25,core,22,static,0.5172438,0.6549162
2015-09-30,core,22,static,0.64004534,0.8333443
2015-10-01,core,22,static,0.6149624,0.6761474
2015-10-02,core,22,static,0.5572659,0.56884044
2015-10-05,core,22,static,0.52579486,0.57768196
2015-10-06,core,22,static,0.46812874,0.43774065
2015-10-07,core,22,static,0.39444777,0.43307304
2015-10-08,core,22,static,0.75575185,0.52957886
2015-10-12,core,22,static,0.5085366,0.52382725
2015-10-13,core,22,static,0.5864969,0.45531085
2015-10-14,core,22,static,0.42263693,0.5177512
2015-10-15,core,22,static,0.5670978,0.59510624
2015-10-16,core,22,static,0.41148767,0.5614944
2015-10-19,core,22,static,0.59965014,0.46767104
2015-10-20,core,22,static,0.34834018,0.46463615
2015-10-21,core,22,static,0.55760455,0.4741423
2015-10-22,core,22,static,0.4936597,0.6000832
2015-10-23,core,22,static,0.5528827,0.51009965
2015-10-26,core,22,static,0.4321443,0.43198746
2015-10-27,core,22,static,0.45086458,0.4071157
2015-10-28,core,22,static,0.42119962,0.48470575
2015-10-29,core,22,static,0.6226361,0.6937633
2015-10-30,core,22,static,0.57504505,0.48555565
2015-11-02,core,22,static,0.4598057,0.3942962
2015-11-03,core,22,static,0.48481444,0.41907734
2015-11-04,core,22,static,0.43381485,0.45369637
2015-11-05,core,22,static,0.41666242,0.4289773
2015-11-06,core,22,static,0.45264474,0.5154272
2015-11-09,core,22,static,0.535969,0.4522279
2015-11-10,core,22,static,0.5498236,0.6045826
2015-11-11,core,22,static,0.49404413,0.55430347
2015-11-12,core,22,static,0.29256648,0.45535934
2015-11-13,core,22,static,0.5260353,0.47294414
2015-11-16,core,22,static,0.37849212,0.4976258
2015-11-17,core,22,static,0.48022184,0.40530574
2015-11-18,core,22,static,0.4339948,0.45264047
2015-11-19,core,22,static,0.36737475,0.4088369
2015-11-20,core,22,static,0.3950192,0.4162413
2015-11-23,core,22,static,0.39232647,0.43211555
2015-11-24,core,22,static,0.43989903,0.449324
2015-11-25,core,22,static,0.38424456,0.44201207
2015-11-26,core,22,static,0.45002028,0.46329913
2015-11-27,core,22,static,0.37650165,0.47271416
2015-11-30,core,22,static,0.7767586,0.6950352
2015-12-01,core,22,static,0.50479424,0.54543257
2015-12-02,core,22,static,0.5016396,0.57407063
2015-12-03,core,22,static,0.49697414,0.5635236
2015-12-04,core,22,static,0.4475061,0.53525275
2015-12-07,core,22,static,0.59594285,0.61282855
2015-12-08,core,22,static,0.5530384,0.5889786
2015-12-09,core,22,static,0.4472472,0.48161024
2015-12-10,core,22,static,0.5514376,0.52080625
2015-12-11,core,22,static,0.5657859,0.5507831
2015-12-14,core,22,static,0.6382663,0.44716945
2015-12-15,core,22,static,0.44237307,0.4621926
2015-12-16,core,22,static,0.5684499,0.47980833
2015-12-17,core,22,static,0.66542965,0.57158166
2015-12-18,core,22,static,0.47428003,0.6478574
2015-12-21,core,22,static,0.7907233,0.53381205
2015-12-22,core,22,static,0.4273976,0.5645203
2015-12-23,core,22,static,0.5328471,0.5128357
2015-12-24,core,22,static,0.5478259,0.56793505
2015-12-28,core,22,static,0.5731691,0.6211524
2015-12-29,core,22,static,0.71268773,0.5739588
2015-12-30,core,22,static,0.61946654,0.57782775
2016-01-04,core,22,static,0.59715265,0.9017536
2016-01-05,core,22,static,0.83417565,0.6580445
2016-01-06,core,22,static,0.82796127,0.74701256
2016-01-07,core,22,static,0.8403119,0.7765952
2016-01-08,core,22,static,0.78636414,0.83966655
2016-01-11,core,22,static,0.5864095,0.67951185
2016-01-12,core,22,static,0.6484348,0.710187
2016-01-13,core,22,static,0.48391593,0.508348
2016-01-14,core,22,static,0.66714925,0.6230847
2016-01-15,core,22,static,0.76769465,0.93461066
2016-01-18,core,22,static,0.8122839,0.8272451
2016-01-19,core,22,static,0.80901164,0.69870216
2016-01-20,core,22,static,1.0479549,1.2565794
2016-01-21,core,22,static,1.2050147,0.93230623
2016-01-22,core,22,static,0.76164746,0.6142288
2016-01-25,core,22,static,0.58615047,0.69963026
2016-01-26,core,22,static,0.75074667,0.7172381
2016-01-27,core,22,static,0.7746183,0.6311728
2016-01-28,core,22,static,0.6446767,0.8168091
2016-01-29,core,22,static,0.76355225,0.73798597
2016-02-01,core,22,static,0.6537827,0.5174584
2016-02-02,core,22,static,0.5287193,0.61016333
2016-02-03,core,22,static,0.5112443,0.5808738
2016-02-04,core,22,static,0.50863564,0.5832074
2016-02-05,core,22,static,0.44628632,0.5500032
2016-02-11,core,22,static,0.5768444,0.8689467
2016-02-12,core,22,static,1.0966846,1.0301284
2016-02-15,core,22,static,0.6655523,0.6044896
2016-02-16,core,22,static,0.526367,0.6291423
2016-02-17,core,22,static,0.6321167,0.5857084
2016-02-18,core,22,static,0.5344269,0.4695481
2016-02-19,core,22,static,0.6108594,0.5290027
2016-02-22,core,22,static,0.6567795,0.5294885
2016-02-23,core,22,static,0.45002753,0.58044297
2016-02-24,core,22,static,0.4910758,0.5194188
2016-02-25,core,22,static,0.5941934,0.61897826
2016-02-26,core,22,static,0.49938223,0.4882686
2016-02-29,core,22,static,0.5406877,0.45263776
2016-03-02,core,22,static,0.2869389,0.3132428
2016-03-03,core,22,static,0.4515115,0.43036044
2016-03-04,core,22,static,0.34754515,0.4354352
2016-03-07,core,22,static,0.3861093,0.3676529
2016-03-08,core,22,static,0.51090753,0.52138215
2016-03-09,core,22,static,0.46843365,0.45305806
2016-03-10,core,22,static,0.59606266,0.5181654
2016-03-11,core,22,static,0.38524356,0.44232878
2016-03-14,core,22,static,0.47268915,0.47564235
2016-03-15,core,22,static,0.58447754,0.43129638
2016-03-16,core,22,static,0.3607646,0.4335425
2016-03-17,core,22,static,0.5493733,0.44840693
2016-03-18,core,22,static,0.5147018,0.43340316
2016-03-21,core,22,static,0.6299734,0.5449535
2016-03-22,core,22,static,0.4075866,0.41875702
2016-03-23,core,22,static,0.4620221,0.4520682
2016-03-24,core,22,static,0.44202203,0.45917183
2016-03-25,core,22,static,0.4707092,0.43351972
2016-03-28,core,22,static,0.5012863,0.4513534
2016-03-29,core,22,static,0.4685851,0.41336343
2016-03-30,core,22,static,0.36516067,0.40800947
2016-03-31,core,22,static,0.48443702,0.55787706
2016-04-01,core,22,static,0.5656842,0.59944373
2016-04-04,core,22,static,0.45881668,0.42206705
2016-04-05,core,22,static,0.48541948,0.47904402
2016-04-06,core,22,static,0.46591207,0.44110858
2016-04-07,core,22,static,0.41833934,0.47617412
2016-04-08,core,22,static,0.44521573,0.5441218
2016-04-11,core,22,static,0.5284186,0.42951328
2016-04-12,core,22,static,0.41330346,0.41465464
2016-04-14,core,22,static,0.371029,0.4061416
2016-04-15,core,22,static,0.49299118,0.4318955
2016-04-18,core,22,static,0.4383455,0.4196234
2016-04-19,core,22,static,0.37412906,0.40655732
2016-04-20,core,22,static,0.45820224,0.4962047
2016-04-21,core,22,static,0.50731313,0.41888154
2016-04-22,core,22,static,0.3723159,0.4241168
2016-04-25,core,22,static,0.45905885,0.40787214
2016-04-26,core,22,static,0.41764012,0.38500345
2016-04-27,core,22,static,0.3585694,0.3929056
2016-04-28,core,22,static,0.55917907,0.5590071
2016-04-29,core,22,static,0.41373196,0.5243762
2016-05-02,core,22,static,0.39539397,0.4550342
2016-05-03,core,22,static,0.3977465,0.39579985
2016-05-04,core,22,static,0.485355,0.45693994
2016-05-09,core,22,static,0.40324748,0.45440623
2016-05-10,core,22,static,0.41188267,0.3960818
2016-05-11,core,22,static,0.47250456,0.5018999
2016-05-12,core,22,static,0.41253337,0.4388333
2016-05-13,core,22,static,0.41266063,0.53633446
2016-05-16,core,22,static,0.3613524,0.44361836
2016-05-17,core,22,static,0.43525106,0.4156719
2016-05-18,core,22,static,0.54737806,0.4973911
2016-05-19,core,22,static,0.42637876,0.4546913
2016-05-20,core,22,static,0.51215374,0.4655367
2016-05-23,core,22,static,0.49667555,0.49938428
2016-05-24,core,22,static,0.45251277,0.46157598
2016-05-25,core,22,static,0.4282868,0.41261148
2016-05-26,core,22,static,0.33992866,0.4546692
2016-05-27,core,22,static,0.44040382,0.40948677
2016-05-30,core,22,static,0.5152261,0.48484236
2016-05-31,core,22,static,0.5352246,0.5570721
2016-06-01,core,22,static,0.3943315,0.44309086
2016-06-02,core,22,static,0.4378691,0.411027
2016-06-03,core,22,static,0.42122635,0.4526732
2016-06-07,core,22,static,0.34377694,0.39709976
2016-06-08,core,22,static,0.37671083,0.4551101
2016-06-09,core,22,static,0.55977756,0.5798
2016-06-10,core,22,static,0.43520233,0.43746275
2016-06-13,core,22,static,0.53730124,0.623671
2016-06-14,core,22,static,0.57337254,0.5249121
2016-06-15,core,22,static,0.57499605,0.5151928
2016-06-16,core,22,static,0.5300097,0.6861235
2016-06-17,core,22,static,0.6058187,0.6561648
2016-06-20,core,22,static,0.46426633,0.39872158
2016-06-21,core,22,static,0.35876232,0.44391793
2016-06-22,core,22,static,0.5767985,0.44690728
2016-06-23,core,22,static,0.4020298,0.4506835
2016-06-24,core,22,static,2.7883227,2.4023435
2016-06-27,core,22,static,1.034141,1.0166401
2016-06-28,core,22,static,0.7380943,0.94647366
2016-06-29,core,22,static,0.5193605,0.7601224
2016-06-30,core,22,static,0.5643468,0.594178
2016-07-01,core,22,static,0.45222056,0.6020531
2016-07-04,core,22,static,0.38543123,0.4578008
2016-07-05,core,22,static,0.3997217,0.4071653
2016-07-06,core,22,static,0.5960612,0.78076935
2016-07-07,core,22,static,0.5472271,0.5768778
2016-07-08,core,22,static,0.5943859,0.69338316
2016-07-11,core,22,static,0.37387204,0.4257998
2016-07-12,core,22,static,0.44112608,0.4092993
2016-07-13,core,22,static,0.40022996,0.5096926
2016-07-15,core,22,static,0.5734889,0.43195355
2016-07-18,core,22,static,0.45555323,0.40527293
2016-07-19,core,22,static,0.5123692,0.4534329
2016-07-20,core,22,static,0.38823307,0.4576312
2016-07-21,core,22,static,0.33381626,0.48748606
2016-07-22,core,22,static,0.44745797,0.459153
2016-07-25,core,22,static,0.44980383,0.45750886
2016-07-26,core,22,static,0.44893873,0.4504947
2016-07-27,core,22,static,0.3710515,0.40460607
2016-07-28,core,22,static,0.5451066,0.4751061
2016-07-29,core,22,static,0.5288648,0.4924602
2016-08-01,core,22,static,0.2945054,0.34926444
2016-08-02,core,22,static,0.3788467,0.3810386
2016-08-03,core,22,static,0.5524868,0.46505478
2016-08-04,core,22,static,0.41807786,0.44675285
2016-08-05,core,22,static,0.3396602,0.45801556
2016-08-08,core,22,static,0.49255827,0.39955834
2016-08-09,core,22,static,0.3806397,0.4286816
2016-08-10,core,22,static,0.4080596,0.42280203
2016-08-11,core,22,static,0.38086724,0.4241609
2016-08-12,core,22,static,0.5442558,0.4671054
2016-08-16,core,22,static,0.41092864,0.43955758
2016-08-17,core,22,static,0.5161453,0.47246194
2016-08-18,core,22,static,0.37462407,0.4455394
2016-08-19,core,22,static,0.45526814,0.4399082
2016-08-22,core,22,static,0.48903936,0.42720586
2016-08-23,core,22,static,0.3208912,0.37962887
2016-08-24,core,22,static,0.40495902,0.45286393
2016-08-25,core,22,static,0.428678,0.4108083
2016-08-26,core,22,static,0.41396236,0.458958
2016-08-29,core,22,static,0.4333405,0.4209863
2016-08-30,core,22,static,0.4136325,0.4136179
2016-08-31,core,22,static,0.39951742,0.4601758
2016-09-01,core,22,static,0.48899823,0.47471103
2016-09-02,core,22,static,0.409667,0.39819017
2016-09-05,core,22,static,0.33930066,0.3856094
2016-09-06,core,22,static,0.35865888,0.38558868
2016-09-07,core,22,static,0.33522075,0.43147367
2016-09-08,core,22,static,0.4865326,0.47171634
2016-09-09,core,22,static,0.4879684,0.5305472
2016-09-12,core,22,static,0.7066116,0.6489644
2016-09-13,core,22,static,0.49597505,0.50698775
2016-09-19,core,22,static,0.47205582,0.60859126
2016-09-20,core,22,static,0.41855133,0.46702608
2016-09-21,core,22,static,0.3921784,0.43913916
2016-09-22,core,22,static,0.34853488,0.39964944
2016-09-23,core,22,static,0.40524554,0.40094092
2016-09-26,core,22,static,0.383498,0.5043311
2016-09-27,core,22,static,0.63465077,0.6636471
2016-09-28,core,22,static,0.35726416,0.4550918
2016-09-29,core,22,static,0.29729545,0.3822558
2016-09-30,core,22,static,0.46877646,0.48133066
2016-10-04,core,22,static,0.3784458,0.33955222
2016-10-05,core,22,static,0.36899102,0.4988935
2016-10-06,core,22,static,0.38234252,0.42612374
2016-10-07,core,22,static,0.31698453,0.4971736
2016-10-10,core,22,static,0.6045508,0.5102198
2016-10-11,core,22,static,0.5978912,0.59088355
2016-10-12,core,22,static,0.55751145,0.4750455
2016-10-13,core,22,static,0.44808808,0.5950412
2016-10-14,core,22,static,0.47312167,0.41666788
2016-10-17,core,22,static,0.68644565,0.5655089
2016-10-18,core,22,static,0.418896,0.43256754
2016-10-19,core,22,static,0.45984432,0.47246414
2016-10-20,core,22,static,0.35656762,0.4373331
2016-10-21,core,22,static,0.47723594,0.4456284
2016-10-24,core,22,static,0.37482077,0.38802132
2016-10-25,core,22,static,0.4140349,0.42265314
2016-10-26,core,22,static,0.5388524,0.5639926
2016-10-27,core,22,static,0.43967706,0.42982912
2016-10-28,core,22,static,0.3825934,0.49710542
2016-10-31,core,22,static,0.44077244,0.4044905
2016-11-01,core,22,static,0.56304723,0.52833635
2016-11-02,core,22,static,0.48225862,0.5579456
2016-11-03,core,22,static,0.6624814,0.49279794
2016-11-04,core,22,static,0.5025194,0.4586118
2016-11-07,core,22,static,0.52930874,0.39413345
2016-11-08,core,22,static,0.44146258,0.48709488
2016-11-09,core,22,static,2.031196,1.627665
2016-11-10,core,22,static,0.46837845,0.63711935
2016-11-11,core,22,static,0.48504636,0.58946365
2016-11-14,core,22,static,0.4617539,0.63977355
2016-11-15,core,22,static,0.48922154,0.5197422
2016-11-16,core,22,static,0.3855118,0.43281156
2016-11-17,core,22,static,0.54448164,0.46951628
2016-11-18,core,22,static,0.4159238,0.50106406
2016-11-21,core,22,static,0.42698252,0.4869395
2016-11-22,core,22,static,0.36072382,0.43862203
2016-11-23,core,22,static,0.38413358,0.47097486
2016-11-24,core,22,static,0.5426249,0.55852884
2016-11-25,core,22,static,0.52109605,0.41464394
2016-11-28,core,22,static,0.6419536,0.5368064
2016-11-29,core,22,static,0.4388843,0.41470033
2016-11-30,core,22,static,0.47073472,0.4308255
2016-12-01,core,22,static,0.43158138,0.42323056
2016-12-02,core,22,static,0.45268583,0.50963545
2016-12-05,core,22,static,0.51245755,0.41255647
2016-12-06,core,22,static,0.46353978,0.400683
2016-12-07,core,22,static,0.2964239,0.42834735
2016-12-08,core,22,static,0.375222,0.49091035
2016-12-09,core,22,static,0.3604839,0.38697976
2016-12-12,core,22,static,0.34406453,0.42134207
2016-12-13,core,22,static,0.31548974,0.3935635
2016-12-14,core,22,static,0.37817597,0.43700403
2016-12-15,core,22,static,0.41790086,0.50185597
2016-12-16,core,22,static,0.4112296,0.408216
2016-12-19,core,22,static,0.3391854,0.4034881
2016-12-20,core,22,static,0.29216132,0.34326604
2016-12-21,core,22,static,0.3347647,0.45324337
2016-12-22,core,22,static,0.32726452,0.38885346
2016-12-23,core,22,static,0.35389754,0.36137116
2016-12-26,core,22,static,0.32329482,0.3515147
2016-12-27,core,22,static,0.27221918,0.33462304
2016-12-28,core,22,static,0.34114155,0.3691343
2016-12-29,core,22,static,0.40297145,0.39052093
2017-01-02,core,22,static,0.53621113,0.483514
2017-01-03,core,22,static,0.38115823,0.37541747
2017-01-04,core,22,static,0.35621893,0.35817295
2017-01-05,core,22,static,0.41227186,0.38056004
2017-01-06,core,22,static,0.2692462,0.36148316
2017-01-09,core,22,static,0.33090684,0.38173515
2017-01-10,core,22,static,0.3025251,0.3667022
2017-01-11,core,22,static,0.48505434,0.52318627
2017-01-12,core,22,static,0.39794284,0.42847258
2017-01-13,core,22,static,0.3050763,0.39915016
2017-01-16,core,22,static,0.55418384,0.47895122
2017-01-17,core,22,static,0.43422714,0.42702162
2017-01-18,core,22,static,0.5064729,0.48262453
2017-01-19,core,22,static,0.5864657,0.5759171
2017-01-20,core,22,static,0.39905807,0.42166838
2017-01-23,core,22,static,0.63107663,0.48938194
2017-01-24,core,22,static,0.41072622,0.45874918
2017-01-25,core,22,static,0.43899965,0.45459938
2017-01-26,core,22,static,0.51218843,0.47769222
2017-01-31,core,22,static,0.34641507,0.40639746
2017-02-01,core,22,static,0.29706377,0.32943794
2017-02-02,core,22,static,0.47971916,0.5868025
2017-02-03,core,22,static,0.48435944,0.51385343
2017-02-06,core,22,static,0.49512172,0.48870802
2017-02-07,core,22,static,0.44516364,0.39238825
2017-02-08,core,22,static,0.5552887,0.5072357
2017-02-09,core,22,static,0.46376044,0.41394177
2017-02-10,core,22,static,0.40003085,0.41563493
2017-02-13,core,22,static,0.4178162,0.40277055
2017-02-14,core,22,static,0.37659693,0.4438553
2017-02-15,core,22,static,0.44485363,0.45240757
2017-02-16,core,22,static,0.44746262,0.45765778
2017-02-17,core,22,static,0.4090683,0.40637368
2017-02-20,core,22,static,0.40149304,0.3871381
2017-02-21,core,22,static,0.48444274,0.48821253
2017-02-22,core,22,static,0.29227963,0.38145366
2017-02-23,core,22,static,0.28353712,0.3552779
2017-02-24,core,22,static,0.5001797,0.48298663
2017-02-27,core,22,static,0.44817,0.44434303
2017-02-28,core,22,static,0.28582513,0.38349104
2017-03-02,core,22,static,0.40378046,0.4543648
2017-03-03,core,22,static,0.47616363,0.5309015
2017-03-06,core,22,static,0.4527407,0.47831523
2017-03-07,core,22,static,0.45490617,0.41692954
2017-03-08,core,22,static,0.46957126,0.42797995
2017-03-09,core,22,static,0.36786202,0.42183238
2017-03-10,core,22,static,0.8348908,0.53118545
2017-03-13,core,22,static,0.33446267,0.5009886
2017-03-14,core,22,static,0.32904154,0.38800073
2017-03-15,core,22,static,0.39969143,0.42275888
2017-03-16,core,22,static,0.36488044,0.3858446
2017-03-17,core,22,static,0.35387918,0.45952663
2017-03-20,core,22,static,0.2944158,0.38445163
2017-03-21,core,22,static,0.45589474,0.45904785
2017-03-22,core,22,static,0.44596022,0.42839777
2017-03-23,core,22,static,0.45875955,0.416794
2017-03-24,core,22,static,0.4053544,0.5008643
2017-03-27,core,22,static,0.46149203,0.40691388
2017-03-28,core,22,static,0.30706987,0.40737104
2017-03-29,core,22,static,0.35797924,0.39674225
2017-03-30,core,22,static,0.4055572,0.42944247
2017-03-31,core,22,static,0.4213343,0.3808385
2017-04-03,core,22,static,0.31691495,0.3973295
2017-04-04,core,22,static,0.32676655,0.3742966
2017-04-05,core,22,static,0.40551054,0.4621247
2017-04-06,core,22,static,0.4142728,0.41924834
2017-04-07,core,22,static,0.39663696,0.44983476
2017-04-10,core,22,static,0.49851382,0.46806777
2017-04-11,core,22,static,0.41371098,0.48018193
2017-04-12,core,22,static,0.31084672,0.36977482
2017-04-13,core,22,static,0.37633115,0.47110537
2017-04-14,core,22,static,0.3521896,0.44279617
2017-04-17,core,22,static,0.45371473,0.39891905
2017-04-18,core,22,static,0.38381398,0.44376072
2017-04-19,core,22,static,0.47931102,0.43914494
2017-04-20,core,22,static,0.39942238,0.4442498
2017-04-21,core,22,static,0.3337946,0.42952073
2017-04-24,core,22,static,0.32348567,0.39768752
2017-04-25,core,22,static,0.3326416,0.47787726
2017-04-26,core,22,static,0.36705443,0.3751042
2017-04-27,core,22,static,0.38127685,0.39069545
2017-04-28,core,22,static,0.45892343,0.4557244
2017-05-02,core,22,static,0.46510407,0.38565826
2017-05-04,core,22,static,0.46709982,0.40636855
2017-05-08,core,22,static,0.5023997,0.81657785
2017-05-10,core,22,static,1.3575698,1.0508251
2017-05-11,core,22,static,0.59658635,0.6525311
2017-05-12,core,22,static,0.56561357,0.5727201
2017-05-15,core,22,static,0.6342638,0.55601746
2017-05-16,core,22,static,0.4776984,0.6046824
2017-05-17,core,22,static,0.43275765,0.4917319
2017-05-18,core,22,static,0.5550052,0.5185088
2017-05-19,core,22,static,0.4121522,0.48968333
2017-05-22,core,22,static,0.41639403,0.43285596
2017-05-23,core,22,static,0.5663683,0.5478291
2017-05-24,core,22,static,0.36416286,0.41456354
2017-05-25,core,22,static,0.48595387,0.5004859
2017-05-26,core,22,static,0.6024409,0.54017586
2017-05-29,core,22,static,0.58480686,0.6272129
2017-05-30,core,22,static,0.6690707,0.60366285
2017-05-31,core,22,static,0.524535,0.5055205
2017-06-01,core,22,static,0.5477483,0.49487257
2017-06-02,core,22,static,0.39423275,0.46839523
2017-06-05,core,22,static,0.4407,0.4340475
2017-06-07,core,22,static,0.45335045,0.45097524
2017-06-08,core,22,static,0.4619889,0.4789307
2017-06-09,core,22,static,0.48759967,0.4745764
2017-06-12,core,22,static,0.4898459,0.47389773
2017-06-13,core,22,static,0.5139743,0.44170454
2017-06-14,core,22,static,0.4065176,0.51362747
2017-06-15,core,22,static,0.49458447,0.58927757
2017-06-16,core,22,static,0.39952758,0.42281318
2017-06-19,core,22,static,0.47669643,0.48430848
2017-06-20,core,22,static,0.47008553,0.44893646
2017-06-21,core,22,static,0.52882403,0.44967386
2017-06-22,core,22,static,0.48889878,0.4533394
2017-06-23,core,22,static,0.4326211,0.424911
2017-06-26,core,22,static,0.45162526,0.40183935
2017-06-27,core,22,static,0.31756493,0.43651006
2017-06-28,core,22,static,0.2789895,0.39231163
2017-06-29,core,22,static,0.37794366,0.3527137
2017-06-30,core,22,static,0.31901178,0.41180262
2017-07-03,core,22,static,0.2887885,0.4262967
2017-07-04,core,22,static,0.4441377,0.42492527
2017-07-05,core,22,static,0.34599558,0.41522375
2017-07-06,core,22,static,0.30942437,0.4136702
2017-07-07,core,22,static,0.36535043,0.40793955
2017-07-10,core,22,static,0.38317055,0.41023636
2017-07-11,core,22,static,0.33334345,0.37524545
2017-07-12,core,22,static,0.3145693,0.37477067
2017-07-13,core,22,static,0.32320786,0.4153937
2017-07-14,core,22,static,0.35490644,0.38954505
2017-07-17,core,22,static,0.34857568,0.3620004
2017-07-18,core,22,static,0.30876806,0.34210563
2017-07-19,core,22,static,0.34112093,0.37000316
2017-07-20,core,22,static,0.33308032,0.39255923
2017-07-21,core,22,static,0.27601123,0.41512787
2017-07-24,core,22,static,0.28912455,0.3732702
2017-07-25,core,22,static,0.3574759,0.39076966
2017-07-26,core,22,static,0.47764468,0.44840407
2017-07-27,core,22,static,0.3645926,0.396133
2017-07-28,core,22,static,0.554706,0.63890713
2017-07-31,core,22,static,0.44980392,0.49603653
2017-08-01,core,22,static,0.5999973,0.62933284
2017-08-02,core,22,static,0.33362812,0.39979756
2017-08-03,core,22,static,0.85689783,0.7873654
2017-08-04,core,22,static,0.6797277,0.5202253
2017-08-07,core,22,static,0.47577247,0.55849534
2017-08-08,core,22,static,0.7355776,0.595633
2017-08-09,core,22,static,0.5036802,0.5709596
2017-08-10,core,22,static,0.78194296,0.6992634
2017-08-11,core,22,static,0.7780952,0.74019367
2017-08-14,core,22,static,0.50498015,0.50540006
2017-08-16,core,22,static,0.40589043,0.4963826
2017-08-17,core,22,static,0.4383999,0.46581337
2017-08-18,core,22,static,0.42694488,0.6036005
2017-08-21,core,22,static,0.32942408,0.41570553
2017-08-22,core,22,static,0.4816819,0.34030753
2017-08-23,core,22,static,0.3237646,0.4699545
2017-08-24,core,22,static,0.37980905,0.4164635
2017-08-25,core,22,static,0.53273207,0.4160937
2017-08-28,core,22,static,0.48396522,0.46997166
2017-08-29,core,22,static,0.55525976,0.59556377
2017-08-30,core,22,static,0.3059023,0.39172474
2017-08-31,core,22,static,0.42101514,0.5309903
2017-09-01,core,22,static,0.43719873,0.49535507
2017-09-04,core,22,static,0.80571175,0.53809804
2017-09-05,core,22,static,0.48322672,0.5306433
2017-09-06,core,22,static,0.38746855,0.44594264
2017-09-07,core,22,static,0.41732684,0.45770717
2017-09-08,core,22,static,0.33410913,0.44936258
2017-09-11,core,22,static,0.4273295,0.40456605
2017-09-12,core,22,static,0.38387138,0.3921566
2017-09-13,core,22,static,0.532784,0.42828646
2017-09-14,core,22,static,0.5249362,0.4558268
2017-09-15,core,22,static,0.46454814,0.5257664
2017-09-18,core,22,static,0.43466046,0.50589174
2017-09-19,core,22,static,0.38876596,0.4179412
2017-09-20,core,22,static,0.4890798,0.5473862
2017-09-21,core,22,static,0.46683878,0.44056606
2017-09-22,core,22,static,0.5842754,0.567915
2017-09-25,core,22,static,0.37923086,0.50464815
2017-09-26,core,22,static,0.52595836,0.4482711
2017-09-27,core,22,static,0.42178652,0.41498703
2017-09-28,core,22,static,0.47142658,0.4375307
2017-09-29,core,22,static,0.44898203,0.40962505
2017-10-10,core,22,static,0.37124217,0.3816297
2017-10-11,core,22,static,0.4241728,0.42667866
2017-10-12,core,22,static,0.46717745,0.4484256
2017-10-13,core,22,static,0.44696584,0.44420123
2017-10-16,core,22,static,0.41054747,0.46216202
2017-10-17,core,22,static,0.33732888,0.35372812
2017-10-18,core,22,static,0.46548337,0.425574
2017-10-19,core,22,static,0.42848444,0.50068563
2017-10-20,core,22,static,0.36247987,0.40080792
2017-10-23,core,22,static,0.40933284,0.4458884
2017-10-24,core,22,static,0.3371137,0.37221408
2017-10-25,core,22,static,0.5181344,0.43162
2017-10-26,core,22,static,0.37531456,0.45331144
2017-10-27,core,22,static,0.34875175,0.4542861
2017-10-30,core,22,static,0.3732904,0.44847316
2017-10-31,core,22,static,0.42233425,0.52183634
2017-11-01,core,22,static,0.44627354,0.43464983
2017-11-02,core,22,static,0.37131804,0.49136582
2017-11-03,core,22,static,0.4803873,0.4562855
2017-11-06,core,22,static,0.54080886,0.56633466
2017-11-07,core,22,static,0.5429577,0.43875408
2017-11-08,core,22,static,0.55050635,0.5015465
2017-11-09,core,22,static,0.57365763,0.5308381
2017-11-10,core,22,static,0.43465102,0.45493674
2017-11-13,core,22,static,0.49514338,0.52974147
2017-11-14,core,22,static,0.4631327,0.42224142
2017-11-15,core,22,static,0.52593166,0.44915217
2017-11-16,core,22,static,0.46143925,0.4958188
2017-11-17,core,22,static,0.6370275,0.55444854
2017-11-20,core,22,static,0.42193073,0.50615877
2017-11-21,core,22,static,0.4664672,0.43960226
2017-11-22,core,22,static,0.49178496,0.44200873
2017-11-23,core,22,static,0.33769703,0.43549794
2017-11-24,core,22,static,0.30684665,0.38688743
2017-11-27,core,22,static,0.63174343,0.64828914
2017-11-28,core,22,static,0.51561844,0.4732896
2017-11-29,core,22,static,0.5209071,0.4615828
2017-11-30,core,22,static,0.6702991,0.6416568
2017-12-01,core,22,static,0.5584041,0.5157281
2017-12-04,core,22,static,0.5248996,0.5103156
2017-12-05,core,22,static,0.52887315,0.54102576
2017-12-06,core,22,static,0.5514562,0.6616228
2017-12-07,core,22,static,0.6752934,0.6778304
2017-12-08,core,22,static,0.45889714,0.51987207
2017-12-11,core,22,static,0.47102973,0.441853
2017-12-12,core,22,static,0.4695583,0.48577797
2017-12-13,core,22,static,0.502327,0.4666024
2017-12-14,core,22,static,0.61404777,0.8134016
2017-12-15,core,22,static,0.5297589,0.51576734
2017-12-18,core,22,static,0.47358662,0.4702003
2017-12-19,core,22,static,0.6413977,0.5999479
2017-12-20,core,22,static,0.3649534,0.4857391
2017-12-21,core,22,static,0.7004087,0.76127374
2017-12-22,core,22,static,0.5317793,0.54212904
2017-12-26,core,22,static,0.5612138,0.5781476
2017-12-27,core,22,static,0.5643131,0.5622163
2017-12-28,core,22,static,0.5650448,0.55688065
2018-01-02,core,22,static,0.50195986,0.41999143
2018-01-03,core,22,static,0.55601066,0.40665737
2018-01-04,core,22,static,0.60766953,0.6666129
2018-01-05,core,22,static,0.32537127,0.5287079
2018-01-08,core,22,static,0.6691721,0.5022538
2018-01-09,core,22,static,0.589738,0.6101494
2018-01-10,core,22,static,0.609798,0.5664087
2018-01-11,core,22,static,0.5916006,0.5258926
2018-01-12,core,22,static,0.61880475,0.53572446
2018-01-15,core,22,static,0.48673365,0.49566385
2018-01-16,core,22,static,0.45485097,0.5569068
2018-01-17,core,22,static,0.5304574,0.48105812
2018-01-18,core,22,static,0.50200415,0.5108709
2018-01-19,core,22,static,0.42358023,0.42533684
2018-01-22,core,22,static,0.66856754,0.5407643
2018-01-23,core,22,static,0.5769514,0.52102953
2018-01-24,core,22,static,0.4336639,0.48587605
2018-01-25,core,22,static,0.4474603,0.54522544
2018-01-26,core,22,static,0.41339415,0.50205064
2018-01-29,core,22,static,0.46647355,0.43554065
2018-01-30,core,22,static,0.54076123,0.5388291
2018-01-31,core,22,static,0.7986268,0.7723122
2018-02-01,core,22,static,0.5135922,0.56473273
2018-02-02,core,22,static,0.6944563,0.8219039
2018-02-06,core,22,static,1.3759223,1.0402714
2018-02-07,core,22,static,1.1224344,1.5857377
2018-02-08,core,22,static,1.4082813,1.032644
2018-02-09,core,22,static,0.924383,1.0485125
2018-02-12,core,22,static,0.73894906,0.81889874
2018-02-13,core,22,static,0.7352547,0.8295028
2018-02-14,core,22,static,0.6576986,0.5251534
2018-02-19,core,22,static,0.744649,0.6405975
2018-02-20,core,22,static,0.60137486,0.65461797
2018-02-21,core,22,static,0.8948334,0.64203876
2018-02-22,core,22,static,0.7651857,0.71569115
2018-02-23,core,22,static,0.5396386,0.64752233
2018-02-26,core,22,static,0.44420412,0.55973
2018-02-27,core,22,static,0.5382551,0.597571
2018-02-28,core,22,static,0.6677766,0.6712461
2018-03-02,core,22,static,0.7076289,0.66411775
2018-03-05,core,22,static,0.8297359,0.73803574
2018-03-06,core,22,static,0.5992369,0.51731193
2018-03-07,core,22,static,0.8678764,0.77567416
2018-03-08,core,22,static,0.57723534,0.6029692
2018-03-09,core,22,static,0.9048038,0.8094385
2018-03-12,core,22,static,0.60006213,0.5168419
2018-03-13,core,22,static,0.5792436,0.55507475
2018-03-14,core,22,static,0.52837044,0.5273606
2018-03-15,core,22,static,0.5437149,0.6101008
2018-03-16,core,22,static,0.6200851,0.6072258
2018-03-19,core,22,static,0.62999684,0.5842106
2018-03-20,core,22,static,0.5908735,0.6250929
2018-03-21,core,22,static,0.44412887,0.4666482
2018-03-22,core,22,static,0.68458426,0.5521762
2018-03-23,core,22,static,0.7553705,0.9575623
2018-03-26,core,22,static,0.76247865,0.79421306
2018-03-27,core,22,static,0.53506243,0.5358904
2018-03-28,core,22,static,0.673325,0.6438182
2018-03-29,core,22,static,0.5691548,0.6166567
2018-03-30,core,22,static,0.511162,0.47888404
2018-04-02,core,22,static,0.6385989,0.59407574
2018-04-03,core,22,static,0.64242345,0.5878319
2018-04-04,core,22,static,0.61185294,0.7536561
2018-04-05,core,22,static,0.56049514,0.60308015
2018-04-06,core,22,static,0.5418958,0.5756555
2018-04-09,core,22,static,0.603467,0.5328358
2018-04-10,core,22,static,0.74254316,0.6911107
2018-04-11,core,22,static,0.52584124,0.5356112
2018-04-12,core,22,static,0.46946838,0.49433067
2018-04-13,core,22,static,0.48597175,0.468514
2018-04-16,core,22,static,0.41321504,0.50042105
2018-04-17,core,22,static,0.4030222,0.45737976
2018-04-18,core,22,static,0.47746107,0.41694918
2018-04-19,core,22,static,0.3500298,0.4490101
2018-04-20,core,22,static,0.38361907,0.43117702
2018-04-23,core,22,static,0.59864664,0.41169786
2018-04-24,core,22,static,0.5900663,0.5249804
2018-04-25,core,22,static,0.5728207,0.5020783
2018-04-26,core,22,static,0.4661938,0.5337847
2018-04-27,core,22,static,0.58571786,0.57840234
2018-04-30,core,22,static,0.29974332,0.4030036
2018-05-02,core,22,static,0.5317291,0.47006655
2018-05-03,core,22,static,0.38037953,0.51162004
2018-05-04,core,22,static,0.8299641,0.58156323
2018-05-08,core,22,static,0.63835526,0.67275023
2018-05-09,core,22,static,0.7415112,0.5677936
2018-05-10,core,22,static,0.524455,0.4600523
2018-05-11,core,22,static,0.5472272,0.4939187
2018-05-14,core,22,static,0.40309787,0.465761
2018-05-15,core,22,static,0.4819849,0.50430816
2018-05-16,core,22,static,0.5249877,0.5063259
2018-05-17,core,22,static,0.504751,0.57043344
2018-05-18,core,22,static,0.37123322,0.4228629
2018-05-21,core,22,static,0.5899091,0.5202802
2018-05-23,core,22,static,0.4946166,0.45321357
2018-05-24,core,22,static,0.50533944,0.539972
2018-05-25,core,22,static,0.61002725,0.5593142
2018-05-28,core,22,static,0.4808087,0.4510269
2018-05-29,core,22,static,0.5040798,0.50352675
2018-05-30,core,22,static,0.8468387,0.8851002
2018-05-31,core,22,static,0.58737284,0.51364243
2018-06-01,core,22,static,0.5391277,0.65454775
2018-06-04,core,22,static,0.47376427,0.43579683
2018-06-05,core,22,static,0.64105666,0.54090685
2018-06-07,core,22,static,0.44492972,0.42052847
2018-06-08,core,22,static,0.5250526,0.52660936
2018-06-11,core,22,static,0.329443,0.48921156
2018-06-12,core,22,static,0.5726167,0.45045358
2018-06-14,core,22,static,0.5893106,0.71267277
2018-06-15,core,22,static,0.43506518,0.6834174
2018-06-18,core,22,static,0.5933432,0.7265243
2018-06-19,core,22,static,0.7605105,0.81070465
2018-06-20,core,22,static,0.9390088,0.6391455
2018-06-21,core,22,static,0.675875,0.8567816
2018-06-22,core,22,static,0.81111634,0.7908428
2018-06-25,core,22,static,0.6731689,0.7050557
2018-06-26,core,22,static,0.8809193,0.7484779
2018-06-27,core,22,static,0.58874965,0.6009183
2018-06-28,core,22,static,0.7575209,0.6963069
2018-06-29,core,22,static,0.8233925,0.768347
2018-07-02,core,22,static,0.732432,1.1027824
2018-07-03,core,22,static,0.9579573,0.95994633
2018-07-04,core,22,static,0.7959366,0.7633909
2018-07-05,core,22,static,0.82799333,0.7899098
2018-07-06,core,22,static,0.842396,0.8384944
2018-07-09,core,22,static,0.6719653,0.70951504
2018-07-10,core,22,static,0.48954758,0.5249827
2018-07-11,core,22,static,0.635452,0.641637
2018-07-12,core,22,static,0.541959,0.5886143
2018-07-13,core,22,static,0.66376597,0.55434316
2018-07-16,core,22,static,0.47625157,0.566055
2018-07-17,core,22,static,0.6909655,0.513577
2018-07-18,core,22,static,0.5686658,0.7225371
2018-07-19,core,22,static,0.63734394,0.61727923
2018-07-20,core,22,static,0.77456194,0.61584306
2018-07-23,core,22,static,0.71465874,0.6285334
2018-07-24,core,22,static,0.5560328,0.5899518
2018-07-25,core,22,static,0.5566565,0.6024328
2018-07-26,core,22,static,0.53365874,0.552309
2018-07-27,core,22,static,0.4896239,0.4342007
2018-07-30,core,22,static,0.60400695,0.469436
2018-07-31,core,22,static,0.4818809,0.42132723
2018-08-01,core,22,static,0.49417087,0.40944904
2018-08-02,core,22,static,0.55862355,0.81200117
2018-08-03,core,22,static,0.44794852,0.50135434
2018-08-06,core,22,static,0.55782104,0.5235985
2018-08-07,core,22,static,0.5077453,0.5071589
2018-08-08,core,22,static,0.38903806,0.44831106
2018-08-09,core,22,static,0.5795095,0.42795116
2018-08-10,core,22,static,0.64872575,0.520375
2018-08-13,core,22,static,0.6422989,0.67751235
2018-08-14,core,22,static,0.49295643,0.4794802
2018-08-16,core,22,static,0.7887324,0.6834104
2018-08-17,core,22,static,0.3888017,0.48165464
2018-08-20,core,22,static,0.5653866,0.5132363
2018-08-21,core,22,static,0.5020699,0.5224577
2018-08-22,core,22,static,0.4246906,0.43169266
2018-08-23,core,22,static,0.45294395,0.45469823
2018-08-24,core,22,static,0.55311584,0.5700061
2018-08-27,core,22,static,0.39814794,0.4327762
2018-08-28,core,22,static,0.46395722,0.44671544
2018-08-29,core,22,static,0.38262826,0.39992857
2018-08-30,core,22,static,0.4776508,0.44112748
2018-08-31,core,22,static,0.4617814,0.5730937
2018-09-03,core,22,static,0.428776,0.44194156
2018-09-04,core,22,static,0.39786705,0.43510705
2018-09-05,core,22,static,0.44467092,0.55312896
2018-09-06,core,22,static,0.5141736,0.4739256
2018-09-07,core,22,static,0.70040905,0.5437601
2018-09-10,core,22,static,0.37834287,0.4453686
2018-09-11,core,22,static,0.53783274,0.5130274
2018-09-12,core,22,static,0.4302788,0.508073
2018-09-13,core,22,static,0.42830923,0.40291578
2018-09-14,core,22,static,0.4561431,0.38876942
2018-09-17,core,22,static,0.35485968,0.47465283
2018-09-18,core,22,static,0.4616422,0.5242924
2018-09-19,core,22,static,0.44473305,0.4838993
2018-09-20,core,22,static,0.5008912,0.49921677
2018-09-21,core,22,static,0.4410776,0.41128185
2018-09-27,core,22,static,0.47088003,0.47239774
2018-09-28,core,22,static,0.48419026,0.5175417
2018-10-01,core,22,static,0.4943643,0.5123441
2018-10-02,core,22,static,0.48979652,0.5874606
2018-10-04,core,22,static,0.7401666,0.79919386
2018-10-05,core,22,static,0.8065761,0.7286145
2018-10-08,core,22,static,0.55835587,0.60968214
2018-10-10,core,22,static,0.83971167,0.6849453
2018-10-11,core,22,static,1.0540719,1.4732829
2018-10-12,core,22,static,0.9823882,1.0007842
2018-10-15,core,22,static,0.7597328,0.8413219
2018-10-16,core,22,static,0.6612869,0.7289727
2018-10-17,core,22,static,0.6689484,0.5606911
2018-10-18,core,22,static,0.6124943,0.6388911
2018-10-19,core,22,static,0.90396863,0.83634764
2018-10-22,core,22,static,0.65464485,0.7247919
2018-10-23,core,22,static,0.79869413,1.0110029
2018-10-24,core,22,static,1.0101825,0.9251447
2018-10-25,core,22,static,1.2034954,1.0430417
2018-10-26,core,22,static,1.4175036,1.3601338
2018-10-29,core,22,static,1.2363508,1.285916
2018-10-30,core,22,static,1.4563276,1.1492043
2018-10-31,core,22,static,1.0390601,0.9821689
2018-11-01,core,22,static,0.94414973,1.006567
2018-11-02,core,22,static,0.7913712,0.90353584
2018-11-05,core,22,static,0.9511913,0.93631035
2018-11-06,core,22,static,0.90530014,0.7810684
2018-11-07,core,22,static,1.0367223,0.9945051
2018-11-08,core,22,static,0.5996522,0.88230014
2018-11-09,core,22,static,0.7839538,0.70419234
2018-11-12,core,22,static,0.6026729,0.77985156
2018-11-13,core,22,static,0.97934544,0.90613896
2018-11-14,core,22,static,0.74976957,0.6753331
2018-11-15,core,22,static,0.95467246,0.73765665
2018-11-16,core,22,static,0.8288098,0.6517157
2018-11-19,core,22,static,0.8961883,0.70101875
2018-11-20,core,22,static,0.67195773,0.69367224
2018-11-21,core,22,static,0.58556443,0.76178837
2018-11-22,core,22,static,0.48702475,0.6349656
2018-11-23,core,22,static,0.7685168,0.76296777
2018-11-27,core,22,static,0.5834283,0.52576417
2018-11-28,core,22,static,0.45220104,0.56364876
2018-11-29,core,22,static,0.60476553,0.6812344
2018-11-30,core,22,static,0.5886905,0.71794486
2018-12-03,core,22,static,0.68153924,0.5579944
2018-12-04,core,22,static,0.5445994,0.66550857
2018-12-05,core,22,static,0.56843424,0.6219223
2018-12-06,core,22,static,0.6095563,0.8120728
2018-12-07,core,22,static,0.5924383,0.7185588
2018-12-10,core,22,static,0.6433859,0.6081608
2018-12-11,core,22,static,0.6609957,0.5142139
2018-12-12,core,22,static,0.6956875,0.547247
2018-12-13,core,22,static,0.72408855,0.5711334
2018-12-14,core,22,static,0.7188342,0.79244643
2018-12-17,core,22,static,0.53072983,0.48541433
2018-12-18,core,22,static,0.6521278,0.6138877
2018-12-19,core,22,static,0.47295922,0.537585
2018-12-20,core,22,static,0.8710768,0.64878327
2018-12-21,core,22,static,0.6061809,0.49774978
2018-12-24,core,22,static,0.78516436,0.5210053
2018-12-26,core,22,static,0.879256,0.68443245
2018-12-27,core,22,static,0.78099734,0.5690885
2018-12-28,core,22,static,0.60280275,0.5123353
2019-01-02,core,22,static,0.9284962,0.964279
2019-01-03,core,22,static,0.76937395,0.7922391
2019-01-04,core,22,static,0.9603191,0.7516251
2019-01-07,core,22,static,0.596431,0.5745279
2019-01-08,core,22,static,0.5111342,0.64129204
2019-01-09,core,22,static,0.61086947,0.60841054
2019-01-10,core,22,static,0.5482217,0.59730583
2019-01-11,core,22,static,0.5898902,0.49769413
2019-01-14,core,22,static,0.42138827,0.51904124
2019-01-15,core,22,static,0.6759469,0.5889179
2019-01-16,core,22,static,0.56711286,0.5234545
2019-01-17,core,22,static,0.66810846,0.5814933
2019-01-18,core,22,static,0.44543266,0.41096574
2019-01-21,core,22,static,0.62634444,0.5390906
2019-01-22,core,22,static,0.60353917,0.5642488
2019-01-23,core,22,static,0.51928467,0.57846826
2019-01-24,core,22,static,0.6640924,0.54617935
2019-01-25,core,22,static,0.5400761,0.64213675
2019-01-28,core,22,static,0.64575857,0.58899266
2019-01-29,core,22,static,0.5906731,0.62328106
2019-01-30,core,22,static,0.65107256,0.587977
2019-01-31,core,22,static,0.7285996,0.6360943
2019-02-01,core,22,static,0.5539258,0.5683696
2019-02-07,core,22,static,0.6790316,0.57341415
2019-02-08,core,22,static,0.5708925,0.63688195
2019-02-11,core,22,static,0.4614692,0.5237755
2019-02-12,core,22,static,0.57275265,0.4706086
2019-02-13,core,22,static,0.44701397,0.39829367
2019-02-14,core,22,static,0.48624977,0.7083226
2019-02-15,core,22,static,0.67290115,0.62570393
2019-02-18,core,22,static,0.48367992,0.48126033
2019-02-19,core,22,static,0.6155199,0.54629374
2019-02-20,core,22,static,0.52544653,0.4983517
2019-02-21,core,22,static,0.5323978,0.58404547
2019-02-22,core,22,static,0.5406673,0.5037151
2019-02-25,core,22,static,0.47330192,0.48215175
2019-02-26,core,22,static,0.4936881,0.440666
2019-02-27,core,22,static,0.5037446,0.41279453
2019-02-28,core,22,static,0.92397344,0.8050036
2019-03-04,core,22,static,0.64611864,0.7056617
2019-03-05,core,22,static,0.59529656,0.5348526
2019-03-06,core,22,static,0.51380426,0.48477474
2019-03-07,core,22,static,0.5759724,0.6482866
2019-03-08,core,22,static,0.536695,0.64626795
2019-03-11,core,22,static,0.51650745,0.5764035
2019-03-12,core,22,static,0.5089075,0.38735515
2019-03-13,core,22,static,0.55918586,0.5502078
2019-03-14,core,22,static,0.69509447,0.50229484
2019-03-15,core,22,static,0.6786419,0.6306938
2019-03-18,core,22,static,0.4490796,0.4679908
2019-03-19,core,22,static,0.44854522,0.4789142
2019-03-20,core,22,static,0.67536366,0.60363895
2019-03-21,core,22,static,0.66217667,0.595418
2019-03-22,core,22,static,0.5033251,0.5400595
2019-03-25,core,22,static,0.43661532,0.6026086
2019-03-26,core,22,static,0.49395978,0.41984957
2019-03-27,core,22,static,0.6899357,0.58396834
2019-03-28,core,22,static,0.6706694,0.5321629
2019-03-29,core,22,static,0.5518298,0.5580951
2019-04-01,core,22,static,0.45664388,0.4447107
2019-04-02,core,22,static,0.36144215,0.3898592
2019-04-03,core,22,static,0.51566744,0.5628541
2019-04-04,core,22,static,0.5919871,0.52379
2019-04-05,core,22,static,0.51925457,0.42724687
2019-04-08,core,22,static,0.5123613,0.48923707
2019-04-09,core,22,static,0.4496857,0.5051091
2019-04-10,core,22,static,0.48014227,0.49187464
2019-04-11,core,22,static,0.5340376,0.4710264
2019-04-12,core,22,static,0.44028127,0.5283951
2019-04-15,core,22,static,0.40747067,0.39155
2019-04-16,core,22,static,0.3219919,0.4174419
2019-04-17,core,22,static,0.43842065,0.40920538
2019-04-18,core,22,static,0.5309156,0.7198804
2019-04-19,core,22,static,0.4144328,0.43843633
2019-04-22,core,22,static,0.5566578,0.5412086
2019-04-23,core,22,static,0.40701708,0.42597878
2019-04-24,core,22,static,0.61955744,0.6820985
2019-04-25,core,22,static,0.55485576,0.50415176
2019-04-26,core,22,static,0.72152674,0.55521935
2019-04-29,core,22,static,0.52491474,0.6067844
2019-04-30,core,22,static,0.68583477,0.6849558
2019-05-02,core,22,static,0.59866214,0.63988703
2019-05-03,core,22,static,0.4779373,0.61418736
2019-05-07,core,22,static,0.58303875,0.4878512
2019-05-08,core,22,static,0.62740874,0.6177838
2019-05-09,core,22,static,0.7362842,1.3614051
2019-05-10,core,22,static,1.313459,0.9127789
2019-05-13,core,22,static,0.6890862,0.85395473
2019-05-14,core,22,static,0.85694784,0.92043066
2019-05-15,core,22,static,0.6930094,0.67911214
2019-05-16,core,22,static,0.7359276,0.81264526
2019-05-17,core,22,static,0.65519613,0.7823065
2019-05-20,core,22,static,0.77253944,0.70248514
2019-05-21,core,22,static,0.6395138,0.6316472
2019-05-22,core,22,static,0.7309624,0.65060115
2019-05-23,core,22,static,0.7258369,0.609803
2019-05-24,core,22,static,0.7309144,0.6414078
2019-05-27,core,22,static,0.6795934,0.6310616
2019-05-28,core,22,static,0.711294,0.5937763
2019-05-29,core,22,static,0.7383555,0.7424541
2019-05-30,core,22,static,0.714489,0.56739086
2019-05-31,core,22,static,0.8417236,0.7402268
2019-06-03,core,22,static,0.66955924,0.8108146
2019-06-04,core,22,static,0.62424713,0.54408073
2019-06-05,core,22,static,0.51530224,0.6572607
2019-06-07,core,22,static,0.6764708,0.6710184
2019-06-10,core,22,static,0.48184523,0.5483407
2019-06-11,core,22,static,0.4704116,0.55943364
2019-06-12,core,22,static,0.5863049,0.54826087
2019-06-13,core,22,static,0.7455525,0.6874288
2019-06-14,core,22,static,0.8651253,0.6170841
2019-06-17,core,22,static,0.4247762,0.60495645
2019-06-18,core,22,static,0.5229543,0.4550444
2019-06-19,core,22,static,0.4357139,0.40065053
2019-06-20,core,22,static,0.43176708,0.45324808
2019-06-21,core,22,static,0.37728238,0.46498114
2019-06-24,core,22,static,0.4593244,0.38544413
2019-06-25,core,22,static,0.51512194,0.5184511
2019-06-26,core,22,static,0.40397477,0.4614083
2019-06-27,core,22,static,0.6148308,0.55285275
2019-06-28,core,22,static,0.54358685,0.5162449
2019-07-01,core,22,static,0.59253216,0.54854494
2019-07-02,core,22,static,0.5319617,0.5230751
2019-07-03,core,22,static,0.6809259,0.690015
2019-07-04,core,22,static,0.53083926,0.5518003
2019-07-05,core,22,static,0.59597343,0.61132485
2019-07-08,core,22,static,0.7311243,0.76346105
2019-07-09,core,22,static,0.63317543,0.70846015
2019-07-10,core,22,static,0.53223544,0.51484716
2019-07-11,core,22,static,0.6092576,0.51004976
2019-07-12,core,22,static,0.49427682,0.5250172
2019-07-15,core,22,static,0.5757437,0.5081937
2019-07-16,core,22,static,0.6845,0.48640862
2019-07-17,core,22,static,0.5347872,0.54121673
2019-07-18,core,22,static,0.60851675,0.5094674
2019-07-19,core,22,static,0.5437367,0.51760864
2019-07-22,core,22,static,0.511214,0.47839808
2019-07-23,core,22,static,0.49994358,0.4352825
2019-07-24,core,22,static,0.5793747,0.57667243
2019-07-25,core,22,static,0.7161237,0.6887988
2019-07-26,core,22,static,0.57829916,0.5486049
2019-07-29,core,22,static,0.8799096,0.8310038
2019-07-30,core,22,static,0.47641116,0.5503324
2019-07-31,core,22,static,0.9222174,0.7482434
2019-08-01,core,22,static,0.68841547,0.7007975
2019-08-02,core,22,static,0.84896463,0.6431093
2019-08-05,core,22,static,1.0211527,1.0533774
2019-08-06,core,22,static,1.484804,1.3053125
2019-08-07,core,22,static,1.0996208,1.1253164
2019-08-08,core,22,static,0.92815804,0.8633179
2019-08-09,core,22,static,0.5159914,0.59556633
2019-08-12,core,22,static,0.56668067,0.6063765
2019-08-13,core,22,static,0.6010147,0.59901625
2019-08-14,core,22,static,0.53666717,0.49749115
2019-08-16,core,22,static,0.506742,0.60214114
2019-08-19,core,22,static,0.4380862,0.44223338
2019-08-20,core,22,static,0.5513106,0.58063096
2019-08-21,core,22,static,0.49984393,0.5548853
2019-08-22,core,22,static,0.6450491,0.56408006
2019-08-23,core,22,static,0.5643259,0.53277427
2019-08-26,core,22,static,0.59313625,0.5730448
2019-08-27,core,22,static,0.5408019,0.54675186
2019-08-28,core,22,static,0.506738,0.5034997
2019-08-29,core,22,static,0.77088475,0.56377906
2019-08-30,core,22,static,0.48729998,0.5109412
2019-09-02,core,22,static,0.42060363,0.49906033
2019-09-03,core,22,static,0.46074706,0.4852992
2019-09-04,core,22,static,0.64084554,0.5491511
2019-09-05,core,22,static,0.5175228,0.62758064
2019-09-06,core,22,static,0.44188112,0.4685315
2019-09-10,core,22,static,0.4645472,0.3891015
2019-09-11,core,22,static,0.5891835,0.40643495
2019-09-16,core,22,static,0.55733615,0.5298404
2019-09-17,core,22,static,0.38927358,0.4345081
2019-09-18,core,22,static,0.5622158,0.4731912
2019-09-19,core,22,static,0.61585087,0.5188055
2019-09-20,core,22,static,0.4513401,0.52749974
2019-09-23,core,22,static,0.40426698,0.42953014
2019-09-24,core,22,static,0.5260157,0.4582506
2019-09-25,core,22,static,0.69618875,0.5337996
2019-09-26,core,22,static,0.51503557,0.62720937
2019-09-27,core,22,static,0.48853964,0.63626266
2019-09-30,core,22,static,0.5457362,0.5938898
2019-10-01,core,22,static,0.5716477,0.51485693
2019-10-02,core,22,static,0.49776527,0.72568023
2019-10-04,core,22,static,0.88379955,0.6200276
2019-10-07,core,22,static,0.60894364,0.62639564
2019-10-08,core,22,static,0.5952094,0.52025753
2019-10-10,core,22,static,1.0106066,0.74365824
2019-10-11,core,22,static,0.46052435,0.52719325
2019-10-14,core,22,static,0.58545357,0.40504593
2019-10-15,core,22,static,0.6064588,0.4105221
2019-10-16,core,22,static,0.59798956,0.49769711
2019-10-17,core,22,static,0.55910295,0.5079195
2019-10-18,core,22,static,0.7058667,0.7195613
2019-10-21,core,22,static,0.5290702,0.45531398
2019-10-22,core,22,static,0.6156244,0.5305992
2019-10-23,core,22,static,0.5095138,0.5053094
2019-10-24,core,22,static,0.65481824,0.5878613
2019-10-25,core,22,static,0.510718,0.49255407
2019-10-28,core,22,static,0.5885731,0.4741482
2019-10-29,core,22,static,0.4937578,0.51772374
2019-10-30,core,22,static,0.6974592,0.55512697
2019-10-31,core,22,static,0.45347598,0.5635567
2019-11-01,core,22,static,0.6286192,0.54515475
2019-11-04,core,22,static,0.5168918,0.4547217
2019-11-05,core,22,static,0.4885944,0.47409254
2019-11-06,core,22,static,0.68208325,0.5464183
2019-11-07,core,22,static,0.6206656,0.48141813
2019-11-08,core,22,static,0.71452206,0.6098457
2019-11-11,core,22,static,0.5903803,0.5649332
2019-11-12,core,22,static,0.6194489,0.5193057
2019-11-13,core,22,static,0.5121189,0.55662346
2019-11-14,core,22,static,0.8766804,0.5201104
2019-11-15,core,22,static,0.7431917,0.63982385
2019-11-18,core,22,static,0.45491695,0.535736
2019-11-19,core,22,static,0.7765365,0.5553177
2019-11-20,core,22,static,0.63094217,0.6460138
2019-11-21,core,22,static,0.8004125,0.87862796
2019-11-22,core,22,static,0.6115706,0.57943994
2019-11-25,core,22,static,0.67888767,0.4744983
2019-11-26,core,22,static,0.6483119,0.6070598
2019-11-27,core,22,static,0.7303999,0.58351594
2019-11-28,core,22,static,0.5263722,0.5068056
2019-11-29,core,22,static,0.72310865,0.84760565
2019-12-02,core,22,static,0.46694157,0.566818
2019-12-03,core,22,static,0.5842627,0.59322494
2019-12-04,core,22,static,0.61338687,0.5711591
2019-12-05,core,22,static,0.56392145,0.743862
2019-12-06,core,22,static,0.5755424,0.49985912
2019-12-09,core,22,static,0.601427,0.42438716
2019-12-10,core,22,static,0.5532216,0.54071885
2019-12-11,core,22,static,0.5910824,0.52942306
2019-12-12,core,22,static,0.5365521,0.49916896
2019-12-13,core,22,static,0.50488144,0.40012336
2019-12-16,core,22,static,0.45997214,0.42617896
2019-12-17,core,22,static,0.6691943,0.54756093
2019-12-18,core,22,static,0.74346703,0.53575766
2019-12-19,core,22,static,0.49151647,0.557182
2019-12-20,core,22,static,0.58628047,0.46034268
2019-12-23,core,22,static,0.47409418,0.47706276
2019-12-24,core,22,static,0.51791275,0.5225896
2019-12-26,core,22,static,0.4991962,0.48563057
2019-12-27,core,22,static,0.75134546,0.8040952
2019-12-30,core,22,static,0.5212078,0.48828927
2013-12-19,momentum,60,static,0.48027983,0.66158557
2013-12-20,momentum,60,static,0.56459975,0.45755154
2013-12-23,momentum,60,static,0.4692802,0.4170028
2013-12-24,momentum,60,static,0.37592426,0.47630513
2013-12-26,momentum,60,static,0.34329724,0.4868238
2013-12-27,momentum,60,static,0.40542945,0.57106775
2013-12-30,momentum,60,static,0.39755836,0.4218436
2014-01-02,momentum,60,static,0.745619,1.0387721
2014-01-03,momentum,60,static,0.83173496,0.92445457
2014-01-06,momentum,60,static,0.66945153,0.6309684
2014-01-07,momentum,60,static,0.66912365,0.6382963
2014-01-08,momentum,60,static,0.6145574,0.5452566
2014-01-09,momentum,60,static,0.72558045,0.56512856
2014-01-10,momentum,60,static,0.8143008,0.68322736
2014-01-13,momentum,60,static,0.50973,0.4918546
2014-01-14,momentum,60,static,0.6865121,0.6907449
2014-01-15,momentum,60,static,0.45595104,0.4903767
2014-01-16,momentum,60,static,0.6030574,0.4098739
2014-01-17,momentum,60,static,0.5502644,0.57197505
2014-01-20,momentum,60,static,0.55134165,0.55865
2014-01-21,momentum,60,static,0.40762115,0.53346175
2014-01-22,momentum,60,static,0.40055934,0.48172015
2014-01-23,momentum,60,static,0.55819607,0.638868
2014-01-24,momentum,60,static,0.6551958,0.65594757
2014-01-27,momentum,60,static,0.6563229,0.7111353
2014-01-28,momentum,60,static,0.5331622,0.5774214
2014-01-29,momentum,60,static,0.48386818,0.5052125
2014-02-03,momentum,60,static,0.48515627,0.53396684
2014-02-04,momentum,60,static,0.6177616,0.606409
2014-02-05,momentum,60,static,0.4867734,0.5353458
2014-02-06,momentum,60,static,0.5684755,0.54636145
2014-02-07,momentum,60,static,0.4129472,0.45743656
2014-02-10,momentum,60,static,0.47753435,0.46239895
2014-02-11,momentum,60,static,0.43266043,0.4528265
2014-02-12,momentum,60,static,0.41571212,0.38757527
2014-02-13,momentum,60,static,0.5321779,0.58684254
2014-02-14,momentum,60,static,0.43489394,0.5426055
2014-02-17,momentum,60,static,0.44116375,0.41296947
2014-02-18,momentum,60,static,0.4554524,0.48808116
2014-02-19,momentum,60,static,0.51835936,0.4663126
2014-02-20,momentum,60,static,0.57120365,0.4931407
2014-02-21,momentum,60,static,0.2922706,0.39376986
2014-02-24,momentum,60,static,0.4961578,0.5091234
2014-02-25,momentum,60,static,0.38584572,0.42870665
2014-02-26,momentum,60,static,0.38891312,0.5087146
2014-02-27,momentum,60,static,0.36891544,0.4845289
2014-02-28,momentum,60,static,0.5748443,0.41228753
2014-03-03,momentum,60,static,0.49052024,0.45810568
2014-03-04,momentum,60,static,0.3731192,0.43522513
2014-03-05,momentum,60,static,0.29578462,0.37586188
2014-03-06,momentum,60,static,0.36687255,0.42253584
2014-03-07,momentum,60,static,0.35954282,0.4847694
2014-03-10,momentum,60,static,0.39663768,0.46600032
2014-03-11,momentum,60,static,0.36216235,0.42580876
2014-03-12,momentum,60,static,0.52406615,0.64098775
2014-03-13,momentum,60,static,0.7643156,0.5764997
2014-03-14,momentum,60,static,0.49179876,0.5760884
2014-03-17,momentum,60,static,0.440258,0.4028678
2014-03-18,momentum,60,static,0.4034605,0.4561209
2014-03-19,momentum,60,static,0.37717324,0.446993
2014-03-20,momentum,60,static,0.49770895,0.53045285
2014-03-21,momentum,60,static,0.30561572,0.3572157
2014-03-24,momentum,60,static,0.55959314,0.43561816
2014-03-25,momentum,60,static,0.47395012,0.377456
2014-03-26,momentum,60,static,0.3636279,0.42400193
2014-03-27,momentum,60,static,0.3300193,0.4848827
2014-03-28,momentum,60,static,0.44567809,0.47194856
2014-03-31,momentum,60,static,0.5329057,0.45514983
2014-04-01,momentum,60,static,0.45367453,0.47783446
2014-04-02,momentum,60,static,0.238201,0.36020967
2014-04-03,momentum,60,static,0.3425025,0.53205377
2014-04-04,momentum,60,static,0.38496485,0.40333852
2014-04-07,momentum,60,static,0.5002975,0.44097584
2014-04-08,momentum,60,static,0.4536314,0.47319758
2014-04-09,momentum,60,static,0.37307066,0.3873943
2014-04-10,momentum,60,static,0.50099003,0.4692455
2014-04-11,momentum,60,static,0.40514937,0.45688695
2014-04-14,momentum,60,static,0.46094933,0.37500376
2014-04-15,momentum,60,static,0.39984715,0.5030917
2014-04-16,momentum,60,static,0.34781387,0.41453063
2014-04-17,momentum,60,static,0.34906006,0.54114187
2014-04-18,momentum,60,static,0.33066025,0.3479879
2014-04-21,momentum,60,static,0.32748717,0.41550332
2014-04-22,momentum,60,static,0.39831004,0.42997682
2014-04-23,momentum,60,static,0.381451,0.4448272
2014-04-24,momentum,60,static,0.36006987,0.49780697
2014-04-25,momentum,60,static,0.37953928,0.6375236
2014-04-28,momentum,60,static,0.46890783,0.37446088
2014-04-29,momentum,60,static,0.4484777,0.5023806
2014-04-30,momentum,60,static,0.3416393,0.53152204
2014-05-02,momentum,60,static,0.34048426,0.46926248
2014-05-07,momentum,60,static,0.48494962,0.5719196
2014-05-08,momentum,60,static,0.4457768,0.4793293
2014-05-09,momentum,60,static,0.39555353,0.417975
2014-05-12,momentum,60,static,0.3764048,0.4594394
2014-05-13,momentum,60,static,0.3723531,0.48821992
2014-05-14,momentum,60,static,0.4369127,0.475906
2014-05-15,momentum,60,static,0.35734537,0.44255567
2014-05-16,momentum,60,static,0.48168162,0.4917637
2014-05-19,momentum,60,static,0.5512502,0.42902207
2014-05-20,momentum,60,static,0.3573945,0.3902223
2014-05-21,momentum,60,static,0.42510924,0.46848488
2014-05-22,momentum,60,static,0.4092602,0.44238007
2014-05-23,momentum,60,static,0.2651022,0.40386266
2014-05-26,momentum,60,static,0.399295,0.41839522
2014-05-27,momentum,60,static,0.6404549,0.58189267
2014-05-28,momentum,60,static,0.4267683,0.49941087
2014-05-29,momentum,60,static,0.27189663,0.5232272
2014-05-30,momentum,60,static,0.6504426,0.57878
2014-06-02,momentum,60,static,0.39264828,0.42710167
2014-06-03,momentum,60,static,0.60500765,0.49786544
2014-06-05,momentum,60,static,0.43817604,0.6013245
2014-06-09,momentum,60,static,0.4332506,0.56351244
2014-06-10,momentum,60,static,0.49776107,0.44156855
2014-06-11,momentum,60,static,0.40366834,0.42668098
2014-06-12,momentum,60,static,0.37406954,0.47614855
2014-06-13,momentum,60,static,0.50387836,0.57493997
2014-06-16,momentum,60,static,0.31889334,0.42469501
2014-06-17,momentum,60,static,0.31693837,0.45897675
2014-06-18,momentum,60,static,0.38902605,0.4908659
2014-06-19,momentum,60,static,0.33651564,0.4762234
2014-06-20,momentum,60,static,0.46845403,0.6583656
2014-06-23,momentum,60,static,0.4674691,0.38543135
2014-06-24,momentum,60,static,0.384609,0.52272934
2014-06-25,momentum,60,static,0.36639097,0.46677458
2014-06-26,momentum,60,static,0.62370855,0.45024866
2014-06-27,momentum,60,static,0.45669696,0.46703583
2014-06-30,momentum,60,static,0.421138,0.3572638
2014-07-01,momentum,60,static,0.32784396,0.41458628
2014-07-02,momentum,60,static,0.4311952,0.46458125
2014-07-03,momentum,60,static,0.31473687,0.4197257
2014-07-04,momentum,60,static,0.37441212,0.4764437
2014-07-07,momentum,60,static,0.38168913,0.42550534
2014-07-08,momentum,60,static,0.47110578,0.41640824
2014-07-09,momentum,60,static,0.33105847,0.39243692
2014-07-10,momentum,60,static,0.29468086,0.3969334
2014-07-11,momentum,60,static,0.29963273,0.39113104
2014-07-14,momentum,60,static,0.39193794,0.36092693
2014-07-15,momentum,60,static,0.4075967,0.3761421
2014-07-16,momentum,60,static,0.3580271,0.3894968
2014-07-17,momentum,60,static,0.28855145,0.3665567
2014-07-18,momentum,60,static,0.30281526,0.45408523
2014-07-21,momentum,60,static,0.3475782,0.43485093
2014-07-22,momentum,60,static,0.3701284,0.39075255
2014-07-23,momentum,60,static,0.33715287,0.41630733
2014-07-24,momentum,60,static,0.3925678,0.47205174
2014-07-25,momentum,60,static,0.39154992,0.41277748
2014-07-28,momentum,60,static,0.39611506,0.4362427
2014-07-29,momentum,60,static,0.4402754,0.40503144
2014-07-30,momentum,60,static,0.5263765,0.5655792
2014-07-31,momentum,60,static,0.68732923,0.6201482
2014-08-01,momentum,60,static,0.5611398,0.5838143
2014-08-04,momentum,60,static,0.5234078,0.501911
2014-08-05,momentum,60,static,0.5006744,0.5410132
2014-08-06,momentum,60,static,0.42100957,0.4926203
2014-08-07,momentum,60,static,0.42803073,0.5886194
2014-08-08,momentum,60,static,0.54905045,0.6589676
2014-08-11,momentum,60,static,0.40855855,0.4519353
2014-08-12,momentum,60,static,0.45808536,0.562609
2014-08-13,momentum,60,static,0.37273914,0.5175444
2014-08-14,momentum,60,static,0.41851518,0.55937034
2014-08-18,momentum,60,static,0.5593621,0.5014607
2014-08-19,momentum,60,static,0.3205721,0.38551575
2014-08-20,momentum,60,static,0.4542845,0.53489673
2014-08-21,momentum,60,static,0.5047452,0.7607187
2014-08-22,momentum,60,static,0.42705104,0.45169097
2014-08-25,momentum,60,static,0.5974487,0.54488736
2014-08-26,momentum,60,static,0.35681435,0.40448025
2014-08-27,momentum,60,static,0.45551103,0.43152142
2014-08-28,momentum,60,static,0.32768294,0.5389758
2014-08-29,momentum,60,static,0.5166976,0.45962834
2014-09-01,momentum,60,static,0.42619717,0.4427876
2014-09-02,momentum,60,static,0.39515647,0.5156831
2014-09-03,momentum,60,static,0.5543262,0.50941837
2014-09-04,momentum,60,static,0.4892236,0.5211939
2014-09-05,momentum,60,static,0.40816993,0.49686664
2014-09-11,momentum,60,static,0.7266974,0.53591895
2014-09-12,momentum,60,static,0.4590848,0.47965312
2014-09-15,momentum,60,static,0.43585527,0.4443255
2014-09-16,momentum,60,static,0.29281414,0.40427023
2014-09-17,momentum,60,static,0.37738502,0.41451722
2014-09-18,momentum,60,static,0.3807929,0.54405785
2014-09-19,momentum,60,static,0.3251082,0.3684538
2014-09-22,momentum,60,static,0.43448827,0.51287067
2014-09-23,momentum,60,static,0.5151247,0.42944324
2014-09-24,momentum,60,static,0.48339394,0.499613
2014-09-25,momentum,60,static,0.41328657,0.5384166
2014-09-26,momentum,60,static,0.41926065,0.4689337
2014-09-29,momentum,60,static,0.49092257,0.47582656
2014-09-30,momentum,60,static,0.4185666,0.53983736
2014-10-01,momentum,60,static,0.31939605,0.63651425
2014-10-02,momentum,60,static,0.6898203,0.61086303
2014-10-06,momentum,60,static,0.5242728,0.61526346
2014-10-07,momentum,60,static,0.48625708,0.49975252
2014-10-08,momentum,60,static,0.5505924,0.489586
2014-10-10,momentum,60,static,0.53692883,0.65213704
2014-10-13,momentum,60,static,0.736411,0.47370923
2014-10-14,momentum,60,static,0.596226,0.5375212
2014-10-15,momentum,60,static,0.6676354,0.62050873
2014-10-16,momentum,60,static,0.6282262,0.59366626
2014-10-17,momentum,60,static,0.6876258,0.6907676
2014-10-20,momentum,60,static,0.37683234,0.4513088
2014-10-21,momentum,60,static,0.53052425,0.4895265
2014-10-22,momentum,60,static,0.439299,0.4525562
2014-10-23,momentum,60,static,0.76390135,0.5481036
2014-10-24,momentum,60,static,0.67026865,0.6627174
2014-10-27,momentum,60,static,0.3780209,0.43152353
2014-10-28,momentum,60,static,0.38197294,0.4400166
2014-10-29,momentum,60,static,0.59493434,0.5967201
2014-10-30,momentum,60,static,0.6260377,0.5139016
2014-10-31,momentum,60,static,0.62573487,0.5441474
2014-11-03,momentum,60,static,0.515155,0.44848514
2014-11-04,momentum,60,static,0.585234,0.6204869
2014-11-05,momentum,60,static,0.526671,0.5529921
2014-11-06,momentum,60,static,0.64335394,0.5640494
2014-11-07,momentum,60,static,0.49799624,0.5081965
2014-11-10,momentum,60,static,0.44324467,0.40144485
2014-11-11,momentum,60,static,0.41973338,0.42606103
2014-11-12,momentum,60,static,0.39307055,0.44788498
2014-11-13,momentum,60,static,0.43068418,0.5453989
2014-11-14,momentum,60,static,0.66949475,0.5575889
2014-11-17,momentum,60,static,0.6341669,0.5010748
2014-11-18,momentum,60,static,0.5666394,0.46639383
2014-11-19,momentum,60,static,0.5010618,0.5008421
2014-11-20,momentum,60,static,0.51566744,0.4724983
2014-11-21,momentum,60,static,0.3318023,0.42461127
2014-11-24,momentum,60,static,0.3079933,0.35985738
2014-11-25,momentum,60,static,0.47510704,0.4237461
2014-11-26,momentum,60,static,0.41046423,0.48385364
2014-11-27,momentum,60,static,0.42532575,0.4715163
2014-11-28,momentum,60,static,0.43114895,0.4253618
2014-12-01,momentum,60,static,0.42047596,0.41403246
2014-12-02,momentum,60,static,0.41847506,0.4508556
2014-12-03,momentum,60,static,0.43730697,0.39523375
2014-12-04,momentum,60,static,0.34017053,0.42064178
2014-12-05,momentum,60,static,0.29264355,0.3679005
2014-12-08,momentum,60,static,0.30122593,0.40340644
2014-12-09,momentum,60,static,0.31311747,0.36375248
2014-12-10,momentum,60,static,0.47854897,0.58138007
2014-12-11,momentum,60,static,0.6749274,0.69940126
2014-12-12,momentum,60,static,0.5025717,0.53347
2014-12-15,momentum,60,static,0.47724685,0.6420969
2014-12-16,momentum,60,static,0.4911253,0.5779462
2014-12-17,momentum,60,static,0.5890781,0.48844588
2014-12-18,momentum,60,static,0.74484754,0.8102844
2014-12-19,momentum,60,static,0.6986612,0.4421597
2014-12-22,momentum,60,static,0.50286496,0.47194898
2014-12-23,momentum,60,static,0.31127355,0.4505263
2014-12-24,momentum,60,static,0.39547744,0.4131114
2014-12-26,momentum,60,static,0.38823494,0.46602178
2014-12-29,momentum,60,static,0.4127921,0.47348297
2014-12-30,momentum,60,static,0.48542786,0.6090935
2015-01-02,momentum,60,static,0.46897152,0.5537548
2015-01-05,momentum,60,static,0.71077925,0.5314017
2015-01-06,momentum,60,static,0.58421755,0.6719851
2015-01-07,momentum,60,static,0.40920374,0.5215125
2015-01-08,momentum,60,static,0.39667127,0.50198454
2015-01-09,momentum,60,static,0.37639695,0.3766237
2015-01-12,momentum,60,static,0.39231175,0.35851896
2015-01-13,momentum,60,static,0.50338966,0.42708194
2015-01-14,momentum,60,static,0.45990178,0.43189085
2015-01-15,momentum,60,static,0.48670793,0.46378237
2015-01-16,momentum,60,static,0.5324012,0.6891722
2015-01-19,momentum,60,static,0.37361118,0.41035664
2015-01-20,momentum,60,static,0.4801419,0.39967006
2015-01-21,momentum,60,static,0.46535662,0.4449265
2015-01-22,momentum,60,static,0.4227397,0.50179845
2015-01-23,momentum,60,static,0.43462372,0.4373132
2015-01-26,momentum,60,static,0.41431355,0.4004402
2015-01-27,momentum,60,static,0.3717231,0.39246815
2015-01-28,momentum,60,static,0.38393363,0.53103954
2015-01-29,momentum,60,static,0.4646711,0.4978009
2015-01-30,momentum,60,static,0.5166637,0.48450112
2015-02-02,momentum,60,static,0.43396014,0.3956582
2015-02-03,momentum,60,static,0.54287523,0.5247428
2015-02-04,momentum,60,static,0.44758877,0.39561164
2015-02-05,momentum,60,static,0.39394376,0.53361845
2015-02-06,momentum,60,static,0.47000152,0.41840595
2015-02-09,momentum,60,static,0.39241865,0.37778115
2015-02-10,momentum,60,static,0.4345792,0.4885041
2015-02-11,momentum,60,static,0.37759364,0.41505057
2015-02-12,momentum,60,static,0.43717173,0.5294927
2015-02-13,momentum,60,static,0.36823046,0.37481916
2015-02-16,momentum,60,static,0.33519894,0.35018653
2015-02-17,momentum,60,static,0.31718782,0.41380036
2015-02-23,momentum,60,static,0.24621129,0.35853982
2015-02-24,momentum,60,static,0.30792415,0.3559851
2015-02-25,momentum,60,static,0.3182324,0.351166
2015-02-26,momentum,60,static,0.38990286,0.39819634
2015-02-27,momentum,60,static,0.47086844,0.39059508
2015-03-02,momentum,60,static,0.39558092,0.36802003
2015-03-03,momentum,60,static,0.33467677,0.37119552
2015-03-04,momentum,60,static,0.35309902,0.39445913
2015-03-05,momentum,60,static,0.36552134,0.40577984
2015-03-06,momentum,60,static,0.28833833,0.38712943
2015-03-09,momentum,60,static,0.35330012,0.44836807
2015-03-10,momentum,60,static,0.52937216,0.54414594
2015-03-11,momentum,60,static,0.48851034,0.46872622
2015-03-12,momentum,60,static,0.7905255,0.5842893
2015-03-13,momentum,60,static,0.35611054,0.44252306
2015-03-16,momentum,60,static,0.32779276,0.38541198
2015-03-17,momentum,60,static,0.5014861,0.54765904
2015-03-18,momentum,60,static,0.44014743,0.45965677
2015-03-19,momentum,60,static,0.49780563,0.56133187
2015-03-20,momentum,60,static,0.4250708,0.49912715
2015-03-23,momentum,60,static,0.51843107,0.41171628
2015-03-24,momentum,60,static,0.3522225,0.46227145
2015-03-25,momentum,60,static,0.30849868,0.44719052
2015-03-26,momentum,60,static,0.42036015,0.56173307
2015-03-27,momentum,60,static,0.48113868,0.469073
2015-03-30,momentum,60,static,0.42340615,0.47471452
2015-03-31,momentum,60,static,0.3945001,0.4588002
2015-04-01,momentum,60,static,0.42614794,0.47368264
2015-04-02,momentum,60,static,0.4117238,0.47958982
2015-04-03,momentum,60,static,0.34641802,0.45922875
2015-04-06,momentum,60,static,0.48865163,0.44376636
2015-04-07,momentum,60,static,0.46775958,0.5126977
2015-04-08,momentum,60,static,0.2970583,0.46182895
2015-04-09,momentum,60,static,0.37125695,0.49290895
2015-04-10,momentum,60,static,0.43423086,0.53493154
2015-04-13,momentum,60,static,0.34378946,0.4524905
2015-04-14,momentum,60,static,0.5208348,0.49623597
2015-04-15,momentum,60,static,0.413188,0.51946795
2015-04-16,momentum,60,static,0.45509562,0.5319696
2015-04-17,momentum,60,static,0.38721758,0.5652974
2015-04-20,momentum,60,static,0.49090785,0.5942773
2015-04-21,momentum,60,static,0.42544895,0.54846454
2015-04-22,momentum,60,static,0.9061538,0.7247677
2015-04-23,momentum,60,static,0.78710514,0.7099985
2015-04-24,momentum,60,static,0.7086444,0.83640325
2015-04-27,momentum,60,static,0.4825939,0.67436016
2015-04-28,momentum,60,static,0.42580023,0.624569
2015-04-29,momentum,60,static,0.5785798,0.7354019
2015-04-30,momentum,60,static,0.49580005,0.650583
2015-05-04,momentum,60,static,0.4582878,0.44794548
2015-05-06,momentum,60,static,0.46169978,0.69698906
2015-05-07,momentum,60,static,0.581258,0.827404
2015-05-08,momentum,60,static,0.57891643,0.56482387
2015-05-11,momentum,60,static,0.48070416,0.46137512
2015-05-12,momentum,60,static,0.4349594,0.52177626
2015-05-13,momentum,60,static,0.5513823,0.47805685
2015-05-14,momentum,60,static,0.36771038,0.45644575
2015-05-15,momentum,60,static,0.5494416,0.62259406
2015-05-18,momentum,60,static,0.5521967,0.51198906
2015-05-19,momentum,60,static,0.5842618,0.5595258
2015-05-20,momentum,60,static,0.397592,0.4965605
2015-05-21,momentum,60,static,0.46203166,0.63834023
2015-05-22,momentum,60,static,0.43587726,0.52352536
2015-05-26,momentum,60,static,0.69523454,0.5647146
2015-05-27,momentum,60,static,0.66407424,0.75928915
2015-05-28,momentum,60,static,0.58385545,0.5946149
2015-05-29,momentum,60,static,0.47500667,0.6221879
2015-06-01,momentum,60,static,0.7755205,0.65674394
2015-06-02,momentum,60,static,0.6786005,0.8237853
2015-06-03,momentum,60,static,0.68659085,0.7607484
2015-06-04,momentum,60,static,0.6508273,0.6468165
2015-06-05,momentum,60,static,0.69513357,0.5765226
2015-06-08,momentum,60,static,0.6300256,0.5332317
2015-06-09,momentum,60,static,0.5512057,0.53937006
2015-06-10,momentum,60,static,0.55687886,0.6674416
2015-06-11,momentum,60,static,0.52646726,0.51457924
2015-06-12,momentum,60,static,0.59666693,0.7582625
2015-06-15,momentum,60,static,0.6091835,0.5609762
2015-06-16,momentum,60,static,0.86266726,0.86077195
2015-06-17,momentum,60,static,0.5755643,0.5643902
2015-06-18,momentum,60,static,0.5761382,0.54206944
2015-06-19,momentum,60,static,0.55882305,0.5297473
2015-06-22,momentum,60,static,0.5072078,0.53428257
2015-06-23,momentum,60,static,0.40189433,0.47634256
2015-06-24,momentum,60,static,0.49130565,0.4819708
2015-06-25,momentum,60,static,0.42484134,0.52493256
2015-06-26,momentum,60,static,0.42865404,0.5630452
2015-06-29,momentum,60,static,0.54642594,0.56140333
2015-06-30,momentum,60,static,0.79986274,0.61191696
2015-07-01,momentum,60,static,0.5309773,0.63437647
2015-07-02,momentum,60,static,0.42298937,0.54097974
2015-07-03,momentum,60,static,0.49392998,0.5240814
2015-07-06,momentum,60,static,0.70410967,0.90341306
2015-07-07,momentum,60,static,1.2697808,0.89836556
2015-07-08,momentum,60,static,0.9289754,1.0161085
2015-07-09,momentum,60,static,0.91673833,1.1397055
2015-07-10,momentum,60,static,0.61174023,0.6923119
2015-07-13,momentum,60,static,0.611966,0.68845296
2015-07-14,momentum,60,static,0.62655807,0.6161527
2015-07-15,momentum,60,static,0.5505885,0.575651
2015-07-16,momentum,60,static,0.38838267,0.5504426
2015-07-17,momentum,60,static,0.8732395,0.6852353
2015-07-20,momentum,60,static,0.43888596,0.5836751
2015-07-21,momentum,60,static,0.55127376,0.6082003
2015-07-22,momentum,60,static,0.62025476,0.60146356
2015-07-23,momentum,60,static,0.49155486,0.6116837
2015-07-24,momentum,60,static,0.5470408,0.6522315
2015-07-27,momentum,60,static,0.7153333,0.5864118
2015-07-28,momentum,60,static,0.8191336,0.8339267
2015-07-29,momentum,60,static,0.5667343,0.5689534
2015-07-30,momentum,60,static,0.71114796,0.7277082
2015-07-31,momentum,60,static,0.7327988,0.71062386
2015-08-03,momentum,60,static,0.4797667,0.70380217
2015-08-04,momentum,60,static,0.50947493,0.57216585
2015-08-05,momentum,60,static,0.45489973,0.48875803
2015-08-06,momentum,60,static,0.48685527,0.6856146
2015-08-07,momentum,60,static,0.43246758,0.4861911
2015-08-10,momentum,60,static,0.56543386,0.5008682
2015-08-11,momentum,60,static,0.6210647,0.78049606
2015-08-12,momentum,60,static,1.0305247,0.85868883
2015-08-13,momentum,60,static,0.80435836,0.7616541
2015-08-17,momentum,60,static,0.5732548,0.6815414
2015-08-18,momentum,60,static,0.75889903,0.64523745
2015-08-19,momentum,60,static,1.0924137,0.95380473
2015-08-20,momentum,60,static,0.7815961,0.86087394
2015-08-21,momentum,60,static,0.9134856,1.0127332
2015-08-24,momentum,60,static,1.8107414,1.7549853
2015-08-25,momentum,60,static,1.8910074,1.6659555
2015-08-26,momentum,60,static,1.0096093,1.368079
2015-08-27,momentum,60,static,1.0561913,0.90594774
2015-08-28,momentum,60,static,0.56707877,0.56541157
2015-08-31,momentum,60,static,0.59578997,0.5962582
2015-09-01,momentum,60,static,0.6166712,0.85654306
2015-09-02,momentum,60,static,0.7860436,0.892656
2015-09-03,momentum,60,static,0.6534895,0.7424605
2015-09-04,momentum,60,static,0.7472652,1.1437068
2015-09-07,momentum,60,static,0.8502557,0.914251
2015-09-08,momentum,60,static,0.6740726,0.8410368
2015-09-09,momentum,60,static,0.57209575,0.6769573
2015-09-10,momentum,60,static,0.74454945,0.9812086
2015-09-11,momentum,60,static,0.50379705,0.6365112
2015-09-14,momentum,60,static,0.6348398,0.6977929
2015-09-15,momentum,60,static,0.4543648,0.56851953
2015-09-16,momentum,60,static,0.5155807,0.65676445
2015-09-17,momentum,60,static,0.68464905,0.6003589
2015-09-18,momentum,60,static,0.79493463,0.75823426
2015-09-21,momentum,60,static,0.679192,0.7026936
2015-09-22,momentum,60,static,0.50560457,0.66437507
2015-09-23,momentum,60,static,0.6404673,0.75389075
2015-09-24,momentum,60,static,0.37382257,0.6764313
2015-09-25,momentum,60,static,0.5172438,0.71367687
2015-09-30,momentum,60,static,0.64004534,0.781217
2015-10-01,momentum,60,static,0.6149624,0.7499156
2015-10-02,momentum,60,static,0.5572659,0.5358158
2015-10-05,momentum,60,static,0.52579486,0.54716396
2015-10-06,momentum,60,static,0.46812874,0.52505165
2015-10-07,momentum,60,static,0.39444777,0.49402767
2015-10-08,momentum,60,static,0.75575185,0.5815386
2015-10-12,momentum,60,static,0.5085366,0.52023053
2015-10-13,momentum,60,static,0.5864969,0.5423303
2015-10-14,momentum,60,static,0.42263693,0.5508684
2015-10-15,momentum,60,static,0.5670978,0.6105212
2015-10-16,momentum,60,static,0.41148767,0.5488324
2015-10-19,momentum,60,static,0.59965014,0.46964425
2015-10-20,momentum,60,static,0.34834018,0.5019988
2015-10-21,momentum,60,static,0.55760455,0.5278016
2015-10-22,momentum,60,static,0.4936597,0.6796758
2015-10-23,momentum,60,static,0.5528827,0.52768016
2015-10-26,momentum,60,static,0.4321443,0.44008368
2015-10-27,momentum,60,static,0.45086458,0.45193362
2015-10-28,momentum,60,static,0.42119962,0.4812563
2015-10-29,momentum,60,static,0.6226361,0.7040895
2015-10-30,momentum,60,static,0.57504505,0.48272365
2015-11-02,momentum,60,static,0.4598057,0.41119814
2015-11-03,momentum,60,static,0.48481444,0.46794647
2015-11-04,momentum,60,static,0.43381485,0.456136
2015-11-05,momentum,60,static,0.41666242,0.4673012
2015-11-06,momentum,60,static,0.45264474,0.4890349
2015-11-09,momentum,60,static,0.535969,0.4736405
2015-11-10,momentum,60,static,0.5498236,0.68688464
2015-11-11,momentum,60,static,0.49404413,0.5920155
2015-11-12,momentum,60,static,0.29256648,0.49598402
2015-11-13,momentum,60,static,0.5260353,0.49013025
2015-11-16,momentum,60,static,0.37849212,0.6139031
2015-11-17,momentum,60,static,0.48022184,0.45893735
2015-11-18,momentum,60,static,0.4339948,0.4382679
2015-11-19,momentum,60,static,0.36737475,0.42856106
2015-11-20,momentum,60,static,0.3950192,0.4150461
2015-11-23,momentum,60,static,0.39232647,0.3977716
2015-11-24,momentum,60,static,0.43989903,0.42076814
2015-11-25,momentum,60,static,0.38424456,0.4530816
2015-11-26,momentum,60,static,0.45002028,0.53745097
2015-11-27,momentum,60,static,0.37650165,0.47729796
2015-11-30,momentum,60,static,0.7767586,0.75788313
2015-12-01,momentum,60,static,0.50479424,0.6159569
2015-12-02,momentum,60,static,0.5016396,0.5488101
2015-12-03,momentum,60,static,0.49697414,0.6401076
2015-12-04,momentum,60,static,0.4475061,0.49594492
2015-12-07,momentum,60,static,0.59594285,0.63580364
2015-12-08,momentum,60,static,0.5530384,0.70691574
2015-12-09,momentum,60,static,0.4472472,0.4763106
2015-12-10,momentum,60,static,0.5514376,0.54984015
2015-12-11,momentum,60,static,0.5657859,0.52817166
2015-12-14,momentum,60,static,0.6382663,0.48254532
2015-12-15,momentum,60,static,0.44237307,0.46219087
2015-12-16,momentum,60,static,0.5684499,0.5522244
2015-12-17,momentum,60,static,0.66542965,0.57025874
2015-12-18,momentum,60,static,0.47428003,0.6215175
2015-12-21,momentum,60,static,0.7907233,0.47181362
2015-12-22,momentum,60,static,0.4273976,0.5454538
2015-12-23,momentum,60,static,0.5328471,0.5416147
2015-12-24,momentum,60,static,0.5478259,0.61856586
2015-12-28,momentum,60,static,0.5731691,0.68203145
2015-12-29,momentum,60,static,0.71268773,0.6179745
2015-12-30,momentum,60,static,0.61946654,0.52416915
2016-01-04,momentum,60,static,0.59715265,0.9374052
2016-01-05,momentum,60,static,0.83417565,0.6575287
2016-01-06,momentum,60,static,0.82796127,0.7313205
2016-01-07,momentum,60,static,0.8403119,0.82983845
2016-01-08,momentum,60,static,0.78636414,0.8581224
2016-01-11,momentum,60,static,0.5864095,0.6732247
2016-01-12,momentum,60,static,0.6484348,0.75596
2016-01-13,momentum,60,static,0.48391593,0.53133935
2016-01-14,momentum,60,static,0.66714925,0.6149366
2016-01-15,momentum,60,static,0.76769465,0.953953
2016-01-18,momentum,60,static,0.8122839,0.79696864
2016-01-19,momentum,60,static,0.80901164,0.7366336
2016-01-20,momentum,60,static,1.0479549,1.2876048
2016-01-21,momentum,60,static,1.2050147,0.9312645
2016-01-22,momentum,60,static,0.76164746,0.6650418
2016-01-25,momentum,60,static,0.58615047,0.70549524
2016-01-26,momentum,60,static,0.75074667,0.7074634
2016-01-27,momentum,60,static,0.7746183,0.6221721
2016-01-28,momentum,60,static,0.6446767,0.8645928
2016-01-29,momentum,60,static,0.76355225,0.7118807
2016-02-01,momentum,60,static,0.6537827,0.5179273
2016-02-02,momentum,60,static,0.5287193,0.5105249
2016-02-03,momentum,60,static,0.5112443,0.5722702
2016-02-04,momentum,60,static,0.50863564,0.5776056
2016-02-05,momentum,60,static,0.44628632,0.5514088
2016-02-11,momentum,60,static,0.5768444,0.8561193
2016-02-12,momentum,60,static,1.0966846,1.0572275
2016-02-15,momentum,60,static,0.6655523,0.69206226
2016-02-16,momentum,60,static,0.526367,0.7013649
2016-02-17,momentum,60,static,0.6321167,0.58795357
2016-02-18,momentum,60,static,0.5344269,0.41408238
2016-02-19,momentum,60,static,0.6108594,0.4930957
2016-02-22,momentum,60,static,0.6567795,0.5083816
2016-02-23,momentum,60,static,0.45002753,0.67278165
2016-02-24,momentum,60,static,0.4910758,0.5720866
2016-02-25,momentum,60,static,0.5941934,0.64137644
2016-02-26,momentum,60,static,0.49938223,0.5350524
2016-02-29,momentum,60,static,0.5406877,0.43895203
2016-03-02,momentum,60,static,0.2869389,0.40211833
2016-03-03,momentum,60,static,0.4515115,0.43177402
2016-03-04,momentum,60,static,0.34754515,0.4527458
2016-03-07,momentum,60,static,0.3861093,0.39083135
2016-03-08,momentum,60,static,0.51090753,0.56581545
2016-03-09,momentum,60,static,0.46843365,0.50032717
2016-03-10,momentum,60,static,0.59606266,0.5724623
2016-03-11,momentum,60,static,0.38524356,0.4808628
2016-03-14,momentum,60,static,0.47268915,0.50513065
2016-03-15,momentum,60,static,0.58447754,0.48782563
2016-03-16,momentum,60,static,0.3607646,0.45026463
2016-03-17,momentum,60,static,0.5493733,0.5108481
2016-03-18,momentum,60,static,0.5147018,0.4716835
2016-03-21,momentum,60,static,0.6299734,0.5604383
2016-03-22,momentum,60,static,0.4075866,0.46035546
2016-03-23,momentum,60,static,0.4620221,0.47134197
2016-03-24,momentum,60,static,0.44202203,0.5216863
2016-03-25,momentum,60,static,0.4707092,0.4392645
2016-03-28,momentum,60,static,0.5012863,0.45771188
2016-03-29,momentum,60,static,0.4685851,0.45596135
2016-03-30,momentum,60,static,0.36516067,0.41990274
2016-03-31,momentum,60,static,0.48443702,0.6214498
2016-04-01,momentum,60,static,0.5656842,0.6382084
2016-04-04,momentum,60,static,0.45881668,0.41596067
2016-04-05,momentum,60,static,0.48541948,0.491189
2016-04-06,momentum,60,static,0.46591207,0.48738527
2016-04-07,momentum,60,static,0.41833934,0.55201983
2016-04-08,momentum,60,static,0.44521573,0.52986455
2016-04-11,momentum,60,static,0.5284186,0.4159928
2016-04-12,momentum,60,static,0.41330346,0.4251424
2016-04-14,momentum,60,static,0.371029,0.43386978
2016-04-15,momentum,60,static,0.49299118,0.4526772
2016-04-18,momentum,60,static,0.4383455,0.42586428
2016-04-19,momentum,60,static,0.37412906,0.43749595
2016-04-20,momentum,60,static,0.45820224,0.50427365
2016-04-21,momentum,60,static,0.50731313,0.48785657
2016-04-22,momentum,60,static,0.3723159,0.44164366
2016-04-25,momentum,60,static,0.45905885,0.40652615
2016-04-26,momentum,60,static,0.41764012,0.40683818
2016-04-27,momentum,60,static,0.3585694,0.38047507
2016-04-28,momentum,60,static,0.55917907,0.64697695
2016-04-29,momentum,60,static,0.41373196,0.5296262
2016-05-02,momentum,60,static,0.39539397,0.5211015
2016-05-03,momentum,60,static,0.3977465,0.4176376
2016-05-04,momentum,60,static,0.485355,0.45362228
2016-05-09,momentum,60,static,0.40324748,0.427495
2016-05-10,momentum,60,static,0.41188267,0.43651968
2016-05-11,momentum,60,static,0.47250456,0.5365329
2016-05-12,momentum,60,static,0.41253337,0.4799403
2016-05-13,momentum,60,static,0.41266063,0.50127214
2016-05-16,momentum,60,static,0.3613524,0.40930957
2016-05-17,momentum,60,static,0.43525106,0.4650302
2016-05-18,momentum,60,static,0.54737806,0.5309386
2016-05-19,momentum,60,static,0.42637876,0.47895175
2016-05-20,momentum,60,static,0.51215374,0.4822935
2016-05-23,momentum,60,static,0.49667555,0.4925745
2016-05-24,momentum,60,static,0.45251277,0.4604687
2016-05-25,momentum,60,static,0.4282868,0.4631521
2016-05-26,momentum,60,static,0.33992866,0.45021313
2016-05-27,momentum,60,static,0.44040382,0.3978989
2016-05-30,momentum,60,static,0.5152261,0.45727098
2016-05-31,momentum,60,static,0.5352246,0.54055685
2016-06-01,momentum,60,static,0.3943315,0.42018455
2016-06-02,momentum,60,static,0.4378691,0.43524975
2016-06-03,momentum,60,static,0.42122635,0.47882062
2016-06-07,momentum,60,static,0.34377694,0.4437518
2016-06-08,momentum,60,static,0.37671083,0.4897911
2016-06-09,momentum,60,static,0.55977756,0.6147219
2016-06-10,momentum,60,static,0.43520233,0.45795822
2016-06-13,momentum,60,static,0.53730124,0.68169665
2016-06-14,momentum,60,static,0.57337254,0.57827294
2016-06-15,momentum,60,static,0.57499605,0.5065204
2016-06-16,momentum,60,static,0.5300097,0.76703596
2016-06-17,momentum,60,static,0.6058187,0.66689485
2016-06-20,momentum,60,static,0.46426633,0.42975098
2016-06-21,momentum,60,static,0.35876232,0.439147
2016-06-22,momentum,60,static,0.5767985,0.44882762
2016-06-23,momentum,60,static,0.4020298,0.4530949
2016-06-24,momentum,60,static,2.7883227,2.4198105
2016-06-27,momentum,60,static,1.034141,1.0990095
2016-06-28,momentum,60,static,0.7380943,0.94072485
2016-06-29,momentum,60,static,0.5193605,0.8569708
2016-06-30,momentum,60,static,0.5643468,0.446221
2016-07-01,momentum,60,static,0.45222056,0.56066346
2016-07-04,momentum,60,static,0.38543123,0.5221444
2016-07-05,momentum,60,static,0.3997217,0.48020416
2016-07-06,momentum,60,static,0.5960612,0.8662064
2016-07-07,momentum,60,static,0.5472271,0.63721687
2016-07-08,momentum,60,static,0.5943859,0.69872665
2016-07-11,momentum,60,static,0.37387204,0.42088825
2016-07-12,momentum,60,static,0.44112608,0.47555274
2016-07-13,momentum,60,static,0.40022996,0.57236236
2016-07-15,momentum,60,static,0.5734889,0.4701162
2016-07-18,momentum,60,static,0.45555323,0.46371073
2016-07-19,momentum,60,static,0.5123692,0.55754805
2016-07-20,momentum,60,static,0.38823307,0.50047815
2016-07-21,momentum,60,static,0.33381626,0.54923266
2016-07-22,momentum,60,static,0.44745797,0.50966716
2016-07-25,momentum,60,static,0.44980383,0.5162378
2016-07-26,momentum,60,static,0.44893873,0.5503406
2016-07-27,momentum,60,static,0.3710515,0.45935237
2016-07-28,momentum,60,static,0.5451066,0.52938724
2016-07-29,momentum,60,static,0.5288648,0.5038551
2016-08-01,momentum,60,static,0.2945054,0.34332824
2016-08-02,momentum,60,static,0.3788467,0.40445316
2016-08-03,momentum,60,static,0.5524868,0.55349773
2016-08-04,momentum,60,static,0.41807786,0.48426682
2016-08-05,momentum,60,static,0.3396602,0.4633692
2016-08-08,momentum,60,static,0.49255827,0.39421833
2016-08-09,momentum,60,static,0.3806397,0.43706018
2016-08-10,momentum,60,static,0.4080596,0.42392424
2016-08-11,momentum,60,static,0.38086724,0.483527
2016-08-12,momentum,60,static,0.5442558,0.53189474
2016-08-16,momentum,60,static,0.41092864,0.5115043
2016-08-17,momentum,60,static,0.5161453,0.50228685
2016-08-18,momentum,60,static,0.37462407,0.49975932
2016-08-19,momentum,60,static,0.45526814,0.4713921
2016-08-22,momentum,60,static,0.48903936,0.4727276
2016-08-23,momentum,60,static,0.3208912,0.42069793
2016-08-24,momentum,60,static,0.40495902,0.44525218
2016-08-25,momentum,60,static,0.428678,0.4747544
2016-08-26,momentum,60,static,0.41396236,0.4763788
2016-08-29,momentum,60,static,0.4333405,0.42412522
2016-08-30,momentum,60,static,0.4136325,0.4437466
2016-08-31,momentum,60,static,0.39951742,0.44737196
2016-09-01,momentum,60,static,0.48899823,0.5396315
2016-09-02,momentum,60,static,0.409667,0.42865863
2016-09-05,momentum,60,static,0.33930066,0.37959725
2016-09-06,momentum,60,static,0.35865888,0.41104117
2016-09-07,momentum,60,static,0.33522075,0.45872867
2016-09-08,momentum,60,static,0.4865326,0.51998395
2016-09-09,momentum,60,static,0.4879684,0.59434867
2016-09-12,momentum,60,static,0.7066116,0.73436016
2016-09-13,momentum,60,static,0.49597505,0.5435803
2016-09-19,momentum,60,static,0.47205582,0.55479985
2016-09-20,momentum,60,static,0.41855133,0.49700493
2016-09-21,momentum,60,static,0.3921784,0.4517181
2016-09-22,momentum,60,static,0.34853488,0.4354295
2016-09-23,momentum,60,static,0.40524554,0.38015693
2016-09-26,momentum,60,static,0.383498,0.52602124
2016-09-27,momentum,60,static,0.63465077,0.7044202
2016-09-28,momentum,60,static,0.35726416,0.4531622
2016-09-29,momentum,60,static,0.29729545,0.42305058
2016-09-30,momentum,60,static,0.46877646,0.516126
2016-10-04,momentum,60,static,0.3784458,0.38586605
2016-10-05,momentum,60,static,0.36899102,0.52781266
2016-10-06,momentum,60,static,0.38234252,0.48358196
2016-10-07,momentum,60,static,0.31698453,0.49553287
2016-10-10,momentum,60,static,0.6045508,0.54394335
2016-10-11,momentum,60,static,0.5978912,0.6560707
2016-10-12,momentum,60,static,0.55751145,0.4867131
2016-10-13,momentum,60,static,0.44808808,0.6767156
2016-10-14,momentum,60,static,0.47312167,0.41432756
2016-10-17,momentum,60,static,0.68644565,0.5951086
2016-10-18,momentum,60,static,0.418896,0.43832093
2016-10-19,momentum,60,static,0.45984432,0.46081328
2016-10-20,momentum,60,static,0.35656762,0.46299464
2016-10-21,momentum,60,static,0.47723594,0.43405545
2016-10-24,momentum,60,static,0.37482077,0.3461914
2016-10-25,momentum,60,static,0.4140349,0.41916984
2016-10-26,momentum,60,static,0.5388524,0.6405574
2016-10-27,momentum,60,static,0.43967706,0.4580031
2016-10-28,momentum,60,static,0.3825934,0.47597587
2016-10-31,momentum,60,static,0.44077244,0.42624396
2016-11-01,momentum,60,static,0.56304723,0.52840203
2016-11-02,momentum,60,static,0.48225862,0.59375775
2016-11-03,momentum,60,static,0.6624814,0.5568533
2016-11-04,momentum,60,static,0.5025194,0.49739265
2016-11-07,momentum,60,static,0.52930874,0.37670976
2016-11-08,momentum,60,static,0.44146258,0.466151
2016-11-09,momentum,60,static,2.031196,1.6463364
2016-11-10,momentum,60,static,0.46837845,0.67826086
2016-11-11,momentum,60,static,0.48504636,0.5701834
2016-11-14,momentum,60,static,0.4617539,0.64192915
2016-11-15,momentum,60,static,0.48922154,0.44221473
2016-11-16,momentum,60,static,0.3855118,0.42946362
2016-11-17,momentum,60,static,0.54448164,0.5380252
2016-11-18,momentum,60,static,0.4159238,0.5097072
2016-11-21,momentum,60,static,0.42698252,0.47725093
2016-11-22,momentum,60,static,0.36072382,0.4433902
2016-11-23,momentum,60,static,0.38413358,0.4514379
2016-11-24,momentum,60,static,0.5426249,0.564622
2016-11-25,momentum,60,static,0.52109605,0.45617425
2016-11-28,momentum,60,static,0.6419536,0.5297527
2016-11-29,momentum,60,static,0.4388843,0.41836798
2016-11-30,momentum,60,static,0.47073472,0.43651786
2016-12-01,momentum,60,static,0.43158138,0.4723342
2016-12-02,momentum,60,static,0.45268583,0.501003
2016-12-05,momentum,60,static,0.51245755,0.43545258
2016-12-06,momentum,60,static,0.46353978,0.47890735
2016-12-07,momentum,60,static,0.2964239,0.4042658
2016-12-08,momentum,60,static,0.375222,0.5058107
2016-12-09,momentum,60,static,0.3604839,0.3710041
2016-12-12,momentum,60,static,0.34406453,0.3807156
2016-12-13,momentum,60,static,0.31548974,0.407434
2016-12-14,momentum,60,static,0.37817597,0.4560979
2016-12-15,momentum,60,static,0.41790086,0.5767641
2016-12-16,momentum,60,static,0.4112296,0.46229267
2016-12-19,momentum,60,static,0.3391854,0.39984518
2016-12-20,momentum,60,static,0.29216132,0.38522932
2016-12-21,momentum,60,static,0.3347647,0.47456324
2016-12-22,momentum,60,static,0.32726452,0.43855864
2016-12-23,momentum,60,static,0.35389754,0.3918137
2016-12-26,momentum,60,static,0.32329482,0.35541794
2016-12-27,momentum,60,static,0.27221918,0.3832674
2016-12-28,momentum,60,static,0.34114155,0.42129767
2016-12-29,momentum,60,static,0.40297145,0.44095504
2017-01-02,momentum,60,static,0.53621113,0.49926215
2017-01-03,momentum,60,static,0.38115823,0.4163377
2017-01-04,momentum,60,static,0.35621893,0.35165632
2017-01-05,momentum,60,static,0.41227186,0.39542687
2017-01-06,momentum,60,static,0.2692462,0.35673964
2017-01-09,momentum,60,static,0.33090684,0.3494084
2017-01-10,momentum,60,static,0.3025251,0.3989168
2017-01-11,momentum,60,static,0.48505434,0.53028506
2017-01-12,momentum,60,static,0.39794284,0.47284746
2017-01-13,momentum,60,static,0.3050763,0.41311604
2017-01-16,momentum,60,static,0.55418384,0.4952758
2017-01-17,momentum,60,static,0.43422714,0.39883333
2017-01-18,momentum,60,static,0.5064729,0.4870354
2017-01-19,momentum,60,static,0.5864657,0.652928
2017-01-20,momentum,60,static,0.39905807,0.4128364
2017-01-23,momentum,60,static,0.63107663,0.47927815
2017-01-24,momentum,60,static,0.41072622,0.47853053
2017-01-25,momentum,60,static,0.43899965,0.4691568
2017-01-26,momentum,60,static,0.51218843,0.53270495
2017-01-31,momentum,60,static,0.34641507,0.40692377
2017-02-01,momentum,60,static,0.29706377,0.38486972
2017-02-02,momentum,60,static,0.47971916,0.63487893
2017-02-03,momentum,60,static,0.48435944,0.52179503
2017-02-06,momentum,60,static,0.49512172,0.48678875
2017-02-07,momentum,60,static,0.44516364,0.39868826
2017-02-08,momentum,60,static,0.5552887,0.522463
2017-02-09,momentum,60,static,0.46376044,0.4453454
2017-02-10,momentum,60,static,0.40003085,0.425102
2017-02-13,momentum,60,static,0.4178162,0.38151038
2017-02-14,momentum,60,static,0.37659693,0.45564914
2017-02-15,momentum,60,static,0.44485363,0.48380637
2017-02-16,momentum,60,static,0.44746262,0.51303273
2017-02-17,momentum,60,static,0.4090683,0.4399671
2017-02-20,momentum,60,static,0.40149304,0.39335117
2017-02-21,momentum,60,static,0.48444274,0.50069374
2017-02-22,momentum,60,static,0.29227963,0.3954894
2017-02-23,momentum,60,static,0.28353712,0.42709473
2017-02-24,momentum,60,static,0.5001797,0.5056932
2017-02-27,momentum,60,static,0.44817,0.4226805
2017-02-28,momentum,60,static,0.28582513,0.40058938
2017-03-02,momentum,60,static,0.40378046,0.493443
2017-03-03,momentum,60,static,0.47616363,0.5752023
2017-03-06,momentum,60,static,0.4527407,0.46487355
2017-03-07,momentum,60,static,0.45490617,0.48244685
2017-03-08,momentum,60,static,0.46957126,0.43587732
2017-03-09,momentum,60,static,0.36786202,0.45998293
2017-03-10,momentum,60,static,0.8348908,0.52960396
2017-03-13,momentum,60,static,0.33446267,0.51546633
2017-03-14,momentum,60,static,0.32904154,0.40923315
2017-03-15,momentum,60,static,0.39969143,0.45548397
2017-03-16,momentum,60,static,0.36488044,0.47709715
2017-03-17,momentum,60,static,0.35387918,0.5031245
2017-03-20,momentum,60,static,0.2944158,0.4006946
2017-03-21,momentum,60,static,0.45589474,0.5233334
2017-03-22,momentum,60,static,0.44596022,0.4492473
2017-03-23,momentum,60,static,0.45875955,0.51258165
2017-03-24,momentum,60,static,0.4053544,0.52821344
2017-03-27,momentum,60,static,0.46149203,0.4250737
2017-03-28,momentum,60,static,0.30706987,0.44562536
2017-03-29,momentum,60,static,0.35797924,0.4452513
2017-03-30,momentum,60,static,0.4055572,0.53637993
2017-03-31,momentum,60,static,0.4213343,0.40761957
2017-04-03,momentum,60,static,0.31691495,0.40765375
2017-04-04,momentum,60,static,0.32676655,0.41394484
2017-04-05,momentum,60,static,0.40551054,0.5194102
2017-04-06,momentum,60,static,0.4142728,0.492261
2017-04-07,momentum,60,static,0.39663696,0.48253113
2017-04-10,momentum,60,static,0.49851382,0.53287554
2017-04-11,momentum,60,static,0.41371098,0.51432216
2017-04-12,momentum,60,static,0.31084672,0.398817
2017-04-13,momentum,60,static,0.37633115,0.5490079
2017-04-14,momentum,60,static,0.3521896,0.43570727
2017-04-17,momentum,60,static,0.45371473,0.37312746
2017-04-18,momentum,60,static,0.38381398,0.459105
2017-04-19,momentum,60,static,0.47931102,0.4429482
2017-04-20,momentum,60,static,0.39942238,0.4958505
2017-04-21,momentum,60,static,0.3337946,0.45736986
2017-04-24,momentum,60,static,0.32348567,0.38511434
2017-04-25,momentum,60,static,0.3326416,0.48999053
2017-04-26,momentum,60,static,0.36705443,0.43049818
2017-04-27,momentum,60,static,0.38127685,0.49252617
2017-04-28,momentum,60,static,0.45892343,0.5105443
2017-05-02,momentum,60,static,0.46510407,0.47078186
2017-05-04,momentum,60,static,0.46709982,0.48579448
2017-05-08,momentum,60,static,0.5023997,0.7832401
2017-05-10,momentum,60,static,1.3575698,1.073305
2017-05-11,momentum,60,static,0.59658635,0.8290557
2017-05-12,momentum,60,static,0.56561357,0.61511487
2017-05-15,momentum,60,static,0.6342638,0.529398
2017-05-16,momentum,60,static,0.4776984,0.6722612
2017-05-17,momentum,60,static,0.43275765,0.6034909
2017-05-18,momentum,60,static,0.5550052,0.6580441
2017-05-19,momentum,60,static,0.4121522,0.5432926
2017-05-22,momentum,60,static,0.41639403,0.46170008
2017-05-23,momentum,60,static,0.5663683,0.6244204
2017-05-24,momentum,60,static,0.36416286,0.4839924
2017-05-25,momentum,60,static,0.48595387,0.5744589
2017-05-26,momentum,60,static,0.6024409,0.63778335
2017-05-29,momentum,60,static,0.58480686,0.706025
2017-05-30,momentum,60,static,0.6690707,0.72809994
2017-05-31,momentum,60,static,0.524535,0.6372768
2017-06-01,momentum,60,static,0.5477483,0.6597733
2017-06-02,momentum,60,static,0.39423275,0.5173103
2017-06-05,momentum,60,static,0.4407,0.523526
2017-06-07,momentum,60,static,0.45335045,0.57530165
2017-06-08,momentum,60,static,0.4619889,0.61056006
2017-06-09,momentum,60,static,0.48759967,0.5475224
2017-06-12,momentum,60,static,0.4898459,0.6138622
2017-06-13,momentum,60,static,0.5139743,0.5562009
2017-06-14,momentum,60,static,0.4065176,0.57498056
2017-06-15,momentum,60,static,0.49458447,0.7251209
2017-06-16,momentum,60,static,0.39952758,0.4930051
2017-06-19,momentum,60,static,0.47669643,0.56624055
2017-06-20,momentum,60,static,0.47008553,0.546778
2017-06-21,momentum,60,static,0.52882403,0.50769
2017-06-22,momentum,60,static,0.48889878,0.5314986
2017-06-23,momentum,60,static,0.4326211,0.50288874
2017-06-26,momentum,60,static,0.45162526,0.44821596
2017-06-27,momentum,60,static,0.31756493,0.5018505
2017-06-28,momentum,60,static,0.2789895,0.49549222
2017-06-29,momentum,60,static,0.37794366,0.48472208
2017-06-30,momentum,60,static,0.31901178,0.5034049
2017-07-03,momentum,60,static,0.2887885,0.49441558
2017-07-04,momentum,60,static,0.4441377,0.54165244
2017-07-05,momentum,60,static,0.34599558,0.50489783
2017-07-06,momentum,60,static,0.30942437,0.5489444
2017-07-07,momentum,60,static,0.36535043,0.49796343
2017-07-10,momentum,60,static,0.38317055,0.45183742
2017-07-11,momentum,60,static,0.33334345,0.43982255
2017-07-12,momentum,60,static,0.3145693,0.4420665
2017-07-13,momentum,60,static,0.32320786,0.53104705
2017-07-14,momentum,60,static,0.35490644,0.48502636
2017-07-17,momentum,60,static,0.34857568,0.41831547
2017-07-18,momentum,60,static,0.30876806,0.40386915
2017-07-19,momentum,60,static,0.34112093,0.452771
2017-07-20,momentum,60,static,0.33308032,0.5420797
2017-07-21,momentum,60,static,0.27601123,0.51622564
2017-07-24,momentum,60,static,0.28912455,0.4309728
2017-07-25,momentum,60,static,0.3574759,0.46183342
2017-07-26,momentum,60,static,0.47764468,0.51441294
2017-07-27,momentum,60,static,0.3645926,0.51077896
2017-07-28,momentum,60,static,0.554706,0.74491096
2017-07-31,momentum,60,static,0.44980392,0.54368246
2017-08-01,momentum,60,static,0.5999973,0.6926838
2017-08-02,momentum,60,static,0.33362812,0.5387904
2017-08-03,momentum,60,static,0.85689783,0.94624025
2017-08-04,momentum,60,static,0.6797277,0.58289707
2017-08-07,momentum,60,static,0.47577247,0.55941546
2017-08-08,momentum,60,static,0.7355776,0.61376685
2017-08-09,momentum,60,static,0.5036802,0.6638971
2017-08-10,momentum,60,static,0.78194296,0.7692876
2017-08-11,momentum,60,static,0.7780952,0.8122345
2017-08-14,momentum,60,static,0.50498015,0.52480096
2017-08-16,momentum,60,static,0.40589043,0.5560418
2017-08-17,momentum,60,static,0.4383999,0.5614111
2017-08-18,momentum,60,static,0.42694488,0.56643534
2017-08-21,momentum,60,static,0.32942408,0.41590676
2017-08-22,momentum,60,static,0.4816819,0.4031539
2017-08-23,momentum,60,static,0.3237646,0.5517978
2017-08-24,momentum,60,static,0.37980905,0.5258351
2017-08-25,momentum,60,static,0.53273207,0.50978434
2017-08-28,momentum,60,static,0.48396522,0.5122814
2017-08-29,momentum,60,static,0.55525976,0.6372086
2017-08-30,momentum,60,static,0.3059023,0.46507215
2017-08-31,momentum,60,static,0.42101514,0.58462423
2017-09-01,momentum,60,static,0.43719873,0.5634626
2017-09-04,momentum,60,static,0.80571175,0.6594469
2017-09-05,momentum,60,static,0.48322672,0.59353966
2017-09-06,momentum,60,static,0.38746855,0.4966331
2017-09-07,momentum,60,static,0.41732684,0.5310973
2017-09-08,momentum,60,static,0.33410913,0.46941328
2017-09-11,momentum,60,static,0.4273295,0.38797998
2017-09-12,momentum,60,static,0.38387138,0.42747128
2017-09-13,momentum,60,static,0.532784,0.43967146
2017-09-14,momentum,60,static,0.5249362,0.5191052
2017-09-15,momentum,60,static,0.46454814,0.55210876
2017-09-18,momentum,60,static,0.43466046,0.50523335
2017-09-19,momentum,60,static,0.38876596,0.4742862
2017-09-20,momentum,60,static,0.4890798,0.5727605
2017-09-21,momentum,60,static,0.46683878,0.50394064
2017-09-22,momentum,60,static,0.5842754,0.6254554
2017-09-25,momentum,60,static,0.37923086,0.5411339
2017-09-26,momentum,60,static,0.52595836,0.51953787
2017-09-27,momentum,60,static,0.42178652,0.45140904
2017-09-28,momentum,60,static,0.47142658,0.54265535
2017-09-29,momentum,60,static,0.44898203,0.42059585
2017-10-10,momentum,60,static,0.37124217,0.43973565
2017-10-11,momentum,60,static,0.4241728,0.50510764
2017-10-12,momentum,60,static,0.46717745,0.5173706
2017-10-13,momentum,60,static,0.44696584,0.5357902
2017-10-16,momentum,60,static,0.41054747,0.5056654
2017-10-17,momentum,60,static,0.33732888,0.44507766
2017-10-18,momentum,60,static,0.46548337,0.4886104
2017-10-19,momentum,60,static,0.42848444,0.61548287
2017-10-20,momentum,60,static,0.36247987,0.47896397
2017-10-23,momentum,60,static,0.40933284,0.49565375
2017-10-24,momentum,60,static,0.3371137,0.45215744
2017-10-25,momentum,60,static,0.5181344,0.48165214
2017-10-26,momentum,60,static,0.37531456,0.53572196
2017-10-27,momentum,60,static,0.34875175,0.48704487
2017-10-30,momentum,60,static,0.3732904,0.49706322
2017-10-31,momentum,60,static,0.42233425,0.5747815
2017-11-01,momentum,60,static,0.44627354,0.5290918
2017-11-02,momentum,60,static,0.37131804,0.59873646
2017-11-03,momentum,60,static,0.4803873,0.52810115
2017-11-06,momentum,60,static,0.54080886,0.60981256
2017-11-07,momentum,60,static,0.5429577,0.5320775
2017-11-08,momentum,60,static,0.55050635,0.6037918
2017-11-09,momentum,60,static,0.57365763,0.6714124
2017-11-10,momentum,60,static,0.43465102,0.51284325
2017-11-13,momentum,60,static,0.49514338,0.5815854
2017-11-14,momentum,60,static,0.4631327,0.49134278
2017-11-15,momentum,60,static,0.52593166,0.5057019
2017-11-16,momentum,60,static,0.46143925,0.5773565
2017-11-17,momentum,60,static,0.6370275,0.5772887
2017-11-20,momentum,60,static,0.42193073,0.5122152
2017-11-21,momentum,60,static,0.4664672,0.48525256
2017-11-22,momentum,60,static,0.49178496,0.5002171
2017-11-23,momentum,60,static,0.33769703,0.50687975
2017-11-24,momentum,60,static,0.30684665,0.41307843
2017-11-27,momentum,60,static,0.63174343,0.6873684
2017-11-28,momentum,60,static,0.51561844,0.5710424
2017-11-29,momentum,60,static,0.5209071,0.52174914
2017-11-30,momentum,60,static,0.6702991,0.8075324
2017-12-01,momentum,60,static,0.5584041,0.6165637
2017-12-04,momentum,60,static,0.5248996,0.53170633
2017-12-05,momentum,60,static,0.52887315,0.5722809
2017-12-06,momentum,60,static,0.5514562,0.71687734
2017-12-07,momentum,60,static,0.6752934,0.73420835
2017-12-08,momentum,60,static,0.45889714,0.5414708
2017-12-11,momentum,60,static,0.47102973,0.47262263
2017-12-12,momentum,60,static,0.4695583,0.5255953
2017-12-13,momentum,60,static,0.502327,0.5334729
2017-12-14,momentum,60,static,0.61404777,0.84454703
2017-12-15,momentum,60,static,0.5297589,0.52145565
2017-12-18,momentum,60,static,0.47358662,0.45916182
2017-12-19,momentum,60,static,0.6413977,0.5767158
2017-12-20,momentum,60,static,0.3649534,0.45499438
2017-12-21,momentum,60,static,0.7004087,0.8524747
2017-12-22,momentum,60,static,0.5317793,0.5960085
2017-12-26,momentum,60,static,0.5612138,0.6748955
2017-12-27,momentum,60,static,0.5643131,0.566534
2017-12-28,momentum,60,static,0.5650448,0.5603221
2018-01-02,momentum,60,static,0.50195986,0.44172072
2018-01-03,momentum,60,static,0.55601066,0.45099467
2018-01-04,momentum,60,static,0.60766953,0.7548386
2018-01-05,momentum,60,static,0.32537127,0.51203
2018-01-08,momentum,60,static,0.6691721,0.49252194
2018-01-09,momentum,60,static,0.589738,0.637905
2018-01-10,momentum,60,static,0.609798,0.5571742
2018-01-11,momentum,60,static,0.5916006,0.5536566
2018-01-12,momentum,60,static,0.61880475,0.5504312
2018-01-15,momentum,60,static,0.48673365,0.49373323
2018-01-16,momentum,60,static,0.45485097,0.5645781
2018-01-17,momentum,60,static,0.5304574,0.48518753
2018-01-18,momentum,60,static,0.50200415,0.5462765
2018-01-19,momentum,60,static,0.42358023,0.4587934
2018-01-22,momentum,60,static,0.66856754,0.58852154
2018-01-23,momentum,60,static,0.5769514,0.5738548
2018-01-24,momentum,60,static,0.4336639,0.47657287
2018-01-25,momentum,60,static,0.4474603,0.6059592
2018-01-26,momentum,60,static,0.41339415,0.54488605
2018-01-29,momentum,60,static,0.46647355,0.46662444
2018-01-30,momentum,60,static,0.54076123,0.6279195
2018-01-31,momentum,60,static,0.7986268,0.7671959
2018-02-01,momentum,60,static,0.5135922,0.6478256
2018-02-02,momentum,60,static,0.6944563,0.9154456
2018-02-06,momentum,60,static,1.3759223,1.09792
2018-02-07,momentum,60,static,1.1224344,1.7482452
2018-02-08,momentum,60,static,1.4082813,1.1386106
2018-02-09,momentum,60,static,0.924383,1.1649739
2018-02-12,momentum,60,static,0.73894906,0.88261425
2018-02-13,momentum,60,static,0.7352547,0.88192874
2018-02-14,momentum,60,static,0.6576986,0.5291688
2018-02-19,momentum,60,static,0.744649,0.5907146
2018-02-20,momentum,60,static,0.60137486,0.6923021
2018-02-21,momentum,60,static,0.8948334,0.64391106
2018-02-22,momentum,60,static,0.7651857,0.68026406
2018-02-23,momentum,60,static,0.5396386,0.6525481
2018-02-26,momentum,60,static,0.44420412,0.524813
2018-02-27,momentum,60,static,0.5382551,0.6184379
2018-02-28,momentum,60,static,0.6677766,0.71349704
2018-03-02,momentum,60,static,0.7076289,0.75345916
2018-03-05,momentum,60,static,0.8297359,0.8608572
2018-03-06,momentum,60,static,0.5992369,0.6003294
2018-03-07,momentum,60,static,0.8678764,0.7719834
2018-03-08,momentum,60,static,0.57723534,0.60711646
2018-03-09,momentum,60,static,0.9048038,0.7688446
2018-03-12,momentum,60,static,0.60006213,0.54339474
2018-03-13,momentum,60,static,0.5792436,0.59191316
2018-03-14,momentum,60,static,0.52837044,0.5616786
2018-03-15,momentum,60,static,0.5437149,0.6469374
2018-03-16,momentum,60,static,0.6200851,0.6307734
2018-03-19,momentum,60,static,0.62999684,0.60889596
2018-03-20,momentum,60,static,0.5908735,0.66405714
2018-03-21,momentum,60,static,0.44412887,0.45229614
2018-03-22,momentum,60,static,0.68458426,0.5807179
2018-03-23,momentum,60,static,0.7553705,1.0184367
2018-03-26,momentum,60,static,0.76247865,0.8423229
2018-03-27,momentum,60,static,0.53506243,0.5228049
2018-03-28,momentum,60,static,0.673325,0.71340364
2018-03-29,momentum,60,static,0.5691548,0.6994597
2018-03-30,momentum,60,static,0.511162,0.49063063
2018-04-02,momentum,60,static,0.6385989,0.56356233
2018-04-03,momentum,60,static,0.64242345,0.620001
2018-04-04,momentum,60,static,0.61185294,0.8148763
2018-04-05,momentum,60,static,0.56049514,0.6609788
2018-04-06,momentum,60,static,0.5418958,0.5460885
2018-04-09,momentum,60,static,0.603467,0.53197944
2018-04-10,momentum,60,static,0.74254316,0.6820883
2018-04-11,momentum,60,static,0.52584124,0.5048673
2018-04-12,momentum,60,static,0.46946838,0.5083678
2018-04-13,momentum,60,static,0.48597175,0.49065226
2018-04-16,momentum,60,static,0.41321504,0.4788707
2018-04-17,momentum,60,static,0.4030222,0.47160155
2018-04-18,momentum,60,static,0.47746107,0.4633898
2018-04-19,momentum,60,static,0.3500298,0.4644832
2018-04-20,momentum,60,static,0.38361907,0.44365686
2018-04-23,momentum,60,static,0.59864664,0.41638792
2018-04-24,momentum,60,static,0.5900663,0.5046926
2018-04-25,momentum,60,static,0.5728207,0.48417312
2018-04-26,momentum,60,static,0.4661938,0.58983
2018-04-27,momentum,60,static,0.58571786,0.53923047
2018-04-30,momentum,60,static,0.29974332,0.40251988
2018-05-02,momentum,60,static,0.5317291,0.48733294
2018-05-03,momentum,60,static,0.38037953,0.5307105
2018-05-04,momentum,60,static,0.8299641,0.58294636
2018-05-08,momentum,60,static,0.63835526,0.7464546
2018-05-09,momentum,60,static,0.7415112,0.5941751
2018-05-10,momentum,60,static,0.524455,0.48597014
2018-05-11,momentum,60,static,0.5472272,0.4654057
2018-05-14,momentum,60,static,0.40309787,0.46382922
2018-05-15,momentum,60,static,0.4819849,0.52503425
2018-05-16,momentum,60,static,0.5249877,0.5032583
2018-05-17,momentum,60,static,0.504751,0.63399374
2018-05-18,momentum,60,static,0.37123322,0.4533276
2018-05-21,momentum,60,static,0.5899091,0.53799295
2018-05-23,momentum,60,static,0.4946166,0.46349472
2018-05-24,momentum,60,static,0.50533944,0.55651885
2018-05-25,momentum,60,static,0.61002725,0.54410505
2018-05-28,momentum,60,static,0.4808087,0.44353098
2018-05-29,momentum,60,static,0.5040798,0.52592695
2018-05-30,momentum,60,static,0.8468387,0.91134155
2018-05-31,momentum,60,static,0.58737284,0.55528075
2018-06-01,momentum,60,static,0.5391277,0.63978714
2018-06-04,momentum,60,static,0.47376427,0.4147639
2018-06-05,momentum,60,static,0.64105666,0.5074476
2018-06-07,momentum,60,static,0.44492972,0.3838085
2018-06-08,momentum,60,static,0.5250526,0.50861347
2018-06-11,momentum,60,static,0.329443,0.4968168
2018-06-12,momentum,60,static,0.5726167,0.5010383
2018-06-14,momentum,60,static,0.5893106,0.7461201
2018-06-15,momentum,60,static,0.43506518,0.704615
2018-06-18,momentum,60,static,0.5933432,0.8152336
2018-06-19,momentum,60,static,0.7605105,0.94120723
2018-06-20,momentum,60,static,0.9390088,0.7296659
2018-06-21,momentum,60,static,0.675875,0.87137926
2018-06-22,momentum,60,static,0.81111634,0.7556311
2018-06-25,momentum,60,static,0.6731689,0.7046275
2018-06-26,momentum,60,static,0.8809193,0.7164234
2018-06-27,momentum,60,static,0.58874965,0.5950035
2018-06-28,momentum,60,static,0.7575209,0.66068465
2018-06-29,momentum,60,static,0.8233925,0.7842864
2018-07-02,momentum,60,static,0.732432,1.1438748
2018-07-03,momentum,60,static,0.9579573,1.0055841
2018-07-04,momentum,60,static,0.7959366,0.76436245
2018-07-05,momentum,60,static,0.82799333,0.80280405
2018-07-06,momentum,60,static,0.842396,0.8199125
2018-07-09,momentum,60,static,0.6719653,0.7044919
2018-07-10,momentum,60,static,0.48954758,0.5175059
2018-07-11,momentum,60,static,0.635452,0.6347775
2018-07-12,momentum,60,static,0.541959,0.5524288
2018-07-13,momentum,60,static,0.66376597,0.52331924
2018-07-16,momentum,60,static,0.47625157,0.50565386
2018-07-17,momentum,60,static,0.6909655,0.50020045
2018-07-18,momentum,60,static,0.5686658,0.72347844
2018-07-19,momentum,60,static,0.63734394,0.5977136
2018-07-20,momentum,60,static,0.77456194,0.64252436
2018-07-23,momentum,60,static,0.71465874,0.66616946
2018-07-24,momentum,60,static,0.5560328,0.64550036
2018-07-25,momentum,60,static,0.5566565,0.606929
2018-07-26,momentum,60,static,0.53365874,0.52169687
2018-07-27,momentum,60,static,0.4896239,0.4538054
2018-07-30,momentum,60,static,0.60400695,0.4435473
2018-07-31,momentum,60,static,0.4818809,0.4418462
2018-08-01,momentum,60,static,0.49417087,0.41580257
2018-08-02,momentum,60,static,0.55862355,0.8620353
2018-08-03,momentum,60,static,0.44794852,0.52645725
2018-08-06,momentum,60,static,0.55782104,0.5225867
2018-08-07,momentum,60,static,0.5077453,0.5242568
2018-08-08,momentum,60,static,0.38903806,0.42074475
2018-08-09,momentum,60,static,0.5795095,0.39724466
2018-08-10,momentum,60,static,0.64872575,0.49207163
2018-08-13,momentum,60,static,0.6422989,0.7242865
2018-08-14,momentum,60,static,0.49295643,0.58808756
2018-08-16,momentum,60,static,0.7887324,0.68588054
2018-08-17,momentum,60,static,0.3888017,0.53101355
2018-08-20,momentum,60,static,0.5653866,0.5058099
2018-08-21,momentum,60,static,0.5020699,0.5618357
2018-08-22,momentum,60,static,0.4246906,0.40555042
2018-08-23,momentum,60,static,0.45294395,0.4309225
2018-08-24,momentum,60,static,0.55311584,0.55137867
2018-08-27,momentum,60,static,0.39814794,0.35514387
2018-08-28,momentum,60,static,0.46395722,0.4593854
2018-08-29,momentum,60,static,0.38262826,0.40444437
2018-08-30,momentum,60,static,0.4776508,0.462641
2018-08-31,momentum,60,static,0.4617814,0.57753104
2018-09-03,momentum,60,static,0.428776,0.4454543
2018-09-04,momentum,60,static,0.39786705,0.47058904
2018-09-05,momentum,60,static,0.44467092,0.6101922
2018-09-06,momentum,60,static,0.5141736,0.4740327
2018-09-07,momentum,60,static,0.70040905,0.5671955
2018-09-10,momentum,60,static,0.37834287,0.4488588
2018-09-11,momentum,60,static,0.53783274,0.52961534
2018-09-12,momentum,60,static,0.4302788,0.5210567
2018-09-13,momentum,60,static,0.42830923,0.41540238
2018-09-14,momentum,60,static,0.4561431,0.3809791
2018-09-17,momentum,60,static,0.35485968,0.46248537
2018-09-18,momentum,60,static,0.4616422,0.5557555
2018-09-19,momentum,60,static,0.44473305,0.46994883
2018-09-20,momentum,60,static,0.5008912,0.5105083
2018-09-21,momentum,60,static,0.4410776,0.4244036
2018-09-27,momentum,60,static,0.47088003,0.4998973
2018-09-28,momentum,60,static,0.48419026,0.4983613
2018-10-01,momentum,60,static,0.4943643,0.48318332
2018-10-02,momentum,60,static,0.48979652,0.6300442
2018-10-04,momentum,60,static,0.7401666,0.9344485
2018-10-05,momentum,60,static,0.8065761,0.7450011
2018-10-08,momentum,60,static,0.55835587,0.6452108
2018-10-10,momentum,60,static,0.83971167,0.751624
2018-10-11,momentum,60,static,1.0540719,1.4195694
2018-10-12,momentum,60,static,0.9823882,1.1016616
2018-10-15,momentum,60,static,0.7597328,0.78890705
2018-10-16,momentum,60,static,0.6612869,0.85194004
2018-10-17,momentum,60,static,0.6689484,0.6106768
2018-10-18,momentum,60,static,0.6124943,0.562799
2018-10-19,momentum,60,static,0.90396863,0.73795915
2018-10-22,momentum,60,static,0.65464485,0.7325312
2018-10-23,momentum,60,static,0.79869413,1.0439886
2018-10-24,momentum,60,static,1.0101825,0.96190464
2018-10-25,momentum,60,static,1.2034954,1.0761676
2018-10-26,momentum,60,static,1.4175036,1.3465264
2018-10-29,momentum,60,static,1.2363508,1.4093672
2018-10-30,momentum,60,static,1.4563276,1.3399538
2018-10-31,momentum,60,static,1.0390601,1.0359294
2018-11-01,momentum,60,static,0.94414973,0.9280472
2018-11-02,momentum,60,static,0.7913712,0.9627569
2018-11-05,momentum,60,static,0.9511913,0.81789756
2018-11-06,momentum,60,static,0.90530014,0.73419034
2018-11-07,momentum,60,static,1.0367223,0.9324181
2018-11-08,momentum,60,static,0.5996522,0.9422175
2018-11-09,momentum,60,static,0.7839538,0.6961279
2018-11-12,momentum,60,static,0.6026729,0.7178937
2018-11-13,momentum,60,static,0.97934544,0.95372933
2018-11-14,momentum,60,static,0.74976957,0.6508161
2018-11-15,momentum,60,static,0.95467246,0.73846257
2018-11-16,momentum,60,static,0.8288098,0.70710784
2018-11-19,momentum,60,static,0.8961883,0.69641584
2018-11-20,momentum,60,static,0.67195773,0.61891234
2018-11-21,momentum,60,static,0.58556443,0.7734037
2018-11-22,momentum,60,static,0.48702475,0.6670705
2018-11-23,momentum,60,static,0.7685168,0.76125735
2018-11-27,momentum,60,static,0.5834283,0.6451918
2018-11-28,momentum,60,static,0.45220104,0.582111
2018-11-29,momentum,60,static,0.60476553,0.66797733
2018-11-30,momentum,60,static,0.5886905,0.699619
2018-12-03,momentum,60,static,0.68153924,0.5499239
2018-12-04,momentum,60,static,0.5445994,0.64400715
2018-12-05,momentum,60,static,0.56843424,0.64945704
2018-12-06,momentum,60,static,0.6095563,0.84950054
2018-12-07,momentum,60,static,0.5924383,0.67488337
2018-12-10,momentum,60,static,0.6433859,0.73169583
2018-12-11,momentum,60,static,0.6609957,0.5957968
2018-12-12,momentum,60,static,0.6956875,0.5876742
2018-12-13,momentum,60,static,0.72408855,0.5926353
2018-12-14,momentum,60,static,0.7188342,0.8111312
2018-12-17,momentum,60,static,0.53072983,0.5100916
2018-12-18,momentum,60,static,0.6521278,0.6467546
2018-12-19,momentum,60,static,0.47295922,0.5299162
2018-12-20,momentum,60,static,0.8710768,0.6551581
2018-12-21,momentum,60,static,0.6061809,0.563808
2018-12-24,momentum,60,static,0.78516436,0.5569299
2018-12-26,momentum,60,static,0.879256,0.7213122
2018-12-27,momentum,60,static,0.78099734,0.68749076
2018-12-28,momentum,60,static,0.60280275,0.59041387
2019-01-02,momentum,60,static,0.9284962,0.9320278
2019-01-03,momentum,60,static,0.76937395,0.8294685
2019-01-04,momentum,60,static,0.9603191,0.8001175
2019-01-07,momentum,60,static,0.596431,0.5704027
2019-01-08,momentum,60,static,0.5111342,0.6417948
2019-01-09,momentum,60,static,0.61086947,0.6854057
2019-01-10,momentum,60,static,0.5482217,0.50790477
2019-01-11,momentum,60,static,0.5898902,0.47378308
2019-01-14,momentum,60,static,0.42138827,0.47042316
2019-01-15,momentum,60,static,0.6759469,0.61649215
2019-01-16,momentum,60,static,0.56711286,0.5100439
2019-01-17,momentum,60,static,0.66810846,0.56235564
2019-01-18,momentum,60,static,0.44543266,0.4809661
2019-01-21,momentum,60,static,0.62634444,0.48730332
2019-01-22,momentum,60,static,0.60353917,0.5840086
2019-01-23,momentum,60,static,0.51928467,0.63362944
2019-01-24,momentum,60,static,0.6640924,0.586127
2019-01-25,momentum,60,static,0.5400761,0.7266591
2019-01-28,momentum,60,static,0.64575857,0.5966024
2019-01-29,momentum,60,static,0.5906731,0.64633685
2019-01-30,momentum,60,static,0.65107256,0.65649134
2019-01-31,momentum,60,static,0.7285996,0.69528925
2019-02-01,momentum,60,static,0.5539258,0.67767864
2019-02-07,momentum,60,static,0.6790316,0.6553843
2019-02-08,momentum,60,static,0.5708925,0.7208362
2019-02-11,momentum,60,static,0.4614692,0.5296345
2019-02-12,momentum,60,static,0.57275265,0.5179999
2019-02-13,momentum,60,static,0.44701397,0.4468128
2019-02-14,momentum,60,static,0.48624977,0.73200464
2019-02-15,momentum,60,static,0.67290115,0.6203196
2019-02-18,momentum,60,static,0.48367992,0.48363304
2019-02-19,momentum,60,static,0.6155199,0.58511883
2019-02-20,momentum,60,static,0.52544653,0.5602344
2019-02-21,momentum,60,static,0.5323978,0.64101577
2019-02-22,momentum,60,static,0.5406673,0.55203784
2019-02-25,momentum,60,static,0.47330192,0.53295934
2019-02-26,momentum,60,static,0.4936881,0.5144222
2019-02-27,momentum,60,static,0.5037446,0.4387017
2019-02-28,momentum,60,static,0.92397344,0.89406234
2019-03-04,momentum,60,static,0.64611864,0.7663248
2019-03-05,momentum,60,static,0.59529656,0.5717901
2019-03-06,momentum,60,static,0.51380426,0.49077433
2019-03-07,momentum,60,static,0.5759724,0.6849823
2019-03-08,momentum,60,static,0.536695,0.650768
2019-03-11,momentum,60,static,0.51650745,0.63685
2019-03-12,momentum,60,static,0.5089075,0.46007365
2019-03-13,momentum,60,static,0.55918586,0.5623607
2019-03-14,momentum,60,static,0.69509447,0.5011355
2019-03-15,momentum,60,static,0.6786419,0.6375851
2019-03-18,momentum,60,static,0.4490796,0.45501179
2019-03-19,momentum,60,static,0.44854522,0.48296517
2019-03-20,momentum,60,static,0.67536366,0.612305
2019-03-21,momentum,60,static,0.66217667,0.6398699
2019-03-22,momentum,60,static,0.5033251,0.56437695
2019-03-25,momentum,60,static,0.43661532,0.65590805
2019-03-26,momentum,60,static,0.49395978,0.48797685
2019-03-27,momentum,60,static,0.6899357,0.58323723
2019-03-28,momentum,60,static,0.6706694,0.57933915
2019-03-29,momentum,60,static,0.5518298,0.5982263
2019-04-01,momentum,60,static,0.45664388,0.47069502
2019-04-02,momentum,60,static,0.36144215,0.3961076
2019-04-03,momentum,60,static,0.51566744,0.5742557
2019-04-04,momentum,60,static,0.5919871,0.60983443
2019-04-05,momentum,60,static,0.51925457,0.48719025
2019-04-08,momentum,60,static,0.5123613,0.5287266
2019-04-09,momentum,60,static,0.4496857,0.54908127
2019-04-10,momentum,60,static,0.48014227,0.5609672
2019-04-11,momentum,60,static,0.5340376,0.537621
2019-04-12,momentum,60,static,0.44028127,0.5828709
2019-04-15,momentum,60,static,0.40747067,0.41571546
2019-04-16,momentum,60,static,0.3219919,0.50680184
2019-04-17,momentum,60,static,0.43842065,0.43871284
2019-04-18,momentum,60,static,0.5309156,0.86454177
2019-04-19,momentum,60,static,0.4144328,0.4849695
2019-04-22,momentum,60,static,0.5566578,0.5799571
2019-04-23,momentum,60,static,0.40701708,0.44443208
2019-04-24,momentum,60,static,0.61955744,0.708099
2019-04-25,momentum,60,static,0.55485576,0.54704964
2019-04-26,momentum,60,static,0.72152674,0.58392143
2019-04-29,momentum,60,static,0.52491474,0.6333256
2019-04-30,momentum,60,static,0.68583477,0.7478651
2019-05-02,momentum,60,static,0.59866214,0.65544564
2019-05-03,momentum,60,static,0.4779373,0.56805253
2019-05-07,momentum,60,static,0.58303875,0.5006101
2019-05-08,momentum,60,static,0.62740874,0.6686099
2019-05-09,momentum,60,static,0.7362842,1.4926473
2019-05-10,momentum,60,static,1.313459,1.0162435
2019-05-13,momentum,60,static,0.6890862,0.9893562
2019-05-14,momentum,60,static,0.85694784,1.0664194
2019-05-15,momentum,60,static,0.6930094,0.675641
2019-05-16,momentum,60,static,0.7359276,0.80248475
2019-05-17,momentum,60,static,0.65519613,0.82686454
2019-05-20,momentum,60,static,0.77253944,0.78111404
2019-05-21,momentum,60,static,0.6395138,0.72216153
2019-05-22,momentum,60,static,0.7309624,0.6558396
2019-05-23,momentum,60,static,0.7258369,0.60564435
2019-05-24,momentum,60,static,0.7309144,0.65798587
2019-05-27,momentum,60,static,0.6795934,0.6606146
2019-05-28,momentum,60,static,0.711294,0.66153574
2019-05-29,momentum,60,static,0.7383555,0.81529886
2019-05-30,momentum,60,static,0.714489,0.57842463
2019-05-31,momentum,60,static,0.8417236,0.75905013
2019-06-03,momentum,60,static,0.66955924,0.7844487
2019-06-04,momentum,60,static,0.62424713,0.5364455
2019-06-05,momentum,60,static,0.51530224,0.5854079
2019-06-07,momentum,60,static,0.6764708,0.65493584
2019-06-10,momentum,60,static,0.48184523,0.5619172
2019-06-11,momentum,60,static,0.4704116,0.587908
2019-06-12,momentum,60,static,0.5863049,0.5402258
2019-06-13,momentum,60,static,0.7455525,0.6755753
2019-06-14,momentum,60,static,0.8651253,0.5804214
2019-06-17,momentum,60,static,0.4247762,0.58330685
2019-06-18,momentum,60,static,0.5229543,0.5117684
2019-06-19,momentum,60,static,0.4357139,0.39378905
2019-06-20,momentum,60,static,0.43176708,0.47018456
2019-06-21,momentum,60,static,0.37728238,0.4840979
2019-06-24,momentum,60,static,0.4593244,0.41552413
2019-06-25,momentum,60,static,0.51512194,0.573699
2019-06-26,momentum,60,static,0.40397477,0.48306143
2019-06-27,momentum,60,static,0.6148308,0.5864872
2019-06-28,momentum,60,static,0.54358685,0.5316513
2019-07-01,momentum,60,static,0.59253216,0.5761674
2019-07-02,momentum,60,static,0.5319617,0.536312
2019-07-03,momentum,60,static,0.6809259,0.72781736
2019-07-04,momentum,60,static,0.53083926,0.62519
2019-07-05,momentum,60,static,0.59597343,0.5965234
2019-07-08,momentum,60,static,0.7311243,0.83579284
2019-07-09,momentum,60,static,0.63317543,0.8059756
2019-07-10,momentum,60,static,0.53223544,0.4889416
2019-07-11,momentum,60,static,0.6092576,0.55611753
2019-07-12,momentum,60,static,0.49427682,0.51556194
2019-07-15,momentum,60,static,0.5757437,0.4639387
2019-07-16,momentum,60,static,0.6845,0.4772451
2019-07-17,momentum,60,static,0.5347872,0.51951647
2019-07-18,momentum,60,static,0.60851675,0.53064954
2019-07-19,momentum,60,static,0.5437367,0.54629385
2019-07-22,momentum,60,static,0.511214,0.4380076
2019-07-23,momentum,60,static,0.49994358,0.4484942
2019-07-24,momentum,60,static,0.5793747,0.62638736
2019-07-25,momentum,60,static,0.7161237,0.6836583
2019-07-26,momentum,60,static,0.57829916,0.5554647
2019-07-29,momentum,60,static,0.8799096,0.884993
2019-07-30,momentum,60,static,0.47641116,0.6355802
2019-07-31,momentum,60,static,0.9222174,0.7836033
2019-08-01,momentum,60,static,0.68841547,0.74194956
2019-08-02,momentum,60,static,0.84896463,0.65991825
2019-08-05,momentum,60,static,1.0211527,1.0802087
2019-08-06,momentum,60,static,1.484804,1.3771832
2019-08-07,momentum,60,static,1.0996208,1.1407294
2019-08-08,momentum,60,static,0.92815804,0.94157374
2019-08-09,momentum,60,static,0.5159914,0.5990157
2019-08-12,momentum,60,static,0.56668067,0.58428204
2019-08-13,momentum,60,static,0.6010147,0.53491724
2019-08-14,momentum,60,static,0.53666717,0.516528
2019-08-16,momentum,60,static,0.506742,0.6384629
2019-08-19,momentum,60,static,0.4380862,0.49188972
2019-08-20,momentum,60,static,0.5513106,0.5928204
2019-08-21,momentum,60,static,0.49984393,0.51819575
2019-08-22,momentum,60,static,0.6450491,0.5200978
2019-08-23,momentum,60,static,0.5643259,0.5516066
2019-08-26,momentum,60,static,0.59313625,0.6453458
2019-08-27,momentum,60,static,0.5408019,0.61079895
2019-08-28,momentum,60,static,0.506738,0.54609346
2019-08-29,momentum,60,static,0.77088475,0.59175515
2019-08-30,momentum,60,static,0.48729998,0.54580736
2019-09-02,momentum,60,static,0.42060363,0.46043366
2019-09-03,momentum,60,static,0.46074706,0.48603708
2019-09-04,momentum,60,static,0.64084554,0.5490096
2019-09-05,momentum,60,static,0.5175228,0.6279547
2019-09-06,momentum,60,static,0.44188112,0.47310227
2019-09-10,momentum,60,static,0.4645472,0.4552799
2019-09-11,momentum,60,static,0.5891835,0.43116406
2019-09-16,momentum,60,static,0.55733615,0.50477076
2019-09-17,momentum,60,static,0.38927358,0.4763049
2019-09-18,momentum,60,static,0.5622158,0.5281641
2019-09-19,momentum,60,static,0.61585087,0.5571154
2019-09-20,momentum,60,static,0.4513401,0.5394975
2019-09-23,momentum,60,static,0.40426698,0.43173456
2019-09-24,momentum,60,static,0.5260157,0.54845184
2019-09-25,momentum,60,static,0.69618875,0.6483945
2019-09-26,momentum,60,static,0.51503557,0.7260308
2019-09-27,momentum,60,static,0.48853964,0.68404424
2019-09-30,momentum,60,static,0.5457362,0.61351544
2019-10-01,momentum,60,static,0.5716477,0.5893486
2019-10-02,momentum,60,static,0.49776527,0.7370353
2019-10-04,momentum,60,static,0.88379955,0.6189617
2019-10-07,momentum,60,static,0.60894364,0.6918117
2019-10-08,momentum,60,static,0.5952094,0.58222306
2019-10-10,momentum,60,static,1.0106066,0.77834964
2019-10-11,momentum,60,static,0.46052435,0.6042574
2019-10-14,momentum,60,static,0.58545357,0.37956566
2019-10-15,momentum,60,static,0.6064588,0.44665563
2019-10-16,momentum,60,static,0.59798956,0.5207938
2019-10-17,momentum,60,static,0.55910295,0.5304872
2019-10-18,momentum,60,static,0.7058667,0.7023597
2019-10-21,momentum,60,static,0.5290702,0.47972643
2019-10-22,momentum,60,static,0.6156244,0.5496547
2019-10-23,momentum,60,static,0.5095138,0.47408414
2019-10-24,momentum,60,static,0.65481824,0.5951344
2019-10-25,momentum,60,static,0.510718,0.49405956
2019-10-28,momentum,60,static,0.5885731,0.4676993
2019-10-29,momentum,60,static,0.4937578,0.5436937
2019-10-30,momentum,60,static,0.6974592,0.54598415
2019-10-31,momentum,60,static,0.45347598,0.6043951
2019-11-01,momentum,60,static,0.6286192,0.55151284
2019-11-04,momentum,60,static,0.5168918,0.5140982
2019-11-05,momentum,60,static,0.4885944,0.5197108
2019-11-06,momentum,60,static,0.68208325,0.5981757
2019-11-07,momentum,60,static,0.6206656,0.5676787
2019-11-08,momentum,60,static,0.71452206,0.67905235
2019-11-11,momentum,60,static,0.5903803,0.6593722
2019-11-12,momentum,60,static,0.6194489,0.58137274
2019-11-13,momentum,60,static,0.5121189,0.5570777
2019-11-14,momentum,60,static,0.8766804,0.5859109
2019-11-15,momentum,60,static,0.7431917,0.72712636
2019-11-18,momentum,60,static,0.45491695,0.5925202
2019-11-19,momentum,60,static,0.7765365,0.62579155
2019-11-20,momentum,60,static,0.63094217,0.6670295
2019-11-21,momentum,60,static,0.8004125,0.97387135
2019-11-22,momentum,60,static,0.6115706,0.64908093
2019-11-25,momentum,60,static,0.67888767,0.51090145
2019-11-26,momentum,60,static,0.6483119,0.6272128
2019-11-27,momentum,60,static,0.7303999,0.5722582
2019-11-28,momentum,60,static,0.5263722,0.5476425
2019-11-29,momentum,60,static,0.72310865,0.8735281
2019-12-02,momentum,60,static,0.46694157,0.6394489
2019-12-03,momentum,60,static,0.5842627,0.67248106
2019-12-04,momentum,60,static,0.61338687,0.5976672
2019-12-05,momentum,60,static,0.56392145,0.8173243
2019-12-06,momentum,60,static,0.5755424,0.49263293
2019-12-09,momentum,60,static,0.601427,0.47018898
2019-12-10,momentum,60,static,0.5532216,0.53920156
2019-12-11,momentum,60,static,0.5910824,0.5253204
2019-12-12,momentum,60,static,0.5365521,0.4990698
2019-12-13,momentum,60,static,0.50488144,0.451679
2019-12-16,momentum,60,static,0.45997214,0.4934252
2019-12-17,momentum,60,static,0.6691943,0.59625244
2019-12-18,momentum,60,static,0.74346703,0.5887327
2019-12-19,momentum,60,static,0.49151647,0.6116744
2019-12-20,momentum,60,static,0.58628047,0.53262514
2019-12-23,momentum,60,static,0.47409418,0.54037493
2019-12-24,momentum,60,static,0.51791275,0.5626945
2019-12-26,momentum,60,static,0.4991962,0.52951294
2019-12-27,momentum,60,static,0.75134546,0.80421835
2019-12-30,momentum,60,static,0.5212078,0.5297666
2013-12-19,extended,60,static,0.48027983,0.63883346
2013-12-20,extended,60,static,0.56459975,0.50706995
2013-12-23,extended,60,static,0.4692802,0.42414927
2013-12-24,extended,60,static,0.37592426,0.45258802
2013-12-26,extended,60,static,0.34329724,0.4882918
2013-12-27,extended,60,static,0.40542945,0.50773364
2013-12-30,extended,60,static,0.39755836,0.4282893
2014-01-02,extended,60,static,0.745619,0.9080249
2014-01-03,extended,60,static,0.83173496,0.8854857
2014-01-06,extended,60,static,0.66945153,0.7046421
2014-01-07,extended,60,static,0.66912365,0.6545517
2014-01-08,extended,60,static,0.6145574,0.6068891
2014-01-09,extended,60,static,0.72558045,0.62821406
2014-01-10,extended,60,static,0.8143008,0.74840033
2014-01-13,extended,60,static,0.50973,0.5217118
2014-01-14,extended,60,static,0.6865121,0.67180973
2014-01-15,extended,60,static,0.45595104,0.5100857
2014-01-16,extended,60,static,0.6030574,0.48209378
2014-01-17,extended,60,static,0.5502644,0.6328402
2014-01-20,extended,60,static,0.55134165,0.55977327
2014-01-21,extended,60,static,0.40762115,0.4797073
2014-01-22,extended,60,static,0.40055934,0.4382751
2014-01-23,extended,60,static,0.55819607,0.6348953
2014-01-24,extended,60,static,0.6551958,0.6084853
2014-01-27,extended,60,static,0.6563229,0.7922527
2014-01-28,extended,60,static,0.5331622,0.58688015
2014-01-29,extended,60,static,0.48386818,0.5079272
2014-02-03,extended,60,static,0.48515627,0.6149556
2014-02-04,extended,60,static,0.6177616,0.627132
2014-02-05,extended,60,static,0.4867734,0.57586956
2014-02-06,extended,60,static,0.5684755,0.5199806
2014-02-07,extended,60,static,0.4129472,0.45934284
2014-02-10,extended,60,static,0.47753435,0.43102616
2014-02-11,extended,60,static,0.43266043,0.43372056
2014-02-12,extended,60,static,0.41571212,0.39325726
2014-02-13,extended,60,static,0.5321779,0.5422978
2014-02-14,extended,60,static,0.43489394,0.5262988
2014-02-17,extended,60,static,0.44116375,0.46666467
2014-02-18,extended,60,static,0.4554524,0.5028366
2014-02-19,extended,60,static,0.51835936,0.513617
2014-02-20,extended,60,static,0.57120365,0.5060568
2014-02-21,extended,60,static,0.2922706,0.45133042
2014-02-24,extended,60,static,0.4961578,0.627685
2014-02-25,extended,60,static,0.38584572,0.53946024
2014-02-26,extended,60,static,0.38891312,0.50443155
2014-02-27,extended,60,static,0.36891544,0.466004
2014-02-28,extended,60,static,0.5748443,0.3335513
2014-03-03,extended,60,static,0.49052024,0.53276736
2014-03-04,extended,60,static,0.3731192,0.46333352
2014-03-05,extended,60,static,0.29578462,0.3313592
2014-03-06,extended,60,static,0.36687255,0.3571777
2014-03-07,extended,60,static,0.35954282,0.4461296
2014-03-10,extended,60,static,0.39663768,0.46532416
2014-03-11,extended,60,static,0.36216235,0.42083538
2014-03-12,extended,60,static,0.52406615,0.6292148
2014-03-13,extended,60,static,0.7643156,0.57581025
2014-03-14,extended,60,static,0.49179876,0.63469964
2014-03-17,extended,60,static,0.440258,0.5177275
2014-03-18,extended,60,static,0.4034605,0.4657544
2014-03-19,extended,60,static,0.37717324,0.44537467
2014-03-20,extended,60,static,0.49770895,0.47223413
2014-03-21,extended,60,static,0.30561572,0.38230568
2014-03-24,extended,60,static,0.55959314,0.4609542
2014-03-25,extended,60,static,0.47395012,0.45260018
2014-03-26,extended,60,static,0.3636279,0.35343403
2014-03-27,extended,60,static,0.3300193,0.39210206
2014-03-28,extended,60,static,0.44567809,0.4251436
2014-03-31,extended,60,static,0.5329057,0.48940018
2014-04-01,extended,60,static,0.45367453,0.441108
2014-04-02,extended,60,static,0.238201,0.37949413
2014-04-03,extended,60,static,0.3425025,0.44776946
2014-04-04,extended,60,static,0.38496485,0.4654203
2014-04-07,extended,60,static,0.5002975,0.48071724
2014-04-08,extended,60,static,0.4536314,0.5050406
2014-04-09,extended,60,static,0.37307066,0.39206743
2014-04-10,extended,60,static,0.50099003,0.45875043
2014-04-11,extended,60,static,0.40514937,0.504044
2014-04-14,extended,60,static,0.46094933,0.47665885
2014-04-15,extended,60,static,0.39984715,0.5358519
2014-04-16,extended,60,static,0.34781387,0.42522216
2014-04-17,extended,60,static,0.34906006,0.4743767
2014-04-18,extended,60,static,0.33066025,0.33447653
2014-04-21,extended,60,static,0.32748717,0.45611775
2014-04-22,extended,60,static,0.39831004,0.42278376
2014-04-23,extended,60,static,0.381451,0.42501843
2014-04-24,extended,60,static,0.36006987,0.47100082
2014-04-25,extended,60,static,0.37953928,0.6124545
2014-04-28,extended,60,static,0.46890783,0.4888324
2014-04-29,extended,60,static,0.4484777,0.52939975
2014-04-30,extended,60,static,0.3416393,0.4953131
2014-05-02,extended,60,static,0.34048426,0.47950453
2014-05-07,extended,60,static,0.48494962,0.5699423
2014-05-08,extended,60,static,0.4457768,0.49182215
2014-05-09,extended,60,static,0.39555353,0.41079
2014-05-12,extended,60,static,0.3764048,0.4705595
2014-05-13,extended,60,static,0.3723531,0.47217697
2014-05-14,extended,60,static,0.4369127,0.4294023
2014-05-15,extended,60,static,0.35734537,0.4162929
2014-05-16,extended,60,static,0.48168162,0.4797506
2014-05-19,extended,60,static,0.5512502,0.4759876
2014-05-20,extended,60,static,0.3573945,0.4301962
2014-05-21,extended,60,static,0.42510924,0.5000379
2014-05-22,extended,60,static,0.4092602,0.43650287
2014-05-23,extended,60,static,0.2651022,0.3845415
2014-05-26,extended,60,static,0.399295,0.43573564
2014-05-27,extended,60,static,0.6404549,0.6206899
2014-05-28,extended,60,static,0.4267683,0.44441473
2014-05-29,extended,60,static,0.27189663,0.48984435
2014-05-30,extended,60,static,0.6504426,0.54439753
2014-06-02,extended,60,static,0.39264828,0.4509784
2014-06-03,extended,60,static,0.60500765,0.5207798
2014-06-05,extended,60,static,0.43817604,0.5890613
2014-06-09,extended,60,static,0.4332506,0.57703006
2014-06-10,extended,60,static,0.49776107,0.43226203
2014-06-11,extended,60,static,0.40366834,0.440152
2014-06-12,extended,60,static,0.37406954,0.4994058
2014-06-13,extended,60,static,0.50387836,0.60122794
2014-06-16,extended,60,static,0.31889334,0.45714808
2014-06-17,extended,60,static,0.31693837,0.43837634
2014-06-18,extended,60,static,0.38902605,0.5099399
2014-06-19,extended,60,static,0.33651564,0.5208096
2014-06-20,extended,60,static,0.46845403,0.5881482
2014-06-23,extended,60,static,0.4674691,0.4327529
2014-06-24,extended,60,static,0.384609,0.5105386
2014-06-25,extended,60,static,0.36639097,0.5142639
2014-06-26,extended,60,static,0.62370855,0.45531708
2014-06-27,extended,60,static,0.45669696,0.505776
2014-06-30,extended,60,static,0.421138,0.4036724
2014-07-01,extended,60,static,0.32784396,0.4458323
2014-07-02,extended,60,static,0.4311952,0.42111912
2014-07-03,extended,60,static,0.31473687,0.42592376
2014-07-04,extended,60,static,0.37441212,0.4508995
2014-07-07,extended,60,static,0.38168913,0.45163304
2014-07-08,extended,60,static,0.47110578,0.45328608
2014-07-09,extended,60,static,0.33105847,0.45904347
2014-07-10,extended,60,static,0.29468086,0.42791426
2014-07-11,extended,60,static,0.29963273,0.418388
2014-07-14,extended,60,static,0.39193794,0.44736776
2014-07-15,extended,60,static,0.4075967,0.36416242
2014-07-16,extended,60,static,0.3580271,0.42522246
2014-07-17,extended,60,static,0.28855145,0.473042
2014-07-18,extended,60,static,0.30281526,0.45681715
2014-07-21,extended,60,static,0.3475782,0.50563896
2014-07-22,extended,60,static,0.3701284,0.39279458
2014-07-23,extended,60,static,0.33715287,0.43271765
2014-07-24,extended,60,static,0.3925678,0.40442222
2014-07-25,extended,60,static,0.39154992,0.4373862
2014-07-28,extended,60,static,0.39611506,0.46740222
2014-07-29,extended,60,static,0.4402754,0.40226388
2014-07-30,extended,60,static,0.5263765,0.5504862
2014-07-31,extended,60,static,0.68732923,0.54518586
2014-08-01,extended,60,static,0.5611398,0.6137602
2014-08-04,extended,60,static,0.5234078,0.502782
2014-08-05,extended,60,static,0.5006744,0.5232275
2014-08-06,extended,60,static,0.42100957,0.54825646
2014-08-07,extended,60,static,0.42803073,0.57851774
2014-08-08,extended,60,static,0.54905045,0.6252175
2014-08-11,extended,60,static,0.40855855,0.46066725
2014-08-12,extended,60,static,0.45808536,0.5383983
2014-08-13,extended,60,static,0.37273914,0.4732985
2014-08-14,extended,60,static,0.41851518,0.4573862
2014-08-18,extended,60,static,0.5593621,0.57254255
2014-08-19,extended,60,static,0.3205721,0.39838302
2014-08-20,extended,60,static,0.4542845,0.5380718
2014-08-21,extended,60,static,0.5047452,0.65213335
2014-08-22,extended,60,static,0.42705104,0.44174737
2014-08-25,extended,60,static,0.5974487,0.5425146
2014-08-26,extended,60,static,0.35681435,0.43135393
2014-08-27,extended,60,static,0.45551103,0.43725264
2014-08-28,extended,60,static,0.32768294,0.52127016
2014-08-29,extended,60,static,0.5166976,0.522268
2014-09-01,extended,60,static,0.42619717,0.47369248
2014-09-02,extended,60,static,0.39515647,0.48229027
2014-09-03,extended,60,static,0.5543262,0.5067967
2014-09-04,extended,60,static,0.4892236,0.5159059
2014-09-05,extended,60,static,0.40816993,0.56134665
2014-09-11,extended,60,static,0.7266974,0.53548926
2014-09-12,extended,60,static,0.4590848,0.48822582
2014-09-15,extended,60,static,0.43585527,0.54794323
2014-09-16,extended,60,static,0.29281414,0.46488667
2014-09-17,extended,60,static,0.37738502,0.3758348
2014-09-18,extended,60,static,0.3807929,0.48866653
2014-09-19,extended,60,static,0.3251082,0.4470181
2014-09-22,extended,60,static,0.43448827,0.5367515
2014-09-23,extended,60,static,0.5151247,0.47923166
2014-09-24,extended,60,static,0.48339394,0.52467316
2014-09-25,extended,60,static,0.41328657,0.4880875
2014-09-26,extended,60,static,0.41926065,0.53167194
2014-09-29,extended,60,static,0.49092257,0.5187662
2014-09-30,extended,60,static,0.4185666,0.58106154
2014-10-01,extended,60,static,0.31939605,0.6509411
2014-10-02,extended,60,static,0.6898203,0.67881304
2014-10-06,extended,60,static,0.5242728,0.6803883
2014-10-07,extended,60,static,0.48625708,0.56807214
2014-10-08,extended,60,static,0.5505924,0.55650634
2014-10-10,extended,60,static,0.53692883,0.71517783
2014-10-13,extended,60,static,0.736411,0.6382189
2014-10-14,extended,60,static,0.596226,0.642718
2014-10-15,extended,60,static,0.6676354,0.63729376
2014-10-16,extended,60,static,0.6282262,0.679977
2014-10-17,extended,60,static,0.6876258,0.7974095
2014-10-20,extended,60,static,0.37683234,0.4754842
2014-10-21,extended,60,static,0.53052425,0.5581302
2014-10-22,extended,60,static,0.439299,0.4311839
2014-10-23,extended,60,static,0.76390135,0.6126568
2014-10-24,extended,60,static,0.67026865,0.6502018
2014-10-27,extended,60,static,0.3780209,0.5063699
2014-10-28,extended,60,static,0.38197294,0.51349807
2014-10-29,extended,60,static,0.59493434,0.50747323
2014-10-30,extended,60,static,0.6260377,0.46388832
2014-10-31,extended,60,static,0.62573487,0.49192062
2014-11-03,extended,60,static,0.515155,0.5124258
2014-11-04,extended,60,static,0.585234,0.72746617
2014-11-05,extended,60,static,0.526671,0.6117954
2014-11-06,extended,60,static,0.64335394,0.4839476
2014-11-07,extended,60,static,0.49799624,0.57151204
2014-11-10,extended,60,static,0.44324467,0.4841832
2014-11-11,extended,60,static,0.41973338,0.45010895
2014-11-12,extended,60,static,0.39307055,0.4659333
2014-11-13,extended,60,static,0.43068418,0.585316
2014-11-14,extended,60,static,0.66949475,0.6021785
2014-11-17,extended,60,static,0.6341669,0.51482826
2014-11-18,extended,60,static,0.5666394,0.53253466
2014-11-19,extended,60,static,0.5010618,0.48959816
2014-11-20,extended,60,static,0.51566744,0.4770412
2014-11-21,extended,60,static,0.3318023,0.48737207
2014-11-24,extended,60,static,0.3079933,0.39955556
2014-11-25,extended,60,static,0.47510704,0.4404408
2014-11-26,extended,60,static,0.41046423,0.42385727
2014-11-27,extended,60,static,0.42532575,0.4329425
2014-11-28,extended,60,static,0.43114895,0.41342562
2014-12-01,extended,60,static,0.42047596,0.5740486
2014-12-02,extended,60,static,0.41847506,0.5367833
2014-12-03,extended,60,static,0.43730697,0.41794008
2014-12-04,extended,60,static,0.34017053,0.4199823
2014-12-05,extended,60,static,0.29264355,0.34695512
2014-12-08,extended,60,static,0.30122593,0.48067537
2014-12-09,extended,60,static,0.31311747,0.46702075
2014-12-10,extended,60,static,0.47854897,0.57688826
2014-12-11,extended,60,static,0.6749274,0.71896976
2014-12-12,extended,60,static,0.5025717,0.51794446
2014-12-15,extended,60,static,0.47724685,0.6608045
2014-12-16,extended,60,static,0.4911253,0.6393862
2014-12-17,extended,60,static,0.5890781,0.5545785
2014-12-18,extended,60,static,0.74484754,0.782315
2014-12-19,extended,60,static,0.6986612,0.52544534
2014-12-22,extended,60,static,0.50286496,0.51319563
2014-12-23,extended,60,static,0.31127355,0.44466567
2014-12-24,extended,60,static,0.39547744,0.39546385
2014-12-26,extended,60,static,0.38823494,0.4645517
2014-12-29,extended,60,static,0.4127921,0.5041211
2014-12-30,extended,60,static,0.48542786,0.677316
2015-01-02,extended,60,static,0.46897152,0.55025536
2015-01-05,extended,60,static,0.71077925,0.67260206
2015-01-06,extended,60,static,0.58421755,0.74494666
2015-01-07,extended,60,static,0.40920374,0.6146805
2015-01-08,extended,60,static,0.39667127,0.45771056
2015-01-09,extended,60,static,0.37639695,0.36844164
2015-01-12,extended,60,static,0.39231175,0.49203104
2015-01-13,extended,60,static,0.50338966,0.39998293
2015-01-14,extended,60,static,0.45990178,0.53638244
2015-01-15,extended,60,static,0.48670793,0.59919935
2015-01-16,extended,60,static,0.5324012,0.7128029
2015-01-19,extended,60,static,0.37361118,0.48983806
2015-01-20,extended,60,static,0.4801419,0.44789147
2015-01-21,extended,60,static,0.46535662,0.46196163
2015-01-22,extended,60,static,0.4227397,0.5773107
2015-01-23,extended,60,static,0.43462372,0.37218237
2015-01-26,extended,60,static,0.41431355,0.4606949
2015-01-27,extended,60,static,0.3717231,0.40598065
2015-01-28,extended,60,static,0.38393363,0.45667556
2015-01-29,extended,60,static,0.4646711,0.46034077
2015-01-30,extended,60,static,0.5166637,0.60454243
2015-02-02,extended,60,static,0.43396014,0.49648446
2015-02-03,extended,60,static,0.54287523,0.60459954
2015-02-04,extended,60,static,0.44758877,0.4835455
2015-02-05,extended,60,static,0.39394376,0.5959665
2015-02-06,extended,60,static,0.47000152,0.46110377
2015-02-09,extended,60,static,0.39241865,0.52916336
2015-02-10,extended,60,static,0.4345792,0.5563465
2015-02-11,extended,60,static,0.37759364,0.3786643
2015-02-12,extended,60,static,0.43717173,0.5879497
2015-02-13,extended,60,static,0.36823046,0.42447853
2015-02-16,extended,60,static,0.33519894,0.4408977
2015-02-17,extended,60,static,0.31718782,0.46758437
2015-02-23,extended,60,static,0.24621129,0.4351806
2015-02-24,extended,60,static,0.30792415,0.4005691
2015-02-25,extended,60,static,0.3182324,0.34782308
2015-02-26,extended,60,static,0.38990286,0.4241555
2015-02-27,extended,60,static,0.47086844,0.46671933
2015-03-02,extended,60,static,0.39558092,0.3911012
2015-03-03,extended,60,static,0.33467677,0.41152442
2015-03-04,extended,60,static,0.35309902,0.407578
2015-03-05,extended,60,static,0.36552134,0.38232234
2015-03-06,extended,60,static,0.28833833,0.35986233
2015-03-09,extended,60,static,0.35330012,0.52491236
2015-03-10,extended,60,static,0.52937216,0.58363837
2015-03-11,extended,60,static,0.48851034,0.54249007
2015-03-12,extended,60,static,0.7905255,0.5605831
2015-03-13,extended,60,static,0.35611054,0.36225054
2015-03-16,extended,60,static,0.32779276,0.44182536
2015-03-17,extended,60,static,0.5014861,0.53704935
2015-03-18,extended,60,static,0.44014743,0.46360132
2015-03-19,extended,60,static,0.49780563,0.45951444
2015-03-20,extended,60,static,0.4250708,0.564282
2015-03-23,extended,60,static,0.51843107,0.4901643
2015-03-24,extended,60,static,0.3522225,0.4945722
2015-03-25,extended,60,static,0.30849868,0.47236747
2015-03-26,extended,60,static,0.42036015,0.63303787
2015-03-27,extended,60,static,0.48113868,0.4725635
2015-03-30,extended,60,static,0.42340615,0.50598395
2015-03-31,extended,60,static,0.3945001,0.39408267
2015-04-01,extended,60,static,0.42614794,0.60446745
2015-04-02,extended,60,static,0.4117238,0.45067245
2015-04-03,extended,60,static,0.34641802,0.41411883
2015-04-06,extended,60,static,0.48865163,0.5294699
2015-04-07,extended,60,static,0.46775958,0.57199484
2015-04-08,extended,60,static,0.2970583,0.42366737
2015-04-09,extended,60,static,0.37125695,0.5082995
2015-04-10,extended,60,static,0.43423086,0.58816403
2015-04-13,extended,60,static,0.34378946,0.46224466
2015-04-14,extended,60,static,0.5208348,0.5270584
2015-04-15,extended,60,static,0.413188,0.5181464
2015-04-16,extended,60,static,0.45509562,0.5360345
2015-04-17,extended,60,static,0.38721758,0.49037766
2015-04-20,extended,60,static,0.49090785,0.6444908
2015-04-21,extended,60,static,0.42544895,0.5020531
2015-04-22,extended,60,static,0.9061538,0.7517811
2015-04-23,extended,60,static,0.78710514,0.7898024
2015-04-24,extended,60,static,0.7086444,0.855424
2015-04-27,extended,60,static,0.4825939,0.6670809
2015-04-28,extended,60,static,0.42580023,0.6313086
2015-04-29,extended,60,static,0.5785798,0.7231139
2015-04-30,extended,60,static,0.49580005,0.668293
2015-05-04,extended,60,static,0.4582878,0.60112244
2015-05-06,extended,60,static,0.46169978,0.73968637
2015-05-07,extended,60,static,0.581258,0.72702646
2015-05-08,extended,60,static,0.57891643,0.5623576
2015-05-11,extended,60,static,0.48070416,0.5139801
2015-05-12,extended,60,static,0.4349594,0.5851065
2015-05-13,extended,60,static,0.5513823,0.49639535
2015-05-14,extended,60,static,0.36771038,0.4650747
2015-05-15,extended,60,static,0.5494416,0.7063063
2015-05-18,extended,60,static,0.5521967,0.51959276
2015-05-19,extended,60,static,0.5842618,0.49782866
2015-05-20,extended,60,static,0.397592,0.5162123
2015-05-21,extended,60,static,0.46203166,0.6136972
2015-05-22,extended,60,static,0.43587726,0.47626743
2015-05-26,extended,60,static,0.69523454,0.50839174
2015-05-27,extended,60,static,0.66407424,0.7826323
2015-05-28,extended,60,static,0.58385545,0.60367304
2015-05-29,extended,60,static,0.47500667,0.64915186
2015-06-01,extended,60,static,0.7755205,0.6693333
2015-06-02,extended,60,static,0.6786005,0.80340827
2015-06-03,extended,60,static,0.68659085,0.74438363
2015-06-04,extended,60,static,0.6508273,0.6075347
2015-06-05,extended,60,static,0.69513357,0.616476
2015-06-08,extended,60,static,0.6300256,0.63060486
2015-06-09,extended,60,static,0.5512057,0.63543206
2015-06-10,extended,60,static,0.55687886,0.7480046
2015-06-11,extended,60,static,0.52646726,0.49799228
2015-06-12,extended,60,static,0.59666693,0.6732915
2015-06-15,extended,60,static,0.6091835,0.6125075
2015-06-16,extended,60,static,0.86266726,0.8116148
2015-06-17,extended,60,static,0.5755643,0.5563819
2015-06-18,extended,60,static,0.5761382,0.5992738
2015-06-19,extended,60,static,0.55882305,0.51763
2015-06-22,extended,60,static,0.5072078,0.5879882
2015-06-23,extended,60,static,0.40189433,0.5436268
2015-06-24,extended,60,static,0.49130565,0.43702886
2015-06-25,extended,60,static,0.42484134,0.50576633
2015-06-26,extended,60,static,0.42865404,0.53797716
2015-06-29,extended,60,static,0.54642594,0.57698035
2015-06-30,extended,60,static,0.79986274,0.6366089
2015-07-01,extended,60,static,0.5309773,0.6027104
2015-07-02,extended,60,static,0.42298937,0.46216047
2015-07-03,extended,60,static,0.49392998,0.5591627
2015-07-06,extended,60,static,0.70410967,0.84704983
2015-07-07,extended,60,static,1.2697808,0.9651237
2015-07-08,extended,60,static,0.9289754,1.0392764
2015-07-09,extended,60,static,0.91673833,1.0991279
2015-07-10,extended,60,static,0.61174023,0.65271974
2015-07-13,extended,60,static,0.611966,0.6928096
2015-07-14,extended,60,static,0.62655807,0.5473879
2015-07-15,extended,60,static,0.5505885,0.5159778
2015-07-16,extended,60,static,0.38838267,0.51493
2015-07-17,extended,60,static,0.8732395,0.73788005
2015-07-20,extended,60,static,0.43888596,0.5145009
2015-07-21,extended,60,static,0.55127376,0.52545136
2015-07-22,extended,60,static,0.62025476,0.5754028
2015-07-23,extended,60,static,0.49155486,0.5913902
2015-07-24,extended,60,static,0.5470408,0.64534557
2015-07-27,extended,60,static,0.7153333,0.61859304
2015-07-28,extended,60,static,0.8191336,0.75107616
2015-07-29,extended,60,static,0.5667343,0.5693031
2015-07-30,extended,60,static,0.71114796,0.77105033
2015-07-31,extended,60,static,0.7327988,0.6573121
2015-08-03,extended,60,static,0.4797667,0.72871023
2015-08-04,extended,60,static,0.50947493,0.5665296
2015-08-05,extended,60,static,0.45489973,0.49162418
2015-08-06,extended,60,static,0.48685527,0.693814
2015-08-07,extended,60,static,0.43246758,0.5313343
2015-08-10,extended,60,static,0.56543386,0.5859684
2015-08-11,extended,60,static,0.6210647,0.72599584
2015-08-12,extended,60,static,1.0305247,0.93119717
2015-08-13,extended,60,static,0.80435836,0.8710669
2015-08-17,extended,60,static,0.5732548,0.7584902
2015-08-18,extended,60,static,0.75889903,0.70939
2015-08-19,extended,60,static,1.0924137,1.0372069
2015-08-20,extended,60,static,0.7815961,0.99070495
2015-08-21,extended,60,static,0.9134856,1.132889
2015-08-24,extended,60,static,1.8107414,1.9384074
2015-08-25,extended,60,static,1.8910074,1.7296431
2015-08-26,extended,60,static,1.0096093,1.536823
2015-08-27,extended,60,static,1.0561913,0.8279765
2015-08-28,extended,60,static,0.56707877,0.49169618
2015-08-31,extended,60,static,0.59578997,0.62986636
2015-09-01,extended,60,static,0.6166712,0.8860844
2015-09-02,extended,60,static,0.7860436,0.90282744
2015-09-03,extended,60,static,0.6534895,0.69372964
2015-09-04,extended,60,static,0.7472652,1.072222
2015-09-07,extended,60,static,0.8502557,0.78706044
2015-09-08,extended,60,static,0.6740726,0.75401354
2015-09-09,extended,60,static,0.57209575,0.615589
2015-09-10,extended,60,static,0.74454945,0.894674
2015-09-11,extended,60,static,0.50379705,0.7354137
2015-09-14,extended,60,static,0.6348398,0.7474401
2015-09-15,extended,60,static,0.4543648,0.5092317
2015-09-16,extended,60,static,0.5155807,0.5562707
2015-09-17,extended,60,static,0.68464905,0.49905986
2015-09-18,extended,60,static,0.79493463,0.70028865
2015-09-21,extended,60,static,0.679192,0.74821806
2015-09-22,extended,60,static,0.50560457,0.572105
2015-09-23,extended,60,static,0.6404673,0.7745456
2015-09-24,extended,60,static,0.37382257,0.6485351
2015-09-25,extended,60,static,0.5172438,0.61077744
2015-09-30,extended,60,static,0.64004534,0.83063596
2015-10-01,extended,60,static,0.6149624,0.49946216
2015-10-02,extended,60,static,0.5572659,0.57501113
2015-10-05,extended,60,static,0.52579486,0.53037196
2015-10-06,extended,60,static,0.46812874,0.47690326
2015-10-07,extended,60,static,0.39444777,0.4129803
2015-10-08,extended,60,static,0.75575185,0.5491678
2015-10-12,extended,60,static,0.5085366,0.62469786
2015-10-13,extended,60,static,0.5864969,0.55932605
2015-10-14,extended,60,static,0.42263693,0.57799304
2015-10-15,extended,60,static,0.5670978,0.6706168
2015-10-16,extended,60,static,0.41148767,0.47409606
2015-10-19,extended,60,static,0.59965014,0.47873724
2015-10-20,extended,60,static,0.34834018,0.51974094
2015-10-21,extended,60,static,0.55760455,0.5159199
2015-10-22,extended,60,static,0.4936597,0.6525074
2015-10-23,extended,60,static,0.5528827,0.5460493
2015-10-26,extended,60,static,0.4321443,0.46307006
2015-10-27,extended,60,static,0.45086458,0.5153998
2015-10-28,extended,60,static,0.42119962,0.595547
2015-10-29,extended,60,static,0.6226361,0.6977847
2015-10-30,extended,60,static,0.57504505,0.51586384
2015-11-02,extended,60,static,0.4598057,0.42670602
2015-11-03,extended,60,static,0.48481444,0.4900913
2015-11-04,extended,60,static,0.43381485,0.45651007
2015-11-05,extended,60,static,0.41666242,0.37989694
2015-11-06,extended,60,static,0.45264474,0.529134
2015-11-09,extended,60,static,0.535969,0.508696
2015-11-10,extended,60,static,0.5498236,0.74126416
2015-11-11,extended,60,static,0.49404413,0.5497983
2015-11-12,extended,60,static,0.29256648,0.45560202
2015-11-13,extended,60,static,0.5260353,0.51459026
2015-11-16,extended,60,static,0.37849212,0.69305927
2015-11-17,extended,60,static,0.48022184,0.5301635
2015-11-18,extended,60,static,0.4339948,0.42590886
2015-11-19,extended,60,static,0.36737475,0.4317202
2015-11-20,extended,60,static,0.3950192,0.40282506
2015-11-23,extended,60,static,0.39232647,0.46960062
2015-11-24,extended,60,static,0.43989903,0.43512076
2015-11-25,extended,60,static,0.38424456,0.42880625
2015-11-26,extended,60,static,0.45002028,0.43762964
2015-11-27,extended,60,static,0.37650165,0.41856104
2015-11-30,extended,60,static,0.7767586,0.7583464
2015-12-01,extended,60,static,0.50479424,0.5382286
2015-12-02,extended,60,static,0.5016396,0.48680264
2015-12-03,extended,60,static,0.49697414,0.6377763
2015-12-04,extended,60,static,0.4475061,0.59174997
2015-12-07,extended,60,static,0.59594285,0.6768361
2015-12-08,extended,60,static,0.5530384,0.6950374
2015-12-09,extended,60,static,0.4472472,0.5495507
2015-12-10,extended,60,static,0.5514376,0.5463889
2015-12-11,extended,60,static,0.5657859,0.5494223
2015-12-14,extended,60,static,0.6382663,0.59706
2015-12-15,extended,60,static,0.44237307,0.5304684
2015-12-16,extended,60,static,0.5684499,0.59631866
2015-12-17,extended,60,static,0.66542965,0.5210913
2015-12-18,extended,60,static,0.47428003,0.6408745
2015-12-21,extended,60,static,0.7907233,0.60280925
2015-12-22,extended,60,static,0.4273976,0.5785793
2015-12-23,extended,60,static,0.5328471,0.5024393
2015-12-24,extended,60,static,0.5478259,0.5239576
2015-12-28,extended,60,static,0.5731691,0.6736952
2015-12-29,extended,60,static,0.71268773,0.6007148
2015-12-30,extended,60,static,0.61946654,0.5118923
2016-01-04,extended,60,static,0.59715265,0.9007893
2016-01-05,extended,60,static,0.83417565,0.7560615
2016-01-06,extended,60,static,0.82796127,0.7653026
2016-01-07,extended,60,static,0.8403119,0.85388666
2016-01-08,extended,60,static,0.78636414,0.88323516
2016-01-11,extended,60,static,0.5864095,0.7513945
2016-01-12,extended,60,static,0.6484348,0.78407
2016-01-13,extended,60,static,0.48391593,0.5592239
2016-01-14,extended,60,static,0.66714925,0.6712377
2016-01-15,extended,60,static,0.76769465,1.1316428
2016-01-18,extended,60,static,0.8122839,0.82074326
2016-01-19,extended,60,static,0.80901164,0.68167984
2016-01-20,extended,60,static,1.0479549,1.2694987
2016-01-21,extended,60,static,1.2050147,1.058498
2016-01-22,extended,60,static,0.76164746,0.7011191
2016-01-25,extended,60,static,0.58615047,0.51610833
2016-01-26,extended,60,static,0.75074667,0.75044364
2016-01-27,extended,60,static,0.7746183,0.5555765
2016-01-28,extended,60,static,0.6446767,0.59765846
2016-01-29,extended,60,static,0.76355225,0.5816975
2016-02-01,extended,60,static,0.6537827,0.5153456
2016-02-02,extended,60,static,0.5287193,0.668599
2016-02-03,extended,60,static,0.5112443,0.69832504
2016-02-04,extended,60,static,0.50863564,0.7294137
2016-02-05,extended,60,static,0.44628632,0.49889353
2016-02-11,extended,60,static,0.5768444,0.7819802
2016-02-12,extended,60,static,1.0966846,1.1744387
2016-02-15,extended,60,static,0.6655523,0.86380756
2016-02-16,extended,60,static,0.526367,0.73340136
2016-02-17,extended,60,static,0.6321167,0.5846259
2016-02-18,extended,60,static,0.5344269,0.5518504
2016-02-19,extended,60,static,0.6108594,0.46027708
2016-02-22,extended,60,static,0.6567795,0.58801156
2016-02-23,extended,60,static,0.45002753,0.5734065
2016-02-24,extended,60,static,0.4910758,0.4767357
2016-02-25,extended,60,static,0.5941934,0.6541275
2016-02-26,extended,60,static,0.49938223,0.41335416
2016-02-29,extended,60,static,0.5406877,0.496342
2016-03-02,extended,60,static,0.2869389,0.35382274
2016-03-03,extended,60,static,0.4515115,0.31215978
2016-03-04,extended,60,static,0.34754515,0.45464534
2016-03-07,extended,60,static,0.3861093,0.4612304
2016-03-08,extended,60,static,0.51090753,0.6115001
2016-03-09,extended,60,static,0.46843365,0.53017443
2016-03-10,extended,60,static,0.59606266,0.57379526
2016-03-11,extended,60,static,0.38524356,0.4412186
2016-03-14,extended,60,static,0.47268915,0.50287026
2016-03-15,extended,60,static,0.58447754,0.49676564
2016-03-16,extended,60,static,0.3607646,0.54120344
2016-03-17,extended,60,static,0.5493733,0.569858
2016-03-18,extended,60,static,0.5147018,0.42742446
2016-03-21,extended,60,static,0.6299734,0.63323265
2016-03-22,extended,60,static,0.4075866,0.49189574
2016-03-23,extended,60,static,0.4620221,0.39909953
2016-03-24,extended,60,static,0.44202203,0.5053852
2016-03-25,extended,60,static,0.4707092,0.5274033
2016-03-28,extended,60,static,0.5012863,0.5131708
2016-03-29,extended,60,static,0.4685851,0.48964432
2016-03-30,extended,60,static,0.36516067,0.41244107
2016-03-31,extended,60,static,0.48443702,0.6229058
2016-04-01,extended,60,static,0.5656842,0.65760326
2016-04-04,extended,60,static,0.45881668,0.59273034
2016-04-05,extended,60,static,0.48541948,0.596089
2016-04-06,extended,60,static,0.46591207,0.594286
2016-04-07,extended,60,static,0.41833934,0.54171824
2016-04-08,extended,60,static,0.44521573,0.6426056
2016-04-11,extended,60,static,0.5284186,0.52740216
2016-04-12,extended,60,static,0.41330346,0.5364906
2016-04-14,extended,60,static,0.371029,0.39963606
2016-04-15,extended,60,static,0.49299118,0.48689085
2016-04-18,extended,60,static,0.4383455,0.52653235
2016-04-19,extended,60,static,0.37412906,0.54885846
2016-04-20,extended,60,static,0.45820224,0.6303041
2016-04-21,extended,60,static,0.50731313,0.39752907
2016-04-22,extended,60,static,0.3723159,0.48319072
2016-04-25,extended,60,static,0.45905885,0.5358028
2016-04-26,extended,60,static,0.41764012,0.5099394
2016-04-27,extended,60,static,0.3585694,0.47245336
2016-04-28,extended,60,static,0.55917907,0.6500261
2016-04-29,extended,60,static,0.41373196,0.6607885
2016-05-02,extended,60,static,0.39539397,0.5474674
2016-05-03,extended,60,static,0.3977465,0.5266868
2016-05-04,extended,60,static,0.485355,0.49435562
2016-05-09,extended,60,static,0.40324748,0.6033183
2016-05-10,extended,60,static,0.41188267,0.49751836
2016-05-11,extended,60,static,0.47250456,0.5475169
2016-05-12,extended,60,static,0.41253337,0.5078142
2016-05-13,extended,60,static,0.41266063,0.55160743
2016-05-16,extended,60,static,0.3613524,0.53505987
2016-05-17,extended,60,static,0.43525106,0.4972185
2016-05-18,extended,60,static,0.54737806,0.5243195
2016-05-19,extended,60,static,0.42637876,0.5255442
2016-05-20,extended,60,static,0.51215374,0.48493284
2016-05-23,extended,60,static,0.49667555,0.5084533
2016-05-24,extended,60,static,0.45251277,0.53637916
2016-05-25,extended,60,static,0.4282868,0.4130232
2016-05-26,extended,60,static,0.33992866,0.39996797
2016-05-27,extended,60,static,0.44040382,0.41666597
2016-05-30,extended,60,static,0.5152261,0.5061471
2016-05-31,extended,60,static,0.5352246,0.51734006
2016-06-01,extended,60,static,0.3943315,0.41538948
2016-06-02,extended,60,static,0.4378691,0.4260156
2016-06-03,extended,60,static,0.42122635,0.58078474
2016-06-07,extended,60,static,0.34377694,0.45964628
2016-06-08,extended,60,static,0.37671083,0.5517673
2016-06-09,extended,60,static,0.55977756,0.53030795
2016-06-10,extended,60,static,0.43520233,0.5081404
2016-06-13,extended,60,static,0.53730124,0.7250356
2016-06-14,extended,60,static,0.57337254,0.6814273
2016-06-15,extended,60,static,0.57499605,0.5647629
2016-06-16,extended,60,static,0.5300097,0.7952022
2016-06-17,extended,60,static,0.6058187,0.6450168
2016-06-20,extended,60,static,0.46426633,0.46471646
2016-06-21,extended,60,static,0.35876232,0.34978563
2016-06-22,extended,60,static,0.5767985,0.39778095
2016-06-23,extended,60,static,0.4020298,0.51240844
2016-06-24,extended,60,static,2.7883227,1.978488
2016-06-27,extended,60,static,1.034141,1.4868565
2016-06-28,extended,60,static,0.7380943,0.9937888
2016-06-29,extended,60,static,0.5193605,0.7499935
2016-06-30,extended,60,static,0.5643468,0.45168287
2016-07-01,extended,60,static,0.45222056,0.6378956
2016-07-04,extended,60,static,0.38543123,0.56308323
2016-07-05,extended,60,static,0.3997217,0.61236054
2016-07-06,extended,60,static,0.5960612,1.0475807
2016-07-07,extended,60,static,0.5472271,0.71587306
2016-07-08,extended,60,static,0.5943859,0.8356037
2016-07-11,extended,60,static,0.37387204,0.5211491
2016-07-12,extended,60,static,0.44112608,0.58185875
2016-07-13,extended,60,static,0.40022996,0.6814277
2016-07-15,extended,60,static,0.5734889,0.4764722
2016-07-18,extended,60,static,0.45555323,0.58673567
2016-07-19,extended,60,static,0.5123692,0.56368446
2016-07-20,extended,60,static,0.38823307,0.5975052
2016-07-21,extended,60,static,0.33381626,0.63364977
2016-07-22,extended,60,static,0.44745797,0.5698481
2016-07-25,extended,60,static,0.44980383,0.5734071
2016-07-26,extended,60,static,0.44893873,0.61994094
2016-07-27,extended,60,static,0.3710515,0.59839886
2016-07-28,extended,60,static,0.5451066,0.5646418
2016-07-29,extended,60,static,0.5288648,0.6598482
2016-08-01,extended,60,static,0.2945054,0.40191302
2016-08-02,extended,60,static,0.3788467,0.5587772
2016-08-03,extended,60,static,0.5524868,0.6728424
2016-08-04,extended,60,static,0.41807786,0.66034544
2016-08-05,extended,60,static,0.3396602,0.5113919
2016-08-08,extended,60,static,0.49255827,0.55268776
2016-08-09,extended,60,static,0.3806397,0.5289127
2016-08-10,extended,60,static,0.4080596,0.50271577
2016-08-11,extended,60,static,0.38086724,0.58378184
2016-08-12,extended,60,static,0.5442558,0.5858906
2016-08-16,extended,60,static,0.41092864,0.6389218
2016-08-17,extended,60,static,0.5161453,0.55661064
2016-08-18,extended,60,static,0.37462407,0.609243
2016-08-19,extended,60,static,0.45526814,0.57174176
2016-08-22,extended,60,static,0.48903936,0.5874985
2016-08-23,extended,60,static,0.3208912,0.5219256
2016-08-24,extended,60,static,0.40495902,0.52372736
2016-08-25,extended,60,static,0.428678,0.55472195
2016-08-26,extended,60,static,0.41396236,0.61083573
2016-08-29,extended,60,static,0.4333405,0.5247257
2016-08-30,extended,60,static,0.4136325,0.53846353
2016-08-31,extended,60,static,0.39951742,0.544786
2016-09-01,extended,60,static,0.48899823,0.5600616
2016-09-02,extended,60,static,0.409667,0.5052705
2016-09-05,extended,60,static,0.33930066,0.46193188
2016-09-06,extended,60,static,0.35865888,0.47396743
2016-09-07,extended,60,static,0.33522075,0.4989813
2016-09-08,extended,60,static,0.4865326,0.56014496
2016-09-09,extended,60,static,0.4879684,0.5904372
2016-09-12,extended,60,static,0.7066116,0.8177233
2016-09-13,extended,60,static,0.49597505,0.6017578
2016-09-19,extended,60,static,0.47205582,0.68327445
2016-09-20,extended,60,static,0.41855133,0.51207227
2016-09-21,extended,60,static,0.3921784,0.49502984
2016-09-22,extended,60,static,0.34853488,0.41476345
2016-09-23,extended,60,static,0.40524554,0.370727
2016-09-26,extended,60,static,0.383498,0.58572215
2016-09-27,extended,60,static,0.63465077,0.6972373
2016-09-28,extended,60,static,0.35726416,0.5944708
2016-09-29,extended,60,static,0.29729545,0.4542678
2016-09-30,extended,60,static,0.46877646,0.55159974
2016-10-04,extended,60,static,0.3784458,0.48837817
2016-10-05,extended,60,static,0.36899102,0.5574195
2016-10-06,extended,60,static,0.38234252,0.54955214
2016-10-07,extended,60,static,0.31698453,0.52400935
2016-10-10,extended,60,static,0.6045508,0.5855467
2016-10-11,extended,60,static,0.5978912,0.68863934
2016-10-12,extended,60,static,0.55751145,0.5005205
2016-10-13,extended,60,static,0.44808808,0.66578406
2016-10-14,extended,60,static,0.47312167,0.49925506
2016-10-17,extended,60,static,0.68644565,0.6022821
2016-10-18,extended,60,static,0.418896,0.47886473
2016-10-19,extended,60,static,0.45984432,0.51258445
2016-10-20,extended,60,static,0.35656762,0.41433048
2016-10-21,extended,60,static,0.47723594,0.5353669
2016-10-24,extended,60,static,0.37482077,0.48459482
2016-10-25,extended,60,static,0.4140349,0.50699055
2016-10-26,extended,60,static,0.5388524,0.6468106
2016-10-27,extended,60,static,0.43967706,0.4862402
2016-10-28,extended,60,static,0.3825934,0.53179693
2016-10-31,extended,60,static,0.44077244,0.46649593
2016-11-01,extended,60,static,0.56304723,0.552279
2016-11-02,extended,60,static,0.48225862,0.6486233
2016-11-03,extended,60,static,0.6624814,0.59893495
2016-11-04,extended,60,static,0.5025194,0.5253093
2016-11-07,extended,60,static,0.52930874,0.4707092
2016-11-08,extended,60,static,0.44146258,0.5519263
2016-11-09,extended,60,static,2.031196,1.5434797
2016-11-10,extended,60,static,0.46837845,0.9327544
2016-11-11,extended,60,static,0.48504636,0.6669808
2016-11-14,extended,60,static,0.4617539,0.6303287
2016-11-15,extended,60,static,0.48922154,0.5987503
2016-11-16,extended,60,static,0.3855118,0.39972952
2016-11-17,extended,60,static,0.54448164,0.47694874
2016-11-18,extended,60,static,0.4159238,0.4924891
2016-11-21,extended,60,static,0.42698252,0.5173266
2016-11-22,extended,60,static,0.36072382,0.41036713
2016-11-23,extended,60,static,0.38413358,0.37740576
2016-11-24,extended,60,static,0.5426249,0.57526505
2016-11-25,extended,60,static,0.52109605,0.40842688
2016-11-28,extended,60,static,0.6419536,0.503089
2016-11-29,extended,60,static,0.4388843,0.4406901
2016-11-30,extended,60,static,0.47073472,0.5743336
2016-12-01,extended,60,static,0.43158138,0.54894906
2016-12-02,extended,60,static,0.45268583,0.67343616
2016-12-05,extended,60,static,0.51245755,0.5914497
2016-12-06,extended,60,static,0.46353978,0.4902448
2016-12-07,extended,60,static,0.2964239,0.5158797
2016-12-08,extended,60,static,0.375222,0.49145615
2016-12-09,extended,60,static,0.3604839,0.45258483
2016-12-12,extended,60,static,0.34406453,0.59330815
2016-12-13,extended,60,static,0.31548974,0.49899474
2016-12-14,extended,60,static,0.37817597,0.48916364
2016-12-15,extended,60,static,0.41790086,0.53930587
2016-12-16,extended,60,static,0.4112296,0.57288283
2016-12-19,extended,60,static,0.3391854,0.51759845
2016-12-20,extended,60,static,0.29216132,0.4479189
2016-12-21,extended,60,static,0.3347647,0.4788525
2016-12-22,extended,60,static,0.32726452,0.49001598
2016-12-23,extended,60,static,0.35389754,0.45705646
2016-12-26,extended,60,static,0.32329482,0.4499454
2016-12-27,extended,60,static,0.27221918,0.4609692
2016-12-28,extended,60,static,0.34114155,0.45168737
2016-12-29,extended,60,static,0.40297145,0.521138
2017-01-02,extended,60,static,0.53621113,0.5289621
2017-01-03,extended,60,static,0.38115823,0.5484815
2017-01-04,extended,60,static,0.35621893,0.39991286
2017-01-05,extended,60,static,0.41227186,0.40534657
2017-01-06,extended,60,static,0.2692462,0.34830818
2017-01-09,extended,60,static,0.33090684,0.4326608
2017-01-10,extended,60,static,0.3025251,0.40327397
2017-01-11,extended,60,static,0.48505434,0.57342
2017-01-12,extended,60,static,0.39794284,0.4554608
2017-01-13,extended,60,static,0.3050763,0.44078863
2017-01-16,extended,60,static,0.55418384,0.5725029
2017-01-17,extended,60,static,0.43422714,0.51876754
2017-01-18,extended,60,static,0.5064729,0.5243571
2017-01-19,extended,60,static,0.5864657,0.57479876
2017-01-20,extended,60,static,0.39905807,0.586582
2017-01-23,extended,60,static,0.63107663,0.52695394
2017-01-24,extended,60,static,0.41072622,0.4948277
2017-01-25,extended,60,static,0.43899965,0.4564001
2017-01-26,extended,60,static,0.51218843,0.49959338
2017-01-31,extended,60,static,0.34641507,0.57401913
2017-02-01,extended,60,static,0.29706377,0.47256073
2017-02-02,extended,60,static,0.47971916,0.7044484
2017-02-03,extended,60,static,0.48435944,0.5866225
2017-02-06,extended,60,static,0.49512172,0.57182145
2017-02-07,extended,60,static,0.44516364,0.56741965
2017-02-08,extended,60,static,0.5552887,0.6386513
2017-02-09,extended,60,static,0.46376044,0.59729964
2017-02-10,extended,60,static,0.40003085,0.57200134
2017-02-13,extended,60,static,0.4178162,0.5448832
2017-02-14,extended,60,static,0.37659693,0.58484524
2017-02-15,extended,60,static,0.44485363,0.61118907
2017-02-16,extended,60,static,0.44746262,0.59093624
2017-02-17,extended,60,static,0.4090683,0.53360516
2017-02-20,extended,60,static,0.40149304,0.5638434
2017-02-21,extended,60,static,0.48444274,0.68926376
2017-02-22,extended,60,static,0.29227963,0.45972538
2017-02-23,extended,60,static,0.28353712,0.5206081
2017-02-24,extended,60,static,0.5001797,0.6120959
2017-02-27,extended,60,static,0.44817,0.57499903
2017-02-28,extended,60,static,0.28582513,0.5345262
2017-03-02,extended,60,static,0.40378046,0.4419919
2017-03-03,extended,60,static,0.47616363,0.6277431
2017-03-06,extended,60,static,0.4527407,0.5454213
2017-03-07,extended,60,static,0.45490617,0.5064323
2017-03-08,extended,60,static,0.46957126,0.4560721
2017-03-09,extended,60,static,0.36786202,0.46247846
2017-03-10,extended,60,static,0.8348908,0.54797864
2017-03-13,extended,60,static,0.33446267,0.5191391
2017-03-14,extended,60,static,0.32904154,0.44371426
2017-03-15,extended,60,static,0.39969143,0.4402153
2017-03-16,extended,60,static,0.36488044,0.518706
2017-03-17,extended,60,static,0.35387918,0.47673857
2017-03-20,extended,60,static,0.2944158,0.49819252
2017-03-21,extended,60,static,0.45589474,0.51242244
2017-03-22,extended,60,static,0.44596022,0.49981946
2017-03-23,extended,60,static,0.45875955,0.5518145
2017-03-24,extended,60,static,0.4053544,0.5672459
2017-03-27,extended,60,static,0.46149203,0.5573552
2017-03-28,extended,60,static,0.30706987,0.51428384
2017-03-29,extended,60,static,0.35797924,0.4659795
2017-03-30,extended,60,static,0.4055572,0.54487807
2017-03-31,extended,60,static,0.4213343,0.5270974
2017-04-03,extended,60,static,0.31691495,0.5480936
2017-04-04,extended,60,static,0.32676655,0.5169922
2017-04-05,extended,60,static,0.40551054,0.5469857
2017-04-06,extended,60,static,0.4142728,0.583687
2017-04-07,extended,60,static,0.39663696,0.625005
2017-04-10,extended,60,static,0.49851382,0.70297986
2017-04-11,extended,60,static,0.41371098,0.69312924
2017-04-12,extended,60,static,0.31084672,0.4720478
2017-04-13,extended,60,static,0.37633115,0.6169562
2017-04-14,extended,60,static,0.3521896,0.60022444
2017-04-17,extended,60,static,0.45371473,0.5092806
2017-04-18,extended,60,static,0.38381398,0.52268016
2017-04-19,extended,60,static,0.47931102,0.52965707
2017-04-20,extended,60,static,0.39942238,0.56693304
2017-04-21,extended,60,static,0.3337946,0.49412578
2017-04-24,extended,60,static,0.32348567,0.48969227
2017-04-25,extended,60,static,0.3326416,0.53968996
2017-04-26,extended,60,static,0.36705443,0.40294755
2017-04-27,extended,60,static,0.38127685,0.4812355
2017-04-28,extended,60,static,0.45892343,0.5774213
2017-05-02,extended,60,static,0.46510407,0.51008874
2017-05-04,extended,60,static,0.46709982,0.37231255
2017-05-08,extended,60,static,0.5023997,0.8181596
2017-05-10,extended,60,static,1.3575698,0.96781784
2017-05-11,extended,60,static,0.59658635,0.6893469
2017-05-12,extended,60,static,0.56561357,0.6141268
2017-05-15,extended,60,static,0.6342638,0.65922725
2017-05-16,extended,60,static,0.4776984,0.6767073
2017-05-17,extended,60,static,0.43275765,0.59857863
2017-05-18,extended,60,static,0.5550052,0.6915919
2017-05-19,extended,60,static,0.4121522,0.5830546
2017-05-22,extended,60,static,0.41639403,0.52572334
2017-05-23,extended,60,static,0.5663683,0.6167757
2017-05-24,extended,60,static,0.36416286,0.49791798
2017-05-25,extended,60,static,0.48595387,0.56608945
2017-05-26,extended,60,static,0.6024409,0.6582289
2017-05-29,extended,60,static,0.58480686,0.7131164
2017-05-30,extended,60,static,0.6690707,0.6344459
2017-05-31,extended,60,static,0.524535,0.63566834
2017-06-01,extended,60,static,0.5477483,0.62765133
2017-06-02,extended,60,static,0.39423275,0.59424305
2017-06-05,extended,60,static,0.4407,0.5802605
2017-06-07,extended,60,static,0.45335045,0.64061517
2017-06-08,extended,60,static,0.4619889,0.56568736
2017-06-09,extended,60,static,0.48759967,0.5584946
2017-06-12,extended,60,static,0.4898459,0.5845753
2017-06-13,extended,60,static,0.5139743,0.5589109
2017-06-14,extended,60,static,0.4065176,0.5876573
2017-06-15,extended,60,static,0.49458447,0.6404417
2017-06-16,extended,60,static,0.39952758,0.5633901
2017-06-19,extended,60,static,0.47669643,0.590629
2017-06-20,extended,60,static,0.47008553,0.49826548
2017-06-21,extended,60,static,0.52882403,0.55144995
2017-06-22,extended,60,static,0.48889878,0.5657115
2017-06-23,extended,60,static,0.4326211,0.5395028
2017-06-26,extended,60,static,0.45162526,0.51549906
2017-06-27,extended,60,static,0.31756493,0.51125026
2017-06-28,extended,60,static,0.2789895,0.47951704
2017-06-29,extended,60,static,0.37794366,0.45144278
2017-06-30,extended,60,static,0.31901178,0.5819749
2017-07-03,extended,60,static,0.2887885,0.5397686
2017-07-04,extended,60,static,0.4441377,0.55076194
2017-07-05,extended,60,static,0.34599558,0.4767503
2017-07-06,extended,60,static,0.30942437,0.5081077
2017-07-07,extended,60,static,0.36535043,0.50235534
2017-07-10,extended,60,static,0.38317055,0.5294727
2017-07-11,extended,60,static,0.33334345,0.47091183
2017-07-12,extended,60,static,0.3145693,0.41589618
2017-07-13,extended,60,static,0.32320786,0.50892586
2017-07-14,extended,60,static,0.35490644,0.5321093
2017-07-17,extended,60,static,0.34857568,0.5096072
2017-07-18,extended,60,static,0.30876806,0.44365376
2017-07-19,extended,60,static,0.34112093,0.4624402
2017-07-20,extended,60,static,0.33308032,0.46641064
2017-07-21,extended,60,static,0.27601123,0.4933813
2017-07-24,extended,60,static,0.28912455,0.458023
2017-07-25,extended,60,static,0.3574759,0.5137188
2017-07-26,extended,60,static,0.47764468,0.5346563
2017-07-27,extended,60,static,0.3645926,0.53253216
2017-07-28,extended,60,static,0.554706,0.75466746
2017-07-31,extended,60,static,0.44980392,0.60075206
2017-08-01,extended,60,static,0.5999973,0.66365296
2017-08-02,extended,60,static,0.33362812,0.48311228
2017-08-03,extended,60,static,0.85689783,0.92609257
2017-08-04,extended,60,static,0.6797277,0.60616845
2017-08-07,extended,60,static,0.47577247,0.59117764
2017-08-08,extended,60,static,0.7355776,0.6058549
2017-08-09,extended,60,static,0.5036802,0.70892113
2017-08-10,extended,60,static,0.78194296,0.8093323
2017-08-11,extended,60,static,0.7780952,0.828991
2017-08-14,extended,60,static,0.50498015,0.5472534
2017-08-16,extended,60,static,0.40589043,0.45026788
2017-08-17,extended,60,static,0.4383999,0.5575349
2017-08-18,extended,60,static,0.42694488,0.6612837
2017-08-21,extended,60,static,0.32942408,0.51490396
2017-08-22,extended,60,static,0.4816819,0.38605663
2017-08-23,extended,60,static,0.3237646,0.50022686
2017-08-24,extended,60,static,0.37980905,0.44717482
2017-08-25,extended,60,static,0.53273207,0.51509047
2017-08-28,extended,60,static,0.48396522,0.5505727
2017-08-29,extended,60,static,0.55525976,0.6363377
2017-08-30,extended,60,static,0.3059023,0.4555689
2017-08-31,extended,60,static,0.42101514,0.64890283
2017-09-01,extended,60,static,0.43719873,0.56980383
2017-09-04,extended,60,static,0.80571175,0.66001636
2017-09-05,extended,60,static,0.48322672,0.66451126
2017-09-06,extended,60,static,0.38746855,0.53874415
2017-09-07,extended,60,static,0.41732684,0.53130615
2017-09-08,extended,60,static,0.33410913,0.48916548
2017-09-11,extended,60,static,0.4273295,0.46597865
2017-09-12,extended,60,static,0.38387138,0.39968237
2017-09-13,extended,60,static,0.532784,0.45196125
2017-09-14,extended,60,static,0.5249362,0.49033493
2017-09-15,extended,60,static,0.46454814,0.517752
2017-09-18,extended,60,static,0.43466046,0.5051644
2017-09-19,extended,60,static,0.38876596,0.42125708
2017-09-20,extended,60,static,0.4890798,0.57168525
2017-09-21,extended,60,static,0.46683878,0.5319158
2017-09-22,extended,60,static,0.5842754,0.6458382
2017-09-25,extended,60,static,0.37923086,0.590527
2017-09-26,extended,60,static,0.52595836,0.5113014
2017-09-27,extended,60,static,0.42178652,0.46228942
2017-09-28,extended,60,static,0.47142658,0.51301533
2017-09-29,extended,60,static,0.44898203,0.45877364
2017-10-10,extended,60,static,0.37124217,0.44932443
2017-10-11,extended,60,static,0.4241728,0.40351385
2017-10-12,extended,60,static,0.46717745,0.43108818
2017-10-13,extended,60,static,0.44696584,0.50238335
2017-10-16,extended,60,static,0.41054747,0.4830352
2017-10-17,extended,60,static,0.33732888,0.40568525
2017-10-18,extended,60,static,0.46548337,0.46668813
2017-10-19,extended,60,static,0.42848444,0.60021394
2017-10-20,extended,60,static,0.36247987,0.42179883
2017-10-23,extended,60,static,0.40933284,0.5065848
2017-10-24,extended,60,static,0.3371137,0.45643046
2017-10-25,extended,60,static,0.5181344,0.44013855
2017-10-26,extended,60,static,0.37531456,0.5141584
2017-10-27,extended,60,static,0.34875175,0.51882285
2017-10-30,extended,60,static,0.3732904,0.47805417
2017-10-31,extended,60,static,0.42233425,0.54777557
2017-11-01,extended,60,static,0.44627354,0.4159286
2017-11-02,extended,60,static,0.37131804,0.49669987
2017-11-03,extended,60,static,0.4803873,0.49048674
2017-11-06,extended,60,static,0.54080886,0.64409417
2017-11-07,extended,60,static,0.5429577,0.50397646
2017-11-08,extended,60,static,0.55050635,0.53239846
2017-11-09,extended,60,static,0.57365763,0.6217018
2017-11-10,extended,60,static,0.43465102,0.5239055
2017-11-13,extended,60,static,0.49514338,0.626533
2017-11-14,extended,60,static,0.4631327,0.49960473
2017-11-15,extended,60,static,0.52593166,0.4966128
2017-11-16,extended,60,static,0.46143925,0.56359047
2017-11-17,extended,60,static,0.6370275,0.61350507
2017-11-20,extended,60,static,0.42193073,0.57172924
2017-11-21,extended,60,static,0.4664672,0.4989778
2017-11-22,extended,60,static,0.49178496,0.5023483
2017-11-23,extended,60,static,0.33769703,0.50643563
2017-11-24,extended,60,static,0.30684665,0.46815744
2017-11-27,extended,60,static,0.63174343,0.69970137
2017-11-28,extended,60,static,0.51561844,0.5441977
2017-11-29,extended,60,static,0.5209071,0.4879628
2017-11-30,extended,60,static,0.6702991,0.6686581
2017-12-01,extended,60,static,0.5584041,0.61989117
2017-12-04,extended,60,static,0.5248996,0.5517871
2017-12-05,extended,60,static,0.52887315,0.5953768
2017-12-06,extended,60,static,0.5514562,0.7002403
2017-12-07,extended,60,static,0.6752934,0.77979887
2017-12-08,extended,60,static,0.45889714,0.57401973
2017-12-11,extended,60,static,0.47102973,0.5153766
2017-12-12,extended,60,static,0.4695583,0.5527154
2017-12-13,extended,60,static,0.502327,0.5262646
2017-12-14,extended,60,static,0.61404777,0.84239227
2017-12-15,extended,60,static,0.5297589,0.5856102
2017-12-18,extended,60,static,0.47358662,0.49466765
2017-12-19,extended,60,static,0.6413977,0.59231895
2017-12-20,extended,60,static,0.3649534,0.555685
2017-12-21,extended,60,static,0.7004087,0.81244856
2017-12-22,extended,60,static,0.5317793,0.6030528
2017-12-26,extended,60,static,0.5612138,0.69496924
2017-12-27,extended,60,static,0.5643131,0.5645592
2017-12-28,extended,60,static,0.5650448,0.5811053
2018-01-02,extended,60,static,0.50195986,0.506619
2018-01-03,extended,60,static,0.55601066,0.44558653
2018-01-04,extended,60,static,0.60766953,0.746887
2018-01-05,extended,60,static,0.32537127,0.47714356
2018-01-08,extended,60,static,0.6691721,0.4777055
2018-01-09,extended,60,static,0.589738,0.6145077
2018-01-10,extended,60,static,0.609798,0.5823234
2018-01-11,extended,60,static,0.5916006,0.58279747
2018-01-12,extended,60,static,0.61880475,0.55257064
2018-01-15,extended,60,static,0.48673365,0.537814
2018-01-16,extended,60,static,0.45485097,0.5711742
2018-01-17,extended,60,static,0.5304574,0.52969104
2018-01-18,extended,60,static,0.50200415,0.5244584
2018-01-19,extended,60,static,0.42358023,0.49669892
2018-01-22,extended,60,static,0.66856754,0.6196938
2018-01-23,extended,60,static,0.5769514,0.5258659
2018-01-24,extended,60,static,0.4336639,0.518326
2018-01-25,extended,60,static,0.4474603,0.5966688
2018-01-26,extended,60,static,0.41339415,0.5355027
2018-01-29,extended,60,static,0.46647355,0.4728897
2018-01-30,extended,60,static,0.54076123,0.6770114
2018-01-31,extended,60,static,0.7986268,0.8080377
2018-02-01,extended,60,static,0.5135922,0.6474342
2018-02-02,extended,60,static,0.6944563,0.855523
2018-02-06,extended,60,static,1.3759223,1.1964769
2018-02-07,extended,60,static,1.1224344,1.7607259
2018-02-08,extended,60,static,1.4082813,1.11704
2018-02-09,extended,60,static,0.924383,1.2217363
2018-02-12,extended,60,static,0.73894906,0.81186646
2018-02-13,extended,60,static,0.7352547,0.7716913
2018-02-14,extended,60,static,0.6576986,0.5995291
2018-02-19,extended,60,static,0.744649,0.5936387
2018-02-20,extended,60,static,0.60137486,0.68592864
2018-02-21,extended,60,static,0.8948334,0.62007767
2018-02-22,extended,60,static,0.7651857,0.7041505
2018-02-23,extended,60,static,0.5396386,0.64486957
2018-02-26,extended,60,static,0.44420412,0.5326722
2018-02-27,extended,60,static,0.5382551,0.57320964
2018-02-28,extended,60,static,0.6677766,0.8081219
2018-03-02,extended,60,static,0.7076289,0.7418427
2018-03-05,extended,60,static,0.8297359,0.8176213
2018-03-06,extended,60,static,0.5992369,0.56221646
2018-03-07,extended,60,static,0.8678764,0.7284791
2018-03-08,extended,60,static,0.57723534,0.60148424
2018-03-09,extended,60,static,0.9048038,0.69962096
2018-03-12,extended,60,static,0.60006213,0.47902766
2018-03-13,extended,60,static,0.5792436,0.49627456
2018-03-14,extended,60,static,0.52837044,0.5129826
2018-03-15,extended,60,static,0.5437149,0.61422664
2018-03-16,extended,60,static,0.6200851,0.5686986
2018-03-19,extended,60,static,0.62999684,0.62916845
2018-03-20,extended,60,static,0.5908735,0.65673465
2018-03-21,extended,60,static,0.44412887,0.5019125
2018-03-22,extended,60,static,0.68458426,0.57052904
2018-03-23,extended,60,static,0.7553705,1.0700777
2018-03-26,extended,60,static,0.76247865,0.87026733
2018-03-27,extended,60,static,0.53506243,0.54838055
2018-03-28,extended,60,static,0.673325,0.6914956
2018-03-29,extended,60,static,0.5691548,0.60102004
2018-03-30,extended,60,static,0.511162,0.45387134
2018-04-02,extended,60,static,0.6385989,0.6483167
2018-04-03,extended,60,static,0.64242345,0.68617326
2018-04-04,extended,60,static,0.61185294,0.8383605
2018-04-05,extended,60,static,0.56049514,0.5812997
2018-04-06,extended,60,static,0.5418958,0.5882151
2018-04-09,extended,60,static,0.603467,0.6615196
2018-04-10,extended,60,static,0.74254316,0.6854605
2018-04-11,extended,60,static,0.52584124,0.51769674
2018-04-12,extended,60,static,0.46946838,0.52388424
2018-04-13,extended,60,static,0.48597175,0.5281263
2018-04-16,extended,60,static,0.41321504,0.52911544
2018-04-17,extended,60,static,0.4030222,0.52556676
2018-04-18,extended,60,static,0.47746107,0.46435753
2018-04-19,extended,60,static,0.3500298,0.4755494
2018-04-20,extended,60,static,0.38361907,0.48630232
2018-04-23,extended,60,static,0.59864664,0.51607955
2018-04-24,extended,60,static,0.5900663,0.61636215
2018-04-25,extended,60,static,0.5728207,0.59572905
2018-04-26,extended,60,static,0.4661938,0.5310237
2018-04-27,extended,60,static,0.58571786,0.52837706
2018-04-30,extended,60,static,0.29974332,0.4874775
2018-05-02,extended,60,static,0.5317291,0.4398397
2018-05-03,extended,60,static,0.38037953,0.6220047
2018-05-04,extended,60,static,0.8299641,0.6602857
2018-05-08,extended,60,static,0.63835526,0.68868643
2018-05-09,extended,60,static,0.7415112,0.6566712
2018-05-10,extended,60,static,0.524455,0.56587875
2018-05-11,extended,60,static,0.5472272,0.43432182
2018-05-14,extended,60,static,0.40309787,0.51285726
2018-05-15,extended,60,static,0.4819849,0.61103576
2018-05-16,extended,60,static,0.5249877,0.5291308
2018-05-17,extended,60,static,0.504751,0.61653787
2018-05-18,extended,60,static,0.37123322,0.4831514
2018-05-21,extended,60,static,0.5899091,0.6061988
2018-05-23,extended,60,static,0.4946166,0.45735687
2018-05-24,extended,60,static,0.50533944,0.602218
2018-05-25,extended,60,static,0.61002725,0.5731253
2018-05-28,extended,60,static,0.4808087,0.51489365
2018-05-29,extended,60,static,0.5040798,0.5752295
2018-05-30,extended,60,static,0.8468387,1.0243657
2018-05-31,extended,60,static,0.58737284,0.6134452
2018-06-01,extended,60,static,0.5391277,0.62972283
2018-06-04,extended,60,static,0.47376427,0.43112087
2018-06-05,extended,60,static,0.64105666,0.5803257
2018-06-07,extended,60,static,0.44492972,0.4810359
2018-06-08,extended,60,static,0.5250526,0.6006295
2018-06-11,extended,60,static,0.329443,0.54068726
2018-06-12,extended,60,static,0.5726167,0.5501357
2018-06-14,extended,60,static,0.5893106,0.7970438
2018-06-15,extended,60,static,0.43506518,0.6999858
2018-06-18,extended,60,static,0.5933432,0.8715878
2018-06-19,extended,60,static,0.7605105,0.9913293
2018-06-20,extended,60,static,0.9390088,0.73746544
2018-06-21,extended,60,static,0.675875,0.9573887
2018-06-22,extended,60,static,0.81111634,0.7594097
2018-06-25,extended,60,static,0.6731689,0.64172465
2018-06-26,extended,60,static,0.8809193,0.77392656
2018-06-27,extended,60,static,0.58874965,0.61225015
2018-06-28,extended,60,static,0.7575209,0.7477171
2018-06-29,extended,60,static,0.8233925,0.7327948
2018-07-02,extended,60,static,0.732432,1.1555564
2018-07-03,extended,60,static,0.9579573,0.8389769
2018-07-04,extended,60,static,0.7959366,0.73644143
2018-07-05,extended,60,static,0.82799333,0.88576716
2018-07-06,extended,60,static,0.842396,0.7710776
2018-07-09,extended,60,static,0.6719653,0.58670324
2018-07-10,extended,60,static,0.48954758,0.44004893
2018-07-11,extended,60,static,0.635452,0.6695687
2018-07-12,extended,60,static,0.541959,0.66714233
2018-07-13,extended,60,static,0.66376597,0.5134908
2018-07-16,extended,60,static,0.47625157,0.661186
2018-07-17,extended,60,static,0.6909655,0.5500334
2018-07-18,extended,60,static,0.5686658,0.6695359
2018-07-19,extended,60,static,0.63734394,0.598852
2018-07-20,extended,60,static,0.77456194,0.6403225
2018-07-23,extended,60,static,0.71465874,0.71330553
2018-07-24,extended,60,static,0.5560328,0.5587068
2018-07-25,extended,60,static,0.5566565,0.6510804
2018-07-26,extended,60,static,0.53365874,0.48687404
2018-07-27,extended,60,static,0.4896239,0.45210007
2018-07-30,extended,60,static,0.60400695,0.5441659
2018-07-31,extended,60,static,0.4818809,0.5072031
2018-08-01,extended,60,static,0.49417087,0.4642825
2018-08-02,extended,60,static,0.55862355,0.91487384
2018-08-03,extended,60,static,0.44794852,0.56689316
2018-08-06,extended,60,static,0.55782104,0.58917516
2018-08-07,extended,60,static,0.5077453,0.5556777
2018-08-08,extended,60,static,0.38903806,0.48627883
2018-08-09,extended,60,static,0.5795095,0.4871851
2018-08-10,extended,60,static,0.64872575,0.6344208
2018-08-13,extended,60,static,0.6422989,0.8706166
2018-08-14,extended,60,static,0.49295643,0.59177667
2018-08-16,extended,60,static,0.7887324,0.75160384
2018-08-17,extended,60,static,0.3888017,0.5412082
2018-08-20,extended,60,static,0.5653866,0.5717336
2018-08-21,extended,60,static,0.5020699,0.60466856
2018-08-22,extended,60,static,0.4246906,0.49543262
2018-08-23,extended,60,static,0.45294395,0.48029965
2018-08-24,extended,60,static,0.55311584,0.6220516
2018-08-27,extended,60,static,0.39814794,0.50212836
2018-08-28,extended,60,static,0.46395722,0.4987528
2018-08-29,extended,60,static,0.38262826,0.4483179
2018-08-30,extended,60,static,0.4776508,0.52338535
2018-08-31,extended,60,static,0.4617814,0.62178993
2018-09-03,extended,60,static,0.428776,0.5458094
2018-09-04,extended,60,static,0.39786705,0.4922734
2018-09-05,extended,60,static,0.44467092,0.61304396
2018-09-06,extended,60,static,0.5141736,0.53354627
2018-09-07,extended,60,static,0.70040905,0.6127215
2018-09-10,extended,60,static,0.37834287,0.49648026
2018-09-11,extended,60,static,0.53783274,0.5813443
2018-09-12,extended,60,static,0.4302788,0.47585607
2018-09-13,extended,60,static,0.42830923,0.4346362
2018-09-14,extended,60,static,0.4561431,0.37152988
2018-09-17,extended,60,static,0.35485968,0.5807677
2018-09-18,extended,60,static,0.4616422,0.5211004
2018-09-19,extended,60,static,0.44473305,0.4847062
2018-09-20,extended,60,static,0.5008912,0.46742415
2018-09-21,extended,60,static,0.4410776,0.4349239
2018-09-27,extended,60,static,0.47088003,0.46931958
2018-09-28,extended,60,static,0.48419026,0.61239105
2018-10-01,extended,60,static,0.4943643,0.6073273
2018-10-02,extended,60,static,0.48979652,0.73223144
2018-10-04,extended,60,static,0.7401666,0.91658425
2018-10-05,extended,60,static,0.8065761,0.7996636
2018-10-08,extended,60,static,0.55835587,0.6734452
2018-10-10,extended,60,static,0.83971167,0.84631747
2018-10-11,extended,60,static,1.0540719,1.5031662
2018-10-12,extended,60,static,0.9823882,1.1256336
2018-10-15,extended,60,static,0.7597328,0.8860144
2018-10-16,extended,60,static,0.6612869,0.7477316
2018-10-17,extended,60,static,0.6689484,0.59386426
2018-10-18,extended,60,static,0.6124943,0.7089545
2018-10-19,extended,60,static,0.90396863,0.8699637
2018-10-22,extended,60,static,0.65464485,0.6658612
2018-10-23,extended,60,static,0.79869413,1.1439159
2018-10-24,extended,60,static,1.0101825,0.8712629
2018-10-25,extended,60,static,1.2034954,1.1183751
2018-10-26,extended,60,static,1.4175036,1.5439916
2018-10-29,extended,60,static,1.2363508,1.5714504
2018-10-30,extended,60,static,1.4563276,1.1544719
2018-10-31,extended,60,static,1.0390601,0.851227
2018-11-01,extended,60,static,0.94414973,1.0592078
2018-11-02,extended,60,static,0.7913712,0.9629855
2018-11-05,extended,60,static,0.9511913,0.79391533
2018-11-06,extended,60,static,0.90530014,0.7060432
2018-11-07,extended,60,static,1.0367223,0.8751549
2018-11-08,extended,60,static,0.5996522,0.794385
2018-11-09,extended,60,static,0.7839538,0.6763937
2018-11-12,extended,60,static,0.6026729,0.77436525
2018-11-13,extended,60,static,0.97934544,1.0354367
2018-11-14,extended,60,static,0.74976957,0.7720765
2018-11-15,extended,60,static,0.95467246,0.8174725
2018-11-16,extended,60,static,0.8288098,0.708399
2018-11-19,extended,60,static,0.8961883,0.7192932
2018-11-20,extended,60,static,0.67195773,0.8344218
2018-11-21,extended,60,static,0.58556443,0.7700452
2018-11-22,extended,60,static,0.48702475,0.6982431
2018-11-23,extended,60,static,0.7685168,0.84155005
2018-11-27,extended,60,static,0.5834283,0.5903682
2018-11-28,extended,60,static,0.45220104,0.5893355
2018-11-29,extended,60,static,0.60476553,0.57667094
2018-11-30,extended,60,static,0.5886905,0.75984544
2018-12-03,extended,60,static,0.68153924,0.6994469
2018-12-04,extended,60,static,0.5445994,0.744749
2018-12-05,extended,60,static,0.56843424,0.7238111
2018-12-06,extended,60,static,0.6095563,0.9375325
2018-12-07,extended,60,static,0.5924383,0.82024854
2018-12-10,extended,60,static,0.6433859,0.78590435
2018-12-11,extended,60,static,0.6609957,0.68373716
2018-12-12,extended,60,static,0.6956875,0.66608393
2018-12-13,extended,60,static,0.72408855,0.6046906
2018-12-14,extended,60,static,0.7188342,0.95250005
2018-12-17,extended,60,static,0.53072983,0.72381705
2018-12-18,extended,60,static,0.6521278,0.7762647
2018-12-19,extended,60,static,0.47295922,0.63091356
2018-12-20,extended,60,static,0.8710768,0.9073829
2018-12-21,extended,60,static,0.6061809,0.6640345
2018-12-24,extended,60,static,0.78516436,0.7413772
2018-12-26,extended,60,static,0.879256,0.9575627
2018-12-27,extended,60,static,0.78099734,0.73760587
2018-12-28,extended,60,static,0.60280275,0.6496307
2019-01-02,extended,60,static,0.9284962,1.2048749
2019-01-03,extended,60,static,0.76937395,0.90909094
2019-01-04,extended,60,static,0.9603191,0.8621585
2019-01-07,extended,60,static,0.596431,0.64885575
2019-01-08,extended,60,static,0.5111342,0.6878699
2019-01-09,extended,60,static,0.61086947,0.64306515
2019-01-10,extended,60,static,0.5482217,0.55011135
2019-01-11,extended,60,static,0.5898902,0.57688224
2019-01-14,extended,60,static,0.42138827,0.62052757
2019-01-15,extended,60,static,0.6759469,0.6419551
2019-01-16,extended,60,static,0.56711286,0.52402973
2019-01-17,extended,60,static,0.66810846,0.6115215
2019-01-18,extended,60,static,0.44543266,0.560071
2019-01-21,extended,60,static,0.62634444,0.59839404
2019-01-22,extended,60,static,0.60353917,0.7526534
2019-01-23,extended,60,static,0.51928467,0.66636384
2019-01-24,extended,60,static,0.6640924,0.6189828
2019-01-25,extended,60,static,0.5400761,0.7600344
2019-01-28,extended,60,static,0.64575857,0.6654005
2019-01-29,extended,60,static,0.5906731,0.6879588
2019-01-30,extended,60,static,0.65107256,0.6803386
2019-01-31,extended,60,static,0.7285996,0.716355
2019-02-01,extended,60,static,0.5539258,0.649368
2019-02-07,extended,60,static,0.6790316,0.6791114
2019-02-08,extended,60,static,0.5708925,0.75838906
2019-02-11,extended,60,static,0.4614692,0.68075806
2019-02-12,extended,60,static,0.57275265,0.66155297
2019-02-13,extended,60,static,0.44701397,0.52213407
2019-02-14,extended,60,static,0.48624977,0.7788667
2019-02-15,extended,60,static,0.67290115,0.763582
2019-02-18,extended,60,static,0.48367992,0.6316587
2019-02-19,extended,60,static,0.6155199,0.67825097
2019-02-20,extended,60,static,0.52544653,0.62070835
2019-02-21,extended,60,static,0.5323978,0.67490596
2019-02-22,extended,60,static,0.5406673,0.63011146
2019-02-25,extended,60,static,0.47330192,0.6201348
2019-02-26,extended,60,static,0.4936881,0.6185799
2019-02-27,extended,60,static,0.5037446,0.5199181
2019-02-28,extended,60,static,0.92397344,0.9025407
2019-03-04,extended,60,static,0.64611864,0.7421027
2019-03-05,extended,60,static,0.59529656,0.59624535
2019-03-06,extended,60,static,0.51380426,0.5399101
2019-03-07,extended,60,static,0.5759724,0.72847486
2019-03-08,extended,60,static,0.536695,0.75396055
2019-03-11,extended,60,static,0.51650745,0.66367495
2019-03-12,extended,60,static,0.5089075,0.4898275
2019-03-13,extended,60,static,0.55918586,0.6081229
2019-03-14,extended,60,static,0.69509447,0.5798486
2019-03-15,extended,60,static,0.6786419,0.6689709
2019-03-18,extended,60,static,0.4490796,0.5066919
2019-03-19,extended,60,static,0.44854522,0.50660104
2019-03-20,extended,60,static,0.67536366,0.57253057
2019-03-21,extended,60,static,0.66217667,0.660535
2019-03-22,extended,60,static,0.5033251,0.5610573
2019-03-25,extended,60,static,0.43661532,0.71008
2019-03-26,extended,60,static,0.49395978,0.53440017
2019-03-27,extended,60,static,0.6899357,0.5448013
2019-03-28,extended,60,static,0.6706694,0.650843
2019-03-29,extended,60,static,0.5518298,0.64401144
2019-04-01,extended,60,static,0.45664388,0.62934285
2019-04-02,extended,60,static,0.36144215,0.5153806
2019-04-03,extended,60,static,0.51566744,0.66239005
2019-04-04,extended,60,static,0.5919871,0.61329967
2019-04-05,extended,60,static,0.51925457,0.59663427
2019-04-08,extended,60,static,0.5123613,0.6426348
2019-04-09,extended,60,static,0.4496857,0.64230424
2019-04-10,extended,60,static,0.48014227,0.61628
2019-04-11,extended,60,static,0.5340376,0.56899315
2019-04-12,extended,60,static,0.44028127,0.63543344
2019-04-15,extended,60,static,0.40747067,0.56221384
2019-04-16,extended,60,static,0.3219919,0.5629103
2019-04-17,extended,60,static,0.43842065,0.52147603
2019-04-18,extended,60,static,0.5309156,0.8749222
2019-04-19,extended,60,static,0.4144328,0.5866334
2019-04-22,extended,60,static,0.5566578,0.6729459
2019-04-23,extended,60,static,0.40701708,0.56087714
2019-04-24,extended,60,static,0.61955744,0.883952
2019-04-25,extended,60,static,0.55485576,0.6494914
2019-04-26,extended,60,static,0.72152674,0.6966865
2019-04-29,extended,60,static,0.52491474,0.71737796
2019-04-30,extended,60,static,0.68583477,0.7922148
2019-05-02,extended,60,static,0.59866214,0.63463914
2019-05-03,extended,60,static,0.4779373,0.6348982
2019-05-07,extended,60,static,0.58303875,0.6206825
2019-05-08,extended,60,static,0.62740874,0.72284037
2019-05-09,extended,60,static,0.7362842,1.4130898
2019-05-10,extended,60,static,1.313459,0.9635491
2019-05-13,extended,60,static,0.6890862,0.9742447
2019-05-14,extended,60,static,0.85694784,0.98898095
2019-05-15,extended,60,static,0.6930094,0.73506325
2019-05-16,extended,60,static,0.7359276,0.9769196
2019-05-17,extended,60,static,0.65519613,0.8690714
2019-05-20,extended,60,static,0.77253944,0.73276263
2019-05-21,extended,60,static,0.6395138,0.6738028
2019-05-22,extended,60,static,0.7309624,0.6422593
2019-05-23,extended,60,static,0.7258369,0.75199455
2019-05-24,extended,60,static,0.7309144,0.7897635
2019-05-27,extended,60,static,0.6795934,0.6326401
2019-05-28,extended,60,static,0.711294,0.69719505
2019-05-29,extended,60,static,0.7383555,0.88579863
2019-05-30,extended,60,static,0.714489,0.75550383
2019-05-31,extended,60,static,0.8417236,0.7205385
2019-06-03,extended,60,static,0.66955924,0.88802105
2019-06-04,extended,60,static,0.62424713,0.58650875
2019-06-05,extended,60,static,0.51530224,0.6415422
2019-06-07,extended,60,static,0.6764708,0.69392073
2019-06-10,extended,60,static,0.48184523,0.63618726
2019-06-11,extended,60,static,0.4704116,0.62310094
2019-06-12,extended,60,static,0.5863049,0.5847076
2019-06-13,extended,60,static,0.7455525,0.7382278
2019-06-14,extended,60,static,0.8651253,0.7001935
2019-06-17,extended,60,static,0.4247762,0.66579455
2019-06-18,extended,60,static,0.5229543,0.61161757
2019-06-19,extended,60,static,0.4357139,0.47739518
2019-06-20,extended,60,static,0.43176708,0.61740285
2019-06-21,extended,60,static,0.37728238,0.52186006
2019-06-24,extended,60,static,0.4593244,0.58238614
2019-06-25,extended,60,static,0.51512194,0.6419458
2019-06-26,extended,60,static,0.40397477,0.5539501
2019-06-27,extended,60,static,0.6148308,0.62552613
2019-06-28,extended,60,static,0.54358685,0.5600378
2019-07-01,extended,60,static,0.59253216,0.7076952
2019-07-02,extended,60,static,0.5319617,0.83161354
2019-07-03,extended,60,static,0.6809259,1.012786
2019-07-04,extended,60,static,0.53083926,0.79374677
2019-07-05,extended,60,static,0.59597343,0.752044
2019-07-08,extended,60,static,0.7311243,0.9819857
2019-07-09,extended,60,static,0.63317543,0.90238315
2019-07-10,extended,60,static,0.53223544,0.71741533
2019-07-11,extended,60,static,0.6092576,0.77128047
2019-07-12,extended,60,static,0.49427682,0.7136335
2019-07-15,extended,60,static,0.5757437,0.6865652
2019-07-16,extended,60,static,0.6845,0.7220664
2019-07-17,extended,60,static,0.5347872,0.83152676
2019-07-18,extended,60,static,0.60851675,0.74530226
2019-07-19,extended,60,static,0.5437367,0.76096547
2019-07-22,extended,60,static,0.511214,0.64896256
2019-07-23,extended,60,static,0.49994358,0.652854
2019-07-24,extended,60,static,0.5793747,0.84000176
2019-07-25,extended,60,static,0.7161237,0.85111845
2019-07-26,extended,60,static,0.57829916,0.76327556
2019-07-29,extended,60,static,0.8799096,1.1537821
2019-07-30,extended,60,static,0.47641116,0.76091546
2019-07-31,extended,60,static,0.9222174,0.9364379
2019-08-01,extended,60,static,0.68841547,0.9387397
2019-08-02,extended,60,static,0.84896463,0.88929075
2019-08-05,extended,60,static,1.0211527,1.3627766
2019-08-06,extended,60,static,1.484804,1.5875834
2019-08-07,extended,60,static,1.0996208,1.2780836
2019-08-08,extended,60,static,0.92815804,1.0144967
2019-08-09,extended,60,static,0.5159914,0.7042239
2019-08-12,extended,60,static,0.56668067,0.6210483
2019-08-13,extended,60,static,0.6010147,0.7096966
2019-08-14,extended,60,static,0.53666717,0.65352994
2019-08-16,extended,60,static,0.506742,0.7604719
2019-08-19,extended,60,static,0.4380862,0.5541188
2019-08-20,extended,60,static,0.5513106,0.59656554
2019-08-21,extended,60,static,0.49984393,0.58081895
2019-08-22,extended,60,static,0.6450491,0.6723264
2019-08-23,extended,60,static,0.5643259,0.60191053
2019-08-26,extended,60,static,0.59313625,0.7170312
2019-08-27,extended,60,static,0.5408019,0.7552244
2019-08-28,extended,60,static,0.506738,0.6088039
2019-08-29,extended,60,static,0.77088475,0.682644
2019-08-30,extended,60,static,0.48729998,0.6144118
2019-09-02,extended,60,static,0.42060363,0.6534949
2019-09-03,extended,60,static,0.46074706,0.68982375
2019-09-04,extended,60,static,0.64084554,0.7126784
2019-09-05,extended,60,static,0.5175228,0.6888428
2019-09-06,extended,60,static,0.44188112,0.5173341
2019-09-10,extended,60,static,0.4645472,0.5828096
2019-09-11,extended,60,static,0.5891835,0.55425555
2019-09-16,extended,60,static,0.55733615,0.8090436
2019-09-17,extended,60,static,0.38927358,0.6629777
2019-09-18,extended,60,static,0.5622158,0.6304324
2019-09-19,extended,60,static,0.61585087,0.7007728
2019-09-20,extended,60,static,0.4513401,0.6495855
2019-09-23,extended,60,static,0.40426698,0.6388512
2019-09-24,extended,60,static,0.5260157,0.66620845
2019-09-25,extended,60,static,0.69618875,0.71228445
2019-09-26,extended,60,static,0.51503557,0.7730792
2019-09-27,extended,60,static,0.48853964,0.8080992
2019-09-30,extended,60,static,0.5457362,0.7713836
2019-10-01,extended,60,static,0.5716477,0.65071505
2019-10-02,extended,60,static,0.49776527,0.8116978
2019-10-04,extended,60,static,0.88379955,0.71689016
2019-10-07,extended,60,static,0.60894364,0.6632114
2019-10-08,extended,60,static,0.5952094,0.6833056
2019-10-10,extended,60,static,1.0106066,0.81067365
2019-10-11,extended,60,static,0.46052435,0.6824638
2019-10-14,extended,60,static,0.58545357,0.45102257
2019-10-15,extended,60,static,0.6064588,0.5385615
2019-10-16,extended,60,static,0.59798956,0.50573343
2019-10-17,extended,60,static,0.55910295,0.61377966
2019-10-18,extended,60,static,0.7058667,0.7613148
2019-10-21,extended,60,static,0.5290702,0.54087764
2019-10-22,extended,60,static,0.6156244,0.5790332
2019-10-23,extended,60,static,0.5095138,0.6019815
2019-10-24,extended,60,static,0.65481824,0.6681899
2019-10-25,extended,60,static,0.510718,0.5647095
2019-10-28,extended,60,static,0.5885731,0.5669041
2019-10-29,extended,60,static,0.4937578,0.61203736
2019-10-30,extended,60,static,0.6974592,0.64960974
2019-10-31,extended,60,static,0.45347598,0.6875264
2019-11-01,extended,60,static,0.6286192,0.61491317
2019-11-04,extended,60,static,0.5168918,0.5995786
2019-11-05,extended,60,static,0.4885944,0.5595704
2019-11-06,extended,60,static,0.68208325,0.57288104
2019-11-07,extended,60,static,0.6206656,0.57983637
2019-11-08,extended,60,static,0.71452206,0.6974855
2019-11-11,extended,60,static,0.5903803,0.6828113
2019-11-12,extended,60,static,0.6194489,0.6135473
2019-11-13,extended,60,static,0.5121189,0.630789
2019-11-14,extended,60,static,0.8766804,0.63851887
2019-11-15,extended,60,static,0.7431917,0.73632103
2019-11-18,extended,60,static,0.45491695,0.6280948
2019-11-19,extended,60,static,0.7765365,0.65172416
2019-11-20,extended,60,static,0.63094217,0.78486603
2019-11-21,extended,60,static,0.8004125,1.0048943
2019-11-22,extended,60,static,0.6115706,0.6602277
2019-11-25,extended,60,static,0.67888767,0.59444976
2019-11-26,extended,60,static,0.6483119,0.64656514
2019-11-27,extended,60,static,0.7303999,0.5824968
2019-11-28,extended,60,static,0.5263722,0.6135321
2019-11-29,extended,60,static,0.72310865,1.0257148
2019-12-02,extended,60,static,0.46694157,0.6934703
2019-12-03,extended,60,static,0.5842627,0.6896809
2019-12-04,extended,60,static,0.61338687,0.7368878
2019-12-05,extended,60,static,0.56392145,0.8917826
2019-12-06,extended,60,static,0.5755424,0.5691407
2019-12-09,extended,60,static,0.601427,0.5666207
2019-12-10,extended,60,static,0.5532216,0.6161072
2019-12-11,extended,60,static,0.5910824,0.5845426
2019-12-12,extended,60,static,0.5365521,0.6498759
2019-12-13,extended,60,static,0.50488144,0.52831775
2019-12-16,extended,60,static,0.45997214,0.5981807
2019-12-17,extended,60,static,0.6691943,0.65567726
2019-12-18,extended,60,static,0.74346703,0.60393006
2019-12-19,extended,60,static,0.49151647,0.6866655
2019-12-20,extended,60,static,0.58628047,0.5807032
2019-12-23,extended,60,static,0.47409418,0.66089666
2019-12-24,extended,60,static,0.51791275,0.71172225
2019-12-26,extended,60,static,0.4991962,0.65847826
2019-12-27,extended,60,static,0.75134546,0.83520025
2019-12-30,extended,60,static,0.5212078,0.6638712
2013-12-19,core,22,expanding,0.4802798330783844,0.6635919213294983
2013-12-20,core,22,expanding,0.5645997524261475,0.4895995855331421
2013-12-23,core,22,expanding,0.4692802131175995,0.45580625534057617
2013-12-24,core,22,expanding,0.3759242594242096,0.4929457902908325
2013-12-26,core,22,expanding,0.34329724311828613,0.4879504442214966
2013-12-27,core,22,expanding,0.4054294526576996,0.5608575344085693
2013-12-30,core,22,expanding,0.3975583612918854,0.4542878270149231
2014-01-02,core,22,expanding,0.745618999004364,0.8825626969337463
2014-01-03,core,22,expanding,0.8317349553108215,0.8247169852256775
2014-01-06,core,22,expanding,0.6694515347480774,0.6618552803993225
2014-01-07,core,22,expanding,0.669123649597168,0.5993254780769348
2014-01-08,core,22,expanding,0.6145573854446411,0.5559244155883789
2014-01-09,core,22,expanding,0.7255804538726807,0.5782912969589233
2014-01-10,core,22,expanding,0.8143007755279541,0.7523248791694641
2014-01-13,core,22,expanding,0.5097299814224243,0.5115395188331604
2014-01-14,core,22,expanding,0.6865121126174927,0.7064516544342041
2014-01-15,core,22,expanding,0.4559510350227356,0.509705662727356
2014-01-16,core,22,expanding,0.6030573844909668,0.48941609263420105
2014-01-17,core,22,expanding,0.5502644181251526,0.6531585454940796
2014-01-20,core,22,expanding,0.5513416528701782,0.5963058471679688
2014-01-21,core,22,expanding,0.4076211452484131,0.5224040746688843
2014-01-22,core,22,expanding,0.40055933594703674,0.5182106494903564
2014-01-23,core,22,expanding,0.5581960678100586,0.6266173124313354
2014-01-24,core,22,expanding,0.6551957726478577,0.6768813729286194
2014-01-27,core,22,expanding,0.6563228964805603,0.5880874395370483
2014-01-28,core,22,expanding,0.5331621766090393,0.5088204741477966
2014-01-29,core,22,expanding,0.48386818170547485,0.4894726872444153
2014-02-03,core,22,expanding,0.48515626788139343,0.5969852209091187
2014-02-04,core,22,expanding,0.6177616119384766,0.5786502361297607
2014-02-05,core,22,expanding,0.48677340149879456,0.518602728843689
2014-02-06,core,22,expanding,0.5684754848480225,0.49404895305633545
2014-02-07,core,22,expanding,0.4129472076892853,0.4800035357475281
2014-02-10,core,22,expanding,0.47753435373306274,0.4861390292644501
2014-02-11,core,22,expanding,0.43266043066978455,0.49445703625679016
2014-02-12,core,22,expanding,0.4157121181488037,0.4257740378379822
2014-02-13,core,22,expanding,0.5321779251098633,0.6067948341369629
2014-02-14,core,22,expanding,0.434893935918808,0.5262526273727417
2014-02-17,core,22,expanding,0.4411637485027313,0.486178457736969
2014-02-18,core,22,expanding,0.45545241236686707,0.5322909951210022
2014-02-19,core,22,expanding,0.518359363079071,0.48886922001838684
2014-02-20,core,22,expanding,0.5712036490440369,0.5233099460601807
2014-02-21,core,22,expanding,0.29227060079574585,0.38056623935699463
2014-02-24,core,22,expanding,0.49615779519081116,0.5414652824401855
2014-02-25,core,22,expanding,0.38584572076797485,0.4179138243198395
2014-02-26,core,22,expanding,0.3889131247997284,0.5216535329818726
2014-02-27,core,22,expanding,0.3689154386520386,0.490680068731308
2014-02-28,core,22,expanding,0.5748443007469177,0.41547754406929016
2014-03-03,core,22,expanding,0.4905202388763428,0.4458211064338684
2014-03-04,core,22,expanding,0.37311920523643494,0.44305774569511414
2014-03-05,core,22,expanding,0.2957846224308014,0.36310523748397827
2014-03-06,core,22,expanding,0.36687254905700684,0.4049670994281769
2014-03-07,core,22,expanding,0.3595428168773651,0.4936464726924896
2014-03-10,core,22,expanding,0.3966376781463623,0.4422051012516022
2014-03-11,core,22,expanding,0.36216235160827637,0.4439592957496643
2014-03-12,core,22,expanding,0.524066150188446,0.6142975687980652
2014-03-13,core,22,expanding,0.7643156051635742,0.5132024884223938
2014-03-14,core,22,expanding,0.4917987585067749,0.5395475029945374
2014-03-17,core,22,expanding,0.4402579963207245,0.4290769398212433
2014-03-18,core,22,expanding,0.4034605026245117,0.4648553729057312
2014-03-19,core,22,expanding,0.3771732449531555,0.49089300632476807
2014-03-20,core,22,expanding,0.4977089464664459,0.5285753011703491
2014-03-21,core,22,expanding,0.30561572313308716,0.4120362401008606
2014-03-24,core,22,expanding,0.559593141078949,0.5085164904594421
2014-03-25,core,22,expanding,0.4739501178264618,0.46773943305015564
2014-03-26,core,22,expanding,0.36362791061401367,0.3831872045993805
2014-03-27,core,22,expanding,0.3300192952156067,0.482956200838089
2014-03-28,core,22,expanding,0.44567808508872986,0.5299441814422607
2014-03-31,core,22,expanding,0.5329056978225708,0.5232524275779724
2014-04-01,core,22,expanding,0.4536745250225067,0.5048660039901733
2014-04-02,core,22,expanding,0.23820100724697113,0.39871665835380554
2014-04-03,core,22,expanding,0.34250250458717346,0.51774001121521
2014-04-04,core,22,expanding,0.38496485352516174,0.45586803555488586
2014-04-07,core,22,expanding,0.500297486782074,0.4911544620990753
2014-04-08,core,22,expanding,0.4536314010620117,0.5006288290023804
2014-04-09,core,22,expanding,0.3730706572532654,0.4115341305732727
2014-04-10,core,22,expanding,0.5009900331497192,0.44802650809288025
2014-04-11,core,22,expanding,0.4051493704319,0.5097687244415283
2014-04-14,core,22,expanding,0.4609493315219879,0.43606024980545044
2014-04-15,core,22,expanding,0.399847149848938,0.5367288589477539
2014-04-16,core,22,expanding,0.3478138744831085,0.4375545382499695
2014-04-17,core,22,expanding,0.34906005859375,0.4477479159832001
2014-04-18,core,22,expanding,0.33066025376319885,0.37753263115882874
2014-04-21,core,22,expanding,0.32748717069625854,0.44867047667503357
2014-04-22,core,22,expanding,0.3983100354671478,0.43153783679008484
2014-04-23,core,22,expanding,0.3814510107040405,0.4231450855731964
2014-04-24,core,22,expanding,0.3600698709487915,0.45075127482414246
2014-04-25,core,22,expanding,0.37953928112983704,0.5551223754882812
2014-04-28,core,22,expanding,0.46890783309936523,0.41175001859664917
2014-04-29,core,22,expanding,0.44847768545150757,0.45605865120887756
2014-04-30,core,22,expanding,0.34163931012153625,0.500873327255249
2014-05-02,core,22,expanding,0.34048426151275635,0.46896693110466003
2014-05-07,core,22,expanding,0.48494961857795715,0.4767034947872162
2014-05-08,core,22,expanding,0.4457767903804779,0.43326234817504883
2014-05-09,core,22,expanding,0.3955535292625427,0.42942655086517334
2014-05-12,core,22,expanding,0.3764047920703888,0.5196216106414795
2014-05-13,core,22,expanding,0.37235310673713684,0.43506017327308655
2014-05-14,core,22,expanding,0.4369126856327057,0.4055534303188324
2014-05-15,core,22,expanding,0.3573453724384308,0.4082871973514557
2014-05-16,core,22,expanding,0.48168161511421204,0.5053855776786804
2014-05-19,core,22,expanding,0.5512502193450928,0.48373427987098694
2014-05-20,core,22,expanding,0.3573944866657257,0.4512728452682495
2014-05-21,core,22,expanding,0.42510923743247986,0.4526783227920532
2014-05-22,core,22,expanding,0.40926021337509155,0.42267847061157227
2014-05-23,core,22,expanding,0.26510220766067505,0.4113784432411194
2014-05-26,core,22,expanding,0.39929500222206116,0.4567658603191376
2014-05-27,core,22,expanding,0.640454888343811,0.5479702949523926
2014-05-28,core,22,expanding,0.42676830291748047,0.460696816444397
2014-05-29,core,22,expanding,0.271896630525589,0.5111642479896545
2014-05-30,core,22,expanding,0.6504426002502441,0.5898603796958923
2014-06-02,core,22,expanding,0.39264827966690063,0.44820964336395264
2014-06-03,core,22,expanding,0.6050076484680176,0.46103495359420776
2014-06-05,core,22,expanding,0.4381760358810425,0.5662215948104858
2014-06-09,core,22,expanding,0.4332506060600281,0.6148418188095093
2014-06-10,core,22,expanding,0.497761070728302,0.3746658265590668
2014-06-11,core,22,expanding,0.4036683440208435,0.44303932785987854
2014-06-12,core,22,expanding,0.37406954169273376,0.42047053575515747
2014-06-13,core,22,expanding,0.5038783550262451,0.5431106090545654
2014-06-16,core,22,expanding,0.31889334321022034,0.47183969616889954
2014-06-17,core,22,expanding,0.3169383704662323,0.43396586179733276
2014-06-18,core,22,expanding,0.38902604579925537,0.4855983853340149
2014-06-19,core,22,expanding,0.3365156352519989,0.41829147934913635
2014-06-20,core,22,expanding,0.4684540331363678,0.5899403095245361
2014-06-23,core,22,expanding,0.46746909618377686,0.4292852580547333
2014-06-24,core,22,expanding,0.38460901379585266,0.4189232587814331
2014-06-25,core,22,expanding,0.36639097332954407,0.4997696578502655
2014-06-26,core,22,expanding,0.6237085461616516,0.43649137020111084
2014-06-27,core,22,expanding,0.4566969573497772,0.48888885974884033
2014-06-30,core,22,expanding,0.4211379885673523,0.4138593077659607
2014-07-01,core,22,expanding,0.32784396409988403,0.4341212213039398
2014-07-02,core,22,expanding,0.4311951994895935,0.4147140085697174
2014-07-03,core,22,expanding,0.31473687291145325,0.40566834807395935
2014-07-04,core,22,expanding,0.3744121193885803,0.4747200310230255
2014-07-07,core,22,expanding,0.3816891312599182,0.4588647484779358
2014-07-08,core,22,expanding,0.47110578417778015,0.42535707354545593
2014-07-09,core,22,expanding,0.33105847239494324,0.40199488401412964
2014-07-10,core,22,expanding,0.2946808636188507,0.3939545750617981
2014-07-11,core,22,expanding,0.299632728099823,0.3960346281528473
2014-07-14,core,22,expanding,0.3919379413127899,0.4170655608177185
2014-07-15,core,22,expanding,0.4075967073440552,0.35479483008384705
2014-07-16,core,22,expanding,0.3580271005630493,0.38749024271965027
2014-07-17,core,22,expanding,0.2885514497756958,0.3537759780883789
2014-07-18,core,22,expanding,0.3028152585029602,0.43390387296676636
2014-07-21,core,22,expanding,0.3475781977176666,0.4552958607673645
2014-07-22,core,22,expanding,0.3701283931732178,0.3215258717536926
2014-07-23,core,22,expanding,0.3371528685092926,0.35958170890808105
2014-07-24,core,22,expanding,0.39256781339645386,0.415261447429657
2014-07-25,core,22,expanding,0.3915499150753021,0.40402960777282715
2014-07-28,core,22,expanding,0.3961150646209717,0.43750715255737305
2014-07-29,core,22,expanding,0.4402754008769989,0.3371952772140503
2014-07-30,core,22,expanding,0.526376485824585,0.49945998191833496
2014-07-31,core,22,expanding,0.6873292326927185,0.5809704065322876
2014-08-01,core,22,expanding,0.5611398220062256,0.5751638412475586
2014-08-04,core,22,expanding,0.5234078168869019,0.5257435441017151
2014-08-05,core,22,expanding,0.5006744265556335,0.5573500394821167
2014-08-06,core,22,expanding,0.4210095703601837,0.4848702549934387
2014-08-07,core,22,expanding,0.42803072929382324,0.5293262004852295
2014-08-08,core,22,expanding,0.5490504503250122,0.6114423274993896
2014-08-11,core,22,expanding,0.40855854749679565,0.4833122491836548
2014-08-12,core,22,expanding,0.4580853581428528,0.45010507106781006
2014-08-13,core,22,expanding,0.37273913621902466,0.4136016368865967
2014-08-14,core,22,expanding,0.4185151755809784,0.46320560574531555
2014-08-18,core,22,expanding,0.5593621134757996,0.5752700567245483
2014-08-19,core,22,expanding,0.3205721080303192,0.3688119649887085
2014-08-20,core,22,expanding,0.4542844891548157,0.4586969316005707
2014-08-21,core,22,expanding,0.5047451853752136,0.6308159828186035
2014-08-22,core,22,expanding,0.42705103754997253,0.453205406665802
2014-08-25,core,22,expanding,0.5974487066268921,0.5328380465507507
2014-08-26,core,22,expanding,0.35681435465812683,0.4145514667034149
2014-08-27,core,22,expanding,0.45551103353500366,0.3568522334098816
2014-08-28,core,22,expanding,0.3276829421520233,0.5086777210235596
2014-08-29,core,22,expanding,0.5166975855827332,0.47137507796287537
2014-09-01,core,22,expanding,0.4261971712112427,0.445146381855011
2014-09-02,core,22,expanding,0.39515647292137146,0.4543432593345642
2014-09-03,core,22,expanding,0.5543261766433716,0.43606433272361755
2014-09-04,core,22,expanding,0.4892235994338989,0.4636504054069519
2014-09-05,core,22,expanding,0.4081699252128601,0.4988867938518524
2014-09-11,core,22,expanding,0.7266973853111267,0.45311805605888367
2014-09-12,core,22,expanding,0.45908480882644653,0.4579612612724304
2014-09-15,core,22,expanding,0.43585526943206787,0.4836568236351013
2014-09-16,core,22,expanding,0.29281413555145264,0.3988179564476013
2014-09-17,core,22,expanding,0.3773850202560425,0.34390386939048767
2014-09-18,core,22,expanding,0.38079288601875305,0.5081143379211426
2014-09-19,core,22,expanding,0.32510820031166077,0.3897925913333893
2014-09-22,core,22,expanding,0.4344882667064667,0.49586114287376404
2014-09-23,core,22,expanding,0.5151246786117554,0.44570520520210266
2014-09-24,core,22,expanding,0.48339393734931946,0.4153648316860199
2014-09-25,core,22,expanding,0.41328656673431396,0.5185627341270447
2014-09-26,core,22,expanding,0.4192606508731842,0.46459197998046875
2014-09-29,core,22,expanding,0.49092257022857666,0.48422539234161377
2014-09-30,core,22,expanding,0.41856661438941956,0.5443954467773438
2014-10-01,core,22,expanding,0.319396048784256,0.5413932204246521
2014-10-02,core,22,expanding,0.6898202896118164,0.5737770795822144
2014-10-06,core,22,expanding,0.5242727994918823,0.5874147415161133
2014-10-07,core,22,expanding,0.48625707626342773,0.46585938334465027
2014-10-08,core,22,expanding,0.5505924224853516,0.49237775802612305
2014-10-10,core,22,expanding,0.5369288325309753,0.6125820875167847
2014-10-13,core,22,expanding,0.7364109754562378,0.5002134442329407
2014-10-14,core,22,expanding,0.5962259769439697,0.46158257126808167
2014-10-15,core,22,expanding,0.6676353812217712,0.571628212928772
2014-10-16,core,22,expanding,0.6282262206077576,0.5233757495880127
2014-10-17,core,22,expanding,0.6876258254051208,0.6779886484146118
2014-10-20,core,22,expanding,0.37683233618736267,0.48389461636543274
2014-10-21,core,22,expanding,0.5305242538452148,0.47800299525260925
2014-10-22,core,22,expanding,0.43929898738861084,0.46971580386161804
2014-10-23,core,22,expanding,0.7639013528823853,0.5701205730438232
2014-10-24,core,22,expanding,0.6702686548233032,0.7179152965545654
2014-10-27,core,22,expanding,0.37802091240882874,0.44728896021842957
2014-10-28,core,22,expanding,0.38197293877601624,0.5225824117660522
2014-10-29,core,22,expanding,0.594934344291687,0.5549051761627197
2014-10-30,core,22,expanding,0.6260377168655396,0.5613365769386292
2014-10-31,core,22,expanding,0.6257348656654358,0.5764526724815369
2014-11-03,core,22,expanding,0.515155017375946,0.49564129114151
2014-11-04,core,22,expanding,0.5852339863777161,0.6175813674926758
2014-11-05,core,22,expanding,0.5266709923744202,0.5838701725006104
2014-11-06,core,22,expanding,0.6433539390563965,0.5562095642089844
2014-11-07,core,22,expanding,0.4979962408542633,0.4767341911792755
2014-11-10,core,22,expanding,0.44324466586112976,0.4319925010204315
2014-11-11,core,22,expanding,0.4197333753108978,0.4097953736782074
2014-11-12,core,22,expanding,0.3930705487728119,0.4545764625072479
2014-11-13,core,22,expanding,0.4306841790676117,0.563634991645813
2014-11-14,core,22,expanding,0.6694947481155396,0.5638598203659058
2014-11-17,core,22,expanding,0.6341668963432312,0.5193049907684326
2014-11-18,core,22,expanding,0.5666394233703613,0.4067677855491638
2014-11-19,core,22,expanding,0.5010617971420288,0.5068413615226746
2014-11-20,core,22,expanding,0.5156674385070801,0.4656837582588196
2014-11-21,core,22,expanding,0.3318023085594177,0.4421160817146301
2014-11-24,core,22,expanding,0.3079932928085327,0.3933468461036682
2014-11-25,core,22,expanding,0.4751070439815521,0.3618018627166748
2014-11-26,core,22,expanding,0.41046422719955444,0.4430796802043915
2014-11-27,core,22,expanding,0.42532575130462646,0.4475169777870178
2014-11-28,core,22,expanding,0.4311489462852478,0.43565455079078674
2014-12-01,core,22,expanding,0.42047595977783203,0.396362841129303
2014-12-02,core,22,expanding,0.41847506165504456,0.41442662477493286
2014-12-03,core,22,expanding,0.4373069703578949,0.3663140535354614
2014-12-04,core,22,expanding,0.3401705324649811,0.42309829592704773
2014-12-05,core,22,expanding,0.29264354705810547,0.37791723012924194
2014-12-08,core,22,expanding,0.3012259304523468,0.42844757437705994
2014-12-09,core,22,expanding,0.31311747431755066,0.37784868478775024
2014-12-10,core,22,expanding,0.47854897379875183,0.46750062704086304
2014-12-11,core,22,expanding,0.6749274134635925,0.6252437829971313
2014-12-12,core,22,expanding,0.502571702003479,0.47998687624931335
2014-12-15,core,22,expanding,0.47724685072898865,0.5655326843261719
2014-12-16,core,22,expanding,0.49112528562545776,0.4997301995754242
2014-12-17,core,22,expanding,0.5890781283378601,0.44770869612693787
2014-12-18,core,22,expanding,0.7448475360870361,0.8333768248558044
2014-12-19,core,22,expanding,0.698661208152771,0.4843159019947052
2014-12-22,core,22,expanding,0.5028649568557739,0.5229466557502747
2014-12-23,core,22,expanding,0.3112735450267792,0.46949025988578796
2014-12-24,core,22,expanding,0.39547744393348694,0.40680620074272156
2014-12-26,core,22,expanding,0.388234943151474,0.5238952040672302
2014-12-29,core,22,expanding,0.4127920866012573,0.45041927695274353
2014-12-30,core,22,expanding,0.4854278564453125,0.6001306772232056
2015-01-02,core,22,expanding,0.46897152066230774,0.5728668570518494
2015-01-05,core,22,expanding,0.7107792496681213,0.5965467095375061
2015-01-06,core,22,expanding,0.5842175483703613,0.6783415675163269
2015-01-07,core,22,expanding,0.40920373797416687,0.5015785694122314
2015-01-08,core,22,expanding,0.39667126536369324,0.46157538890838623
2015-01-09,core,22,expanding,0.37639695405960083,0.4676755368709564
2015-01-12,core,22,expanding,0.3923117518424988,0.4002685844898224
2015-01-13,core,22,expanding,0.5033896565437317,0.43149128556251526
2015-01-14,core,22,expanding,0.4599017798900604,0.466603547334671
2015-01-15,core,22,expanding,0.4867079257965088,0.4382046163082123
2015-01-16,core,22,expanding,0.5324012041091919,0.573214054107666
2015-01-19,core,22,expanding,0.373611181974411,0.445999413728714
2015-01-20,core,22,expanding,0.48014190793037415,0.3814370930194855
2015-01-21,core,22,expanding,0.46535661816596985,0.46242591738700867
2015-01-22,core,22,expanding,0.422739714384079,0.4900572597980499
2015-01-23,core,22,expanding,0.43462371826171875,0.4615171253681183
2015-01-26,core,22,expanding,0.41431355476379395,0.4748142659664154
2015-01-27,core,22,expanding,0.37172308564186096,0.39186736941337585
2015-01-28,core,22,expanding,0.3839336335659027,0.5268720984458923
2015-01-29,core,22,expanding,0.4646711051464081,0.4921353757381439
2015-01-30,core,22,expanding,0.516663670539856,0.5247089862823486
2015-02-02,core,22,expanding,0.4339601397514343,0.45210957527160645
2015-02-03,core,22,expanding,0.5428752303123474,0.5452782511711121
2015-02-04,core,22,expanding,0.4475887715816498,0.39809468388557434
2015-02-05,core,22,expanding,0.39394375681877136,0.5404227375984192
2015-02-06,core,22,expanding,0.4700015187263489,0.4473735988140106
2015-02-09,core,22,expanding,0.39241865277290344,0.41832080483436584
2015-02-10,core,22,expanding,0.43457919359207153,0.4887770116329193
2015-02-11,core,22,expanding,0.37759363651275635,0.3962043821811676
2015-02-12,core,22,expanding,0.43717172741889954,0.5123185515403748
2015-02-13,core,22,expanding,0.3682304620742798,0.3892940282821655
2015-02-16,core,22,expanding,0.33519893884658813,0.3906221091747284
2015-02-17,core,22,expanding,0.3171878159046173,0.41326090693473816
2015-02-23,core,22,expanding,0.24621129035949707,0.43911272287368774
2015-02-24,core,22,expanding,0.30792415142059326,0.3606039583683014
2015-02-25,core,22,expanding,0.31823238730430603,0.3354657292366028
2015-02-26,core,22,expanding,0.38990285992622375,0.36534374952316284
2015-02-27,core,22,expanding,0.47086843848228455,0.4412728548049927
2015-03-02,core,22,expanding,0.395580917596817,0.4247300624847412
2015-03-03,core,22,expanding,0.3346767723560333,0.3812134861946106
2015-03-04,core,22,expanding,0.3530990183353424,0.3900987505912781
2015-03-05,core,22,expanding,0.3655213415622711,0.3798825144767761
2015-03-06,core,22,expanding,0.2883383333683014,0.3891468048095703
2015-03-09,core,22,expanding,0.3533001244068146,0.41567736864089966
2015-03-10,core,22,expanding,0.5293721556663513,0.5081877708435059
2015-03-11,core,22,expanding,0.4885103404521942,0.4669800102710724
2015-03-12,core,22,expanding,0.790525496006012,0.5570220947265625
2015-03-13,core,22,expanding,0.356110543012619,0.3663877248764038
2015-03-16,core,22,expanding,0.327792763710022,0.44682246446609497
2015-03-17,core,22,expanding,0.5014861226081848,0.5524346232414246
2015-03-18,core,22,expanding,0.44014742970466614,0.41137027740478516
2015-03-19,core,22,expanding,0.4978056252002716,0.4790974259376526
2015-03-20,core,22,expanding,0.42507079243659973,0.4875490963459015
2015-03-23,core,22,expanding,0.5184310674667358,0.46566393971443176
2015-03-24,core,22,expanding,0.3522225022315979,0.4635249972343445
2015-03-25,core,22,expanding,0.30849868059158325,0.38868778944015503
2015-03-26,core,22,expanding,0.42036014795303345,0.4720168709754944
2015-03-27,core,22,expanding,0.481138676404953,0.4754919707775116
2015-03-30,core,22,expanding,0.4234061539173126,0.45568418502807617
2015-03-31,core,22,expanding,0.39450010657310486,0.42851123213768005
2015-04-01,core,22,expanding,0.4261479377746582,0.4461536109447479
2015-04-02,core,22,expanding,0.411723792552948,0.43354693055152893
2015-04-03,core,22,expanding,0.34641802310943604,0.4594958424568176
2015-04-06,core,22,expanding,0.4886516332626343,0.42742347717285156
2015-04-07,core,22,expanding,0.4677595794200897,0.47199416160583496
2015-04-08,core,22,expanding,0.2970583140850067,0.39187443256378174
2015-04-09,core,22,expanding,0.371256947517395,0.4068922996520996
2015-04-10,core,22,expanding,0.43423086404800415,0.470041424036026
2015-04-13,core,22,expanding,0.3437894582748413,0.41966867446899414
2015-04-14,core,22,expanding,0.5208348035812378,0.41346654295921326
2015-04-15,core,22,expanding,0.41318801045417786,0.3941393196582794
2015-04-16,core,22,expanding,0.4550956189632416,0.40718936920166016
2015-04-17,core,22,expanding,0.38721758127212524,0.44246551394462585
2015-04-20,core,22,expanding,0.49090784788131714,0.5205680727958679
2015-04-21,core,22,expanding,0.4254489541053772,0.4515201449394226
2015-04-22,core,22,expanding,0.9061537981033325,0.6817710995674133
2015-04-23,core,22,expanding,0.787105143070221,0.7086111903190613
2015-04-24,core,22,expanding,0.7086443901062012,0.8167151808738708
2015-04-27,core,22,expanding,0.4825938940048218,0.637486457824707
2015-04-28,core,22,expanding,0.42580023407936096,0.5968297123908997
2015-04-29,core,22,expanding,0.5785797834396362,0.637805163860321
2015-04-30,core,22,expanding,0.49580004811286926,0.5517227053642273
2015-05-04,core,22,expanding,0.4582878053188324,0.46551090478897095
2015-05-06,core,22,expanding,0.46169978380203247,0.6118265986442566
2015-05-07,core,22,expanding,0.5812579989433289,0.7312447428703308
2015-05-08,core,22,expanding,0.5789164304733276,0.5603731870651245
2015-05-11,core,22,expanding,0.4807041585445404,0.507473886013031
2015-05-12,core,22,expanding,0.43495941162109375,0.4685005843639374
2015-05-13,core,22,expanding,0.551382303237915,0.42043349146842957
2015-05-14,core,22,expanding,0.3677103817462921,0.4113391935825348
2015-05-15,core,22,expanding,0.5494415760040283,0.6607852578163147
2015-05-18,core,22,expanding,0.5521966814994812,0.48093482851982117
2015-05-19,core,22,expanding,0.5842617750167847,0.5016257166862488
2015-05-20,core,22,expanding,0.3975920081138611,0.44337859749794006
2015-05-21,core,22,expanding,0.46203166246414185,0.5338119268417358
2015-05-22,core,22,expanding,0.43587726354599,0.5084031820297241
2015-05-26,core,22,expanding,0.6952345371246338,0.4916086494922638
2015-05-27,core,22,expanding,0.6640742421150208,0.702023983001709
2015-05-28,core,22,expanding,0.5838554501533508,0.51906818151474
2015-05-29,core,22,expanding,0.47500666975975037,0.603030264377594
2015-06-01,core,22,expanding,0.7755205035209656,0.6134247183799744
2015-06-02,core,22,expanding,0.6786004900932312,0.7300474643707275
2015-06-03,core,22,expanding,0.686590850353241,0.7176450490951538
2015-06-04,core,22,expanding,0.6508272886276245,0.5835837721824646
2015-06-05,core,22,expanding,0.6951335668563843,0.5722966194152832
2015-06-08,core,22,expanding,0.6300256252288818,0.5354472398757935
2015-06-09,core,22,expanding,0.5512056946754456,0.5467308163642883
2015-06-10,core,22,expanding,0.5568788647651672,0.6852269768714905
2015-06-11,core,22,expanding,0.5264672636985779,0.5027697086334229
2015-06-12,core,22,expanding,0.5966669321060181,0.7120023965835571
2015-06-15,core,22,expanding,0.6091834902763367,0.5346658825874329
2015-06-16,core,22,expanding,0.8626672625541687,0.7961320877075195
2015-06-17,core,22,expanding,0.5755643248558044,0.5894407629966736
2015-06-18,core,22,expanding,0.5761381983757019,0.5403605103492737
2015-06-19,core,22,expanding,0.5588230490684509,0.5043495893478394
2015-06-22,core,22,expanding,0.5072078108787537,0.5316225290298462
2015-06-23,core,22,expanding,0.40189433097839355,0.47097647190093994
2015-06-24,core,22,expanding,0.4913056492805481,0.41531795263290405
2015-06-25,core,22,expanding,0.42484134435653687,0.4742177426815033
2015-06-26,core,22,expanding,0.4286540448665619,0.4824391305446625
2015-06-29,core,22,expanding,0.5464259386062622,0.4638935923576355
2015-06-30,core,22,expanding,0.7998627424240112,0.5441848039627075
2015-07-01,core,22,expanding,0.5309773087501526,0.5686131715774536
2015-07-02,core,22,expanding,0.4229893684387207,0.4512763023376465
2015-07-03,core,22,expanding,0.49392998218536377,0.5227842926979065
2015-07-06,core,22,expanding,0.7041096687316895,0.7782235145568848
2015-07-07,core,22,expanding,1.2697807550430298,0.9132329225540161
2015-07-08,core,22,expanding,0.9289754033088684,0.9812286496162415
2015-07-09,core,22,expanding,0.9167383313179016,0.9861477017402649
2015-07-10,core,22,expanding,0.611740231513977,0.6655358672142029
2015-07-13,core,22,expanding,0.6119660139083862,0.7495614886283875
2015-07-14,core,22,expanding,0.6265580654144287,0.653913676738739
2015-07-15,core,22,expanding,0.5505884885787964,0.5761403441429138
2015-07-16,core,22,expanding,0.3883826732635498,0.5084934830665588
2015-07-17,core,22,expanding,0.8732395172119141,0.7723534107208252
2015-07-20,core,22,expanding,0.43888595700263977,0.5919175148010254
2015-07-21,core,22,expanding,0.551273763179779,0.5371201038360596
2015-07-22,core,22,expanding,0.6202547550201416,0.5631497502326965
2015-07-23,core,22,expanding,0.491554856300354,0.557057797908783
2015-07-24,core,22,expanding,0.5470408201217651,0.6220793724060059
2015-07-27,core,22,expanding,0.7153332829475403,0.5220848321914673
2015-07-28,core,22,expanding,0.8191335797309875,0.6872562170028687
2015-07-29,core,22,expanding,0.5667343139648438,0.6087694764137268
2015-07-30,core,22,expanding,0.7111479640007019,0.6728989481925964
2015-07-31,core,22,expanding,0.7327988147735596,0.6986940503120422
2015-08-03,core,22,expanding,0.47976669669151306,0.6563882231712341
2015-08-04,core,22,expanding,0.5094749331474304,0.5353773236274719
2015-08-05,core,22,expanding,0.45489972829818726,0.4975953996181488
2015-08-06,core,22,expanding,0.48685526847839355,0.6515230536460876
2015-08-07,core,22,expanding,0.43246757984161377,0.4947218894958496
2015-08-10,core,22,expanding,0.5654338598251343,0.5130949020385742
2015-08-11,core,22,expanding,0.6210647225379944,0.6985449194908142
2015-08-12,core,22,expanding,1.030524730682373,0.9121280312538147
2015-08-13,core,22,expanding,0.8043583631515503,0.7311464548110962
2015-08-17,core,22,expanding,0.5732548236846924,0.7236864566802979
2015-08-18,core,22,expanding,0.7588990330696106,0.6714688539505005
2015-08-19,core,22,expanding,1.0924136638641357,1.0320619344711304
2015-08-20,core,22,expanding,0.7815961241722107,0.8644430637359619
2015-08-21,core,22,expanding,0.913485586643219,0.9508660435676575
2015-08-24,core,22,expanding,1.8107414245605469,1.6001439094543457
2015-08-25,core,22,expanding,1.891007423400879,1.4310537576675415
2015-08-26,core,22,expanding,1.009609341621399,1.302719235420227
2015-08-27,core,22,expanding,1.056191325187683,0.8800941705703735
2015-08-28,core,22,expanding,0.5670787692070007,0.6700114607810974
2015-08-31,core,22,expanding,0.5957899689674377,0.6550164222717285
2015-09-01,core,22,expanding,0.6166712045669556,0.8080335259437561
2015-09-02,core,22,expanding,0.7860435843467712,0.8608077764511108
2015-09-03,core,22,expanding,0.6534894704818726,0.6538852453231812
2015-09-04,core,22,expanding,0.7472652196884155,0.9992722868919373
2015-09-07,core,22,expanding,0.8502557277679443,0.779302716255188
2015-09-08,core,22,expanding,0.6740726232528687,0.8165451884269714
2015-09-09,core,22,expanding,0.5720957517623901,0.5956694483757019
2015-09-10,core,22,expanding,0.7445494532585144,1.0560696125030518
2015-09-11,core,22,expanding,0.5037970542907715,0.6915948987007141
2015-09-14,core,22,expanding,0.6348397731781006,0.7333469390869141
2015-09-15,core,22,expanding,0.4543648064136505,0.5339584946632385
2015-09-16,core,22,expanding,0.5155807137489319,0.5599509477615356
2015-09-17,core,22,expanding,0.6846490502357483,0.5546993613243103
2015-09-18,core,22,expanding,0.7949346303939819,0.7584370970726013
2015-09-21,core,22,expanding,0.6791920065879822,0.69057697057724
2015-09-22,core,22,expanding,0.5056045651435852,0.5898961424827576
2015-09-23,core,22,expanding,0.6404672861099243,0.7624804377555847
2015-09-24,core,22,expanding,0.37382256984710693,0.6378926634788513
2015-09-25,core,22,expanding,0.5172438025474548,0.6311061978340149
2015-09-30,core,22,expanding,0.6400453448295593,0.8424108624458313
2015-10-01,core,22,expanding,0.6149623990058899,0.6399274468421936
2015-10-02,core,22,expanding,0.5572658777236938,0.6075519323348999
2015-10-05,core,22,expanding,0.5257948637008667,0.5789269804954529
2015-10-06,core,22,expanding,0.4681287407875061,0.4296102523803711
2015-10-07,core,22,expanding,0.39444777369499207,0.4217560589313507
2015-10-08,core,22,expanding,0.7557518482208252,0.5138013362884521
2015-10-12,core,22,expanding,0.5085365772247314,0.5158776044845581
2015-10-13,core,22,expanding,0.586496889591217,0.5068486928939819
2015-10-14,core,22,expanding,0.4226369261741638,0.5146470665931702
2015-10-15,core,22,expanding,0.5670977830886841,0.5871182680130005
2015-10-16,core,22,expanding,0.4114876687526703,0.5405352115631104
2015-10-19,core,22,expanding,0.5996501445770264,0.4623435437679291
2015-10-20,core,22,expanding,0.3483401834964752,0.45044827461242676
2015-10-21,core,22,expanding,0.5576045513153076,0.45849746465682983
2015-10-22,core,22,expanding,0.49365970492362976,0.5763330459594727
2015-10-23,core,22,expanding,0.5528826713562012,0.5085299611091614
2015-10-26,core,22,expanding,0.43214431405067444,0.4291360676288605
2015-10-27,core,22,expanding,0.4508645832538605,0.41670534014701843
2015-10-28,core,22,expanding,0.42119961977005005,0.47634157538414
2015-10-29,core,22,expanding,0.622636079788208,0.6839459538459778
2015-10-30,core,22,expanding,0.5750450491905212,0.48206526041030884
2015-11-02,core,22,expanding,0.4598056972026825,0.4127940237522125
2015-11-03,core,22,expanding,0.48481443524360657,0.4014066159725189
2015-11-04,core,22,expanding,0.4338148534297943,0.4272918403148651
2015-11-05,core,22,expanding,0.41666242480278015,0.44524040818214417
2015-11-06,core,22,expanding,0.4526447355747223,0.4856227934360504
2015-11-09,core,22,expanding,0.5359690189361572,0.4558475911617279
2015-11-10,core,22,expanding,0.5498235821723938,0.5976266860961914
2015-11-11,core,22,expanding,0.49404412508010864,0.5261933207511902
2015-11-12,core,22,expanding,0.2925664782524109,0.4742392599582672
2015-11-13,core,22,expanding,0.5260353088378906,0.43819209933280945
2015-11-16,core,22,expanding,0.3784921169281006,0.5078859925270081
2015-11-17,core,22,expanding,0.48022183775901794,0.39245110750198364
2015-11-18,core,22,expanding,0.4339947998523712,0.45021843910217285
2015-11-19,core,22,expanding,0.3673747479915619,0.42031875252723694
2015-11-20,core,22,expanding,0.39501920342445374,0.4133123755455017
2015-11-23,core,22,expanding,0.3923264741897583,0.4218834936618805
2015-11-24,core,22,expanding,0.4398990273475647,0.4170052707195282
2015-11-25,core,22,expanding,0.38424456119537354,0.42365196347236633
2015-11-26,core,22,expanding,0.45002028346061707,0.46254047751426697
2015-11-27,core,22,expanding,0.3765016496181488,0.4547528624534607
2015-11-30,core,22,expanding,0.77675861120224,0.6663134098052979
2015-12-01,core,22,expanding,0.5047942399978638,0.5146859884262085
2015-12-02,core,22,expanding,0.5016396045684814,0.5844569802284241
2015-12-03,core,22,expanding,0.4969741404056549,0.5416687726974487
2015-12-04,core,22,expanding,0.4475060999393463,0.5205500721931458
2015-12-07,core,22,expanding,0.5959428548812866,0.6260479092597961
2015-12-08,core,22,expanding,0.5530384182929993,0.5853506922721863
2015-12-09,core,22,expanding,0.4472472071647644,0.4757150411605835
2015-12-10,core,22,expanding,0.5514376163482666,0.4939837157726288
2015-12-11,core,22,expanding,0.5657858848571777,0.5467458367347717
2015-12-14,core,22,expanding,0.6382663249969482,0.45684632658958435
2015-12-15,core,22,expanding,0.4423730671405792,0.44866007566452026
2015-12-16,core,22,expanding,0.5684499144554138,0.46490684151649475
2015-12-17,core,22,expanding,0.6654296517372131,0.5683619379997253
2015-12-18,core,22,expanding,0.4742800295352936,0.6335428357124329
2015-12-21,core,22,expanding,0.7907233238220215,0.5553563237190247
2015-12-22,core,22,expanding,0.42739760875701904,0.5447385907173157
2015-12-23,core,22,expanding,0.5328471064567566,0.49347150325775146
2015-12-24,core,22,expanding,0.5478258728981018,0.5653089284896851
2015-12-28,core,22,expanding,0.5731691122055054,0.6342604756355286
2015-12-29,core,22,expanding,0.7126877307891846,0.603971540927887
2015-12-30,core,22,expanding,0.6194665431976318,0.5711397528648376
2016-01-04,core,22,expanding,0.5971526503562927,0.8820325136184692
2016-01-05,core,22,expanding,0.8341756463050842,0.6457866430282593
2016-01-06,core,22,expanding,0.827961266040802,0.7354190349578857
2016-01-07,core,22,expanding,0.8403118848800659,0.7411321401596069
2016-01-08,core,22,expanding,0.7863641381263733,0.8109192848205566
2016-01-11,core,22,expanding,0.5864095091819763,0.6618523597717285
2016-01-12,core,22,expanding,0.6484348177909851,0.6859896183013916
2016-01-13,core,22,expanding,0.48391592502593994,0.5160106420516968
2016-01-14,core,22,expanding,0.6671492457389832,0.607943058013916
2016-01-15,core,22,expanding,0.7676946520805359,0.9470546245574951
2016-01-18,core,22,expanding,0.8122838735580444,0.8022688627243042
2016-01-19,core,22,expanding,0.8090116381645203,0.6774547696113586
2016-01-20,core,22,expanding,1.0479549169540405,1.2071155309677124
2016-01-21,core,22,expanding,1.205014705657959,0.8882074356079102
2016-01-22,core,22,expanding,0.7616474628448486,0.6776801943778992
2016-01-25,core,22,expanding,0.5861504673957825,0.689630389213562
2016-01-26,core,22,expanding,0.7507466673851013,0.6943073272705078
2016-01-27,core,22,expanding,0.7746183276176453,0.5847789645195007
2016-01-28,core,22,expanding,0.644676685333252,0.7916076183319092
2016-01-29,core,22,expanding,0.7635522484779358,0.7150295972824097
2016-02-01,core,22,expanding,0.6537827253341675,0.49819260835647583
2016-02-02,core,22,expanding,0.5287193059921265,0.620824933052063
2016-02-03,core,22,expanding,0.5112442970275879,0.5700057744979858
2016-02-04,core,22,expanding,0.5086356401443481,0.5905650854110718
2016-02-05,core,22,expanding,0.44628632068634033,0.5328713059425354
2016-02-11,core,22,expanding,0.5768443942070007,0.8321247100830078
2016-02-12,core,22,expanding,1.0966845750808716,1.0295964479446411
2016-02-15,core,22,expanding,0.6655523180961609,0.681641161441803
2016-02-16,core,22,expanding,0.5263670086860657,0.6646547317504883
2016-02-17,core,22,expanding,0.6321166753768921,0.5737197399139404
2016-02-18,core,22,expanding,0.5344269275665283,0.47508180141448975
2016-02-19,core,22,expanding,0.6108593940734863,0.5267820358276367
2016-02-22,core,22,expanding,0.6567795276641846,0.5360832214355469
2016-02-23,core,22,expanding,0.4500275254249573,0.5721427798271179
2016-02-24,core,22,expanding,0.4910758137702942,0.508306086063385
2016-02-25,core,22,expanding,0.5941933989524841,0.610262393951416
2016-02-26,core,22,expanding,0.49938222765922546,0.4926883578300476
2016-02-29,core,22,expanding,0.5406876802444458,0.4770059585571289
2016-03-02,core,22,expanding,0.2869389057159424,0.34224724769592285
2016-03-03,core,22,expanding,0.4515115022659302,0.4096998870372772
2016-03-04,core,22,expanding,0.34754514694213867,0.42382559180259705
2016-03-07,core,22,expanding,0.38610929250717163,0.38035663962364197
2016-03-08,core,22,expanding,0.5109075307846069,0.5312190055847168
2016-03-09,core,22,expanding,0.4684336483478546,0.4372529983520508
2016-03-10,core,22,expanding,0.5960626602172852,0.523081362247467
2016-03-11,core,22,expanding,0.38524356484413147,0.4232203960418701
2016-03-14,core,22,expanding,0.472689151763916,0.47686776518821716
2016-03-15,core,22,expanding,0.5844775438308716,0.4415275752544403
2016-03-16,core,22,expanding,0.36076459288597107,0.4190923571586609
2016-03-17,core,22,expanding,0.5493733286857605,0.4393012523651123
2016-03-18,core,22,expanding,0.514701783657074,0.4191584587097168
2016-03-21,core,22,expanding,0.6299734115600586,0.5600496530532837
2016-03-22,core,22,expanding,0.40758660435676575,0.4291323125362396
2016-03-23,core,22,expanding,0.4620220959186554,0.43750035762786865
2016-03-24,core,22,expanding,0.44202202558517456,0.4302009344100952
2016-03-25,core,22,expanding,0.4707092046737671,0.4151439368724823
2016-03-28,core,22,expanding,0.5012863278388977,0.4739154875278473
2016-03-29,core,22,expanding,0.4685851037502289,0.4127087891101837
2016-03-30,core,22,expanding,0.36516067385673523,0.38468998670578003
2016-03-31,core,22,expanding,0.4844370186328888,0.5431440472602844
2016-04-01,core,22,expanding,0.5656841993331909,0.580572247505188
2016-04-04,core,22,expanding,0.45881667733192444,0.45374539494514465
2016-04-05,core,22,expanding,0.48541948199272156,0.4687550365924835
2016-04-06,core,22,expanding,0.4659120738506317,0.43032586574554443
2016-04-07,core,22,expanding,0.418339341878891,0.4698299765586853
2016-04-08,core,22,expanding,0.44521573185920715,0.5286390781402588
2016-04-11,core,22,expanding,0.5284186005592346,0.4389464557170868
2016-04-12,core,22,expanding,0.4133034646511078,0.4204447269439697
2016-04-14,core,22,expanding,0.37102898955345154,0.3837062418460846
2016-04-15,core,22,expanding,0.492991179227829,0.3978891670703888
2016-04-18,core,22,expanding,0.4383454918861389,0.41926059126853943
2016-04-19,core,22,expanding,0.374129056930542,0.4425623416900635
2016-04-20,core,22,expanding,0.4582022428512573,0.4771216809749603
2016-04-21,core,22,expanding,0.5073131322860718,0.4105999171733856
2016-04-22,core,22,expanding,0.372315913438797,0.40765810012817383
2016-04-25,core,22,expanding,0.45905885100364685,0.418518602848053
2016-04-26,core,22,expanding,0.4176401197910309,0.3929603099822998
2016-04-27,core,22,expanding,0.3585694134235382,0.3697386682033539
2016-04-28,core,22,expanding,0.5591790676116943,0.5353343486785889
2016-04-29,core,22,expanding,0.41373196244239807,0.5074610710144043
2016-05-02,core,22,expanding,0.395393967628479,0.46421441435813904
2016-05-03,core,22,expanding,0.3977465033531189,0.40841370820999146
2016-05-04,core,22,expanding,0.4853549897670746,0.4462933838367462
2016-05-09,core,22,expanding,0.4032474756240845,0.45362991094589233
2016-05-10,core,22,expanding,0.4118826687335968,0.40307798981666565
2016-05-11,core,22,expanding,0.47250455617904663,0.5035669207572937
2016-05-12,core,22,expanding,0.41253337264060974,0.4360951781272888
2016-05-13,core,22,expanding,0.4126606285572052,0.5017567873001099
2016-05-16,core,22,expanding,0.36135241389274597,0.4291656017303467
2016-05-17,core,22,expanding,0.43525105714797974,0.43497681617736816
2016-05-18,core,22,expanding,0.5473780632019043,0.49312031269073486
2016-05-19,core,22,expanding,0.4263787567615509,0.44951528310775757
2016-05-20,core,22,expanding,0.5121537446975708,0.43959128856658936
2016-05-23,core,22,expanding,0.4966755509376526,0.5016851425170898
2016-05-24,core,22,expanding,0.4525127708911896,0.44737163186073303
2016-05-25,core,22,expanding,0.4282867908477783,0.4088928997516632
2016-05-26,core,22,expanding,0.33992865681648254,0.45523542165756226
2016-05-27,core,22,expanding,0.4404038190841675,0.39500847458839417
2016-05-30,core,22,expanding,0.5152261257171631,0.47501006722450256
2016-05-31,core,22,expanding,0.5352246165275574,0.5593269467353821
2016-06-01,core,22,expanding,0.39433151483535767,0.43348434567451477
2016-06-02,core,22,expanding,0.4378691017627716,0.4323851466178894
2016-06-03,core,22,expanding,0.4212263524532318,0.4478788673877716
2016-06-07,core,22,expanding,0.3437769412994385,0.3969751298427582
2016-06-08,core,22,expanding,0.37671083211898804,0.45307299494743347
2016-06-09,core,22,expanding,0.559777557849884,0.5759459137916565
2016-06-10,core,22,expanding,0.43520233035087585,0.43109622597694397
2016-06-13,core,22,expanding,0.537301242351532,0.6240508556365967
2016-06-14,core,22,expanding,0.5733725428581238,0.5376067161560059
2016-06-15,core,22,expanding,0.5749960541725159,0.517063558101654
2016-06-16,core,22,expanding,0.5300096869468689,0.6645622253417969
2016-06-17,core,22,expanding,0.6058186888694763,0.6095646023750305
2016-06-20,core,22,expanding,0.4642663300037384,0.42769911885261536
2016-06-21,core,22,expanding,0.35876232385635376,0.4466836154460907
2016-06-22,core,22,expanding,0.5767984986305237,0.45787522196769714
2016-06-23,core,22,expanding,0.402029812335968,0.4700089991092682
2016-06-24,core,22,expanding,2.788322687149048,2.1985816955566406
2016-06-27,core,22,expanding,1.034140944480896,1.0989106893539429
2016-06-28,core,22,expanding,0.7380942702293396,0.8900733590126038
2016-06-29,core,22,expanding,0.5193604826927185,0.7886980772018433
2016-06-30,core,22,expanding,0.5643467903137207,0.5525922179222107
2016-07-01,core,22,expanding,0.4522205591201782,0.5836186408996582
2016-07-04,core,22,expanding,0.3854312300682068,0.4419677257537842
2016-07-05,core,22,expanding,0.3997217118740082,0.4069390892982483
2016-07-06,core,22,expanding,0.5960612297058105,0.7230756282806396
2016-07-07,core,22,expanding,0.5472270846366882,0.5972028374671936
2016-07-08,core,22,expanding,0.5943859219551086,0.6524431109428406
2016-07-11,core,22,expanding,0.3738720417022705,0.4111458361148834
2016-07-12,core,22,expanding,0.4411260783672333,0.42916610836982727
2016-07-13,core,22,expanding,0.40022996068000793,0.508573055267334
2016-07-15,core,22,expanding,0.5734888911247253,0.41974490880966187
2016-07-18,core,22,expanding,0.45555323362350464,0.4087720811367035
2016-07-19,core,22,expanding,0.5123692154884338,0.41876786947250366
2016-07-20,core,22,expanding,0.3882330656051636,0.44695305824279785
2016-07-21,core,22,expanding,0.333816260099411,0.478569358587265
2016-07-22,core,22,expanding,0.4474579691886902,0.44726336002349854
2016-07-25,core,22,expanding,0.44980382919311523,0.44832736253738403
2016-07-26,core,22,expanding,0.4489387273788452,0.44571325182914734
2016-07-27,core,22,expanding,0.37105149030685425,0.3845933973789215
2016-07-28,core,22,expanding,0.5451065897941589,0.46261343359947205
2016-07-29,core,22,expanding,0.5288648009300232,0.47522982954978943
2016-08-01,core,22,expanding,0.29450538754463196,0.33264103531837463
2016-08-02,core,22,expanding,0.3788467049598694,0.3761324882507324
2016-08-03,core,22,expanding,0.552486777305603,0.4201129376888275
2016-08-04,core,22,expanding,0.41807785630226135,0.44423702359199524
2016-08-05,core,22,expanding,0.3396601974964142,0.4343288838863373
2016-08-08,core,22,expanding,0.4925582706928253,0.385387659072876
2016-08-09,core,22,expanding,0.3806397020816803,0.4089578092098236
2016-08-10,core,22,expanding,0.40805959701538086,0.4093961715698242
2016-08-11,core,22,expanding,0.38086724281311035,0.43736782670021057
2016-08-12,core,22,expanding,0.544255793094635,0.4604208171367645
2016-08-16,core,22,expanding,0.4109286367893219,0.4296345114707947
2016-08-17,core,22,expanding,0.5161452889442444,0.45140719413757324
2016-08-18,core,22,expanding,0.3746240735054016,0.42848846316337585
2016-08-19,core,22,expanding,0.45526814460754395,0.42320892214775085
2016-08-22,core,22,expanding,0.4890393614768982,0.41306355595588684
2016-08-23,core,22,expanding,0.32089120149612427,0.37110933661460876
2016-08-24,core,22,expanding,0.4049590229988098,0.43444859981536865
2016-08-25,core,22,expanding,0.4286780059337616,0.41347289085388184
2016-08-26,core,22,expanding,0.41396236419677734,0.4446161687374115
2016-08-29,core,22,expanding,0.43334048986434937,0.4143182933330536
2016-08-30,core,22,expanding,0.41363251209259033,0.4055623710155487
2016-08-31,core,22,expanding,0.3995174169540405,0.4351331889629364
2016-09-01,core,22,expanding,0.4889982342720032,0.46408915519714355
2016-09-02,core,22,expanding,0.4096669852733612,0.3951447010040283
2016-09-05,core,22,expanding,0.33930066227912903,0.3810744881629944
2016-09-06,core,22,expanding,0.35865887999534607,0.37697798013687134
2016-09-07,core,22,expanding,0.3352207541465759,0.41354498267173767
2016-09-08,core,22,expanding,0.486532598733902,0.4478622078895569
2016-09-09,core,22,expanding,0.487968385219574,0.5021222233772278
2016-09-12,core,22,expanding,0.7066115736961365,0.5754804611206055
2016-09-13,core,22,expanding,0.4959750473499298,0.4938485026359558
2016-09-19,core,22,expanding,0.4720558226108551,0.5827053785324097
2016-09-20,core,22,expanding,0.41855132579803467,0.44788169860839844
2016-09-21,core,22,expanding,0.39217838644981384,0.42304396629333496
2016-09-22,core,22,expanding,0.34853488206863403,0.40172451734542847
2016-09-23,core,22,expanding,0.4052455425262451,0.3816223442554474
2016-09-26,core,22,expanding,0.38349801301956177,0.48333728313446045
2016-09-27,core,22,expanding,0.6346507668495178,0.6268829107284546
2016-09-28,core,22,expanding,0.3572641611099243,0.4355219602584839
2016-09-29,core,22,expanding,0.2972954511642456,0.3727436065673828
2016-09-30,core,22,expanding,0.4687764644622803,0.44517338275909424
2016-10-04,core,22,expanding,0.3784458041191101,0.3441839814186096
2016-10-05,core,22,expanding,0.36899101734161377,0.47695398330688477
2016-10-06,core,22,expanding,0.38234251737594604,0.3971186876296997
2016-10-07,core,22,expanding,0.31698453426361084,0.4393906593322754
2016-10-10,core,22,expanding,0.6045507788658142,0.487030565738678
2016-10-11,core,22,expanding,0.5978912115097046,0.5933717489242554
2016-10-12,core,22,expanding,0.5575114488601685,0.44576573371887207
2016-10-13,core,22,expanding,0.4480880796909332,0.5629011392593384
2016-10-14,core,22,expanding,0.47312167286872864,0.40309709310531616
2016-10-17,core,22,expanding,0.6864456534385681,0.5599398612976074
2016-10-18,core,22,expanding,0.41889598965644836,0.4300069808959961
2016-10-19,core,22,expanding,0.45984432101249695,0.43071043491363525
2016-10-20,core,22,expanding,0.3565676212310791,0.41323429346084595
2016-10-21,core,22,expanding,0.47723594307899475,0.41475051641464233
2016-10-24,core,22,expanding,0.3748207688331604,0.3888487219810486
2016-10-25,core,22,expanding,0.414034903049469,0.41595959663391113
2016-10-26,core,22,expanding,0.5388523936271667,0.5344812870025635
2016-10-27,core,22,expanding,0.43967705965042114,0.4318094849586487
2016-10-28,core,22,expanding,0.38259339332580566,0.45998063683509827
2016-10-31,core,22,expanding,0.4407724440097809,0.3787907361984253
2016-11-01,core,22,expanding,0.5630472302436829,0.514479398727417
2016-11-02,core,22,expanding,0.4822586178779602,0.5221663117408752
2016-11-03,core,22,expanding,0.662481427192688,0.517915666103363
2016-11-04,core,22,expanding,0.502519428730011,0.47650885581970215
2016-11-07,core,22,expanding,0.5293087363243103,0.3811616003513336
2016-11-08,core,22,expanding,0.44146257638931274,0.473440021276474
2016-11-09,core,22,expanding,2.031196117401123,1.5274537801742554
2016-11-10,core,22,expanding,0.4683784544467926,0.63772052526474
2016-11-11,core,22,expanding,0.4850463569164276,0.5834487080574036
2016-11-14,core,22,expanding,0.4617539048194885,0.6079021692276001
2016-11-15,core,22,expanding,0.4892215430736542,0.459637314081192
2016-11-16,core,22,expanding,0.3855117857456207,0.39825960993766785
2016-11-17,core,22,expanding,0.544481635093689,0.48022615909576416
2016-11-18,core,22,expanding,0.4159238040447235,0.46776777505874634
2016-11-21,core,22,expanding,0.4269825220108032,0.4832896888256073
2016-11-22,core,22,expanding,0.3607238233089447,0.4349571764469147
2016-11-23,core,22,expanding,0.38413357734680176,0.46115073561668396
2016-11-24,core,22,expanding,0.5426248908042908,0.5414472222328186
2016-11-25,core,22,expanding,0.5210960507392883,0.3894299268722534
2016-11-28,core,22,expanding,0.6419535875320435,0.5858832001686096
2016-11-29,core,22,expanding,0.43888428807258606,0.39350491762161255
2016-11-30,core,22,expanding,0.47073471546173096,0.4067792296409607
2016-12-01,core,22,expanding,0.43158137798309326,0.4421452581882477
2016-12-02,core,22,expanding,0.4526858329772949,0.5105021595954895
2016-12-05,core,22,expanding,0.512457549571991,0.4256366491317749
2016-12-06,core,22,expanding,0.4635397791862488,0.3988637328147888
2016-12-07,core,22,expanding,0.29642391204833984,0.39356809854507446
2016-12-08,core,22,expanding,0.37522199749946594,0.46498903632164
2016-12-09,core,22,expanding,0.36048391461372375,0.3561418652534485
2016-12-12,core,22,expanding,0.34406453371047974,0.428847074508667
2016-12-13,core,22,expanding,0.3154897391796112,0.3885045647621155
2016-12-14,core,22,expanding,0.3781759738922119,0.40265339612960815
2016-12-15,core,22,expanding,0.41790086030960083,0.48762479424476624
2016-12-16,core,22,expanding,0.41122961044311523,0.39998865127563477
2016-12-19,core,22,expanding,0.3391853868961334,0.411838561296463
2016-12-20,core,22,expanding,0.29216131567955017,0.34820252656936646
2016-12-21,core,22,expanding,0.334764689207077,0.4058245122432709
2016-12-22,core,22,expanding,0.3272645175457001,0.382371187210083
2016-12-23,core,22,expanding,0.3538975417613983,0.3570726215839386
2016-12-26,core,22,expanding,0.32329481840133667,0.345754474401474
2016-12-27,core,22,expanding,0.272219181060791,0.3373519480228424
2016-12-28,core,22,expanding,0.34114155173301697,0.3225634694099426
2016-12-29,core,22,expanding,0.40297144651412964,0.35505667328834534
2017-01-02,core,22,expanding,0.5362111330032349,0.41772082448005676
2017-01-03,core,22,expanding,0.3811582326889038,0.3315408527851105
2017-01-04,core,22,expanding,0.35621893405914307,0.32069310545921326
2017-01-05,core,22,expanding,0.4122718572616577,0.3497486412525177
2017-01-06,core,22,expanding,0.2692461907863617,0.3618963062763214
2017-01-09,core,22,expanding,0.33090683817863464,0.3405095636844635
2017-01-10,core,22,expanding,0.3025251030921936,0.359862744808197
2017-01-11,core,22,expanding,0.4850543439388275,0.4550796449184418
2017-01-12,core,22,expanding,0.39794284105300903,0.36787623167037964
2017-01-13,core,22,expanding,0.3050763010978699,0.3757505714893341
2017-01-16,core,22,expanding,0.554183840751648,0.49168771505355835
2017-01-17,core,22,expanding,0.4342271387577057,0.3899434208869934
2017-01-18,core,22,expanding,0.5064728856086731,0.417976438999176
2017-01-19,core,22,expanding,0.5864657163619995,0.5260128974914551
2017-01-20,core,22,expanding,0.399058073759079,0.42155787348747253
2017-01-23,core,22,expanding,0.6310766339302063,0.48897916078567505
2017-01-24,core,22,expanding,0.4107262194156647,0.45661768317222595
2017-01-25,core,22,expanding,0.43899965286254883,0.41411325335502625
2017-01-26,core,22,expanding,0.5121884346008301,0.4498785436153412
2017-01-31,core,22,expanding,0.34641507267951965,0.42968234419822693
2017-02-01,core,22,expanding,0.29706376791000366,0.34609314799308777
2017-02-02,core,22,expanding,0.4797191619873047,0.5487985014915466
2017-02-03,core,22,expanding,0.4843594431877136,0.48151087760925293
2017-02-06,core,22,expanding,0.49512171745300293,0.48479127883911133
2017-02-07,core,22,expanding,0.44516363739967346,0.3804338574409485
2017-02-08,core,22,expanding,0.5552886724472046,0.484556645154953
2017-02-09,core,22,expanding,0.4637604355812073,0.4142506420612335
2017-02-10,core,22,expanding,0.40003085136413574,0.4104350507259369
2017-02-13,core,22,expanding,0.4178161919116974,0.3883873224258423
2017-02-14,core,22,expanding,0.37659692764282227,0.44582459330558777
2017-02-15,core,22,expanding,0.44485363364219666,0.4120227098464966
2017-02-16,core,22,expanding,0.44746261835098267,0.4322929084300995
2017-02-17,core,22,expanding,0.4090682864189148,0.39758673310279846
2017-02-20,core,22,expanding,0.40149304270744324,0.3921128213405609
2017-02-21,core,22,expanding,0.48444274067878723,0.4613327383995056
2017-02-22,core,22,expanding,0.2922796308994293,0.3317103683948517
2017-02-23,core,22,expanding,0.2835371196269989,0.3402993083000183
2017-02-24,core,22,expanding,0.5001797080039978,0.4180605709552765
2017-02-27,core,22,expanding,0.448170006275177,0.4443742036819458
2017-02-28,core,22,expanding,0.28582513332366943,0.37917253375053406
2017-03-02,core,22,expanding,0.403780460357666,0.4143156409263611
2017-03-03,core,22,expanding,0.4761636257171631,0.4722408950328827
2017-03-06,core,22,expanding,0.45274069905281067,0.47644665837287903
2017-03-07,core,22,expanding,0.454906165599823,0.4233795404434204
2017-03-08,core,22,expanding,0.4695712625980377,0.38668930530548096
2017-03-09,core,22,expanding,0.3678620159626007,0.3818335235118866
2017-03-10,core,22,expanding,0.8348907828330994,0.4934852123260498
2017-03-13,core,22,expanding,0.3344626724720001,0.4979870021343231
2017-03-14,core,22,expanding,0.3290415406227112,0.37251409888267517
2017-03-15,core,22,expanding,0.3996914327144623,0.359662264585495
2017-03-16,core,22,expanding,0.36488044261932373,0.37199199199676514
2017-03-17,core,22,expanding,0.3538791835308075,0.43010833859443665
2017-03-20,core,22,expanding,0.29441580176353455,0.3722434937953949
2017-03-21,core,22,expanding,0.45589473843574524,0.45193248987197876
2017-03-22,core,22,expanding,0.44596022367477417,0.3754236102104187
2017-03-23,core,22,expanding,0.4587595462799072,0.4066753089427948
2017-03-24,core,22,expanding,0.40535441040992737,0.4588537812232971
2017-03-27,core,22,expanding,0.46149203181266785,0.39119505882263184
2017-03-28,core,22,expanding,0.30706986784935,0.39769235253334045
2017-03-29,core,22,expanding,0.3579792380332947,0.34074971079826355
2017-03-30,core,22,expanding,0.40555718541145325,0.4186612069606781
2017-03-31,core,22,expanding,0.42133429646492004,0.34525880217552185
2017-04-03,core,22,expanding,0.31691494584083557,0.39112064242362976
2017-04-04,core,22,expanding,0.3267665505409241,0.37146228551864624
2017-04-05,core,22,expanding,0.4055105447769165,0.3933691084384918
2017-04-06,core,22,expanding,0.4142727851867676,0.39511388540267944
2017-04-07,core,22,expanding,0.396636962890625,0.4102689325809479
2017-04-10,core,22,expanding,0.4985138177871704,0.45652949810028076
2017-04-11,core,22,expanding,0.41371098160743713,0.45753276348114014
2017-04-12,core,22,expanding,0.3108467161655426,0.3048225939273834
2017-04-13,core,22,expanding,0.3763311505317688,0.4505719840526581
2017-04-14,core,22,expanding,0.3521896004676819,0.3985954225063324
2017-04-17,core,22,expanding,0.4537147283554077,0.3841654062271118
2017-04-18,core,22,expanding,0.3838139772415161,0.43538665771484375
2017-04-19,core,22,expanding,0.4793110191822052,0.38984715938568115
2017-04-20,core,22,expanding,0.39942237734794617,0.43900853395462036
2017-04-21,core,22,expanding,0.33379459381103516,0.38455498218536377
2017-04-24,core,22,expanding,0.32348567247390747,0.38342002034187317
2017-04-25,core,22,expanding,0.3326416015625,0.4477507770061493
2017-04-26,core,22,expanding,0.36705443263053894,0.3251556158065796
2017-04-27,core,22,expanding,0.38127684593200684,0.35237497091293335
2017-04-28,core,22,expanding,0.45892342925071716,0.41102105379104614
2017-05-02,core,22,expanding,0.4651040732860565,0.38034361600875854
2017-05-04,core,22,expanding,0.4670998156070709,0.3909050226211548
2017-05-08,core,22,expanding,0.5023996829986572,0.7736455798149109
2017-05-10,core,22,expanding,1.3575698137283325,1.0123766660690308
2017-05-11,core,22,expanding,0.5965863466262817,0.6452261209487915
2017-05-12,core,22,expanding,0.5656135678291321,0.5523414015769958
2017-05-15,core,22,expanding,0.634263813495636,0.5234746932983398
2017-05-16,core,22,expanding,0.4776983857154846,0.596377432346344
2017-05-17,core,22,expanding,0.4327576458454132,0.47766727209091187
2017-05-18,core,22,expanding,0.5550051927566528,0.5275542736053467
2017-05-19,core,22,expanding,0.4121522009372711,0.4731445908546448
2017-05-22,core,22,expanding,0.41639402508735657,0.4106472134590149
2017-05-23,core,22,expanding,0.5663682818412781,0.5429866909980774
2017-05-24,core,22,expanding,0.3641628623008728,0.38553717732429504
2017-05-25,core,22,expanding,0.4859538674354553,0.4835461676120758
2017-05-26,core,22,expanding,0.6024408936500549,0.5161422491073608
2017-05-29,core,22,expanding,0.5848068594932556,0.6481428742408752
2017-05-30,core,22,expanding,0.6690707206726074,0.5895240306854248
2017-05-31,core,22,expanding,0.5245350003242493,0.475456565618515
2017-06-01,core,22,expanding,0.547748327255249,0.4945547878742218
2017-06-02,core,22,expanding,0.39423274993896484,0.46747463941574097
2017-06-05,core,22,expanding,0.4406999945640564,0.4323638677597046
2017-06-07,core,22,expanding,0.4533504545688629,0.4719511568546295
2017-06-08,core,22,expanding,0.4619888961315155,0.4450526535511017
2017-06-09,core,22,expanding,0.4875996708869934,0.4472897946834564
2017-06-12,core,22,expanding,0.4898459017276764,0.47647765278816223
2017-06-13,core,22,expanding,0.5139743089675903,0.4355958104133606
2017-06-14,core,22,expanding,0.4065175950527191,0.4874819815158844
2017-06-15,core,22,expanding,0.49458447098731995,0.5681087374687195
2017-06-16,core,22,expanding,0.39952757954597473,0.4137747883796692
2017-06-19,core,22,expanding,0.4766964316368103,0.48602885007858276
2017-06-20,core,22,expanding,0.4700855314731598,0.44811680912971497
2017-06-21,core,22,expanding,0.5288240313529968,0.42945554852485657
2017-06-22,core,22,expanding,0.48889878392219543,0.4168035686016083
2017-06-23,core,22,expanding,0.4326210916042328,0.3936852812767029
2017-06-26,core,22,expanding,0.451625257730484,0.38432860374450684
2017-06-27,core,22,expanding,0.3175649344921112,0.40627405047416687
2017-06-28,core,22,expanding,0.2789894938468933,0.36884400248527527
2017-06-29,core,22,expanding,0.37794366478919983,0.33381542563438416
2017-06-30,core,22,expanding,0.31901177763938904,0.38277333974838257
2017-07-03,core,22,expanding,0.28878849744796753,0.41140827536582947
2017-07-04,core,22,expanding,0.44413769245147705,0.40916186571121216
2017-07-05,core,22,expanding,0.34599557518959045,0.3670442998409271
2017-07-06,core,22,expanding,0.30942437052726746,0.38287487626075745
2017-07-07,core,22,expanding,0.3653504252433777,0.3729136884212494
2017-07-10,core,22,expanding,0.38317054510116577,0.40499386191368103
2017-07-11,core,22,expanding,0.3333434462547302,0.35446760058403015
2017-07-12,core,22,expanding,0.31456929445266724,0.3284364342689514
2017-07-13,core,22,expanding,0.3232078552246094,0.37438881397247314
2017-07-14,core,22,expanding,0.35490643978118896,0.3548654317855835
2017-07-17,core,22,expanding,0.3485756814479828,0.35230401158332825
2017-07-18,core,22,expanding,0.30876806378364563,0.3224540054798126
2017-07-19,core,22,expanding,0.3411209285259247,0.32634493708610535
2017-07-20,core,22,expanding,0.33308032155036926,0.34318310022354126
2017-07-21,core,22,expanding,0.27601122856140137,0.36554354429244995
2017-07-24,core,22,expanding,0.2891245484352112,0.35211849212646484
2017-07-25,core,22,expanding,0.3574759066104889,0.3610724210739136
2017-07-26,core,22,expanding,0.477644681930542,0.3904189467430115
2017-07-27,core,22,expanding,0.36459261178970337,0.35399532318115234
2017-07-28,core,22,expanding,0.5547059774398804,0.5521987676620483
2017-07-31,core,22,expanding,0.4498039186000824,0.492012083530426
2017-08-01,core,22,expanding,0.5999972820281982,0.5906686782836914
2017-08-02,core,22,expanding,0.3336281180381775,0.35795342922210693
2017-08-03,core,22,expanding,0.8568978309631348,0.7470779418945312
2017-08-04,core,22,expanding,0.6797276735305786,0.5105046033859253
2017-08-07,core,22,expanding,0.4757724702358246,0.543543815612793
2017-08-08,core,22,expanding,0.7355775833129883,0.5700769424438477
2017-08-09,core,22,expanding,0.5036802291870117,0.5602284073829651
2017-08-10,core,22,expanding,0.7819429636001587,0.6719803810119629
2017-08-11,core,22,expanding,0.7780951857566833,0.6882922053337097
2017-08-14,core,22,expanding,0.5049801468849182,0.5185231566429138
2017-08-16,core,22,expanding,0.40589043498039246,0.516389787197113
2017-08-17,core,22,expanding,0.43839991092681885,0.4715173542499542
2017-08-18,core,22,expanding,0.42694488167762756,0.5766658186912537
2017-08-21,core,22,expanding,0.32942408323287964,0.39708212018013
2017-08-22,core,22,expanding,0.4816819131374359,0.3439459800720215
2017-08-23,core,22,expanding,0.3237645924091339,0.4470817446708679
2017-08-24,core,22,expanding,0.37980905175209045,0.3957347869873047
2017-08-25,core,22,expanding,0.5327320694923401,0.37934815883636475
2017-08-28,core,22,expanding,0.4839652180671692,0.4658961892127991
2017-08-29,core,22,expanding,0.5552597641944885,0.5803380012512207
2017-08-30,core,22,expanding,0.30590230226516724,0.3595410883426666
2017-08-31,core,22,expanding,0.4210151433944702,0.5118052959442139
2017-09-01,core,22,expanding,0.4371987283229828,0.46803563833236694
2017-09-04,core,22,expanding,0.8057117462158203,0.5289409160614014
2017-09-05,core,22,expanding,0.4832267165184021,0.5216546058654785
2017-09-06,core,22,expanding,0.387468546628952,0.42311084270477295
2017-09-07,core,22,expanding,0.41732683777809143,0.4841792583465576
2017-09-08,core,22,expanding,0.3341091275215149,0.42058414220809937
2017-09-11,core,22,expanding,0.42732951045036316,0.4019336700439453
2017-09-12,core,22,expanding,0.3838713765144348,0.3905157446861267
2017-09-13,core,22,expanding,0.5327839851379395,0.38303783535957336
2017-09-14,core,22,expanding,0.5249361991882324,0.4504024386405945
2017-09-15,core,22,expanding,0.46454814076423645,0.5013894438743591
2017-09-18,core,22,expanding,0.4346604645252228,0.4819018840789795
2017-09-19,core,22,expanding,0.38876596093177795,0.4112480580806732
2017-09-20,core,22,expanding,0.4890798032283783,0.5310137271881104
2017-09-21,core,22,expanding,0.4668387770652771,0.4255656599998474
2017-09-22,core,22,expanding,0.5842754244804382,0.5418249368667603
2017-09-25,core,22,expanding,0.3792308568954468,0.511096179485321
2017-09-26,core,22,expanding,0.5259583592414856,0.46388694643974304
2017-09-27,core,22,expanding,0.42178651690483093,0.3853362202644348
2017-09-28,core,22,expanding,0.4714265763759613,0.42283907532691956
2017-09-29,core,22,expanding,0.44898203015327454,0.3922707438468933
2017-10-10,core,22,expanding,0.3712421655654907,0.3742484450340271
2017-10-11,core,22,expanding,0.4241727888584137,0.3877321481704712
2017-10-12,core,22,expanding,0.46717745065689087,0.41261932253837585
2017-10-13,core,22,expanding,0.4469658434391022,0.41154932975769043
2017-10-16,core,22,expanding,0.4105474650859833,0.45011621713638306
2017-10-17,core,22,expanding,0.33732888102531433,0.3559066653251648
2017-10-18,core,22,expanding,0.4654833674430847,0.4052714705467224
2017-10-19,core,22,expanding,0.4284844398498535,0.5046508312225342
2017-10-20,core,22,expanding,0.3624798655509949,0.37867268919944763
2017-10-23,core,22,expanding,0.40933284163475037,0.4446139633655548
2017-10-24,core,22,expanding,0.33711370825767517,0.37259742617607117
2017-10-25,core,22,expanding,0.5181344151496887,0.40064212679862976
2017-10-26,core,22,expanding,0.3753145635128021,0.42617368698120117
2017-10-27,core,22,expanding,0.3487517535686493,0.4326225221157074
2017-10-30,core,22,expanding,0.37329038977622986,0.4425746500492096
2017-10-31,core,22,expanding,0.4223342537879944,0.5098291039466858
2017-11-01,core,22,expanding,0.446273535490036,0.38592272996902466
2017-11-02,core,22,expanding,0.3713180422782898,0.45005956292152405
2017-11-03,core,22,expanding,0.48038730025291443,0.439827024936676
2017-11-06,core,22,expanding,0.5408088564872742,0.5573623180389404
2017-11-07,core,22,expanding,0.5429577231407166,0.42254388332366943
2017-11-08,core,22,expanding,0.5505063533782959,0.45928022265434265
2017-11-09,core,22,expanding,0.5736576318740845,0.5047959089279175
2017-11-10,core,22,expanding,0.4346510171890259,0.43712517619132996
2017-11-13,core,22,expanding,0.4951433837413788,0.5377517938613892
2017-11-14,core,22,expanding,0.46313270926475525,0.40761056542396545
2017-11-15,core,22,expanding,0.5259316563606262,0.420597642660141
2017-11-16,core,22,expanding,0.46143925189971924,0.48448970913887024
2017-11-17,core,22,expanding,0.6370275020599365,0.5452702045440674
2017-11-20,core,22,expanding,0.421930730342865,0.504888117313385
2017-11-21,core,22,expanding,0.4664672017097473,0.4057731628417969
2017-11-22,core,22,expanding,0.4917849600315094,0.40218719840049744
2017-11-23,core,22,expanding,0.33769702911376953,0.4196833372116089
2017-11-24,core,22,expanding,0.30684664845466614,0.37120315432548523
2017-11-27,core,22,expanding,0.6317434310913086,0.6158660650253296
2017-11-28,core,22,expanding,0.5156184434890747,0.4598126709461212
2017-11-29,core,22,expanding,0.5209071040153503,0.4392548203468323
2017-11-30,core,22,expanding,0.6702991127967834,0.6255072355270386
2017-12-01,core,22,expanding,0.5584040880203247,0.4907597005367279
2017-12-04,core,22,expanding,0.5248996019363403,0.5163257718086243
2017-12-05,core,22,expanding,0.5288731455802917,0.5186612606048584
2017-12-06,core,22,expanding,0.5514562129974365,0.6501543521881104
2017-12-07,core,22,expanding,0.6752933859825134,0.6480000019073486
2017-12-08,core,22,expanding,0.4588971436023712,0.5103073120117188
2017-12-11,core,22,expanding,0.47102972865104675,0.4345232844352722
2017-12-12,core,22,expanding,0.4695582985877991,0.47382652759552
2017-12-13,core,22,expanding,0.502327024936676,0.4334419369697571
2017-12-14,core,22,expanding,0.6140477657318115,0.781303882598877
2017-12-15,core,22,expanding,0.529758870601654,0.502930760383606
2017-12-18,core,22,expanding,0.4735866189002991,0.46019360423088074
2017-12-19,core,22,expanding,0.6413977146148682,0.6006121039390564
2017-12-20,core,22,expanding,0.3649533987045288,0.46746352314949036
2017-12-21,core,22,expanding,0.7004086971282959,0.7307837009429932
2017-12-22,core,22,expanding,0.5317792892456055,0.5689837336540222
2017-12-26,core,22,expanding,0.5612137913703918,0.6085615754127502
2017-12-27,core,22,expanding,0.5643131136894226,0.5601533651351929
2017-12-28,core,22,expanding,0.5650448203086853,0.572504997253418
2018-01-02,core,22,expanding,0.5019598603248596,0.4270246922969818
2018-01-03,core,22,expanding,0.5560106635093689,0.41799789667129517
2018-01-04,core,22,expanding,0.6076695322990417,0.6743964552879333
2018-01-05,core,22,expanding,0.32537126541137695,0.513845682144165
2018-01-08,core,22,expanding,0.6691721081733704,0.48180803656578064
2018-01-09,core,22,expanding,0.5897380113601685,0.5946487784385681
2018-01-10,core,22,expanding,0.609798014163971,0.5524402856826782
2018-01-11,core,22,expanding,0.5916005969047546,0.5414553880691528
2018-01-12,core,22,expanding,0.6188047528266907,0.5488560199737549
2018-01-15,core,22,expanding,0.48673364520072937,0.4978925585746765
2018-01-16,core,22,expanding,0.454850971698761,0.5504875183105469
2018-01-17,core,22,expanding,0.5304573774337769,0.4691756069660187
2018-01-18,core,22,expanding,0.5020041465759277,0.5350561738014221
2018-01-19,core,22,expanding,0.42358022928237915,0.39170172810554504
2018-01-22,core,22,expanding,0.6685675382614136,0.5320100784301758
2018-01-23,core,22,expanding,0.5769513845443726,0.5199291706085205
2018-01-24,core,22,expanding,0.43366390466690063,0.47630879282951355
2018-01-25,core,22,expanding,0.4474602937698364,0.5450327396392822
2018-01-26,core,22,expanding,0.41339415311813354,0.4576106071472168
2018-01-29,core,22,expanding,0.4664735496044159,0.4244909882545471
2018-01-30,core,22,expanding,0.5407612323760986,0.49514901638031006
2018-01-31,core,22,expanding,0.7986267805099487,0.7707499265670776
2018-02-01,core,22,expanding,0.5135921835899353,0.5870230197906494
2018-02-02,core,22,expanding,0.6944562792778015,0.8417317867279053
2018-02-06,core,22,expanding,1.3759223222732544,0.9941232800483704
2018-02-07,core,22,expanding,1.122434377670288,1.514394998550415
2018-02-08,core,22,expanding,1.4082813262939453,0.9881821870803833
2018-02-09,core,22,expanding,0.9243829846382141,1.102679967880249
2018-02-12,core,22,expanding,0.7389490604400635,0.8007772564888
2018-02-13,core,22,expanding,0.73525470495224,0.8183099627494812
2018-02-14,core,22,expanding,0.6576985716819763,0.5334017276763916
2018-02-19,core,22,expanding,0.7446489930152893,0.6307355761528015
2018-02-20,core,22,expanding,0.6013748645782471,0.6758571863174438
2018-02-21,core,22,expanding,0.8948333859443665,0.6600465178489685
2018-02-22,core,22,expanding,0.7651857137680054,0.7144479751586914
2018-02-23,core,22,expanding,0.5396385788917542,0.6446441411972046
2018-02-26,core,22,expanding,0.4442041218280792,0.5589698553085327
2018-02-27,core,22,expanding,0.5382550954818726,0.5920377969741821
2018-02-28,core,22,expanding,0.6677765846252441,0.6547825932502747
2018-03-02,core,22,expanding,0.7076289057731628,0.6993779540061951
2018-03-05,core,22,expanding,0.8297358751296997,0.7538760900497437
2018-03-06,core,22,expanding,0.5992369055747986,0.5621458292007446
2018-03-07,core,22,expanding,0.867876410484314,0.7876755595207214
2018-03-08,core,22,expanding,0.5772353410720825,0.6512371897697449
2018-03-09,core,22,expanding,0.9048038125038147,0.7853822708129883
2018-03-12,core,22,expanding,0.6000621318817139,0.5060928463935852
2018-03-13,core,22,expanding,0.5792436003684998,0.5562665462493896
2018-03-14,core,22,expanding,0.5283704400062561,0.5219224691390991
2018-03-15,core,22,expanding,0.5437148809432983,0.6175472140312195
2018-03-16,core,22,expanding,0.6200851202011108,0.5828429460525513
2018-03-19,core,22,expanding,0.6299968361854553,0.5878043174743652
2018-03-20,core,22,expanding,0.5908734798431396,0.6054706573486328
2018-03-21,core,22,expanding,0.4441288709640503,0.492810994386673
2018-03-22,core,22,expanding,0.6845842599868774,0.4960378110408783
2018-03-23,core,22,expanding,0.7553704977035522,0.8746603727340698
2018-03-26,core,22,expanding,0.7624786496162415,0.8009536862373352
2018-03-27,core,22,expanding,0.5350624322891235,0.4316091239452362
2018-03-28,core,22,expanding,0.6733250021934509,0.5931633710861206
2018-03-29,core,22,expanding,0.5691547989845276,0.5655626654624939
2018-03-30,core,22,expanding,0.5111619830131531,0.46717825531959534
2018-04-02,core,22,expanding,0.6385989189147949,0.496682733297348
2018-04-03,core,22,expanding,0.6424234509468079,0.5612773299217224
2018-04-04,core,22,expanding,0.6118529438972473,0.7009281516075134
2018-04-05,core,22,expanding,0.560495138168335,0.5719115138053894
2018-04-06,core,22,expanding,0.5418958067893982,0.5172990560531616
2018-04-09,core,22,expanding,0.6034669876098633,0.49052438139915466
2018-04-10,core,22,expanding,0.7425431609153748,0.6876085996627808
2018-04-11,core,22,expanding,0.525841236114502,0.567797839641571
2018-04-12,core,22,expanding,0.4694683849811554,0.4731799066066742
2018-04-13,core,22,expanding,0.48597174882888794,0.45383450388908386
2018-04-16,core,22,expanding,0.4132150411605835,0.4114398956298828
2018-04-17,core,22,expanding,0.4030221998691559,0.49420496821403503
2018-04-18,core,22,expanding,0.4774610698223114,0.42046642303466797
2018-04-19,core,22,expanding,0.3500297963619232,0.4507972002029419
2018-04-20,core,22,expanding,0.3836190700531006,0.39364421367645264
2018-04-23,core,22,expanding,0.5986466407775879,0.4120805859565735
2018-04-24,core,22,expanding,0.5900663137435913,0.5220693349838257
2018-04-25,core,22,expanding,0.5728207230567932,0.48327872157096863
2018-04-26,core,22,expanding,0.4661937952041626,0.5362318158149719
2018-04-27,core,22,expanding,0.5857178568840027,0.5495827198028564
2018-04-30,core,22,expanding,0.29974332451820374,0.41291528940200806
2018-05-02,core,22,expanding,0.5317291021347046,0.44912242889404297
2018-05-03,core,22,expanding,0.3803795278072357,0.495256245136261
2018-05-04,core,22,expanding,0.8299641013145447,0.5580185651779175
2018-05-08,core,22,expanding,0.6383552551269531,0.6989179849624634
2018-05-09,core,22,expanding,0.7415112257003784,0.5512415170669556
2018-05-10,core,22,expanding,0.5244550108909607,0.4790571331977844
2018-05-11,core,22,expanding,0.5472272038459778,0.47766774892807007
2018-05-14,core,22,expanding,0.40309786796569824,0.482013463973999
2018-05-15,core,22,expanding,0.4819849133491516,0.5071678757667542
2018-05-16,core,22,expanding,0.5249876976013184,0.5040823817253113
2018-05-17,core,22,expanding,0.5047510266304016,0.5524340867996216
2018-05-18,core,22,expanding,0.3712332248687744,0.41350114345550537
2018-05-21,core,22,expanding,0.5899090766906738,0.5023860931396484
2018-05-23,core,22,expanding,0.4946165978908539,0.464777410030365
2018-05-24,core,22,expanding,0.5053394436836243,0.5100527405738831
2018-05-25,core,22,expanding,0.6100272536277771,0.5182414650917053
2018-05-28,core,22,expanding,0.48080870509147644,0.4588223397731781
2018-05-29,core,22,expanding,0.5040798187255859,0.5033823847770691
2018-05-30,core,22,expanding,0.8468387126922607,0.8282156586647034
2018-05-31,core,22,expanding,0.5873728394508362,0.5698885917663574
2018-06-01,core,22,expanding,0.5391277074813843,0.6447595357894897
2018-06-04,core,22,expanding,0.4737642705440521,0.4217117428779602
2018-06-05,core,22,expanding,0.6410566568374634,0.5304575562477112
2018-06-07,core,22,expanding,0.44492971897125244,0.4001314640045166
2018-06-08,core,22,expanding,0.5250526070594788,0.5138821601867676
2018-06-11,core,22,expanding,0.3294430077075958,0.5057774782180786
2018-06-12,core,22,expanding,0.572616696357727,0.46404221653938293
2018-06-14,core,22,expanding,0.5893105864524841,0.6537012457847595
2018-06-15,core,22,expanding,0.4350651800632477,0.6762253642082214
2018-06-18,core,22,expanding,0.593343198299408,0.695925235748291
2018-06-19,core,22,expanding,0.7605105042457581,0.8138418197631836
2018-06-20,core,22,expanding,0.9390087723731995,0.6071387529373169
2018-06-21,core,22,expanding,0.6758750081062317,0.765647292137146
2018-06-22,core,22,expanding,0.8111163377761841,0.6825117468833923
2018-06-25,core,22,expanding,0.6731688976287842,0.6230518221855164
2018-06-26,core,22,expanding,0.8809192776679993,0.6579598188400269
2018-06-27,core,22,expanding,0.5887496471405029,0.6207451224327087
2018-06-28,core,22,expanding,0.7575209140777588,0.636212170124054
2018-06-29,core,22,expanding,0.8233925104141235,0.6692498922348022
2018-07-02,core,22,expanding,0.7324320077896118,1.0241546630859375
2018-07-03,core,22,expanding,0.9579573273658752,0.795997679233551
2018-07-04,core,22,expanding,0.7959365844726562,0.7379827499389648
2018-07-05,core,22,expanding,0.8279933333396912,0.6993100047111511
2018-07-06,core,22,expanding,0.8423960208892822,0.7302642464637756
2018-07-09,core,22,expanding,0.6719653010368347,0.6332772374153137
2018-07-10,core,22,expanding,0.48954758048057556,0.5147550106048584
2018-07-11,core,22,expanding,0.6354519724845886,0.5985295176506042
2018-07-12,core,22,expanding,0.5419589877128601,0.5393173098564148
2018-07-13,core,22,expanding,0.6637659668922424,0.497066855430603
2018-07-16,core,22,expanding,0.4762515723705292,0.5329764485359192
2018-07-17,core,22,expanding,0.690965473651886,0.46444326639175415
2018-07-18,core,22,expanding,0.5686658024787903,0.6583450436592102
2018-07-19,core,22,expanding,0.6373439431190491,0.5739391446113586
2018-07-20,core,22,expanding,0.7745619416236877,0.5771134495735168
2018-07-23,core,22,expanding,0.7146587371826172,0.6078983545303345
2018-07-24,core,22,expanding,0.5560327768325806,0.5250102877616882
2018-07-25,core,22,expanding,0.5566564798355103,0.5925793051719666
2018-07-26,core,22,expanding,0.5336587429046631,0.5127066969871521
2018-07-27,core,22,expanding,0.48962390422821045,0.46896892786026
2018-07-30,core,22,expanding,0.6040069460868835,0.4428699016571045
2018-07-31,core,22,expanding,0.48188090324401855,0.4251284599304199
2018-08-01,core,22,expanding,0.4941708743572235,0.40818119049072266
2018-08-02,core,22,expanding,0.5586235523223877,0.7015146017074585
2018-08-03,core,22,expanding,0.44794851541519165,0.5211952328681946
2018-08-06,core,22,expanding,0.5578210353851318,0.5040028691291809
2018-08-07,core,22,expanding,0.5077453255653381,0.4681827127933502
2018-08-08,core,22,expanding,0.3890380561351776,0.45766663551330566
2018-08-09,core,22,expanding,0.5795094966888428,0.4142111539840698
2018-08-10,core,22,expanding,0.6487257480621338,0.485665500164032
2018-08-13,core,22,expanding,0.6422988772392273,0.6217913031578064
2018-08-14,core,22,expanding,0.4929564297199249,0.4816703200340271
2018-08-16,core,22,expanding,0.7887324094772339,0.5822741985321045
2018-08-17,core,22,expanding,0.3888016939163208,0.48918092250823975
2018-08-20,core,22,expanding,0.5653865933418274,0.48669809103012085
2018-08-21,core,22,expanding,0.502069890499115,0.4884173274040222
2018-08-22,core,22,expanding,0.4246906042098999,0.4385982155799866
2018-08-23,core,22,expanding,0.45294395089149475,0.42966434359550476
2018-08-24,core,22,expanding,0.5531158447265625,0.4982958436012268
2018-08-27,core,22,expanding,0.39814794063568115,0.43470174074172974
2018-08-28,core,22,expanding,0.4639572203159332,0.44198542833328247
2018-08-29,core,22,expanding,0.38262826204299927,0.38935381174087524
2018-08-30,core,22,expanding,0.47765079140663147,0.4448593258857727
2018-08-31,core,22,expanding,0.46178141236305237,0.5140407681465149
2018-09-03,core,22,expanding,0.42877599596977234,0.47932785749435425
2018-09-04,core,22,expanding,0.3978670537471771,0.4256148636341095
2018-09-05,core,22,expanding,0.4446709156036377,0.5335773825645447
2018-09-06,core,22,expanding,0.5141736268997192,0.46602630615234375
2018-09-07,core,22,expanding,0.7004090547561646,0.5362650156021118
2018-09-10,core,22,expanding,0.378342866897583,0.4587755799293518
2018-09-11,core,22,expanding,0.5378327369689941,0.5203598737716675
2018-09-12,core,22,expanding,0.43027880787849426,0.4657604694366455
2018-09-13,core,22,expanding,0.42830923199653625,0.44138702750205994
2018-09-14,core,22,expanding,0.4561431109905243,0.39167195558547974
2018-09-17,core,22,expanding,0.35485967993736267,0.4933825433254242
2018-09-18,core,22,expanding,0.46164220571517944,0.4929262697696686
2018-09-19,core,22,expanding,0.44473305344581604,0.4647810459136963
2018-09-20,core,22,expanding,0.5008912086486816,0.47134122252464294
2018-09-21,core,22,expanding,0.4410775899887085,0.4447488784790039
2018-09-27,core,22,expanding,0.47088003158569336,0.4449135959148407
2018-09-28,core,22,expanding,0.4841902554035187,0.49257007241249084
2018-10-01,core,22,expanding,0.49436429142951965,0.5033587217330933
2018-10-02,core,22,expanding,0.48979651927948,0.6147937178611755
2018-10-04,core,22,expanding,0.7401666045188904,0.728013277053833
2018-10-05,core,22,expanding,0.8065760731697083,0.7081359624862671
2018-10-08,core,22,expanding,0.5583558678627014,0.6468949913978577
2018-10-10,core,22,expanding,0.8397116661071777,0.6720921397209167
2018-10-11,core,22,expanding,1.0540719032287598,1.25531804561615
2018-10-12,core,22,expanding,0.9823881983757019,1.0001811981201172
2018-10-15,core,22,expanding,0.7597327828407288,0.8543322086334229
2018-10-16,core,22,expanding,0.6612868905067444,0.6791878938674927
2018-10-17,core,22,expanding,0.6689484119415283,0.43836450576782227
2018-10-18,core,22,expanding,0.6124942898750305,0.663038969039917
2018-10-19,core,22,expanding,0.9039686322212219,0.7689565420150757
2018-10-22,core,22,expanding,0.6546448469161987,0.6941527724266052
2018-10-23,core,22,expanding,0.7986941337585449,0.9441244006156921
2018-10-24,core,22,expanding,1.010182499885559,0.8726609945297241
2018-10-25,core,22,expanding,1.2034953832626343,0.9261716604232788
2018-10-26,core,22,expanding,1.4175035953521729,1.2705777883529663
2018-10-29,core,22,expanding,1.2363507747650146,1.2067139148712158
2018-10-30,core,22,expanding,1.4563275575637817,1.0236042737960815
2018-10-31,core,22,expanding,1.039060115814209,0.9065004587173462
2018-11-01,core,22,expanding,0.9441497325897217,0.9036571383476257
2018-11-02,core,22,expanding,0.79137122631073,0.8189458847045898
2018-11-05,core,22,expanding,0.9511913061141968,0.8894679546356201
2018-11-06,core,22,expanding,0.9053001403808594,0.7314634919166565
2018-11-07,core,22,expanding,1.0367223024368286,0.9298084378242493
2018-11-08,core,22,expanding,0.5996521711349487,0.8056102991104126
2018-11-09,core,22,expanding,0.7839537858963013,0.6806215047836304
2018-11-12,core,22,expanding,0.6026728749275208,0.7007791996002197
2018-11-13,core,22,expanding,0.979345440864563,0.8649731874465942
2018-11-14,core,22,expanding,0.7497695684432983,0.6949248313903809
2018-11-15,core,22,expanding,0.9546724557876587,0.690980851650238
2018-11-16,core,22,expanding,0.8288097977638245,0.6008361577987671
2018-11-19,core,22,expanding,0.8961883187294006,0.6133372783660889
2018-11-20,core,22,expanding,0.6719577312469482,0.6724843382835388
2018-11-21,core,22,expanding,0.5855644345283508,0.7149976491928101
2018-11-22,core,22,expanding,0.4870247542858124,0.6217426657676697
2018-11-23,core,22,expanding,0.7685167789459229,0.7052350640296936
2018-11-27,core,22,expanding,0.5834283232688904,0.5477365851402283
2018-11-28,core,22,expanding,0.4522010385990143,0.5561978220939636
2018-11-29,core,22,expanding,0.6047655344009399,0.6011949777603149
2018-11-30,core,22,expanding,0.5886905193328857,0.6526419520378113
2018-12-03,core,22,expanding,0.6815392374992371,0.5295578837394714
2018-12-04,core,22,expanding,0.5445994138717651,0.652912437915802
2018-12-05,core,22,expanding,0.5684342384338379,0.6120241284370422
2018-12-06,core,22,expanding,0.6095563173294067,0.7274966835975647
2018-12-07,core,22,expanding,0.592438280582428,0.6745801568031311
2018-12-10,core,22,expanding,0.6433858871459961,0.6338533759117126
2018-12-11,core,22,expanding,0.6609957218170166,0.5177602767944336
2018-12-12,core,22,expanding,0.695687472820282,0.540042519569397
2018-12-13,core,22,expanding,0.7240885496139526,0.5372061133384705
2018-12-14,core,22,expanding,0.7188342213630676,0.740836501121521
2018-12-17,core,22,expanding,0.5307298302650452,0.5057204365730286
2018-12-18,core,22,expanding,0.6521278023719788,0.6000204086303711
2018-12-19,core,22,expanding,0.4729592204093933,0.48686519265174866
2018-12-20,core,22,expanding,0.8710768222808838,0.5952399969100952
2018-12-21,core,22,expanding,0.6061809062957764,0.4922422468662262
2018-12-24,core,22,expanding,0.7851643562316895,0.5086348652839661
2018-12-26,core,22,expanding,0.879256010055542,0.6075162887573242
2018-12-27,core,22,expanding,0.7809973359107971,0.5373327732086182
2018-12-28,core,22,expanding,0.6028027534484863,0.4979155361652374
2019-01-02,core,22,expanding,0.9284961819648743,0.8837411999702454
2019-01-03,core,22,expanding,0.7693739533424377,0.776910126209259
2019-01-04,core,22,expanding,0.9603191018104553,0.7256842851638794
2019-01-07,core,22,expanding,0.5964310169219971,0.5478392839431763
2019-01-08,core,22,expanding,0.5111342072486877,0.5770068168640137
2019-01-09,core,22,expanding,0.6108694672584534,0.5804975628852844
2019-01-10,core,22,expanding,0.5482217073440552,0.5807262659072876
2019-01-11,core,22,expanding,0.58989018201828,0.4979155957698822
2019-01-14,core,22,expanding,0.42138826847076416,0.49970266222953796
2019-01-15,core,22,expanding,0.6759468913078308,0.5443370342254639
2019-01-16,core,22,expanding,0.5671128630638123,0.4806022644042969
2019-01-17,core,22,expanding,0.6681084632873535,0.49599963426589966
2019-01-18,core,22,expanding,0.4454326629638672,0.4107702970504761
2019-01-21,core,22,expanding,0.6263444423675537,0.5026906132698059
2019-01-22,core,22,expanding,0.6035391688346863,0.5374050736427307
2019-01-23,core,22,expanding,0.5192846655845642,0.5061028599739075
2019-01-24,core,22,expanding,0.6640924215316772,0.4958486557006836
2019-01-25,core,22,expanding,0.5400760769844055,0.5771220326423645
2019-01-28,core,22,expanding,0.6457585692405701,0.5503222346305847
2019-01-29,core,22,expanding,0.5906730890274048,0.5459337830543518
2019-01-30,core,22,expanding,0.6510725617408752,0.5081532001495361
2019-01-31,core,22,expanding,0.7285996079444885,0.5513788461685181
2019-02-01,core,22,expanding,0.5539258122444153,0.5192717909812927
2019-02-07,core,22,expanding,0.6790316104888916,0.5093153119087219
2019-02-08,core,22,expanding,0.5708925127983093,0.5424410700798035
2019-02-11,core,22,expanding,0.46146920323371887,0.4622289538383484
2019-02-12,core,22,expanding,0.5727526545524597,0.43770790100097656
2019-02-13,core,22,expanding,0.4470139741897583,0.40233126282691956
2019-02-14,core,22,expanding,0.48624977469444275,0.643826425075531
2019-02-15,core,22,expanding,0.6729011535644531,0.5751156806945801
2019-02-18,core,22,expanding,0.4836799204349518,0.46145543456077576
2019-02-19,core,22,expanding,0.6155198812484741,0.5529071688652039
2019-02-20,core,22,expanding,0.5254465341567993,0.48160794377326965
2019-02-21,core,22,expanding,0.5323978066444397,0.5669658184051514
2019-02-22,core,22,expanding,0.5406672954559326,0.4987016022205353
2019-02-25,core,22,expanding,0.4733019173145294,0.48812034726142883
2019-02-26,core,22,expanding,0.49368810653686523,0.44287481904029846
2019-02-27,core,22,expanding,0.5037446022033691,0.3938194513320923
2019-02-28,core,22,expanding,0.9239734411239624,0.7664875388145447
2019-03-04,core,22,expanding,0.6461186408996582,0.7298793196678162
2019-03-05,core,22,expanding,0.5952965617179871,0.5641820430755615
2019-03-06,core,22,expanding,0.5138042569160461,0.4877600371837616
2019-03-07,core,22,expanding,0.5759723782539368,0.6311059594154358
2019-03-08,core,22,expanding,0.5366950035095215,0.6086173057556152
2019-03-11,core,22,expanding,0.5165074467658997,0.6018669605255127
2019-03-12,core,22,expanding,0.5089074969291687,0.3955841362476349
2019-03-13,core,22,expanding,0.5591858625411987,0.5511732697486877
2019-03-14,core,22,expanding,0.6950944662094116,0.4869573712348938
2019-03-15,core,22,expanding,0.6786419153213501,0.6362067461013794
2019-03-18,core,22,expanding,0.44907960295677185,0.4801059663295746
2019-03-19,core,22,expanding,0.4485452175140381,0.47109508514404297
2019-03-20,core,22,expanding,0.6753636598587036,0.535778284072876
2019-03-21,core,22,expanding,0.6621766686439514,0.5666024684906006
2019-03-22,core,22,expanding,0.5033251047134399,0.4945123493671417
2019-03-25,core,22,expanding,0.43661531805992126,0.5074339509010315
2019-03-26,core,22,expanding,0.49395978450775146,0.4377761781215668
2019-03-27,core,22,expanding,0.6899356842041016,0.5563923120498657
2019-03-28,core,22,expanding,0.6706693768501282,0.4910794794559479
2019-03-29,core,22,expanding,0.5518298149108887,0.5023651719093323
2019-04-01,core,22,expanding,0.45664387941360474,0.4378637671470642
2019-04-02,core,22,expanding,0.3614421486854553,0.38681426644325256
2019-04-03,core,22,expanding,0.5156674385070801,0.5013261437416077
2019-04-04,core,22,expanding,0.5919870734214783,0.4814036190509796
2019-04-05,core,22,expanding,0.5192545652389526,0.4256488084793091
2019-04-08,core,22,expanding,0.5123612880706787,0.447153240442276
2019-04-09,core,22,expanding,0.4496856927871704,0.4611336588859558
2019-04-10,core,22,expanding,0.4801422655582428,0.4541217088699341
2019-04-11,core,22,expanding,0.5340375900268555,0.43960174918174744
2019-04-12,core,22,expanding,0.4402812719345093,0.4723478853702545
2019-04-15,core,22,expanding,0.4074706733226776,0.3816778361797333
2019-04-16,core,22,expanding,0.321991890668869,0.41389745473861694
2019-04-17,core,22,expanding,0.4384206533432007,0.38270455598831177
2019-04-18,core,22,expanding,0.5309156179428101,0.676838219165802
2019-04-19,core,22,expanding,0.4144327938556671,0.4505757987499237
2019-04-22,core,22,expanding,0.5566577911376953,0.5374531745910645
2019-04-23,core,22,expanding,0.4070170819759369,0.40329259634017944
2019-04-24,core,22,expanding,0.6195574402809143,0.6538633108139038
2019-04-25,core,22,expanding,0.5548557639122009,0.5006858110427856
2019-04-26,core,22,expanding,0.7215267419815063,0.5415045022964478
2019-04-29,core,22,expanding,0.5249147415161133,0.6050993204116821
2019-04-30,core,22,expanding,0.6858347654342651,0.6647600531578064
2019-05-02,core,22,expanding,0.5986621379852295,0.5840186476707458
2019-05-03,core,22,expanding,0.4779373109340668,0.5889205932617188
2019-05-07,core,22,expanding,0.5830387473106384,0.5139760971069336
2019-05-08,core,22,expanding,0.6274087429046631,0.6404523253440857
2019-05-09,core,22,expanding,0.7362841963768005,1.2154737710952759
2019-05-10,core,22,expanding,1.313459038734436,0.9318844676017761
2019-05-13,core,22,expanding,0.6890861988067627,0.9032862186431885
2019-05-14,core,22,expanding,0.8569478392601013,0.7832187414169312
2019-05-15,core,22,expanding,0.6930093765258789,0.6226506233215332
2019-05-16,core,22,expanding,0.7359275817871094,0.7606959342956543
2019-05-17,core,22,expanding,0.6551961302757263,0.7594598531723022
2019-05-20,core,22,expanding,0.7725394368171692,0.6761450171470642
2019-05-21,core,22,expanding,0.6395137906074524,0.6044100522994995
2019-05-22,core,22,expanding,0.7309623956680298,0.584266185760498
2019-05-23,core,22,expanding,0.7258368730545044,0.5865890979766846
2019-05-24,core,22,expanding,0.7309144139289856,0.5905297994613647
2019-05-27,core,22,expanding,0.6795933842658997,0.6144719123840332
2019-05-28,core,22,expanding,0.7112939953804016,0.5383150577545166
2019-05-29,core,22,expanding,0.7383555173873901,0.6906658411026001
2019-05-30,core,22,expanding,0.7144889831542969,0.5529394745826721
2019-05-31,core,22,expanding,0.841723620891571,0.6695455312728882
2019-06-03,core,22,expanding,0.6695592403411865,0.7611573934555054
2019-06-04,core,22,expanding,0.624247133731842,0.5129253268241882
2019-06-05,core,22,expanding,0.5153022408485413,0.556954562664032
2019-06-07,core,22,expanding,0.6764708161354065,0.6108059883117676
2019-06-10,core,22,expanding,0.4818452298641205,0.5203182697296143
2019-06-11,core,22,expanding,0.47041159868240356,0.5122381448745728
2019-06-12,core,22,expanding,0.5863049030303955,0.4924432039260864
2019-06-13,core,22,expanding,0.7455524802207947,0.6089231967926025
2019-06-14,core,22,expanding,0.865125298500061,0.5716060400009155
2019-06-17,core,22,expanding,0.42477619647979736,0.5802949666976929
2019-06-18,core,22,expanding,0.5229542851448059,0.44889166951179504
2019-06-19,core,22,expanding,0.43571388721466064,0.408672571182251
2019-06-20,core,22,expanding,0.431767076253891,0.44680964946746826
2019-06-21,core,22,expanding,0.37728238105773926,0.46065187454223633
2019-06-24,core,22,expanding,0.4593243896961212,0.4067745804786682
2019-06-25,core,22,expanding,0.5151219367980957,0.5224658846855164
2019-06-26,core,22,expanding,0.4039747714996338,0.43153637647628784
2019-06-27,core,22,expanding,0.6148307919502258,0.5095729231834412
2019-06-28,core,22,expanding,0.5435868501663208,0.4903143048286438
2019-07-01,core,22,expanding,0.5925321578979492,0.5394691824913025
2019-07-02,core,22,expanding,0.5319616794586182,0.5352064967155457
2019-07-03,core,22,expanding,0.6809259057044983,0.669184148311615
2019-07-04,core,22,expanding,0.5308392643928528,0.5679652094841003
2019-07-05,core,22,expanding,0.5959734320640564,0.5650189518928528
2019-07-08,core,22,expanding,0.7311242818832397,0.7278159260749817
2019-07-09,core,22,expanding,0.6331754326820374,0.7369624376296997
2019-07-10,core,22,expanding,0.5322354435920715,0.5685538053512573
2019-07-11,core,22,expanding,0.6092575788497925,0.48668748140335083
2019-07-12,core,22,expanding,0.49427682161331177,0.48160457611083984
2019-07-15,core,22,expanding,0.5757436752319336,0.4986251890659332
2019-07-16,core,22,expanding,0.684499979019165,0.47174006700515747
2019-07-17,core,22,expanding,0.5347871780395508,0.5290853977203369
2019-07-18,core,22,expanding,0.6085167527198792,0.46547868847846985
2019-07-19,core,22,expanding,0.5437366962432861,0.48584142327308655
2019-07-22,core,22,expanding,0.511214017868042,0.46869269013404846
2019-07-23,core,22,expanding,0.4999435842037201,0.4123448133468628
2019-07-24,core,22,expanding,0.5793746709823608,0.5393848419189453
2019-07-25,core,22,expanding,0.7161237001419067,0.6404486894607544
2019-07-26,core,22,expanding,0.5782991647720337,0.5152380466461182
2019-07-29,core,22,expanding,0.8799095749855042,0.7976883053779602
2019-07-30,core,22,expanding,0.4764111638069153,0.5489428639411926
2019-07-31,core,22,expanding,0.9222174286842346,0.7155624032020569
2019-08-01,core,22,expanding,0.6884154677391052,0.6406734585762024
2019-08-02,core,22,expanding,0.8489646315574646,0.5891684889793396
2019-08-05,core,22,expanding,1.0211527347564697,1.0352386236190796
2019-08-06,core,22,expanding,1.4848040342330933,1.327803611755371
2019-08-07,core,22,expanding,1.0996208190917969,1.0796269178390503
2019-08-08,core,22,expanding,0.9281580448150635,0.8122942447662354
2019-08-09,core,22,expanding,0.5159913897514343,0.5851805210113525
2019-08-12,core,22,expanding,0.5666806697845459,0.5566970109939575
2019-08-13,core,22,expanding,0.6010146737098694,0.5885046124458313
2019-08-14,core,22,expanding,0.5366671681404114,0.5021964311599731
2019-08-16,core,22,expanding,0.506742000579834,0.5337862968444824
2019-08-19,core,22,expanding,0.43808621168136597,0.4165070950984955
2019-08-20,core,22,expanding,0.5513105988502502,0.5361127853393555
2019-08-21,core,22,expanding,0.49984392523765564,0.5258368253707886
2019-08-22,core,22,expanding,0.6450490951538086,0.5206236243247986
2019-08-23,core,22,expanding,0.5643259286880493,0.5079487562179565
2019-08-26,core,22,expanding,0.5931362509727478,0.5494266748428345
2019-08-27,core,22,expanding,0.5408018827438354,0.5243611931800842
2019-08-28,core,22,expanding,0.506738007068634,0.5073727369308472
2019-08-29,core,22,expanding,0.7708847522735596,0.5182685256004333
2019-08-30,core,22,expanding,0.48729997873306274,0.46749261021614075
2019-09-02,core,22,expanding,0.4206036329269409,0.4804868698120117
2019-09-03,core,22,expanding,0.4607470631599426,0.473469614982605
2019-09-04,core,22,expanding,0.640845537185669,0.49413371086120605
2019-09-05,core,22,expanding,0.5175228118896484,0.5542774200439453
2019-09-06,core,22,expanding,0.44188112020492554,0.4664948582649231
2019-09-10,core,22,expanding,0.46454718708992004,0.40416473150253296
2019-09-11,core,22,expanding,0.589183509349823,0.3965737223625183
2019-09-16,core,22,expanding,0.557336151599884,0.4822273254394531
2019-09-17,core,22,expanding,0.38927358388900757,0.42239031195640564
2019-09-18,core,22,expanding,0.5622158050537109,0.464263379573822
2019-09-19,core,22,expanding,0.6158508658409119,0.46711474657058716
2019-09-20,core,22,expanding,0.45134010910987854,0.4927464723587036
2019-09-23,core,22,expanding,0.40426698327064514,0.4181469678878784
2019-09-24,core,22,expanding,0.5260156989097595,0.43417444825172424
2019-09-25,core,22,expanding,0.696188747882843,0.5105112195014954
2019-09-26,core,22,expanding,0.5150355696678162,0.5831939578056335
2019-09-27,core,22,expanding,0.4885396361351013,0.5803156495094299
2019-09-30,core,22,expanding,0.5457361936569214,0.5828564763069153
2019-10-01,core,22,expanding,0.5716477036476135,0.5205265879631042
2019-10-02,core,22,expanding,0.49776527285575867,0.6708096861839294
2019-10-04,core,22,expanding,0.8837995529174805,0.6234951615333557
2019-10-07,core,22,expanding,0.6089436411857605,0.6306211352348328
2019-10-08,core,22,expanding,0.5952094197273254,0.5291438698768616
2019-10-10,core,22,expanding,1.0106066465377808,0.6858792901039124
2019-10-11,core,22,expanding,0.4605243504047394,0.5158159732818604
2019-10-14,core,22,expanding,0.5854535698890686,0.4266946315765381
2019-10-15,core,22,expanding,0.6064587831497192,0.4548155963420868
2019-10-16,core,22,expanding,0.597989559173584,0.4776548147201538
2019-10-17,core,22,expanding,0.5591029524803162,0.5041464567184448
2019-10-18,core,22,expanding,0.7058666944503784,0.6697450876235962
2019-10-21,core,22,expanding,0.5290701985359192,0.4799220561981201
2019-10-22,core,22,expanding,0.6156244277954102,0.4983207583427429
2019-10-23,core,22,expanding,0.509513795375824,0.5336915254592896
2019-10-24,core,22,expanding,0.6548182368278503,0.5466266870498657
2019-10-25,core,22,expanding,0.5107179880142212,0.5021024942398071
2019-10-28,core,22,expanding,0.5885730981826782,0.4615977108478546
2019-10-29,core,22,expanding,0.49375781416893005,0.49374818801879883
2019-10-30,core,22,expanding,0.6974592208862305,0.5277714133262634
2019-10-31,core,22,expanding,0.4534759819507599,0.5451822280883789
2019-11-01,core,22,expanding,0.6286191940307617,0.5087419748306274
2019-11-04,core,22,expanding,0.5168917775154114,0.471954345703125
2019-11-05,core,22,expanding,0.4885944128036499,0.44933465123176575
2019-11-06,core,22,expanding,0.682083249092102,0.48987627029418945
2019-11-07,core,22,expanding,0.6206656098365784,0.46717578172683716
2019-11-08,core,22,expanding,0.7145220637321472,0.5703473687171936
2019-11-11,core,22,expanding,0.5903803110122681,0.5637019276618958
2019-11-12,core,22,expanding,0.6194489002227783,0.4918140172958374
2019-11-13,core,22,expanding,0.5121188759803772,0.540764331817627
2019-11-14,core,22,expanding,0.8766803741455078,0.5053950548171997
2019-11-15,core,22,expanding,0.7431917190551758,0.6159013509750366
2019-11-18,core,22,expanding,0.45491695404052734,0.5332303047180176
2019-11-19,core,22,expanding,0.7765365242958069,0.5307227373123169
2019-11-20,core,22,expanding,0.630942165851593,0.6053140163421631
2019-11-21,core,22,expanding,0.8004124760627747,0.8382126092910767
2019-11-22,core,22,expanding,0.6115705966949463,0.5787891149520874
2019-11-25,core,22,expanding,0.678887665271759,0.513439953327179
2019-11-26,core,22,expanding,0.6483119130134583,0.5655102729797363
2019-11-27,core,22,expanding,0.7303999066352844,0.5671451091766357
2019-11-28,core,22,expanding,0.5263721942901611,0.5419558882713318
2019-11-29,core,22,expanding,0.7231086492538452,0.8112032413482666
2019-12-02,core,22,expanding,0.46694156527519226,0.561015248298645
2019-12-03,core,22,expanding,0.5842627286911011,0.5692457556724548
2019-12-04,core,22,expanding,0.613386869430542,0.5563335418701172
2019-12-05,core,22,expanding,0.5639214515686035,0.7036153674125671
2019-12-06,core,22,expanding,0.5755423903465271,0.5032422542572021
2019-12-09,core,22,expanding,0.6014270186424255,0.4627542495727539
2019-12-10,core,22,expanding,0.553221583366394,0.519219696521759
2019-12-11,core,22,expanding,0.5910823941230774,0.5118200182914734
2019-12-12,core,22,expanding,0.5365520715713501,0.4961465299129486
2019-12-13,core,22,expanding,0.5048814415931702,0.4211224317550659
2019-12-16,core,22,expanding,0.4599721431732178,0.45678597688674927
2019-12-17,core,22,expanding,0.6691942811012268,0.5025871396064758
2019-12-18,core,22,expanding,0.7434670329093933,0.5160919427871704
2019-12-19,core,22,expanding,0.49151647090911865,0.5396833419799805
2019-12-20,core,22,expanding,0.5862804651260376,0.4692564308643341
2019-12-23,core,22,expanding,0.4740941822528839,0.486537903547287
2019-12-24,core,22,expanding,0.517912745475769,0.517212450504303
2019-12-26,core,22,expanding,0.49919620156288147,0.45413026213645935
2019-12-27,core,22,expanding,0.7513454556465149,0.7225298285484314
2019-12-30,core,22,expanding,0.5212078094482422,0.49259939789772034
2013-12-19,momentum,60,expanding,0.4802798330783844,0.6230360269546509
2013-12-20,momentum,60,expanding,0.5645997524261475,0.4689742922782898
2013-12-23,momentum,60,expanding,0.4692802131175995,0.4537426829338074
2013-12-24,momentum,60,expanding,0.3759242594242096,0.4736061096191406
2013-12-26,momentum,60,expanding,0.34329724311828613,0.4903017282485962
2013-12-27,momentum,60,expanding,0.4054294526576996,0.559306263923645
2013-12-30,momentum,60,expanding,0.3975583612918854,0.47419244050979614
2014-01-02,momentum,60,expanding,0.745618999004364,0.9845628142356873
2014-01-03,momentum,60,expanding,0.8317349553108215,0.9122050404548645
2014-01-06,momentum,60,expanding,0.6694515347480774,0.6935721635818481
2014-01-07,momentum,60,expanding,0.669123649597168,0.5948125123977661
2014-01-08,momentum,60,expanding,0.6145573854446411,0.5633962154388428
2014-01-09,momentum,60,expanding,0.7255804538726807,0.5911821722984314
2014-01-10,momentum,60,expanding,0.8143007755279541,0.7470129728317261
2014-01-13,momentum,60,expanding,0.5097299814224243,0.5710253119468689
2014-01-14,momentum,60,expanding,0.6865121126174927,0.6100504398345947
2014-01-15,momentum,60,expanding,0.4559510350227356,0.47598206996917725
2014-01-16,momentum,60,expanding,0.6030573844909668,0.46069028973579407
2014-01-17,momentum,60,expanding,0.5502644181251526,0.6105169057846069
2014-01-20,momentum,60,expanding,0.5513416528701782,0.5737276077270508
2014-01-21,momentum,60,expanding,0.4076211452484131,0.47835129499435425
2014-01-22,momentum,60,expanding,0.40055933594703674,0.4552828073501587
2014-01-23,momentum,60,expanding,0.5581960678100586,0.6514920592308044
2014-01-24,momentum,60,expanding,0.6551957726478577,0.627242922782898
2014-01-27,momentum,60,expanding,0.6563228964805603,0.6658257246017456
2014-01-28,momentum,60,expanding,0.5331621766090393,0.48376229405403137
2014-01-29,momentum,60,expanding,0.48386818170547485,0.4681119918823242
2014-02-03,momentum,60,expanding,0.48515626788139343,0.5356290340423584
2014-02-04,momentum,60,expanding,0.6177616119384766,0.5765626430511475
2014-02-05,momentum,60,expanding,0.48677340149879456,0.4972478747367859
2014-02-06,momentum,60,expanding,0.5684754848480225,0.4644862115383148
2014-02-07,momentum,60,expanding,0.4129472076892853,0.4174887239933014
2014-02-10,momentum,60,expanding,0.47753435373306274,0.44004738330841064
2014-02-11,momentum,60,expanding,0.43266043066978455,0.48610225319862366
2014-02-12,momentum,60,expanding,0.4157121181488037,0.4099257290363312
2014-02-13,momentum,60,expanding,0.5321779251098633,0.5357834696769714
2014-02-14,momentum,60,expanding,0.434893935918808,0.4874759018421173
2014-02-17,momentum,60,expanding,0.4411637485027313,0.44112956523895264
2014-02-18,momentum,60,expanding,0.45545241236686707,0.5027246475219727
2014-02-19,momentum,60,expanding,0.518359363079071,0.4552695155143738
2014-02-20,momentum,60,expanding,0.5712036490440369,0.5140242576599121
2014-02-21,momentum,60,expanding,0.29227060079574585,0.394107460975647
2014-02-24,momentum,60,expanding,0.49615779519081116,0.5212723016738892
2014-02-25,momentum,60,expanding,0.38584572076797485,0.41948452591896057
2014-02-26,momentum,60,expanding,0.3889131247997284,0.5011793375015259
2014-02-27,momentum,60,expanding,0.3689154386520386,0.46213820576667786
2014-02-28,momentum,60,expanding,0.5748443007469177,0.3966017961502075
2014-03-03,momentum,60,expanding,0.4905202388763428,0.4622800946235657
2014-03-04,momentum,60,expanding,0.37311920523643494,0.4617403745651245
2014-03-05,momentum,60,expanding,0.2957846224308014,0.3726121783256531
2014-03-06,momentum,60,expanding,0.36687254905700684,0.39379003643989563
2014-03-07,momentum,60,expanding,0.3595428168773651,0.48625683784484863
2014-03-10,momentum,60,expanding,0.3966376781463623,0.5058132410049438
2014-03-11,momentum,60,expanding,0.36216235160827637,0.4498140513896942
2014-03-12,momentum,60,expanding,0.524066150188446,0.713373601436615
2014-03-13,momentum,60,expanding,0.7643156051635742,0.5678021311759949
2014-03-14,momentum,60,expanding,0.4917987585067749,0.5315502285957336
2014-03-17,momentum,60,expanding,0.4402579963207245,0.4152138829231262
2014-03-18,momentum,60,expanding,0.4034605026245117,0.4473476707935333
2014-03-19,momentum,60,expanding,0.3771732449531555,0.4364064931869507
2014-03-20,momentum,60,expanding,0.4977089464664459,0.4960315227508545
2014-03-21,momentum,60,expanding,0.30561572313308716,0.3380284309387207
2014-03-24,momentum,60,expanding,0.559593141078949,0.4282045066356659
2014-03-25,momentum,60,expanding,0.4739501178264618,0.36671698093414307
2014-03-26,momentum,60,expanding,0.36362791061401367,0.34520208835601807
2014-03-27,momentum,60,expanding,0.3300192952156067,0.475398987531662
2014-03-28,momentum,60,expanding,0.44567808508872986,0.4554738998413086
2014-03-31,momentum,60,expanding,0.5329056978225708,0.4618324637413025
2014-04-01,momentum,60,expanding,0.4536745250225067,0.46815600991249084
2014-04-02,momentum,60,expanding,0.23820100724697113,0.3653271496295929
2014-04-03,momentum,60,expanding,0.34250250458717346,0.5376169681549072
2014-04-04,momentum,60,expanding,0.38496485352516174,0.4055662155151367
2014-04-07,momentum,60,expanding,0.500297486782074,0.43860435485839844
2014-04-08,momentum,60,expanding,0.4536314010620117,0.4584544003009796
2014-04-09,momentum,60,expanding,0.3730706572532654,0.3832145035266876
2014-04-10,momentum,60,expanding,0.5009900331497192,0.4454572796821594
2014-04-11,momentum,60,expanding,0.4051493704319,0.4416320323944092
2014-04-14,momentum,60,expanding,0.4609493315219879,0.39513787627220154
2014-04-15,momentum,60,expanding,0.399847149848938,0.4882967472076416
2014-04-16,momentum,60,expanding,0.3478138744831085,0.3985224962234497
2014-04-17,momentum,60,expanding,0.34906005859375,0.502562940120697
2014-04-18,momentum,60,expanding,0.33066025376319885,0.349524587392807
2014-04-21,momentum,60,expanding,0.32748717069625854,0.428633451461792
2014-04-22,momentum,60,expanding,0.3983100354671478,0.42733168601989746
2014-04-23,momentum,60,expanding,0.3814510107040405,0.41185981035232544
2014-04-24,momentum,60,expanding,0.3600698709487915,0.485786110162735
2014-04-25,momentum,60,expanding,0.37953928112983704,0.6376886963844299
2014-04-28,momentum,60,expanding,0.46890783309936523,0.4153631329536438
2014-04-29,momentum,60,expanding,0.44847768545150757,0.4761160612106323
2014-04-30,momentum,60,expanding,0.34163931012153625,0.4874271750450134
2014-05-02,momentum,60,expanding,0.34048426151275635,0.45775049924850464
2014-05-07,momentum,60,expanding,0.48494961857795715,0.5879949331283569
2014-05-08,momentum,60,expanding,0.4457767903804779,0.4693152606487274
2014-05-09,momentum,60,expanding,0.3955535292625427,0.3943675756454468
2014-05-12,momentum,60,expanding,0.3764047920703888,0.4681578278541565
2014-05-13,momentum,60,expanding,0.37235310673713684,0.49699705839157104
2014-05-14,momentum,60,expanding,0.4369126856327057,0.4833887815475464
2014-05-15,momentum,60,expanding,0.3573453724384308,0.4657025933265686
2014-05-16,momentum,60,expanding,0.48168161511421204,0.488163560628891
2014-05-19,momentum,60,expanding,0.5512502193450928,0.43129798769950867
2014-05-20,momentum,60,expanding,0.3573944866657257,0.430816113948822
2014-05-21,momentum,60,expanding,0.42510923743247986,0.4736843705177307
2014-05-22,momentum,60,expanding,0.40926021337509155,0.42998164892196655
2014-05-23,momentum,60,expanding,0.26510220766067505,0.4017518162727356
2014-05-26,momentum,60,expanding,0.39929500222206116,0.4535794258117676
2014-05-27,momentum,60,expanding,0.640454888343811,0.6305435299873352
2014-05-28,momentum,60,expanding,0.42676830291748047,0.5007196664810181
2014-05-29,momentum,60,expanding,0.271896630525589,0.5095412731170654
2014-05-30,momentum,60,expanding,0.6504426002502441,0.6011755466461182
2014-06-02,momentum,60,expanding,0.39264827966690063,0.45242786407470703
2014-06-03,momentum,60,expanding,0.6050076484680176,0.46287596225738525
2014-06-05,momentum,60,expanding,0.4381760358810425,0.6064013838768005
2014-06-09,momentum,60,expanding,0.4332506060600281,0.586423933506012
2014-06-10,momentum,60,expanding,0.497761070728302,0.4463428854942322
2014-06-11,momentum,60,expanding,0.4036683440208435,0.40880846977233887
2014-06-12,momentum,60,expanding,0.37406954169273376,0.4235731363296509
2014-06-13,momentum,60,expanding,0.5038783550262451,0.5945489406585693
2014-06-16,momentum,60,expanding,0.31889334321022034,0.4721735119819641
2014-06-17,momentum,60,expanding,0.3169383704662323,0.4267684817314148
2014-06-18,momentum,60,expanding,0.38902604579925537,0.49086683988571167
2014-06-19,momentum,60,expanding,0.3365156352519989,0.46123814582824707
2014-06-20,momentum,60,expanding,0.4684540331363678,0.6535289287567139
2014-06-23,momentum,60,expanding,0.46746909618377686,0.38907551765441895
2014-06-24,momentum,60,expanding,0.38460901379585266,0.47771358489990234
2014-06-25,momentum,60,expanding,0.36639097332954407,0.4658358097076416
2014-06-26,momentum,60,expanding,0.6237085461616516,0.4366220235824585
2014-06-27,momentum,60,expanding,0.4566969573497772,0.4458965063095093
2014-06-30,momentum,60,expanding,0.4211379885673523,0.35905134677886963
2014-07-01,momentum,60,expanding,0.32784396409988403,0.3916704058647156
2014-07-02,momentum,60,expanding,0.4311951994895935,0.40692824125289917
2014-07-03,momentum,60,expanding,0.31473687291145325,0.40327322483062744
2014-07-04,momentum,60,expanding,0.3744121193885803,0.4942552447319031
2014-07-07,momentum,60,expanding,0.3816891312599182,0.4081415832042694
2014-07-08,momentum,60,expanding,0.47110578417778015,0.40705257654190063
2014-07-09,momentum,60,expanding,0.33105847239494324,0.35639631748199463
2014-07-10,momentum,60,expanding,0.2946808636188507,0.4028782248497009
2014-07-11,momentum,60,expanding,0.299632728099823,0.37453803420066833
2014-07-14,momentum,60,expanding,0.3919379413127899,0.37562888860702515
2014-07-15,momentum,60,expanding,0.4075967073440552,0.3294782042503357
2014-07-16,momentum,60,expanding,0.3580271005630493,0.34963011741638184
2014-07-17,momentum,60,expanding,0.2885514497756958,0.3455190062522888
2014-07-18,momentum,60,expanding,0.3028152585029602,0.4504469633102417
2014-07-21,momentum,60,expanding,0.3475781977176666,0.42840510606765747
2014-07-22,momentum,60,expanding,0.3701283931732178,0.3405851721763611
2014-07-23,momentum,60,expanding,0.3371528685092926,0.39721447229385376
2014-07-24,momentum,60,expanding,0.39256781339645386,0.47468459606170654
2014-07-25,momentum,60,expanding,0.3915499150753021,0.41962194442749023
2014-07-28,momentum,60,expanding,0.3961150646209717,0.45138126611709595
2014-07-29,momentum,60,expanding,0.4402754008769989,0.3757373094558716
2014-07-30,momentum,60,expanding,0.526376485824585,0.5413390398025513
2014-07-31,momentum,60,expanding,0.6873292326927185,0.6451947093009949
2014-08-01,momentum,60,expanding,0.5611398220062256,0.5754646062850952
2014-08-04,momentum,60,expanding,0.5234078168869019,0.5073111653327942
2014-08-05,momentum,60,expanding,0.5006744265556335,0.4881846308708191
2014-08-06,momentum,60,expanding,0.4210095703601837,0.4832161068916321
2014-08-07,momentum,60,expanding,0.42803072929382324,0.5585095882415771
2014-08-08,momentum,60,expanding,0.5490504503250122,0.607127845287323
2014-08-11,momentum,60,expanding,0.40855854749679565,0.46143054962158203
2014-08-12,momentum,60,expanding,0.4580853581428528,0.49867045879364014
2014-08-13,momentum,60,expanding,0.37273913621902466,0.4730309844017029
2014-08-14,momentum,60,expanding,0.4185151755809784,0.49119287729263306
2014-08-18,momentum,60,expanding,0.5593621134757996,0.4826619029045105
2014-08-19,momentum,60,expanding,0.3205721080303192,0.3832656741142273
2014-08-20,momentum,60,expanding,0.4542844891548157,0.48653632402420044
2014-08-21,momentum,60,expanding,0.5047451853752136,0.7521671652793884
2014-08-22,momentum,60,expanding,0.42705103754997253,0.4420638680458069
2014-08-25,momentum,60,expanding,0.5974487066268921,0.5091660618782043
2014-08-26,momentum,60,expanding,0.35681435465812683,0.41361501812934875
2014-08-27,momentum,60,expanding,0.45551103353500366,0.3970862030982971
2014-08-28,momentum,60,expanding,0.3276829421520233,0.48163533210754395
2014-08-29,momentum,60,expanding,0.5166975855827332,0.43801456689834595
2014-09-01,momentum,60,expanding,0.4261971712112427,0.4006756544113159
2014-09-02,momentum,60,expanding,0.39515647292137146,0.4991408586502075
2014-09-03,momentum,60,expanding,0.5543261766433716,0.5005712509155273
2014-09-04,momentum,60,expanding,0.4892235994338989,0.4679015874862671
2014-09-05,momentum,60,expanding,0.4081699252128601,0.4665950536727905
2014-09-11,momentum,60,expanding,0.7266973853111267,0.5240883827209473
2014-09-12,momentum,60,expanding,0.45908480882644653,0.4402124285697937
2014-09-15,momentum,60,expanding,0.43585526943206787,0.4477768540382385
2014-09-16,momentum,60,expanding,0.29281413555145264,0.41911739110946655
2014-09-17,momentum,60,expanding,0.3773850202560425,0.34943699836730957
2014-09-18,momentum,60,expanding,0.38079288601875305,0.5111128091812134
2014-09-19,momentum,60,expanding,0.32510820031166077,0.4083605408668518
2014-09-22,momentum,60,expanding,0.4344882667064667,0.4747323989868164
2014-09-23,momentum,60,expanding,0.5151246786117554,0.4102480113506317
2014-09-24,momentum,60,expanding,0.48339393734931946,0.4649316072463989
2014-09-25,momentum,60,expanding,0.41328656673431396,0.5031161308288574
2014-09-26,momentum,60,expanding,0.4192606508731842,0.4711868166923523
2014-09-29,momentum,60,expanding,0.49092257022857666,0.44452357292175293
2014-09-30,momentum,60,expanding,0.41856661438941956,0.4866034686565399
2014-10-01,momentum,60,expanding,0.319396048784256,0.59561687707901
2014-10-02,momentum,60,expanding,0.6898202896118164,0.598434567451477
2014-10-06,momentum,60,expanding,0.5242727994918823,0.5748964548110962
2014-10-07,momentum,60,expanding,0.48625707626342773,0.475564181804657
2014-10-08,momentum,60,expanding,0.5505924224853516,0.45025119185447693
2014-10-10,momentum,60,expanding,0.5369288325309753,0.5894969701766968
2014-10-13,momentum,60,expanding,0.7364109754562378,0.47813379764556885
2014-10-14,momentum,60,expanding,0.5962259769439697,0.4612542986869812
2014-10-15,momentum,60,expanding,0.6676353812217712,0.5485097169876099
2014-10-16,momentum,60,expanding,0.6282262206077576,0.5589436292648315
2014-10-17,momentum,60,expanding,0.6876258254051208,0.6921865344047546
2014-10-20,momentum,60,expanding,0.37683233618736267,0.4726460576057434
2014-10-21,momentum,60,expanding,0.5305242538452148,0.49893903732299805
2014-10-22,momentum,60,expanding,0.43929898738861084,0.40105152130126953
2014-10-23,momentum,60,expanding,0.7639013528823853,0.512037456035614
2014-10-24,momentum,60,expanding,0.6702686548233032,0.6501491665840149
2014-10-27,momentum,60,expanding,0.37802091240882874,0.4279487133026123
2014-10-28,momentum,60,expanding,0.38197293877601624,0.435529887676239
2014-10-29,momentum,60,expanding,0.594934344291687,0.5522217750549316
2014-10-30,momentum,60,expanding,0.6260377168655396,0.4963220953941345
2014-10-31,momentum,60,expanding,0.6257348656654358,0.5014320015907288
2014-11-03,momentum,60,expanding,0.515155017375946,0.4462205767631531
2014-11-04,momentum,60,expanding,0.5852339863777161,0.6284218430519104
2014-11-05,momentum,60,expanding,0.5266709923744202,0.5384407639503479
2014-11-06,momentum,60,expanding,0.6433539390563965,0.5222780704498291
2014-11-07,momentum,60,expanding,0.4979962408542633,0.5069629549980164
2014-11-10,momentum,60,expanding,0.44324466586112976,0.40564048290252686
2014-11-11,momentum,60,expanding,0.4197333753108978,0.39830607175827026
2014-11-12,momentum,60,expanding,0.3930705487728119,0.43479299545288086
2014-11-13,momentum,60,expanding,0.4306841790676117,0.5016900897026062
2014-11-14,momentum,60,expanding,0.6694947481155396,0.5046958923339844
2014-11-17,momentum,60,expanding,0.6341668963432312,0.4881863594055176
2014-11-18,momentum,60,expanding,0.5666394233703613,0.4541625380516052
2014-11-19,momentum,60,expanding,0.5010617971420288,0.47245293855667114
2014-11-20,momentum,60,expanding,0.5156674385070801,0.44371497631073
2014-11-21,momentum,60,expanding,0.3318023085594177,0.41338956356048584
2014-11-24,momentum,60,expanding,0.3079932928085327,0.3672028183937073
2014-11-25,momentum,60,expanding,0.4751070439815521,0.4186108112335205
2014-11-26,momentum,60,expanding,0.41046422719955444,0.44007664918899536
2014-11-27,momentum,60,expanding,0.42532575130462646,0.44042444229125977
2014-11-28,momentum,60,expanding,0.4311489462852478,0.42155957221984863
2014-12-01,momentum,60,expanding,0.42047595977783203,0.4025500416755676
2014-12-02,momentum,60,expanding,0.41847506165504456,0.4506406784057617
2014-12-03,momentum,60,expanding,0.4373069703578949,0.3796377182006836
2014-12-04,momentum,60,expanding,0.3401705324649811,0.3968868553638458
2014-12-05,momentum,60,expanding,0.29264354705810547,0.382169246673584
2014-12-08,momentum,60,expanding,0.3012259304523468,0.43854260444641113
2014-12-09,momentum,60,expanding,0.31311747431755066,0.3810584545135498
2014-12-10,momentum,60,expanding,0.47854897379875183,0.5800724029541016
2014-12-11,momentum,60,expanding,0.6749274134635925,0.6686705946922302
2014-12-12,momentum,60,expanding,0.502571702003479,0.5603712797164917
2014-12-15,momentum,60,expanding,0.47724685072898865,0.6270980834960938
2014-12-16,momentum,60,expanding,0.49112528562545776,0.5402567386627197
2014-12-17,momentum,60,expanding,0.5890781283378601,0.4918402135372162
2014-12-18,momentum,60,expanding,0.7448475360870361,0.8488798141479492
2014-12-19,momentum,60,expanding,0.698661208152771,0.4672968089580536
2014-12-22,momentum,60,expanding,0.5028649568557739,0.46228304505348206
2014-12-23,momentum,60,expanding,0.3112735450267792,0.4096370339393616
2014-12-24,momentum,60,expanding,0.39547744393348694,0.4006594121456146
2014-12-26,momentum,60,expanding,0.388234943151474,0.505842924118042
2014-12-29,momentum,60,expanding,0.4127920866012573,0.4753378927707672
2014-12-30,momentum,60,expanding,0.4854278564453125,0.6420342922210693
2015-01-02,momentum,60,expanding,0.46897152066230774,0.5706753730773926
2015-01-05,momentum,60,expanding,0.7107792496681213,0.5464929342269897
2015-01-06,momentum,60,expanding,0.5842175483703613,0.6477303504943848
2015-01-07,momentum,60,expanding,0.40920373797416687,0.4939606487751007
2015-01-08,momentum,60,expanding,0.39667126536369324,0.4790981709957123
2015-01-09,momentum,60,expanding,0.37639695405960083,0.407734751701355
2015-01-12,momentum,60,expanding,0.3923117518424988,0.35566797852516174
2015-01-13,momentum,60,expanding,0.5033896565437317,0.39764106273651123
2015-01-14,momentum,60,expanding,0.4599017798900604,0.4230427145957947
2015-01-15,momentum,60,expanding,0.4867079257965088,0.40871283411979675
2015-01-16,momentum,60,expanding,0.5324012041091919,0.6423184275627136
2015-01-19,momentum,60,expanding,0.373611181974411,0.42755964398384094
2015-01-20,momentum,60,expanding,0.48014190793037415,0.3782261610031128
2015-01-21,momentum,60,expanding,0.46535661816596985,0.4264485538005829
2015-01-22,momentum,60,expanding,0.422739714384079,0.45170921087265015
2015-01-23,momentum,60,expanding,0.43462371826171875,0.42311999201774597
2015-01-26,momentum,60,expanding,0.41431355476379395,0.40045344829559326
2015-01-27,momentum,60,expanding,0.37172308564186096,0.3725951015949249
2015-01-28,momentum,60,expanding,0.3839336335659027,0.4843674302101135
2015-01-29,momentum,60,expanding,0.4646711051464081,0.49783262610435486
2015-01-30,momentum,60,expanding,0.516663670539856,0.4780796766281128
2015-02-02,momentum,60,expanding,0.4339601397514343,0.3941373825073242
2015-02-03,momentum,60,expanding,0.5428752303123474,0.48872053623199463
2015-02-04,momentum,60,expanding,0.4475887715816498,0.3685111403465271
2015-02-05,momentum,60,expanding,0.39394375681877136,0.5233840942382812
2015-02-06,momentum,60,expanding,0.4700015187263489,0.41314896941185
2015-02-09,momentum,60,expanding,0.39241865277290344,0.3855811655521393
2015-02-10,momentum,60,expanding,0.43457919359207153,0.49168235063552856
2015-02-11,momentum,60,expanding,0.37759363651275635,0.4271700382232666
2015-02-12,momentum,60,expanding,0.43717172741889954,0.4849565625190735
2015-02-13,momentum,60,expanding,0.3682304620742798,0.39064961671829224
2015-02-16,momentum,60,expanding,0.33519893884658813,0.35250595211982727
2015-02-17,momentum,60,expanding,0.3171878159046173,0.3802952766418457
2015-02-23,momentum,60,expanding,0.24621129035949707,0.3784712851047516
2015-02-24,momentum,60,expanding,0.30792415142059326,0.395842969417572
2015-02-25,momentum,60,expanding,0.31823238730430603,0.3573817014694214
2015-02-26,momentum,60,expanding,0.38990285992622375,0.3886680006980896
2015-02-27,momentum,60,expanding,0.47086843848228455,0.3891840875148773
2015-03-02,momentum,60,expanding,0.395580917596817,0.3888448178768158
2015-03-03,momentum,60,expanding,0.3346767723560333,0.3701059818267822
2015-03-04,momentum,60,expanding,0.3530990183353424,0.41207975149154663
2015-03-05,momentum,60,expanding,0.3655213415622711,0.40669381618499756
2015-03-06,momentum,60,expanding,0.2883383333683014,0.3812010586261749
2015-03-09,momentum,60,expanding,0.3533001244068146,0.44886964559555054
2015-03-10,momentum,60,expanding,0.5293721556663513,0.5573549866676331
2015-03-11,momentum,60,expanding,0.4885103404521942,0.4991445243358612
2015-03-12,momentum,60,expanding,0.790525496006012,0.5600143671035767
2015-03-13,momentum,60,expanding,0.356110543012619,0.4454033076763153
2015-03-16,momentum,60,expanding,0.327792763710022,0.3785974383354187
2015-03-17,momentum,60,expanding,0.5014861226081848,0.5879358649253845
2015-03-18,momentum,60,expanding,0.44014742970466614,0.4429354667663574
2015-03-19,momentum,60,expanding,0.4978056252002716,0.5144712328910828
2015-03-20,momentum,60,expanding,0.42507079243659973,0.4806175231933594
2015-03-23,momentum,60,expanding,0.5184310674667358,0.3977211117744446
2015-03-24,momentum,60,expanding,0.3522225022315979,0.4153025448322296
2015-03-25,momentum,60,expanding,0.30849868059158325,0.4190451502799988
2015-03-26,momentum,60,expanding,0.42036014795303345,0.5377651453018188
2015-03-27,momentum,60,expanding,0.481138676404953,0.4915025234222412
2015-03-30,momentum,60,expanding,0.4234061539173126,0.43892592191696167
2015-03-31,momentum,60,expanding,0.39450010657310486,0.4426974654197693
2015-04-01,momentum,60,expanding,0.4261479377746582,0.4502386450767517
2015-04-02,momentum,60,expanding,0.411723792552948,0.4651239514350891
2015-04-03,momentum,60,expanding,0.34641802310943604,0.44248253107070923
2015-04-06,momentum,60,expanding,0.4886516332626343,0.4090665578842163
2015-04-07,momentum,60,expanding,0.4677595794200897,0.4651223421096802
2015-04-08,momentum,60,expanding,0.2970583140850067,0.43311262130737305
2015-04-09,momentum,60,expanding,0.371256947517395,0.4591233730316162
2015-04-10,momentum,60,expanding,0.43423086404800415,0.5097838044166565
2015-04-13,momentum,60,expanding,0.3437894582748413,0.4334408640861511
2015-04-14,momentum,60,expanding,0.5208348035812378,0.48398417234420776
2015-04-15,momentum,60,expanding,0.41318801045417786,0.48277032375335693
2015-04-16,momentum,60,expanding,0.4550956189632416,0.501824676990509
2015-04-17,momentum,60,expanding,0.38721758127212524,0.5202344655990601
2015-04-20,momentum,60,expanding,0.49090784788131714,0.5603314638137817
2015-04-21,momentum,60,expanding,0.4254489541053772,0.4920099377632141
2015-04-22,momentum,60,expanding,0.9061537981033325,0.718227744102478
2015-04-23,momentum,60,expanding,0.787105143070221,0.7352464199066162
2015-04-24,momentum,60,expanding,0.7086443901062012,0.7978548407554626
2015-04-27,momentum,60,expanding,0.4825938940048218,0.612382173538208
2015-04-28,momentum,60,expanding,0.42580023407936096,0.5998916029930115
2015-04-29,momentum,60,expanding,0.5785797834396362,0.695095419883728
2015-04-30,momentum,60,expanding,0.49580004811286926,0.5732414722442627
2015-05-04,momentum,60,expanding,0.4582878053188324,0.43070390820503235
2015-05-06,momentum,60,expanding,0.46169978380203247,0.6518179178237915
2015-05-07,momentum,60,expanding,0.5812579989433289,0.7523713111877441
2015-05-08,momentum,60,expanding,0.5789164304733276,0.5459086894989014
2015-05-11,momentum,60,expanding,0.4807041585445404,0.47186368703842163
2015-05-12,momentum,60,expanding,0.43495941162109375,0.4927294850349426
2015-05-13,momentum,60,expanding,0.551382303237915,0.4580417275428772
2015-05-14,momentum,60,expanding,0.3677103817462921,0.4135580062866211
2015-05-15,momentum,60,expanding,0.5494415760040283,0.6314122080802917
2015-05-18,momentum,60,expanding,0.5521966814994812,0.4923775792121887
2015-05-19,momentum,60,expanding,0.5842617750167847,0.5148618817329407
2015-05-20,momentum,60,expanding,0.3975920081138611,0.48817288875579834
2015-05-21,momentum,60,expanding,0.46203166246414185,0.5739811062812805
2015-05-22,momentum,60,expanding,0.43587726354599,0.5101473331451416
2015-05-26,momentum,60,expanding,0.6952345371246338,0.5307895541191101
2015-05-27,momentum,60,expanding,0.6640742421150208,0.7132998704910278
2015-05-28,momentum,60,expanding,0.5838554501533508,0.551152229309082
2015-05-29,momentum,60,expanding,0.47500666975975037,0.582745373249054
2015-06-01,momentum,60,expanding,0.7755205035209656,0.6405577659606934
2015-06-02,momentum,60,expanding,0.6786004900932312,0.7487270832061768
2015-06-03,momentum,60,expanding,0.686590850353241,0.6845979690551758
2015-06-04,momentum,60,expanding,0.6508272886276245,0.6062120795249939
2015-06-05,momentum,60,expanding,0.6951335668563843,0.5569581389427185
2015-06-08,momentum,60,expanding,0.6300256252288818,0.5002922415733337
2015-06-09,momentum,60,expanding,0.5512056946754456,0.5324971079826355
2015-06-10,momentum,60,expanding,0.5568788647651672,0.6504895091056824
2015-06-11,momentum,60,expanding,0.5264672636985779,0.5159581899642944
2015-06-12,momentum,60,expanding,0.5966669321060181,0.6865477561950684
2015-06-15,momentum,60,expanding,0.6091834902763367,0.5239725112915039
2015-06-16,momentum,60,expanding,0.8626672625541687,0.7813563346862793
2015-06-17,momentum,60,expanding,0.5755643248558044,0.5504626035690308
2015-06-18,momentum,60,expanding,0.5761381983757019,0.5442026853561401
2015-06-19,momentum,60,expanding,0.5588230490684509,0.5123413801193237
2015-06-22,momentum,60,expanding,0.5072078108787537,0.5051948428153992
2015-06-23,momentum,60,expanding,0.40189433097839355,0.486263632774353
2015-06-24,momentum,60,expanding,0.4913056492805481,0.4818527400493622
2015-06-25,momentum,60,expanding,0.42484134435653687,0.4934941530227661
2015-06-26,momentum,60,expanding,0.4286540448665619,0.5150027275085449
2015-06-29,momentum,60,expanding,0.5464259386062622,0.49460700154304504
2015-06-30,momentum,60,expanding,0.7998627424240112,0.568131148815155
2015-07-01,momentum,60,expanding,0.5309773087501526,0.6170367002487183
2015-07-02,momentum,60,expanding,0.4229893684387207,0.5261386632919312
2015-07-03,momentum,60,expanding,0.49392998218536377,0.5141078233718872
2015-07-06,momentum,60,expanding,0.7041096687316895,0.7855182886123657
2015-07-07,momentum,60,expanding,1.2697807550430298,0.8622459173202515
2015-07-08,momentum,60,expanding,0.9289754033088684,0.9501192569732666
2015-07-09,momentum,60,expanding,0.9167383313179016,1.0531916618347168
2015-07-10,momentum,60,expanding,0.611740231513977,0.6919982433319092
2015-07-13,momentum,60,expanding,0.6119660139083862,0.6943812370300293
2015-07-14,momentum,60,expanding,0.6265580654144287,0.5852727890014648
2015-07-15,momentum,60,expanding,0.5505884885787964,0.556850790977478
2015-07-16,momentum,60,expanding,0.3883826732635498,0.48840904235839844
2015-07-17,momentum,60,expanding,0.8732395172119141,0.6527069807052612
2015-07-20,momentum,60,expanding,0.43888595700263977,0.5370234251022339
2015-07-21,momentum,60,expanding,0.551273763179779,0.5365766286849976
2015-07-22,momentum,60,expanding,0.6202547550201416,0.5472978353500366
2015-07-23,momentum,60,expanding,0.491554856300354,0.5911210775375366
2015-07-24,momentum,60,expanding,0.5470408201217651,0.5842716693878174
2015-07-27,momentum,60,expanding,0.7153332829475403,0.5413399338722229
2015-07-28,momentum,60,expanding,0.8191335797309875,0.7114461660385132
2015-07-29,momentum,60,expanding,0.5667343139648438,0.5353078842163086
2015-07-30,momentum,60,expanding,0.7111479640007019,0.6974238157272339
2015-07-31,momentum,60,expanding,0.7327988147735596,0.664710521697998
2015-08-03,momentum,60,expanding,0.47976669669151306,0.6146142482757568
2015-08-04,momentum,60,expanding,0.5094749331474304,0.5389348864555359
2015-08-05,momentum,60,expanding,0.45489972829818726,0.5074182748794556
2015-08-06,momentum,60,expanding,0.48685526847839355,0.6408701539039612
2015-08-07,momentum,60,expanding,0.43246757984161377,0.49780330061912537
2015-08-10,momentum,60,expanding,0.5654338598251343,0.49826183915138245
2015-08-11,momentum,60,expanding,0.6210647225379944,0.7420857548713684
2015-08-12,momentum,60,expanding,1.030524730682373,0.8394665718078613
2015-08-13,momentum,60,expanding,0.8043583631515503,0.7255036234855652
2015-08-17,momentum,60,expanding,0.5732548236846924,0.6473350524902344
2015-08-18,momentum,60,expanding,0.7588990330696106,0.652343213558197
2015-08-19,momentum,60,expanding,1.0924136638641357,0.9441269636154175
2015-08-20,momentum,60,expanding,0.7815961241722107,0.8581758737564087
2015-08-21,momentum,60,expanding,0.913485586643219,0.987571120262146
2015-08-24,momentum,60,expanding,1.8107414245605469,1.740673303604126
2015-08-25,momentum,60,expanding,1.891007423400879,1.5063185691833496
2015-08-26,momentum,60,expanding,1.009609341621399,1.3465113639831543
2015-08-27,momentum,60,expanding,1.056191325187683,0.923944354057312
2015-08-28,momentum,60,expanding,0.5670787692070007,0.6497167348861694
2015-08-31,momentum,60,expanding,0.5957899689674377,0.5664609670639038
2015-09-01,momentum,60,expanding,0.6166712045669556,0.7236895561218262
2015-09-02,momentum,60,expanding,0.7860435843467712,0.8305093050003052
2015-09-03,momentum,60,expanding,0.6534894704818726,0.7200286388397217
2015-09-04,momentum,60,expanding,0.7472652196884155,1.0338759422302246
2015-09-07,momentum,60,expanding,0.8502557277679443,0.8392689228057861
2015-09-08,momentum,60,expanding,0.6740726232528687,0.8123511075973511
2015-09-09,momentum,60,expanding,0.5720957517623901,0.6146751642227173
2015-09-10,momentum,60,expanding,0.7445494532585144,0.9798281192779541
2015-09-11,momentum,60,expanding,0.5037970542907715,0.6603863835334778
2015-09-14,momentum,60,expanding,0.6348397731781006,0.7264243364334106
2015-09-15,momentum,60,expanding,0.4543648064136505,0.5362679362297058
2015-09-16,momentum,60,expanding,0.5155807137489319,0.6165993809700012
2015-09-17,momentum,60,expanding,0.6846490502357483,0.5510787963867188
2015-09-18,momentum,60,expanding,0.7949346303939819,0.7487039566040039
2015-09-21,momentum,60,expanding,0.6791920065879822,0.7117407321929932
2015-09-22,momentum,60,expanding,0.5056045651435852,0.6446995139122009
2015-09-23,momentum,60,expanding,0.6404672861099243,0.8350391387939453
2015-09-24,momentum,60,expanding,0.37382256984710693,0.6830216646194458
2015-09-25,momentum,60,expanding,0.5172438025474548,0.6215992569923401
2015-09-30,momentum,60,expanding,0.6400453448295593,0.803829550743103
2015-10-01,momentum,60,expanding,0.6149623990058899,0.6728206276893616
2015-10-02,momentum,60,expanding,0.5572658777236938,0.5328171849250793
2015-10-05,momentum,60,expanding,0.5257948637008667,0.5057487487792969
2015-10-06,momentum,60,expanding,0.4681287407875061,0.4776594936847687
2015-10-07,momentum,60,expanding,0.39444777369499207,0.4495718479156494
2015-10-08,momentum,60,expanding,0.7557518482208252,0.5674433708190918
2015-10-12,momentum,60,expanding,0.5085365772247314,0.49911266565322876
2015-10-13,momentum,60,expanding,0.586496889591217,0.4766954481601715
2015-10-14,momentum,60,expanding,0.4226369261741638,0.50625079870224
2015-10-15,momentum,60,expanding,0.5670977830886841,0.6141132712364197
2015-10-16,momentum,60,expanding,0.4114876687526703,0.49690452218055725
2015-10-19,momentum,60,expanding,0.5996501445770264,0.4489108920097351
2015-10-20,momentum,60,expanding,0.3483401834964752,0.4460175633430481
2015-10-21,momentum,60,expanding,0.5576045513153076,0.46925419569015503
2015-10-22,momentum,60,expanding,0.49365970492362976,0.6501535177230835
2015-10-23,momentum,60,expanding,0.5528826713562012,0.49692124128341675
2015-10-26,momentum,60,expanding,0.43214431405067444,0.4100445508956909
2015-10-27,momentum,60,expanding,0.4508645832538605,0.41996392607688904
2015-10-28,momentum,60,expanding,0.42119961977005005,0.4501936435699463
2015-10-29,momentum,60,expanding,0.622636079788208,0.6915633082389832
2015-10-30,momentum,60,expanding,0.5750450491905212,0.4612848162651062
2015-11-02,momentum,60,expanding,0.4598056972026825,0.3913268446922302
2015-11-03,momentum,60,expanding,0.48481443524360657,0.4148988127708435
2015-11-04,momentum,60,expanding,0.4338148534297943,0.4330986738204956
2015-11-05,momentum,60,expanding,0.41666242480278015,0.42332255840301514
2015-11-06,momentum,60,expanding,0.4526447355747223,0.4495094418525696
2015-11-09,momentum,60,expanding,0.5359690189361572,0.4723166823387146
2015-11-10,momentum,60,expanding,0.5498235821723938,0.6802914142608643
2015-11-11,momentum,60,expanding,0.49404412508010864,0.5559541583061218
2015-11-12,momentum,60,expanding,0.2925664782524109,0.4579471945762634
2015-11-13,momentum,60,expanding,0.5260353088378906,0.4725291132926941
2015-11-16,momentum,60,expanding,0.3784921169281006,0.5486289858818054
2015-11-17,momentum,60,expanding,0.48022183775901794,0.43975794315338135
2015-11-18,momentum,60,expanding,0.4339947998523712,0.45631688833236694
2015-11-19,momentum,60,expanding,0.3673747479915619,0.40903520584106445
2015-11-20,momentum,60,expanding,0.39501920342445374,0.40876370668411255
2015-11-23,momentum,60,expanding,0.3923264741897583,0.42819708585739136
2015-11-24,momentum,60,expanding,0.4398990273475647,0.4506155252456665
2015-11-25,momentum,60,expanding,0.38424456119537354,0.47123271226882935
2015-11-26,momentum,60,expanding,0.45002028346061707,0.5075622200965881
2015-11-27,momentum,60,expanding,0.3765016496181488,0.4658839702606201
2015-11-30,momentum,60,expanding,0.77675861120224,0.6971505880355835
2015-12-01,momentum,60,expanding,0.5047942399978638,0.5640914440155029
2015-12-02,momentum,60,expanding,0.5016396045684814,0.552528440952301
2015-12-03,momentum,60,expanding,0.4969741404056549,0.6399379968643188
2015-12-04,momentum,60,expanding,0.4475060999393463,0.5796022415161133
2015-12-07,momentum,60,expanding,0.5959428548812866,0.6392631530761719
2015-12-08,momentum,60,expanding,0.5530384182929993,0.6846957206726074
2015-12-09,momentum,60,expanding,0.4472472071647644,0.5243788361549377
2015-12-10,momentum,60,expanding,0.5514376163482666,0.5242801904678345
2015-12-11,momentum,60,expanding,0.5657858848571777,0.5268536806106567
2015-12-14,momentum,60,expanding,0.6382663249969482,0.48203104734420776
2015-12-15,momentum,60,expanding,0.4423730671405792,0.4003521203994751
2015-12-16,momentum,60,expanding,0.5684499144554138,0.4750082194805145
2015-12-17,momentum,60,expanding,0.6654296517372131,0.5007109642028809
2015-12-18,momentum,60,expanding,0.4742800295352936,0.5353999137878418
2015-12-21,momentum,60,expanding,0.7907233238220215,0.4377228021621704
2015-12-22,momentum,60,expanding,0.42739760875701904,0.44449737668037415
2015-12-23,momentum,60,expanding,0.5328471064567566,0.4332663416862488
2015-12-24,momentum,60,expanding,0.5478258728981018,0.5352397561073303
2015-12-28,momentum,60,expanding,0.5731691122055054,0.6050007343292236
2015-12-29,momentum,60,expanding,0.7126877307891846,0.5632388591766357
2015-12-30,momentum,60,expanding,0.6194665431976318,0.5482754707336426
2016-01-04,momentum,60,expanding,0.5971526503562927,0.7980312705039978
2016-01-05,momentum,60,expanding,0.8341756463050842,0.6454427242279053
2016-01-06,momentum,60,expanding,0.827961266040802,0.612440824508667
2016-01-07,momentum,60,expanding,0.8403118848800659,0.754349410533905
2016-01-08,momentum,60,expanding,0.7863641381263733,0.8162481784820557
2016-01-11,momentum,60,expanding,0.5864095091819763,0.6276751160621643
2016-01-12,momentum,60,expanding,0.6484348177909851,0.7220177054405212
2016-01-13,momentum,60,expanding,0.48391592502593994,0.5077620148658752
2016-01-14,momentum,60,expanding,0.6671492457389832,0.5188345909118652
2016-01-15,momentum,60,expanding,0.7676946520805359,0.9418702125549316
2016-01-18,momentum,60,expanding,0.8122838735580444,0.8095802068710327
2016-01-19,momentum,60,expanding,0.8090116381645203,0.704577624797821
2016-01-20,momentum,60,expanding,1.0479549169540405,1.1708900928497314
2016-01-21,momentum,60,expanding,1.205014705657959,0.9335106611251831
2016-01-22,momentum,60,expanding,0.7616474628448486,0.5975114107131958
2016-01-25,momentum,60,expanding,0.5861504673957825,0.7416977286338806
2016-01-26,momentum,60,expanding,0.7507466673851013,0.6652350425720215
2016-01-27,momentum,60,expanding,0.7746183276176453,0.6077444553375244
2016-01-28,momentum,60,expanding,0.644676685333252,0.8712218403816223
2016-01-29,momentum,60,expanding,0.7635522484779358,0.6716824769973755
2016-02-01,momentum,60,expanding,0.6537827253341675,0.44635671377182007
2016-02-02,momentum,60,expanding,0.5287193059921265,0.49624189734458923
2016-02-03,momentum,60,expanding,0.5112442970275879,0.5378091335296631
2016-02-04,momentum,60,expanding,0.5086356401443481,0.5248132944107056
2016-02-05,momentum,60,expanding,0.44628632068634033,0.518239438533783
2016-02-11,momentum,60,expanding,0.5768443942070007,0.7765809297561646
2016-02-12,momentum,60,expanding,1.0966845750808716,1.0595399141311646
2016-02-15,momentum,60,expanding,0.6655523180961609,0.7327905297279358
2016-02-16,momentum,60,expanding,0.5263670086860657,0.6298273801803589
2016-02-17,momentum,60,expanding,0.6321166753768921,0.5649851560592651
2016-02-18,momentum,60,expanding,0.5344269275665283,0.40538886189460754
2016-02-19,momentum,60,expanding,0.6108593940734863,0.4553173780441284
2016-02-22,momentum,60,expanding,0.6567795276641846,0.4659997522830963
2016-02-23,momentum,60,expanding,0.4500275254249573,0.4945782423019409
2016-02-24,momentum,60,expanding,0.4910758137702942,0.49568456411361694
2016-02-25,momentum,60,expanding,0.5941933989524841,0.5190802216529846
2016-02-26,momentum,60,expanding,0.49938222765922546,0.4756282866001129
2016-02-29,momentum,60,expanding,0.5406876802444458,0.3974502682685852
2016-03-02,momentum,60,expanding,0.2869389057159424,0.3281090557575226
2016-03-03,momentum,60,expanding,0.4515115022659302,0.3517562448978424
2016-03-04,momentum,60,expanding,0.34754514694213867,0.39579108357429504
2016-03-07,momentum,60,expanding,0.38610929250717163,0.35577863454818726
2016-03-08,momentum,60,expanding,0.5109075307846069,0.5657778382301331
2016-03-09,momentum,60,expanding,0.4684336483478546,0.4343521296977997
2016-03-10,momentum,60,expanding,0.5960626602172852,0.49046289920806885
2016-03-11,momentum,60,expanding,0.38524356484413147,0.44056612253189087
2016-03-14,momentum,60,expanding,0.472689151763916,0.44866952300071716
2016-03-15,momentum,60,expanding,0.5844775438308716,0.4367671012878418
2016-03-16,momentum,60,expanding,0.36076459288597107,0.4146866202354431
2016-03-17,momentum,60,expanding,0.5493733286857605,0.45057404041290283
2016-03-18,momentum,60,expanding,0.514701783657074,0.4172309935092926
2016-03-21,momentum,60,expanding,0.6299734115600586,0.4942173957824707
2016-03-22,momentum,60,expanding,0.40758660435676575,0.4012683033943176
2016-03-23,momentum,60,expanding,0.4620220959186554,0.43861204385757446
2016-03-24,momentum,60,expanding,0.44202202558517456,0.46396440267562866
2016-03-25,momentum,60,expanding,0.4707092046737671,0.41376250982284546
2016-03-28,momentum,60,expanding,0.5012863278388977,0.425042062997818
2016-03-29,momentum,60,expanding,0.4685851037502289,0.3881918787956238
2016-03-30,momentum,60,expanding,0.36516067385673523,0.39238956570625305
2016-03-31,momentum,60,expanding,0.4844370186328888,0.5259389877319336
2016-04-01,momentum,60,expanding,0.5656841993331909,0.5842583775520325
2016-04-04,momentum,60,expanding,0.45881667733192444,0.40467411279678345
2016-04-05,momentum,60,expanding,0.48541948199272156,0.48446211218833923
2016-04-06,momentum,60,expanding,0.4659120738506317,0.45679575204849243
2016-04-07,momentum,60,expanding,0.418339341878891,0.47938665747642517
2016-04-08,momentum,60,expanding,0.44521573185920715,0.5080790519714355
2016-04-11,momentum,60,expanding,0.5284186005592346,0.4333660304546356
2016-04-12,momentum,60,expanding,0.4133034646511078,0.39978039264678955
2016-04-14,momentum,60,expanding,0.37102898955345154,0.37969720363616943
2016-04-15,momentum,60,expanding,0.492991179227829,0.40767034888267517
2016-04-18,momentum,60,expanding,0.4383454918861389,0.4064643085002899
2016-04-19,momentum,60,expanding,0.374129056930542,0.4247617721557617
2016-04-20,momentum,60,expanding,0.4582022428512573,0.4805193245410919
2016-04-21,momentum,60,expanding,0.5073131322860718,0.42971786856651306
2016-04-22,momentum,60,expanding,0.372315913438797,0.4256483018398285
2016-04-25,momentum,60,expanding,0.45905885100364685,0.4014134407043457
2016-04-26,momentum,60,expanding,0.4176401197910309,0.39161378145217896
2016-04-27,momentum,60,expanding,0.3585694134235382,0.36536335945129395
2016-04-28,momentum,60,expanding,0.5591790676116943,0.5821080207824707
2016-04-29,momentum,60,expanding,0.41373196244239807,0.5046082735061646
2016-05-02,momentum,60,expanding,0.395393967628479,0.5018304586410522
2016-05-03,momentum,60,expanding,0.3977465033531189,0.4105324447154999
2016-05-04,momentum,60,expanding,0.4853549897670746,0.4332399368286133
2016-05-09,momentum,60,expanding,0.4032474756240845,0.4072690010070801
2016-05-10,momentum,60,expanding,0.4118826687335968,0.43634867668151855
2016-05-11,momentum,60,expanding,0.47250455617904663,0.5150461196899414
2016-05-12,momentum,60,expanding,0.41253337264060974,0.45018917322158813
2016-05-13,momentum,60,expanding,0.4126606285572052,0.500664234161377
2016-05-16,momentum,60,expanding,0.36135241389274597,0.4224556088447571
2016-05-17,momentum,60,expanding,0.43525105714797974,0.44589537382125854
2016-05-18,momentum,60,expanding,0.5473780632019043,0.5009667873382568
2016-05-19,momentum,60,expanding,0.4263787567615509,0.45822077989578247
2016-05-20,momentum,60,expanding,0.5121537446975708,0.46468043327331543
2016-05-23,momentum,60,expanding,0.4966755509376526,0.48109185695648193
2016-05-24,momentum,60,expanding,0.4525127708911896,0.46958857774734497
2016-05-25,momentum,60,expanding,0.4282867908477783,0.4147353768348694
2016-05-26,momentum,60,expanding,0.33992865681648254,0.42615705728530884
2016-05-27,momentum,60,expanding,0.4404038190841675,0.41026633977890015
2016-05-30,momentum,60,expanding,0.5152261257171631,0.4678490161895752
2016-05-31,momentum,60,expanding,0.5352246165275574,0.5577971339225769
2016-06-01,momentum,60,expanding,0.39433151483535767,0.4112091064453125
2016-06-02,momentum,60,expanding,0.4378691017627716,0.4216034412384033
2016-06-03,momentum,60,expanding,0.4212263524532318,0.4552638530731201
2016-06-07,momentum,60,expanding,0.3437769412994385,0.46109020709991455
2016-06-08,momentum,60,expanding,0.37671083211898804,0.4542737603187561
2016-06-09,momentum,60,expanding,0.559777557849884,0.5726657509803772
2016-06-10,momentum,60,expanding,0.43520233035087585,0.4384535551071167
2016-06-13,momentum,60,expanding,0.537301242351532,0.606735110282898
2016-06-14,momentum,60,expanding,0.5733725428581238,0.5417492985725403
2016-06-15,momentum,60,expanding,0.5749960541725159,0.5176002979278564
2016-06-16,momentum,60,expanding,0.5300096869468689,0.7108176350593567
2016-06-17,momentum,60,expanding,0.6058186888694763,0.6198027729988098
2016-06-20,momentum,60,expanding,0.4642663300037384,0.4254135489463806
2016-06-21,momentum,60,expanding,0.35876232385635376,0.41016125679016113
2016-06-22,momentum,60,expanding,0.5767984986305237,0.42750585079193115
2016-06-23,momentum,60,expanding,0.402029812335968,0.4370085597038269
2016-06-24,momentum,60,expanding,2.788322687149048,2.1368680000305176
2016-06-27,momentum,60,expanding,1.034140944480896,1.1945401430130005
2016-06-28,momentum,60,expanding,0.7380942702293396,0.9544155597686768
2016-06-29,momentum,60,expanding,0.5193604826927185,0.809808611869812
2016-06-30,momentum,60,expanding,0.5643467903137207,0.5826966762542725
2016-07-01,momentum,60,expanding,0.4522205591201782,0.5949497222900391
2016-07-04,momentum,60,expanding,0.3854312300682068,0.4777359962463379
2016-07-05,momentum,60,expanding,0.3997217118740082,0.4326549470424652
2016-07-06,momentum,60,expanding,0.5960612297058105,0.8379168510437012
2016-07-07,momentum,60,expanding,0.5472270846366882,0.5623989105224609
2016-07-08,momentum,60,expanding,0.5943859219551086,0.665300726890564
2016-07-11,momentum,60,expanding,0.3738720417022705,0.4624688923358917
2016-07-12,momentum,60,expanding,0.4411260783672333,0.49436381459236145
2016-07-13,momentum,60,expanding,0.40022996068000793,0.49010369181632996
2016-07-15,momentum,60,expanding,0.5734888911247253,0.45229455828666687
2016-07-18,momentum,60,expanding,0.45555323362350464,0.44837522506713867
2016-07-19,momentum,60,expanding,0.5123692154884338,0.47143831849098206
2016-07-20,momentum,60,expanding,0.3882330656051636,0.4817793667316437
2016-07-21,momentum,60,expanding,0.333816260099411,0.4857087731361389
2016-07-22,momentum,60,expanding,0.4474579691886902,0.4739707410335541
2016-07-25,momentum,60,expanding,0.44980382919311523,0.4746049642562866
2016-07-26,momentum,60,expanding,0.4489387273788452,0.4986574947834015
2016-07-27,momentum,60,expanding,0.37105149030685425,0.4384846091270447
2016-07-28,momentum,60,expanding,0.5451065897941589,0.4850783348083496
2016-07-29,momentum,60,expanding,0.5288648009300232,0.4606424570083618
2016-08-01,momentum,60,expanding,0.29450538754463196,0.33686476945877075
2016-08-02,momentum,60,expanding,0.3788467049598694,0.3820246160030365
2016-08-03,momentum,60,expanding,0.552486777305603,0.47673797607421875
2016-08-04,momentum,60,expanding,0.41807785630226135,0.45877987146377563
2016-08-05,momentum,60,expanding,0.3396601974964142,0.4334924519062042
2016-08-08,momentum,60,expanding,0.4925582706928253,0.39283573627471924
2016-08-09,momentum,60,expanding,0.3806397020816803,0.4271238148212433
2016-08-10,momentum,60,expanding,0.40805959701538086,0.39371582865715027
2016-08-11,momentum,60,expanding,0.38086724281311035,0.4508049786090851
2016-08-12,momentum,60,expanding,0.544255793094635,0.47721198201179504
2016-08-16,momentum,60,expanding,0.4109286367893219,0.4619061052799225
2016-08-17,momentum,60,expanding,0.5161452889442444,0.46209728717803955
2016-08-18,momentum,60,expanding,0.3746240735054016,0.44702306389808655
2016-08-19,momentum,60,expanding,0.45526814460754395,0.4569474756717682
2016-08-22,momentum,60,expanding,0.4890393614768982,0.4433087706565857
2016-08-23,momentum,60,expanding,0.32089120149612427,0.403594434261322
2016-08-24,momentum,60,expanding,0.4049590229988098,0.42321282625198364
2016-08-25,momentum,60,expanding,0.4286780059337616,0.4500371813774109
2016-08-26,momentum,60,expanding,0.41396236419677734,0.4687432646751404
2016-08-29,momentum,60,expanding,0.43334048986434937,0.4028407335281372
2016-08-30,momentum,60,expanding,0.41363251209259033,0.41107505559921265
2016-08-31,momentum,60,expanding,0.3995174169540405,0.41379058361053467
2016-09-01,momentum,60,expanding,0.4889982342720032,0.4959644675254822
2016-09-02,momentum,60,expanding,0.4096669852733612,0.4152279794216156
2016-09-05,momentum,60,expanding,0.33930066227912903,0.38189637660980225
2016-09-06,momentum,60,expanding,0.35865887999534607,0.3693012595176697
2016-09-07,momentum,60,expanding,0.3352207541465759,0.4159321188926697
2016-09-08,momentum,60,expanding,0.486532598733902,0.4901807904243469
2016-09-09,momentum,60,expanding,0.487968385219574,0.5314577221870422
2016-09-12,momentum,60,expanding,0.7066115736961365,0.6338016986846924
2016-09-13,momentum,60,expanding,0.4959750473499298,0.540061891078949
2016-09-19,momentum,60,expanding,0.4720558226108551,0.5500987768173218
2016-09-20,momentum,60,expanding,0.41855132579803467,0.4537503719329834
2016-09-21,momentum,60,expanding,0.39217838644981384,0.42789316177368164
2016-09-22,momentum,60,expanding,0.34853488206863403,0.3975512385368347
2016-09-23,momentum,60,expanding,0.4052455425262451,0.37201428413391113
2016-09-26,momentum,60,expanding,0.38349801301956177,0.4813249111175537
2016-09-27,momentum,60,expanding,0.6346507668495178,0.6555598378181458
2016-09-28,momentum,60,expanding,0.3572641611099243,0.4590844511985779
2016-09-29,momentum,60,expanding,0.2972954511642456,0.4011836647987366
2016-09-30,momentum,60,expanding,0.4687764644622803,0.4572027921676636
2016-10-04,momentum,60,expanding,0.3784458041191101,0.39279401302337646
2016-10-05,momentum,60,expanding,0.36899101734161377,0.49573612213134766
2016-10-06,momentum,60,expanding,0.38234251737594604,0.42106062173843384
2016-10-07,momentum,60,expanding,0.31698453426361084,0.4540971517562866
2016-10-10,momentum,60,expanding,0.6045507788658142,0.4703168272972107
2016-10-11,momentum,60,expanding,0.5978912115097046,0.6486217975616455
2016-10-12,momentum,60,expanding,0.5575114488601685,0.48230433464050293
2016-10-13,momentum,60,expanding,0.4480880796909332,0.637800395488739
2016-10-14,momentum,60,expanding,0.47312167286872864,0.44099974632263184
2016-10-17,momentum,60,expanding,0.6864456534385681,0.5237560868263245
2016-10-18,momentum,60,expanding,0.41889598965644836,0.39505326747894287
2016-10-19,momentum,60,expanding,0.45984432101249695,0.4412332773208618
2016-10-20,momentum,60,expanding,0.3565676212310791,0.3882148861885071
2016-10-21,momentum,60,expanding,0.47723594307899475,0.38112932443618774
2016-10-24,momentum,60,expanding,0.3748207688331604,0.3591098189353943
2016-10-25,momentum,60,expanding,0.414034903049469,0.41728436946868896
2016-10-26,momentum,60,expanding,0.5388523936271667,0.6045103073120117
2016-10-27,momentum,60,expanding,0.43967705965042114,0.4255516529083252
2016-10-28,momentum,60,expanding,0.38259339332580566,0.4570586085319519
2016-10-31,momentum,60,expanding,0.4407724440097809,0.44006121158599854
2016-11-01,momentum,60,expanding,0.5630472302436829,0.5044618248939514
2016-11-02,momentum,60,expanding,0.4822586178779602,0.555326521396637
2016-11-03,momentum,60,expanding,0.662481427192688,0.5042097568511963
2016-11-04,momentum,60,expanding,0.502519428730011,0.469974160194397
2016-11-07,momentum,60,expanding,0.5293087363243103,0.40331053733825684
2016-11-08,momentum,60,expanding,0.44146257638931274,0.4572593569755554
2016-11-09,momentum,60,expanding,2.031196117401123,1.5595284700393677
2016-11-10,momentum,60,expanding,0.4683784544467926,0.7481381893157959
2016-11-11,momentum,60,expanding,0.4850463569164276,0.5770384669303894
2016-11-14,momentum,60,expanding,0.4617539048194885,0.6424973011016846
2016-11-15,momentum,60,expanding,0.4892215430736542,0.5218378305435181
2016-11-16,momentum,60,expanding,0.3855117857456207,0.3843199610710144
2016-11-17,momentum,60,expanding,0.544481635093689,0.490220844745636
2016-11-18,momentum,60,expanding,0.4159238040447235,0.5062013268470764
2016-11-21,momentum,60,expanding,0.4269825220108032,0.5213045477867126
2016-11-22,momentum,60,expanding,0.3607238233089447,0.4115452766418457
2016-11-23,momentum,60,expanding,0.38413357734680176,0.4053972363471985
2016-11-24,momentum,60,expanding,0.5426248908042908,0.5709143280982971
2016-11-25,momentum,60,expanding,0.5210960507392883,0.43458837270736694
2016-11-28,momentum,60,expanding,0.6419535875320435,0.5136793851852417
2016-11-29,momentum,60,expanding,0.43888428807258606,0.3958275318145752
2016-11-30,momentum,60,expanding,0.47073471546173096,0.40943247079849243
2016-12-01,momentum,60,expanding,0.43158137798309326,0.42333704233169556
2016-12-02,momentum,60,expanding,0.4526858329772949,0.4473003149032593
2016-12-05,momentum,60,expanding,0.512457549571991,0.4232739210128784
2016-12-06,momentum,60,expanding,0.4635397791862488,0.42913901805877686
2016-12-07,momentum,60,expanding,0.29642391204833984,0.37155741453170776
2016-12-08,momentum,60,expanding,0.37522199749946594,0.47738927602767944
2016-12-09,momentum,60,expanding,0.36048391461372375,0.33861875534057617
2016-12-12,momentum,60,expanding,0.34406453371047974,0.38908377289772034
2016-12-13,momentum,60,expanding,0.3154897391796112,0.36873918771743774
2016-12-14,momentum,60,expanding,0.3781759738922119,0.41774874925613403
2016-12-15,momentum,60,expanding,0.41790086030960083,0.5243226289749146
2016-12-16,momentum,60,expanding,0.41122961044311523,0.4309619069099426
2016-12-19,momentum,60,expanding,0.3391853868961334,0.39221662282943726
2016-12-20,momentum,60,expanding,0.29216131567955017,0.3593989610671997
2016-12-21,momentum,60,expanding,0.334764689207077,0.4190623164176941
2016-12-22,momentum,60,expanding,0.3272645175457001,0.3800351917743683
2016-12-23,momentum,60,expanding,0.3538975417613983,0.3665724992752075
2016-12-26,momentum,60,expanding,0.32329481840133667,0.3620305061340332
2016-12-27,momentum,60,expanding,0.272219181060791,0.35596227645874023
2016-12-28,momentum,60,expanding,0.34114155173301697,0.3364886939525604
2016-12-29,momentum,60,expanding,0.40297144651412964,0.38708609342575073
2017-01-02,momentum,60,expanding,0.5362111330032349,0.4416268467903137
2017-01-03,momentum,60,expanding,0.3811582326889038,0.41546034812927246
2017-01-04,momentum,60,expanding,0.35621893405914307,0.30600857734680176
2017-01-05,momentum,60,expanding,0.4122718572616577,0.3361075520515442
2017-01-06,momentum,60,expanding,0.2692461907863617,0.3474479913711548
2017-01-09,momentum,60,expanding,0.33090683817863464,0.3243290185928345
2017-01-10,momentum,60,expanding,0.3025251030921936,0.36351656913757324
2017-01-11,momentum,60,expanding,0.4850543439388275,0.5196194052696228
2017-01-12,momentum,60,expanding,0.39794284105300903,0.4280610680580139
2017-01-13,momentum,60,expanding,0.3050763010978699,0.35783541202545166
2017-01-16,momentum,60,expanding,0.554183840751648,0.4727146029472351
2017-01-17,momentum,60,expanding,0.4342271387577057,0.39436769485473633
2017-01-18,momentum,60,expanding,0.5064728856086731,0.42699599266052246
2017-01-19,momentum,60,expanding,0.5864657163619995,0.5802698731422424
2017-01-20,momentum,60,expanding,0.399058073759079,0.37855643033981323
2017-01-23,momentum,60,expanding,0.6310766339302063,0.46366608142852783
2017-01-24,momentum,60,expanding,0.4107262194156647,0.4494832754135132
2017-01-25,momentum,60,expanding,0.43899965286254883,0.41649967432022095
2017-01-26,momentum,60,expanding,0.5121884346008301,0.4736335277557373
2017-01-31,momentum,60,expanding,0.34641507267951965,0.3496430516242981
2017-02-01,momentum,60,expanding,0.29706376791000366,0.3704116940498352
2017-02-02,momentum,60,expanding,0.4797191619873047,0.6141210198402405
2017-02-03,momentum,60,expanding,0.4843594431877136,0.49702173471450806
2017-02-06,momentum,60,expanding,0.49512171745300293,0.43835416436195374
2017-02-07,momentum,60,expanding,0.44516363739967346,0.3539525270462036
2017-02-08,momentum,60,expanding,0.5552886724472046,0.4660331606864929
2017-02-09,momentum,60,expanding,0.4637604355812073,0.4043496251106262
2017-02-10,momentum,60,expanding,0.40003085136413574,0.40443092584609985
2017-02-13,momentum,60,expanding,0.4178161919116974,0.38101381063461304
2017-02-14,momentum,60,expanding,0.37659692764282227,0.4343383312225342
2017-02-15,momentum,60,expanding,0.44485363364219666,0.4563383460044861
2017-02-16,momentum,60,expanding,0.44746261835098267,0.43351882696151733
2017-02-17,momentum,60,expanding,0.4090682864189148,0.400063157081604
2017-02-20,momentum,60,expanding,0.40149304270744324,0.3823123574256897
2017-02-21,momentum,60,expanding,0.48444274067878723,0.4604518413543701
2017-02-22,momentum,60,expanding,0.2922796308994293,0.38420432806015015
2017-02-23,momentum,60,expanding,0.2835371196269989,0.36426734924316406
2017-02-24,momentum,60,expanding,0.5001797080039978,0.4215085506439209
2017-02-27,momentum,60,expanding,0.448170006275177,0.3985854387283325
2017-02-28,momentum,60,expanding,0.28582513332366943,0.38662564754486084
2017-03-02,momentum,60,expanding,0.403780460357666,0.4479089379310608
2017-03-03,momentum,60,expanding,0.4761636257171631,0.49025624990463257
2017-03-06,momentum,60,expanding,0.45274069905281067,0.4327084422111511
2017-03-07,momentum,60,expanding,0.454906165599823,0.45299845933914185
2017-03-08,momentum,60,expanding,0.4695712625980377,0.41711103916168213
2017-03-09,momentum,60,expanding,0.3678620159626007,0.3999679684638977
2017-03-10,momentum,60,expanding,0.8348907828330994,0.4950295090675354
2017-03-13,momentum,60,expanding,0.3344626724720001,0.5157151818275452
2017-03-14,momentum,60,expanding,0.3290415406227112,0.39587193727493286
2017-03-15,momentum,60,expanding,0.3996914327144623,0.4076201915740967
2017-03-16,momentum,60,expanding,0.36488044261932373,0.4292828440666199
2017-03-17,momentum,60,expanding,0.3538791835308075,0.46516233682632446
2017-03-20,momentum,60,expanding,0.29441580176353455,0.3718496561050415
2017-03-21,momentum,60,expanding,0.45589473843574524,0.4951717257499695
2017-03-22,momentum,60,expanding,0.44596022367477417,0.3977864980697632
2017-03-23,momentum,60,expanding,0.4587595462799072,0.40775105357170105
2017-03-24,momentum,60,expanding,0.40535441040992737,0.4716626703739166
2017-03-27,momentum,60,expanding,0.46149203181266785,0.38920915126800537
2017-03-28,momentum,60,expanding,0.30706986784935,0.39773398637771606
2017-03-29,momentum,60,expanding,0.3579792380332947,0.39741089940071106
2017-03-30,momentum,60,expanding,0.40555718541145325,0.4545936584472656
2017-03-31,momentum,60,expanding,0.42133429646492004,0.38631248474121094
2017-04-03,momentum,60,expanding,0.31691494584083557,0.39247098565101624
2017-04-04,momentum,60,expanding,0.3267665505409241,0.38318824768066406
2017-04-05,momentum,60,expanding,0.4055105447769165,0.46248045563697815
2017-04-06,momentum,60,expanding,0.4142727851867676,0.4103359580039978
2017-04-07,momentum,60,expanding,0.396636962890625,0.436733603477478
2017-04-10,momentum,60,expanding,0.4985138177871704,0.5105786323547363
2017-04-11,momentum,60,expanding,0.41371098160743713,0.4777987003326416
2017-04-12,momentum,60,expanding,0.3108467161655426,0.3425828814506531
2017-04-13,momentum,60,expanding,0.3763311505317688,0.48581933975219727
2017-04-14,momentum,60,expanding,0.3521896004676819,0.40726250410079956
2017-04-17,momentum,60,expanding,0.4537147283554077,0.3654058575630188
2017-04-18,momentum,60,expanding,0.3838139772415161,0.4302515387535095
2017-04-19,momentum,60,expanding,0.4793110191822052,0.4058706760406494
2017-04-20,momentum,60,expanding,0.39942237734794617,0.4213816523551941
2017-04-21,momentum,60,expanding,0.33379459381103516,0.40969014167785645
2017-04-24,momentum,60,expanding,0.32348567247390747,0.38131874799728394
2017-04-25,momentum,60,expanding,0.3326416015625,0.46486860513687134
2017-04-26,momentum,60,expanding,0.36705443263053894,0.38141757249832153
2017-04-27,momentum,60,expanding,0.38127684593200684,0.4091922640800476
2017-04-28,momentum,60,expanding,0.45892342925071716,0.46065378189086914
2017-05-02,momentum,60,expanding,0.4651040732860565,0.4369209408760071
2017-05-04,momentum,60,expanding,0.4670998156070709,0.44160640239715576
2017-05-08,momentum,60,expanding,0.5023996829986572,0.74943608045578
2017-05-10,momentum,60,expanding,1.3575698137283325,1.0120199918746948
2017-05-11,momentum,60,expanding,0.5965863466262817,0.7231380939483643
2017-05-12,momentum,60,expanding,0.5656135678291321,0.6352711915969849
2017-05-15,momentum,60,expanding,0.634263813495636,0.518669068813324
2017-05-16,momentum,60,expanding,0.4776983857154846,0.6324597597122192
2017-05-17,momentum,60,expanding,0.4327576458454132,0.5413597226142883
2017-05-18,momentum,60,expanding,0.5550051927566528,0.5869851112365723
2017-05-19,momentum,60,expanding,0.4121522009372711,0.5009512305259705
2017-05-22,momentum,60,expanding,0.41639402508735657,0.41255003213882446
2017-05-23,momentum,60,expanding,0.5663682818412781,0.5660650134086609
2017-05-24,momentum,60,expanding,0.3641628623008728,0.4593777656555176
2017-05-25,momentum,60,expanding,0.4859538674354553,0.549357533454895
2017-05-26,momentum,60,expanding,0.6024408936500549,0.5725921392440796
2017-05-29,momentum,60,expanding,0.5848068594932556,0.6436443328857422
2017-05-30,momentum,60,expanding,0.6690707206726074,0.6992533206939697
2017-05-31,momentum,60,expanding,0.5245350003242493,0.5812382698059082
2017-06-01,momentum,60,expanding,0.547748327255249,0.6025892496109009
2017-06-02,momentum,60,expanding,0.39423274993896484,0.4838487505912781
2017-06-05,momentum,60,expanding,0.4406999945640564,0.5018208026885986
2017-06-07,momentum,60,expanding,0.4533504545688629,0.5393154621124268
2017-06-08,momentum,60,expanding,0.4619888961315155,0.5549556016921997
2017-06-09,momentum,60,expanding,0.4875996708869934,0.4937669634819031
2017-06-12,momentum,60,expanding,0.4898459017276764,0.5944467782974243
2017-06-13,momentum,60,expanding,0.5139743089675903,0.5263791084289551
2017-06-14,momentum,60,expanding,0.4065175950527191,0.5718300342559814
2017-06-15,momentum,60,expanding,0.49458447098731995,0.685072660446167
2017-06-16,momentum,60,expanding,0.39952757954597473,0.46627771854400635
2017-06-19,momentum,60,expanding,0.4766964316368103,0.52021324634552
2017-06-20,momentum,60,expanding,0.4700855314731598,0.5303821563720703
2017-06-21,momentum,60,expanding,0.5288240313529968,0.480918288230896
2017-06-22,momentum,60,expanding,0.48889878392219543,0.477664977312088
2017-06-23,momentum,60,expanding,0.4326210916042328,0.415012925863266
2017-06-26,momentum,60,expanding,0.451625257730484,0.3735976219177246
2017-06-27,momentum,60,expanding,0.3175649344921112,0.4194144606590271
2017-06-28,momentum,60,expanding,0.2789894938468933,0.4010937809944153
2017-06-29,momentum,60,expanding,0.37794366478919983,0.38429659605026245
2017-06-30,momentum,60,expanding,0.31901177763938904,0.40949082374572754
2017-07-03,momentum,60,expanding,0.28878849744796753,0.429861456155777
2017-07-04,momentum,60,expanding,0.44413769245147705,0.4555816054344177
2017-07-05,momentum,60,expanding,0.34599557518959045,0.4407738447189331
2017-07-06,momentum,60,expanding,0.30942437052726746,0.4299089312553406
2017-07-07,momentum,60,expanding,0.3653504252433777,0.40525519847869873
2017-07-10,momentum,60,expanding,0.38317054510116577,0.3872753381729126
2017-07-11,momentum,60,expanding,0.3333434462547302,0.3723990321159363
2017-07-12,momentum,60,expanding,0.31456929445266724,0.3598629832267761
2017-07-13,momentum,60,expanding,0.3232078552246094,0.43435728549957275
2017-07-14,momentum,60,expanding,0.35490643978118896,0.39991840720176697
2017-07-17,momentum,60,expanding,0.3485756814479828,0.3576253652572632
2017-07-18,momentum,60,expanding,0.30876806378364563,0.33865082263946533
2017-07-19,momentum,60,expanding,0.3411209285259247,0.37534627318382263
2017-07-20,momentum,60,expanding,0.33308032155036926,0.45512324571609497
2017-07-21,momentum,60,expanding,0.27601122856140137,0.4782561957836151
2017-07-24,momentum,60,expanding,0.2891245484352112,0.40575695037841797
2017-07-25,momentum,60,expanding,0.3574759066104889,0.4092199504375458
2017-07-26,momentum,60,expanding,0.477644681930542,0.4445117712020874
2017-07-27,momentum,60,expanding,0.36459261178970337,0.44981518387794495
2017-07-28,momentum,60,expanding,0.5547059774398804,0.6288686394691467
2017-07-31,momentum,60,expanding,0.4498039186000824,0.5132699012756348
2017-08-01,momentum,60,expanding,0.5999972820281982,0.6521114110946655
2017-08-02,momentum,60,expanding,0.3336281180381775,0.4560554623603821
2017-08-03,momentum,60,expanding,0.8568978309631348,0.8420858383178711
2017-08-04,momentum,60,expanding,0.6797276735305786,0.5791710615158081
2017-08-07,momentum,60,expanding,0.4757724702358246,0.5319926738739014
2017-08-08,momentum,60,expanding,0.7355775833129883,0.575006365776062
2017-08-09,momentum,60,expanding,0.5036802291870117,0.599921464920044
2017-08-10,momentum,60,expanding,0.7819429636001587,0.7126331329345703
2017-08-11,momentum,60,expanding,0.7780951857566833,0.7184616327285767
2017-08-14,momentum,60,expanding,0.5049801468849182,0.5104047060012817
2017-08-16,momentum,60,expanding,0.40589043498039246,0.5345315933227539
2017-08-17,momentum,60,expanding,0.43839991092681885,0.483621746301651
2017-08-18,momentum,60,expanding,0.42694488167762756,0.5334701538085938
2017-08-21,momentum,60,expanding,0.32942408323287964,0.37423303723335266
2017-08-22,momentum,60,expanding,0.4816819131374359,0.37259095907211304
2017-08-23,momentum,60,expanding,0.3237645924091339,0.4911607801914215
2017-08-24,momentum,60,expanding,0.37980905175209045,0.4684906303882599
2017-08-25,momentum,60,expanding,0.5327320694923401,0.43741002678871155
2017-08-28,momentum,60,expanding,0.4839652180671692,0.47648903727531433
2017-08-29,momentum,60,expanding,0.5552597641944885,0.5979855060577393
2017-08-30,momentum,60,expanding,0.30590230226516724,0.40946120023727417
2017-08-31,momentum,60,expanding,0.4210151433944702,0.5374690890312195
2017-09-01,momentum,60,expanding,0.4371987283229828,0.5306186676025391
2017-09-04,momentum,60,expanding,0.8057117462158203,0.5769230723381042
2017-09-05,momentum,60,expanding,0.4832267165184021,0.5520524978637695
2017-09-06,momentum,60,expanding,0.387468546628952,0.4442938268184662
2017-09-07,momentum,60,expanding,0.41732683777809143,0.47752824425697327
2017-09-08,momentum,60,expanding,0.3341091275215149,0.46391919255256653
2017-09-11,momentum,60,expanding,0.42732951045036316,0.39612889289855957
2017-09-12,momentum,60,expanding,0.3838713765144348,0.3856305778026581
2017-09-13,momentum,60,expanding,0.5327839851379395,0.376164972782135
2017-09-14,momentum,60,expanding,0.5249361991882324,0.4622240364551544
2017-09-15,momentum,60,expanding,0.46454814076423645,0.5043772459030151
2017-09-18,momentum,60,expanding,0.4346604645252228,0.5075327754020691
2017-09-19,momentum,60,expanding,0.38876596093177795,0.42909398674964905
2017-09-20,momentum,60,expanding,0.4890798032283783,0.5330032706260681
2017-09-21,momentum,60,expanding,0.4668387770652771,0.45070064067840576
2017-09-22,momentum,60,expanding,0.5842754244804382,0.5594712495803833
2017-09-25,momentum,60,expanding,0.3792308568954468,0.5118719935417175
2017-09-26,momentum,60,expanding,0.5259583592414856,0.4830014705657959
2017-09-27,momentum,60,expanding,0.42178651690483093,0.4002368450164795
2017-09-28,momentum,60,expanding,0.4714265763759613,0.4931611120700836
2017-09-29,momentum,60,expanding,0.44898203015327454,0.3846301734447479
2017-10-10,momentum,60,expanding,0.3712421655654907,0.4375658929347992
2017-10-11,momentum,60,expanding,0.4241727888584137,0.41930821537971497
2017-10-12,momentum,60,expanding,0.46717745065689087,0.41673243045806885
2017-10-13,momentum,60,expanding,0.4469658434391022,0.4423079192638397
2017-10-16,momentum,60,expanding,0.4105474650859833,0.47323137521743774
2017-10-17,momentum,60,expanding,0.33732888102531433,0.3984595835208893
2017-10-18,momentum,60,expanding,0.4654833674430847,0.4592536687850952
2017-10-19,momentum,60,expanding,0.4284844398498535,0.5554612874984741
2017-10-20,momentum,60,expanding,0.3624798655509949,0.4317147433757782
2017-10-23,momentum,60,expanding,0.40933284163475037,0.4448698163032532
2017-10-24,momentum,60,expanding,0.33711370825767517,0.40352797508239746
2017-10-25,momentum,60,expanding,0.5181344151496887,0.4310753345489502
2017-10-26,momentum,60,expanding,0.3753145635128021,0.46327799558639526
2017-10-27,momentum,60,expanding,0.3487517535686493,0.4095674157142639
2017-10-30,momentum,60,expanding,0.37329038977622986,0.433640718460083
2017-10-31,momentum,60,expanding,0.4223342537879944,0.5292873978614807
2017-11-01,momentum,60,expanding,0.446273535490036,0.45759350061416626
2017-11-02,momentum,60,expanding,0.3713180422782898,0.5156593918800354
2017-11-03,momentum,60,expanding,0.48038730025291443,0.44848209619522095
2017-11-06,momentum,60,expanding,0.5408088564872742,0.5858821868896484
2017-11-07,momentum,60,expanding,0.5429577231407166,0.4644867777824402
2017-11-08,momentum,60,expanding,0.5505063533782959,0.5331718921661377
2017-11-09,momentum,60,expanding,0.5736576318740845,0.5768006443977356
2017-11-10,momentum,60,expanding,0.4346510171890259,0.47661399841308594
2017-11-13,momentum,60,expanding,0.4951433837413788,0.5326253175735474
2017-11-14,momentum,60,expanding,0.46313270926475525,0.44540631771087646
2017-11-15,momentum,60,expanding,0.5259316563606262,0.46210700273513794
2017-11-16,momentum,60,expanding,0.46143925189971924,0.48980599641799927
2017-11-17,momentum,60,expanding,0.6370275020599365,0.5189386010169983
2017-11-20,momentum,60,expanding,0.421930730342865,0.4942249655723572
2017-11-21,momentum,60,expanding,0.4664672017097473,0.40005409717559814
2017-11-22,momentum,60,expanding,0.4917849600315094,0.45061665773391724
2017-11-23,momentum,60,expanding,0.33769702911376953,0.4213859438896179
2017-11-24,momentum,60,expanding,0.30684664845466614,0.36025935411453247
2017-11-27,momentum,60,expanding,0.6317434310913086,0.6020676493644714
2017-11-28,momentum,60,expanding,0.5156184434890747,0.48897886276245117
2017-11-29,momentum,60,expanding,0.5209071040153503,0.4749099016189575
2017-11-30,momentum,60,expanding,0.6702991127967834,0.6802529096603394
2017-12-01,momentum,60,expanding,0.5584040880203247,0.529245138168335
2017-12-04,momentum,60,expanding,0.5248996019363403,0.4956216812133789
2017-12-05,momentum,60,expanding,0.5288731455802917,0.5416330099105835
2017-12-06,momentum,60,expanding,0.5514562129974365,0.6733200550079346
2017-12-07,momentum,60,expanding,0.6752933859825134,0.6817016005516052
2017-12-08,momentum,60,expanding,0.4588971436023712,0.5131253004074097
2017-12-11,momentum,60,expanding,0.47102972865104675,0.453702449798584
2017-12-12,momentum,60,expanding,0.4695582985877991,0.47826331853866577
2017-12-13,momentum,60,expanding,0.502327024936676,0.4950608015060425
2017-12-14,momentum,60,expanding,0.6140477657318115,0.7728548049926758
2017-12-15,momentum,60,expanding,0.529758870601654,0.4810341000556946
2017-12-18,momentum,60,expanding,0.4735866189002991,0.447276771068573
2017-12-19,momentum,60,expanding,0.6413977146148682,0.5147837400436401
2017-12-20,momentum,60,expanding,0.3649533987045288,0.430900514125824
2017-12-21,momentum,60,expanding,0.7004086971282959,0.7118479013442993
2017-12-22,momentum,60,expanding,0.5317792892456055,0.5712939500808716
2017-12-26,momentum,60,expanding,0.5612137913703918,0.6086803674697876
2017-12-27,momentum,60,expanding,0.5643131136894226,0.5110176205635071
2017-12-28,momentum,60,expanding,0.5650448203086853,0.5479245185852051
2018-01-02,momentum,60,expanding,0.5019598603248596,0.40402811765670776
2018-01-03,momentum,60,expanding,0.5560106635093689,0.45905518531799316
2018-01-04,momentum,60,expanding,0.6076695322990417,0.7002286911010742
2018-01-05,momentum,60,expanding,0.32537126541137695,0.476604163646698
2018-01-08,momentum,60,expanding,0.6691721081733704,0.4663988947868347
2018-01-09,momentum,60,expanding,0.5897380113601685,0.5534374117851257
2018-01-10,momentum,60,expanding,0.609798014163971,0.5158399343490601
2018-01-11,momentum,60,expanding,0.5916005969047546,0.5268082022666931
2018-01-12,momentum,60,expanding,0.6188047528266907,0.5211384892463684
2018-01-15,momentum,60,expanding,0.48673364520072937,0.49232399463653564
2018-01-16,momentum,60,expanding,0.454850971698761,0.49949318170547485
2018-01-17,momentum,60,expanding,0.5304573774337769,0.4413156509399414
2018-01-18,momentum,60,expanding,0.5020041465759277,0.4981064200401306
2018-01-19,momentum,60,expanding,0.42358022928237915,0.42143622040748596
2018-01-22,momentum,60,expanding,0.6685675382614136,0.5260549783706665
2018-01-23,momentum,60,expanding,0.5769513845443726,0.5371566414833069
2018-01-24,momentum,60,expanding,0.43366390466690063,0.4699249863624573
2018-01-25,momentum,60,expanding,0.4474602937698364,0.5447114706039429
2018-01-26,momentum,60,expanding,0.41339415311813354,0.4842557907104492
2018-01-29,momentum,60,expanding,0.4664735496044159,0.4545646905899048
2018-01-30,momentum,60,expanding,0.5407612323760986,0.528059720993042
2018-01-31,momentum,60,expanding,0.7986267805099487,0.7086856365203857
2018-02-01,momentum,60,expanding,0.5135921835899353,0.6060150861740112
2018-02-02,momentum,60,expanding,0.6944562792778015,0.7892391085624695
2018-02-06,momentum,60,expanding,1.3759223222732544,0.9203093647956848
2018-02-07,momentum,60,expanding,1.122434377670288,1.614141583442688
2018-02-08,momentum,60,expanding,1.4082813262939453,1.1314527988433838
2018-02-09,momentum,60,expanding,0.9243829846382141,1.1081273555755615
2018-02-12,momentum,60,expanding,0.7389490604400635,0.8953814506530762
2018-02-13,momentum,60,expanding,0.73525470495224,0.8717848658561707
2018-02-14,momentum,60,expanding,0.6576985716819763,0.4864562749862671
2018-02-19,momentum,60,expanding,0.7446489930152893,0.5657323598861694
2018-02-20,momentum,60,expanding,0.6013748645782471,0.6121870279312134
2018-02-21,momentum,60,expanding,0.8948333859443665,0.6580836772918701
2018-02-22,momentum,60,expanding,0.7651857137680054,0.7065721750259399
2018-02-23,momentum,60,expanding,0.5396385788917542,0.6435497403144836
2018-02-26,momentum,60,expanding,0.4442041218280792,0.5405735969543457
2018-02-27,momentum,60,expanding,0.5382550954818726,0.559607744216919
2018-02-28,momentum,60,expanding,0.6677765846252441,0.7220121026039124
2018-03-02,momentum,60,expanding,0.7076289057731628,0.725488007068634
2018-03-05,momentum,60,expanding,0.8297358751296997,0.8282942175865173
2018-03-06,momentum,60,expanding,0.5992369055747986,0.5701349973678589
2018-03-07,momentum,60,expanding,0.867876410484314,0.7511066198348999
2018-03-08,momentum,60,expanding,0.5772353410720825,0.616070032119751
2018-03-09,momentum,60,expanding,0.9048038125038147,0.7630600929260254
2018-03-12,momentum,60,expanding,0.6000621318817139,0.5270677208900452
2018-03-13,momentum,60,expanding,0.5792436003684998,0.5534991025924683
2018-03-14,momentum,60,expanding,0.5283704400062561,0.522398054599762
2018-03-15,momentum,60,expanding,0.5437148809432983,0.5934784412384033
2018-03-16,momentum,60,expanding,0.6200851202011108,0.6004263758659363
2018-03-19,momentum,60,expanding,0.6299968361854553,0.5935736894607544
2018-03-20,momentum,60,expanding,0.5908734798431396,0.659515917301178
2018-03-21,momentum,60,expanding,0.4441288709640503,0.4802873730659485
2018-03-22,momentum,60,expanding,0.6845842599868774,0.548977255821228
2018-03-23,momentum,60,expanding,0.7553704977035522,0.7659152746200562
2018-03-26,momentum,60,expanding,0.7624786496162415,0.8094004392623901
2018-03-27,momentum,60,expanding,0.5350624322891235,0.5280009508132935
2018-03-28,momentum,60,expanding,0.6733250021934509,0.5673852562904358
2018-03-29,momentum,60,expanding,0.5691547989845276,0.6655864715576172
2018-03-30,momentum,60,expanding,0.5111619830131531,0.4755329191684723
2018-04-02,momentum,60,expanding,0.6385989189147949,0.5969266891479492
2018-04-03,momentum,60,expanding,0.6424234509468079,0.5822765827178955
2018-04-04,momentum,60,expanding,0.6118529438972473,0.7005771994590759
2018-04-05,momentum,60,expanding,0.560495138168335,0.6772775650024414
2018-04-06,momentum,60,expanding,0.5418958067893982,0.5457264184951782
2018-04-09,momentum,60,expanding,0.6034669876098633,0.5180181264877319
2018-04-10,momentum,60,expanding,0.7425431609153748,0.6466332674026489
2018-04-11,momentum,60,expanding,0.525841236114502,0.4532557427883148
2018-04-12,momentum,60,expanding,0.4694683849811554,0.5030170679092407
2018-04-13,momentum,60,expanding,0.48597174882888794,0.4642965495586395
2018-04-16,momentum,60,expanding,0.4132150411605835,0.5004057884216309
2018-04-17,momentum,60,expanding,0.4030221998691559,0.43866318464279175
2018-04-18,momentum,60,expanding,0.4774610698223114,0.4143836200237274
2018-04-19,momentum,60,expanding,0.3500297963619232,0.43014782667160034
2018-04-20,momentum,60,expanding,0.3836190700531006,0.4119751751422882
2018-04-23,momentum,60,expanding,0.5986466407775879,0.3986576795578003
2018-04-24,momentum,60,expanding,0.5900663137435913,0.498409628868103
2018-04-25,momentum,60,expanding,0.5728207230567932,0.45436036586761475
2018-04-26,momentum,60,expanding,0.4661937952041626,0.5532820224761963
2018-04-27,momentum,60,expanding,0.5857178568840027,0.5151196718215942
2018-04-30,momentum,60,expanding,0.29974332451820374,0.43152961134910583
2018-05-02,momentum,60,expanding,0.5317291021347046,0.45327502489089966
2018-05-03,momentum,60,expanding,0.3803795278072357,0.4661174714565277
2018-05-04,momentum,60,expanding,0.8299641013145447,0.512889564037323
2018-05-08,momentum,60,expanding,0.6383552551269531,0.7076271176338196
2018-05-09,momentum,60,expanding,0.7415112257003784,0.5529792308807373
2018-05-10,momentum,60,expanding,0.5244550108909607,0.48829013109207153
2018-05-11,momentum,60,expanding,0.5472272038459778,0.4621622562408447
2018-05-14,momentum,60,expanding,0.40309786796569824,0.46296799182891846
2018-05-15,momentum,60,expanding,0.4819849133491516,0.5189270973205566
2018-05-16,momentum,60,expanding,0.5249876976013184,0.4630001485347748
2018-05-17,momentum,60,expanding,0.5047510266304016,0.5791947841644287
2018-05-18,momentum,60,expanding,0.3712332248687744,0.42217186093330383
2018-05-21,momentum,60,expanding,0.5899090766906738,0.493907630443573
2018-05-23,momentum,60,expanding,0.4946165978908539,0.42134490609169006
2018-05-24,momentum,60,expanding,0.5053394436836243,0.5048650503158569
2018-05-25,momentum,60,expanding,0.6100272536277771,0.49305784702301025
2018-05-28,momentum,60,expanding,0.48080870509147644,0.43842118978500366
2018-05-29,momentum,60,expanding,0.5040798187255859,0.4877220392227173
2018-05-30,momentum,60,expanding,0.8468387126922607,0.8148971199989319
2018-05-31,momentum,60,expanding,0.5873728394508362,0.5423778891563416
2018-06-01,momentum,60,expanding,0.5391277074813843,0.5855871438980103
2018-06-04,momentum,60,expanding,0.4737642705440521,0.4269617795944214
2018-06-05,momentum,60,expanding,0.6410566568374634,0.49686378240585327
2018-06-07,momentum,60,expanding,0.44492971897125244,0.3477103114128113
2018-06-08,momentum,60,expanding,0.5250526070594788,0.4608006179332733
2018-06-11,momentum,60,expanding,0.3294430077075958,0.48251551389694214
2018-06-12,momentum,60,expanding,0.572616696357727,0.48529908061027527
2018-06-14,momentum,60,expanding,0.5893105864524841,0.6503316760063171
2018-06-15,momentum,60,expanding,0.4350651800632477,0.7017121911048889
2018-06-18,momentum,60,expanding,0.593343198299408,0.7211300730705261
2018-06-19,momentum,60,expanding,0.7605105042457581,0.9127330183982849
2018-06-20,momentum,60,expanding,0.9390087723731995,0.6888830661773682
2018-06-21,momentum,60,expanding,0.6758750081062317,0.8169962167739868
2018-06-22,momentum,60,expanding,0.8111163377761841,0.785224199295044
2018-06-25,momentum,60,expanding,0.6731688976287842,0.7055827379226685
2018-06-26,momentum,60,expanding,0.8809192776679993,0.6909441351890564
2018-06-27,momentum,60,expanding,0.5887496471405029,0.6054235696792603
2018-06-28,momentum,60,expanding,0.7575209140777588,0.6664419770240784
2018-06-29,momentum,60,expanding,0.8233925104141235,0.7920267581939697
2018-07-02,momentum,60,expanding,0.7324320077896118,1.1079132556915283
2018-07-03,momentum,60,expanding,0.9579573273658752,0.9731864929199219
2018-07-04,momentum,60,expanding,0.7959365844726562,0.7526315450668335
2018-07-05,momentum,60,expanding,0.8279933333396912,0.7744532823562622
2018-07-06,momentum,60,expanding,0.8423960208892822,0.8260205984115601
2018-07-09,momentum,60,expanding,0.6719653010368347,0.6998750567436218
2018-07-10,momentum,60,expanding,0.48954758048057556,0.49071335792541504
2018-07-11,momentum,60,expanding,0.6354519724845886,0.5523110628128052
2018-07-12,momentum,60,expanding,0.5419589877128601,0.5758247375488281
2018-07-13,momentum,60,expanding,0.6637659668922424,0.5309371948242188
2018-07-16,momentum,60,expanding,0.4762515723705292,0.5294278860092163
2018-07-17,momentum,60,expanding,0.690965473651886,0.48946496844291687
2018-07-18,momentum,60,expanding,0.5686658024787903,0.6984487175941467
2018-07-19,momentum,60,expanding,0.6373439431190491,0.6001994609832764
2018-07-20,momentum,60,expanding,0.7745619416236877,0.6119945645332336
2018-07-23,momentum,60,expanding,0.7146587371826172,0.6330502033233643
2018-07-24,momentum,60,expanding,0.5560327768325806,0.5753421783447266
2018-07-25,momentum,60,expanding,0.5566564798355103,0.5607683658599854
2018-07-26,momentum,60,expanding,0.5336587429046631,0.5196933150291443
2018-07-27,momentum,60,expanding,0.48962390422821045,0.47837716341018677
2018-07-30,momentum,60,expanding,0.6040069460868835,0.46410709619522095
2018-07-31,momentum,60,expanding,0.48188090324401855,0.42516764998435974
2018-08-01,momentum,60,expanding,0.4941708743572235,0.3753528594970703
2018-08-02,momentum,60,expanding,0.5586235523223877,0.7893908619880676
2018-08-03,momentum,60,expanding,0.44794851541519165,0.5097987055778503
2018-08-06,momentum,60,expanding,0.5578210353851318,0.5080148577690125
2018-08-07,momentum,60,expanding,0.5077453255653381,0.5118467807769775
2018-08-08,momentum,60,expanding,0.3890380561351776,0.4225761294364929
2018-08-09,momentum,60,expanding,0.5795094966888428,0.38276785612106323
2018-08-10,momentum,60,expanding,0.6487257480621338,0.4681427478790283
2018-08-13,momentum,60,expanding,0.6422988772392273,0.6810297966003418
2018-08-14,momentum,60,expanding,0.4929564297199249,0.5470240712165833
2018-08-16,momentum,60,expanding,0.7887324094772339,0.6390615701675415
2018-08-17,momentum,60,expanding,0.3888016939163208,0.5380780100822449
2018-08-20,momentum,60,expanding,0.5653865933418274,0.5063749551773071
2018-08-21,momentum,60,expanding,0.502069890499115,0.5644205808639526
2018-08-22,momentum,60,expanding,0.4246906042098999,0.40159422159194946
2018-08-23,momentum,60,expanding,0.45294395089149475,0.4057832956314087
2018-08-24,momentum,60,expanding,0.5531158447265625,0.49805015325546265
2018-08-27,momentum,60,expanding,0.39814794063568115,0.38615506887435913
2018-08-28,momentum,60,expanding,0.4639572203159332,0.42336010932922363
2018-08-29,momentum,60,expanding,0.38262826204299927,0.3784465193748474
2018-08-30,momentum,60,expanding,0.47765079140663147,0.422920823097229
2018-08-31,momentum,60,expanding,0.46178141236305237,0.5219419002532959
2018-09-03,momentum,60,expanding,0.42877599596977234,0.4451863765716553
2018-09-04,momentum,60,expanding,0.3978670537471771,0.43109411001205444
2018-09-05,momentum,60,expanding,0.4446709156036377,0.5346447229385376
2018-09-06,momentum,60,expanding,0.5141736268997192,0.46238648891448975
2018-09-07,momentum,60,expanding,0.7004090547561646,0.5303124189376831
2018-09-10,momentum,60,expanding,0.378342866897583,0.4720114469528198
2018-09-11,momentum,60,expanding,0.5378327369689941,0.49622780084609985
2018-09-12,momentum,60,expanding,0.43027880787849426,0.4372384548187256
2018-09-13,momentum,60,expanding,0.42830923199653625,0.39604026079177856
2018-09-14,momentum,60,expanding,0.4561431109905243,0.3713456988334656
2018-09-17,momentum,60,expanding,0.35485967993736267,0.4611014723777771
2018-09-18,momentum,60,expanding,0.46164220571517944,0.5151188969612122
2018-09-19,momentum,60,expanding,0.44473305344581604,0.4422207474708557
2018-09-20,momentum,60,expanding,0.5008912086486816,0.47269588708877563
2018-09-21,momentum,60,expanding,0.4410775899887085,0.4187147617340088
2018-09-27,momentum,60,expanding,0.47088003158569336,0.4935351014137268
2018-09-28,momentum,60,expanding,0.4841902554035187,0.46336090564727783
2018-10-01,momentum,60,expanding,0.49436429142951965,0.47822797298431396
2018-10-02,momentum,60,expanding,0.48979651927948,0.5491992831230164
2018-10-04,momentum,60,expanding,0.7401666045188904,0.7939060926437378
2018-10-05,momentum,60,expanding,0.8065760731697083,0.6976314783096313
2018-10-08,momentum,60,expanding,0.5583558678627014,0.6171703934669495
2018-10-10,momentum,60,expanding,0.8397116661071777,0.6719332337379456
2018-10-11,momentum,60,expanding,1.0540719032287598,1.1810580492019653
2018-10-12,momentum,60,expanding,0.9823881983757019,1.0547466278076172
2018-10-15,momentum,60,expanding,0.7597327828407288,0.8652476668357849
2018-10-16,momentum,60,expanding,0.6612868905067444,0.85685133934021
2018-10-17,momentum,60,expanding,0.6689484119415283,0.5443852543830872
2018-10-18,momentum,60,expanding,0.6124942898750305,0.6234216690063477
2018-10-19,momentum,60,expanding,0.9039686322212219,0.7952054738998413
2018-10-22,momentum,60,expanding,0.6546448469161987,0.7384340763092041
2018-10-23,momentum,60,expanding,0.7986941337585449,0.9664644002914429
2018-10-24,momentum,60,expanding,1.010182499885559,0.9830546379089355
2018-10-25,momentum,60,expanding,1.2034953832626343,0.9563690423965454
2018-10-26,momentum,60,expanding,1.4175035953521729,1.2505582571029663
2018-10-29,momentum,60,expanding,1.2363507747650146,1.350217580795288
2018-10-30,momentum,60,expanding,1.4563275575637817,1.3679505586624146
2018-10-31,momentum,60,expanding,1.039060115814209,1.0371264219284058
2018-11-01,momentum,60,expanding,0.9441497325897217,1.069314956665039
2018-11-02,momentum,60,expanding,0.79137122631073,0.9896513223648071
2018-11-05,momentum,60,expanding,0.9511913061141968,0.8800935745239258
2018-11-06,momentum,60,expanding,0.9053001403808594,0.7996976375579834
2018-11-07,momentum,60,expanding,1.0367223024368286,0.9163824319839478
2018-11-08,momentum,60,expanding,0.5996521711349487,0.9157131910324097
2018-11-09,momentum,60,expanding,0.7839537858963013,0.7635229825973511
2018-11-12,momentum,60,expanding,0.6026728749275208,0.7411013841629028
2018-11-13,momentum,60,expanding,0.979345440864563,0.9534279108047485
2018-11-14,momentum,60,expanding,0.7497695684432983,0.6669456958770752
2018-11-15,momentum,60,expanding,0.9546724557876587,0.7625776529312134
2018-11-16,momentum,60,expanding,0.8288097977638245,0.6922683715820312
2018-11-19,momentum,60,expanding,0.8961883187294006,0.7160135507583618
2018-11-20,momentum,60,expanding,0.6719577312469482,0.6465120315551758
2018-11-21,momentum,60,expanding,0.5855644345283508,0.7684463262557983
2018-11-22,momentum,60,expanding,0.4870247542858124,0.6706309914588928
2018-11-23,momentum,60,expanding,0.7685167789459229,0.7440534830093384
2018-11-27,momentum,60,expanding,0.5834283232688904,0.6181366443634033
2018-11-28,momentum,60,expanding,0.4522010385990143,0.5528262257575989
2018-11-29,momentum,60,expanding,0.6047655344009399,0.6394466161727905
2018-11-30,momentum,60,expanding,0.5886905193328857,0.7141408920288086
2018-12-03,momentum,60,expanding,0.6815392374992371,0.543361246585846
2018-12-04,momentum,60,expanding,0.5445994138717651,0.6425721645355225
2018-12-05,momentum,60,expanding,0.5684342384338379,0.6413716077804565
2018-12-06,momentum,60,expanding,0.6095563173294067,0.8071072101593018
2018-12-07,momentum,60,expanding,0.592438280582428,0.6829426288604736
2018-12-10,momentum,60,expanding,0.6433858871459961,0.6963366270065308
2018-12-11,momentum,60,expanding,0.6609957218170166,0.5944864749908447
2018-12-12,momentum,60,expanding,0.695687472820282,0.570329487323761
2018-12-13,momentum,60,expanding,0.7240885496139526,0.5808597803115845
2018-12-14,momentum,60,expanding,0.7188342213630676,0.7971992492675781
2018-12-17,momentum,60,expanding,0.5307298302650452,0.5304837226867676
2018-12-18,momentum,60,expanding,0.6521278023719788,0.5977669358253479
2018-12-19,momentum,60,expanding,0.4729592204093933,0.49929526448249817
2018-12-20,momentum,60,expanding,0.8710768222808838,0.6572492122650146
2018-12-21,momentum,60,expanding,0.6061809062957764,0.5718364715576172
2018-12-24,momentum,60,expanding,0.7851643562316895,0.5592436790466309
2018-12-26,momentum,60,expanding,0.879256010055542,0.6744493246078491
2018-12-27,momentum,60,expanding,0.7809973359107971,0.6764711141586304
2018-12-28,momentum,60,expanding,0.6028027534484863,0.5847535133361816
2019-01-02,momentum,60,expanding,0.9284961819648743,0.8856685161590576
2019-01-03,momentum,60,expanding,0.7693739533424377,0.8291525840759277
2019-01-04,momentum,60,expanding,0.9603191018104553,0.757821798324585
2019-01-07,momentum,60,expanding,0.5964310169219971,0.6036120653152466
2019-01-08,momentum,60,expanding,0.5111342072486877,0.6095724701881409
2019-01-09,momentum,60,expanding,0.6108694672584534,0.7111674547195435
2019-01-10,momentum,60,expanding,0.5482217073440552,0.5402438640594482
2019-01-11,momentum,60,expanding,0.58989018201828,0.5174863338470459
2019-01-14,momentum,60,expanding,0.42138826847076416,0.5043385028839111
2019-01-15,momentum,60,expanding,0.6759468913078308,0.6202797889709473
2019-01-16,momentum,60,expanding,0.5671128630638123,0.5045732259750366
2019-01-17,momentum,60,expanding,0.6681084632873535,0.5591598749160767
2019-01-18,momentum,60,expanding,0.4454326629638672,0.4381556808948517
2019-01-21,momentum,60,expanding,0.6263444423675537,0.5255264639854431
2019-01-22,momentum,60,expanding,0.6035391688346863,0.5751582384109497
2019-01-23,momentum,60,expanding,0.5192846655845642,0.6032074689865112
2019-01-24,momentum,60,expanding,0.6640924215316772,0.5389387607574463
2019-01-25,momentum,60,expanding,0.5400760769844055,0.7029290199279785
2019-01-28,momentum,60,expanding,0.6457585692405701,0.5942845344543457
2019-01-29,momentum,60,expanding,0.5906730890274048,0.6550217866897583
2019-01-30,momentum,60,expanding,0.6510725617408752,0.594955325126648
2019-01-31,momentum,60,expanding,0.7285996079444885,0.6404818892478943
2019-02-01,momentum,60,expanding,0.5539258122444153,0.6344774961471558
2019-02-07,momentum,60,expanding,0.6790316104888916,0.6568806767463684
2019-02-08,momentum,60,expanding,0.5708925127983093,0.6274127960205078
2019-02-11,momentum,60,expanding,0.46146920323371887,0.5102845430374146
2019-02-12,momentum,60,expanding,0.5727526545524597,0.49211233854293823
2019-02-13,momentum,60,expanding,0.4470139741897583,0.41423165798187256
2019-02-14,momentum,60,expanding,0.48624977469444275,0.7242424488067627
2019-02-15,momentum,60,expanding,0.6729011535644531,0.5469104647636414
2019-02-18,momentum,60,expanding,0.4836799204349518,0.49140167236328125
2019-02-19,momentum,60,expanding,0.6155198812484741,0.556054949760437
2019-02-20,momentum,60,expanding,0.5254465341567993,0.5132730603218079
2019-02-21,momentum,60,expanding,0.5323978066444397,0.5736891031265259
2019-02-22,momentum,60,expanding,0.5406672954559326,0.5039278268814087
2019-02-25,momentum,60,expanding,0.4733019173145294,0.5118585824966431
2019-02-26,momentum,60,expanding,0.49368810653686523,0.49702227115631104
2019-02-27,momentum,60,expanding,0.5037446022033691,0.4089221954345703
2019-02-28,momentum,60,expanding,0.9239734411239624,0.7779761552810669
2019-03-04,momentum,60,expanding,0.6461186408996582,0.7223204374313354
2019-03-05,momentum,60,expanding,0.5952965617179871,0.5457747578620911
2019-03-06,momentum,60,expanding,0.5138042569160461,0.47672075033187866
2019-03-07,momentum,60,expanding,0.5759723782539368,0.6567445993423462
2019-03-08,momentum,60,expanding,0.5366950035095215,0.6162134408950806
2019-03-11,momentum,60,expanding,0.5165074467658997,0.6214585900306702
2019-03-12,momentum,60,expanding,0.5089074969291687,0.40527981519699097
2019-03-13,momentum,60,expanding,0.5591858625411987,0.517206072807312
2019-03-14,momentum,60,expanding,0.6950944662094116,0.5109825730323792
2019-03-15,momentum,60,expanding,0.6786419153213501,0.5871670842170715
2019-03-18,momentum,60,expanding,0.44907960295677185,0.47535330057144165
2019-03-19,momentum,60,expanding,0.4485452175140381,0.4541533589363098
2019-03-20,momentum,60,expanding,0.6753636598587036,0.6019800901412964
2019-03-21,momentum,60,expanding,0.6621766686439514,0.6075683832168579
2019-03-22,momentum,60,expanding,0.5033251047134399,0.5323551297187805
2019-03-25,momentum,60,expanding,0.43661531805992126,0.5576772689819336
2019-03-26,momentum,60,expanding,0.49395978450775146,0.44209399819374084
2019-03-27,momentum,60,expanding,0.6899356842041016,0.5455722212791443
2019-03-28,momentum,60,expanding,0.6706693768501282,0.5398091077804565
2019-03-29,momentum,60,expanding,0.5518298149108887,0.5493720769882202
2019-04-01,momentum,60,expanding,0.45664387941360474,0.4358365535736084
2019-04-02,momentum,60,expanding,0.3614421486854553,0.3951418101787567
2019-04-03,momentum,60,expanding,0.5156674385070801,0.5365109443664551
2019-04-04,momentum,60,expanding,0.5919870734214783,0.5516787767410278
2019-04-05,momentum,60,expanding,0.5192545652389526,0.4746231138706207
2019-04-08,momentum,60,expanding,0.5123612880706787,0.5160887241363525
2019-04-09,momentum,60,expanding,0.4496856927871704,0.5182536244392395
2019-04-10,momentum,60,expanding,0.4801422655582428,0.5088192224502563
2019-04-11,momentum,60,expanding,0.5340375900268555,0.49059391021728516
2019-04-12,momentum,60,expanding,0.4402812719345093,0.5088875889778137
2019-04-15,momentum,60,expanding,0.4074706733226776,0.42071613669395447
2019-04-16,momentum,60,expanding,0.321991890668869,0.4433775544166565
2019-04-17,momentum,60,expanding,0.4384206533432007,0.38879072666168213
2019-04-18,momentum,60,expanding,0.5309156179428101,0.7424562573432922
2019-04-19,momentum,60,expanding,0.4144327938556671,0.45970046520233154
2019-04-22,momentum,60,expanding,0.5566577911376953,0.5567997097969055
2019-04-23,momentum,60,expanding,0.4070170819759369,0.4264802932739258
2019-04-24,momentum,60,expanding,0.6195574402809143,0.6834333539009094
2019-04-25,momentum,60,expanding,0.5548557639122009,0.49122822284698486
2019-04-26,momentum,60,expanding,0.7215267419815063,0.5433071255683899
2019-04-29,momentum,60,expanding,0.5249147415161133,0.611994743347168
2019-04-30,momentum,60,expanding,0.6858347654342651,0.6960591077804565
2019-05-02,momentum,60,expanding,0.5986621379852295,0.5718857049942017
2019-05-03,momentum,60,expanding,0.4779373109340668,0.5197322964668274
2019-05-07,momentum,60,expanding,0.5830387473106384,0.5088497996330261
2019-05-08,momentum,60,expanding,0.6274087429046631,0.6236552000045776
2019-05-09,momentum,60,expanding,0.7362841963768005,1.2711890935897827
2019-05-10,momentum,60,expanding,1.313459038734436,0.9917018413543701
2019-05-13,momentum,60,expanding,0.6890861988067627,1.0023423433303833
2019-05-14,momentum,60,expanding,0.8569478392601013,1.0340626239776611
2019-05-15,momentum,60,expanding,0.6930093765258789,0.7085188031196594
2019-05-16,momentum,60,expanding,0.7359275817871094,0.7811532616615295
2019-05-17,momentum,60,expanding,0.6551961302757263,0.8765943050384521
2019-05-20,momentum,60,expanding,0.7725394368171692,0.7724642753601074
2019-05-21,momentum,60,expanding,0.6395137906074524,0.6651034951210022
2019-05-22,momentum,60,expanding,0.7309623956680298,0.6556543707847595
2019-05-23,momentum,60,expanding,0.7258368730545044,0.6432270407676697
2019-05-24,momentum,60,expanding,0.7309144139289856,0.6580259203910828
2019-05-27,momentum,60,expanding,0.6795933842658997,0.6786273717880249
2019-05-28,momentum,60,expanding,0.7112939953804016,0.6211743950843811
2019-05-29,momentum,60,expanding,0.7383555173873901,0.7134436368942261
2019-05-30,momentum,60,expanding,0.7144889831542969,0.6259309649467468
2019-05-31,momentum,60,expanding,0.841723620891571,0.7147135734558105
2019-06-03,momentum,60,expanding,0.6695592403411865,0.807988166809082
2019-06-04,momentum,60,expanding,0.624247133731842,0.5459634065628052
2019-06-05,momentum,60,expanding,0.5153022408485413,0.6075454354286194
2019-06-07,momentum,60,expanding,0.6764708161354065,0.6032971739768982
2019-06-10,momentum,60,expanding,0.4818452298641205,0.5461995601654053
2019-06-11,momentum,60,expanding,0.47041159868240356,0.5255205035209656
2019-06-12,momentum,60,expanding,0.5863049030303955,0.5521003603935242
2019-06-13,momentum,60,expanding,0.7455524802207947,0.6444389224052429
2019-06-14,momentum,60,expanding,0.865125298500061,0.5689860582351685
2019-06-17,momentum,60,expanding,0.42477619647979736,0.5798568725585938
2019-06-18,momentum,60,expanding,0.5229542851448059,0.47894710302352905
2019-06-19,momentum,60,expanding,0.43571388721466064,0.38957759737968445
2019-06-20,momentum,60,expanding,0.431767076253891,0.4188116490840912
2019-06-21,momentum,60,expanding,0.37728238105773926,0.44011151790618896
2019-06-24,momentum,60,expanding,0.4593243896961212,0.4020567536354065
2019-06-25,momentum,60,expanding,0.5151219367980957,0.5257090926170349
2019-06-26,momentum,60,expanding,0.4039747714996338,0.4332444369792938
2019-06-27,momentum,60,expanding,0.6148307919502258,0.54974365234375
2019-06-28,momentum,60,expanding,0.5435868501663208,0.5009989738464355
2019-07-01,momentum,60,expanding,0.5925321578979492,0.5543572902679443
2019-07-02,momentum,60,expanding,0.5319616794586182,0.5047544240951538
2019-07-03,momentum,60,expanding,0.6809259057044983,0.6386011838912964
2019-07-04,momentum,60,expanding,0.5308392643928528,0.6017581820487976
2019-07-05,momentum,60,expanding,0.5959734320640564,0.5713901519775391
2019-07-08,momentum,60,expanding,0.7311242818832397,0.7167601585388184
2019-07-09,momentum,60,expanding,0.6331754326820374,0.7571429014205933
2019-07-10,momentum,60,expanding,0.5322354435920715,0.4792254865169525
2019-07-11,momentum,60,expanding,0.6092575788497925,0.5249028205871582
2019-07-12,momentum,60,expanding,0.49427682161331177,0.4767312705516815
2019-07-15,momentum,60,expanding,0.5757436752319336,0.5009034872055054
2019-07-16,momentum,60,expanding,0.684499979019165,0.4551604092121124
2019-07-17,momentum,60,expanding,0.5347871780395508,0.4791533350944519
2019-07-18,momentum,60,expanding,0.6085167527198792,0.5102952718734741
2019-07-19,momentum,60,expanding,0.5437366962432861,0.5131858587265015
2019-07-22,momentum,60,expanding,0.511214017868042,0.4888402819633484
2019-07-23,momentum,60,expanding,0.4999435842037201,0.4298968017101288
2019-07-24,momentum,60,expanding,0.5793746709823608,0.5695757865905762
2019-07-25,momentum,60,expanding,0.7161237001419067,0.6404566764831543
2019-07-26,momentum,60,expanding,0.5782991647720337,0.5459579229354858
2019-07-29,momentum,60,expanding,0.8799095749855042,0.8154233694076538
2019-07-30,momentum,60,expanding,0.4764111638069153,0.6166957020759583
2019-07-31,momentum,60,expanding,0.9222174286842346,0.7320324182510376
2019-08-01,momentum,60,expanding,0.6884154677391052,0.6738910675048828
2019-08-02,momentum,60,expanding,0.8489646315574646,0.6138883233070374
2019-08-05,momentum,60,expanding,1.0211527347564697,1.0075709819793701
2019-08-06,momentum,60,expanding,1.4848040342330933,1.3927732706069946
2019-08-07,momentum,60,expanding,1.0996208190917969,1.1221287250518799
2019-08-08,momentum,60,expanding,0.9281580448150635,0.9309271574020386
2019-08-09,momentum,60,expanding,0.5159913897514343,0.6204084157943726
2019-08-12,momentum,60,expanding,0.5666806697845459,0.6692633628845215
2019-08-13,momentum,60,expanding,0.6010146737098694,0.5628432035446167
2019-08-14,momentum,60,expanding,0.5366671681404114,0.544755220413208
2019-08-16,momentum,60,expanding,0.506742000579834,0.6050406694412231
2019-08-19,momentum,60,expanding,0.43808621168136597,0.5480395555496216
2019-08-20,momentum,60,expanding,0.5513105988502502,0.6295558214187622
2019-08-21,momentum,60,expanding,0.49984392523765564,0.5340662002563477
2019-08-22,momentum,60,expanding,0.6450490951538086,0.5554397106170654
2019-08-23,momentum,60,expanding,0.5643259286880493,0.5664576292037964
2019-08-26,momentum,60,expanding,0.5931362509727478,0.5471842288970947
2019-08-27,momentum,60,expanding,0.5408018827438354,0.567604660987854
2019-08-28,momentum,60,expanding,0.506738007068634,0.49901220202445984
2019-08-29,momentum,60,expanding,0.7708847522735596,0.563511848449707
2019-08-30,momentum,60,expanding,0.48729997873306274,0.5560261011123657
2019-09-02,momentum,60,expanding,0.4206036329269409,0.4873649775981903
2019-09-03,momentum,60,expanding,0.4607470631599426,0.48503080010414124
2019-09-04,momentum,60,expanding,0.640845537185669,0.5377107262611389
2019-09-05,momentum,60,expanding,0.5175228118896484,0.5864991545677185
2019-09-06,momentum,60,expanding,0.44188112020492554,0.4809286892414093
2019-09-10,momentum,60,expanding,0.46454718708992004,0.4319651126861572
2019-09-11,momentum,60,expanding,0.589183509349823,0.4090798497200012
2019-09-16,momentum,60,expanding,0.557336151599884,0.4695160984992981
2019-09-17,momentum,60,expanding,0.38927358388900757,0.4529029130935669
2019-09-18,momentum,60,expanding,0.5622158050537109,0.4747822880744934
2019-09-19,momentum,60,expanding,0.6158508658409119,0.5257124900817871
2019-09-20,momentum,60,expanding,0.45134010910987854,0.5077243447303772
2019-09-23,momentum,60,expanding,0.40426698327064514,0.42811495065689087
2019-09-24,momentum,60,expanding,0.5260156989097595,0.4929906129837036
2019-09-25,momentum,60,expanding,0.696188747882843,0.5314841866493225
2019-09-26,momentum,60,expanding,0.5150355696678162,0.6720896363258362
2019-09-27,momentum,60,expanding,0.4885396361351013,0.5898259282112122
2019-09-30,momentum,60,expanding,0.5457361936569214,0.5962109565734863
2019-10-01,momentum,60,expanding,0.5716477036476135,0.5416492223739624
2019-10-02,momentum,60,expanding,0.49776527285575867,0.6084365248680115
2019-10-04,momentum,60,expanding,0.8837995529174805,0.5823145508766174
2019-10-07,momentum,60,expanding,0.6089436411857605,0.6455793976783752
2019-10-08,momentum,60,expanding,0.5952094197273254,0.5732767581939697
2019-10-10,momentum,60,expanding,1.0106066465377808,0.7035382986068726
2019-10-11,momentum,60,expanding,0.4605243504047394,0.5897597670555115
2019-10-14,momentum,60,expanding,0.5854535698890686,0.36251550912857056
2019-10-15,momentum,60,expanding,0.6064587831497192,0.44330474734306335
2019-10-16,momentum,60,expanding,0.597989559173584,0.5108806490898132
2019-10-17,momentum,60,expanding,0.5591029524803162,0.48481324315071106
2019-10-18,momentum,60,expanding,0.7058666944503784,0.6555131673812866
2019-10-21,momentum,60,expanding,0.5290701985359192,0.4913614094257355
2019-10-22,momentum,60,expanding,0.6156244277954102,0.48823702335357666
2019-10-23,momentum,60,expanding,0.509513795375824,0.48023316264152527
2019-10-24,momentum,60,expanding,0.6548182368278503,0.5619471073150635
2019-10-25,momentum,60,expanding,0.5107179880142212,0.4483232796192169
2019-10-28,momentum,60,expanding,0.5885730981826782,0.4783426821231842
2019-10-29,momentum,60,expanding,0.49375781416893005,0.5266859531402588
2019-10-30,momentum,60,expanding,0.6974592208862305,0.5093376636505127
2019-10-31,momentum,60,expanding,0.4534759819507599,0.5329341888427734
2019-11-01,momentum,60,expanding,0.6286191940307617,0.47534117102622986
2019-11-04,momentum,60,expanding,0.5168917775154114,0.4887712001800537
2019-11-05,momentum,60,expanding,0.4885944128036499,0.4946480095386505
2019-11-06,momentum,60,expanding,0.682083249092102,0.5440800189971924
2019-11-07,momentum,60,expanding,0.6206656098365784,0.5290743112564087
2019-11-08,momentum,60,expanding,0.7145220637321472,0.6206842660903931
2019-11-11,momentum,60,expanding,0.5903803110122681,0.5866899490356445
2019-11-12,momentum,60,expanding,0.6194489002227783,0.5461788177490234
2019-11-13,momentum,60,expanding,0.5121188759803772,0.49085691571235657
2019-11-14,momentum,60,expanding,0.8766803741455078,0.5562395453453064
2019-11-15,momentum,60,expanding,0.7431917190551758,0.6447665691375732
2019-11-18,momentum,60,expanding,0.45491695404052734,0.5823564529418945
2019-11-19,momentum,60,expanding,0.7765365242958069,0.5630790591239929
2019-11-20,momentum,60,expanding,0.630942165851593,0.6003892421722412
2019-11-21,momentum,60,expanding,0.8004124760627747,0.9134283065795898
2019-11-22,momentum,60,expanding,0.6115705966949463,0.5944357514381409
2019-11-25,momentum,60,expanding,0.678887665271759,0.48705077171325684
2019-11-26,momentum,60,expanding,0.6483119130134583,0.6046247482299805
2019-11-27,momentum,60,expanding,0.7303999066352844,0.562443196773529
2019-11-28,momentum,60,expanding,0.5263721942901611,0.49086275696754456
2019-11-29,momentum,60,expanding,0.7231086492538452,0.8013021945953369
2019-12-02,momentum,60,expanding,0.46694156527519226,0.609732985496521
2019-12-03,momentum,60,expanding,0.5842627286911011,0.6185089349746704
2019-12-04,momentum,60,expanding,0.613386869430542,0.515920877456665
2019-12-05,momentum,60,expanding,0.5639214515686035,0.7697329521179199
2019-12-06,momentum,60,expanding,0.5755423903465271,0.47155633568763733
2019-12-09,momentum,60,expanding,0.6014270186424255,0.45887911319732666
2019-12-10,momentum,60,expanding,0.553221583366394,0.5295931100845337
2019-12-11,momentum,60,expanding,0.5910823941230774,0.5389057993888855
2019-12-12,momentum,60,expanding,0.5365520715713501,0.475269615650177
2019-12-13,momentum,60,expanding,0.5048814415931702,0.4339001476764679
2019-12-16,momentum,60,expanding,0.4599721431732178,0.45156484842300415
2019-12-17,momentum,60,expanding,0.6691942811012268,0.5599519610404968
2019-12-18,momentum,60,expanding,0.7434670329093933,0.5624384880065918
2019-12-19,momentum,60,expanding,0.49151647090911865,0.5785409212112427
2019-12-20,momentum,60,expanding,0.5862804651260376,0.49296069145202637
2019-12-23,momentum,60,expanding,0.4740941822528839,0.5271489024162292
2019-12-24,momentum,60,expanding,0.517912745475769,0.5346603393554688
2019-12-26,momentum,60,expanding,0.49919620156288147,0.504287600517273
2019-12-27,momentum,60,expanding,0.7513454556465149,0.8004668951034546
2019-12-30,momentum,60,expanding,0.5212078094482422,0.5105248093605042
2013-12-19,extended,60,expanding,0.4802798330783844,0.6868759989738464
2013-12-20,extended,60,expanding,0.5645997524261475,0.565618634223938
2013-12-23,extended,60,expanding,0.4692802131175995,0.46116894483566284
2013-12-24,extended,60,expanding,0.3759242594242096,0.5034624934196472
2013-12-26,extended,60,expanding,0.34329724311828613,0.5077443718910217
2013-12-27,extended,60,expanding,0.4054294526576996,0.5621811151504517
2013-12-30,extended,60,expanding,0.3975583612918854,0.49178963899612427
2014-01-02,extended,60,expanding,0.745618999004364,0.8123361468315125
2014-01-03,extended,60,expanding,0.8317349553108215,0.9001998901367188
2014-01-06,extended,60,expanding,0.6694515347480774,0.7672826051712036
2014-01-07,extended,60,expanding,0.669123649597168,0.674950361251831
2014-01-08,extended,60,expanding,0.6145573854446411,0.5868293642997742
2014-01-09,extended,60,expanding,0.7255804538726807,0.6361207962036133
2014-01-10,extended,60,expanding,0.8143007755279541,0.7551208734512329
2014-01-13,extended,60,expanding,0.5097299814224243,0.6234505772590637
2014-01-14,extended,60,expanding,0.6865121126174927,0.690443217754364
2014-01-15,extended,60,expanding,0.4559510350227356,0.5082082748413086
2014-01-16,extended,60,expanding,0.6030573844909668,0.5273603200912476
2014-01-17,extended,60,expanding,0.5502644181251526,0.6580031514167786
2014-01-20,extended,60,expanding,0.5513416528701782,0.636690080165863
2014-01-21,extended,60,expanding,0.4076211452484131,0.5669580698013306
2014-01-22,extended,60,expanding,0.40055933594703674,0.4735789895057678
2014-01-23,extended,60,expanding,0.5581960678100586,0.6297708749771118
2014-01-24,extended,60,expanding,0.6551957726478577,0.6240102648735046
2014-01-27,extended,60,expanding,0.6563228964805603,0.7203491926193237
2014-01-28,extended,60,expanding,0.5331621766090393,0.5823251008987427
2014-01-29,extended,60,expanding,0.48386818170547485,0.5649515390396118
2014-02-03,extended,60,expanding,0.48515626788139343,0.6563165783882141
2014-02-04,extended,60,expanding,0.6177616119384766,0.49269920587539673
2014-02-05,extended,60,expanding,0.48677340149879456,0.6164799928665161
2014-02-06,extended,60,expanding,0.5684754848480225,0.458334743976593
2014-02-07,extended,60,expanding,0.4129472076892853,0.5191879868507385
2014-02-10,extended,60,expanding,0.47753435373306274,0.525941789150238
2014-02-11,extended,60,expanding,0.43266043066978455,0.44388246536254883
2014-02-12,extended,60,expanding,0.4157121181488037,0.44785457849502563
2014-02-13,extended,60,expanding,0.5321779251098633,0.6454311609268188
2014-02-14,extended,60,expanding,0.434893935918808,0.5715150237083435
2014-02-17,extended,60,expanding,0.4411637485027313,0.5147160291671753
2014-02-18,extended,60,expanding,0.45545241236686707,0.5341150760650635
2014-02-19,extended,60,expanding,0.518359363079071,0.529495894908905
2014-02-20,extended,60,expanding,0.5712036490440369,0.5306829810142517
2014-02-21,extended,60,expanding,0.29227060079574585,0.47454655170440674
2014-02-24,extended,60,expanding,0.49615779519081116,0.6442477703094482
2014-02-25,extended,60,expanding,0.38584572076797485,0.5368053317070007
2014-02-26,extended,60,expanding,0.3889131247997284,0.5655649304389954
2014-02-27,extended,60,expanding,0.3689154386520386,0.49333569407463074
2014-02-28,extended,60,expanding,0.5748443007469177,0.36397525668144226
2014-03-03,extended,60,expanding,0.4905202388763428,0.5049659609794617
2014-03-04,extended,60,expanding,0.37311920523643494,0.4725559949874878
2014-03-05,extended,60,expanding,0.2957846224308014,0.3232315182685852
2014-03-06,extended,60,expanding,0.36687254905700684,0.4026299715042114
2014-03-07,extended,60,expanding,0.3595428168773651,0.46970802545547485
2014-03-10,extended,60,expanding,0.3966376781463623,0.44415682554244995
2014-03-11,extended,60,expanding,0.36216235160827637,0.4857213795185089
2014-03-12,extended,60,expanding,0.524066150188446,0.687362015247345
2014-03-13,extended,60,expanding,0.7643156051635742,0.6190350651741028
2014-03-14,extended,60,expanding,0.4917987585067749,0.6648011803627014
2014-03-17,extended,60,expanding,0.4402579963207245,0.5343896746635437
2014-03-18,extended,60,expanding,0.4034605026245117,0.49720650911331177
2014-03-19,extended,60,expanding,0.3771732449531555,0.4463861584663391
2014-03-20,extended,60,expanding,0.4977089464664459,0.474573016166687
2014-03-21,extended,60,expanding,0.30561572313308716,0.34042227268218994
2014-03-24,extended,60,expanding,0.559593141078949,0.5049335956573486
2014-03-25,extended,60,expanding,0.4739501178264618,0.47936469316482544
2014-03-26,extended,60,expanding,0.36362791061401367,0.3099205493927002
2014-03-27,extended,60,expanding,0.3300192952156067,0.4188215136528015
2014-03-28,extended,60,expanding,0.44567808508872986,0.4827769100666046
2014-03-31,extended,60,expanding,0.5329056978225708,0.4900650382041931
2014-04-01,extended,60,expanding,0.4536745250225067,0.47355514764785767
2014-04-02,extended,60,expanding,0.23820100724697113,0.36920374631881714
2014-04-03,extended,60,expanding,0.34250250458717346,0.46323272585868835
2014-04-04,extended,60,expanding,0.38496485352516174,0.4782419800758362
2014-04-07,extended,60,expanding,0.500297486782074,0.4738043248653412
2014-04-08,extended,60,expanding,0.4536314010620117,0.5393747687339783
2014-04-09,extended,60,expanding,0.3730706572532654,0.43318605422973633
2014-04-10,extended,60,expanding,0.5009900331497192,0.4740956425666809
2014-04-11,extended,60,expanding,0.4051493704319,0.49072498083114624
2014-04-14,extended,60,expanding,0.4609493315219879,0.48874497413635254
2014-04-15,extended,60,expanding,0.399847149848938,0.572052001953125
2014-04-16,extended,60,expanding,0.3478138744831085,0.42512544989585876
2014-04-17,extended,60,expanding,0.34906005859375,0.45007824897766113
2014-04-18,extended,60,expanding,0.33066025376319885,0.3589814007282257
2014-04-21,extended,60,expanding,0.32748717069625854,0.5023895502090454
2014-04-22,extended,60,expanding,0.3983100354671478,0.4382961392402649
2014-04-23,extended,60,expanding,0.3814510107040405,0.47432294487953186
2014-04-24,extended,60,expanding,0.3600698709487915,0.49282851815223694
2014-04-25,extended,60,expanding,0.37953928112983704,0.679578423500061
2014-04-28,extended,60,expanding,0.46890783309936523,0.49696508049964905
2014-04-29,extended,60,expanding,0.44847768545150757,0.5594769716262817
2014-04-30,extended,60,expanding,0.34163931012153625,0.5450109839439392
2014-05-02,extended,60,expanding,0.34048426151275635,0.4907799959182739
2014-05-07,extended,60,expanding,0.48494961857795715,0.5997582674026489
2014-05-08,extended,60,expanding,0.4457767903804779,0.5455487370491028
2014-05-09,extended,60,expanding,0.3955535292625427,0.46415260434150696
2014-05-12,extended,60,expanding,0.3764047920703888,0.5071781873703003
2014-05-13,extended,60,expanding,0.37235310673713684,0.46941709518432617
2014-05-14,extended,60,expanding,0.4369126856327057,0.41365039348602295
2014-05-15,extended,60,expanding,0.3573453724384308,0.4738924205303192
2014-05-16,extended,60,expanding,0.48168161511421204,0.580488920211792
2014-05-19,extended,60,expanding,0.5512502193450928,0.5320165157318115
2014-05-20,extended,60,expanding,0.3573944866657257,0.4933311939239502
2014-05-21,extended,60,expanding,0.42510923743247986,0.4928126931190491
2014-05-22,extended,60,expanding,0.40926021337509155,0.46276038885116577
2014-05-23,extended,60,expanding,0.26510220766067505,0.39033129811286926
2014-05-26,extended,60,expanding,0.39929500222206116,0.42947667837142944
2014-05-27,extended,60,expanding,0.640454888343811,0.6149150133132935
2014-05-28,extended,60,expanding,0.42676830291748047,0.43610304594039917
2014-05-29,extended,60,expanding,0.271896630525589,0.5578217506408691
2014-05-30,extended,60,expanding,0.6504426002502441,0.5858952403068542
2014-06-02,extended,60,expanding,0.39264827966690063,0.43637093901634216
2014-06-03,extended,60,expanding,0.6050076484680176,0.5998976230621338
2014-06-05,extended,60,expanding,0.4381760358810425,0.5805298089981079
2014-06-09,extended,60,expanding,0.4332506060600281,0.662053644657135
2014-06-10,extended,60,expanding,0.497761070728302,0.4346811771392822
2014-06-11,extended,60,expanding,0.4036683440208435,0.43418222665786743
2014-06-12,extended,60,expanding,0.37406954169273376,0.49818384647369385
2014-06-13,extended,60,expanding,0.5038783550262451,0.6209906935691833
2014-06-16,extended,60,expanding,0.31889334321022034,0.4929942488670349
2014-06-17,extended,60,expanding,0.3169383704662323,0.4504290521144867
2014-06-18,extended,60,expanding,0.38902604579925537,0.5358981490135193
2014-06-19,extended,60,expanding,0.3365156352519989,0.455857515335083
2014-06-20,extended,60,expanding,0.4684540331363678,0.6001747250556946
2014-06-23,extended,60,expanding,0.46746909618377686,0.44053614139556885
2014-06-24,extended,60,expanding,0.38460901379585266,0.4944595694541931
2014-06-25,extended,60,expanding,0.36639097332954407,0.5039206743240356
2014-06-26,extended,60,expanding,0.6237085461616516,0.4289294481277466
2014-06-27,extended,60,expanding,0.4566969573497772,0.49791616201400757
2014-06-30,extended,60,expanding,0.4211379885673523,0.4012835621833801
2014-07-01,extended,60,expanding,0.32784396409988403,0.486333429813385
2014-07-02,extended,60,expanding,0.4311951994895935,0.4177946448326111
2014-07-03,extended,60,expanding,0.31473687291145325,0.4595656394958496
2014-07-04,extended,60,expanding,0.3744121193885803,0.5068293213844299
2014-07-07,extended,60,expanding,0.3816891312599182,0.4760267734527588
2014-07-08,extended,60,expanding,0.47110578417778015,0.4430559575557709
2014-07-09,extended,60,expanding,0.33105847239494324,0.4538331925868988
2014-07-10,extended,60,expanding,0.2946808636188507,0.4297773540019989
2014-07-11,extended,60,expanding,0.299632728099823,0.3611818253993988
2014-07-14,extended,60,expanding,0.3919379413127899,0.5065233111381531
2014-07-15,extended,60,expanding,0.4075967073440552,0.3803594708442688
2014-07-16,extended,60,expanding,0.3580271005630493,0.45308414101600647
2014-07-17,extended,60,expanding,0.2885514497756958,0.4795679450035095
2014-07-18,extended,60,expanding,0.3028152585029602,0.5101893544197083
2014-07-21,extended,60,expanding,0.3475781977176666,0.5959954261779785
2014-07-22,extended,60,expanding,0.3701283931732178,0.4162944555282593
2014-07-23,extended,60,expanding,0.3371528685092926,0.46736249327659607
2014-07-24,extended,60,expanding,0.39256781339645386,0.43506792187690735
2014-07-25,extended,60,expanding,0.3915499150753021,0.49532219767570496
2014-07-28,extended,60,expanding,0.3961150646209717,0.5237776637077332
2014-07-29,extended,60,expanding,0.4402754008769989,0.4194317162036896
2014-07-30,extended,60,expanding,0.526376485824585,0.541888415813446
2014-07-31,extended,60,expanding,0.6873292326927185,0.6383041739463806
2014-08-01,extended,60,expanding,0.5611398220062256,0.6411744356155396
2014-08-04,extended,60,expanding,0.5234078168869019,0.5880962014198303
2014-08-05,extended,60,expanding,0.5006744265556335,0.6105385422706604
2014-08-06,extended,60,expanding,0.4210095703601837,0.5657061338424683
2014-08-07,extended,60,expanding,0.42803072929382324,0.6073289513587952
2014-08-08,extended,60,expanding,0.5490504503250122,0.647131085395813
2014-08-11,extended,60,expanding,0.40855854749679565,0.5796436667442322
2014-08-12,extended,60,expanding,0.4580853581428528,0.6221199631690979
2014-08-13,extended,60,expanding,0.37273913621902466,0.4655781388282776
2014-08-14,extended,60,expanding,0.4185151755809784,0.49133020639419556
2014-08-18,extended,60,expanding,0.5593621134757996,0.625169575214386
2014-08-19,extended,60,expanding,0.3205721080303192,0.38258087635040283
2014-08-20,extended,60,expanding,0.4542844891548157,0.5495549440383911
2014-08-21,extended,60,expanding,0.5047451853752136,0.6860057711601257
2014-08-22,extended,60,expanding,0.42705103754997253,0.49803975224494934
2014-08-25,extended,60,expanding,0.5974487066268921,0.5933756828308105
2014-08-26,extended,60,expanding,0.35681435465812683,0.48075395822525024
2014-08-27,extended,60,expanding,0.45551103353500366,0.44932371377944946
2014-08-28,extended,60,expanding,0.3276829421520233,0.5657269358634949
2014-08-29,extended,60,expanding,0.5166975855827332,0.5455068945884705
2014-09-01,extended,60,expanding,0.4261971712112427,0.5343447923660278
2014-09-02,extended,60,expanding,0.39515647292137146,0.49896928668022156
2014-09-03,extended,60,expanding,0.5543261766433716,0.477967232465744
2014-09-04,extended,60,expanding,0.4892235994338989,0.5674212574958801
2014-09-05,extended,60,expanding,0.4081699252128601,0.6223151087760925
2014-09-11,extended,60,expanding,0.7266973853111267,0.5639498829841614
2014-09-12,extended,60,expanding,0.45908480882644653,0.5223478078842163
2014-09-15,extended,60,expanding,0.43585526943206787,0.588405430316925
2014-09-16,extended,60,expanding,0.29281413555145264,0.5016113519668579
2014-09-17,extended,60,expanding,0.3773850202560425,0.30649659037590027
2014-09-18,extended,60,expanding,0.38079288601875305,0.5370379090309143
2014-09-19,extended,60,expanding,0.32510820031166077,0.44085144996643066
2014-09-22,extended,60,expanding,0.4344882667064667,0.5410774946212769
2014-09-23,extended,60,expanding,0.5151246786117554,0.4688730835914612
2014-09-24,extended,60,expanding,0.48339393734931946,0.5215300917625427
2014-09-25,extended,60,expanding,0.41328656673431396,0.502565324306488
2014-09-26,extended,60,expanding,0.4192606508731842,0.5435552000999451
2014-09-29,extended,60,expanding,0.49092257022857666,0.521517813205719
2014-09-30,extended,60,expanding,0.41856661438941956,0.6021604537963867
2014-10-01,extended,60,expanding,0.319396048784256,0.6094983816146851
2014-10-02,extended,60,expanding,0.6898202896118164,0.6334607005119324
2014-10-06,extended,60,expanding,0.5242727994918823,0.6839442253112793
2014-10-07,extended,60,expanding,0.48625707626342773,0.5745286345481873
2014-10-08,extended,60,expanding,0.5505924224853516,0.5171487331390381
2014-10-10,extended,60,expanding,0.5369288325309753,0.7175023555755615
2014-10-13,extended,60,expanding,0.7364109754562378,0.6140652298927307
2014-10-14,extended,60,expanding,0.5962259769439697,0.5917953252792358
2014-10-15,extended,60,expanding,0.6676353812217712,0.5695217847824097
2014-10-16,extended,60,expanding,0.6282262206077576,0.6325669884681702
2014-10-17,extended,60,expanding,0.6876258254051208,0.7637757658958435
2014-10-20,extended,60,expanding,0.37683233618736267,0.4429069757461548
2014-10-21,extended,60,expanding,0.5305242538452148,0.5389602780342102
2014-10-22,extended,60,expanding,0.43929898738861084,0.368980348110199
2014-10-23,extended,60,expanding,0.7639013528823853,0.570294201374054
2014-10-24,extended,60,expanding,0.6702686548233032,0.6487834453582764
2014-10-27,extended,60,expanding,0.37802091240882874,0.5574943423271179
2014-10-28,extended,60,expanding,0.38197293877601624,0.46108171343803406
2014-10-29,extended,60,expanding,0.594934344291687,0.4924514591693878
2014-10-30,extended,60,expanding,0.6260377168655396,0.4823426306247711
2014-10-31,extended,60,expanding,0.6257348656654358,0.5379546880722046
2014-11-03,extended,60,expanding,0.515155017375946,0.5508222579956055
2014-11-04,extended,60,expanding,0.5852339863777161,0.7046986222267151
2014-11-05,extended,60,expanding,0.5266709923744202,0.7196260690689087
2014-11-06,extended,60,expanding,0.6433539390563965,0.5229501128196716
2014-11-07,extended,60,expanding,0.4979962408542633,0.6344846487045288
2014-11-10,extended,60,expanding,0.44324466586112976,0.5041053295135498
2014-11-11,extended,60,expanding,0.4197333753108978,0.476591557264328
2014-11-12,extended,60,expanding,0.3930705487728119,0.44838088750839233
2014-11-13,extended,60,expanding,0.4306841790676117,0.5469052195549011
2014-11-14,extended,60,expanding,0.6694947481155396,0.6156960725784302
2014-11-17,extended,60,expanding,0.6341668963432312,0.5518519282341003
2014-11-18,extended,60,expanding,0.5666394233703613,0.5390422940254211
2014-11-19,extended,60,expanding,0.5010617971420288,0.5269743800163269
2014-11-20,extended,60,expanding,0.5156674385070801,0.5146791934967041
2014-11-21,extended,60,expanding,0.3318023085594177,0.5251179337501526
2014-11-24,extended,60,expanding,0.3079932928085327,0.39424455165863037
2014-11-25,extended,60,expanding,0.4751070439815521,0.43033739924430847
2014-11-26,extended,60,expanding,0.41046422719955444,0.3877265453338623
2014-11-27,extended,60,expanding,0.42532575130462646,0.3987295627593994
2014-11-28,extended,60,expanding,0.4311489462852478,0.49913516640663147
2014-12-01,extended,60,expanding,0.42047595977783203,0.5821137428283691
2014-12-02,extended,60,expanding,0.41847506165504456,0.5365887880325317
2014-12-03,extended,60,expanding,0.4373069703578949,0.3945399522781372
2014-12-04,extended,60,expanding,0.3401705324649811,0.38122400641441345
2014-12-05,extended,60,expanding,0.29264354705810547,0.38490647077560425
2014-12-08,extended,60,expanding,0.3012259304523468,0.3952005207538605
2014-12-09,extended,60,expanding,0.31311747431755066,0.4301915168762207
2014-12-10,extended,60,expanding,0.47854897379875183,0.49787771701812744
2014-12-11,extended,60,expanding,0.6749274134635925,0.6778058409690857
2014-12-12,extended,60,expanding,0.502571702003479,0.5497181415557861
2014-12-15,extended,60,expanding,0.47724685072898865,0.5408433675765991
2014-12-16,extended,60,expanding,0.49112528562545776,0.6319689750671387
2014-12-17,extended,60,expanding,0.5890781283378601,0.5948536992073059
2014-12-18,extended,60,expanding,0.7448475360870361,0.6865944266319275
2014-12-19,extended,60,expanding,0.698661208152771,0.6064854860305786
2014-12-22,extended,60,expanding,0.5028649568557739,0.5769535899162292
2014-12-23,extended,60,expanding,0.3112735450267792,0.5401055812835693
2014-12-24,extended,60,expanding,0.39547744393348694,0.500376284122467
2014-12-26,extended,60,expanding,0.388234943151474,0.4563318192958832
2014-12-29,extended,60,expanding,0.4127920866012573,0.4659678637981415
2014-12-30,extended,60,expanding,0.4854278564453125,0.7458298206329346
2015-01-02,extended,60,expanding,0.46897152066230774,0.5922785401344299
2015-01-05,extended,60,expanding,0.7107792496681213,0.6440600156784058
2015-01-06,extended,60,expanding,0.5842175483703613,0.7430629730224609
2015-01-07,extended,60,expanding,0.40920373797416687,0.7713066339492798
2015-01-08,extended,60,expanding,0.39667126536369324,0.5342797636985779
2015-01-09,extended,60,expanding,0.37639695405960083,0.3835048973560333
2015-01-12,extended,60,expanding,0.3923117518424988,0.518785834312439
2015-01-13,extended,60,expanding,0.5033896565437317,0.4994647204875946
2015-01-14,extended,60,expanding,0.4599017798900604,0.5350824594497681
2015-01-15,extended,60,expanding,0.4867079257965088,0.599570095539093
2015-01-16,extended,60,expanding,0.5324012041091919,0.6060684323310852
2015-01-19,extended,60,expanding,0.373611181974411,0.4252835214138031
2015-01-20,extended,60,expanding,0.48014190793037415,0.4359104633331299
2015-01-21,extended,60,expanding,0.46535661816596985,0.48680731654167175
2015-01-22,extended,60,expanding,0.422739714384079,0.5505590438842773
2015-01-23,extended,60,expanding,0.43462371826171875,0.35311347246170044
2015-01-26,extended,60,expanding,0.41431355476379395,0.47256574034690857
2015-01-27,extended,60,expanding,0.37172308564186096,0.3403948247432709
2015-01-28,extended,60,expanding,0.3839336335659027,0.47420257329940796
2015-01-29,extended,60,expanding,0.4646711051464081,0.5567687749862671
2015-01-30,extended,60,expanding,0.516663670539856,0.5656533241271973
2015-02-02,extended,60,expanding,0.4339601397514343,0.470441609621048
2015-02-03,extended,60,expanding,0.5428752303123474,0.46923619508743286
2015-02-04,extended,60,expanding,0.4475887715816498,0.41136956214904785
2015-02-05,extended,60,expanding,0.39394375681877136,0.555611252784729
2015-02-06,extended,60,expanding,0.4700015187263489,0.5070046186447144
2015-02-09,extended,60,expanding,0.39241865277290344,0.42929011583328247
2015-02-10,extended,60,expanding,0.43457919359207153,0.5281254649162292
2015-02-11,extended,60,expanding,0.37759363651275635,0.38088518381118774
2015-02-12,extended,60,expanding,0.43717172741889954,0.5478289723396301
2015-02-13,extended,60,expanding,0.3682304620742798,0.3831549882888794
2015-02-16,extended,60,expanding,0.33519893884658813,0.36069709062576294
2015-02-17,extended,60,expanding,0.3171878159046173,0.4728774428367615
2015-02-23,extended,60,expanding,0.24621129035949707,0.424119770526886
2015-02-24,extended,60,expanding,0.30792415142059326,0.36287611722946167
2015-02-25,extended,60,expanding,0.31823238730430603,0.23828110098838806
2015-02-26,extended,60,expanding,0.38990285992622375,0.37230226397514343
2015-02-27,extended,60,expanding,0.47086843848228455,0.3998714089393616
2015-03-02,extended,60,expanding,0.395580917596817,0.37904050946235657
2015-03-03,extended,60,expanding,0.3346767723560333,0.41967785358428955
2015-03-04,extended,60,expanding,0.3530990183353424,0.36909961700439453
2015-03-05,extended,60,expanding,0.3655213415622711,0.33406877517700195
2015-03-06,extended,60,expanding,0.2883383333683014,0.373081237077713
2015-03-09,extended,60,expanding,0.3533001244068146,0.45292210578918457
2015-03-10,extended,60,expanding,0.5293721556663513,0.5141911506652832
2015-03-11,extended,60,expanding,0.4885103404521942,0.5016197562217712
2015-03-12,extended,60,expanding,0.790525496006012,0.510748028755188
2015-03-13,extended,60,expanding,0.356110543012619,0.3523555397987366
2015-03-16,extended,60,expanding,0.327792763710022,0.34792041778564453
2015-03-17,extended,60,expanding,0.5014861226081848,0.5298891067504883
2015-03-18,extended,60,expanding,0.44014742970466614,0.4193817973136902
2015-03-19,extended,60,expanding,0.4978056252002716,0.4765467643737793
2015-03-20,extended,60,expanding,0.42507079243659973,0.4676283001899719
2015-03-23,extended,60,expanding,0.5184310674667358,0.4763728380203247
2015-03-24,extended,60,expanding,0.3522225022315979,0.4304978847503662
2015-03-25,extended,60,expanding,0.30849868059158325,0.3899437189102173
2015-03-26,extended,60,expanding,0.42036014795303345,0.5224812030792236
2015-03-27,extended,60,expanding,0.481138676404953,0.45793360471725464
2015-03-30,extended,60,expanding,0.4234061539173126,0.4672088623046875
2015-03-31,extended,60,expanding,0.39450010657310486,0.30513161420822144
2015-04-01,extended,60,expanding,0.4261479377746582,0.5140904784202576
2015-04-02,extended,60,expanding,0.411723792552948,0.3983939290046692
2015-04-03,extended,60,expanding,0.34641802310943604,0.36502212285995483
2015-04-06,extended,60,expanding,0.4886516332626343,0.4306463599205017
2015-04-07,extended,60,expanding,0.4677595794200897,0.5243471264839172
2015-04-08,extended,60,expanding,0.2970583140850067,0.40066057443618774
2015-04-09,extended,60,expanding,0.371256947517395,0.4885213375091553
2015-04-10,extended,60,expanding,0.43423086404800415,0.5396081805229187
2015-04-13,extended,60,expanding,0.3437894582748413,0.4556947350502014
2015-04-14,extended,60,expanding,0.5208348035812378,0.47677552700042725
2015-04-15,extended,60,expanding,0.41318801045417786,0.5165022611618042
2015-04-16,extended,60,expanding,0.4550956189632416,0.45744574069976807
2015-04-17,extended,60,expanding,0.38721758127212524,0.4595576524734497
2015-04-20,extended,60,expanding,0.49090784788131714,0.6005398035049438
2015-04-21,extended,60,expanding,0.4254489541053772,0.48329126834869385
2015-04-22,extended,60,expanding,0.9061537981033325,0.7367540597915649
2015-04-23,extended,60,expanding,0.787105143070221,0.7820725440979004
2015-04-24,extended,60,expanding,0.7086443901062012,0.8512135744094849
2015-04-27,extended,60,expanding,0.4825938940048218,0.6960946321487427
2015-04-28,extended,60,expanding,0.42580023407936096,0.6122826933860779
2015-04-29,extended,60,expanding,0.5785797834396362,0.7052941918373108
2015-04-30,extended,60,expanding,0.49580004811286926,0.5522475242614746
2015-05-04,extended,60,expanding,0.4582878053188324,0.5665842294692993
2015-05-06,extended,60,expanding,0.46169978380203247,0.705721378326416
2015-05-07,extended,60,expanding,0.5812579989433289,0.6996045112609863
2015-05-08,extended,60,expanding,0.5789164304733276,0.5508773922920227
2015-05-11,extended,60,expanding,0.4807041585445404,0.4879235625267029
2015-05-12,extended,60,expanding,0.43495941162109375,0.5501670241355896
2015-05-13,extended,60,expanding,0.551382303237915,0.4514603912830353
2015-05-14,extended,60,expanding,0.3677103817462921,0.44206759333610535
2015-05-15,extended,60,expanding,0.5494415760040283,0.6778055429458618
2015-05-18,extended,60,expanding,0.5521966814994812,0.4530318081378937
2015-05-19,extended,60,expanding,0.5842617750167847,0.47751519083976746
2015-05-20,extended,60,expanding,0.3975920081138611,0.44477251172065735
2015-05-21,extended,60,expanding,0.46203166246414185,0.5741828680038452
2015-05-22,extended,60,expanding,0.43587726354599,0.49782922863960266
2015-05-26,extended,60,expanding,0.6952345371246338,0.4492315351963043
2015-05-27,extended,60,expanding,0.6640742421150208,0.727969765663147
2015-05-28,extended,60,expanding,0.5838554501533508,0.5703303813934326
2015-05-29,extended,60,expanding,0.47500666975975037,0.5988496541976929
2015-06-01,extended,60,expanding,0.7755205035209656,0.6178714036941528
2015-06-02,extended,60,expanding,0.6786004900932312,0.7709305286407471
2015-06-03,extended,60,expanding,0.686590850353241,0.700778603553772
2015-06-04,extended,60,expanding,0.6508272886276245,0.6046798229217529
2015-06-05,extended,60,expanding,0.6951335668563843,0.59120774269104
2015-06-08,extended,60,expanding,0.6300256252288818,0.6206060647964478
2015-06-09,extended,60,expanding,0.5512056946754456,0.6187310218811035
2015-06-10,extended,60,expanding,0.5568788647651672,0.667107343673706
2015-06-11,extended,60,expanding,0.5264672636985779,0.4958641529083252
2015-06-12,extended,60,expanding,0.5966669321060181,0.6904481649398804
2015-06-15,extended,60,expanding,0.6091834902763367,0.6168071627616882
2015-06-16,extended,60,expanding,0.8626672625541687,0.7754681706428528
2015-06-17,extended,60,expanding,0.5755643248558044,0.5035213232040405
2015-06-18,extended,60,expanding,0.5761381983757019,0.5606566667556763
2015-06-19,extended,60,expanding,0.5588230490684509,0.48426011204719543
2015-06-22,extended,60,expanding,0.5072078108787537,0.5473363995552063
2015-06-23,extended,60,expanding,0.40189433097839355,0.5061718821525574
2015-06-24,extended,60,expanding,0.4913056492805481,0.4663144648075104
2015-06-25,extended,60,expanding,0.42484134435653687,0.44427114725112915
2015-06-26,extended,60,expanding,0.4286540448665619,0.47530490159988403
2015-06-29,extended,60,expanding,0.5464259386062622,0.47864145040512085
2015-06-30,extended,60,expanding,0.7998627424240112,0.5185562372207642
2015-07-01,extended,60,expanding,0.5309773087501526,0.5863324403762817
2015-07-02,extended,60,expanding,0.4229893684387207,0.46259406208992004
2015-07-03,extended,60,expanding,0.49392998218536377,0.5539653897285461
2015-07-06,extended,60,expanding,0.7041096687316895,0.7131383419036865
2015-07-07,extended,60,expanding,1.2697807550430298,0.8742269277572632
2015-07-08,extended,60,expanding,0.9289754033088684,1.0150835514068604
2015-07-09,extended,60,expanding,0.9167383313179016,1.0441182851791382
2015-07-10,extended,60,expanding,0.611740231513977,0.6563242077827454
2015-07-13,extended,60,expanding,0.6119660139083862,0.676210880279541
2015-07-14,extended,60,expanding,0.6265580654144287,0.5267749428749084
2015-07-15,extended,60,expanding,0.5505884885787964,0.5043495297431946
2015-07-16,extended,60,expanding,0.3883826732635498,0.5115842223167419
2015-07-17,extended,60,expanding,0.8732395172119141,0.7304573059082031
2015-07-20,extended,60,expanding,0.43888595700263977,0.5624127388000488
2015-07-21,extended,60,expanding,0.551273763179779,0.5055094957351685
2015-07-22,extended,60,expanding,0.6202547550201416,0.5209594964981079
2015-07-23,extended,60,expanding,0.491554856300354,0.6157771348953247
2015-07-24,extended,60,expanding,0.5470408201217651,0.6385961771011353
2015-07-27,extended,60,expanding,0.7153332829475403,0.5775771141052246
2015-07-28,extended,60,expanding,0.8191335797309875,0.710350751876831
2015-07-29,extended,60,expanding,0.5667343139648438,0.5581809282302856
2015-07-30,extended,60,expanding,0.7111479640007019,0.7703583240509033
2015-07-31,extended,60,expanding,0.7327988147735596,0.6444934606552124
2015-08-03,extended,60,expanding,0.47976669669151306,0.7024906873703003
2015-08-04,extended,60,expanding,0.5094749331474304,0.5659661293029785
2015-08-05,extended,60,expanding,0.45489972829818726,0.47527259588241577
2015-08-06,extended,60,expanding,0.48685526847839355,0.6411659717559814
2015-08-07,extended,60,expanding,0.43246757984161377,0.45061826705932617
2015-08-10,extended,60,expanding,0.5654338598251343,0.477782666683197
2015-08-11,extended,60,expanding,0.6210647225379944,0.6290352940559387
2015-08-12,extended,60,expanding,1.030524730682373,0.9098209142684937
2015-08-13,extended,60,expanding,0.8043583631515503,0.8339588046073914
2015-08-17,extended,60,expanding,0.5732548236846924,0.7023695707321167
2015-08-18,extended,60,expanding,0.7588990330696106,0.7065826058387756
2015-08-19,extended,60,expanding,1.0924136638641357,0.9951704144477844
2015-08-20,extended,60,expanding,0.7815961241722107,0.9975278973579407
2015-08-21,extended,60,expanding,0.913485586643219,1.107765555381775
2015-08-24,extended,60,expanding,1.8107414245605469,1.8535488843917847
2015-08-25,extended,60,expanding,1.891007423400879,1.6462918519973755
2015-08-26,extended,60,expanding,1.009609341621399,1.4479845762252808
2015-08-27,extended,60,expanding,1.056191325187683,0.8279756903648376
2015-08-28,extended,60,expanding,0.5670787692070007,0.4430698752403259
2015-08-31,extended,60,expanding,0.5957899689674377,0.6026857495307922
2015-09-01,extended,60,expanding,0.6166712045669556,0.882969856262207
2015-09-02,extended,60,expanding,0.7860435843467712,0.953231692314148
2015-09-03,extended,60,expanding,0.6534894704818726,0.7453028559684753
2015-09-04,extended,60,expanding,0.7472652196884155,1.0265709161758423
2015-09-07,extended,60,expanding,0.8502557277679443,0.788238525390625
2015-09-08,extended,60,expanding,0.6740726232528687,0.7895467877388
2015-09-09,extended,60,expanding,0.5720957517623901,0.5737558007240295
2015-09-10,extended,60,expanding,0.7445494532585144,0.9063544869422913
2015-09-11,extended,60,expanding,0.5037970542907715,0.697464644908905
2015-09-14,extended,60,expanding,0.6348397731781006,0.811179518699646
2015-09-15,extended,60,expanding,0.4543648064136505,0.5063006281852722
2015-09-16,extended,60,expanding,0.5155807137489319,0.5342620015144348
2015-09-17,extended,60,expanding,0.6846490502357483,0.5054739713668823
2015-09-18,extended,60,expanding,0.7949346303939819,0.741261899471283
2015-09-21,extended,60,expanding,0.6791920065879822,0.7848228812217712
2015-09-22,extended,60,expanding,0.5056045651435852,0.6037366390228271
2015-09-23,extended,60,expanding,0.6404672861099243,0.7889262437820435
2015-09-24,extended,60,expanding,0.37382256984710693,0.6570315957069397
2015-09-25,extended,60,expanding,0.5172438025474548,0.5926013588905334
2015-09-30,extended,60,expanding,0.6400453448295593,0.7653970718383789
2015-10-01,extended,60,expanding,0.6149623990058899,0.4599403440952301
2015-10-02,extended,60,expanding,0.5572658777236938,0.5553076267242432
2015-10-05,extended,60,expanding,0.5257948637008667,0.5010808706283569
2015-10-06,extended,60,expanding,0.4681287407875061,0.41717714071273804
2015-10-07,extended,60,expanding,0.39444777369499207,0.3788069486618042
2015-10-08,extended,60,expanding,0.7557518482208252,0.5190343856811523
2015-10-12,extended,60,expanding,0.5085365772247314,0.6270756125450134
2015-10-13,extended,60,expanding,0.586496889591217,0.4886443316936493
2015-10-14,extended,60,expanding,0.4226369261741638,0.5937866568565369
2015-10-15,extended,60,expanding,0.5670977830886841,0.662682056427002
2015-10-16,extended,60,expanding,0.4114876687526703,0.45053964853286743
2015-10-19,extended,60,expanding,0.5996501445770264,0.43880125880241394
2015-10-20,extended,60,expanding,0.3483401834964752,0.46096089482307434
2015-10-21,extended,60,expanding,0.5576045513153076,0.49599191546440125
2015-10-22,extended,60,expanding,0.49365970492362976,0.6476190686225891
2015-10-23,extended,60,expanding,0.5528826713562012,0.518804132938385
2015-10-26,extended,60,expanding,0.43214431405067444,0.4531664550304413
2015-10-27,extended,60,expanding,0.4508645832538605,0.47884830832481384
2015-10-28,extended,60,expanding,0.42119961977005005,0.5748572945594788
2015-10-29,extended,60,expanding,0.622636079788208,0.7512821555137634
2015-10-30,extended,60,expanding,0.5750450491905212,0.49393826723098755
2015-11-02,extended,60,expanding,0.4598056972026825,0.3843916356563568
2015-11-03,extended,60,expanding,0.48481443524360657,0.45655983686447144
2015-11-04,extended,60,expanding,0.4338148534297943,0.4222913980484009
2015-11-05,extended,60,expanding,0.41666242480278015,0.35328787565231323
2015-11-06,extended,60,expanding,0.4526447355747223,0.4877746105194092
2015-11-09,extended,60,expanding,0.5359690189361572,0.48401308059692383
2015-11-10,extended,60,expanding,0.5498235821723938,0.6555365324020386
2015-11-11,extended,60,expanding,0.49404412508010864,0.5186890959739685
2015-11-12,extended,60,expanding,0.2925664782524109,0.421659916639328
2015-11-13,extended,60,expanding,0.5260353088378906,0.4675764739513397
2015-11-16,extended,60,expanding,0.3784921169281006,0.6044821739196777
2015-11-17,extended,60,expanding,0.48022183775901794,0.4802822768688202
2015-11-18,extended,60,expanding,0.4339947998523712,0.3896882236003876
2015-11-19,extended,60,expanding,0.3673747479915619,0.3890649974346161
2015-11-20,extended,60,expanding,0.39501920342445374,0.34662094712257385
2015-11-23,extended,60,expanding,0.3923264741897583,0.43164631724357605
2015-11-24,extended,60,expanding,0.4398990273475647,0.4095516502857208
2015-11-25,extended,60,expanding,0.38424456119537354,0.3970818817615509
2015-11-26,extended,60,expanding,0.45002028346061707,0.4190797507762909
2015-11-27,extended,60,expanding,0.3765016496181488,0.39091819524765015
2015-11-30,extended,60,expanding,0.77675861120224,0.6896629929542542
2015-12-01,extended,60,expanding,0.5047942399978638,0.4947616159915924
2015-12-02,extended,60,expanding,0.5016396045684814,0.48504069447517395
2015-12-03,extended,60,expanding,0.4969741404056549,0.5122398138046265
2015-12-04,extended,60,expanding,0.4475060999393463,0.5110394954681396
2015-12-07,extended,60,expanding,0.5959428548812866,0.6035395264625549
2015-12-08,extended,60,expanding,0.5530384182929993,0.599177896976471
2015-12-09,extended,60,expanding,0.4472472071647644,0.4078298509120941
2015-12-10,extended,60,expanding,0.5514376163482666,0.43070560693740845
2015-12-11,extended,60,expanding,0.5657858848571777,0.48023098707199097
2015-12-14,extended,60,expanding,0.6382663249969482,0.43758678436279297
2015-12-15,extended,60,expanding,0.4423730671405792,0.4647994935512543
2015-12-16,extended,60,expanding,0.5684499144554138,0.5540382266044617
2015-12-17,extended,60,expanding,0.6654296517372131,0.49520963430404663
2015-12-18,extended,60,expanding,0.4742800295352936,0.6298657059669495
2015-12-21,extended,60,expanding,0.7907233238220215,0.47125983238220215
2015-12-22,extended,60,expanding,0.42739760875701904,0.5447069406509399
2015-12-23,extended,60,expanding,0.5328471064567566,0.45671147108078003
2015-12-24,extended,60,expanding,0.5478258728981018,0.4681820869445801
2015-12-28,extended,60,expanding,0.5731691122055054,0.5939685702323914
2015-12-29,extended,60,expanding,0.7126877307891846,0.6113030314445496
2015-12-30,extended,60,expanding,0.6194665431976318,0.49305635690689087
2016-01-04,extended,60,expanding,0.5971526503562927,0.8826357126235962
2016-01-05,extended,60,expanding,0.8341756463050842,0.7360606789588928
2016-01-06,extended,60,expanding,0.827961266040802,0.8013030290603638
2016-01-07,extended,60,expanding,0.8403118848800659,0.8456535339355469
2016-01-08,extended,60,expanding,0.7863641381263733,0.9229573011398315
2016-01-11,extended,60,expanding,0.5864095091819763,0.7333188056945801
2016-01-12,extended,60,expanding,0.6484348177909851,0.7404178380966187
2016-01-13,extended,60,expanding,0.48391592502593994,0.5355422496795654
2016-01-14,extended,60,expanding,0.6671492457389832,0.6012592315673828
2016-01-15,extended,60,expanding,0.7676946520805359,1.0793700218200684
2016-01-18,extended,60,expanding,0.8122838735580444,0.751267671585083
2016-01-19,extended,60,expanding,0.8090116381645203,0.6538007259368896
2016-01-20,extended,60,expanding,1.0479549169540405,1.2128006219863892
2016-01-21,extended,60,expanding,1.205014705657959,0.9250928163528442
2016-01-22,extended,60,expanding,0.7616474628448486,0.6539747714996338
2016-01-25,extended,60,expanding,0.5861504673957825,0.6208479404449463
2016-01-26,extended,60,expanding,0.7507466673851013,0.7055566310882568
2016-01-27,extended,60,expanding,0.7746183276176453,0.49721860885620117
2016-01-28,extended,60,expanding,0.644676685333252,0.7129065990447998
2016-01-29,extended,60,expanding,0.7635522484779358,0.5869169235229492
2016-02-01,extended,60,expanding,0.6537827253341675,0.5229532718658447
2016-02-02,extended,60,expanding,0.5287193059921265,0.6159876585006714
2016-02-03,extended,60,expanding,0.5112442970275879,0.6177725791931152
2016-02-04,extended,60,expanding,0.5086356401443481,0.7420580387115479
2016-02-05,extended,60,expanding,0.44628632068634033,0.514714777469635
2016-02-11,extended,60,expanding,0.5768443942070007,0.6646389365196228
2016-02-12,extended,60,expanding,1.0966845750808716,1.0933517217636108
2016-02-15,extended,60,expanding,0.6655523180961609,0.8644661903381348
2016-02-16,extended,60,expanding,0.5263670086860657,0.7757155299186707
2016-02-17,extended,60,expanding,0.6321166753768921,0.5537174940109253
2016-02-18,extended,60,expanding,0.5344269275665283,0.5117856860160828
2016-02-19,extended,60,expanding,0.6108593940734863,0.37790724635124207
2016-02-22,extended,60,expanding,0.6567795276641846,0.5467002987861633
2016-02-23,extended,60,expanding,0.4500275254249573,0.6153538823127747
2016-02-24,extended,60,expanding,0.4910758137702942,0.5119061470031738
2016-02-25,extended,60,expanding,0.5941933989524841,0.652703046798706
2016-02-26,extended,60,expanding,0.49938222765922546,0.44859588146209717
2016-02-29,extended,60,expanding,0.5406876802444458,0.41793370246887207
2016-03-02,extended,60,expanding,0.2869389057159424,0.25648233294487
2016-03-03,extended,60,expanding,0.4515115022659302,0.31630128622055054
2016-03-04,extended,60,expanding,0.34754514694213867,0.4529778063297272
2016-03-07,extended,60,expanding,0.38610929250717163,0.4347251355648041
2016-03-08,extended,60,expanding,0.5109075307846069,0.5465337038040161
2016-03-09,extended,60,expanding,0.4684336483478546,0.4617418944835663
2016-03-10,extended,60,expanding,0.5960626602172852,0.5272577404975891
2016-03-11,extended,60,expanding,0.38524356484413147,0.4269377887248993
2016-03-14,extended,60,expanding,0.472689151763916,0.43337565660476685
2016-03-15,extended,60,expanding,0.5844775438308716,0.42684608697891235
2016-03-16,extended,60,expanding,0.36076459288597107,0.4826195538043976
2016-03-17,extended,60,expanding,0.5493733286857605,0.5574660301208496
2016-03-18,extended,60,expanding,0.514701783657074,0.42075178027153015
2016-03-21,extended,60,expanding,0.6299734115600586,0.6021713614463806
2016-03-22,extended,60,expanding,0.40758660435676575,0.4515098035335541
2016-03-23,extended,60,expanding,0.4620220959186554,0.3713529407978058
2016-03-24,extended,60,expanding,0.44202202558517456,0.4658516049385071
2016-03-25,extended,60,expanding,0.4707092046737671,0.452222615480423
2016-03-28,extended,60,expanding,0.5012863278388977,0.4621070921421051
2016-03-29,extended,60,expanding,0.4685851037502289,0.4431785047054291
2016-03-30,extended,60,expanding,0.36516067385673523,0.3675963878631592
2016-03-31,extended,60,expanding,0.4844370186328888,0.6220901012420654
2016-04-01,extended,60,expanding,0.5656841993331909,0.6136264801025391
2016-04-04,extended,60,expanding,0.45881667733192444,0.5019881725311279
2016-04-05,extended,60,expanding,0.48541948199272156,0.5626591444015503
2016-04-06,extended,60,expanding,0.4659120738506317,0.5023719668388367
2016-04-07,extended,60,expanding,0.418339341878891,0.5100458264350891
2016-04-08,extended,60,expanding,0.44521573185920715,0.5545973777770996
2016-04-11,extended,60,expanding,0.5284186005592346,0.4638587534427643
2016-04-12,extended,60,expanding,0.4133034646511078,0.43959957361221313
2016-04-14,extended,60,expanding,0.37102898955345154,0.3450377583503723
2016-04-15,extended,60,expanding,0.492991179227829,0.41350939869880676
2016-04-18,extended,60,expanding,0.4383454918861389,0.4110805094242096
2016-04-19,extended,60,expanding,0.374129056930542,0.480416476726532
2016-04-20,extended,60,expanding,0.4582022428512573,0.5776128768920898
2016-04-21,extended,60,expanding,0.5073131322860718,0.3860286474227905
2016-04-22,extended,60,expanding,0.372315913438797,0.38684624433517456
2016-04-25,extended,60,expanding,0.45905885100364685,0.4955289959907532
2016-04-26,extended,60,expanding,0.4176401197910309,0.48660558462142944
2016-04-27,extended,60,expanding,0.3585694134235382,0.453899085521698
2016-04-28,extended,60,expanding,0.5591790676116943,0.5920091271400452
2016-04-29,extended,60,expanding,0.41373196244239807,0.5056343078613281
2016-05-02,extended,60,expanding,0.395393967628479,0.4418647587299347
2016-05-03,extended,60,expanding,0.3977465033531189,0.3954842984676361
2016-05-04,extended,60,expanding,0.4853549897670746,0.44552287459373474
2016-05-09,extended,60,expanding,0.4032474756240845,0.49944978952407837
2016-05-10,extended,60,expanding,0.4118826687335968,0.40034037828445435
2016-05-11,extended,60,expanding,0.47250455617904663,0.5383885502815247
2016-05-12,extended,60,expanding,0.41253337264060974,0.431135356426239
2016-05-13,extended,60,expanding,0.4126606285572052,0.4554007947444916
2016-05-16,extended,60,expanding,0.36135241389274597,0.42334458231925964
2016-05-17,extended,60,expanding,0.43525105714797974,0.47972363233566284
2016-05-18,extended,60,expanding,0.5473780632019043,0.45834484696388245
2016-05-19,extended,60,expanding,0.4263787567615509,0.4123079776763916
2016-05-20,extended,60,expanding,0.5121537446975708,0.4317065477371216
2016-05-23,extended,60,expanding,0.4966755509376526,0.4719661474227905
2016-05-24,extended,60,expanding,0.4525127708911896,0.4162655472755432
2016-05-25,extended,60,expanding,0.4282867908477783,0.3624905049800873
2016-05-26,extended,60,expanding,0.33992865681648254,0.4075919985771179
2016-05-27,extended,60,expanding,0.4404038190841675,0.3407903015613556
2016-05-30,extended,60,expanding,0.5152261257171631,0.4446831941604614
2016-05-31,extended,60,expanding,0.5352246165275574,0.4690747559070587
2016-06-01,extended,60,expanding,0.39433151483535767,0.35244807600975037
2016-06-02,extended,60,expanding,0.4378691017627716,0.3662603795528412
2016-06-03,extended,60,expanding,0.4212263524532318,0.4993393123149872
2016-06-07,extended,60,expanding,0.3437769412994385,0.39403200149536133
2016-06-08,extended,60,expanding,0.37671083211898804,0.5629581212997437
2016-06-09,extended,60,expanding,0.559777557849884,0.516160786151886
2016-06-10,extended,60,expanding,0.43520233035087585,0.45425719022750854
2016-06-13,extended,60,expanding,0.537301242351532,0.6077418327331543
2016-06-14,extended,60,expanding,0.5733725428581238,0.534061074256897
2016-06-15,extended,60,expanding,0.5749960541725159,0.5695302486419678
2016-06-16,extended,60,expanding,0.5300096869468689,0.7161136865615845
2016-06-17,extended,60,expanding,0.6058186888694763,0.5336267948150635
2016-06-20,extended,60,expanding,0.4642663300037384,0.4778708815574646
2016-06-21,extended,60,expanding,0.35876232385635376,0.3296203315258026
2016-06-22,extended,60,expanding,0.5767984986305237,0.34703561663627625
2016-06-23,extended,60,expanding,0.402029812335968,0.49111276865005493
2016-06-24,extended,60,expanding,2.788322687149048,1.9317055940628052
2016-06-27,extended,60,expanding,1.034140944480896,1.1932368278503418
2016-06-28,extended,60,expanding,0.7380942702293396,1.0132280588150024
2016-06-29,extended,60,expanding,0.5193604826927185,0.7471925020217896
2016-06-30,extended,60,expanding,0.5643467903137207,0.4612194895744324
2016-07-01,extended,60,expanding,0.4522205591201782,0.5904603004455566
2016-07-04,extended,60,expanding,0.3854312300682068,0.47826871275901794
2016-07-05,extended,60,expanding,0.3997217118740082,0.5075461268424988
2016-07-06,extended,60,expanding,0.5960612297058105,0.9440546035766602
2016-07-07,extended,60,expanding,0.5472270846366882,0.6317881345748901
2016-07-08,extended,60,expanding,0.5943859219551086,0.741367757320404
2016-07-11,extended,60,expanding,0.3738720417022705,0.44048935174942017
2016-07-12,extended,60,expanding,0.4411260783672333,0.4901965260505676
2016-07-13,extended,60,expanding,0.40022996068000793,0.5839806199073792
2016-07-15,extended,60,expanding,0.5734888911247253,0.39693453907966614
2016-07-18,extended,60,expanding,0.45555323362350464,0.4821278154850006
2016-07-19,extended,60,expanding,0.5123692154884338,0.4472489655017853
2016-07-20,extended,60,expanding,0.3882330656051636,0.5130094289779663
2016-07-21,extended,60,expanding,0.333816260099411,0.58806312084198
2016-07-22,extended,60,expanding,0.4474579691886902,0.47894904017448425
2016-07-25,extended,60,expanding,0.44980382919311523,0.4563813805580139
2016-07-26,extended,60,expanding,0.4489387273788452,0.5175570249557495
2016-07-27,extended,60,expanding,0.37105149030685425,0.5355662107467651
2016-07-28,extended,60,expanding,0.5451065897941589,0.5036975145339966
2016-07-29,extended,60,expanding,0.5288648009300232,0.5687673687934875
2016-08-01,extended,60,expanding,0.29450538754463196,0.33030417561531067
2016-08-02,extended,60,expanding,0.3788467049598694,0.48385703563690186
2016-08-03,extended,60,expanding,0.552486777305603,0.5803993344306946
2016-08-04,extended,60,expanding,0.41807785630226135,0.5756208300590515
2016-08-05,extended,60,expanding,0.3396601974964142,0.40697646141052246
2016-08-08,extended,60,expanding,0.4925582706928253,0.41467705368995667
2016-08-09,extended,60,expanding,0.3806397020816803,0.45971405506134033
2016-08-10,extended,60,expanding,0.40805959701538086,0.44449397921562195
2016-08-11,extended,60,expanding,0.38086724281311035,0.5087528824806213
2016-08-12,extended,60,expanding,0.544255793094635,0.4752194285392761
2016-08-16,extended,60,expanding,0.4109286367893219,0.563012957572937
2016-08-17,extended,60,expanding,0.5161452889442444,0.5114811062812805
2016-08-18,extended,60,expanding,0.3746240735054016,0.5448395013809204
2016-08-19,extended,60,expanding,0.45526814460754395,0.4910827875137329
2016-08-22,extended,60,expanding,0.4890393614768982,0.4962926208972931
2016-08-23,extended,60,expanding,0.32089120149612427,0.4240753948688507
2016-08-24,extended,60,expanding,0.4049590229988098,0.5130422115325928
2016-08-25,extended,60,expanding,0.4286780059337616,0.5029259324073792
2016-08-26,extended,60,expanding,0.41396236419677734,0.5229240655899048
2016-08-29,extended,60,expanding,0.43334048986434937,0.3724229633808136
2016-08-30,extended,60,expanding,0.41363251209259033,0.4168468713760376
2016-08-31,extended,60,expanding,0.3995174169540405,0.46287691593170166
2016-09-01,extended,60,expanding,0.4889982342720032,0.4896101653575897
2016-09-02,extended,60,expanding,0.4096669852733612,0.4620700180530548
2016-09-05,extended,60,expanding,0.33930066227912903,0.3810266852378845
2016-09-06,extended,60,expanding,0.35865887999534607,0.3786526918411255
2016-09-07,extended,60,expanding,0.3352207541465759,0.4359099566936493
2016-09-08,extended,60,expanding,0.486532598733902,0.5096941590309143
2016-09-09,extended,60,expanding,0.487968385219574,0.5105480551719666
2016-09-12,extended,60,expanding,0.7066115736961365,0.6565689444541931
2016-09-13,extended,60,expanding,0.4959750473499298,0.5466806292533875
2016-09-19,extended,60,expanding,0.4720558226108551,0.5388963222503662
2016-09-20,extended,60,expanding,0.41855132579803467,0.45019984245300293
2016-09-21,extended,60,expanding,0.39217838644981384,0.44596901535987854
2016-09-22,extended,60,expanding,0.34853488206863403,0.3545040488243103
2016-09-23,extended,60,expanding,0.4052455425262451,0.34015023708343506
2016-09-26,extended,60,expanding,0.38349801301956177,0.4693847596645355
2016-09-27,extended,60,expanding,0.6346507668495178,0.5998989343643188
2016-09-28,extended,60,expanding,0.3572641611099243,0.49870607256889343
2016-09-29,extended,60,expanding,0.2972954511642456,0.3856757879257202
2016-09-30,extended,60,expanding,0.4687764644622803,0.39979106187820435
2016-10-04,extended,60,expanding,0.3784458041191101,0.3574545979499817
2016-10-05,extended,60,expanding,0.36899101734161377,0.4760081171989441
2016-10-06,extended,60,expanding,0.38234251737594604,0.45614296197891235
2016-10-07,extended,60,expanding,0.31698453426361084,0.4618563652038574
2016-10-10,extended,60,expanding,0.6045507788658142,0.4943903088569641
2016-10-11,extended,60,expanding,0.5978912115097046,0.6058642864227295
2016-10-12,extended,60,expanding,0.5575114488601685,0.4133302569389343
2016-10-13,extended,60,expanding,0.4480880796909332,0.5685524940490723
2016-10-14,extended,60,expanding,0.47312167286872864,0.37189871072769165
2016-10-17,extended,60,expanding,0.6864456534385681,0.5215542912483215
2016-10-18,extended,60,expanding,0.41889598965644836,0.3645262122154236
2016-10-19,extended,60,expanding,0.45984432101249695,0.4163243770599365
2016-10-20,extended,60,expanding,0.3565676212310791,0.3720400333404541
2016-10-21,extended,60,expanding,0.47723594307899475,0.4189383387565613
2016-10-24,extended,60,expanding,0.3748207688331604,0.38814806938171387
2016-10-25,extended,60,expanding,0.414034903049469,0.36145156621932983
2016-10-26,extended,60,expanding,0.5388523936271667,0.497871458530426
2016-10-27,extended,60,expanding,0.43967705965042114,0.40567636489868164
2016-10-28,extended,60,expanding,0.38259339332580566,0.49354302883148193
2016-10-31,extended,60,expanding,0.4407724440097809,0.3890073895454407
2016-11-01,extended,60,expanding,0.5630472302436829,0.4529922604560852
2016-11-02,extended,60,expanding,0.4822586178779602,0.5416444540023804
2016-11-03,extended,60,expanding,0.662481427192688,0.4885252118110657
2016-11-04,extended,60,expanding,0.502519428730011,0.4472885727882385
2016-11-07,extended,60,expanding,0.5293087363243103,0.3691449761390686
2016-11-08,extended,60,expanding,0.44146257638931274,0.474776029586792
2016-11-09,extended,60,expanding,2.031196117401123,1.4541994333267212
2016-11-10,extended,60,expanding,0.4683784544467926,0.9407267570495605
2016-11-11,extended,60,expanding,0.4850463569164276,0.6274504065513611
2016-11-14,extended,60,expanding,0.4617539048194885,0.5674428343772888
2016-11-15,extended,60,expanding,0.4892215430736542,0.5334337949752808
2016-11-16,extended,60,expanding,0.3855117857456207,0.3638285994529724
2016-11-17,extended,60,expanding,0.544481635093689,0.4497552514076233
2016-11-18,extended,60,expanding,0.4159238040447235,0.44112342596054077
2016-11-21,extended,60,expanding,0.4269825220108032,0.4423360228538513
2016-11-22,extended,60,expanding,0.3607238233089447,0.35316669940948486
2016-11-23,extended,60,expanding,0.38413357734680176,0.31289952993392944
2016-11-24,extended,60,expanding,0.5426248908042908,0.4860594868659973
2016-11-25,extended,60,expanding,0.5210960507392883,0.3458932638168335
2016-11-28,extended,60,expanding,0.6419535875320435,0.5063881874084473
2016-11-29,extended,60,expanding,0.43888428807258606,0.3938533067703247
2016-11-30,extended,60,expanding,0.47073471546173096,0.4614676535129547
2016-12-01,extended,60,expanding,0.43158137798309326,0.4938839375972748
2016-12-02,extended,60,expanding,0.4526858329772949,0.49406930804252625
2016-12-05,extended,60,expanding,0.512457549571991,0.3851150870323181
2016-12-06,extended,60,expanding,0.4635397791862488,0.40526115894317627
2016-12-07,extended,60,expanding,0.29642391204833984,0.4352540671825409
2016-12-08,extended,60,expanding,0.37522199749946594,0.4187621772289276
2016-12-09,extended,60,expanding,0.36048391461372375,0.3431684374809265
2016-12-12,extended,60,expanding,0.34406453371047974,0.4419012665748596
2016-12-13,extended,60,expanding,0.3154897391796112,0.3799869418144226
2016-12-14,extended,60,expanding,0.3781759738922119,0.41939425468444824
2016-12-15,extended,60,expanding,0.41790086030960083,0.4696524441242218
2016-12-16,extended,60,expanding,0.41122961044311523,0.501492977142334
2016-12-19,extended,60,expanding,0.3391853868961334,0.3593626916408539
2016-12-20,extended,60,expanding,0.29216131567955017,0.31309911608695984
2016-12-21,extended,60,expanding,0.334764689207077,0.36016935110092163
2016-12-22,extended,60,expanding,0.3272645175457001,0.40796735882759094
2016-12-23,extended,60,expanding,0.3538975417613983,0.37253087759017944
2016-12-26,extended,60,expanding,0.32329481840133667,0.35622137784957886
2016-12-27,extended,60,expanding,0.272219181060791,0.37192028760910034
2016-12-28,extended,60,expanding,0.34114155173301697,0.34021133184432983
2016-12-29,extended,60,expanding,0.40297144651412964,0.43554365634918213
2017-01-02,extended,60,expanding,0.5362111330032349,0.4621685743331909
2017-01-03,extended,60,expanding,0.3811582326889038,0.48209595680236816
2017-01-04,extended,60,expanding,0.35621893405914307,0.2672046422958374
2017-01-05,extended,60,expanding,0.4122718572616577,0.3487740159034729
2017-01-06,extended,60,expanding,0.2692461907863617,0.28480494022369385
2017-01-09,extended,60,expanding,0.33090683817863464,0.34210383892059326
2017-01-10,extended,60,expanding,0.3025251030921936,0.30775994062423706
2017-01-11,extended,60,expanding,0.4850543439388275,0.5242438912391663
2017-01-12,extended,60,expanding,0.39794284105300903,0.37751489877700806
2017-01-13,extended,60,expanding,0.3050763010978699,0.37331467866897583
2017-01-16,extended,60,expanding,0.554183840751648,0.4762706160545349
2017-01-17,extended,60,expanding,0.4342271387577057,0.408048152923584
2017-01-18,extended,60,expanding,0.5064728856086731,0.4687653183937073
2017-01-19,extended,60,expanding,0.5864657163619995,0.5487691760063171
2017-01-20,extended,60,expanding,0.399058073759079,0.4809781312942505
2017-01-23,extended,60,expanding,0.6310766339302063,0.46403074264526367
2017-01-24,extended,60,expanding,0.4107262194156647,0.43149930238723755
2017-01-25,extended,60,expanding,0.43899965286254883,0.4043664336204529
2017-01-26,extended,60,expanding,0.5121884346008301,0.43806135654449463
2017-01-31,extended,60,expanding,0.34641507267951965,0.43977734446525574
2017-02-01,extended,60,expanding,0.29706376791000366,0.33082228899002075
2017-02-02,extended,60,expanding,0.4797191619873047,0.6284270882606506
2017-02-03,extended,60,expanding,0.4843594431877136,0.4844657778739929
2017-02-06,extended,60,expanding,0.49512171745300293,0.46835699677467346
2017-02-07,extended,60,expanding,0.44516363739967346,0.44591251015663147
2017-02-08,extended,60,expanding,0.5552886724472046,0.5387603640556335
2017-02-09,extended,60,expanding,0.4637604355812073,0.4789130687713623
2017-02-10,extended,60,expanding,0.40003085136413574,0.4605250954627991
2017-02-13,extended,60,expanding,0.4178161919116974,0.4434800148010254
2017-02-14,extended,60,expanding,0.37659692764282227,0.41991347074508667
2017-02-15,extended,60,expanding,0.44485363364219666,0.4862075448036194
2017-02-16,extended,60,expanding,0.44746261835098267,0.4777655005455017
2017-02-17,extended,60,expanding,0.4090682864189148,0.41968077421188354
2017-02-20,extended,60,expanding,0.40149304270744324,0.4214675724506378
2017-02-21,extended,60,expanding,0.48444274067878723,0.5425273180007935
2017-02-22,extended,60,expanding,0.2922796308994293,0.3346293270587921
2017-02-23,extended,60,expanding,0.2835371196269989,0.38407135009765625
2017-02-24,extended,60,expanding,0.5001797080039978,0.4861944317817688
2017-02-27,extended,60,expanding,0.448170006275177,0.4427102208137512
2017-02-28,extended,60,expanding,0.28582513332366943,0.37475326657295227
2017-03-02,extended,60,expanding,0.403780460357666,0.3964662551879883
2017-03-03,extended,60,expanding,0.4761636257171631,0.5118112564086914
2017-03-06,extended,60,expanding,0.45274069905281067,0.4895188510417938
2017-03-07,extended,60,expanding,0.454906165599823,0.44477739930152893
2017-03-08,extended,60,expanding,0.4695712625980377,0.40059584379196167
2017-03-09,extended,60,expanding,0.3678620159626007,0.3965859115123749
2017-03-10,extended,60,expanding,0.8348907828330994,0.5042639970779419
2017-03-13,extended,60,expanding,0.3344626724720001,0.4892885088920593
2017-03-14,extended,60,expanding,0.3290415406227112,0.3458225131034851
2017-03-15,extended,60,expanding,0.3996914327144623,0.3148840367794037
2017-03-16,extended,60,expanding,0.36488044261932373,0.42738157510757446
2017-03-17,extended,60,expanding,0.3538791835308075,0.40643230080604553
2017-03-20,extended,60,expanding,0.29441580176353455,0.4133833348751068
2017-03-21,extended,60,expanding,0.45589473843574524,0.45086604356765747
2017-03-22,extended,60,expanding,0.44596022367477417,0.38625380396842957
2017-03-23,extended,60,expanding,0.4587595462799072,0.5048465728759766
2017-03-24,extended,60,expanding,0.40535441040992737,0.48185020685195923
2017-03-27,extended,60,expanding,0.46149203181266785,0.4544423818588257
2017-03-28,extended,60,expanding,0.30706986784935,0.4298276901245117
2017-03-29,extended,60,expanding,0.3579792380332947,0.3665453791618347
2017-03-30,extended,60,expanding,0.40555718541145325,0.47173333168029785
2017-03-31,extended,60,expanding,0.42133429646492004,0.4116051495075226
2017-04-03,extended,60,expanding,0.31691494584083557,0.4383838474750519
2017-04-04,extended,60,expanding,0.3267665505409241,0.4455852806568146
2017-04-05,extended,60,expanding,0.4055105447769165,0.4774901270866394
2017-04-06,extended,60,expanding,0.4142727851867676,0.5301801562309265
2017-04-07,extended,60,expanding,0.396636962890625,0.5390418171882629
2017-04-10,extended,60,expanding,0.4985138177871704,0.5994701385498047
2017-04-11,extended,60,expanding,0.41371098160743713,0.5756619572639465
2017-04-12,extended,60,expanding,0.3108467161655426,0.43047410249710083
2017-04-13,extended,60,expanding,0.3763311505317688,0.5669320821762085
2017-04-14,extended,60,expanding,0.3521896004676819,0.48480328917503357
2017-04-17,extended,60,expanding,0.4537147283554077,0.4107764959335327
2017-04-18,extended,60,expanding,0.3838139772415161,0.4453347325325012
2017-04-19,extended,60,expanding,0.4793110191822052,0.44140467047691345
2017-04-20,extended,60,expanding,0.39942237734794617,0.40595266222953796
2017-04-21,extended,60,expanding,0.33379459381103516,0.3502182066440582
2017-04-24,extended,60,expanding,0.32348567247390747,0.34024080634117126
2017-04-25,extended,60,expanding,0.3326416015625,0.3666408061981201
2017-04-26,extended,60,expanding,0.36705443263053894,0.26117730140686035
2017-04-27,extended,60,expanding,0.38127684593200684,0.31197625398635864
2017-04-28,extended,60,expanding,0.45892342925071716,0.43970853090286255
2017-05-02,extended,60,expanding,0.4651040732860565,0.39290308952331543
2017-05-04,extended,60,expanding,0.4670998156070709,0.3286372423171997
2017-05-08,extended,60,expanding,0.5023996829986572,0.6964831352233887
2017-05-10,extended,60,expanding,1.3575698137283325,0.7874656915664673
2017-05-11,extended,60,expanding,0.5965863466262817,0.6192224621772766
2017-05-12,extended,60,expanding,0.5656135678291321,0.5300142765045166
2017-05-15,extended,60,expanding,0.634263813495636,0.5426071286201477
2017-05-16,extended,60,expanding,0.4776983857154846,0.5204911231994629
2017-05-17,extended,60,expanding,0.4327576458454132,0.4779900908470154
2017-05-18,extended,60,expanding,0.5550051927566528,0.5668106079101562
2017-05-19,extended,60,expanding,0.4121522009372711,0.526478111743927
2017-05-22,extended,60,expanding,0.41639402508735657,0.45334604382514954
2017-05-23,extended,60,expanding,0.5663682818412781,0.4520147144794464
2017-05-24,extended,60,expanding,0.3641628623008728,0.4497576653957367
2017-05-25,extended,60,expanding,0.4859538674354553,0.5204847455024719
2017-05-26,extended,60,expanding,0.6024408936500549,0.5974622368812561
2017-05-29,extended,60,expanding,0.5848068594932556,0.6703819632530212
2017-05-30,extended,60,expanding,0.6690707206726074,0.5968924760818481
2017-05-31,extended,60,expanding,0.5245350003242493,0.5776655673980713
2017-06-01,extended,60,expanding,0.547748327255249,0.5829299092292786
2017-06-02,extended,60,expanding,0.39423274993896484,0.5458109974861145
2017-06-05,extended,60,expanding,0.4406999945640564,0.5088392496109009
2017-06-07,extended,60,expanding,0.4533504545688629,0.6048370599746704
2017-06-08,extended,60,expanding,0.4619888961315155,0.5194343328475952
2017-06-09,extended,60,expanding,0.4875996708869934,0.524624764919281
2017-06-12,extended,60,expanding,0.4898459017276764,0.4879533350467682
2017-06-13,extended,60,expanding,0.5139743089675903,0.4767046868801117
2017-06-14,extended,60,expanding,0.4065175950527191,0.5728967189788818
2017-06-15,extended,60,expanding,0.49458447098731995,0.5792617797851562
2017-06-16,extended,60,expanding,0.39952757954597473,0.5074109435081482
2017-06-19,extended,60,expanding,0.4766964316368103,0.5300628542900085
2017-06-20,extended,60,expanding,0.4700855314731598,0.46026110649108887
2017-06-21,extended,60,expanding,0.5288240313529968,0.4571874439716339
2017-06-22,extended,60,expanding,0.48889878392219543,0.5080651044845581
2017-06-23,extended,60,expanding,0.4326210916042328,0.5006719827651978
2017-06-26,extended,60,expanding,0.451625257730484,0.44931602478027344
2017-06-27,extended,60,expanding,0.3175649344921112,0.4169541001319885
2017-06-28,extended,60,expanding,0.2789894938468933,0.3987923264503479
2017-06-29,extended,60,expanding,0.37794366478919983,0.354045569896698
2017-06-30,extended,60,expanding,0.31901177763938904,0.4527190923690796
2017-07-03,extended,60,expanding,0.28878849744796753,0.4054097533226013
2017-07-04,extended,60,expanding,0.44413769245147705,0.4115292429924011
2017-07-05,extended,60,expanding,0.34599557518959045,0.39265477657318115
2017-07-06,extended,60,expanding,0.30942437052726746,0.445148229598999
2017-07-07,extended,60,expanding,0.3653504252433777,0.4452516436576843
2017-07-10,extended,60,expanding,0.38317054510116577,0.4410938024520874
2017-07-11,extended,60,expanding,0.3333434462547302,0.3842373490333557
2017-07-12,extended,60,expanding,0.31456929445266724,0.3268544673919678
2017-07-13,extended,60,expanding,0.3232078552246094,0.46863269805908203
2017-07-14,extended,60,expanding,0.35490643978118896,0.4314705729484558
2017-07-17,extended,60,expanding,0.3485756814479828,0.39534634351730347
2017-07-18,extended,60,expanding,0.30876806378364563,0.3219682574272156
2017-07-19,extended,60,expanding,0.3411209285259247,0.36586177349090576
2017-07-20,extended,60,expanding,0.33308032155036926,0.40837323665618896
2017-07-21,extended,60,expanding,0.27601122856140137,0.38915306329727173
2017-07-24,extended,60,expanding,0.2891245484352112,0.3691891133785248
2017-07-25,extended,60,expanding,0.3574759066104889,0.439376562833786
2017-07-26,extended,60,expanding,0.477644681930542,0.4222796559333801
2017-07-27,extended,60,expanding,0.36459261178970337,0.451345294713974
2017-07-28,extended,60,expanding,0.5547059774398804,0.6663973927497864
2017-07-31,extended,60,expanding,0.4498039186000824,0.43862423300743103
2017-08-01,extended,60,expanding,0.5999972820281982,0.6245251297950745
2017-08-02,extended,60,expanding,0.3336281180381775,0.4057050943374634
2017-08-03,extended,60,expanding,0.8568978309631348,0.8087117671966553
2017-08-04,extended,60,expanding,0.6797276735305786,0.49956071376800537
2017-08-07,extended,60,expanding,0.4757724702358246,0.520341157913208
2017-08-08,extended,60,expanding,0.7355775833129883,0.5661406517028809
2017-08-09,extended,60,expanding,0.5036802291870117,0.6492529511451721
2017-08-10,extended,60,expanding,0.7819429636001587,0.7581490874290466
2017-08-11,extended,60,expanding,0.7780951857566833,0.719822883605957
2017-08-14,extended,60,expanding,0.5049801468849182,0.4297785758972168
2017-08-16,extended,60,expanding,0.40589043498039246,0.4243681728839874
2017-08-17,extended,60,expanding,0.43839991092681885,0.4643811583518982
2017-08-18,extended,60,expanding,0.42694488167762756,0.5842664837837219
2017-08-21,extended,60,expanding,0.32942408323287964,0.40288370847702026
2017-08-22,extended,60,expanding,0.4816819131374359,0.2605275511741638
2017-08-23,extended,60,expanding,0.3237645924091339,0.4365900158882141
2017-08-24,extended,60,expanding,0.37980905175209045,0.342122882604599
2017-08-25,extended,60,expanding,0.5327320694923401,0.41222092509269714
2017-08-28,extended,60,expanding,0.4839652180671692,0.42734599113464355
2017-08-29,extended,60,expanding,0.5552597641944885,0.5612837076187134
2017-08-30,extended,60,expanding,0.30590230226516724,0.40198612213134766
2017-08-31,extended,60,expanding,0.4210151433944702,0.5306375026702881
2017-09-01,extended,60,expanding,0.4371987283229828,0.4801502525806427
2017-09-04,extended,60,expanding,0.8057117462158203,0.5116416215896606
2017-09-05,extended,60,expanding,0.4832267165184021,0.5453470349311829
2017-09-06,extended,60,expanding,0.387468546628952,0.48929741978645325
2017-09-07,extended,60,expanding,0.41732683777809143,0.4841736853122711
2017-09-08,extended,60,expanding,0.3341091275215149,0.3946097493171692
2017-09-11,extended,60,expanding,0.42732951045036316,0.38522008061408997
2017-09-12,extended,60,expanding,0.3838713765144348,0.36979758739471436
2017-09-13,extended,60,expanding,0.5327839851379395,0.38620129227638245
2017-09-14,extended,60,expanding,0.5249361991882324,0.4150228798389435
2017-09-15,extended,60,expanding,0.46454814076423645,0.46295657753944397
2017-09-18,extended,60,expanding,0.4346604645252228,0.4787164330482483
2017-09-19,extended,60,expanding,0.38876596093177795,0.3622031509876251
2017-09-20,extended,60,expanding,0.4890798032283783,0.5428177118301392
2017-09-21,extended,60,expanding,0.4668387770652771,0.4791525602340698
2017-09-22,extended,60,expanding,0.5842754244804382,0.5742998123168945
2017-09-25,extended,60,expanding,0.3792308568954468,0.4945754110813141
2017-09-26,extended,60,expanding,0.5259583592414856,0.4343903064727783
2017-09-27,extended,60,expanding,0.42178651690483093,0.40019360184669495
2017-09-28,extended,60,expanding,0.4714265763759613,0.4391736388206482
2017-09-29,extended,60,expanding,0.44898203015327454,0.37520527839660645
2017-10-10,extended,60,expanding,0.3712421655654907,0.35996681451797485
2017-10-11,extended,60,expanding,0.4241727888584137,0.3566627502441406
2017-10-12,extended,60,expanding,0.46717745065689087,0.3850342929363251
2017-10-13,extended,60,expanding,0.4469658434391022,0.4476575255393982
2017-10-16,extended,60,expanding,0.4105474650859833,0.4059920012950897
2017-10-17,extended,60,expanding,0.33732888102531433,0.34388217329978943
2017-10-18,extended,60,expanding,0.4654833674430847,0.38452908396720886
2017-10-19,extended,60,expanding,0.4284844398498535,0.5268418192863464
2017-10-20,extended,60,expanding,0.3624798655509949,0.36767318844795227
2017-10-23,extended,60,expanding,0.40933284163475037,0.4107070565223694
2017-10-24,extended,60,expanding,0.33711370825767517,0.36189621686935425
2017-10-25,extended,60,expanding,0.5181344151496887,0.3729020357131958
2017-10-26,extended,60,expanding,0.3753145635128021,0.39567261934280396
2017-10-27,extended,60,expanding,0.3487517535686493,0.4418199956417084
2017-10-30,extended,60,expanding,0.37329038977622986,0.4217340648174286
2017-10-31,extended,60,expanding,0.4223342537879944,0.494643896818161
2017-11-01,extended,60,expanding,0.446273535490036,0.3887045085430145
2017-11-02,extended,60,expanding,0.3713180422782898,0.47406265139579773
2017-11-03,extended,60,expanding,0.48038730025291443,0.4214777648448944
2017-11-06,extended,60,expanding,0.5408088564872742,0.6030858159065247
2017-11-07,extended,60,expanding,0.5429577231407166,0.4231666028499603
2017-11-08,extended,60,expanding,0.5505063533782959,0.5037219524383545
2017-11-09,extended,60,expanding,0.5736576318740845,0.5874011516571045
2017-11-10,extended,60,expanding,0.4346510171890259,0.4552164375782013
2017-11-13,extended,60,expanding,0.4951433837413788,0.5186553597450256
2017-11-14,extended,60,expanding,0.46313270926475525,0.4085184335708618
2017-11-15,extended,60,expanding,0.5259316563606262,0.3826697766780853
2017-11-16,extended,60,expanding,0.46143925189971924,0.49818238615989685
2017-11-17,extended,60,expanding,0.6370275020599365,0.5214277505874634
2017-11-20,extended,60,expanding,0.421930730342865,0.47411495447158813
2017-11-21,extended,60,expanding,0.4664672017097473,0.38954976201057434
2017-11-22,extended,60,expanding,0.4917849600315094,0.4035372734069824
2017-11-23,extended,60,expanding,0.33769702911376953,0.45249295234680176
2017-11-24,extended,60,expanding,0.30684664845466614,0.36410364508628845
2017-11-27,extended,60,expanding,0.6317434310913086,0.5832046270370483
2017-11-28,extended,60,expanding,0.5156184434890747,0.4751380980014801
2017-11-29,extended,60,expanding,0.5209071040153503,0.46188127994537354
2017-11-30,extended,60,expanding,0.6702991127967834,0.6159757375717163
2017-12-01,extended,60,expanding,0.5584040880203247,0.5463009476661682
2017-12-04,extended,60,expanding,0.5248996019363403,0.504421055316925
2017-12-05,extended,60,expanding,0.5288731455802917,0.5273498892784119
2017-12-06,extended,60,expanding,0.5514562129974365,0.6474555730819702
2017-12-07,extended,60,expanding,0.6752933859825134,0.6762438416481018
2017-12-08,extended,60,expanding,0.4588971436023712,0.5196117758750916
2017-12-11,extended,60,expanding,0.47102972865104675,0.4471797049045563
2017-12-12,extended,60,expanding,0.4695582985877991,0.44946470856666565
2017-12-13,extended,60,expanding,0.502327024936676,0.4735056459903717
2017-12-14,extended,60,expanding,0.6140477657318115,0.7550197839736938
2017-12-15,extended,60,expanding,0.529758870601654,0.5055586695671082
2017-12-18,extended,60,expanding,0.4735866189002991,0.4169739782810211
2017-12-19,extended,60,expanding,0.6413977146148682,0.5508619546890259
2017-12-20,extended,60,expanding,0.3649533987045288,0.44238924980163574
2017-12-21,extended,60,expanding,0.7004086971282959,0.7088673710823059
2017-12-22,extended,60,expanding,0.5317792892456055,0.5009698867797852
2017-12-26,extended,60,expanding,0.5612137913703918,0.6033614277839661
2017-12-27,extended,60,expanding,0.5643131136894226,0.5030820965766907
2017-12-28,extended,60,expanding,0.5650448203086853,0.5627186894416809
2018-01-02,extended,60,expanding,0.5019598603248596,0.42362916469573975
2018-01-03,extended,60,expanding,0.5560106635093689,0.38653475046157837
2018-01-04,extended,60,expanding,0.6076695322990417,0.6550807952880859
2018-01-05,extended,60,expanding,0.32537126541137695,0.4512251317501068
2018-01-08,extended,60,expanding,0.6691721081733704,0.42257577180862427
2018-01-09,extended,60,expanding,0.5897380113601685,0.5909713506698608
2018-01-10,extended,60,expanding,0.609798014163971,0.4943295121192932
2018-01-11,extended,60,expanding,0.5916005969047546,0.5495486259460449
2018-01-12,extended,60,expanding,0.6188047528266907,0.5050942301750183
2018-01-15,extended,60,expanding,0.48673364520072937,0.47427868843078613
2018-01-16,extended,60,expanding,0.454850971698761,0.5236409902572632
2018-01-17,extended,60,expanding,0.5304573774337769,0.43774592876434326
2018-01-18,extended,60,expanding,0.5020041465759277,0.477792888879776
2018-01-19,extended,60,expanding,0.42358022928237915,0.43670544028282166
2018-01-22,extended,60,expanding,0.6685675382614136,0.5178734660148621
2018-01-23,extended,60,expanding,0.5769513845443726,0.4735430181026459
2018-01-24,extended,60,expanding,0.43366390466690063,0.4694497585296631
2018-01-25,extended,60,expanding,0.4474602937698364,0.5370786786079407
2018-01-26,extended,60,expanding,0.41339415311813354,0.47299912571907043
2018-01-29,extended,60,expanding,0.4664735496044159,0.41523367166519165
2018-01-30,extended,60,expanding,0.5407612323760986,0.558557391166687
2018-01-31,extended,60,expanding,0.7986267805099487,0.702560305595398
2018-02-01,extended,60,expanding,0.5135921835899353,0.5863181352615356
2018-02-02,extended,60,expanding,0.6944562792778015,0.7508062124252319
2018-02-06,extended,60,expanding,1.3759223222732544,0.9639186859130859
2018-02-07,extended,60,expanding,1.122434377670288,1.6380945444107056
2018-02-08,extended,60,expanding,1.4082813262939453,1.0609034299850464
2018-02-09,extended,60,expanding,0.9243829846382141,1.0474557876586914
2018-02-12,extended,60,expanding,0.7389490604400635,0.7614040374755859
2018-02-13,extended,60,expanding,0.73525470495224,0.7215949296951294
2018-02-14,extended,60,expanding,0.6576985716819763,0.5089730024337769
2018-02-19,extended,60,expanding,0.7446489930152893,0.537903904914856
2018-02-20,extended,60,expanding,0.6013748645782471,0.5773785710334778
2018-02-21,extended,60,expanding,0.8948333859443665,0.6256169676780701
2018-02-22,extended,60,expanding,0.7651857137680054,0.6283432841300964
2018-02-23,extended,60,expanding,0.5396385788917542,0.6186336874961853
2018-02-26,extended,60,expanding,0.4442041218280792,0.5004190802574158
2018-02-27,extended,60,expanding,0.5382550954818726,0.5127195119857788
2018-02-28,extended,60,expanding,0.6677765846252441,0.7223861217498779
2018-03-02,extended,60,expanding,0.7076289057731628,0.6171137690544128
2018-03-05,extended,60,expanding,0.8297358751296997,0.6771157383918762
2018-03-06,extended,60,expanding,0.5992369055747986,0.5382357239723206
2018-03-07,extended,60,expanding,0.867876410484314,0.7467977404594421
2018-03-08,extended,60,expanding,0.5772353410720825,0.595832884311676
2018-03-09,extended,60,expanding,0.9048038125038147,0.7091882824897766
2018-03-12,extended,60,expanding,0.6000621318817139,0.47489526867866516
2018-03-13,extended,60,expanding,0.5792436003684998,0.49964743852615356
2018-03-14,extended,60,expanding,0.5283704400062561,0.4281109869480133
2018-03-15,extended,60,expanding,0.5437148809432983,0.5804625749588013
2018-03-16,extended,60,expanding,0.6200851202011108,0.5548315048217773
2018-03-19,extended,60,expanding,0.6299968361854553,0.5417726039886475
2018-03-20,extended,60,expanding,0.5908734798431396,0.6055161952972412
2018-03-21,extended,60,expanding,0.4441288709640503,0.3949373960494995
2018-03-22,extended,60,expanding,0.6845842599868774,0.5237125754356384
2018-03-23,extended,60,expanding,0.7553704977035522,0.9193268418312073
2018-03-26,extended,60,expanding,0.7624786496162415,0.8656895160675049
2018-03-27,extended,60,expanding,0.5350624322891235,0.44478198885917664
2018-03-28,extended,60,expanding,0.6733250021934509,0.6219696998596191
2018-03-29,extended,60,expanding,0.5691547989845276,0.6398555040359497
2018-03-30,extended,60,expanding,0.5111619830131531,0.4116511046886444
2018-04-02,extended,60,expanding,0.6385989189147949,0.5954821109771729
2018-04-03,extended,60,expanding,0.6424234509468079,0.6537500619888306
2018-04-04,extended,60,expanding,0.6118529438972473,0.7099308967590332
2018-04-05,extended,60,expanding,0.560495138168335,0.47758516669273376
2018-04-06,extended,60,expanding,0.5418958067893982,0.5059548616409302
2018-04-09,extended,60,expanding,0.6034669876098633,0.5662779211997986
2018-04-10,extended,60,expanding,0.7425431609153748,0.648351788520813
2018-04-11,extended,60,expanding,0.525841236114502,0.44337624311447144
2018-04-12,extended,60,expanding,0.4694683849811554,0.4347403943538666
2018-04-13,extended,60,expanding,0.48597174882888794,0.40157634019851685
2018-04-16,extended,60,expanding,0.4132150411605835,0.45604580640792847
2018-04-17,extended,60,expanding,0.4030221998691559,0.43942731618881226
2018-04-18,extended,60,expanding,0.4774610698223114,0.34100306034088135
2018-04-19,extended,60,expanding,0.3500297963619232,0.39401689171791077
2018-04-20,extended,60,expanding,0.3836190700531006,0.39593705534935
2018-04-23,extended,60,expanding,0.5986466407775879,0.43835532665252686
2018-04-24,extended,60,expanding,0.5900663137435913,0.5405598878860474
2018-04-25,extended,60,expanding,0.5728207230567932,0.4976749122142792
2018-04-26,extended,60,expanding,0.4661937952041626,0.45633774995803833
2018-04-27,extended,60,expanding,0.5857178568840027,0.45022377371788025
2018-04-30,extended,60,expanding,0.29974332451820374,0.38381120562553406
2018-05-02,extended,60,expanding,0.5317291021347046,0.39529234170913696
2018-05-03,extended,60,expanding,0.3803795278072357,0.5065466165542603
2018-05-04,extended,60,expanding,0.8299641013145447,0.5569107532501221
2018-05-08,extended,60,expanding,0.6383552551269531,0.6342121958732605
2018-05-09,extended,60,expanding,0.7415112257003784,0.5382709503173828
2018-05-10,extended,60,expanding,0.5244550108909607,0.5057784914970398
2018-05-11,extended,60,expanding,0.5472272038459778,0.3823556900024414
2018-05-14,extended,60,expanding,0.40309786796569824,0.43332216143608093
2018-05-15,extended,60,expanding,0.4819849133491516,0.48655152320861816
2018-05-16,extended,60,expanding,0.5249876976013184,0.4563458263874054
2018-05-17,extended,60,expanding,0.5047510266304016,0.5494983792304993
2018-05-18,extended,60,expanding,0.3712332248687744,0.38384029269218445
2018-05-21,extended,60,expanding,0.5899090766906738,0.5244452953338623
2018-05-23,extended,60,expanding,0.4946165978908539,0.40645235776901245
2018-05-24,extended,60,expanding,0.5053394436836243,0.5357984304428101
2018-05-25,extended,60,expanding,0.6100272536277771,0.5281969904899597
2018-05-28,extended,60,expanding,0.48080870509147644,0.45025238394737244
2018-05-29,extended,60,expanding,0.5040798187255859,0.46697181463241577
2018-05-30,extended,60,expanding,0.8468387126922607,0.8818446397781372
2018-05-31,extended,60,expanding,0.5873728394508362,0.5394618511199951
2018-06-01,extended,60,expanding,0.5391277074813843,0.5912161469459534
2018-06-04,extended,60,expanding,0.4737642705440521,0.39748114347457886
2018-06-05,extended,60,expanding,0.6410566568374634,0.5368565320968628
2018-06-07,extended,60,expanding,0.44492971897125244,0.3745834231376648
2018-06-08,extended,60,expanding,0.5250526070594788,0.5205119848251343
2018-06-11,extended,60,expanding,0.3294430077075958,0.5204772353172302
2018-06-12,extended,60,expanding,0.572616696357727,0.4916675090789795
2018-06-14,extended,60,expanding,0.5893105864524841,0.6149564385414124
2018-06-15,extended,60,expanding,0.4350651800632477,0.6313565969467163
2018-06-18,extended,60,expanding,0.593343198299408,0.8028205633163452
2018-06-19,extended,60,expanding,0.7605105042457581,0.8407801985740662
2018-06-20,extended,60,expanding,0.9390087723731995,0.6442429423332214
2018-06-21,extended,60,expanding,0.6758750081062317,0.7704246640205383
2018-06-22,extended,60,expanding,0.8111163377761841,0.6752280592918396
2018-06-25,extended,60,expanding,0.6731688976287842,0.5760521292686462
2018-06-26,extended,60,expanding,0.8809192776679993,0.684737503528595
2018-06-27,extended,60,expanding,0.5887496471405029,0.557715117931366
2018-06-28,extended,60,expanding,0.7575209140777588,0.577800452709198
2018-06-29,extended,60,expanding,0.8233925104141235,0.674929678440094
2018-07-02,extended,60,expanding,0.7324320077896118,0.9719505906105042
2018-07-03,extended,60,expanding,0.9579573273658752,0.7523270845413208
2018-07-04,extended,60,expanding,0.7959365844726562,0.7050656676292419
2018-07-05,extended,60,expanding,0.8279933333396912,0.7421030402183533
2018-07-06,extended,60,expanding,0.8423960208892822,0.7097870707511902
2018-07-09,extended,60,expanding,0.6719653010368347,0.529938817024231
2018-07-10,extended,60,expanding,0.48954758048057556,0.38125714659690857
2018-07-11,extended,60,expanding,0.6354519724845886,0.5379120707511902
2018-07-12,extended,60,expanding,0.5419589877128601,0.5555326342582703
2018-07-13,extended,60,expanding,0.6637659668922424,0.511795163154602
2018-07-16,extended,60,expanding,0.4762515723705292,0.5229078531265259
2018-07-17,extended,60,expanding,0.690965473651886,0.5229703783988953
2018-07-18,extended,60,expanding,0.5686658024787903,0.6600091457366943
2018-07-19,extended,60,expanding,0.6373439431190491,0.5377835035324097
2018-07-20,extended,60,expanding,0.7745619416236877,0.5962336659431458
2018-07-23,extended,60,expanding,0.7146587371826172,0.5852386355400085
2018-07-24,extended,60,expanding,0.5560327768325806,0.5005121231079102
2018-07-25,extended,60,expanding,0.5566564798355103,0.5791758298873901
2018-07-26,extended,60,expanding,0.5336587429046631,0.45173943042755127
2018-07-27,extended,60,expanding,0.48962390422821045,0.39198049902915955
2018-07-30,extended,60,expanding,0.6040069460868835,0.46528398990631104
2018-07-31,extended,60,expanding,0.48188090324401855,0.42637351155281067
2018-08-01,extended,60,expanding,0.4941708743572235,0.3673974275588989
2018-08-02,extended,60,expanding,0.5586235523223877,0.7540863752365112
2018-08-03,extended,60,expanding,0.44794851541519165,0.4283922016620636
2018-08-06,extended,60,expanding,0.5578210353851318,0.485978901386261
2018-08-07,extended,60,expanding,0.5077453255653381,0.4594108462333679
2018-08-08,extended,60,expanding,0.3890380561351776,0.3678763806819916
2018-08-09,extended,60,expanding,0.5795094966888428,0.41379934549331665
2018-08-10,extended,60,expanding,0.6487257480621338,0.4474235475063324
2018-08-13,extended,60,expanding,0.6422988772392273,0.658780574798584
2018-08-14,extended,60,expanding,0.4929564297199249,0.4993329644203186
2018-08-16,extended,60,expanding,0.7887324094772339,0.6595756411552429
2018-08-17,extended,60,expanding,0.3888016939163208,0.46052461862564087
2018-08-20,extended,60,expanding,0.5653865933418274,0.48275482654571533
2018-08-21,extended,60,expanding,0.502069890499115,0.5459396839141846
2018-08-22,extended,60,expanding,0.4246906042098999,0.4411342144012451
2018-08-23,extended,60,expanding,0.45294395089149475,0.4079882502555847
2018-08-24,extended,60,expanding,0.5531158447265625,0.5622321963310242
2018-08-27,extended,60,expanding,0.39814794063568115,0.4248509407043457
2018-08-28,extended,60,expanding,0.4639572203159332,0.4283446967601776
2018-08-29,extended,60,expanding,0.38262826204299927,0.37670832872390747
2018-08-30,extended,60,expanding,0.47765079140663147,0.4507831335067749
2018-08-31,extended,60,expanding,0.46178141236305237,0.546076238155365
2018-09-03,extended,60,expanding,0.42877599596977234,0.46518972516059875
2018-09-04,extended,60,expanding,0.3978670537471771,0.4334790110588074
2018-09-05,extended,60,expanding,0.4446709156036377,0.4955297112464905
2018-09-06,extended,60,expanding,0.5141736268997192,0.49703407287597656
2018-09-07,extended,60,expanding,0.7004090547561646,0.5289161205291748
2018-09-10,extended,60,expanding,0.378342866897583,0.43269723653793335
2018-09-11,extended,60,expanding,0.5378327369689941,0.5041612386703491
2018-09-12,extended,60,expanding,0.43027880787849426,0.43536263704299927
2018-09-13,extended,60,expanding,0.42830923199653625,0.37238311767578125
2018-09-14,extended,60,expanding,0.4561431109905243,0.30338749289512634
2018-09-17,extended,60,expanding,0.35485967993736267,0.49594810605049133
2018-09-18,extended,60,expanding,0.46164220571517944,0.5077707171440125
2018-09-19,extended,60,expanding,0.44473305344581604,0.4143966734409332
2018-09-20,extended,60,expanding,0.5008912086486816,0.44133445620536804
2018-09-21,extended,60,expanding,0.4410775899887085,0.3917926251888275
2018-09-27,extended,60,expanding,0.47088003158569336,0.44237837195396423
2018-09-28,extended,60,expanding,0.4841902554035187,0.5141499638557434
2018-10-01,extended,60,expanding,0.49436429142951965,0.5243598818778992
2018-10-02,extended,60,expanding,0.48979651927948,0.6429227590560913
2018-10-04,extended,60,expanding,0.7401666045188904,0.8126620650291443
2018-10-05,extended,60,expanding,0.8065760731697083,0.7065848708152771
2018-10-08,extended,60,expanding,0.5583558678627014,0.6088787913322449
2018-10-10,extended,60,expanding,0.8397116661071777,0.7280142903327942
2018-10-11,extended,60,expanding,1.0540719032287598,1.2184433937072754
2018-10-12,extended,60,expanding,0.9823881983757019,1.066635251045227
2018-10-15,extended,60,expanding,0.7597327828407288,0.7269596457481384
2018-10-16,extended,60,expanding,0.6612868905067444,0.7098403573036194
2018-10-17,extended,60,expanding,0.6689484119415283,0.5671685338020325
2018-10-18,extended,60,expanding,0.6124942898750305,0.5899289846420288
2018-10-19,extended,60,expanding,0.9039686322212219,0.8046714663505554
2018-10-22,extended,60,expanding,0.6546448469161987,0.6370525360107422
2018-10-23,extended,60,expanding,0.7986941337585449,0.9979140758514404
2018-10-24,extended,60,expanding,1.010182499885559,0.7708789110183716
2018-10-25,extended,60,expanding,1.2034953832626343,0.9310780763626099
2018-10-26,extended,60,expanding,1.4175035953521729,1.399818778038025
2018-10-29,extended,60,expanding,1.2363507747650146,1.4592392444610596
2018-10-30,extended,60,expanding,1.4563275575637817,1.0864121913909912
2018-10-31,extended,60,expanding,1.039060115814209,0.7957056760787964
2018-11-01,extended,60,expanding,0.9441497325897217,1.0882431268692017
2018-11-02,extended,60,expanding,0.79137122631073,0.9264514446258545
2018-11-05,extended,60,expanding,0.9511913061141968,0.735803484916687
2018-11-06,extended,60,expanding,0.9053001403808594,0.6423499584197998
2018-11-07,extended,60,expanding,1.0367223024368286,0.8490532636642456
2018-11-08,extended,60,expanding,0.5996521711349487,0.7748678922653198
2018-11-09,extended,60,expanding,0.7839537858963013,0.6360986232757568
2018-11-12,extended,60,expanding,0.6026728749275208,0.714705228805542
2018-11-13,extended,60,expanding,0.979345440864563,0.9555678367614746
2018-11-14,extended,60,expanding,0.7497695684432983,0.66011643409729
2018-11-15,extended,60,expanding,0.9546724557876587,0.7267675399780273
2018-11-16,extended,60,expanding,0.8288097977638245,0.6350014805793762
2018-11-19,extended,60,expanding,0.8961883187294006,0.7245208621025085
2018-11-20,extended,60,expanding,0.6719577312469482,0.6719666719436646
2018-11-21,extended,60,expanding,0.5855644345283508,0.7102752923965454
2018-11-22,extended,60,expanding,0.4870247542858124,0.6583393216133118
2018-11-23,extended,60,expanding,0.7685167789459229,0.7039410471916199
2018-11-27,extended,60,expanding,0.5834283232688904,0.4985540509223938
2018-11-28,extended,60,expanding,0.4522010385990143,0.5793668031692505
2018-11-29,extended,60,expanding,0.6047655344009399,0.5811396837234497
2018-11-30,extended,60,expanding,0.5886905193328857,0.6341648697853088
2018-12-03,extended,60,expanding,0.6815392374992371,0.5464369058609009
2018-12-04,extended,60,expanding,0.5445994138717651,0.6655996441841125
2018-12-05,extended,60,expanding,0.5684342384338379,0.6381758451461792
2018-12-06,extended,60,expanding,0.6095563173294067,0.7309770584106445
2018-12-07,extended,60,expanding,0.592438280582428,0.7410460710525513
2018-12-10,extended,60,expanding,0.6433858871459961,0.5989047884941101
2018-12-11,extended,60,expanding,0.6609957218170166,0.5706641674041748
2018-12-12,extended,60,expanding,0.695687472820282,0.5696538686752319
2018-12-13,extended,60,expanding,0.7240885496139526,0.546658456325531
2018-12-14,extended,60,expanding,0.7188342213630676,0.7584822773933411
2018-12-17,extended,60,expanding,0.5307298302650452,0.563744843006134
2018-12-18,extended,60,expanding,0.6521278023719788,0.738534152507782
2018-12-19,extended,60,expanding,0.4729592204093933,0.5144970417022705
2018-12-20,extended,60,expanding,0.8710768222808838,0.7311186194419861
2018-12-21,extended,60,expanding,0.6061809062957764,0.5648125410079956
2018-12-24,extended,60,expanding,0.7851643562316895,0.5974003672599792
2018-12-26,extended,60,expanding,0.879256010055542,0.7872392535209656
2018-12-27,extended,60,expanding,0.7809973359107971,0.6726304888725281
2018-12-28,extended,60,expanding,0.6028027534484863,0.5643507838249207
2019-01-02,extended,60,expanding,0.9284961819648743,0.9673817753791809
2019-01-03,extended,60,expanding,0.7693739533424377,0.8207187056541443
2019-01-04,extended,60,expanding,0.9603191018104553,0.8066672682762146
2019-01-07,extended,60,expanding,0.5964310169219971,0.5701594352722168
2019-01-08,extended,60,expanding,0.5111342072486877,0.6004956364631653
2019-01-09,extended,60,expanding,0.6108694672584534,0.5927068591117859
2019-01-10,extended,60,expanding,0.5482217073440552,0.5208625197410583
2019-01-11,extended,60,expanding,0.58989018201828,0.5147668123245239
2019-01-14,extended,60,expanding,0.42138826847076416,0.6270107626914978
2019-01-15,extended,60,expanding,0.6759468913078308,0.6102633476257324
2019-01-16,extended,60,expanding,0.5671128630638123,0.4799867868423462
2019-01-17,extended,60,expanding,0.6681084632873535,0.5528750419616699
2019-01-18,extended,60,expanding,0.4454326629638672,0.5030955672264099
2019-01-21,extended,60,expanding,0.6263444423675537,0.5513451099395752
2019-01-22,extended,60,expanding,0.6035391688346863,0.6432470083236694
2019-01-23,extended,60,expanding,0.5192846655845642,0.5481449365615845
2019-01-24,extended,60,expanding,0.6640924215316772,0.5431750416755676
2019-01-25,extended,60,expanding,0.5400760769844055,0.7358553409576416
2019-01-28,extended,60,expanding,0.6457585692405701,0.5912493467330933
2019-01-29,extended,60,expanding,0.5906730890274048,0.6087378859519958
2019-01-30,extended,60,expanding,0.6510725617408752,0.5861346125602722
2019-01-31,extended,60,expanding,0.7285996079444885,0.6660959720611572
2019-02-01,extended,60,expanding,0.5539258122444153,0.6034401655197144
2019-02-07,extended,60,expanding,0.6790316104888916,0.5905911326408386
2019-02-08,extended,60,expanding,0.5708925127983093,0.6519219875335693
2019-02-11,extended,60,expanding,0.46146920323371887,0.5993456244468689
2019-02-12,extended,60,expanding,0.5727526545524597,0.5918728113174438
2019-02-13,extended,60,expanding,0.4470139741897583,0.46742337942123413
2019-02-14,extended,60,expanding,0.48624977469444275,0.7281302213668823
2019-02-15,extended,60,expanding,0.6729011535644531,0.6107641458511353
2019-02-18,extended,60,expanding,0.4836799204349518,0.498638778924942
2019-02-19,extended,60,expanding,0.6155198812484741,0.6039723753929138
2019-02-20,extended,60,expanding,0.5254465341567993,0.489337295293808
2019-02-21,extended,60,expanding,0.5323978066444397,0.5248469114303589
2019-02-22,extended,60,expanding,0.5406672954559326,0.5098016858100891
2019-02-25,extended,60,expanding,0.4733019173145294,0.5212649703025818
2019-02-26,extended,60,expanding,0.49368810653686523,0.4800220727920532
2019-02-27,extended,60,expanding,0.5037446022033691,0.38720402121543884
2019-02-28,extended,60,expanding,0.9239734411239624,0.7092117071151733
2019-03-04,extended,60,expanding,0.6461186408996582,0.6920453906059265
2019-03-05,extended,60,expanding,0.5952965617179871,0.5211714506149292
2019-03-06,extended,60,expanding,0.5138042569160461,0.49523481726646423
2019-03-07,extended,60,expanding,0.5759723782539368,0.6534737348556519
2019-03-08,extended,60,expanding,0.5366950035095215,0.6199051141738892
2019-03-11,extended,60,expanding,0.5165074467658997,0.5771600604057312
2019-03-12,extended,60,expanding,0.5089074969291687,0.4000950753688812
2019-03-13,extended,60,expanding,0.5591858625411987,0.5282531976699829
2019-03-14,extended,60,expanding,0.6950944662094116,0.5104793906211853
2019-03-15,extended,60,expanding,0.6786419153213501,0.6021257042884827
2019-03-18,extended,60,expanding,0.44907960295677185,0.48458611965179443
2019-03-19,extended,60,expanding,0.4485452175140381,0.44442135095596313
2019-03-20,extended,60,expanding,0.6753636598587036,0.5368751883506775
2019-03-21,extended,60,expanding,0.6621766686439514,0.5985263586044312
2019-03-22,extended,60,expanding,0.5033251047134399,0.5222710371017456
2019-03-25,extended,60,expanding,0.43661531805992126,0.5141779184341431
2019-03-26,extended,60,expanding,0.49395978450775146,0.45288872718811035
2019-03-27,extended,60,expanding,0.6899356842041016,0.55137699842453
2019-03-28,extended,60,expanding,0.6706693768501282,0.550727903842926
2019-03-29,extended,60,expanding,0.5518298149108887,0.5720760822296143
2019-04-01,extended,60,expanding,0.45664387941360474,0.5200374126434326
2019-04-02,extended,60,expanding,0.3614421486854553,0.4447193443775177
2019-04-03,extended,60,expanding,0.5156674385070801,0.5885339975357056
2019-04-04,extended,60,expanding,0.5919870734214783,0.5498329997062683
2019-04-05,extended,60,expanding,0.5192545652389526,0.5236214399337769
2019-04-08,extended,60,expanding,0.5123612880706787,0.536216139793396
2019-04-09,extended,60,expanding,0.4496856927871704,0.5572726726531982
2019-04-10,extended,60,expanding,0.4801422655582428,0.5561928153038025
2019-04-11,extended,60,expanding,0.5340375900268555,0.5079832077026367
2019-04-12,extended,60,expanding,0.4402812719345093,0.5767360329627991
2019-04-15,extended,60,expanding,0.4074706733226776,0.44371670484542847
2019-04-16,extended,60,expanding,0.321991890668869,0.44293880462646484
2019-04-17,extended,60,expanding,0.4384206533432007,0.42666077613830566
2019-04-18,extended,60,expanding,0.5309156179428101,0.7445334792137146
2019-04-19,extended,60,expanding,0.4144327938556671,0.48118916153907776
2019-04-22,extended,60,expanding,0.5566577911376953,0.5834815502166748
2019-04-23,extended,60,expanding,0.4070170819759369,0.46900007128715515
2019-04-24,extended,60,expanding,0.6195574402809143,0.762646496295929
2019-04-25,extended,60,expanding,0.5548557639122009,0.5500109195709229
2019-04-26,extended,60,expanding,0.7215267419815063,0.6232949495315552
2019-04-29,extended,60,expanding,0.5249147415161133,0.6527208089828491
2019-04-30,extended,60,expanding,0.6858347654342651,0.7012901306152344
2019-05-02,extended,60,expanding,0.5986621379852295,0.6184664964675903
2019-05-03,extended,60,expanding,0.4779373109340668,0.5524802207946777
2019-05-07,extended,60,expanding,0.5830387473106384,0.5395153164863586
2019-05-08,extended,60,expanding,0.6274087429046631,0.6360120177268982
2019-05-09,extended,60,expanding,0.7362841963768005,1.3139982223510742
2019-05-10,extended,60,expanding,1.313459038734436,0.9440489411354065
2019-05-13,extended,60,expanding,0.6890861988067627,0.9005671143531799
2019-05-14,extended,60,expanding,0.8569478392601013,0.902116596698761
2019-05-15,extended,60,expanding,0.6930093765258789,0.7716223001480103
2019-05-16,extended,60,expanding,0.7359275817871094,0.8841673731803894
2019-05-17,extended,60,expanding,0.6551961302757263,0.8198416829109192
2019-05-20,extended,60,expanding,0.7725394368171692,0.7277129292488098
2019-05-21,extended,60,expanding,0.6395137906074524,0.6714845299720764
2019-05-22,extended,60,expanding,0.7309623956680298,0.673823893070221
2019-05-23,extended,60,expanding,0.7258368730545044,0.6865392923355103
2019-05-24,extended,60,expanding,0.7309144139289856,0.7264765501022339
2019-05-27,extended,60,expanding,0.6795933842658997,0.6617408394813538
2019-05-28,extended,60,expanding,0.7112939953804016,0.6574089527130127
2019-05-29,extended,60,expanding,0.7383555173873901,0.781599223613739
2019-05-30,extended,60,expanding,0.7144889831542969,0.680977463722229
2019-05-31,extended,60,expanding,0.841723620891571,0.6717652678489685
2019-06-03,extended,60,expanding,0.6695592403411865,0.8390524983406067
2019-06-04,extended,60,expanding,0.624247133731842,0.5715605020523071
2019-06-05,extended,60,expanding,0.5153022408485413,0.6262800097465515
2019-06-07,extended,60,expanding,0.6764708161354065,0.654865026473999
2019-06-10,extended,60,expanding,0.4818452298641205,0.6155917644500732
2019-06-11,extended,60,expanding,0.47041159868240356,0.5694758296012878
2019-06-12,extended,60,expanding,0.5863049030303955,0.5857465863227844
2019-06-13,extended,60,expanding,0.7455524802207947,0.6865482926368713
2019-06-14,extended,60,expanding,0.865125298500061,0.5944969654083252
2019-06-17,extended,60,expanding,0.42477619647979736,0.6161131858825684
2019-06-18,extended,60,expanding,0.5229542851448059,0.5414475798606873
2019-06-19,extended,60,expanding,0.43571388721466064,0.41196179389953613
2019-06-20,extended,60,expanding,0.431767076253891,0.49976861476898193
2019-06-21,extended,60,expanding,0.37728238105773926,0.5026314854621887
2019-06-24,extended,60,expanding,0.4593243896961212,0.4823761582374573
2019-06-25,extended,60,expanding,0.5151219367980957,0.5749882459640503
2019-06-26,extended,60,expanding,0.4039747714996338,0.5226713418960571
2019-06-27,extended,60,expanding,0.6148307919502258,0.6051051616668701
2019-06-28,extended,60,expanding,0.5435868501663208,0.4977339506149292
2019-07-01,extended,60,expanding,0.5925321578979492,0.6261728405952454
2019-07-02,extended,60,expanding,0.5319616794586182,0.6972047686576843
2019-07-03,extended,60,expanding,0.6809259057044983,0.9274507164955139
2019-07-04,extended,60,expanding,0.5308392643928528,0.7383397817611694
2019-07-05,extended,60,expanding,0.5959734320640564,0.6809425950050354
2019-07-08,extended,60,expanding,0.7311242818832397,0.8533251881599426
2019-07-09,extended,60,expanding,0.6331754326820374,0.7730178833007812
2019-07-10,extended,60,expanding,0.5322354435920715,0.701715886592865
2019-07-11,extended,60,expanding,0.6092575788497925,0.6767956018447876
2019-07-12,extended,60,expanding,0.49427682161331177,0.5457252860069275
2019-07-15,extended,60,expanding,0.5757436752319336,0.5342734456062317
2019-07-16,extended,60,expanding,0.684499979019165,0.6131821274757385
2019-07-17,extended,60,expanding,0.5347871780395508,0.5899309515953064
2019-07-18,extended,60,expanding,0.6085167527198792,0.5944200754165649
2019-07-19,extended,60,expanding,0.5437366962432861,0.6114686727523804
2019-07-22,extended,60,expanding,0.511214017868042,0.5298530459403992
2019-07-23,extended,60,expanding,0.4999435842037201,0.5123583674430847
2019-07-24,extended,60,expanding,0.5793746709823608,0.6365170478820801
2019-07-25,extended,60,expanding,0.7161237001419067,0.7190760970115662
2019-07-26,extended,60,expanding,0.5782991647720337,0.6159901022911072
2019-07-29,extended,60,expanding,0.8799095749855042,0.9247725009918213
2019-07-30,extended,60,expanding,0.4764111638069153,0.6619572043418884
2019-07-31,extended,60,expanding,0.9222174286842346,0.785420835018158
2019-08-01,extended,60,expanding,0.6884154677391052,0.7869691252708435
2019-08-02,extended,60,expanding,0.8489646315574646,0.7746718525886536
2019-08-05,extended,60,expanding,1.0211527347564697,1.1073613166809082
2019-08-06,extended,60,expanding,1.4848040342330933,1.3688085079193115
2019-08-07,extended,60,expanding,1.0996208190917969,1.2171669006347656
2019-08-08,extended,60,expanding,0.9281580448150635,0.9296770691871643
2019-08-09,extended,60,expanding,0.5159913897514343,0.7330524325370789
2019-08-12,extended,60,expanding,0.5666806697845459,0.6014334559440613
2019-08-13,extended,60,expanding,0.6010146737098694,0.5907146334648132
2019-08-14,extended,60,expanding,0.5366671681404114,0.5965263247489929
2019-08-16,extended,60,expanding,0.506742000579834,0.609224259853363
2019-08-19,extended,60,expanding,0.43808621168136597,0.554276704788208
2019-08-20,extended,60,expanding,0.5513105988502502,0.5777226090431213
2019-08-21,extended,60,expanding,0.49984392523765564,0.45912569761276245
2019-08-22,extended,60,expanding,0.6450490951538086,0.5427242517471313
2019-08-23,extended,60,expanding,0.5643259286880493,0.5102397799491882
2019-08-26,extended,60,expanding,0.5931362509727478,0.5148929357528687
2019-08-27,extended,60,expanding,0.5408018827438354,0.6707035899162292
2019-08-28,extended,60,expanding,0.506738007068634,0.5436946749687195
2019-08-29,extended,60,expanding,0.7708847522735596,0.6148324608802795
2019-08-30,extended,60,expanding,0.48729997873306274,0.5396105051040649
2019-09-02,extended,60,expanding,0.4206036329269409,0.527580738067627
2019-09-03,extended,60,expanding,0.4607470631599426,0.5981476306915283
2019-09-04,extended,60,expanding,0.640845537185669,0.5978180170059204
2019-09-05,extended,60,expanding,0.5175228118896484,0.6027532815933228
2019-09-06,extended,60,expanding,0.44188112020492554,0.43573424220085144
2019-09-10,extended,60,expanding,0.46454718708992004,0.39125770330429077
2019-09-11,extended,60,expanding,0.589183509349823,0.402636855840683
2019-09-16,extended,60,expanding,0.557336151599884,0.6392162442207336
2019-09-17,extended,60,expanding,0.38927358388900757,0.5489249229431152
2019-09-18,extended,60,expanding,0.5622158050537109,0.5599184036254883
2019-09-19,extended,60,expanding,0.6158508658409119,0.4961055517196655
2019-09-20,extended,60,expanding,0.45134010910987854,0.547504186630249
2019-09-23,extended,60,expanding,0.40426698327064514,0.4345140755176544
2019-09-24,extended,60,expanding,0.5260156989097595,0.5219222903251648
2019-09-25,extended,60,expanding,0.696188747882843,0.48320630192756653
2019-09-26,extended,60,expanding,0.5150355696678162,0.5926836133003235
2019-09-27,extended,60,expanding,0.4885396361351013,0.537828266620636
2019-09-30,extended,60,expanding,0.5457361936569214,0.5505444407463074
2019-10-01,extended,60,expanding,0.5716477036476135,0.562347412109375
2019-10-02,extended,60,expanding,0.49776527285575867,0.6261495351791382
2019-10-04,extended,60,expanding,0.8837995529174805,0.5355578064918518
2019-10-07,extended,60,expanding,0.6089436411857605,0.5926529765129089
2019-10-08,extended,60,expanding,0.5952094197273254,0.5829460620880127
2019-10-10,extended,60,expanding,1.0106066465377808,0.7339429259300232
2019-10-11,extended,60,expanding,0.4605243504047394,0.5778090953826904
2019-10-14,extended,60,expanding,0.5854535698890686,0.3800596594810486
2019-10-15,extended,60,expanding,0.6064587831497192,0.45873600244522095
2019-10-16,extended,60,expanding,0.597989559173584,0.45757848024368286
2019-10-17,extended,60,expanding,0.5591029524803162,0.5154322981834412
2019-10-18,extended,60,expanding,0.7058666944503784,0.6703692674636841
2019-10-21,extended,60,expanding,0.5290701985359192,0.4396160840988159
2019-10-22,extended,60,expanding,0.6156244277954102,0.48402029275894165
2019-10-23,extended,60,expanding,0.509513795375824,0.5204647779464722
2019-10-24,extended,60,expanding,0.6548182368278503,0.5847206115722656
2019-10-25,extended,60,expanding,0.5107179880142212,0.509303867816925
2019-10-28,extended,60,expanding,0.5885730981826782,0.5051249265670776
2019-10-29,extended,60,expanding,0.49375781416893005,0.5354915261268616
2019-10-30,extended,60,expanding,0.6974592208862305,0.5657623410224915
2019-10-31,extended,60,expanding,0.4534759819507599,0.6147328615188599
2019-11-01,extended,60,expanding,0.6286191940307617,0.5381730794906616
2019-11-04,extended,60,expanding,0.5168917775154114,0.5000566244125366
2019-11-05,extended,60,expanding,0.4885944128036499,0.4792647361755371
2019-11-06,extended,60,expanding,0.682083249092102,0.5048262476921082
2019-11-07,extended,60,expanding,0.6206656098365784,0.45428192615509033
2019-11-08,extended,60,expanding,0.7145220637321472,0.6044171452522278
2019-11-11,extended,60,expanding,0.5903803110122681,0.5576366186141968
2019-11-12,extended,60,expanding,0.6194489002227783,0.509050190448761
2019-11-13,extended,60,expanding,0.5121188759803772,0.42706072330474854
2019-11-14,extended,60,expanding,0.8766803741455078,0.5272267460823059
2019-11-15,extended,60,expanding,0.7431917190551758,0.657719075679779
2019-11-18,extended,60,expanding,0.45491695404052734,0.4972965717315674
2019-11-19,extended,60,expanding,0.7765365242958069,0.5534802675247192
2019-11-20,extended,60,expanding,0.630942165851593,0.5643585920333862
2019-11-21,extended,60,expanding,0.8004124760627747,0.8680052161216736
2019-11-22,extended,60,expanding,0.6115705966949463,0.556239902973175
2019-11-25,extended,60,expanding,0.678887665271759,0.4668412208557129
2019-11-26,extended,60,expanding,0.6483119130134583,0.5609442591667175
2019-11-27,extended,60,expanding,0.7303999066352844,0.5138687491416931
2019-11-28,extended,60,expanding,0.5263721942901611,0.49841737747192383
2019-11-29,extended,60,expanding,0.7231086492538452,0.9281936883926392
2019-12-02,extended,60,expanding,0.46694156527519226,0.5814419388771057
2019-12-03,extended,60,expanding,0.5842627286911011,0.5830689668655396
2019-12-04,extended,60,expanding,0.613386869430542,0.5644795298576355
2019-12-05,extended,60,expanding,0.5639214515686035,0.8635891079902649
2019-12-06,extended,60,expanding,0.5755423903465271,0.48234355449676514
2019-12-09,extended,60,expanding,0.6014270186424255,0.47035571932792664
2019-12-10,extended,60,expanding,0.553221583366394,0.5629230737686157
2019-12-11,extended,60,expanding,0.5910823941230774,0.5125011205673218
2019-12-12,extended,60,expanding,0.5365520715713501,0.5571696758270264
2019-12-13,extended,60,expanding,0.5048814415931702,0.45859307050704956
2019-12-16,extended,60,expanding,0.4599721431732178,0.4713728725910187
2019-12-17,extended,60,expanding,0.6691942811012268,0.5193809866905212
2019-12-18,extended,60,expanding,0.7434670329093933,0.5024769306182861
2019-12-19,extended,60,expanding,0.49151647090911865,0.6007524728775024
2019-12-20,extended,60,expanding,0.5862804651260376,0.5000827312469482
2019-12-23,extended,60,expanding,0.4740941822528839,0.4992000460624695
2019-12-24,extended,60,expanding,0.517912745475769,0.5250560641288757
2019-12-26,extended,60,expanding,0.49919620156288147,0.5652592182159424
2019-12-27,extended,60,expanding,0.7513454556465149,0.7497395277023315
2019-12-30,extended,60,expanding,0.5212078094482422,0.5367617607116699
